section,call,celltype,module,null,bin_lo,bin_hi,mean,lo,hi
SPLN07,tierAmg_p95,B cells,downstream_arrest,N1,0.0,5.0,0.004555566621691084,0.00425362822500779,0.004835098925204533
SPLN07,tierAmg_p95,B cells,downstream_arrest,N1,5.0,10.0,0.004764515559112026,0.004612672683109802,0.004905938455751914
SPLN07,tierAmg_p95,B cells,downstream_arrest,N1,10.0,15.0,0.004715630116116517,0.004575299985767522,0.004857279270622513
SPLN07,tierAmg_p95,B cells,downstream_arrest,N1,15.0,20.0,0.004685923058882921,0.004537064540627594,0.0048511321298918735
SPLN07,tierAmg_p95,B cells,downstream_arrest,N1,20.0,25.0,0.004508093488232459,0.004306743335904933,0.004701928684850438
SPLN07,tierAmg_p95,B cells,downstream_arrest,N1,25.0,30.0,0.004346827005977603,0.004065103312288628,0.00458975108407913
SPLN07,tierAmg_p95,B cells,downstream_arrest,N1,30.0,35.0,0.004124686239250706,0.0037753285698905814,0.004496557823084431
SPLN07,tierAmg_p95,B cells,downstream_arrest,N1,35.0,40.0,0.0038557574438595724,0.0032924093342807134,0.004403520933738925
SPLN07,tierAmg_p95,B cells,downstream_arrest,N1,40.0,45.0,0.003582255576675638,0.002785863694715387,0.004402952826218307
SPLN07,tierAmg_p95,B cells,downstream_arrest,N1,45.0,50.0,0.003302270545576106,0.0019706510112804648,0.004591567336756933
SPLN07,tierAmg_p95,B cells,downstream_arrest,N1,50.0,55.0,0.0030369657619401013,0.0010082749536273435,0.005127425627437498
SPLN07,tierAmg_p95,B cells,downstream_arrest,N1,55.0,60.0,0.00287766648746708,-0.00012642299722085798,0.005857972236076925
SPLN07,tierAmg_p95,B cells,downstream_arrest,N1,60.0,65.0,0.002898967069326472,-0.0018301389506248395,0.008146749852621173
SPLN07,tierAmg_p95,B cells,downstream_arrest,N1,65.0,70.0,0.002803050769023861,-0.004689999926631571,0.01042466682071487
SPLN07,tierAmg_p95,B cells,downstream_arrest,N1,70.0,75.0,0.0026457845642253986,-0.006461749982554465,0.01239208325860091
SPLN07,tierAmg_p95,B cells,downstream_arrest,N1,75.0,80.0,0.002599167181646752,-0.006484375067520887,0.012937250104732807
SPLN07,tierAmg_p95,B cells,downstream_arrest,N1,80.0,85.0,0.00255275064441805,-0.006805624993285164,0.013357500429265198
SPLN07,tierAmg_p95,B cells,downstream_arrest,N1,85.0,90.0,0.002732568020101531,-0.006356999929994344,0.011538000125437977
SPLN07,tierAmg_p95,B cells,downstream_arrest,N1,90.0,95.0,0.00293203313837708,-0.005377500056056306,0.014149999944493175
SPLN07,tierAmg_p95,B cells,downstream_arrest,N1,95.0,100.0,0.003941951098194368,-0.004939999897032976,0.008799999952316284
SPLN07,tierAmg_p95,B cells,emt_ecm,N1,0.0,5.0,-0.0038452228852336873,-0.004178775771311948,-0.0035021063191642606
SPLN07,tierAmg_p95,B cells,emt_ecm,N1,5.0,10.0,-0.004080779669345054,-0.004251706981199521,-0.0039018720012926325
SPLN07,tierAmg_p95,B cells,emt_ecm,N1,10.0,15.0,-0.004037751115499703,-0.004199513591130692,-0.003876679333460725
SPLN07,tierAmg_p95,B cells,emt_ecm,N1,15.0,20.0,-0.003930263346652564,-0.004099170809363775,-0.003760756101308685
SPLN07,tierAmg_p95,B cells,emt_ecm,N1,20.0,25.0,-0.003767432323430349,-0.003981438652801266,-0.003535009436494595
SPLN07,tierAmg_p95,B cells,emt_ecm,N1,25.0,30.0,-0.0035700462579938614,-0.003874997811163039,-0.0032625410432344073
SPLN07,tierAmg_p95,B cells,emt_ecm,N1,30.0,35.0,-0.0033311088816483114,-0.0037612764094270474,-0.0028819963595585803
SPLN07,tierAmg_p95,B cells,emt_ecm,N1,35.0,40.0,-0.003092896889839666,-0.0037764852861097145,-0.002372226537375324
SPLN07,tierAmg_p95,B cells,emt_ecm,N1,40.0,45.0,-0.0028627837531977267,-0.003908299285375596,-0.0017634152084429805
SPLN07,tierAmg_p95,B cells,emt_ecm,N1,45.0,50.0,-0.002642843851391926,-0.004067113827443727,-0.0010247528186174408
SPLN07,tierAmg_p95,B cells,emt_ecm,N1,50.0,55.0,-0.0025268978222078324,-0.004963015948761082,0.00017346379293066587
SPLN07,tierAmg_p95,B cells,emt_ecm,N1,55.0,60.0,-0.002314333674043551,-0.005941658485105625,0.0020759091128473464
SPLN07,tierAmg_p95,B cells,emt_ecm,N1,60.0,65.0,-0.0023061332993920373,-0.0074858318071346725,0.005326625015368334
SPLN07,tierAmg_p95,B cells,emt_ecm,N1,65.0,70.0,-0.002314946661818112,-0.009758799932897091,0.00917399998055771
SPLN07,tierAmg_p95,B cells,emt_ecm,N1,70.0,75.0,-0.0017604952282769802,-0.01081099978958567,0.016450000926852226
SPLN07,tierAmg_p95,B cells,emt_ecm,N1,75.0,80.0,-0.0010312688532706225,-0.01095999963581562,0.024137874640291546
SPLN07,tierAmg_p95,B cells,emt_ecm,N1,80.0,85.0,-0.002241650224859733,-0.011565375269856303,0.020617999741807554
SPLN07,tierAmg_p95,B cells,emt_ecm,N1,85.0,90.0,0.0002235476016548568,-0.01066999975591898,0.025839999318122864
SPLN07,tierAmg_p95,B cells,emt_ecm,N1,90.0,95.0,0.0005252965664709514,-0.011557500110939145,0.025839999318122864
SPLN07,tierAmg_p95,B cells,emt_ecm,N1,95.0,100.0,0.006285269945405078,-0.01066999975591898,0.025839999318122864
SPLN07,tierAmg_p95,B cells,il6_jak_stat3,N1,0.0,5.0,0.0035769655707345235,0.003080895137467594,0.004038975161663408
SPLN07,tierAmg_p95,B cells,il6_jak_stat3,N1,5.0,10.0,0.0035472410031498623,0.003339447990826383,0.0037689045975192797
SPLN07,tierAmg_p95,B cells,il6_jak_stat3,N1,10.0,15.0,0.0035377402166646326,0.003322903264370687,0.0037451443952464247
SPLN07,tierAmg_p95,B cells,il6_jak_stat3,N1,15.0,20.0,0.0036155069881840638,0.0034022348159084247,0.0038420770445833584
SPLN07,tierAmg_p95,B cells,il6_jak_stat3,N1,20.0,25.0,0.003636387645168348,0.0033573655970877696,0.003917394818289148
SPLN07,tierAmg_p95,B cells,il6_jak_stat3,N1,25.0,30.0,0.0036819597374259405,0.003297987208984739,0.0040755608167504
SPLN07,tierAmg_p95,B cells,il6_jak_stat3,N1,30.0,35.0,0.0037455756407104063,0.0032226199625478053,0.004319336091149174
SPLN07,tierAmg_p95,B cells,il6_jak_stat3,N1,35.0,40.0,0.003781286218027046,0.0029332851997236438,0.004605952008534622
SPLN07,tierAmg_p95,B cells,il6_jak_stat3,N1,40.0,45.0,0.0038598169994262656,0.002647963645590854,0.00520987123508824
SPLN07,tierAmg_p95,B cells,il6_jak_stat3,N1,45.0,50.0,0.0038576721510739805,0.0019382290592266488,0.005882912588402082
SPLN07,tierAmg_p95,B cells,il6_jak_stat3,N1,50.0,55.0,0.0038440863639857183,0.0007527707242128411,0.007293135636131918
SPLN07,tierAmg_p95,B cells,il6_jak_stat3,N1,55.0,60.0,0.003855651518695187,-0.0011526871349945265,0.009258169565581348
SPLN07,tierAmg_p95,B cells,il6_jak_stat3,N1,60.0,65.0,0.003944573393165954,-0.0031765582358154157,0.01245735413734413
SPLN07,tierAmg_p95,B cells,il6_jak_stat3,N1,65.0,70.0,0.004053496489515538,-0.008709999918937682,0.019839999731630083
SPLN07,tierAmg_p95,B cells,il6_jak_stat3,N1,70.0,75.0,0.004598320040849627,-0.01037100008688867,0.026599500048905628
SPLN07,tierAmg_p95,B cells,il6_jak_stat3,N1,75.0,80.0,0.006156702168812652,-0.010330499918200075,0.03325999900698662
SPLN07,tierAmg_p95,B cells,il6_jak_stat3,N1,80.0,85.0,0.008000507065822669,-0.01067149976734072,0.03325999900698662
SPLN07,tierAmg_p95,B cells,il6_jak_stat3,N1,85.0,90.0,0.007870445482338404,-0.010145000368356704,0.03325999900698662
SPLN07,tierAmg_p95,B cells,il6_jak_stat3,N1,90.0,95.0,0.011752696163354222,-0.009309999644756317,0.03325999900698662
SPLN07,tierAmg_p95,B cells,il6_jak_stat3,N1,95.0,100.0,0.011661117807921857,-0.009309999644756317,0.03325999900698662
SPLN07,tierAmg_p95,B cells,interferon_response,N1,0.0,5.0,0.007565233056296491,0.0071448606000773605,0.007952429486661777
SPLN07,tierAmg_p95,B cells,interferon_response,N1,5.0,10.0,0.007679427355101211,0.007502730329050269,0.007860603980298265
SPLN07,tierAmg_p95,B cells,interferon_response,N1,10.0,15.0,0.00763852255690551,0.007450225598130548,0.007825845503703317
SPLN07,tierAmg_p95,B cells,interferon_response,N1,15.0,20.0,0.007635638754454147,0.007439500978527488,0.007831251757751316
SPLN07,tierAmg_p95,B cells,interferon_response,N1,20.0,25.0,0.0076411383825616295,0.007421369979344,0.0078885787111817
SPLN07,tierAmg_p95,B cells,interferon_response,N1,25.0,30.0,0.007604007710807446,0.007305275565926923,0.007934705359128397
SPLN07,tierAmg_p95,B cells,interferon_response,N1,30.0,35.0,0.007649553253627116,0.007185080144082294,0.008102558187129013
SPLN07,tierAmg_p95,B cells,interferon_response,N1,35.0,40.0,0.007594411152324708,0.006918044229340759,0.008306519886220234
SPLN07,tierAmg_p95,B cells,interferon_response,N1,40.0,45.0,0.007532542646941525,0.006546446414247071,0.008572895654905358
SPLN07,tierAmg_p95,B cells,interferon_response,N1,45.0,50.0,0.007575856438902186,0.0059825095274001275,0.009253801204190145
SPLN07,tierAmg_p95,B cells,interferon_response,N1,50.0,55.0,0.007438049525361796,0.004798775621768996,0.010011812892460448
SPLN07,tierAmg_p95,B cells,interferon_response,N1,55.0,60.0,0.007462600568734214,0.0035096421443407003,0.011655827366381084
SPLN07,tierAmg_p95,B cells,interferon_response,N1,60.0,65.0,0.007461233592364626,0.0010363183101369281,0.01483916869612585
SPLN07,tierAmg_p95,B cells,interferon_response,N1,65.0,70.0,0.00750661269267162,-0.002440400058403611,0.02093599997460842
SPLN07,tierAmg_p95,B cells,interferon_response,N1,70.0,75.0,0.008279520902690043,-0.005125000048428773,0.026968750543892386
SPLN07,tierAmg_p95,B cells,interferon_response,N1,75.0,80.0,0.008701748930683956,-0.007449999917298555,0.03663000091910362
SPLN07,tierAmg_p95,B cells,interferon_response,N1,80.0,85.0,0.010706714241520213,-0.006511624925769865,0.03663000091910362
SPLN07,tierAmg_p95,B cells,interferon_response,N1,85.0,90.0,0.009367843639894728,-0.008206000225618482,0.03663000091910362
SPLN07,tierAmg_p95,B cells,interferon_response,N1,90.0,95.0,0.012189380585056092,-0.00948250008514151,0.03663000091910362
SPLN07,tierAmg_p95,B cells,interferon_response,N1,95.0,100.0,0.010871432427038911,-0.005009749991586431,0.03663000091910362
SPLN07,tierAmg_p95,B cells,oxidative_stress,N1,0.0,5.0,0.010081801002715135,0.009320688297576247,0.010849826200267646
SPLN07,tierAmg_p95,B cells,oxidative_stress,N1,5.0,10.0,0.010293493130916763,0.009915931399275277,0.01067293653037182
SPLN07,tierAmg_p95,B cells,oxidative_stress,N1,10.0,15.0,0.010246247700797734,0.0098701925389993,0.010606718953144533
SPLN07,tierAmg_p95,B cells,oxidative_stress,N1,15.0,20.0,0.010190358805287236,0.009809543764084504,0.01057276591757692
SPLN07,tierAmg_p95,B cells,oxidative_stress,N1,20.0,25.0,0.010188259825709832,0.009718770349256061,0.010676983583430768
SPLN07,tierAmg_p95,B cells,oxidative_stress,N1,25.0,30.0,0.010126550544679262,0.009491085473274631,0.010723229271416987
SPLN07,tierAmg_p95,B cells,oxidative_stress,N1,30.0,35.0,0.010038693499648638,0.009127971778752918,0.010956637511918242
SPLN07,tierAmg_p95,B cells,oxidative_stress,N1,35.0,40.0,0.009948392279176892,0.008600104671276988,0.011204047717926813
SPLN07,tierAmg_p95,B cells,oxidative_stress,N1,40.0,45.0,0.0097440711270091,0.007564085110358402,0.011917204003590982
SPLN07,tierAmg_p95,B cells,oxidative_stress,N1,45.0,50.0,0.009504876322284864,0.006219138115051728,0.01282533993115797
SPLN07,tierAmg_p95,B cells,oxidative_stress,N1,50.0,55.0,0.009293298528329939,0.003918052382768586,0.014907049369580944
SPLN07,tierAmg_p95,B cells,oxidative_stress,N1,55.0,60.0,0.008729647437995045,0.0013324526445166222,0.017243489511692585
SPLN07,tierAmg_p95,B cells,oxidative_stress,N1,60.0,65.0,0.007995612961359248,-0.003932729153408824,0.0218945000722835
SPLN07,tierAmg_p95,B cells,oxidative_stress,N1,65.0,70.0,0.0072796785537231415,-0.01132699977606535,0.031453999876976016
SPLN07,tierAmg_p95,B cells,oxidative_stress,N1,70.0,75.0,0.005380534098852007,-0.012845750246196986,0.03754475011955949
SPLN07,tierAmg_p95,B cells,oxidative_stress,N1,75.0,80.0,0.004912868475587031,-0.012719999998807907,0.034060001373291016
SPLN07,tierAmg_p95,B cells,oxidative_stress,N1,80.0,85.0,0.004807291647473614,-0.013509999960660934,0.04450874840840697
SPLN07,tierAmg_p95,B cells,oxidative_stress,N1,85.0,90.0,0.00417605454230255,-0.013249999843537807,0.052578999474644714
SPLN07,tierAmg_p95,B cells,oxidative_stress,N1,90.0,95.0,0.004141413706077879,-0.013249999843537807,0.04773750086314976
SPLN07,tierAmg_p95,B cells,oxidative_stress,N1,95.0,100.0,-0.000827380629298518,-0.012719999998807907,0.022949250042438415
SPLN07,tierAmg_p95,B cells,secondary_senescence,N1,0.0,5.0,-0.004209465071959634,-0.004457728779583239,-0.003947633732204819
SPLN07,tierAmg_p95,B cells,secondary_senescence,N1,5.0,10.0,-0.004373439195378678,-0.004500528736710255,-0.004255334934794303
SPLN07,tierAmg_p95,B cells,secondary_senescence,N1,10.0,15.0,-0.004331056253613169,-0.004448373728125505,-0.004213649718012355
SPLN07,tierAmg_p95,B cells,secondary_senescence,N1,15.0,20.0,-0.004282497186085491,-0.004400359483016112,-0.004157738162766517
SPLN07,tierAmg_p95,B cells,secondary_senescence,N1,20.0,25.0,-0.00418082819687749,-0.004341198969792224,-0.004017845417520268
SPLN07,tierAmg_p95,B cells,secondary_senescence,N1,25.0,30.0,-0.004077688092392555,-0.004298449713171671,-0.0038550240046896513
SPLN07,tierAmg_p95,B cells,secondary_senescence,N1,30.0,35.0,-0.0039593013581142,-0.004257862272338635,-0.0036474024236371827
SPLN07,tierAmg_p95,B cells,secondary_senescence,N1,35.0,40.0,-0.003819869262161633,-0.0042643258176239835,-0.0033619350856733594
SPLN07,tierAmg_p95,B cells,secondary_senescence,N1,40.0,45.0,-0.003660006356995104,-0.0043764622783711024,-0.0029444766510776364
SPLN07,tierAmg_p95,B cells,secondary_senescence,N1,45.0,50.0,-0.003516860947365142,-0.004639995205863467,-0.002396856075713787
SPLN07,tierAmg_p95,B cells,secondary_senescence,N1,50.0,55.0,-0.0034195767798641287,-0.005028194055237534,-0.0014970598268279757
SPLN07,tierAmg_p95,B cells,secondary_senescence,N1,55.0,60.0,-0.0031627377826773,-0.005875427180387695,-0.0002960178971422126
SPLN07,tierAmg_p95,B cells,secondary_senescence,N1,60.0,65.0,-0.0029715037091629626,-0.006962394269850427,0.0018063392449611056
SPLN07,tierAmg_p95,B cells,secondary_senescence,N1,65.0,70.0,-0.00314533995093139,-0.009463000111281872,0.0039900000672787395
SPLN07,tierAmg_p95,B cells,secondary_senescence,N1,70.0,75.0,-0.0025542769529504393,-0.010230000130832195,0.011049999855458736
SPLN07,tierAmg_p95,B cells,secondary_senescence,N1,75.0,80.0,-0.0016912218522041583,-0.010655500111170113,0.011053875065408647
SPLN07,tierAmg_p95,B cells,secondary_senescence,N1,80.0,85.0,-0.0006390113493652903,-0.011130000464618206,0.011049999855458736
SPLN07,tierAmg_p95,B cells,secondary_senescence,N1,85.0,90.0,0.000151251687440185,-0.011130000464618206,0.015130000188946724
SPLN07,tierAmg_p95,B cells,secondary_senescence,N1,90.0,95.0,0.001345183225290689,-0.010160000063478947,0.015110000036656857
SPLN07,tierAmg_p95,B cells,secondary_senescence,N1,95.0,100.0,0.0017463606745794138,-0.010160000063478947,0.011049999855458736
SPLN07,tierAmg_p95,B cells,tnfa_nfkb_proximal,N1,0.0,5.0,-0.0012376745025230438,-0.0015409231224949543,-0.0009304186391322178
SPLN07,tierAmg_p95,B cells,tnfa_nfkb_proximal,N1,5.0,10.0,-0.0012765032957541183,-0.0014231229782312757,-0.0011295684868785805
SPLN07,tierAmg_p95,B cells,tnfa_nfkb_proximal,N1,10.0,15.0,-0.0012872824488931588,-0.0014412469048080989,-0.0011492689528603505
SPLN07,tierAmg_p95,B cells,tnfa_nfkb_proximal,N1,15.0,20.0,-0.0012670193705739234,-0.0014185104486404687,-0.001122222521337175
SPLN07,tierAmg_p95,B cells,tnfa_nfkb_proximal,N1,20.0,25.0,-0.0012576872839177536,-0.001431727772518828,-0.001072868339950941
SPLN07,tierAmg_p95,B cells,tnfa_nfkb_proximal,N1,25.0,30.0,-0.001249471152738972,-0.001490179563086818,-0.0009962141574402655
SPLN07,tierAmg_p95,B cells,tnfa_nfkb_proximal,N1,30.0,35.0,-0.001235853007806607,-0.0015715722148969195,-0.0009003857858265058
SPLN07,tierAmg_p95,B cells,tnfa_nfkb_proximal,N1,35.0,40.0,-0.0012277033923388245,-0.001748388511516282,-0.0007122800051134411
SPLN07,tierAmg_p95,B cells,tnfa_nfkb_proximal,N1,40.0,45.0,-0.001241876426691371,-0.0020674131076325497,-0.00045762412973491835
SPLN07,tierAmg_p95,B cells,tnfa_nfkb_proximal,N1,45.0,50.0,-0.0013246897851235243,-0.002547135401568345,-8.910221463227807e-05
SPLN07,tierAmg_p95,B cells,tnfa_nfkb_proximal,N1,50.0,55.0,-0.0012862724529796004,-0.0032079830920570783,0.0006225441482350407
SPLN07,tierAmg_p95,B cells,tnfa_nfkb_proximal,N1,55.0,60.0,-0.0009806686500867668,-0.004490673975013516,0.0027850551904030543
SPLN07,tierAmg_p95,B cells,tnfa_nfkb_proximal,N1,60.0,65.0,-0.0009671680095549527,-0.006354226992698386,0.006168312384033921
SPLN07,tierAmg_p95,B cells,tnfa_nfkb_proximal,N1,65.0,70.0,-0.00045580719852124216,-0.008607999980449676,0.01399066618178039
SPLN07,tierAmg_p95,B cells,tnfa_nfkb_proximal,N1,70.0,75.0,0.0015909703019210252,-0.00993725007865578,0.028649499168386706
SPLN07,tierAmg_p95,B cells,tnfa_nfkb_proximal,N1,75.0,80.0,-0.0005967783870960947,-0.010522999777458608,0.01652525060926559
SPLN07,tierAmg_p95,B cells,tnfa_nfkb_proximal,N1,80.0,85.0,0.0008575108033553397,-0.0106800002977252,0.024677999241976
SPLN07,tierAmg_p95,B cells,tnfa_nfkb_proximal,N1,85.0,90.0,0.003324425123179756,-0.01064900029450655,0.05548999831080437
SPLN07,tierAmg_p95,B cells,tnfa_nfkb_proximal,N1,90.0,95.0,0.00593453730554255,-0.0106800002977252,0.05548999831080437
SPLN07,tierAmg_p95,B cells,tnfa_nfkb_proximal,N1,95.0,100.0,0.018771347134215514,-0.010285000316798687,0.05548999831080437
SPLN07,tierAmg_p95,B cells,downstream_arrest,N3,0.0,5.0,0.004543624088956072,0.003866598853365364,0.005080685709992682
SPLN07,tierAmg_p95,B cells,downstream_arrest,N3,5.0,10.0,0.004551957230018109,0.003967013940863612,0.004959149115236796
SPLN07,tierAmg_p95,B cells,downstream_arrest,N3,10.0,15.0,0.0045513029332872774,0.004006294015585741,0.004926050699886466
SPLN07,tierAmg_p95,B cells,downstream_arrest,N3,15.0,20.0,0.004554817382775903,0.004012219383496325,0.004909954498928666
SPLN07,tierAmg_p95,B cells,downstream_arrest,N3,20.0,25.0,0.004554110054062237,0.003997106905259285,0.004909018500952401
SPLN07,tierAmg_p95,B cells,downstream_arrest,N3,25.0,30.0,0.004564258859342581,0.004040326324613027,0.004942513322838281
SPLN07,tierAmg_p95,B cells,downstream_arrest,N3,30.0,35.0,0.00456206965918487,0.0040044156964029265,0.0049952706495000315
SPLN07,tierAmg_p95,B cells,downstream_arrest,N3,35.0,40.0,0.004566568168030363,0.0039522317500354336,0.005075043968604792
SPLN07,tierAmg_p95,B cells,downstream_arrest,N3,40.0,45.0,0.004572709266149344,0.003873884717302754,0.005186674279712055
SPLN07,tierAmg_p95,B cells,downstream_arrest,N3,45.0,50.0,0.004573695306785011,0.003645556108623495,0.005311751973857311
SPLN07,tierAmg_p95,B cells,downstream_arrest,N3,50.0,55.0,0.004545746333881606,0.0035286561572579465,0.00538818579755185
SPLN07,tierAmg_p95,B cells,downstream_arrest,N3,55.0,60.0,0.0045590555191837795,0.003357339395499477,0.005519423676849164
SPLN07,tierAmg_p95,B cells,downstream_arrest,N3,60.0,65.0,0.004520500405413589,0.003209217504766472,0.005579075960638359
SPLN07,tierAmg_p95,B cells,downstream_arrest,N3,65.0,70.0,0.004496450018646266,0.0030976246950893487,0.005600345193285334
SPLN07,tierAmg_p95,B cells,downstream_arrest,N3,70.0,75.0,0.004536629876482523,0.0031766438994938087,0.005735796224265983
SPLN07,tierAmg_p95,B cells,downstream_arrest,N3,75.0,80.0,0.004505595599001437,0.0029405031558918486,0.005690607964960831
SPLN07,tierAmg_p95,B cells,downstream_arrest,N3,80.0,85.0,0.004527713668296193,0.0029020888895841873,0.0057809342639188604
SPLN07,tierAmg_p95,B cells,downstream_arrest,N3,85.0,90.0,0.0045011470793973355,0.0029320871508004705,0.005795687042922916
SPLN07,tierAmg_p95,B cells,downstream_arrest,N3,90.0,95.0,0.004516447986765183,0.0028546935934622335,0.005895956550447903
SPLN07,tierAmg_p95,B cells,downstream_arrest,N3,95.0,100.0,0.00445704347540207,0.0031368746263766476,0.005104109482954965
SPLN07,tierAmg_p95,B cells,emt_ecm,N3,0.0,5.0,-0.003827491642271472,-0.004494144462500007,-0.0028927449608579935
SPLN07,tierAmg_p95,B cells,emt_ecm,N3,5.0,10.0,-0.003821626974438641,-0.004358166739537452,-0.0030931973385566612
SPLN07,tierAmg_p95,B cells,emt_ecm,N3,10.0,15.0,-0.003823505645782859,-0.004316387734785295,-0.003113999165252127
SPLN07,tierAmg_p95,B cells,emt_ecm,N3,15.0,20.0,-0.0038239719121571434,-0.004297242602999111,-0.003141187538984797
SPLN07,tierAmg_p95,B cells,emt_ecm,N3,20.0,25.0,-0.00383429371228796,-0.004296759547559578,-0.003168833062010839
SPLN07,tierAmg_p95,B cells,emt_ecm,N3,25.0,30.0,-0.0038427032474508166,-0.0043455040878409845,-0.003163205373377755
SPLN07,tierAmg_p95,B cells,emt_ecm,N3,30.0,35.0,-0.0038398790518221907,-0.004365251034978148,-0.003189089097841182
SPLN07,tierAmg_p95,B cells,emt_ecm,N3,35.0,40.0,-0.003838286877771935,-0.004497794171933316,-0.0030711644369568656
SPLN07,tierAmg_p95,B cells,emt_ecm,N3,40.0,45.0,-0.003843712055841287,-0.004544890996477089,-0.0029736863963238497
SPLN07,tierAmg_p95,B cells,emt_ecm,N3,45.0,50.0,-0.0038299531734182104,-0.0046682868736776136,-0.002859445066121851
SPLN07,tierAmg_p95,B cells,emt_ecm,N3,50.0,55.0,-0.003813448569608796,-0.004748708608544003,-0.002668122952426771
SPLN07,tierAmg_p95,B cells,emt_ecm,N3,55.0,60.0,-0.0037902896869634857,-0.004919456383320487,-0.0024293049425606165
SPLN07,tierAmg_p95,B cells,emt_ecm,N3,60.0,65.0,-0.0037926768513744254,-0.005056294495829014,-0.0020860368538487173
SPLN07,tierAmg_p95,B cells,emt_ecm,N3,65.0,70.0,-0.003794987122589041,-0.005100240485559577,-0.0020797356703703414
SPLN07,tierAmg_p95,B cells,emt_ecm,N3,70.0,75.0,-0.0037595551180629786,-0.005182899457442444,-0.001864244173639534
SPLN07,tierAmg_p95,B cells,emt_ecm,N3,75.0,80.0,-0.0037694514890016123,-0.005239078694449571,-0.0019755625784537083
SPLN07,tierAmg_p95,B cells,emt_ecm,N3,80.0,85.0,-0.0037868379768779686,-0.005297078836220099,-0.0018675032726050342
SPLN07,tierAmg_p95,B cells,emt_ecm,N3,85.0,90.0,-0.003732488799421261,-0.005298664214592066,-0.001759053720173116
SPLN07,tierAmg_p95,B cells,emt_ecm,N3,90.0,95.0,-0.00375572828883229,-0.005427450211094857,-0.0015159661071399147
SPLN07,tierAmg_p95,B cells,emt_ecm,N3,95.0,100.0,-0.0037070194829655913,-0.004554221540389286,-0.0023281471879443246
SPLN07,tierAmg_p95,B cells,il6_jak_stat3,N3,0.0,5.0,0.0036170367499041563,0.002896977038003515,0.004376279947194308
SPLN07,tierAmg_p95,B cells,il6_jak_stat3,N3,5.0,10.0,0.003606243481946257,0.003160245783034013,0.004107358307510656
SPLN07,tierAmg_p95,B cells,il6_jak_stat3,N3,10.0,15.0,0.0035974718548954475,0.003190418460986712,0.0040331160951851295
SPLN07,tierAmg_p95,B cells,il6_jak_stat3,N3,15.0,20.0,0.0036133104196635017,0.0032161102747983684,0.004030997123586471
SPLN07,tierAmg_p95,B cells,il6_jak_stat3,N3,20.0,25.0,0.0036052927067384876,0.003169789816284943,0.004037236292720062
SPLN07,tierAmg_p95,B cells,il6_jak_stat3,N3,25.0,30.0,0.0036175115970273884,0.003132525838222127,0.004090777366774368
SPLN07,tierAmg_p95,B cells,il6_jak_stat3,N3,30.0,35.0,0.0035912660419548928,0.003040862643901084,0.004127213905935803
SPLN07,tierAmg_p95,B cells,il6_jak_stat3,N3,35.0,40.0,0.0036134326096565416,0.002940123932474235,0.004251269761869951
SPLN07,tierAmg_p95,B cells,il6_jak_stat3,N3,40.0,45.0,0.003605221177961885,0.0028334942685187166,0.004422397171481809
SPLN07,tierAmg_p95,B cells,il6_jak_stat3,N3,45.0,50.0,0.003597677969583625,0.0026721193988489514,0.004569444972906852
SPLN07,tierAmg_p95,B cells,il6_jak_stat3,N3,50.0,55.0,0.0036266234431824402,0.002544316403325638,0.004751873611984077
SPLN07,tierAmg_p95,B cells,il6_jak_stat3,N3,55.0,60.0,0.003610566011032893,0.0024214324022270957,0.004851971998189403
SPLN07,tierAmg_p95,B cells,il6_jak_stat3,N3,60.0,65.0,0.0036439395502656335,0.0022226765397624117,0.0050928344823952375
SPLN07,tierAmg_p95,B cells,il6_jak_stat3,N3,65.0,70.0,0.003661033163589319,0.002114588189453205,0.005215992741027729
SPLN07,tierAmg_p95,B cells,il6_jak_stat3,N3,70.0,75.0,0.003645553496072851,0.00210671890610746,0.005406744331674075
SPLN07,tierAmg_p95,B cells,il6_jak_stat3,N3,75.0,80.0,0.0036166282082683043,0.001946918050231239,0.005386308396146977
SPLN07,tierAmg_p95,B cells,il6_jak_stat3,N3,80.0,85.0,0.003615643826712748,0.0019163915844063863,0.005412853188935582
SPLN07,tierAmg_p95,B cells,il6_jak_stat3,N3,85.0,90.0,0.0036314500585648848,0.0019188874400780734,0.005695053376780587
SPLN07,tierAmg_p95,B cells,il6_jak_stat3,N3,90.0,95.0,0.003622525798931838,0.001856654692348139,0.005452844158424976
SPLN07,tierAmg_p95,B cells,il6_jak_stat3,N3,95.0,100.0,0.0036298343238381848,0.003271763425170868,0.00408851186175482
SPLN07,tierAmg_p95,B cells,interferon_response,N3,0.0,5.0,0.007640769164546114,0.007045234807375858,0.008245620068657153
SPLN07,tierAmg_p95,B cells,interferon_response,N3,5.0,10.0,0.007630234549585493,0.007247584089591368,0.00799048972479298
SPLN07,tierAmg_p95,B cells,interferon_response,N3,10.0,15.0,0.00762976429905693,0.00725482090723939,0.00798525019728161
SPLN07,tierAmg_p95,B cells,interferon_response,N3,15.0,20.0,0.007633968887169851,0.007268743462022921,0.007940696909170548
SPLN07,tierAmg_p95,B cells,interferon_response,N3,20.0,25.0,0.007635330525412701,0.00726897153940557,0.007972636693138928
SPLN07,tierAmg_p95,B cells,interferon_response,N3,25.0,30.0,0.00765285699011746,0.007226302048127624,0.008024362922030783
SPLN07,tierAmg_p95,B cells,interferon_response,N3,30.0,35.0,0.00763057868103692,0.007185175114264807,0.008063318342656431
SPLN07,tierAmg_p95,B cells,interferon_response,N3,35.0,40.0,0.007619882645717795,0.00705969347934983,0.008205962267032704
SPLN07,tierAmg_p95,B cells,interferon_response,N3,40.0,45.0,0.007633973836209984,0.006951924049410201,0.008290580937846079
SPLN07,tierAmg_p95,B cells,interferon_response,N3,45.0,50.0,0.0076345890600039825,0.00680798182744523,0.008485912359801688
SPLN07,tierAmg_p95,B cells,interferon_response,N3,50.0,55.0,0.0076449737921887116,0.006711263385003678,0.008577619186669815
SPLN07,tierAmg_p95,B cells,interferon_response,N3,55.0,60.0,0.0076318016646453055,0.006567801034176992,0.008729953711798813
SPLN07,tierAmg_p95,B cells,interferon_response,N3,60.0,65.0,0.007637255312357704,0.006475657727432484,0.008804924556756431
SPLN07,tierAmg_p95,B cells,interferon_response,N3,65.0,70.0,0.007656373977040688,0.00641830602285071,0.008821073548640737
SPLN07,tierAmg_p95,B cells,interferon_response,N3,70.0,75.0,0.0076382252454275015,0.006388282995650561,0.008930948036438796
SPLN07,tierAmg_p95,B cells,interferon_response,N3,75.0,80.0,0.0076050188211680735,0.006212799312694579,0.009120704836795064
SPLN07,tierAmg_p95,B cells,interferon_response,N3,80.0,85.0,0.007629785529942415,0.006208325406940006,0.009040030889623378
SPLN07,tierAmg_p95,B cells,interferon_response,N3,85.0,90.0,0.007658026168633241,0.006158825323753988,0.009115977204664312
SPLN07,tierAmg_p95,B cells,interferon_response,N3,90.0,95.0,0.007633610345266657,0.006088436672245362,0.00917943235170536
SPLN07,tierAmg_p95,B cells,interferon_response,N3,95.0,100.0,0.007618227140612934,0.007289148880308205,0.007915791547771844
SPLN07,tierAmg_p95,B cells,oxidative_stress,N3,0.0,5.0,0.010197016863386442,0.009012294210729247,0.011313683904756627
SPLN07,tierAmg_p95,B cells,oxidative_stress,N3,5.0,10.0,0.010176683891360448,0.009386497955680057,0.010938619390596127
SPLN07,tierAmg_p95,B cells,oxidative_stress,N3,10.0,15.0,0.010176349438592979,0.00955118169440045,0.010787292425117043
SPLN07,tierAmg_p95,B cells,oxidative_stress,N3,15.0,20.0,0.010171899569831038,0.009572003454486921,0.010814768409019059
SPLN07,tierAmg_p95,B cells,oxidative_stress,N3,20.0,25.0,0.010185467775190986,0.009511887940293107,0.010835842819299508
SPLN07,tierAmg_p95,B cells,oxidative_stress,N3,25.0,30.0,0.010175022606730439,0.00940776583799853,0.010937457943208285
SPLN07,tierAmg_p95,B cells,oxidative_stress,N3,30.0,35.0,0.010183791555697638,0.009215976673208656,0.011094197670817426
SPLN07,tierAmg_p95,B cells,oxidative_stress,N3,35.0,40.0,0.010164078530934765,0.009102557399680222,0.011262053129391967
SPLN07,tierAmg_p95,B cells,oxidative_stress,N3,40.0,45.0,0.01017812732727744,0.00888164522168938,0.011525068093589809
SPLN07,tierAmg_p95,B cells,oxidative_stress,N3,45.0,50.0,0.01018816269990674,0.008637394645617823,0.011820268595776862
SPLN07,tierAmg_p95,B cells,oxidative_stress,N3,50.0,55.0,0.010180828843200401,0.008214810071860361,0.01202395294888164
SPLN07,tierAmg_p95,B cells,oxidative_stress,N3,55.0,60.0,0.01019299459935634,0.007992220588458651,0.012301414783800273
SPLN07,tierAmg_p95,B cells,oxidative_stress,N3,60.0,65.0,0.010150827073088934,0.007860610061080174,0.012499987561322253
SPLN07,tierAmg_p95,B cells,oxidative_stress,N3,65.0,70.0,0.010202986340313011,0.0077206860193549855,0.012717606022436725
SPLN07,tierAmg_p95,B cells,oxidative_stress,N3,70.0,75.0,0.010259167735125654,0.007382983105681492,0.012855514726586841
SPLN07,tierAmg_p95,B cells,oxidative_stress,N3,75.0,80.0,0.010190044727536223,0.007097582749932975,0.013018568466579832
SPLN07,tierAmg_p95,B cells,oxidative_stress,N3,80.0,85.0,0.010097922550302878,0.00722215731538875,0.013009869401300795
SPLN07,tierAmg_p95,B cells,oxidative_stress,N3,85.0,90.0,0.010171783512551194,0.007279250469331997,0.012979744258230367
SPLN07,tierAmg_p95,B cells,oxidative_stress,N3,90.0,95.0,0.010242929303417086,0.00719399101706032,0.013437732958039508
SPLN07,tierAmg_p95,B cells,oxidative_stress,N3,95.0,100.0,0.010182801618662335,0.009672814384997373,0.010620450456460692
SPLN07,tierAmg_p95,B cells,secondary_senescence,N3,0.0,5.0,-0.004213156048177584,-0.004619454640119432,-0.0037260210988324474
SPLN07,tierAmg_p95,B cells,secondary_senescence,N3,5.0,10.0,-0.004220184656395783,-0.004530735161792277,-0.0038075653737905195
SPLN07,tierAmg_p95,B cells,secondary_senescence,N3,10.0,15.0,-0.004218423870575193,-0.00449921875284978,-0.00384633528547412
SPLN07,tierAmg_p95,B cells,secondary_senescence,N3,15.0,20.0,-0.004223923373819026,-0.004495701031009423,-0.003861001891030541
SPLN07,tierAmg_p95,B cells,secondary_senescence,N3,20.0,25.0,-0.004228853639190172,-0.004495135664158819,-0.0038716027388614013
SPLN07,tierAmg_p95,B cells,secondary_senescence,N3,25.0,30.0,-0.004226001400938575,-0.004532309875515685,-0.003841389914494941
SPLN07,tierAmg_p95,B cells,secondary_senescence,N3,30.0,35.0,-0.0042239496482600015,-0.004563320540399234,-0.003777720828073237
SPLN07,tierAmg_p95,B cells,secondary_senescence,N3,35.0,40.0,-0.004231752311957418,-0.004614144942140241,-0.0037833433093523846
SPLN07,tierAmg_p95,B cells,secondary_senescence,N3,40.0,45.0,-0.00423307641044536,-0.004680435892390944,-0.003685385190809837
SPLN07,tierAmg_p95,B cells,secondary_senescence,N3,45.0,50.0,-0.004219970625157227,-0.004758236814432511,-0.003631038372880915
SPLN07,tierAmg_p95,B cells,secondary_senescence,N3,50.0,55.0,-0.004211682740109174,-0.004852428189413997,-0.003500431441905904
SPLN07,tierAmg_p95,B cells,secondary_senescence,N3,55.0,60.0,-0.004206656003853415,-0.004883519901329176,-0.003363356991167277
SPLN07,tierAmg_p95,B cells,secondary_senescence,N3,60.0,65.0,-0.00421286476945086,-0.0050468524942641315,-0.0032247221084830357
SPLN07,tierAmg_p95,B cells,secondary_senescence,N3,65.0,70.0,-0.004187638440237614,-0.0050428208237561,-0.0032335888160897573
SPLN07,tierAmg_p95,B cells,secondary_senescence,N3,70.0,75.0,-0.004196395466782114,-0.0050900256135088156,-0.003122306062743604
SPLN07,tierAmg_p95,B cells,secondary_senescence,N3,75.0,80.0,-0.0042001527576879935,-0.005038981666075961,-0.0030806731666023247
SPLN07,tierAmg_p95,B cells,secondary_senescence,N3,80.0,85.0,-0.004223618535839432,-0.005162798089115997,-0.0029608888495285678
SPLN07,tierAmg_p95,B cells,secondary_senescence,N3,85.0,90.0,-0.004177533925333224,-0.0051235979637490586,-0.002983497567515601
SPLN07,tierAmg_p95,B cells,secondary_senescence,N3,90.0,95.0,-0.004200144820725635,-0.00516385853765643,-0.002942414572214365
SPLN07,tierAmg_p95,B cells,secondary_senescence,N3,95.0,100.0,-0.004174079152904488,-0.004556230932388611,-0.003480453836784178
SPLN07,tierAmg_p95,B cells,tnfa_nfkb_proximal,N3,0.0,5.0,-0.0012610073672544538,-0.0016937667236900918,-0.0008292367213551181
SPLN07,tierAmg_p95,B cells,tnfa_nfkb_proximal,N3,5.0,10.0,-0.001259671617422888,-0.0015304535356911177,-0.0009619936970610433
SPLN07,tierAmg_p95,B cells,tnfa_nfkb_proximal,N3,10.0,15.0,-0.0012621915494792468,-0.0014856479746740729,-0.0010098788598960561
SPLN07,tierAmg_p95,B cells,tnfa_nfkb_proximal,N3,15.0,20.0,-0.0012560095658812735,-0.001501966654024261,-0.0010203986331298652
SPLN07,tierAmg_p95,B cells,tnfa_nfkb_proximal,N3,20.0,25.0,-0.0012582735618245095,-0.0015028556393640966,-0.0009909890483856872
SPLN07,tierAmg_p95,B cells,tnfa_nfkb_proximal,N3,25.0,30.0,-0.001260567550187853,-0.0015612348709597218,-0.0009691062300440118
SPLN07,tierAmg_p95,B cells,tnfa_nfkb_proximal,N3,30.0,35.0,-0.0012709430850629953,-0.0015934420832621372,-0.0009285448345283413
SPLN07,tierAmg_p95,B cells,tnfa_nfkb_proximal,N3,35.0,40.0,-0.0012617780646260296,-0.0016867919356404696,-0.0008652946466028817
SPLN07,tierAmg_p95,B cells,tnfa_nfkb_proximal,N3,40.0,45.0,-0.0012682626385510706,-0.0017921733772964278,-0.0007406712439142817
SPLN07,tierAmg_p95,B cells,tnfa_nfkb_proximal,N3,45.0,50.0,-0.0012744017837510477,-0.0018584240360948728,-0.0007087174220841001
SPLN07,tierAmg_p95,B cells,tnfa_nfkb_proximal,N3,50.0,55.0,-0.0012483007884624875,-0.0019223902394807,-0.0005131113872782997
SPLN07,tierAmg_p95,B cells,tnfa_nfkb_proximal,N3,55.0,60.0,-0.0012781912389512302,-0.0020429185429217153,-0.0004735352926492693
SPLN07,tierAmg_p95,B cells,tnfa_nfkb_proximal,N3,60.0,65.0,-0.0012464798363971711,-0.0020856365854455155,-0.00035933252618479617
SPLN07,tierAmg_p95,B cells,tnfa_nfkb_proximal,N3,65.0,70.0,-0.0012441693810533948,-0.002222549451757214,-0.0002502620794310866
SPLN07,tierAmg_p95,B cells,tnfa_nfkb_proximal,N3,70.0,75.0,-0.0012582775160449033,-0.0022912968868999918,-0.00019841823904783194
SPLN07,tierAmg_p95,B cells,tnfa_nfkb_proximal,N3,75.0,80.0,-0.0012547355325305284,-0.0023482427874111085,-6.53118859976651e-05
SPLN07,tierAmg_p95,B cells,tnfa_nfkb_proximal,N3,80.0,85.0,-0.0012549276348474798,-0.002333679411692983,-0.00012933599343345446
SPLN07,tierAmg_p95,B cells,tnfa_nfkb_proximal,N3,85.0,90.0,-0.0012784927803408284,-0.0023850326035277725,-0.00010425736614303328
SPLN07,tierAmg_p95,B cells,tnfa_nfkb_proximal,N3,90.0,95.0,-0.0012888877098676192,-0.0024388380848483784,-0.00011983175037958154
SPLN07,tierAmg_p95,B cells,tnfa_nfkb_proximal,N3,95.0,100.0,-0.0012538710424843398,-0.0014442649055831163,-0.0010574872463912778
SPLN07,tierAmg_p95,B cells,downstream_arrest,N4,0.0,5.0,0.004645144698835118,0.0042405606721554745,0.00500758366843964
SPLN07,tierAmg_p95,B cells,downstream_arrest,N4,5.0,10.0,0.004647005226945353,0.004363272031209133,0.00490926197693958
SPLN07,tierAmg_p95,B cells,downstream_arrest,N4,10.0,15.0,0.004634278521351103,0.004398680530173962,0.004870603774153987
SPLN07,tierAmg_p95,B cells,downstream_arrest,N4,15.0,20.0,0.004633688859125955,0.0044085625763735856,0.004860005863652744
SPLN07,tierAmg_p95,B cells,downstream_arrest,N4,20.0,25.0,0.004619724346050174,0.004385438039495938,0.0048433827167250615
SPLN07,tierAmg_p95,B cells,downstream_arrest,N4,25.0,30.0,0.004603604107586752,0.004321197995537753,0.004873646275883609
SPLN07,tierAmg_p95,B cells,downstream_arrest,N4,30.0,35.0,0.004578679334203255,0.004150495505460456,0.004948046114532363
SPLN07,tierAmg_p95,B cells,downstream_arrest,N4,35.0,40.0,0.004547066803606359,0.003964967468556585,0.004972320098682532
SPLN07,tierAmg_p95,B cells,downstream_arrest,N4,40.0,45.0,0.004516267238564209,0.0037251966257026174,0.005154454305905933
SPLN07,tierAmg_p95,B cells,downstream_arrest,N4,45.0,50.0,0.004471745719463159,0.0033534410489530968,0.005255600697326064
SPLN07,tierAmg_p95,B cells,downstream_arrest,N4,50.0,55.0,0.00446227607753552,0.0032230861153059844,0.00535158391597027
SPLN07,tierAmg_p95,B cells,downstream_arrest,N4,55.0,60.0,0.004416194085642308,0.003053342329788306,0.005352531822011197
SPLN07,tierAmg_p95,B cells,downstream_arrest,N4,60.0,65.0,0.0044105669079897115,0.003059183003423847,0.005477822237482744
SPLN07,tierAmg_p95,B cells,downstream_arrest,N4,65.0,70.0,0.0043880484006572065,0.0028507994228745706,0.00561195180921641
SPLN07,tierAmg_p95,B cells,downstream_arrest,N4,70.0,75.0,0.004464118818685745,0.0029071178671019327,0.005712729190409843
SPLN07,tierAmg_p95,B cells,downstream_arrest,N4,75.0,80.0,0.004457318895559299,0.0025551085672951127,0.005960039039218491
SPLN07,tierAmg_p95,B cells,downstream_arrest,N4,80.0,85.0,0.004418895858958713,0.0022387177935548432,0.005965873832906994
SPLN07,tierAmg_p95,B cells,downstream_arrest,N4,85.0,90.0,0.004462298024383898,0.0024125387143309734,0.005964560893931985
SPLN07,tierAmg_p95,B cells,downstream_arrest,N4,90.0,95.0,0.004489821314333565,0.002288877900807096,0.006233516699013439
SPLN07,tierAmg_p95,B cells,downstream_arrest,N4,95.0,100.0,0.004215444965322683,0.0027762955819706733,0.004905516184984434
SPLN07,tierAmg_p95,B cells,emt_ecm,N4,0.0,5.0,-0.0039270283655908405,-0.004397747553838316,-0.0034267035810647633
SPLN07,tierAmg_p95,B cells,emt_ecm,N4,5.0,10.0,-0.003937096659439968,-0.00427927542247657,-0.003538908462514841
SPLN07,tierAmg_p95,B cells,emt_ecm,N4,10.0,15.0,-0.00393763914341814,-0.004271407598999619,-0.0036051015317766296
SPLN07,tierAmg_p95,B cells,emt_ecm,N4,15.0,20.0,-0.003924113234930798,-0.0042044937502550206,-0.0036006539750192148
SPLN07,tierAmg_p95,B cells,emt_ecm,N4,20.0,25.0,-0.003912224444387783,-0.0042070170535184965,-0.003618847843291294
SPLN07,tierAmg_p95,B cells,emt_ecm,N4,25.0,30.0,-0.003882494112568575,-0.004218241420048014,-0.003516608243832694
SPLN07,tierAmg_p95,B cells,emt_ecm,N4,30.0,35.0,-0.0038513206672416934,-0.0042768426906942235,-0.0033190785909069757
SPLN07,tierAmg_p95,B cells,emt_ecm,N4,35.0,40.0,-0.0038390652328375427,-0.0044296245578499295,-0.003167457917764946
SPLN07,tierAmg_p95,B cells,emt_ecm,N4,40.0,45.0,-0.0038007777100511992,-0.004542143617782361,-0.0028024225230665286
SPLN07,tierAmg_p95,B cells,emt_ecm,N4,45.0,50.0,-0.0037518691177914868,-0.004650552628172653,-0.0026445923336108606
SPLN07,tierAmg_p95,B cells,emt_ecm,N4,50.0,55.0,-0.0036552577521076018,-0.004780929062997749,-0.0021057759531398763
SPLN07,tierAmg_p95,B cells,emt_ecm,N4,55.0,60.0,-0.0036488420450435832,-0.005103249126021257,-0.0019065098008234972
SPLN07,tierAmg_p95,B cells,emt_ecm,N4,60.0,65.0,-0.003631725142323596,-0.00511554807251529,-0.0018926627212126424
SPLN07,tierAmg_p95,B cells,emt_ecm,N4,65.0,70.0,-0.0036640916065814795,-0.0053042543756670005,-0.0017629066654649551
SPLN07,tierAmg_p95,B cells,emt_ecm,N4,70.0,75.0,-0.003655171035416927,-0.005463772138594275,-0.001320031990638966
SPLN07,tierAmg_p95,B cells,emt_ecm,N4,75.0,80.0,-0.00373225633128413,-0.005692298934822057,-0.001338426340651365
SPLN07,tierAmg_p95,B cells,emt_ecm,N4,80.0,85.0,-0.0037028168603539875,-0.005707318378368581,-0.001221157480604353
SPLN07,tierAmg_p95,B cells,emt_ecm,N4,85.0,90.0,-0.003647085707446083,-0.005653967168344328,-0.0008875161304698169
SPLN07,tierAmg_p95,B cells,emt_ecm,N4,90.0,95.0,-0.003639708297264375,-0.00582118172746776,-0.00045794277865235323
SPLN07,tierAmg_p95,B cells,emt_ecm,N4,95.0,100.0,-0.003450241545092022,-0.005159677539625887,-0.0014535275568072555
SPLN07,tierAmg_p95,B cells,il6_jak_stat3,N4,0.0,5.0,0.003635398514786249,0.0030760075563616373,0.004189528229384297
SPLN07,tierAmg_p95,B cells,il6_jak_stat3,N4,5.0,10.0,0.003623087999520858,0.00328408512143082,0.003973983117979449
SPLN07,tierAmg_p95,B cells,il6_jak_stat3,N4,10.0,15.0,0.003628443517801254,0.003342022407481058,0.003943560103936899
SPLN07,tierAmg_p95,B cells,il6_jak_stat3,N4,15.0,20.0,0.00361165174331665,0.0033225129721707815,0.003902172914387767
SPLN07,tierAmg_p95,B cells,il6_jak_stat3,N4,20.0,25.0,0.0036058878501852376,0.00328507191703073,0.003899768905751329
SPLN07,tierAmg_p95,B cells,il6_jak_stat3,N4,25.0,30.0,0.0035778407245559514,0.003179004644651332,0.00395042805407337
SPLN07,tierAmg_p95,B cells,il6_jak_stat3,N4,30.0,35.0,0.0035929424056671422,0.003115072215695759,0.004112187116468331
SPLN07,tierAmg_p95,B cells,il6_jak_stat3,N4,35.0,40.0,0.0036044404013542792,0.003045172403802922,0.004197788711397765
SPLN07,tierAmg_p95,B cells,il6_jak_stat3,N4,40.0,45.0,0.00363566618567558,0.0029138114266537307,0.00446067083738869
SPLN07,tierAmg_p95,B cells,il6_jak_stat3,N4,45.0,50.0,0.0036604738718795772,0.002796009926773756,0.004642075635486149
SPLN07,tierAmg_p95,B cells,il6_jak_stat3,N4,50.0,55.0,0.003677539851467203,0.0025390073842115044,0.0050881823658341825
SPLN07,tierAmg_p95,B cells,il6_jak_stat3,N4,55.0,60.0,0.0037543112816860198,0.002377383626193149,0.005565297006059396
SPLN07,tierAmg_p95,B cells,il6_jak_stat3,N4,60.0,65.0,0.0037608891409532086,0.002326441815742451,0.005562327319435817
SPLN07,tierAmg_p95,B cells,il6_jak_stat3,N4,65.0,70.0,0.0038483340971182953,0.0022027771186237783,0.006163752007805652
SPLN07,tierAmg_p95,B cells,il6_jak_stat3,N4,70.0,75.0,0.003877423113159665,0.0020576839543166576,0.006121916439469616
SPLN07,tierAmg_p95,B cells,il6_jak_stat3,N4,75.0,80.0,0.0037385094226802763,0.0018369749454974751,0.006375789670667285
SPLN07,tierAmg_p95,B cells,il6_jak_stat3,N4,80.0,85.0,0.0037487054293241146,0.0016599739853947562,0.006277388888727896
SPLN07,tierAmg_p95,B cells,il6_jak_stat3,N4,85.0,90.0,0.0037358908165202806,0.0014514986174819873,0.006360107259407913
SPLN07,tierAmg_p95,B cells,il6_jak_stat3,N4,90.0,95.0,0.0036569771262697187,0.0013652427003113328,0.006264251974785139
SPLN07,tierAmg_p95,B cells,il6_jak_stat3,N4,95.0,100.0,0.0037688235219075217,0.0033122534554694046,0.004833320585607592
SPLN07,tierAmg_p95,B cells,interferon_response,N4,0.0,5.0,0.007662069307385757,0.007169781374472753,0.008139122151965656
SPLN07,tierAmg_p95,B cells,interferon_response,N4,5.0,10.0,0.007650927871100258,0.007346380329756349,0.007935604735139117
SPLN07,tierAmg_p95,B cells,interferon_response,N4,10.0,15.0,0.007647737206810903,0.007419342210510161,0.007904524917280244
SPLN07,tierAmg_p95,B cells,interferon_response,N4,15.0,20.0,0.007642440765317023,0.007401271941137014,0.007878404020893731
SPLN07,tierAmg_p95,B cells,interferon_response,N4,20.0,25.0,0.007646890822787444,0.0073680770321236455,0.007919921022594084
SPLN07,tierAmg_p95,B cells,interferon_response,N4,25.0,30.0,0.007631422844650617,0.007310505593512099,0.007939182471554621
SPLN07,tierAmg_p95,B cells,interferon_response,N4,30.0,35.0,0.007616260235218678,0.007219306175079229,0.008000428315404581
SPLN07,tierAmg_p95,B cells,interferon_response,N4,35.0,40.0,0.0076417954156163806,0.007107558153950096,0.008116412377691064
SPLN07,tierAmg_p95,B cells,interferon_response,N4,40.0,45.0,0.007634374909220175,0.006992894046883613,0.008325059370615196
SPLN07,tierAmg_p95,B cells,interferon_response,N4,45.0,50.0,0.007663024773783046,0.0068675638569912515,0.008463212136187101
SPLN07,tierAmg_p95,B cells,interferon_response,N4,50.0,55.0,0.007690379245124814,0.006757353565401425,0.00861182930054037
SPLN07,tierAmg_p95,B cells,interferon_response,N4,55.0,60.0,0.007682188949447544,0.006516215375835434,0.008927883450650832
SPLN07,tierAmg_p95,B cells,interferon_response,N4,60.0,65.0,0.00766604724398767,0.006270926929483435,0.009066287751634339
SPLN07,tierAmg_p95,B cells,interferon_response,N4,65.0,70.0,0.007676396062752309,0.006239105541936493,0.009004951628537993
SPLN07,tierAmg_p95,B cells,interferon_response,N4,70.0,75.0,0.007652822386074147,0.006094198383495664,0.009389713647378672
SPLN07,tierAmg_p95,B cells,interferon_response,N4,75.0,80.0,0.007685720194149418,0.006027483681864396,0.009497880910209271
SPLN07,tierAmg_p95,B cells,interferon_response,N4,80.0,85.0,0.007680651197962366,0.0058743146770399825,0.009645254133907396
SPLN07,tierAmg_p95,B cells,interferon_response,N4,85.0,90.0,0.007704487865803266,0.005882018746859495,0.009880265417401975
SPLN07,tierAmg_p95,B cells,interferon_response,N4,90.0,95.0,0.007619531349511822,0.005662657946964593,0.009692531455606513
SPLN07,tierAmg_p95,B cells,interferon_response,N4,95.0,100.0,0.007576316634630931,0.007294451751266893,0.007867969169517349
SPLN07,tierAmg_p95,B cells,oxidative_stress,N4,0.0,5.0,0.010165704033507921,0.00915738369290926,0.011149701799626575
SPLN07,tierAmg_p95,B cells,oxidative_stress,N4,5.0,10.0,0.010178310315031166,0.009629235429338695,0.010735331797620736
SPLN07,tierAmg_p95,B cells,oxidative_stress,N4,10.0,15.0,0.010185564635647442,0.009654269099484997,0.01066231957845588
SPLN07,tierAmg_p95,B cells,oxidative_stress,N4,15.0,20.0,0.010208937549047661,0.009756766217737503,0.010658971922813
SPLN07,tierAmg_p95,B cells,oxidative_stress,N4,20.0,25.0,0.010183689916379374,0.009663233375788581,0.010698764556622282
SPLN07,tierAmg_p95,B cells,oxidative_stress,N4,25.0,30.0,0.010172217923735615,0.009525308902502836,0.010792745075516946
SPLN07,tierAmg_p95,B cells,oxidative_stress,N4,30.0,35.0,0.010175084326168083,0.009384690018791749,0.010963975298101754
SPLN07,tierAmg_p95,B cells,oxidative_stress,N4,35.0,40.0,0.010185624965686995,0.00910049865981402,0.011169961389755382
SPLN07,tierAmg_p95,B cells,oxidative_stress,N4,40.0,45.0,0.01018821262077357,0.008844688394834026,0.011507753646016984
SPLN07,tierAmg_p95,B cells,oxidative_stress,N4,45.0,50.0,0.010221095826373374,0.00847046674660417,0.011798901983461781
SPLN07,tierAmg_p95,B cells,oxidative_stress,N4,50.0,55.0,0.010075730872109539,0.008119705978650794,0.012083122789492124
SPLN07,tierAmg_p95,B cells,oxidative_stress,N4,55.0,60.0,0.010140395091801743,0.007661294526679681,0.012403789039773405
SPLN07,tierAmg_p95,B cells,oxidative_stress,N4,60.0,65.0,0.010105906898701935,0.007382293665546808,0.012586342505501127
SPLN07,tierAmg_p95,B cells,oxidative_stress,N4,65.0,70.0,0.010237270289633454,0.007298035295632508,0.013064793568989822
SPLN07,tierAmg_p95,B cells,oxidative_stress,N4,70.0,75.0,0.010281637669356304,0.0069985316370559094,0.013363140211604726
SPLN07,tierAmg_p95,B cells,oxidative_stress,N4,75.0,80.0,0.010148958108918204,0.006695969578876089,0.01367211113800208
SPLN07,tierAmg_p95,B cells,oxidative_stress,N4,80.0,85.0,0.010066923240727473,0.006280579332316778,0.01374903424342664
SPLN07,tierAmg_p95,B cells,oxidative_stress,N4,85.0,90.0,0.010025013147823576,0.005965659078324693,0.01431360049857176
SPLN07,tierAmg_p95,B cells,oxidative_stress,N4,90.0,95.0,0.010119844008324583,0.005471830584367311,0.0146063554951541
SPLN07,tierAmg_p95,B cells,oxidative_stress,N4,95.0,100.0,0.01016993487690484,0.009522685750864048,0.011103944777275252
SPLN07,tierAmg_p95,B cells,secondary_senescence,N4,0.0,5.0,-0.004244219659382478,-0.0045574269835558685,-0.003915271336598303
SPLN07,tierAmg_p95,B cells,secondary_senescence,N4,5.0,10.0,-0.004246437256098759,-0.004463349352899677,-0.004014771807974528
SPLN07,tierAmg_p95,B cells,secondary_senescence,N4,10.0,15.0,-0.004250485025329412,-0.004438403735870995,-0.004045402812622133
SPLN07,tierAmg_p95,B cells,secondary_senescence,N4,15.0,20.0,-0.004249817923715634,-0.00441344025055204,-0.004059912562036766
SPLN07,tierAmg_p95,B cells,secondary_senescence,N4,20.0,25.0,-0.004249296756830034,-0.004429107776518167,-0.004074526920891388
SPLN07,tierAmg_p95,B cells,secondary_senescence,N4,25.0,30.0,-0.004249804179761559,-0.004458946966674297,-0.004012710512762495
SPLN07,tierAmg_p95,B cells,secondary_senescence,N4,30.0,35.0,-0.004222141907747837,-0.004486493271477498,-0.003925841828850699
SPLN07,tierAmg_p95,B cells,secondary_senescence,N4,35.0,40.0,-0.004219999875246027,-0.004562656623910745,-0.0038162619158658884
SPLN07,tierAmg_p95,B cells,secondary_senescence,N4,40.0,45.0,-0.004199756858394796,-0.004664343304206469,-0.0035480226841092906
SPLN07,tierAmg_p95,B cells,secondary_senescence,N4,45.0,50.0,-0.004165731384198893,-0.004707888527110791,-0.003416058258373678
SPLN07,tierAmg_p95,B cells,secondary_senescence,N4,50.0,55.0,-0.004165006460833204,-0.004836856170059347,-0.003320487013449093
SPLN07,tierAmg_p95,B cells,secondary_senescence,N4,55.0,60.0,-0.004120208241233157,-0.0049373930419988376,-0.0030965826851696385
SPLN07,tierAmg_p95,B cells,secondary_senescence,N4,60.0,65.0,-0.004135133455259,-0.004983868993656079,-0.0029065328328747226
SPLN07,tierAmg_p95,B cells,secondary_senescence,N4,65.0,70.0,-0.004170603592281048,-0.0050999968005259405,-0.0030542948722725944
SPLN07,tierAmg_p95,B cells,secondary_senescence,N4,70.0,75.0,-0.004118612664688685,-0.005128360394304478,-0.0027120233944475675
SPLN07,tierAmg_p95,B cells,secondary_senescence,N4,75.0,80.0,-0.0041489502931322374,-0.0052486045541600005,-0.0025065306113871383
SPLN07,tierAmg_p95,B cells,secondary_senescence,N4,80.0,85.0,-0.004146285140186624,-0.005326084752292554,-0.0026850558095857595
SPLN07,tierAmg_p95,B cells,secondary_senescence,N4,85.0,90.0,-0.004134517600585294,-0.005270069381114959,-0.002486678081046718
SPLN07,tierAmg_p95,B cells,secondary_senescence,N4,90.0,95.0,-0.004104468757517185,-0.005407348294201712,-0.002232387197305327
SPLN07,tierAmg_p95,B cells,secondary_senescence,N4,95.0,100.0,-0.00407786418437082,-0.004725172372627894,-0.002782191170181393
SPLN07,tierAmg_p95,B cells,tnfa_nfkb_proximal,N4,0.0,5.0,-0.001278273330629374,-0.0016648974283748395,-0.0009059710143613856
SPLN07,tierAmg_p95,B cells,tnfa_nfkb_proximal,N4,5.0,10.0,-0.0012670753797112413,-0.0015111409180013776,-0.0010264099603175994
SPLN07,tierAmg_p95,B cells,tnfa_nfkb_proximal,N4,10.0,15.0,-0.0012659837711153756,-0.0014738324774638963,-0.001056785166298121
SPLN07,tierAmg_p95,B cells,tnfa_nfkb_proximal,N4,15.0,20.0,-0.0012697447060194987,-0.0014533230839082938,-0.0010672594897931963
SPLN07,tierAmg_p95,B cells,tnfa_nfkb_proximal,N4,20.0,25.0,-0.001277742135891419,-0.0014965573804291757,-0.001069554400372775
SPLN07,tierAmg_p95,B cells,tnfa_nfkb_proximal,N4,25.0,30.0,-0.0012839248081834577,-0.0015327378624440619,-0.0010531242907489424
SPLN07,tierAmg_p95,B cells,tnfa_nfkb_proximal,N4,30.0,35.0,-0.0012838372923819424,-0.0015889396187090288,-0.0009669574770554282
SPLN07,tierAmg_p95,B cells,tnfa_nfkb_proximal,N4,35.0,40.0,-0.0012822515580777898,-0.0016745679380959597,-0.0008504054773360861
SPLN07,tierAmg_p95,B cells,tnfa_nfkb_proximal,N4,40.0,45.0,-0.0012815486993079618,-0.001743647985081132,-0.0007829959979327635
SPLN07,tierAmg_p95,B cells,tnfa_nfkb_proximal,N4,45.0,50.0,-0.0012523410652935016,-0.0018780088172669534,-0.0006106452039685957
SPLN07,tierAmg_p95,B cells,tnfa_nfkb_proximal,N4,50.0,55.0,-0.0012103334303693617,-0.0019257418257312812,-0.00043546851512190856
SPLN07,tierAmg_p95,B cells,tnfa_nfkb_proximal,N4,55.0,60.0,-0.0012088500775299135,-0.002135190865591555,-0.0003003091573963305
SPLN07,tierAmg_p95,B cells,tnfa_nfkb_proximal,N4,60.0,65.0,-0.0011605114263022783,-0.0021527995798201085,-1.3647357281068332e-05
SPLN07,tierAmg_p95,B cells,tnfa_nfkb_proximal,N4,65.0,70.0,-0.0011898131267459092,-0.0025275686604031883,-4.7170209613045736e-05
SPLN07,tierAmg_p95,B cells,tnfa_nfkb_proximal,N4,70.0,75.0,-0.0011934425811942657,-0.0024337218743041202,0.00015753466786278276
SPLN07,tierAmg_p95,B cells,tnfa_nfkb_proximal,N4,75.0,80.0,-0.0012354000460089885,-0.0025487934137164974,0.00013285233954133448
SPLN07,tierAmg_p95,B cells,tnfa_nfkb_proximal,N4,80.0,85.0,-0.0011835358936601087,-0.0027319731935011573,0.0002470587063443305
SPLN07,tierAmg_p95,B cells,tnfa_nfkb_proximal,N4,85.0,90.0,-0.0011947545164645698,-0.0027381118684674482,0.00041562679931743293
SPLN07,tierAmg_p95,B cells,tnfa_nfkb_proximal,N4,90.0,95.0,-0.0011630878569294384,-0.0026739179713897603,0.0006902783632784288
SPLN07,tierAmg_p95,B cells,tnfa_nfkb_proximal,N4,95.0,100.0,-0.0011765464816642778,-0.0018018033962530773,-0.0007701640965897417
SPLN07,tierA_p95,B cells,downstream_arrest,N1,0.0,5.0,0.004559244657652762,0.004271171870810483,0.004850439819936812
SPLN07,tierA_p95,B cells,downstream_arrest,N1,5.0,10.0,0.004763911470193915,0.00460615703062851,0.0049162261338071035
SPLN07,tierA_p95,B cells,downstream_arrest,N1,10.0,15.0,0.004714381996003589,0.004572276085765888,0.0048510926946167855
SPLN07,tierA_p95,B cells,downstream_arrest,N1,15.0,20.0,0.004685760447402447,0.0045339116665328826,0.004847136564326412
SPLN07,tierA_p95,B cells,downstream_arrest,N1,20.0,25.0,0.004513404383744066,0.004320065570251748,0.004700445317399896
SPLN07,tierA_p95,B cells,downstream_arrest,N1,25.0,30.0,0.004340098475635751,0.004081206194722614,0.004586337949075102
SPLN07,tierA_p95,B cells,downstream_arrest,N1,30.0,35.0,0.004130768133548937,0.003769566813814602,0.004486321980065701
SPLN07,tierA_p95,B cells,downstream_arrest,N1,35.0,40.0,0.0038549141232407064,0.0033204233156768296,0.004387180718791684
SPLN07,tierA_p95,B cells,downstream_arrest,N1,40.0,45.0,0.0035611160793753574,0.002712001755056916,0.004387850541208622
SPLN07,tierA_p95,B cells,downstream_arrest,N1,45.0,50.0,0.0033241529902658935,0.00203746921544993,0.004605899715004457
SPLN07,tierA_p95,B cells,downstream_arrest,N1,50.0,55.0,0.00305328863944576,0.0010883863412015093,0.005037319676849903
SPLN07,tierA_p95,B cells,downstream_arrest,N1,55.0,60.0,0.0028449076872732195,-0.0002209392977238167,0.006081540112380627
SPLN07,tierA_p95,B cells,downstream_arrest,N1,60.0,65.0,0.0027501086549561998,-0.0021127916092458085,0.007724312409118281
SPLN07,tierA_p95,B cells,downstream_arrest,N1,65.0,70.0,0.0027192734529459567,-0.004537500026344787,0.01035550019441871
SPLN07,tierA_p95,B cells,downstream_arrest,N1,70.0,75.0,0.0028100621270811055,-0.006479374982882291,0.013354375259950752
SPLN07,tierA_p95,B cells,downstream_arrest,N1,75.0,80.0,0.0026281994558218637,-0.007380250003188848,0.014270000159740448
SPLN07,tierA_p95,B cells,downstream_arrest,N1,80.0,85.0,0.0022137023376795494,-0.007502999948337674,0.01335399989038702
SPLN07,tierA_p95,B cells,downstream_arrest,N1,85.0,90.0,0.0027773241989450526,-0.006048749899491668,0.012331249890848994
SPLN07,tierA_p95,B cells,downstream_arrest,N1,90.0,95.0,0.003824340641712473,-0.004832375024852809,0.011950000189244747
SPLN07,tierA_p95,B cells,downstream_arrest,N1,95.0,100.0,0.004749676182331552,-0.002684749983018264,0.009926250157877795
SPLN07,tierA_p95,B cells,emt_ecm,N1,0.0,5.0,-0.0038436850971154115,-0.004162215055496136,-0.0035070153709722647
SPLN07,tierA_p95,B cells,emt_ecm,N1,5.0,10.0,-0.004088642982472907,-0.004254625998261103,-0.003907276227541535
SPLN07,tierA_p95,B cells,emt_ecm,N1,10.0,15.0,-0.004038756064014275,-0.0041966065363931195,-0.003884011190852852
SPLN07,tierA_p95,B cells,emt_ecm,N1,15.0,20.0,-0.003918343902576277,-0.004084689745278489,-0.0037579217656201662
SPLN07,tierA_p95,B cells,emt_ecm,N1,20.0,25.0,-0.003774247802874278,-0.003990286511184542,-0.0035852625271593657
SPLN07,tierA_p95,B cells,emt_ecm,N1,25.0,30.0,-0.003561500745569925,-0.0038508778599169674,-0.0032663947049979933
SPLN07,tierA_p95,B cells,emt_ecm,N1,30.0,35.0,-0.0033455564815880264,-0.0038046307279230997,-0.00290113985420472
SPLN07,tierA_p95,B cells,emt_ecm,N1,35.0,40.0,-0.003086194281455091,-0.0036959827554398327,-0.0024064297661141637
SPLN07,tierA_p95,B cells,emt_ecm,N1,40.0,45.0,-0.0028593658891111974,-0.003863086882117195,-0.0018450397928037317
SPLN07,tierA_p95,B cells,emt_ecm,N1,45.0,50.0,-0.002645819716880681,-0.003996028573897538,-0.0011184051840720894
SPLN07,tierA_p95,B cells,emt_ecm,N1,50.0,55.0,-0.0024651609262157123,-0.004683815527256403,4.8142330263108576e-05
SPLN07,tierA_p95,B cells,emt_ecm,N1,55.0,60.0,-0.0023422743613805736,-0.005969237490850598,0.0018011666304035693
SPLN07,tierA_p95,B cells,emt_ecm,N1,60.0,65.0,-0.002322341639905871,-0.007866690419004521,0.005445666714634474
SPLN07,tierA_p95,B cells,emt_ecm,N1,65.0,70.0,-0.0025696585255402804,-0.01011656253831461,0.008047499706056746
SPLN07,tierA_p95,B cells,emt_ecm,N1,70.0,75.0,-0.001970612258283115,-0.01081974981352687,0.016450000926852226
SPLN07,tierA_p95,B cells,emt_ecm,N1,75.0,80.0,-0.0016951501588412232,-0.011035249882843346,0.02012999914586544
SPLN07,tierA_p95,B cells,emt_ecm,N1,80.0,85.0,-0.0013455339749593107,-0.011326000094413757,0.022690000012516975
SPLN07,tierA_p95,B cells,emt_ecm,N1,85.0,90.0,0.00019530271201044036,-0.010746250161901116,0.024816249730065465
SPLN07,tierA_p95,B cells,emt_ecm,N1,90.0,95.0,0.0013447114348349677,-0.01066999975591898,0.025839999318122864
SPLN07,tierA_p95,B cells,emt_ecm,N1,95.0,100.0,0.007578080417379716,-0.009485500049777329,0.025839999318122864
SPLN07,tierA_p95,B cells,il6_jak_stat3,N1,0.0,5.0,0.0035924537657393996,0.003118725999427324,0.004018160755975435
SPLN07,tierA_p95,B cells,il6_jak_stat3,N1,5.0,10.0,0.003550831495310256,0.0033241296690403235,0.003785338075552402
SPLN07,tierA_p95,B cells,il6_jak_stat3,N1,10.0,15.0,0.0035410194641845596,0.0033376412792015227,0.0037596569593383016
SPLN07,tierA_p95,B cells,il6_jak_stat3,N1,15.0,20.0,0.00361273959469261,0.0033685282808718917,0.003854344063255271
SPLN07,tierA_p95,B cells,il6_jak_stat3,N1,20.0,25.0,0.0036297630917808484,0.0033508805328733428,0.0039334297987055015
SPLN07,tierA_p95,B cells,il6_jak_stat3,N1,25.0,30.0,0.0036852324284744166,0.0033236719794735897,0.004063567367257832
SPLN07,tierA_p95,B cells,il6_jak_stat3,N1,30.0,35.0,0.003735303180052665,0.0031949655958408004,0.004283392201641836
SPLN07,tierA_p95,B cells,il6_jak_stat3,N1,35.0,40.0,0.0037703001127797143,0.0029525230564567692,0.004596704511927917
SPLN07,tierA_p95,B cells,il6_jak_stat3,N1,40.0,45.0,0.0038185864002198747,0.0026133868036694805,0.0050091927948135405
SPLN07,tierA_p95,B cells,il6_jak_stat3,N1,45.0,50.0,0.003853137490264064,0.0018951423121324623,0.005855708111398582
SPLN07,tierA_p95,B cells,il6_jak_stat3,N1,50.0,55.0,0.0038093071126662154,0.0006383368301538774,0.006895195942023141
SPLN07,tierA_p95,B cells,il6_jak_stat3,N1,55.0,60.0,0.0037438642030215787,-0.001120011950843036,0.009160832782648728
SPLN07,tierA_p95,B cells,il6_jak_stat3,N1,60.0,65.0,0.0037908344095546457,-0.00335280357828976,0.011642066801820571
SPLN07,tierA_p95,B cells,il6_jak_stat3,N1,65.0,70.0,0.003861806005957522,-0.007782500353641808,0.0167874998296611
SPLN07,tierA_p95,B cells,il6_jak_stat3,N1,70.0,75.0,0.005330552743524305,-0.009979999624192715,0.02819787445478137
SPLN07,tierA_p95,B cells,il6_jak_stat3,N1,75.0,80.0,0.005825999292887858,-0.010526749747805297,0.03325999900698662
SPLN07,tierA_p95,B cells,il6_jak_stat3,N1,80.0,85.0,0.0087472715603982,-0.010057999938726424,0.03325999900698662
SPLN07,tierA_p95,B cells,il6_jak_stat3,N1,85.0,90.0,0.008029986920680205,-0.009949999745003879,0.03325999900698662
SPLN07,tierA_p95,B cells,il6_jak_stat3,N1,90.0,95.0,0.009385439476891438,-0.00996424974873662,0.03325999900698662
SPLN07,tierA_p95,B cells,il6_jak_stat3,N1,95.0,100.0,0.01201562906835981,-0.002219999907538295,0.03325999900698662
SPLN07,tierA_p95,B cells,interferon_response,N1,0.0,5.0,0.007545371499522785,0.007147789649898367,0.007945407362783697
SPLN07,tierA_p95,B cells,interferon_response,N1,5.0,10.0,0.00767895742519372,0.007492708853928088,0.007867622271004085
SPLN07,tierA_p95,B cells,interferon_response,N1,10.0,15.0,0.007640812949183765,0.007460486403567598,0.007813327163167827
SPLN07,tierA_p95,B cells,interferon_response,N1,15.0,20.0,0.0076414975424826705,0.007444055845876683,0.007835961957346925
SPLN07,tierA_p95,B cells,interferon_response,N1,20.0,25.0,0.007637988997018803,0.007388144185682871,0.007874823759317313
SPLN07,tierA_p95,B cells,interferon_response,N1,25.0,30.0,0.007608257018724446,0.00729849307189869,0.007915024216575776
SPLN07,tierA_p95,B cells,interferon_response,N1,30.0,35.0,0.007639224763800353,0.007191366712533003,0.008084449262876558
SPLN07,tierA_p95,B cells,interferon_response,N1,35.0,40.0,0.0075896880648684386,0.006933445154205221,0.008249443878592149
SPLN07,tierA_p95,B cells,interferon_response,N1,40.0,45.0,0.007562336874468698,0.006477217387072719,0.00855745066641786
SPLN07,tierA_p95,B cells,interferon_response,N1,45.0,50.0,0.00757962591938515,0.005985002450064627,0.009322033220443636
SPLN07,tierA_p95,B cells,interferon_response,N1,50.0,55.0,0.007459860269162374,0.004895546717695513,0.010033002164650027
SPLN07,tierA_p95,B cells,interferon_response,N1,55.0,60.0,0.007327852507259361,0.0034774388277481294,0.011534676420577693
SPLN07,tierA_p95,B cells,interferon_response,N1,60.0,65.0,0.007405855688454705,0.0013627874413941756,0.0140815209049227
SPLN07,tierA_p95,B cells,interferon_response,N1,65.0,70.0,0.007316197535748676,-0.0030515625257976353,0.01946343756086814
SPLN07,tierA_p95,B cells,interferon_response,N1,70.0,75.0,0.007974088276953766,-0.005473874915332999,0.02515437495894727
SPLN07,tierA_p95,B cells,interferon_response,N1,75.0,80.0,0.008966935658609579,-0.007449999917298555,0.03663000091910362
SPLN07,tierA_p95,B cells,interferon_response,N1,80.0,85.0,0.011048560153649694,-0.0065119998995214695,0.03663000091910362
SPLN07,tierA_p95,B cells,interferon_response,N1,85.0,90.0,0.009995540449693863,-0.009031249734107405,0.03663000091910362
SPLN07,tierA_p95,B cells,interferon_response,N1,90.0,95.0,0.01090226654913093,-0.00826225001947023,0.03663000091910362
SPLN07,tierA_p95,B cells,interferon_response,N1,95.0,100.0,0.010395636562355972,-0.0072662499151192605,0.03663000091910362
SPLN07,tierA_p95,B cells,oxidative_stress,N1,0.0,5.0,0.010062706955257027,0.009232954248126972,0.010869637693684374
SPLN07,tierA_p95,B cells,oxidative_stress,N1,5.0,10.0,0.010292328889827448,0.00991091583112119,0.010662273403327304
SPLN07,tierA_p95,B cells,oxidative_stress,N1,10.0,15.0,0.01022937689800445,0.009890578799102087,0.010594832656515807
SPLN07,tierA_p95,B cells,oxidative_stress,N1,15.0,20.0,0.01019058920253033,0.009781752826690355,0.010596925805633341
SPLN07,tierA_p95,B cells,oxidative_stress,N1,20.0,25.0,0.010199211546586604,0.009727869832238315,0.010668790906620321
SPLN07,tierA_p95,B cells,oxidative_stress,N1,25.0,30.0,0.010160078580864032,0.009576968629591892,0.010757050803461364
SPLN07,tierA_p95,B cells,oxidative_stress,N1,30.0,35.0,0.01006160428959668,0.009174073423286544,0.010982551831811044
SPLN07,tierA_p95,B cells,oxidative_stress,N1,35.0,40.0,0.009940205594800638,0.008576751825136297,0.011395257894602247
SPLN07,tierA_p95,B cells,oxidative_stress,N1,40.0,45.0,0.009792959197867572,0.007630845259765832,0.011972507482763954
SPLN07,tierA_p95,B cells,oxidative_stress,N1,45.0,50.0,0.009418048209614855,0.006147479848093994,0.01282643050412276
SPLN07,tierA_p95,B cells,oxidative_stress,N1,50.0,55.0,0.009052108892205948,0.004054334757734454,0.014410745212382232
SPLN07,tierA_p95,B cells,oxidative_stress,N1,55.0,60.0,0.008552581385938762,0.0005763650157023222,0.01776345966068178
SPLN07,tierA_p95,B cells,oxidative_stress,N1,60.0,65.0,0.008217215440447033,-0.004539212535601109,0.023549469867650646
SPLN07,tierA_p95,B cells,oxidative_stress,N1,65.0,70.0,0.006233444107025431,-0.012128749978728592,0.028584583701255422
SPLN07,tierA_p95,B cells,oxidative_stress,N1,70.0,75.0,0.006951162162393379,-0.012719999998807907,0.03670499948784708
SPLN07,tierA_p95,B cells,oxidative_stress,N1,75.0,80.0,0.005752844803699735,-0.013360749906860292,0.04801775114610789
SPLN07,tierA_p95,B cells,oxidative_stress,N1,80.0,85.0,0.005181351957280212,-0.013770000077784061,0.04681000038981426
SPLN07,tierA_p95,B cells,oxidative_stress,N1,85.0,90.0,0.002255247466242357,-0.013249999843537807,0.04473999887704849
SPLN07,tierA_p95,B cells,oxidative_stress,N1,90.0,95.0,0.0008601283021535614,-0.013249999843537807,0.05787450131028879
SPLN07,tierA_p95,B cells,oxidative_stress,N1,95.0,100.0,-0.0022670948327383187,-0.013249999843537807,0.01929337495239451
SPLN07,tierA_p95,B cells,secondary_senescence,N1,0.0,5.0,-0.004196259357355707,-0.004433049653289604,-0.0039443911234770266
SPLN07,tierA_p95,B cells,secondary_senescence,N1,5.0,10.0,-0.004374289053725981,-0.004496807184228727,-0.004252158195470277
SPLN07,tierA_p95,B cells,secondary_senescence,N1,10.0,15.0,-0.004327201464545782,-0.004441575126363151,-0.0042104846743055875
SPLN07,tierA_p95,B cells,secondary_senescence,N1,15.0,20.0,-0.004282864172705936,-0.004409677925469536,-0.0041559829854095065
SPLN07,tierA_p95,B cells,secondary_senescence,N1,20.0,25.0,-0.004189008172652715,-0.004334239387476054,-0.0040305940180105524
SPLN07,tierA_p95,B cells,secondary_senescence,N1,25.0,30.0,-0.004080956137757479,-0.004290328307800663,-0.0038825820623504276
SPLN07,tierA_p95,B cells,secondary_senescence,N1,30.0,35.0,-0.003965657584536901,-0.004263906408877551,-0.0036825690245465424
SPLN07,tierA_p95,B cells,secondary_senescence,N1,35.0,40.0,-0.003805325043963206,-0.004276362088495604,-0.003314686816687045
SPLN07,tierA_p95,B cells,secondary_senescence,N1,40.0,45.0,-0.0036654474257884714,-0.004343346221903067,-0.00292482616332201
SPLN07,tierA_p95,B cells,secondary_senescence,N1,45.0,50.0,-0.003492799950037189,-0.00462983039657065,-0.0023590446692140807
SPLN07,tierA_p95,B cells,secondary_senescence,N1,50.0,55.0,-0.0033766224310913646,-0.005012448222502386,-0.001542631181999114
SPLN07,tierA_p95,B cells,secondary_senescence,N1,55.0,60.0,-0.0032220116251802625,-0.005831004807329849,-0.00017354490676856364
SPLN07,tierA_p95,B cells,secondary_senescence,N1,60.0,65.0,-0.003148750993674135,-0.007363300084058816,0.0015656498575117343
SPLN07,tierA_p95,B cells,secondary_senescence,N1,65.0,70.0,-0.0028074080147202723,-0.009415625070687383,0.005120000047099893
SPLN07,tierA_p95,B cells,secondary_senescence,N1,70.0,75.0,-0.0022585859171161712,-0.010456499992869794,0.011049999855458736
SPLN07,tierA_p95,B cells,secondary_senescence,N1,75.0,80.0,-0.0014332869253456876,-0.010599999688565731,0.012214250001125014
SPLN07,tierA_p95,B cells,secondary_senescence,N1,80.0,85.0,-0.00045488069364449824,-0.011540000326931477,0.015122000128030777
SPLN07,tierA_p95,B cells,secondary_senescence,N1,85.0,90.0,7.238933121319258e-05,-0.010248749982565641,0.015130000188946724
SPLN07,tierA_p95,B cells,secondary_senescence,N1,90.0,95.0,0.0013436767422674513,-0.010160000063478947,0.015130000188946724
SPLN07,tierA_p95,B cells,secondary_senescence,N1,95.0,100.0,0.0024965116648652972,-0.009759999811649323,0.011049999855458736
SPLN07,tierA_p95,B cells,tnfa_nfkb_proximal,N1,0.0,5.0,-0.0012403186281319783,-0.0015153101891413152,-0.0009290296543263759
SPLN07,tierA_p95,B cells,tnfa_nfkb_proximal,N1,5.0,10.0,-0.0012781335458284984,-0.001414374269849625,-0.001129954264360289
SPLN07,tierA_p95,B cells,tnfa_nfkb_proximal,N1,10.0,15.0,-0.0012880001004806454,-0.001417125543410477,-0.0011486111943107054
SPLN07,tierA_p95,B cells,tnfa_nfkb_proximal,N1,15.0,20.0,-0.0012643596683554858,-0.0014047362215295252,-0.001123793143377726
SPLN07,tierA_p95,B cells,tnfa_nfkb_proximal,N1,20.0,25.0,-0.0012571814112156898,-0.0014459713651349007,-0.0010882836215525503
SPLN07,tierA_p95,B cells,tnfa_nfkb_proximal,N1,25.0,30.0,-0.0012452997932120688,-0.0014869042786047786,-0.0010074894857627905
SPLN07,tierA_p95,B cells,tnfa_nfkb_proximal,N1,30.0,35.0,-0.00124464451452471,-0.0015906856235335955,-0.0008803794539253461
SPLN07,tierA_p95,B cells,tnfa_nfkb_proximal,N1,35.0,40.0,-0.0012301121729888678,-0.0017350124947583287,-0.0006918155070832486
SPLN07,tierA_p95,B cells,tnfa_nfkb_proximal,N1,40.0,45.0,-0.0012511274731800456,-0.0020364605987184406,-0.0004572809814415893
SPLN07,tierA_p95,B cells,tnfa_nfkb_proximal,N1,45.0,50.0,-0.0012828191510066505,-0.0024357382514004823,-7.991723207702412e-05
SPLN07,tierA_p95,B cells,tnfa_nfkb_proximal,N1,50.0,55.0,-0.0012738696407908192,-0.0031767606740062807,0.0007272390117404111
SPLN07,tierA_p95,B cells,tnfa_nfkb_proximal,N1,55.0,60.0,-0.0010391832712683482,-0.004013427094113943,0.002937858230434357
SPLN07,tierA_p95,B cells,tnfa_nfkb_proximal,N1,60.0,65.0,-0.0008548929424518413,-0.0062595982962355785,0.005702775916489325
SPLN07,tierA_p95,B cells,tnfa_nfkb_proximal,N1,65.0,70.0,-0.0005868920524505217,-0.008916562495869584,0.012676874746830435
SPLN07,tierA_p95,B cells,tnfa_nfkb_proximal,N1,70.0,75.0,0.0014734172427964191,-0.009840000420808792,0.02345708260448494
SPLN07,tierA_p95,B cells,tnfa_nfkb_proximal,N1,75.0,80.0,8.385621192136824e-05,-0.010306749935261905,0.022191999689675803
SPLN07,tierA_p95,B cells,tnfa_nfkb_proximal,N1,80.0,85.0,0.001354616620163253,-0.012070000171661377,0.030564999161288124
SPLN07,tierA_p95,B cells,tnfa_nfkb_proximal,N1,85.0,90.0,0.00502719387661917,-0.01017000013962388,0.05548999831080437
SPLN07,tierA_p95,B cells,tnfa_nfkb_proximal,N1,90.0,95.0,0.010632971304260073,-0.0106800002977252,0.05548999831080437
SPLN07,tierA_p95,B cells,tnfa_nfkb_proximal,N1,95.0,100.0,0.02060383890565107,-0.009832500398624688,0.05548999831080437
SPLN07,tierA_p95,B cells,downstream_arrest,N3,0.0,5.0,0.004553464575125367,0.0038727199807356903,0.0050800523323634725
SPLN07,tierA_p95,B cells,downstream_arrest,N3,5.0,10.0,0.004544767399140194,0.003913211385345722,0.004972926371103962
SPLN07,tierA_p95,B cells,downstream_arrest,N3,10.0,15.0,0.004546619484679656,0.004007783024302399,0.004929827075702566
SPLN07,tierA_p95,B cells,downstream_arrest,N3,15.0,20.0,0.004544242513977557,0.003994900575374783,0.004923255415743872
SPLN07,tierA_p95,B cells,downstream_arrest,N3,20.0,25.0,0.004548757865839039,0.003985590280028884,0.004919019577847404
SPLN07,tierA_p95,B cells,downstream_arrest,N3,25.0,30.0,0.00455080974412783,0.00402709902260781,0.004931612730548573
SPLN07,tierA_p95,B cells,downstream_arrest,N3,30.0,35.0,0.0045613734347899814,0.0039989568622056226,0.0049729357024082595
SPLN07,tierA_p95,B cells,downstream_arrest,N3,35.0,40.0,0.004555818277590289,0.00390605244275121,0.005061160795622226
SPLN07,tierA_p95,B cells,downstream_arrest,N3,40.0,45.0,0.0045518605614284025,0.003827400253101929,0.005204289316906328
SPLN07,tierA_p95,B cells,downstream_arrest,N3,45.0,50.0,0.004550948604695269,0.003752627028181201,0.005288049084121193
SPLN07,tierA_p95,B cells,downstream_arrest,N3,50.0,55.0,0.004521161395376209,0.00348330419103921,0.005390539244086981
SPLN07,tierA_p95,B cells,downstream_arrest,N3,55.0,60.0,0.004524278881678295,0.0034028847797316773,0.005551299568106837
SPLN07,tierA_p95,B cells,downstream_arrest,N3,60.0,65.0,0.004494474743288269,0.0032516721951131662,0.005570707936087475
SPLN07,tierA_p95,B cells,downstream_arrest,N3,65.0,70.0,0.004516001907003252,0.0031326932048193583,0.005695772954990125
SPLN07,tierA_p95,B cells,downstream_arrest,N3,70.0,75.0,0.004485721833706943,0.0029494201066780855,0.005763652282129681
SPLN07,tierA_p95,B cells,downstream_arrest,N3,75.0,80.0,0.004490261116715745,0.0030720889466712455,0.005733321100218278
SPLN07,tierA_p95,B cells,downstream_arrest,N3,80.0,85.0,0.00445286083976527,0.0028626734531390745,0.005742373641725124
SPLN07,tierA_p95,B cells,downstream_arrest,N3,85.0,90.0,0.004469819310068356,0.0029084200736249517,0.005803072738297984
SPLN07,tierA_p95,B cells,downstream_arrest,N3,90.0,95.0,0.004477456385956032,0.002888023772328814,0.005854112388588041
SPLN07,tierA_p95,B cells,downstream_arrest,N3,95.0,100.0,0.004461421387834461,0.0030655471135001555,0.005117520469391017
SPLN07,tierA_p95,B cells,emt_ecm,N3,0.0,5.0,-0.0038274985886129717,-0.004506824216112974,-0.002924941586065538
SPLN07,tierA_p95,B cells,emt_ecm,N3,5.0,10.0,-0.0038174438758124722,-0.004378577971583221,-0.003057975299599571
SPLN07,tierA_p95,B cells,emt_ecm,N3,10.0,15.0,-0.0038150466043591685,-0.00435729710247065,-0.0030963426331924522
SPLN07,tierA_p95,B cells,emt_ecm,N3,15.0,20.0,-0.003821929525297371,-0.004306424736963264,-0.0030934571244574252
SPLN07,tierA_p95,B cells,emt_ecm,N3,20.0,25.0,-0.0038190457308059224,-0.004285062505055206,-0.0031134564861578285
SPLN07,tierA_p95,B cells,emt_ecm,N3,25.0,30.0,-0.0038183986192158307,-0.004326995133244434,-0.003071345918215855
SPLN07,tierA_p95,B cells,emt_ecm,N3,30.0,35.0,-0.0038223368729571466,-0.004372135462679184,-0.003078813549402497
SPLN07,tierA_p95,B cells,emt_ecm,N3,35.0,40.0,-0.0038279214892246996,-0.00448524399716675,-0.0030456130230614806
SPLN07,tierA_p95,B cells,emt_ecm,N3,40.0,45.0,-0.003842047030866687,-0.00455577140944345,-0.002951902538299887
SPLN07,tierA_p95,B cells,emt_ecm,N3,45.0,50.0,-0.003811996361186531,-0.004674551722538553,-0.0028290390613897503
SPLN07,tierA_p95,B cells,emt_ecm,N3,50.0,55.0,-0.0037884852017181867,-0.004862741602541874,-0.0025376094109050788
SPLN07,tierA_p95,B cells,emt_ecm,N3,55.0,60.0,-0.003760952113649409,-0.005020639171623719,-0.0023350759487207975
SPLN07,tierA_p95,B cells,emt_ecm,N3,60.0,65.0,-0.003762557531094468,-0.0051339141807061105,-0.00216983022544359
SPLN07,tierA_p95,B cells,emt_ecm,N3,65.0,70.0,-0.0037546214460636006,-0.005133677303834737,-0.002051688036619356
SPLN07,tierA_p95,B cells,emt_ecm,N3,70.0,75.0,-0.0037277200894022017,-0.005193717248795103,-0.0018134413329727686
SPLN07,tierA_p95,B cells,emt_ecm,N3,75.0,80.0,-0.003756483728886084,-0.005281444553579254,-0.0018175643446506475
SPLN07,tierA_p95,B cells,emt_ecm,N3,80.0,85.0,-0.0037035679004557877,-0.005351996292937708,-0.0016786892381344346
SPLN07,tierA_p95,B cells,emt_ecm,N3,85.0,90.0,-0.0037024855885153,-0.005279869686767119,-0.0014579837260353327
SPLN07,tierA_p95,B cells,emt_ecm,N3,90.0,95.0,-0.003710673394547552,-0.005333700876188004,-0.0015977932050827803
SPLN07,tierA_p95,B cells,emt_ecm,N3,95.0,100.0,-0.0037107687478252134,-0.004553713002335959,-0.002212677889595458
SPLN07,tierA_p95,B cells,il6_jak_stat3,N3,0.0,5.0,0.003570671165487022,0.0029170963323991157,0.004277269576530988
SPLN07,tierA_p95,B cells,il6_jak_stat3,N3,5.0,10.0,0.0036090248156394997,0.0031726794153999743,0.004100570576088924
SPLN07,tierA_p95,B cells,il6_jak_stat3,N3,10.0,15.0,0.00359714688964359,0.003170355998565284,0.003995539003050545
SPLN07,tierA_p95,B cells,il6_jak_stat3,N3,15.0,20.0,0.0036062557481960768,0.003185640254221196,0.004037655900382836
SPLN07,tierA_p95,B cells,il6_jak_stat3,N3,20.0,25.0,0.0036053706164646195,0.003165891177661467,0.004028703062450968
SPLN07,tierA_p95,B cells,il6_jak_stat3,N3,25.0,30.0,0.003612551667309675,0.00312349318303425,0.004131111848032375
SPLN07,tierA_p95,B cells,il6_jak_stat3,N3,30.0,35.0,0.0036243437333101764,0.0030228627058883828,0.00419648457461652
SPLN07,tierA_p95,B cells,il6_jak_stat3,N3,35.0,40.0,0.003597477562567124,0.0029320232413238365,0.004303385160854108
SPLN07,tierA_p95,B cells,il6_jak_stat3,N3,40.0,45.0,0.003607456436126406,0.0027676862554041315,0.004398127912813883
SPLN07,tierA_p95,B cells,il6_jak_stat3,N3,45.0,50.0,0.003610417817189467,0.002624715994239795,0.0046454404118408685
SPLN07,tierA_p95,B cells,il6_jak_stat3,N3,50.0,55.0,0.003623237423628499,0.0025285802067759305,0.004852971208445235
SPLN07,tierA_p95,B cells,il6_jak_stat3,N3,55.0,60.0,0.003611365432729326,0.002415852541317855,0.00492612213406937
SPLN07,tierA_p95,B cells,il6_jak_stat3,N3,60.0,65.0,0.003591527380506173,0.0021275423791809493,0.004981264172918846
SPLN07,tierA_p95,B cells,il6_jak_stat3,N3,65.0,70.0,0.0036278220369892044,0.002062080043320633,0.005308551450855995
SPLN07,tierA_p95,B cells,il6_jak_stat3,N3,70.0,75.0,0.0036644977494503087,0.00215358997569149,0.005366846538082321
SPLN07,tierA_p95,B cells,il6_jak_stat3,N3,75.0,80.0,0.0036491488337147236,0.002016881195531841,0.005349572076160889
SPLN07,tierA_p95,B cells,il6_jak_stat3,N3,80.0,85.0,0.0036682949393112524,0.0019804711693431477,0.00556331475682139
SPLN07,tierA_p95,B cells,il6_jak_stat3,N3,85.0,90.0,0.0036283076758921035,0.0020272301682239314,0.005590436880509523
SPLN07,tierA_p95,B cells,il6_jak_stat3,N3,90.0,95.0,0.003704435828033872,0.001958994569431393,0.0058574087967003955
SPLN07,tierA_p95,B cells,il6_jak_stat3,N3,95.0,100.0,0.003637355518953565,0.003274316181904369,0.004141731318811731
SPLN07,tierA_p95,B cells,interferon_response,N3,0.0,5.0,0.00763281367174744,0.007039860091490519,0.008226214682045613
SPLN07,tierA_p95,B cells,interferon_response,N3,5.0,10.0,0.007636387955980737,0.007236486044567369,0.008030602030062443
SPLN07,tierA_p95,B cells,interferon_response,N3,10.0,15.0,0.007621624640128494,0.007256482477322919,0.007977269441490574
SPLN07,tierA_p95,B cells,interferon_response,N3,15.0,20.0,0.007625741658113683,0.007252360185280292,0.007971381255179507
SPLN07,tierA_p95,B cells,interferon_response,N3,20.0,25.0,0.007625544804874207,0.007257960424839827,0.007969797635266696
SPLN07,tierA_p95,B cells,interferon_response,N3,25.0,30.0,0.0076446721288900695,0.0072204044646081555,0.008030916849703449
SPLN07,tierA_p95,B cells,interferon_response,N3,30.0,35.0,0.007634082555636261,0.007163895886734164,0.008090944891049215
SPLN07,tierA_p95,B cells,interferon_response,N3,35.0,40.0,0.007641714557485328,0.007042428483561495,0.00824930519467746
SPLN07,tierA_p95,B cells,interferon_response,N3,40.0,45.0,0.007619377201247292,0.006935172193487347,0.008318290633174163
SPLN07,tierA_p95,B cells,interferon_response,N3,45.0,50.0,0.00763380124370462,0.006875751503215134,0.008401256525120136
SPLN07,tierA_p95,B cells,interferon_response,N3,50.0,55.0,0.007621655735286058,0.006659355256128981,0.008601802292774244
SPLN07,tierA_p95,B cells,interferon_response,N3,55.0,60.0,0.007633437174039537,0.006556701513188103,0.008703432755351459
SPLN07,tierA_p95,B cells,interferon_response,N3,60.0,65.0,0.007612631474494714,0.0064482476314768064,0.00876081637457556
SPLN07,tierA_p95,B cells,interferon_response,N3,65.0,70.0,0.007594037324214781,0.006436614969479927,0.008846226010554549
SPLN07,tierA_p95,B cells,interferon_response,N3,70.0,75.0,0.007616896991025073,0.006242075191146991,0.008882088840436066
SPLN07,tierA_p95,B cells,interferon_response,N3,75.0,80.0,0.007619109369009685,0.00622690064620513,0.009007832960486427
SPLN07,tierA_p95,B cells,interferon_response,N3,80.0,85.0,0.007615204254400262,0.006188102710876413,0.009231102637991786
SPLN07,tierA_p95,B cells,interferon_response,N3,85.0,90.0,0.007646165858710502,0.006209405370699442,0.009150399082042363
SPLN07,tierA_p95,B cells,interferon_response,N3,90.0,95.0,0.00767684184974867,0.006064446410476158,0.00913366131618948
SPLN07,tierA_p95,B cells,interferon_response,N3,95.0,100.0,0.007624733706716372,0.0072985072658174385,0.007911627119394667
SPLN07,tierA_p95,B cells,oxidative_stress,N3,0.0,5.0,0.010204667068867804,0.009061230061614814,0.011389403729134715
SPLN07,tierA_p95,B cells,oxidative_stress,N3,5.0,10.0,0.010172625148053905,0.00944912564784613,0.010857027154788227
SPLN07,tierA_p95,B cells,oxidative_stress,N3,10.0,15.0,0.01016555029830084,0.009461244591362916,0.010776891656515948
SPLN07,tierA_p95,B cells,oxidative_stress,N3,15.0,20.0,0.010172855251898028,0.009447235354893765,0.010767653519312567
SPLN07,tierA_p95,B cells,oxidative_stress,N3,20.0,25.0,0.010183477627067191,0.009482637412306308,0.010878305970944566
SPLN07,tierA_p95,B cells,oxidative_stress,N3,25.0,30.0,0.010164792457787314,0.00937663520824348,0.010956387714638497
SPLN07,tierA_p95,B cells,oxidative_stress,N3,30.0,35.0,0.010187589689029082,0.009290335392191068,0.011054746472783046
SPLN07,tierA_p95,B cells,oxidative_stress,N3,35.0,40.0,0.010187370682927297,0.009040916209559451,0.011279535756459534
SPLN07,tierA_p95,B cells,oxidative_stress,N3,40.0,45.0,0.010210991447720525,0.008898837814863926,0.011602472451266183
SPLN07,tierA_p95,B cells,oxidative_stress,N3,45.0,50.0,0.010149196336038401,0.008556524948012735,0.011680371097271902
SPLN07,tierA_p95,B cells,oxidative_stress,N3,50.0,55.0,0.01017066469996116,0.00827050524648131,0.012015120067063893
SPLN07,tierA_p95,B cells,oxidative_stress,N3,55.0,60.0,0.010116612283638712,0.007963147509418051,0.012159382428953794
SPLN07,tierA_p95,B cells,oxidative_stress,N3,60.0,65.0,0.01019897386774687,0.007884509568683293,0.012365386277945051
SPLN07,tierA_p95,B cells,oxidative_stress,N3,65.0,70.0,0.010123986067751407,0.007671474805157873,0.01240841824967851
SPLN07,tierA_p95,B cells,oxidative_stress,N3,70.0,75.0,0.010188703681150539,0.007463871482266134,0.012855010551046658
SPLN07,tierA_p95,B cells,oxidative_stress,N3,75.0,80.0,0.010192157303330571,0.007560697506042228,0.013013685459486314
SPLN07,tierA_p95,B cells,oxidative_stress,N3,80.0,85.0,0.010180474330896224,0.007276475592094019,0.01307765260138244
SPLN07,tierA_p95,B cells,oxidative_stress,N3,85.0,90.0,0.010140369651153659,0.006787861800272057,0.01297681541725489
SPLN07,tierA_p95,B cells,oxidative_stress,N3,90.0,95.0,0.010100254487981236,0.0073120540718124025,0.013078690370139092
SPLN07,tierA_p95,B cells,oxidative_stress,N3,95.0,100.0,0.010184767669856737,0.009649775149488955,0.010629158153928554
SPLN07,tierA_p95,B cells,secondary_senescence,N3,0.0,5.0,-0.004221964563755273,-0.004668926750002294,-0.0037308817567085037
SPLN07,tierA_p95,B cells,secondary_senescence,N3,5.0,10.0,-0.004220697931664655,-0.004549535327796221,-0.003821601203553252
SPLN07,tierA_p95,B cells,secondary_senescence,N3,10.0,15.0,-0.004216545536615176,-0.0045083979326600776,-0.0038421610464551953
SPLN07,tierA_p95,B cells,secondary_senescence,N3,15.0,20.0,-0.0042186338561462705,-0.004488121940322831,-0.0038628096672850307
SPLN07,tierA_p95,B cells,secondary_senescence,N3,20.0,25.0,-0.004222394287077708,-0.004501981952975548,-0.0038532095331724487
SPLN07,tierA_p95,B cells,secondary_senescence,N3,25.0,30.0,-0.004215156030198255,-0.004508107982099778,-0.0038346099738929664
SPLN07,tierA_p95,B cells,secondary_senescence,N3,30.0,35.0,-0.004220205972726394,-0.004563360948886871,-0.003799130903887059
SPLN07,tierA_p95,B cells,secondary_senescence,N3,35.0,40.0,-0.004220475693841277,-0.004590053456757193,-0.0037628208219862075
SPLN07,tierA_p95,B cells,secondary_senescence,N3,40.0,45.0,-0.004228362924150091,-0.004721188380159037,-0.0036906218072729606
SPLN07,tierA_p95,B cells,secondary_senescence,N3,45.0,50.0,-0.004209358579365236,-0.004743651844066347,-0.003578251562444057
SPLN07,tierA_p95,B cells,secondary_senescence,N3,50.0,55.0,-0.004204412329715588,-0.004875095039193967,-0.0034233909430901443
SPLN07,tierA_p95,B cells,secondary_senescence,N3,55.0,60.0,-0.004205010530932853,-0.004861269239698407,-0.003344252287742197
SPLN07,tierA_p95,B cells,secondary_senescence,N3,60.0,65.0,-0.004208846189910627,-0.004986897004014078,-0.0032511567034212616
SPLN07,tierA_p95,B cells,secondary_senescence,N3,65.0,70.0,-0.004183320700308122,-0.005011141944250622,-0.00321019133603115
SPLN07,tierA_p95,B cells,secondary_senescence,N3,70.0,75.0,-0.0041808566592950154,-0.005041019097092909,-0.003134401378162997
SPLN07,tierA_p95,B cells,secondary_senescence,N3,75.0,80.0,-0.004146112934516202,-0.005098634028853335,-0.0030353641801184497
SPLN07,tierA_p95,B cells,secondary_senescence,N3,80.0,85.0,-0.004170004042410812,-0.0050690129374048,-0.0029844567894114597
SPLN07,tierA_p95,B cells,secondary_senescence,N3,85.0,90.0,-0.004178545400107714,-0.005166195841233451,-0.0029608921317717707
SPLN07,tierA_p95,B cells,secondary_senescence,N3,90.0,95.0,-0.004154805353305088,-0.005219777398973967,-0.002850452876225634
SPLN07,tierA_p95,B cells,secondary_senescence,N3,95.0,100.0,-0.004169453260971575,-0.004551444944465569,-0.0034428255502049476
SPLN07,tierA_p95,B cells,tnfa_nfkb_proximal,N3,0.0,5.0,-0.0012542360042865322,-0.0016761864067465827,-0.0008129033661640349
SPLN07,tierA_p95,B cells,tnfa_nfkb_proximal,N3,5.0,10.0,-0.001252922693412525,-0.0015139184879451068,-0.0009520982661536045
SPLN07,tierA_p95,B cells,tnfa_nfkb_proximal,N3,10.0,15.0,-0.0012628164633471366,-0.0015005766548524223,-0.0010045913791632587
SPLN07,tierA_p95,B cells,tnfa_nfkb_proximal,N3,15.0,20.0,-0.001261877355855254,-0.001497990168665758,-0.0010271764686436546
SPLN07,tierA_p95,B cells,tnfa_nfkb_proximal,N3,20.0,25.0,-0.0012589481016283136,-0.001501878411936695,-0.0010000370108466346
SPLN07,tierA_p95,B cells,tnfa_nfkb_proximal,N3,25.0,30.0,-0.0012547651849570427,-0.0015563044746344874,-0.0009437296388185255
SPLN07,tierA_p95,B cells,tnfa_nfkb_proximal,N3,30.0,35.0,-0.0012586266273754759,-0.001616933780890551,-0.0009197029481827346
SPLN07,tierA_p95,B cells,tnfa_nfkb_proximal,N3,35.0,40.0,-0.0012673019667801611,-0.0016703330167624406,-0.0008556370035090365
SPLN07,tierA_p95,B cells,tnfa_nfkb_proximal,N3,40.0,45.0,-0.001252847666184202,-0.0017462388251506724,-0.0007224503471451164
SPLN07,tierA_p95,B cells,tnfa_nfkb_proximal,N3,45.0,50.0,-0.0012876926094949747,-0.0019412830059904072,-0.0006817077730336153
SPLN07,tierA_p95,B cells,tnfa_nfkb_proximal,N3,50.0,55.0,-0.001243806907092174,-0.001948694657662307,-0.0005383395063005286
SPLN07,tierA_p95,B cells,tnfa_nfkb_proximal,N3,55.0,60.0,-0.0012424466240668587,-0.002095205939353529,-0.0003966796209149947
SPLN07,tierA_p95,B cells,tnfa_nfkb_proximal,N3,60.0,65.0,-0.001240178446606969,-0.002128309919665346,-0.00034174111227076143
SPLN07,tierA_p95,B cells,tnfa_nfkb_proximal,N3,65.0,70.0,-0.0012756614316453555,-0.0022134102647778492,-0.000296376775852896
SPLN07,tierA_p95,B cells,tnfa_nfkb_proximal,N3,70.0,75.0,-0.0012471375290163769,-0.0021991576153733536,-0.00024472890045791135
SPLN07,tierA_p95,B cells,tnfa_nfkb_proximal,N3,75.0,80.0,-0.001277826151974701,-0.0023866251871269423,-0.00017749999945744098
SPLN07,tierA_p95,B cells,tnfa_nfkb_proximal,N3,80.0,85.0,-0.0012547027100611734,-0.002261904821561423,-7.016366164359674e-05
SPLN07,tierA_p95,B cells,tnfa_nfkb_proximal,N3,85.0,90.0,-0.0012629149765523053,-0.0024344524026445385,-6.425965417402717e-05
SPLN07,tierA_p95,B cells,tnfa_nfkb_proximal,N3,90.0,95.0,-0.001229095206221829,-0.002385169451419451,0.00014370952000643665
SPLN07,tierA_p95,B cells,tnfa_nfkb_proximal,N3,95.0,100.0,-0.0012511246607850447,-0.001428360221878082,-0.0010482587438195795
SPLN07,tierA_p95,B cells,downstream_arrest,N4,0.0,5.0,0.004645526513932491,0.004233970935117268,0.0050252595327951385
SPLN07,tierA_p95,B cells,downstream_arrest,N4,5.0,10.0,0.0046480902989801684,0.0043904731230278654,0.004899224107481464
SPLN07,tierA_p95,B cells,downstream_arrest,N4,10.0,15.0,0.0046370634696149965,0.004378189349665555,0.004875479793519519
SPLN07,tierA_p95,B cells,downstream_arrest,N4,15.0,20.0,0.004639546622515443,0.004419342214290878,0.004853586784816432
SPLN07,tierA_p95,B cells,downstream_arrest,N4,20.0,25.0,0.004625512535052574,0.004387347866201861,0.0048376003692226326
SPLN07,tierA_p95,B cells,downstream_arrest,N4,25.0,30.0,0.004602385236499031,0.004338341491278973,0.004876050804878558
SPLN07,tierA_p95,B cells,downstream_arrest,N4,30.0,35.0,0.004573654181084032,0.00421064626440273,0.004916850551618787
SPLN07,tierA_p95,B cells,downstream_arrest,N4,35.0,40.0,0.004534109354503885,0.0039756804632577235,0.004970951191234126
SPLN07,tierA_p95,B cells,downstream_arrest,N4,40.0,45.0,0.0044992959148806265,0.003751864666121162,0.005080950981135539
SPLN07,tierA_p95,B cells,downstream_arrest,N4,45.0,50.0,0.00447208637954509,0.0035602155961472156,0.005214038866917061
SPLN07,tierA_p95,B cells,downstream_arrest,N4,50.0,55.0,0.004436311399286188,0.003251452969803698,0.005284170297979669
SPLN07,tierA_p95,B cells,downstream_arrest,N4,55.0,60.0,0.004429078763681115,0.0032948797806809822,0.00542175738025684
SPLN07,tierA_p95,B cells,downstream_arrest,N4,60.0,65.0,0.004393043086011822,0.002963890514115071,0.005520568225556704
SPLN07,tierA_p95,B cells,downstream_arrest,N4,65.0,70.0,0.004371752539111949,0.002779430990502374,0.005613851288616661
SPLN07,tierA_p95,B cells,downstream_arrest,N4,70.0,75.0,0.004380347519572979,0.0026974331197743375,0.005737272518478521
SPLN07,tierA_p95,B cells,downstream_arrest,N4,75.0,80.0,0.004415613941097168,0.002544584034895726,0.005815012516031037
SPLN07,tierA_p95,B cells,downstream_arrest,N4,80.0,85.0,0.004405357536246317,0.002499030319494693,0.005895316271262925
SPLN07,tierA_p95,B cells,downstream_arrest,N4,85.0,90.0,0.0045022446338045564,0.0022932772447618872,0.0061563367768447015
SPLN07,tierA_p95,B cells,downstream_arrest,N4,90.0,95.0,0.004405875015933994,0.002335131099368542,0.005986865580971012
SPLN07,tierA_p95,B cells,downstream_arrest,N4,95.0,100.0,0.004232132871865806,0.002781861935290801,0.004903845735907351
SPLN07,tierA_p95,B cells,emt_ecm,N4,0.0,5.0,-0.003939916074115352,-0.004433983954928395,-0.0034056784387151897
SPLN07,tierA_p95,B cells,emt_ecm,N4,5.0,10.0,-0.003935981990308209,-0.00429217242367694,-0.0035787729789841034
SPLN07,tierA_p95,B cells,emt_ecm,N4,10.0,15.0,-0.0039319426857675095,-0.004263074549331628,-0.003572973627910527
SPLN07,tierA_p95,B cells,emt_ecm,N4,15.0,20.0,-0.003924942113719072,-0.004201178197061653,-0.003611684577625253
SPLN07,tierA_p95,B cells,emt_ecm,N4,20.0,25.0,-0.003914736442365554,-0.00420220518770839,-0.003601523094886962
SPLN07,tierA_p95,B cells,emt_ecm,N4,25.0,30.0,-0.003885041094810129,-0.0042157431862142256,-0.003523299383318686
SPLN07,tierA_p95,B cells,emt_ecm,N4,30.0,35.0,-0.003845483996848787,-0.004230792855466298,-0.0033208436339009742
SPLN07,tierA_p95,B cells,emt_ecm,N4,35.0,40.0,-0.0038377126464345422,-0.004379498293305011,-0.00320215520597588
SPLN07,tierA_p95,B cells,emt_ecm,N4,40.0,45.0,-0.0037841041788728652,-0.004480433669889468,-0.002966331568542271
SPLN07,tierA_p95,B cells,emt_ecm,N4,45.0,50.0,-0.003733947931107747,-0.004671603460284639,-0.002581047571968735
SPLN07,tierA_p95,B cells,emt_ecm,N4,50.0,55.0,-0.0036332288807103554,-0.004851867407626474,-0.002362386587958244
SPLN07,tierA_p95,B cells,emt_ecm,N4,55.0,60.0,-0.0035768416854905795,-0.004896800111907858,-0.001820198921706517
SPLN07,tierA_p95,B cells,emt_ecm,N4,60.0,65.0,-0.0036271171334328464,-0.0050556841854507905,-0.0018178266663127312
SPLN07,tierA_p95,B cells,emt_ecm,N4,65.0,70.0,-0.0035882579700113,-0.005302016911959071,-0.0015209579408026154
SPLN07,tierA_p95,B cells,emt_ecm,N4,70.0,75.0,-0.003654307009618097,-0.005574800855770269,-0.001546155625891464
SPLN07,tierA_p95,B cells,emt_ecm,N4,75.0,80.0,-0.003721860184012732,-0.005757538659110521,-0.001496274748847601
SPLN07,tierA_p95,B cells,emt_ecm,N4,80.0,85.0,-0.003669154154176249,-0.005680145478534214,-0.001201984003547704
SPLN07,tierA_p95,B cells,emt_ecm,N4,85.0,90.0,-0.0036106558993234126,-0.0055012355751495766,-0.0009488577636963377
SPLN07,tierA_p95,B cells,emt_ecm,N4,90.0,95.0,-0.003587946792579861,-0.005876256342391902,-0.0005563108494489105
SPLN07,tierA_p95,B cells,emt_ecm,N4,95.0,100.0,-0.0035009522918569504,-0.005084426777982615,-0.0015236725480637923
SPLN07,tierA_p95,B cells,il6_jak_stat3,N4,0.0,5.0,0.0036257034412730134,0.0031020193130747897,0.004190430720893535
SPLN07,tierA_p95,B cells,il6_jak_stat3,N4,5.0,10.0,0.003621431486544774,0.00328159626017562,0.003954828310346855
SPLN07,tierA_p95,B cells,il6_jak_stat3,N4,10.0,15.0,0.0036306716233991893,0.003363979908889547,0.003924122019084555
SPLN07,tierA_p95,B cells,il6_jak_stat3,N4,15.0,20.0,0.003623468456508999,0.0033451553647994257,0.0039297414739475015
SPLN07,tierA_p95,B cells,il6_jak_stat3,N4,20.0,25.0,0.003606168612351176,0.0033008805981368087,0.003927711856053327
SPLN07,tierA_p95,B cells,il6_jak_stat3,N4,25.0,30.0,0.003586287727956748,0.003213184180584925,0.003973041089759867
SPLN07,tierA_p95,B cells,il6_jak_stat3,N4,30.0,35.0,0.0035963739705445856,0.003120258873526665,0.004140779268981582
SPLN07,tierA_p95,B cells,il6_jak_stat3,N4,35.0,40.0,0.0036115007758030617,0.00304717200436419,0.004244304283216147
SPLN07,tierA_p95,B cells,il6_jak_stat3,N4,40.0,45.0,0.0036058121772791544,0.0028635952929217316,0.0043449321118194965
SPLN07,tierA_p95,B cells,il6_jak_stat3,N4,45.0,50.0,0.0036422386201180597,0.0027666564801677737,0.004620353694453373
SPLN07,tierA_p95,B cells,il6_jak_stat3,N4,50.0,55.0,0.003662483425862329,0.0025925223236978228,0.0050442269705376274
SPLN07,tierA_p95,B cells,il6_jak_stat3,N4,55.0,60.0,0.0037208422769636792,0.002331279503550774,0.0053822454897603875
SPLN07,tierA_p95,B cells,il6_jak_stat3,N4,60.0,65.0,0.0037344730546099276,0.002170696678277471,0.0055503951580258715
SPLN07,tierA_p95,B cells,il6_jak_stat3,N4,65.0,70.0,0.0038399870290518096,0.0021174839531142753,0.005721024014430387
SPLN07,tierA_p95,B cells,il6_jak_stat3,N4,70.0,75.0,0.0037927807837321833,0.0019621142174813255,0.006204035412128989
SPLN07,tierA_p95,B cells,il6_jak_stat3,N4,75.0,80.0,0.0037257644912886984,0.0017094142746140939,0.00592981213657387
SPLN07,tierA_p95,B cells,il6_jak_stat3,N4,80.0,85.0,0.003811144318518877,0.0015169426243551573,0.006195312515525153
SPLN07,tierA_p95,B cells,il6_jak_stat3,N4,85.0,90.0,0.0037333305413821457,0.0013174968259763923,0.00630595480457028
SPLN07,tierA_p95,B cells,il6_jak_stat3,N4,90.0,95.0,0.003677779700457995,0.0013736660416273257,0.0063953827602400235
SPLN07,tierA_p95,B cells,il6_jak_stat3,N4,95.0,100.0,0.003701703780332089,0.003335226330348464,0.004483583290331207
SPLN07,tierA_p95,B cells,interferon_response,N4,0.0,5.0,0.007657138396368153,0.007186802271974131,0.008113301865135135
SPLN07,tierA_p95,B cells,interferon_response,N4,5.0,10.0,0.007652565771000833,0.0073374057167210965,0.007948740687264977
SPLN07,tierA_p95,B cells,interferon_response,N4,10.0,15.0,0.007651073910923147,0.0074170417986360706,0.007897471853963382
SPLN07,tierA_p95,B cells,interferon_response,N4,15.0,20.0,0.007653602777615617,0.007418142646922032,0.007870300833324892
SPLN07,tierA_p95,B cells,interferon_response,N4,20.0,25.0,0.007645726521169729,0.0074059477106170855,0.007897337349335103
SPLN07,tierA_p95,B cells,interferon_response,N4,25.0,30.0,0.007640524164638873,0.00734599295828162,0.007923396837607916
SPLN07,tierA_p95,B cells,interferon_response,N4,30.0,35.0,0.007623181800214896,0.007214110594106062,0.008001858444747365
SPLN07,tierA_p95,B cells,interferon_response,N4,35.0,40.0,0.0076180087805193504,0.007110812512347772,0.008099111284920564
SPLN07,tierA_p95,B cells,interferon_response,N4,40.0,45.0,0.0076113864139876405,0.00694818339436199,0.008221511290433794
SPLN07,tierA_p95,B cells,interferon_response,N4,45.0,50.0,0.007631097001267687,0.0068144289139253226,0.008493479991820053
SPLN07,tierA_p95,B cells,interferon_response,N4,50.0,55.0,0.007703741008309507,0.006764842018546973,0.008666059791512307
SPLN07,tierA_p95,B cells,interferon_response,N4,55.0,60.0,0.007656314002643317,0.00641511583946098,0.008863139848241315
SPLN07,tierA_p95,B cells,interferon_response,N4,60.0,65.0,0.007647195671431511,0.006269466487346077,0.00917661673571904
SPLN07,tierA_p95,B cells,interferon_response,N4,65.0,70.0,0.0076510696674159185,0.006186481380806039,0.009113285851504694
SPLN07,tierA_p95,B cells,interferon_response,N4,70.0,75.0,0.007648290582069956,0.006026996978102217,0.009368020289807846
SPLN07,tierA_p95,B cells,interferon_response,N4,75.0,80.0,0.007623605834790613,0.006093698796499054,0.009398571432617806
SPLN07,tierA_p95,B cells,interferon_response,N4,80.0,85.0,0.007679864363819253,0.005972782455873023,0.009736716477114563
SPLN07,tierA_p95,B cells,interferon_response,N4,85.0,90.0,0.007734769957068597,0.005932741442371668,0.009558124347922128
SPLN07,tierA_p95,B cells,interferon_response,N4,90.0,95.0,0.007578670776414743,0.005527232977338417,0.009726674349667622
SPLN07,tierA_p95,B cells,interferon_response,N4,95.0,100.0,0.007592945504654435,0.00733476901103395,0.007831027937711538
SPLN07,tierA_p95,B cells,oxidative_stress,N4,0.0,5.0,0.010182456663584968,0.009208620941288458,0.01111112775553802
SPLN07,tierA_p95,B cells,oxidative_stress,N4,5.0,10.0,0.010179718126375996,0.009596959072923747,0.010723701526227447
SPLN07,tierA_p95,B cells,oxidative_stress,N4,10.0,15.0,0.01018277560378965,0.009735182662933488,0.010671891806722934
SPLN07,tierA_p95,B cells,oxidative_stress,N4,15.0,20.0,0.010194420874952901,0.009714490518737328,0.010700339118605837
SPLN07,tierA_p95,B cells,oxidative_stress,N4,20.0,25.0,0.01018024422033188,0.00964934376258896,0.010701044296115032
SPLN07,tierA_p95,B cells,oxidative_stress,N4,25.0,30.0,0.010168320332841764,0.009512223881168897,0.010768295808543224
SPLN07,tierA_p95,B cells,oxidative_stress,N4,30.0,35.0,0.010176882662671473,0.009390363821591674,0.010899252525846396
SPLN07,tierA_p95,B cells,oxidative_stress,N4,35.0,40.0,0.01018748904947313,0.009263666975600365,0.011153879545979899
SPLN07,tierA_p95,B cells,oxidative_stress,N4,40.0,45.0,0.010213112574373419,0.008810084851852485,0.011555016195895001
SPLN07,tierA_p95,B cells,oxidative_stress,N4,45.0,50.0,0.010197365857337395,0.008539751806439694,0.011615452695575833
SPLN07,tierA_p95,B cells,oxidative_stress,N4,50.0,55.0,0.010093138482066019,0.008091251750978162,0.01203748376485038
SPLN07,tierA_p95,B cells,oxidative_stress,N4,55.0,60.0,0.01009272182512413,0.007730840328243897,0.01254726017484177
SPLN07,tierA_p95,B cells,oxidative_stress,N4,60.0,65.0,0.010180554908214274,0.007395722800914604,0.012823462025479921
SPLN07,tierA_p95,B cells,oxidative_stress,N4,65.0,70.0,0.010100909587254707,0.007178126145732909,0.013165634810496067
SPLN07,tierA_p95,B cells,oxidative_stress,N4,70.0,75.0,0.010268612713144816,0.007160183252007641,0.013475583678601057
SPLN07,tierA_p95,B cells,oxidative_stress,N4,75.0,80.0,0.010163686772468587,0.006719775047662913,0.013936537264887517
SPLN07,tierA_p95,B cells,oxidative_stress,N4,80.0,85.0,0.010139851884500662,0.006311794452017644,0.01398855755532006
SPLN07,tierA_p95,B cells,oxidative_stress,N4,85.0,90.0,0.010031129008524662,0.006187896738605033,0.013846514590687526
SPLN07,tierA_p95,B cells,oxidative_stress,N4,90.0,95.0,0.010107324417349408,0.005786349428306315,0.014629229771349913
SPLN07,tierA_p95,B cells,oxidative_stress,N4,95.0,100.0,0.01020382738396378,0.009536518804336296,0.010933755535402066
SPLN07,tierA_p95,B cells,secondary_senescence,N4,0.0,5.0,-0.004238392344371714,-0.004534368941589366,-0.003929949531156951
SPLN07,tierA_p95,B cells,secondary_senescence,N4,5.0,10.0,-0.004249751596561523,-0.004453808401135477,-0.004024566171508894
SPLN07,tierA_p95,B cells,secondary_senescence,N4,10.0,15.0,-0.004247651697975634,-0.004418346514015152,-0.004061830619550627
SPLN07,tierA_p95,B cells,secondary_senescence,N4,15.0,20.0,-0.004243010199494306,-0.004432528261393634,-0.00406221065082129
SPLN07,tierA_p95,B cells,secondary_senescence,N4,20.0,25.0,-0.004255617665673761,-0.004435531264847613,-0.0040819812199320345
SPLN07,tierA_p95,B cells,secondary_senescence,N4,25.0,30.0,-0.004242441364539465,-0.0044628102197546765,-0.0040039321781269125
SPLN07,tierA_p95,B cells,secondary_senescence,N4,30.0,35.0,-0.004231050417689584,-0.004478701129309496,-0.003929088112577011
SPLN07,tierA_p95,B cells,secondary_senescence,N4,35.0,40.0,-0.004228901526317916,-0.0045620121204528324,-0.00380751602937835
SPLN07,tierA_p95,B cells,secondary_senescence,N4,40.0,45.0,-0.004210246591592158,-0.004660883736843995,-0.003657725874090759
SPLN07,tierA_p95,B cells,secondary_senescence,N4,45.0,50.0,-0.0041624569613403,-0.004719764242930594,-0.0034742096395553477
SPLN07,tierA_p95,B cells,secondary_senescence,N4,50.0,55.0,-0.004146307071095158,-0.004884063229250492,-0.003258829330380208
SPLN07,tierA_p95,B cells,secondary_senescence,N4,55.0,60.0,-0.004133570214901549,-0.004893818717307532,-0.0030847604859970783
SPLN07,tierA_p95,B cells,secondary_senescence,N4,60.0,65.0,-0.004147574524891312,-0.004985857532473833,-0.0029629983241985613
SPLN07,tierA_p95,B cells,secondary_senescence,N4,65.0,70.0,-0.00412691833437877,-0.005050642364549085,-0.0028892917064431665
SPLN07,tierA_p95,B cells,secondary_senescence,N4,70.0,75.0,-0.00410344300836482,-0.005110903511328091,-0.0027838747342412234
SPLN07,tierA_p95,B cells,secondary_senescence,N4,75.0,80.0,-0.004149228411948476,-0.005332337004963969,-0.002486794674368218
SPLN07,tierA_p95,B cells,secondary_senescence,N4,80.0,85.0,-0.004120841767113301,-0.005341338348225174,-0.0025828385678876293
SPLN07,tierA_p95,B cells,secondary_senescence,N4,85.0,90.0,-0.004091756863090091,-0.005239030035014621,-0.00249087478159628
SPLN07,tierA_p95,B cells,secondary_senescence,N4,90.0,95.0,-0.004125602700356,-0.005387400248558822,-0.0023302696761056375
SPLN07,tierA_p95,B cells,secondary_senescence,N4,95.0,100.0,-0.004102400460077429,-0.004674296019631053,-0.0029049883830808503
SPLN07,tierA_p95,B cells,tnfa_nfkb_proximal,N4,0.0,5.0,-0.001271349192145051,-0.0016249321488126306,-0.0008988801056975832
SPLN07,tierA_p95,B cells,tnfa_nfkb_proximal,N4,5.0,10.0,-0.0012619038650884024,-0.001497247382367496,-0.0010229340178885338
SPLN07,tierA_p95,B cells,tnfa_nfkb_proximal,N4,10.0,15.0,-0.0012648459051725265,-0.0014668144581058713,-0.0010617595546119326
SPLN07,tierA_p95,B cells,tnfa_nfkb_proximal,N4,15.0,20.0,-0.001271818586895722,-0.0014644715573813036,-0.0010683948131367592
SPLN07,tierA_p95,B cells,tnfa_nfkb_proximal,N4,20.0,25.0,-0.0012742139368900163,-0.0014834228863446104,-0.0010526842285920356
SPLN07,tierA_p95,B cells,tnfa_nfkb_proximal,N4,25.0,30.0,-0.0012834062464743064,-0.001531033843469875,-0.001036318232907132
SPLN07,tierA_p95,B cells,tnfa_nfkb_proximal,N4,30.0,35.0,-0.001272081182480487,-0.0015628441046964786,-0.0009597488501227058
SPLN07,tierA_p95,B cells,tnfa_nfkb_proximal,N4,35.0,40.0,-0.0012690679268882396,-0.0016552582547085075,-0.0008361019446250187
SPLN07,tierA_p95,B cells,tnfa_nfkb_proximal,N4,40.0,45.0,-0.0012701794566052245,-0.001731624369261755,-0.0007715968311303797
SPLN07,tierA_p95,B cells,tnfa_nfkb_proximal,N4,45.0,50.0,-0.0012448395590348928,-0.0018319361268419906,-0.0006064218594301416
SPLN07,tierA_p95,B cells,tnfa_nfkb_proximal,N4,50.0,55.0,-0.0012135974882503673,-0.0020026548404085717,-0.00046227383381495883
SPLN07,tierA_p95,B cells,tnfa_nfkb_proximal,N4,55.0,60.0,-0.0011695780462266168,-0.002052485342303026,-0.00020677611604023223
SPLN07,tierA_p95,B cells,tnfa_nfkb_proximal,N4,60.0,65.0,-0.0012006693674684883,-0.0022066554731162095,-0.00020741595399849434
SPLN07,tierA_p95,B cells,tnfa_nfkb_proximal,N4,65.0,70.0,-0.00117410416896068,-0.0022857523228352753,0.00013028769914371233
SPLN07,tierA_p95,B cells,tnfa_nfkb_proximal,N4,70.0,75.0,-0.0011907360615779846,-0.002419800008647144,9.975817181170298e-05
SPLN07,tierA_p95,B cells,tnfa_nfkb_proximal,N4,75.0,80.0,-0.0012342697432993592,-0.0025321852934988985,5.2764612801692215e-05
SPLN07,tierA_p95,B cells,tnfa_nfkb_proximal,N4,80.0,85.0,-0.0011586828763736152,-0.0027140169553002105,0.00044214947772419833
SPLN07,tierA_p95,B cells,tnfa_nfkb_proximal,N4,85.0,90.0,-0.0011298130817725472,-0.002665588482542052,0.0006408583488934172
SPLN07,tierA_p95,B cells,tnfa_nfkb_proximal,N4,90.0,95.0,-0.0011915116093438195,-0.002674298789575106,0.0005649861717080392
SPLN07,tierA_p95,B cells,tnfa_nfkb_proximal,N4,95.0,100.0,-0.001224752921185134,-0.0017826751816194006,-0.0008144110388987048
SPLN14,tierAmg_p95,B cells,downstream_arrest,N1,0.0,5.0,0.0017173142316480735,0.0015100708343139112,0.0019147718199177466
SPLN14,tierAmg_p95,B cells,downstream_arrest,N1,5.0,10.0,0.0017892959582903316,0.0016857538303909295,0.0018945595378919403
SPLN14,tierAmg_p95,B cells,downstream_arrest,N1,10.0,15.0,0.0017715720127817326,0.001673646002735334,0.0018675752150847501
SPLN14,tierAmg_p95,B cells,downstream_arrest,N1,15.0,20.0,0.0017594082373775868,0.0016482167528300755,0.001871966563320757
SPLN14,tierAmg_p95,B cells,downstream_arrest,N1,20.0,25.0,0.0017318859029533617,0.001618528619397611,0.001852166897398207
SPLN14,tierAmg_p95,B cells,downstream_arrest,N1,25.0,30.0,0.0016918992980348433,0.001546228426305701,0.0018464666145513635
SPLN14,tierAmg_p95,B cells,downstream_arrest,N1,30.0,35.0,0.0016296203387151634,0.0014527629113452228,0.0018228221149347342
SPLN14,tierAmg_p95,B cells,downstream_arrest,N1,35.0,40.0,0.0015989182725796968,0.0013395556736714956,0.0018760929211565909
SPLN14,tierAmg_p95,B cells,downstream_arrest,N1,40.0,45.0,0.0015717377695975902,0.0011813105151112038,0.001967333740556117
SPLN14,tierAmg_p95,B cells,downstream_arrest,N1,45.0,50.0,0.0014784825858229853,0.0008984525553982755,0.0020432318120585276
SPLN14,tierAmg_p95,B cells,downstream_arrest,N1,50.0,55.0,0.0014377048858197647,0.0005309932935993466,0.0022730254430620486
SPLN14,tierAmg_p95,B cells,downstream_arrest,N1,55.0,60.0,0.0013563461496301414,1.4362131097394077e-05,0.0028754094416897718
SPLN14,tierAmg_p95,B cells,downstream_arrest,N1,60.0,65.0,0.0014066777006119058,-0.0007083848274377439,0.003524805650770329
SPLN14,tierAmg_p95,B cells,downstream_arrest,N1,65.0,70.0,0.0014238675008512779,-0.0017840833436306032,0.0047061483491423846
SPLN14,tierAmg_p95,B cells,downstream_arrest,N1,70.0,75.0,0.0012617594176798149,-0.003927750019647646,0.006745000064256601
SPLN14,tierAmg_p95,B cells,downstream_arrest,N1,75.0,80.0,0.0013519616294382533,-0.0057008332417656975,0.008972500101663172
SPLN14,tierAmg_p95,B cells,downstream_arrest,N1,80.0,85.0,0.0010786381639001892,-0.006906875176355243,0.010694999771658331
SPLN14,tierAmg_p95,B cells,downstream_arrest,N1,85.0,90.0,0.0012824175466303977,-0.008550000376999378,0.011730000376701355
SPLN14,tierAmg_p95,B cells,downstream_arrest,N1,90.0,95.0,0.001180511505658011,-0.008725000079721212,0.011730000376701355
SPLN14,tierAmg_p95,B cells,downstream_arrest,N1,95.0,100.0,-0.0004419552044043302,-0.010280000045895576,0.0073148751282132995
SPLN14,tierAmg_p95,B cells,emt_ecm,N1,0.0,5.0,-0.002815052269408391,-0.003004981474391578,-0.0026127006261156376
SPLN14,tierAmg_p95,B cells,emt_ecm,N1,5.0,10.0,-0.002860210607550857,-0.002970020565362197,-0.0027471746679678696
SPLN14,tierAmg_p95,B cells,emt_ecm,N1,10.0,15.0,-0.0028490958595999336,-0.0029436426427992338,-0.002750577726132923
SPLN14,tierAmg_p95,B cells,emt_ecm,N1,15.0,20.0,-0.0028059435515215784,-0.0029115758512594297,-0.002702298691859338
SPLN14,tierAmg_p95,B cells,emt_ecm,N1,20.0,25.0,-0.0027398970512391052,-0.0028580327684067813,-0.002610136634700726
SPLN14,tierAmg_p95,B cells,emt_ecm,N1,25.0,30.0,-0.002703043097694442,-0.0028646750599720886,-0.0025446821170499144
SPLN14,tierAmg_p95,B cells,emt_ecm,N1,30.0,35.0,-0.0026364721248689138,-0.0028375398892254463,-0.0024235376491956954
SPLN14,tierAmg_p95,B cells,emt_ecm,N1,35.0,40.0,-0.0025826477920190116,-0.002862826985157849,-0.002290741524080946
SPLN14,tierAmg_p95,B cells,emt_ecm,N1,40.0,45.0,-0.0025259778807428016,-0.0029158383399311466,-0.002109263952859252
SPLN14,tierAmg_p95,B cells,emt_ecm,N1,45.0,50.0,-0.0025037231241092518,-0.0030559281003982573,-0.001871976022913756
SPLN14,tierAmg_p95,B cells,emt_ecm,N1,50.0,55.0,-0.00253337840365118,-0.0034576198237231967,-0.001570990924228155
SPLN14,tierAmg_p95,B cells,emt_ecm,N1,55.0,60.0,-0.0025133927774936013,-0.003908850778948998,-0.0009964065351249546
SPLN14,tierAmg_p95,B cells,emt_ecm,N1,60.0,65.0,-0.0025247976863506058,-0.004560824832509117,-0.00017249302691533413
SPLN14,tierAmg_p95,B cells,emt_ecm,N1,65.0,70.0,-0.0025074990530185464,-0.005328839305937956,0.0011586071279452877
SPLN14,tierAmg_p95,B cells,emt_ecm,N1,70.0,75.0,-0.002762966709921066,-0.007007812431159739,0.003029999984846654
SPLN14,tierAmg_p95,B cells,emt_ecm,N1,75.0,80.0,-0.002988463201030742,-0.007481666514649987,0.004351249837782234
SPLN14,tierAmg_p95,B cells,emt_ecm,N1,80.0,85.0,-0.0028264453348607658,-0.007778749975841492,0.005082500108983368
SPLN14,tierAmg_p95,B cells,emt_ecm,N1,85.0,90.0,-0.0030694764622474892,-0.008362749847583471,0.00443999981507659
SPLN14,tierAmg_p95,B cells,emt_ecm,N1,90.0,95.0,-0.0034049498434465665,-0.007982499897480011,0.005000000004656613
SPLN14,tierAmg_p95,B cells,emt_ecm,N1,95.0,100.0,-0.0024771162537819084,-0.007710000034421682,0.005250500076605623
SPLN14,tierAmg_p95,B cells,il6_jak_stat3,N1,0.0,5.0,0.0022210582727298753,0.001895550520774465,0.002574375102398997
SPLN14,tierAmg_p95,B cells,il6_jak_stat3,N1,5.0,10.0,0.0022187740789856385,0.0020447059937745734,0.00238620146001849
SPLN14,tierAmg_p95,B cells,il6_jak_stat3,N1,10.0,15.0,0.002237822263714351,0.0020753449211030283,0.0024006706464757424
SPLN14,tierAmg_p95,B cells,il6_jak_stat3,N1,15.0,20.0,0.002239324094609406,0.0020819729594112268,0.002412219714978312
SPLN14,tierAmg_p95,B cells,il6_jak_stat3,N1,20.0,25.0,0.0022543810401569934,0.0020490366865646864,0.0024548381737467422
SPLN14,tierAmg_p95,B cells,il6_jak_stat3,N1,25.0,30.0,0.0022819355787823867,0.0020482925930722213,0.0025287238794544802
SPLN14,tierAmg_p95,B cells,il6_jak_stat3,N1,30.0,35.0,0.002278675649442116,0.0019279307324290159,0.002619900498515259
SPLN14,tierAmg_p95,B cells,il6_jak_stat3,N1,35.0,40.0,0.0022514581578148727,0.0017687464322481466,0.002715779056977792
SPLN14,tierAmg_p95,B cells,il6_jak_stat3,N1,40.0,45.0,0.0022623846748280846,0.0015927225974105654,0.00297110172405277
SPLN14,tierAmg_p95,B cells,il6_jak_stat3,N1,45.0,50.0,0.002256756090360856,0.001193121623351549,0.0033172380626769696
SPLN14,tierAmg_p95,B cells,il6_jak_stat3,N1,50.0,55.0,0.0021390982945327865,0.0006916932690514443,0.003713065819987684
SPLN14,tierAmg_p95,B cells,il6_jak_stat3,N1,55.0,60.0,0.002140734160086221,1.242062789623604e-05,0.004561026732802187
SPLN14,tierAmg_p95,B cells,il6_jak_stat3,N1,60.0,65.0,0.0019419485316245493,-0.0018168750305823564,0.005725525149400847
SPLN14,tierAmg_p95,B cells,il6_jak_stat3,N1,65.0,70.0,0.002003819005601997,-0.003325958475710031,0.007842012601031456
SPLN14,tierAmg_p95,B cells,il6_jak_stat3,N1,70.0,75.0,0.0017882677704844198,-0.0059808332528821975,0.011249040173944585
SPLN14,tierAmg_p95,B cells,il6_jak_stat3,N1,75.0,80.0,0.0020093052512052756,-0.00790208347219353,0.015588749956805259
SPLN14,tierAmg_p95,B cells,il6_jak_stat3,N1,80.0,85.0,0.001489948430651097,-0.009080000221729279,0.017860625055618584
SPLN14,tierAmg_p95,B cells,il6_jak_stat3,N1,85.0,90.0,0.0014141703378440563,-0.009449999779462814,0.02281000092625618
SPLN14,tierAmg_p95,B cells,il6_jak_stat3,N1,90.0,95.0,0.0009700940023399599,-0.009410000406205654,0.018583749420940876
SPLN14,tierAmg_p95,B cells,il6_jak_stat3,N1,95.0,100.0,0.0017918781536353729,-0.009449999779462814,0.025930000469088554
SPLN14,tierAmg_p95,B cells,interferon_response,N1,0.0,5.0,0.006981479959262373,0.0066471097893226255,0.0072870106666676334
SPLN14,tierAmg_p95,B cells,interferon_response,N1,5.0,10.0,0.007008898272090496,0.006857596557285067,0.007166773810786852
SPLN14,tierAmg_p95,B cells,interferon_response,N1,10.0,15.0,0.007008640944520389,0.006855846329514576,0.0071574038016523085
SPLN14,tierAmg_p95,B cells,interferon_response,N1,15.0,20.0,0.00699956755901525,0.006851449687541442,0.007167640936210651
SPLN14,tierAmg_p95,B cells,interferon_response,N1,20.0,25.0,0.007005388420541354,0.006815154707748343,0.007198612570466254
SPLN14,tierAmg_p95,B cells,interferon_response,N1,25.0,30.0,0.00699690561386857,0.00676098372330836,0.007224491710012658
SPLN14,tierAmg_p95,B cells,interferon_response,N1,30.0,35.0,0.006997966435626595,0.006676428253267271,0.007316176911111442
SPLN14,tierAmg_p95,B cells,interferon_response,N1,35.0,40.0,0.006989666698501107,0.006568680124719678,0.007418426549069291
SPLN14,tierAmg_p95,B cells,interferon_response,N1,40.0,45.0,0.007023805864467164,0.006341226674781879,0.007668699190288925
SPLN14,tierAmg_p95,B cells,interferon_response,N1,45.0,50.0,0.007057662122900955,0.006164399363096616,0.008010947139377656
SPLN14,tierAmg_p95,B cells,interferon_response,N1,50.0,55.0,0.0070415208157574,0.005668304646439943,0.008517293687563664
SPLN14,tierAmg_p95,B cells,interferon_response,N1,55.0,60.0,0.007071680854113747,0.004863474880071154,0.009423814495638574
SPLN14,tierAmg_p95,B cells,interferon_response,N1,60.0,65.0,0.006891691262343691,0.0037632672351625433,0.010763804303969424
SPLN14,tierAmg_p95,B cells,interferon_response,N1,65.0,70.0,0.007304590255188071,0.0022526277787454255,0.01296423213035658
SPLN14,tierAmg_p95,B cells,interferon_response,N1,70.0,75.0,0.00686594005902635,-0.0011092261769850406,0.01670031230605673
SPLN14,tierAmg_p95,B cells,interferon_response,N1,75.0,80.0,0.005762968402429356,-0.0032999999821186066,0.01987750083208084
SPLN14,tierAmg_p95,B cells,interferon_response,N1,80.0,85.0,0.005711025679385743,-0.004312500124797225,0.02066374965943396
SPLN14,tierAmg_p95,B cells,interferon_response,N1,85.0,90.0,0.0059512696848957,-0.003472333360696211,0.019990000873804092
SPLN14,tierAmg_p95,B cells,interferon_response,N1,90.0,95.0,0.005725536449575547,-0.005439999978989363,0.019990000873804092
SPLN14,tierAmg_p95,B cells,interferon_response,N1,95.0,100.0,0.005547749142205801,-0.0032999999821186066,0.015190000180155039
SPLN14,tierAmg_p95,B cells,oxidative_stress,N1,0.0,5.0,0.007657324967499085,0.0070679818035342895,0.008238600078330112
SPLN14,tierAmg_p95,B cells,oxidative_stress,N1,5.0,10.0,0.007740934723194288,0.007431484492470509,0.008039761821015234
SPLN14,tierAmg_p95,B cells,oxidative_stress,N1,10.0,15.0,0.007715133242950909,0.007416499772501455,0.008007292221454807
SPLN14,tierAmg_p95,B cells,oxidative_stress,N1,15.0,20.0,0.007651249311436597,0.00737268220119604,0.007935097558240303
SPLN14,tierAmg_p95,B cells,oxidative_stress,N1,20.0,25.0,0.007644040955147061,0.007298282768878782,0.007970173967702589
SPLN14,tierAmg_p95,B cells,oxidative_stress,N1,25.0,30.0,0.0075821794463634086,0.007154408162564356,0.008005776812036841
SPLN14,tierAmg_p95,B cells,oxidative_stress,N1,30.0,35.0,0.007529647607507889,0.006951712984816674,0.008132103791189586
SPLN14,tierAmg_p95,B cells,oxidative_stress,N1,35.0,40.0,0.007513837321636201,0.006766271009127921,0.008274482036881008
SPLN14,tierAmg_p95,B cells,oxidative_stress,N1,40.0,45.0,0.007474444514924345,0.006408424210026705,0.00853650240243733
SPLN14,tierAmg_p95,B cells,oxidative_stress,N1,45.0,50.0,0.007471127819852153,0.005867531501241586,0.008998495227168415
SPLN14,tierAmg_p95,B cells,oxidative_stress,N1,50.0,55.0,0.007473528611712692,0.00493123880975764,0.010055579776151232
SPLN14,tierAmg_p95,B cells,oxidative_stress,N1,55.0,60.0,0.0073882801599574055,0.003667441336153472,0.011546475553504423
SPLN14,tierAmg_p95,B cells,oxidative_stress,N1,60.0,65.0,0.007399438500042949,0.0017787250845737747,0.013835913939320623
SPLN14,tierAmg_p95,B cells,oxidative_stress,N1,65.0,70.0,0.007485219496955924,-0.001358883388650914,0.017286575196776535
SPLN14,tierAmg_p95,B cells,oxidative_stress,N1,70.0,75.0,0.008367685627065503,-0.004853363585954702,0.025407395534178555
SPLN14,tierAmg_p95,B cells,oxidative_stress,N1,75.0,80.0,0.006516623033338052,-0.009920000098645687,0.03156250063329935
SPLN14,tierAmg_p95,B cells,oxidative_stress,N1,80.0,85.0,0.005550658450337883,-0.009920000098645687,0.03247312462190166
SPLN14,tierAmg_p95,B cells,oxidative_stress,N1,85.0,90.0,0.0052577341221438706,-0.009920000098645687,0.03593999892473221
SPLN14,tierAmg_p95,B cells,oxidative_stress,N1,90.0,95.0,0.004799380916613071,-0.009920000098645687,0.03691999986767769
SPLN14,tierAmg_p95,B cells,oxidative_stress,N1,95.0,100.0,0.0014679062529482506,-0.009920000098645687,0.02775458331840733
SPLN14,tierAmg_p95,B cells,secondary_senescence,N1,0.0,5.0,-0.003103518603389894,-0.003296027666722867,-0.002918868864763856
SPLN14,tierAmg_p95,B cells,secondary_senescence,N1,5.0,10.0,-0.003162111861600812,-0.003253223865531128,-0.0030653989951884273
SPLN14,tierAmg_p95,B cells,secondary_senescence,N1,10.0,15.0,-0.0031305461788909642,-0.0032190937585254644,-0.003040331507326559
SPLN14,tierAmg_p95,B cells,secondary_senescence,N1,15.0,20.0,-0.003118258665261762,-0.003206629413989479,-0.003025369407139208
SPLN14,tierAmg_p95,B cells,secondary_senescence,N1,20.0,25.0,-0.0030821735853965725,-0.003195741843718277,-0.002975144465081243
SPLN14,tierAmg_p95,B cells,secondary_senescence,N1,25.0,30.0,-0.0030347154811590574,-0.0031696275362588172,-0.0029019810947524486
SPLN14,tierAmg_p95,B cells,secondary_senescence,N1,30.0,35.0,-0.0030047533150465958,-0.003177349968743074,-0.0028207144623458567
SPLN14,tierAmg_p95,B cells,secondary_senescence,N1,35.0,40.0,-0.0029526395572038846,-0.003199348370451496,-0.00269172169503096
SPLN14,tierAmg_p95,B cells,secondary_senescence,N1,40.0,45.0,-0.0029109844655184703,-0.003275176904577938,-0.0025700886897559016
SPLN14,tierAmg_p95,B cells,secondary_senescence,N1,45.0,50.0,-0.0028527874951772797,-0.003401980502007114,-0.00230798732262032
SPLN14,tierAmg_p95,B cells,secondary_senescence,N1,50.0,55.0,-0.0028728846921087666,-0.003656097744095406,-0.001985410505871293
SPLN14,tierAmg_p95,B cells,secondary_senescence,N1,55.0,60.0,-0.002828906975709611,-0.004053943486843135,-0.0015682808080468124
SPLN14,tierAmg_p95,B cells,secondary_senescence,N1,60.0,65.0,-0.0027718607501741347,-0.004458499991113936,-0.0008212423782269516
SPLN14,tierAmg_p95,B cells,secondary_senescence,N1,65.0,70.0,-0.002900651316625998,-0.005551642747981292,0.0003549383210894814
SPLN14,tierAmg_p95,B cells,secondary_senescence,N1,70.0,75.0,-0.0028489729494406376,-0.0071446874014024315,0.002983749861111088
SPLN14,tierAmg_p95,B cells,secondary_senescence,N1,75.0,80.0,-0.0029416533295221177,-0.007747499893109004,0.006584999966435134
SPLN14,tierAmg_p95,B cells,secondary_senescence,N1,80.0,85.0,-0.0029104534586928805,-0.008048749848967418,0.009163750008156057
SPLN14,tierAmg_p95,B cells,secondary_senescence,N1,85.0,90.0,-0.0023149419428725943,-0.008326250198297202,0.019700000062584877
SPLN14,tierAmg_p95,B cells,secondary_senescence,N1,90.0,95.0,-0.0029895341543357532,-0.00860375037882477,0.016289999708533287
SPLN14,tierAmg_p95,B cells,secondary_senescence,N1,95.0,100.0,-0.000695684475247772,-0.008249999955296516,0.019700000062584877
SPLN14,tierAmg_p95,B cells,tnfa_nfkb_proximal,N1,0.0,5.0,-0.0008729927687949762,-0.001092343229665352,-0.0006604541899616295
SPLN14,tierAmg_p95,B cells,tnfa_nfkb_proximal,N1,5.0,10.0,-0.0008918416983632383,-0.0010140251655756669,-0.0007719633504073396
SPLN14,tierAmg_p95,B cells,tnfa_nfkb_proximal,N1,10.0,15.0,-0.0009058045109090269,-0.001018892037436081,-0.0007989558452260188
SPLN14,tierAmg_p95,B cells,tnfa_nfkb_proximal,N1,15.0,20.0,-0.0008944965642053281,-0.0009993215561751392,-0.0007891473315113345
SPLN14,tierAmg_p95,B cells,tnfa_nfkb_proximal,N1,20.0,25.0,-0.0008980979216150128,-0.0010248827142298053,-0.0007721050458193671
SPLN14,tierAmg_p95,B cells,tnfa_nfkb_proximal,N1,25.0,30.0,-0.0008638812415770756,-0.001025931604042997,-0.0006960689443778668
SPLN14,tierAmg_p95,B cells,tnfa_nfkb_proximal,N1,30.0,35.0,-0.0008621172273972158,-0.001088362682845662,-0.0006400410452427506
SPLN14,tierAmg_p95,B cells,tnfa_nfkb_proximal,N1,35.0,40.0,-0.000825141721666072,-0.001115884991940291,-0.0005312107553618167
SPLN14,tierAmg_p95,B cells,tnfa_nfkb_proximal,N1,40.0,45.0,-0.0007935369100238747,-0.0011916054853451231,-0.00036524921237918813
SPLN14,tierAmg_p95,B cells,tnfa_nfkb_proximal,N1,45.0,50.0,-0.0007836114823153397,-0.0014363095361357597,-0.00014211096848503553
SPLN14,tierAmg_p95,B cells,tnfa_nfkb_proximal,N1,50.0,55.0,-0.0007902002809745286,-0.001821786382747766,0.00026458958171904226
SPLN14,tierAmg_p95,B cells,tnfa_nfkb_proximal,N1,55.0,60.0,-0.00068828872097598,-0.0020650317887778926,0.0008518666402796979
SPLN14,tierAmg_p95,B cells,tnfa_nfkb_proximal,N1,60.0,65.0,-0.0007396770542077491,-0.0030354803836346845,0.001738607119470142
SPLN14,tierAmg_p95,B cells,tnfa_nfkb_proximal,N1,65.0,70.0,-0.000720840381346059,-0.004334334789746208,0.0033249333355342965
SPLN14,tierAmg_p95,B cells,tnfa_nfkb_proximal,N1,70.0,75.0,-0.0008149019881778057,-0.005769583321428703,0.0051156249710402335
SPLN14,tierAmg_p95,B cells,tnfa_nfkb_proximal,N1,75.0,80.0,-0.0008610557126505374,-0.007340000011026859,0.011105000070529059
SPLN14,tierAmg_p95,B cells,tnfa_nfkb_proximal,N1,80.0,85.0,-0.0006727291645461307,-0.007798124948749319,0.014539999887347221
SPLN14,tierAmg_p95,B cells,tnfa_nfkb_proximal,N1,85.0,90.0,-0.0004528671532760571,-0.008229999803006649,0.01844000071287155
SPLN14,tierAmg_p95,B cells,tnfa_nfkb_proximal,N1,90.0,95.0,-0.0015520001751775697,-0.008229999803006649,0.017349999397993088
SPLN14,tierAmg_p95,B cells,tnfa_nfkb_proximal,N1,95.0,100.0,0.0011310195138886368,-0.0075028332920434575,0.01844000071287155
SPLN14,tierAmg_p95,B cells,downstream_arrest,N3,0.0,5.0,0.0017299571887521609,0.0014695870060774804,0.00202680243886355
SPLN14,tierAmg_p95,B cells,downstream_arrest,N3,5.0,10.0,0.0017289074337965703,0.0015515539630549073,0.0018969508863331487
SPLN14,tierAmg_p95,B cells,downstream_arrest,N3,10.0,15.0,0.001733853838215418,0.0015841102306440634,0.00187380672918871
SPLN14,tierAmg_p95,B cells,downstream_arrest,N3,15.0,20.0,0.0017349472865848762,0.0015991060932178751,0.0018708262948188103
SPLN14,tierAmg_p95,B cells,downstream_arrest,N3,20.0,25.0,0.0017303432377804575,0.001576147790389084,0.0018767610621728233
SPLN14,tierAmg_p95,B cells,downstream_arrest,N3,25.0,30.0,0.0017313400890182858,0.0015513004088638874,0.0018857943517593093
SPLN14,tierAmg_p95,B cells,downstream_arrest,N3,30.0,35.0,0.0017318724233933405,0.0015408928489652233,0.0019430828582103355
SPLN14,tierAmg_p95,B cells,downstream_arrest,N3,35.0,40.0,0.001725756494519172,0.0014895214243857771,0.0019762500087223784
SPLN14,tierAmg_p95,B cells,downstream_arrest,N3,40.0,45.0,0.0017348284346437543,0.001402269477551475,0.002059895894354095
SPLN14,tierAmg_p95,B cells,downstream_arrest,N3,45.0,50.0,0.0017245647353317276,0.0013593371469540943,0.002099575068721913
SPLN14,tierAmg_p95,B cells,downstream_arrest,N3,50.0,55.0,0.0017247373290711304,0.0012998455766239272,0.0021565497799070047
SPLN14,tierAmg_p95,B cells,downstream_arrest,N3,55.0,60.0,0.0017244479710668997,0.0012248590743416158,0.0022436270789772195
SPLN14,tierAmg_p95,B cells,downstream_arrest,N3,60.0,65.0,0.0017047022788555907,0.0010701009353915332,0.0023245814866746073
SPLN14,tierAmg_p95,B cells,downstream_arrest,N3,65.0,70.0,0.0017151863420134794,0.0010175090558090536,0.0023652863906684003
SPLN14,tierAmg_p95,B cells,downstream_arrest,N3,70.0,75.0,0.0016962664604958425,0.0009313470742014464,0.0023898549467349264
SPLN14,tierAmg_p95,B cells,downstream_arrest,N3,75.0,80.0,0.0017324696673990964,0.000940644025272947,0.0024262467037948357
SPLN14,tierAmg_p95,B cells,downstream_arrest,N3,80.0,85.0,0.0017190506684630735,0.0008987493561881025,0.0024632904992866176
SPLN14,tierAmg_p95,B cells,downstream_arrest,N3,85.0,90.0,0.001709374219031758,0.0009641404441131276,0.0024464569587455904
SPLN14,tierAmg_p95,B cells,downstream_arrest,N3,90.0,95.0,0.0017159427583485862,0.0008974963179402467,0.0025154256642746105
SPLN14,tierAmg_p95,B cells,downstream_arrest,N3,95.0,100.0,0.001704357786764563,0.0013654217568743077,0.0018715266635029055
SPLN14,tierAmg_p95,B cells,emt_ecm,N3,0.0,5.0,-0.0027721739770643,-0.00308353311214633,-0.002422930625258381
SPLN14,tierAmg_p95,B cells,emt_ecm,N3,5.0,10.0,-0.0027771917562738856,-0.0029920527287680214,-0.0025496761454378075
SPLN14,tierAmg_p95,B cells,emt_ecm,N3,10.0,15.0,-0.0027750119246522952,-0.0029620866584885775,-0.002581424088224414
SPLN14,tierAmg_p95,B cells,emt_ecm,N3,15.0,20.0,-0.002776158152100168,-0.002975294660185784,-0.002579915569380146
SPLN14,tierAmg_p95,B cells,emt_ecm,N3,20.0,25.0,-0.002774273208326352,-0.0029592735302744703,-0.002579040934380383
SPLN14,tierAmg_p95,B cells,emt_ecm,N3,25.0,30.0,-0.0027736850927547047,-0.0029811000220485158,-0.0025653395215149955
SPLN14,tierAmg_p95,B cells,emt_ecm,N3,30.0,35.0,-0.0027756427144854244,-0.0030085383916057928,-0.0025311491513176692
SPLN14,tierAmg_p95,B cells,emt_ecm,N3,35.0,40.0,-0.0027709454027711484,-0.0030439879415896883,-0.002494124168751823
SPLN14,tierAmg_p95,B cells,emt_ecm,N3,40.0,45.0,-0.0027698585333106717,-0.0030796562657473023,-0.002432000650381606
SPLN14,tierAmg_p95,B cells,emt_ecm,N3,45.0,50.0,-0.0027705664737343633,-0.0031724672899331526,-0.0023706660896051445
SPLN14,tierAmg_p95,B cells,emt_ecm,N3,50.0,55.0,-0.0027620594699130628,-0.003243622559677798,-0.0022591401034244476
SPLN14,tierAmg_p95,B cells,emt_ecm,N3,55.0,60.0,-0.002770358312511938,-0.0033197356169548642,-0.0021608160532986882
SPLN14,tierAmg_p95,B cells,emt_ecm,N3,60.0,65.0,-0.002766927605823418,-0.0034122588945418478,-0.002105469618043329
SPLN14,tierAmg_p95,B cells,emt_ecm,N3,65.0,70.0,-0.002756330794721065,-0.0034012357256890725,-0.001967892564848924
SPLN14,tierAmg_p95,B cells,emt_ecm,N3,70.0,75.0,-0.002735334945047618,-0.0035112172089949013,-0.0019329450928946526
SPLN14,tierAmg_p95,B cells,emt_ecm,N3,75.0,80.0,-0.002733450376662125,-0.0035192464638002675,-0.0017948176433708286
SPLN14,tierAmg_p95,B cells,emt_ecm,N3,80.0,85.0,-0.002761625928383289,-0.0035629536297970255,-0.0016868773789430204
SPLN14,tierAmg_p95,B cells,emt_ecm,N3,85.0,90.0,-0.002744844297870051,-0.0035608781433329826,-0.0018319194983392863
SPLN14,tierAmg_p95,B cells,emt_ecm,N3,90.0,95.0,-0.002749534274942808,-0.0036066241576195287,-0.001780702996969354
SPLN14,tierAmg_p95,B cells,emt_ecm,N3,95.0,100.0,-0.00273719306045677,-0.0030782466872375717,-0.0021221161292498836
SPLN14,tierAmg_p95,B cells,il6_jak_stat3,N3,0.0,5.0,0.0022522593028055544,0.0017751898950758133,0.002750943007850528
SPLN14,tierAmg_p95,B cells,il6_jak_stat3,N3,5.0,10.0,0.0022467158848593818,0.0019475031101999231,0.0025803170571848996
SPLN14,tierAmg_p95,B cells,il6_jak_stat3,N3,10.0,15.0,0.0022465442501714526,0.0019779769633056434,0.0025212716392024686
SPLN14,tierAmg_p95,B cells,il6_jak_stat3,N3,15.0,20.0,0.0022436619360095326,0.0020095067621748054,0.0025143051950849813
SPLN14,tierAmg_p95,B cells,il6_jak_stat3,N3,20.0,25.0,0.0022525791073520233,0.0019910126101619144,0.002540745868677286
SPLN14,tierAmg_p95,B cells,il6_jak_stat3,N3,25.0,30.0,0.002250267265262295,0.0019408784182323568,0.002551785137382788
SPLN14,tierAmg_p95,B cells,il6_jak_stat3,N3,30.0,35.0,0.0022454210800504433,0.0018813774433246455,0.00259029411136788
SPLN14,tierAmg_p95,B cells,il6_jak_stat3,N3,35.0,40.0,0.002255129309397424,0.0018348804271829452,0.0026797680262497163
SPLN14,tierAmg_p95,B cells,il6_jak_stat3,N3,40.0,45.0,0.0022467983284171346,0.001728602352063529,0.0028202128230721164
SPLN14,tierAmg_p95,B cells,il6_jak_stat3,N3,45.0,50.0,0.0022436551554275794,0.0015731173456339982,0.0029001583970117623
SPLN14,tierAmg_p95,B cells,il6_jak_stat3,N3,50.0,55.0,0.0022366280427310466,0.001480213456500691,0.0030463344252259056
SPLN14,tierAmg_p95,B cells,il6_jak_stat3,N3,55.0,60.0,0.002245171404323999,0.0013542597269168523,0.003076257843834098
SPLN14,tierAmg_p95,B cells,il6_jak_stat3,N3,60.0,65.0,0.0022488534958564252,0.0012680703777542231,0.0032962196212950844
SPLN14,tierAmg_p95,B cells,il6_jak_stat3,N3,65.0,70.0,0.002266499096861383,0.0011740556943148196,0.0035663049566783383
SPLN14,tierAmg_p95,B cells,il6_jak_stat3,N3,70.0,75.0,0.0022722556677226783,0.0010768103576095347,0.0036485596380096633
SPLN14,tierAmg_p95,B cells,il6_jak_stat3,N3,75.0,80.0,0.002298609209246028,0.0010615753638266799,0.0036362497451748483
SPLN14,tierAmg_p95,B cells,il6_jak_stat3,N3,80.0,85.0,0.002296204999880012,0.0009559160833260334,0.0038073862091440366
SPLN14,tierAmg_p95,B cells,il6_jak_stat3,N3,85.0,90.0,0.0023144931186889505,0.001134054703062944,0.003746125533975353
SPLN14,tierAmg_p95,B cells,il6_jak_stat3,N3,90.0,95.0,0.002279379326844348,0.0009366399122112848,0.0038567059039125743
SPLN14,tierAmg_p95,B cells,il6_jak_stat3,N3,95.0,100.0,0.002306265932883264,0.001964782682196187,0.0032230089817377413
SPLN14,tierAmg_p95,B cells,interferon_response,N3,0.0,5.0,0.007018804292074912,0.00659065756837379,0.007501684229536342
SPLN14,tierAmg_p95,B cells,interferon_response,N3,5.0,10.0,0.007015686249541078,0.006746081452443405,0.007306333372014789
SPLN14,tierAmg_p95,B cells,interferon_response,N3,10.0,15.0,0.007008553211531538,0.0067688715584471775,0.007257931936052616
SPLN14,tierAmg_p95,B cells,interferon_response,N3,15.0,20.0,0.007012289872447982,0.006768494848599236,0.007270146938974377
SPLN14,tierAmg_p95,B cells,interferon_response,N3,20.0,25.0,0.007008674762074395,0.006766805483903875,0.007279073136382627
SPLN14,tierAmg_p95,B cells,interferon_response,N3,25.0,30.0,0.007010244423831981,0.0067243873189911235,0.007334713730023352
SPLN14,tierAmg_p95,B cells,interferon_response,N3,30.0,35.0,0.0070013265016060965,0.006680593323946913,0.007363698167159087
SPLN14,tierAmg_p95,B cells,interferon_response,N3,35.0,40.0,0.007010563199823427,0.006615991615104646,0.007399233855059492
SPLN14,tierAmg_p95,B cells,interferon_response,N3,40.0,45.0,0.007016754784519062,0.006550109796855206,0.00755677323013003
SPLN14,tierAmg_p95,B cells,interferon_response,N3,45.0,50.0,0.006997364948284197,0.006397578311421287,0.007605224646213579
SPLN14,tierAmg_p95,B cells,interferon_response,N3,50.0,55.0,0.007007574014007862,0.006251040445548051,0.007766404748787246
SPLN14,tierAmg_p95,B cells,interferon_response,N3,55.0,60.0,0.007038502024004483,0.006173495618256782,0.00801353769186134
SPLN14,tierAmg_p95,B cells,interferon_response,N3,60.0,65.0,0.007029916951514505,0.006123377728804221,0.008067003248501233
SPLN14,tierAmg_p95,B cells,interferon_response,N3,65.0,70.0,0.007028252320797928,0.005973180349046261,0.008314997839304967
SPLN14,tierAmg_p95,B cells,interferon_response,N3,70.0,75.0,0.007011288532008739,0.005941171682937335,0.00832003231595282
SPLN14,tierAmg_p95,B cells,interferon_response,N3,75.0,80.0,0.007051271023251007,0.005976272282973881,0.008468563720736995
SPLN14,tierAmg_p95,B cells,interferon_response,N3,80.0,85.0,0.007075385047532903,0.005903639449135563,0.008596030392659684
SPLN14,tierAmg_p95,B cells,interferon_response,N3,85.0,90.0,0.0070503738067917284,0.005710823182090085,0.00856583993333573
SPLN14,tierAmg_p95,B cells,interferon_response,N3,90.0,95.0,0.007067236331984217,0.005813894860168837,0.008702386958968808
SPLN14,tierAmg_p95,B cells,interferon_response,N3,95.0,100.0,0.007083543054275789,0.006677119295321502,0.00809914440883311
SPLN14,tierAmg_p95,B cells,oxidative_stress,N3,0.0,5.0,0.007648633578032868,0.00683980277689577,0.008440894619477415
SPLN14,tierAmg_p95,B cells,oxidative_stress,N3,5.0,10.0,0.007654976025790375,0.00719553491727458,0.008099846517201345
SPLN14,tierAmg_p95,B cells,oxidative_stress,N3,10.0,15.0,0.007656493920812227,0.007265985738659705,0.008056896022177594
SPLN14,tierAmg_p95,B cells,oxidative_stress,N3,15.0,20.0,0.007650371581353446,0.0072262774494313104,0.008062008325946932
SPLN14,tierAmg_p95,B cells,oxidative_stress,N3,20.0,25.0,0.0076597601409650355,0.007238184830897957,0.008092569580243198
SPLN14,tierAmg_p95,B cells,oxidative_stress,N3,25.0,30.0,0.007644528737862204,0.007180674150560294,0.008145985896966223
SPLN14,tierAmg_p95,B cells,oxidative_stress,N3,30.0,35.0,0.007639148431740903,0.007052285057163042,0.008227282352475664
SPLN14,tierAmg_p95,B cells,oxidative_stress,N3,35.0,40.0,0.007671094269016945,0.006941628796167138,0.008351115598943923
SPLN14,tierAmg_p95,B cells,oxidative_stress,N3,40.0,45.0,0.007667317900652278,0.006798509669911316,0.008510998854496368
SPLN14,tierAmg_p95,B cells,oxidative_stress,N3,45.0,50.0,0.007620131107964315,0.006569992809159927,0.008723988204861066
SPLN14,tierAmg_p95,B cells,oxidative_stress,N3,50.0,55.0,0.00769225609140603,0.0064867232197164115,0.00893617788812887
SPLN14,tierAmg_p95,B cells,oxidative_stress,N3,55.0,60.0,0.007638758116364057,0.006182578888247777,0.009082445609083925
SPLN14,tierAmg_p95,B cells,oxidative_stress,N3,60.0,65.0,0.007624205921437176,0.005917868025140861,0.009327695262574048
SPLN14,tierAmg_p95,B cells,oxidative_stress,N3,65.0,70.0,0.007666900161902479,0.005763457035274879,0.009577267921745758
SPLN14,tierAmg_p95,B cells,oxidative_stress,N3,70.0,75.0,0.00767328328879336,0.005631973496351787,0.009698415581974748
SPLN14,tierAmg_p95,B cells,oxidative_stress,N3,75.0,80.0,0.007667965857425728,0.005608859372463658,0.00997341138880163
SPLN14,tierAmg_p95,B cells,oxidative_stress,N3,80.0,85.0,0.007688100261766732,0.005465544279549034,0.009860256197201175
SPLN14,tierAmg_p95,B cells,oxidative_stress,N3,85.0,90.0,0.007617620598930636,0.005396844633641028,0.009849357400127911
SPLN14,tierAmg_p95,B cells,oxidative_stress,N3,90.0,95.0,0.007637845344329506,0.005142264904808508,0.009898889221030325
SPLN14,tierAmg_p95,B cells,oxidative_stress,N3,95.0,100.0,0.007639582510109314,0.007148323069733719,0.008061011431658263
SPLN14,tierAmg_p95,B cells,secondary_senescence,N3,0.0,5.0,-0.0030959580595520263,-0.003349539233381831,-0.0028308816444846036
SPLN14,tierAmg_p95,B cells,secondary_senescence,N3,5.0,10.0,-0.003091077631635304,-0.0032473074742019213,-0.0029249494691330367
SPLN14,tierAmg_p95,B cells,secondary_senescence,N3,10.0,15.0,-0.0030928289338337123,-0.0032320140714596894,-0.002949107214138914
SPLN14,tierAmg_p95,B cells,secondary_senescence,N3,15.0,20.0,-0.0030932735889070665,-0.003227125906239703,-0.002947705642808509
SPLN14,tierAmg_p95,B cells,secondary_senescence,N3,20.0,25.0,-0.0030926906054382437,-0.0032219093146492422,-0.002937173115003232
SPLN14,tierAmg_p95,B cells,secondary_senescence,N3,25.0,30.0,-0.0030939052885524455,-0.003247779374455594,-0.0029329396896830974
SPLN14,tierAmg_p95,B cells,secondary_senescence,N3,30.0,35.0,-0.0030945988667138388,-0.0032821629506936795,-0.0029135099826441834
SPLN14,tierAmg_p95,B cells,secondary_senescence,N3,35.0,40.0,-0.0030915636074818086,-0.0033149048443642643,-0.0028717129372803967
SPLN14,tierAmg_p95,B cells,secondary_senescence,N3,40.0,45.0,-0.0030899191102147744,-0.0033717600079602498,-0.0027996841776357817
SPLN14,tierAmg_p95,B cells,secondary_senescence,N3,45.0,50.0,-0.0030920979068166524,-0.003426491480057948,-0.0027388042363017968
SPLN14,tierAmg_p95,B cells,secondary_senescence,N3,50.0,55.0,-0.003081045482343949,-0.0034718923785534025,-0.002679488162677659
SPLN14,tierAmg_p95,B cells,secondary_senescence,N3,55.0,60.0,-0.003093421492979062,-0.0036047200643324552,-0.002583449433164619
SPLN14,tierAmg_p95,B cells,secondary_senescence,N3,60.0,65.0,-0.0030835244810388626,-0.0036244417422852454,-0.002512586703245328
SPLN14,tierAmg_p95,B cells,secondary_senescence,N3,65.0,70.0,-0.0030798398558161246,-0.0036663478192834414,-0.002427896576584146
SPLN14,tierAmg_p95,B cells,secondary_senescence,N3,70.0,75.0,-0.003087835399635155,-0.003689275700836285,-0.0024098395390479838
SPLN14,tierAmg_p95,B cells,secondary_senescence,N3,75.0,80.0,-0.0030775807112145667,-0.0037319395192047583,-0.0023490362937415676
SPLN14,tierAmg_p95,B cells,secondary_senescence,N3,80.0,85.0,-0.00308330824900637,-0.0037842886266122207,-0.0023647456900282044
SPLN14,tierAmg_p95,B cells,secondary_senescence,N3,85.0,90.0,-0.003080433620073886,-0.003823973210633301,-0.0023409609531899354
SPLN14,tierAmg_p95,B cells,secondary_senescence,N3,90.0,95.0,-0.0030814696169468737,-0.0038201684212643473,-0.0023199601435363627
SPLN14,tierAmg_p95,B cells,secondary_senescence,N3,95.0,100.0,-0.0030785500736966107,-0.0032807290848882002,-0.0028174635076782077
SPLN14,tierAmg_p95,B cells,tnfa_nfkb_proximal,N3,0.0,5.0,-0.0008821517794329683,-0.001196398723560071,-0.0005661146788832075
SPLN14,tierAmg_p95,B cells,tnfa_nfkb_proximal,N3,5.0,10.0,-0.0008835533623696921,-0.0010562240059698179,-0.0006952437829299747
SPLN14,tierAmg_p95,B cells,tnfa_nfkb_proximal,N3,10.0,15.0,-0.0008802279745529072,-0.0010362896858760087,-0.0007174354252012126
SPLN14,tierAmg_p95,B cells,tnfa_nfkb_proximal,N3,15.0,20.0,-0.0008833783149688394,-0.0010390057593313337,-0.0007100859036814488
SPLN14,tierAmg_p95,B cells,tnfa_nfkb_proximal,N3,20.0,25.0,-0.0008840534951094273,-0.001026181881584452,-0.0007121853175165079
SPLN14,tierAmg_p95,B cells,tnfa_nfkb_proximal,N3,25.0,30.0,-0.0008835450477151474,-0.001067921488107791,-0.0006921168581166998
SPLN14,tierAmg_p95,B cells,tnfa_nfkb_proximal,N3,30.0,35.0,-0.0008836950551241924,-0.0010972199348291292,-0.000645420242768038
SPLN14,tierAmg_p95,B cells,tnfa_nfkb_proximal,N3,35.0,40.0,-0.0008725771803733086,-0.0011382462559436873,-0.000602550369758173
SPLN14,tierAmg_p95,B cells,tnfa_nfkb_proximal,N3,40.0,45.0,-0.0008812136780013951,-0.0011922999873786562,-0.0005248558697288976
SPLN14,tierAmg_p95,B cells,tnfa_nfkb_proximal,N3,45.0,50.0,-0.0008807718447211281,-0.0012732794568840917,-0.0004581193695992106
SPLN14,tierAmg_p95,B cells,tnfa_nfkb_proximal,N3,50.0,55.0,-0.0008908963677967319,-0.0013520816424114868,-0.00038202226002350515
SPLN14,tierAmg_p95,B cells,tnfa_nfkb_proximal,N3,55.0,60.0,-0.000884666553283642,-0.0014196235446721497,-0.0002957758380690473
SPLN14,tierAmg_p95,B cells,tnfa_nfkb_proximal,N3,60.0,65.0,-0.0008893202370609884,-0.001583935815515626,-0.00013936247637953174
SPLN14,tierAmg_p95,B cells,tnfa_nfkb_proximal,N3,65.0,70.0,-0.000866313982420633,-0.0015603809521530533,-8.140300417738146e-05
SPLN14,tierAmg_p95,B cells,tnfa_nfkb_proximal,N3,70.0,75.0,-0.00087607795475136,-0.0016032432051546147,-8.184807825157585e-05
SPLN14,tierAmg_p95,B cells,tnfa_nfkb_proximal,N3,75.0,80.0,-0.0008688332623532957,-0.0016323796375994747,-3.569690775025935e-05
SPLN14,tierAmg_p95,B cells,tnfa_nfkb_proximal,N3,80.0,85.0,-0.0008719190408500224,-0.0016887873919186767,-8.317986716606766e-06
SPLN14,tierAmg_p95,B cells,tnfa_nfkb_proximal,N3,85.0,90.0,-0.0008840376501099074,-0.00173553593091469,5.085609178763307e-05
SPLN14,tierAmg_p95,B cells,tnfa_nfkb_proximal,N3,90.0,95.0,-0.0008748767243291382,-0.0016675058422865093,6.668587300505626e-05
SPLN14,tierAmg_p95,B cells,tnfa_nfkb_proximal,N3,95.0,100.0,-0.0008644100998668263,-0.0010517192877719215,-0.0005617580794886471
SPLN14,tierAmg_p95,B cells,downstream_arrest,N4,0.0,5.0,0.0017346089581164847,0.0014929490834228972,0.0019810212878825597
SPLN14,tierAmg_p95,B cells,downstream_arrest,N4,5.0,10.0,0.0017314759757496771,0.0015932363438259571,0.0018769490781670643
SPLN14,tierAmg_p95,B cells,downstream_arrest,N4,10.0,15.0,0.001731258928971514,0.0016062385529440417,0.0018576945478332573
SPLN14,tierAmg_p95,B cells,downstream_arrest,N4,15.0,20.0,0.0017301084019055023,0.001608601317625461,0.001851520059673367
SPLN14,tierAmg_p95,B cells,downstream_arrest,N4,20.0,25.0,0.001730278068211969,0.0016025213372591407,0.0018506712466830795
SPLN14,tierAmg_p95,B cells,downstream_arrest,N4,25.0,30.0,0.0017296531525039039,0.0015820085572460227,0.0018797938698610476
SPLN14,tierAmg_p95,B cells,downstream_arrest,N4,30.0,35.0,0.0017340326865725709,0.001552999647392519,0.0019095674153441677
SPLN14,tierAmg_p95,B cells,downstream_arrest,N4,35.0,40.0,0.0017341098444196624,0.0015166759233477883,0.001961364852897197
SPLN14,tierAmg_p95,B cells,downstream_arrest,N4,40.0,45.0,0.0017341175449047124,0.001421319178254266,0.002019160722492519
SPLN14,tierAmg_p95,B cells,downstream_arrest,N4,45.0,50.0,0.0017167933552093798,0.0013556016137365506,0.0021050986782135232
SPLN14,tierAmg_p95,B cells,downstream_arrest,N4,50.0,55.0,0.0017034649420847,0.001228821938213785,0.002172951665787634
SPLN14,tierAmg_p95,B cells,downstream_arrest,N4,55.0,60.0,0.0017058410866856418,0.0011238486969312855,0.0022575600368304302
SPLN14,tierAmg_p95,B cells,downstream_arrest,N4,60.0,65.0,0.0016760732857311687,0.0009233235880831148,0.0024134100410891333
SPLN14,tierAmg_p95,B cells,downstream_arrest,N4,65.0,70.0,0.0016807268184882962,0.0008274043022267088,0.0025128377249965185
SPLN14,tierAmg_p95,B cells,downstream_arrest,N4,70.0,75.0,0.0016515801638237347,0.0006702986714618186,0.002526701993801132
SPLN14,tierAmg_p95,B cells,downstream_arrest,N4,75.0,80.0,0.0016458701833121849,0.0005769122310993283,0.0025621717219389394
SPLN14,tierAmg_p95,B cells,downstream_arrest,N4,80.0,85.0,0.0016291666406181085,0.0005265714468133292,0.0026937160550370358
SPLN14,tierAmg_p95,B cells,downstream_arrest,N4,85.0,90.0,0.0016465017201380539,0.00023128818983667867,0.002883574707681206
SPLN14,tierAmg_p95,B cells,downstream_arrest,N4,90.0,95.0,0.0016953375519543905,0.00045774873932921103,0.002902312977086243
SPLN14,tierAmg_p95,B cells,downstream_arrest,N4,95.0,100.0,0.0017421133137998069,0.001511416946279562,0.0019557298357310714
SPLN14,tierAmg_p95,B cells,emt_ecm,N4,0.0,5.0,-0.0027709503080127775,-0.0030242227698678934,-0.0025039745324906154
SPLN14,tierAmg_p95,B cells,emt_ecm,N4,5.0,10.0,-0.0027777903116900844,-0.0029534058026250173,-0.002610643251701097
SPLN14,tierAmg_p95,B cells,emt_ecm,N4,10.0,15.0,-0.002771699895876541,-0.0029171316157614504,-0.002638184844522379
SPLN14,tierAmg_p95,B cells,emt_ecm,N4,15.0,20.0,-0.0027754094687180084,-0.0029024820184428085,-0.00264222433249818
SPLN14,tierAmg_p95,B cells,emt_ecm,N4,20.0,25.0,-0.0027770739959016603,-0.0029113440990731067,-0.0026416819876109846
SPLN14,tierAmg_p95,B cells,emt_ecm,N4,25.0,30.0,-0.002766603615168927,-0.0029239027663785933,-0.002603702569492755
SPLN14,tierAmg_p95,B cells,emt_ecm,N4,30.0,35.0,-0.002765765002794823,-0.002962120560577149,-0.002559781886526514
SPLN14,tierAmg_p95,B cells,emt_ecm,N4,35.0,40.0,-0.002750865410062475,-0.002991627599809978,-0.0024937021049009776
SPLN14,tierAmg_p95,B cells,emt_ecm,N4,40.0,45.0,-0.002756148368911582,-0.0030683699663275566,-0.0023723473024894557
SPLN14,tierAmg_p95,B cells,emt_ecm,N4,45.0,50.0,-0.0027616146297872062,-0.003203194243649477,-0.002325835898309145
SPLN14,tierAmg_p95,B cells,emt_ecm,N4,50.0,55.0,-0.002724529996546476,-0.003297626382417083,-0.002145120030891131
SPLN14,tierAmg_p95,B cells,emt_ecm,N4,55.0,60.0,-0.0027286640794288277,-0.0033735056720989825,-0.00196995542139323
SPLN14,tierAmg_p95,B cells,emt_ecm,N4,60.0,65.0,-0.0026834179301644346,-0.00340670631546235,-0.0017740321742632352
SPLN14,tierAmg_p95,B cells,emt_ecm,N4,65.0,70.0,-0.002676322007804264,-0.0036362627008050307,-0.0015754087911419052
SPLN14,tierAmg_p95,B cells,emt_ecm,N4,70.0,75.0,-0.0027097520659735553,-0.003720926794420282,-0.001487120804275881
SPLN14,tierAmg_p95,B cells,emt_ecm,N4,75.0,80.0,-0.0027581583335166584,-0.003858358840221369,-0.0014387831025193944
SPLN14,tierAmg_p95,B cells,emt_ecm,N4,80.0,85.0,-0.0027313904928595737,-0.0039120391924441986,-0.0012695496306808468
SPLN14,tierAmg_p95,B cells,emt_ecm,N4,85.0,90.0,-0.0027647104300855796,-0.003944090760098284,-0.0014201126230406146
SPLN14,tierAmg_p95,B cells,emt_ecm,N4,90.0,95.0,-0.002832020045483464,-0.004061881120198864,-0.001270910027722936
SPLN14,tierAmg_p95,B cells,emt_ecm,N4,95.0,100.0,-0.0028411396146623,-0.003132495424814547,-0.0024969156167406895
SPLN14,tierAmg_p95,B cells,il6_jak_stat3,N4,0.0,5.0,0.002166381215533755,0.0017333366797503463,0.0025865288163602
SPLN14,tierAmg_p95,B cells,il6_jak_stat3,N4,5.0,10.0,0.0021625347824204364,0.0019113552442825128,0.0024168125909356407
SPLN14,tierAmg_p95,B cells,il6_jak_stat3,N4,10.0,15.0,0.0021741681360526242,0.00196987800456673,0.002368538947045844
SPLN14,tierAmg_p95,B cells,il6_jak_stat3,N4,15.0,20.0,0.002168613062555779,0.0019585696044609547,0.0023708184720772968
SPLN14,tierAmg_p95,B cells,il6_jak_stat3,N4,20.0,25.0,0.002166655501968304,0.001937058557704216,0.0023764832916949386
SPLN14,tierAmg_p95,B cells,il6_jak_stat3,N4,25.0,30.0,0.0021807533495037733,0.001915605448784057,0.002432158523477019
SPLN14,tierAmg_p95,B cells,il6_jak_stat3,N4,30.0,35.0,0.002203168261379989,0.001899598453185394,0.0025212977018971663
SPLN14,tierAmg_p95,B cells,il6_jak_stat3,N4,35.0,40.0,0.0022025252494426405,0.0018093617493542562,0.002588994161866676
SPLN14,tierAmg_p95,B cells,il6_jak_stat3,N4,40.0,45.0,0.0022119836216761913,0.0016712460462369326,0.002751962664489002
SPLN14,tierAmg_p95,B cells,il6_jak_stat3,N4,45.0,50.0,0.002248587976260308,0.0015943113218920583,0.002874029597869209
SPLN14,tierAmg_p95,B cells,il6_jak_stat3,N4,50.0,55.0,0.002254636993332885,0.0014169308774184515,0.0031684939012806153
SPLN14,tierAmg_p95,B cells,il6_jak_stat3,N4,55.0,60.0,0.0023038295298931093,0.0012966903116245036,0.003370397395184082
SPLN14,tierAmg_p95,B cells,il6_jak_stat3,N4,60.0,65.0,0.0024028446200887333,0.0012050447414359415,0.0036585321024265034
SPLN14,tierAmg_p95,B cells,il6_jak_stat3,N4,65.0,70.0,0.002485430887919025,0.0009852725390763377,0.004161959648761084
SPLN14,tierAmg_p95,B cells,il6_jak_stat3,N4,70.0,75.0,0.002550578982327561,0.0008314908643892429,0.004416348432254447
SPLN14,tierAmg_p95,B cells,il6_jak_stat3,N4,75.0,80.0,0.0026251519007069097,0.0007501057514204265,0.004841340741197759
SPLN14,tierAmg_p95,B cells,il6_jak_stat3,N4,80.0,85.0,0.002618506938067085,0.000702905095957265,0.004705787767365011
SPLN14,tierAmg_p95,B cells,il6_jak_stat3,N4,85.0,90.0,0.002660980397136581,0.0005681643154935174,0.0051893876273736315
SPLN14,tierAmg_p95,B cells,il6_jak_stat3,N4,90.0,95.0,0.00265155554202311,0.0005381920806287297,0.00513565767105495
SPLN14,tierAmg_p95,B cells,il6_jak_stat3,N4,95.0,100.0,0.0027253435244348097,0.002262464419590346,0.0031523804640325725
SPLN14,tierAmg_p95,B cells,interferon_response,N4,0.0,5.0,0.006893081979140902,0.006513158355702254,0.007270211119424314
SPLN14,tierAmg_p95,B cells,interferon_response,N4,5.0,10.0,0.006896369695252164,0.006667175959099972,0.007107537654459553
SPLN14,tierAmg_p95,B cells,interferon_response,N4,10.0,15.0,0.006899607545369383,0.006713847090893626,0.007103832100391031
SPLN14,tierAmg_p95,B cells,interferon_response,N4,15.0,20.0,0.006899004620779086,0.006710189655658236,0.007093676224728808
SPLN14,tierAmg_p95,B cells,interferon_response,N4,20.0,25.0,0.006900239203529233,0.0066856291820407265,0.007087060987873938
SPLN14,tierAmg_p95,B cells,interferon_response,N4,25.0,30.0,0.006897567664310214,0.006671458256903065,0.007140413083241636
SPLN14,tierAmg_p95,B cells,interferon_response,N4,30.0,35.0,0.006920526472449134,0.00662669342304623,0.007239348152685561
SPLN14,tierAmg_p95,B cells,interferon_response,N4,35.0,40.0,0.00691730585411667,0.006581172499312464,0.007266201478789942
SPLN14,tierAmg_p95,B cells,interferon_response,N4,40.0,45.0,0.006928973042052038,0.006479174604690844,0.0073851767580818
SPLN14,tierAmg_p95,B cells,interferon_response,N4,45.0,50.0,0.006944405023026071,0.00638640669472372,0.007589710086452202
SPLN14,tierAmg_p95,B cells,interferon_response,N4,50.0,55.0,0.006945027736048128,0.006137604836103033,0.0077664685104037795
SPLN14,tierAmg_p95,B cells,interferon_response,N4,55.0,60.0,0.006993508613514467,0.006092866454757707,0.007925147869233058
SPLN14,tierAmg_p95,B cells,interferon_response,N4,60.0,65.0,0.00704587503937485,0.005981491682079992,0.008295797606424456
SPLN14,tierAmg_p95,B cells,interferon_response,N4,65.0,70.0,0.007134955277849318,0.005872950974800163,0.008582708599366612
SPLN14,tierAmg_p95,B cells,interferon_response,N4,70.0,75.0,0.007140692847149156,0.005821887351257735,0.008960395847626495
SPLN14,tierAmg_p95,B cells,interferon_response,N4,75.0,80.0,0.0071948304682180496,0.005445582621970353,0.008995613302582691
SPLN14,tierAmg_p95,B cells,interferon_response,N4,80.0,85.0,0.007237978289213627,0.005497266116993891,0.009386147819586669
SPLN14,tierAmg_p95,B cells,interferon_response,N4,85.0,90.0,0.007289143428549048,0.0055543172486867964,0.009278735142471954
SPLN14,tierAmg_p95,B cells,interferon_response,N4,90.0,95.0,0.0072792245511879555,0.005409878483696991,0.009227398174459408
SPLN14,tierAmg_p95,B cells,interferon_response,N4,95.0,100.0,0.007831158813003164,0.007356253994649922,0.008518012753234334
SPLN14,tierAmg_p95,B cells,oxidative_stress,N4,0.0,5.0,0.007609063995072797,0.006910802554011551,0.008318934928859928
SPLN14,tierAmg_p95,B cells,oxidative_stress,N4,5.0,10.0,0.007598791524544246,0.00715971880532205,0.008015699455299003
SPLN14,tierAmg_p95,B cells,oxidative_stress,N4,10.0,15.0,0.007600395146422968,0.007234839769274322,0.00792521410868205
SPLN14,tierAmg_p95,B cells,oxidative_stress,N4,15.0,20.0,0.007604878783329711,0.007256746284416229,0.007943327976570092
SPLN14,tierAmg_p95,B cells,oxidative_stress,N4,20.0,25.0,0.007607223329502695,0.007257994036804838,0.00796655302993016
SPLN14,tierAmg_p95,B cells,oxidative_stress,N4,25.0,30.0,0.00761001304190993,0.007174399777637541,0.008069811869447436
SPLN14,tierAmg_p95,B cells,oxidative_stress,N4,30.0,35.0,0.007613399909325294,0.007065503575259025,0.008138729976815057
SPLN14,tierAmg_p95,B cells,oxidative_stress,N4,35.0,40.0,0.0076064754461888685,0.006970039847826253,0.008282846251657037
SPLN14,tierAmg_p95,B cells,oxidative_stress,N4,40.0,45.0,0.00762338010099419,0.006773992794489242,0.008473248057065036
SPLN14,tierAmg_p95,B cells,oxidative_stress,N4,45.0,50.0,0.007623598524975742,0.006560240108915515,0.008604958432263016
SPLN14,tierAmg_p95,B cells,oxidative_stress,N4,50.0,55.0,0.007658505180135085,0.006222351195235022,0.00905458483010121
SPLN14,tierAmg_p95,B cells,oxidative_stress,N4,55.0,60.0,0.007695215870895843,0.006034763201845166,0.009350464229634425
SPLN14,tierAmg_p95,B cells,oxidative_stress,N4,60.0,65.0,0.007762913665426582,0.005597870520232833,0.009775438662981915
SPLN14,tierAmg_p95,B cells,oxidative_stress,N4,65.0,70.0,0.00781889093585415,0.005512758931829638,0.010353179082521887
SPLN14,tierAmg_p95,B cells,oxidative_stress,N4,70.0,75.0,0.00794651160575442,0.0052611154966678815,0.010858519936102144
SPLN14,tierAmg_p95,B cells,oxidative_stress,N4,75.0,80.0,0.007975749824975691,0.004833129760222324,0.011199078521936261
SPLN14,tierAmg_p95,B cells,oxidative_stress,N4,80.0,85.0,0.007990814324458277,0.004977220014291681,0.01161028157924441
SPLN14,tierAmg_p95,B cells,oxidative_stress,N4,85.0,90.0,0.007956510408182663,0.004651206278657893,0.011400202068408753
SPLN14,tierAmg_p95,B cells,oxidative_stress,N4,90.0,95.0,0.007997998849038658,0.0046548975417619685,0.011902078610537749
SPLN14,tierAmg_p95,B cells,oxidative_stress,N4,95.0,100.0,0.007963195055556234,0.007654215439453651,0.008181657636563372
SPLN14,tierAmg_p95,B cells,secondary_senescence,N4,0.0,5.0,-0.0030820396638914986,-0.003304878167796578,-0.0028582421159024647
SPLN14,tierAmg_p95,B cells,secondary_senescence,N4,5.0,10.0,-0.0030744299332443282,-0.0032076990066749597,-0.002934953316473584
SPLN14,tierAmg_p95,B cells,secondary_senescence,N4,10.0,15.0,-0.0030712005250512517,-0.0031956607573255485,-0.0029536488039139342
SPLN14,tierAmg_p95,B cells,secondary_senescence,N4,15.0,20.0,-0.0030792789411273926,-0.0031890426977721513,-0.002968681579173901
SPLN14,tierAmg_p95,B cells,secondary_senescence,N4,20.0,25.0,-0.003078418476852575,-0.00319491065359769,-0.0029632568590698648
SPLN14,tierAmg_p95,B cells,secondary_senescence,N4,25.0,30.0,-0.0030724672507903513,-0.0032104472474239034,-0.0029301431270122107
SPLN14,tierAmg_p95,B cells,secondary_senescence,N4,30.0,35.0,-0.0030804415077863886,-0.0032534481987617145,-0.0029107930462144126
SPLN14,tierAmg_p95,B cells,secondary_senescence,N4,35.0,40.0,-0.0030769593659298942,-0.003280181720633728,-0.002859567684018396
SPLN14,tierAmg_p95,B cells,secondary_senescence,N4,40.0,45.0,-0.0030747814740531114,-0.003314229999083969,-0.0027929821551631803
SPLN14,tierAmg_p95,B cells,secondary_senescence,N4,45.0,50.0,-0.003061240770476974,-0.0033990163630636156,-0.002724395049169685
SPLN14,tierAmg_p95,B cells,secondary_senescence,N4,50.0,55.0,-0.0030738156746887226,-0.0035019690288279944,-0.0026180706239419703
SPLN14,tierAmg_p95,B cells,secondary_senescence,N4,55.0,60.0,-0.0030536217770533985,-0.003629160686807282,-0.0024972663238432558
SPLN14,tierAmg_p95,B cells,secondary_senescence,N4,60.0,65.0,-0.0030658551042477057,-0.0037187784102658238,-0.00231073418017364
SPLN14,tierAmg_p95,B cells,secondary_senescence,N4,65.0,70.0,-0.0030553458716805633,-0.0038968226650606085,-0.0021762656793064875
SPLN14,tierAmg_p95,B cells,secondary_senescence,N4,70.0,75.0,-0.0030946566713045743,-0.004048285199913905,-0.002119075750621243
SPLN14,tierAmg_p95,B cells,secondary_senescence,N4,75.0,80.0,-0.0031007877406808463,-0.0040273956838945335,-0.0020181790282037477
SPLN14,tierAmg_p95,B cells,secondary_senescence,N4,80.0,85.0,-0.0030987596292764803,-0.0041291164719303025,-0.001991134854561448
SPLN14,tierAmg_p95,B cells,secondary_senescence,N4,85.0,90.0,-0.0031119736599896043,-0.004256718555114643,-0.0019561000889367166
SPLN14,tierAmg_p95,B cells,secondary_senescence,N4,90.0,95.0,-0.0031159925304924396,-0.0043286313892400485,-0.0019452499905916437
SPLN14,tierAmg_p95,B cells,secondary_senescence,N4,95.0,100.0,-0.003217124243203894,-0.0034116456837906223,-0.0029717260770295516
SPLN14,tierAmg_p95,B cells,tnfa_nfkb_proximal,N4,0.0,5.0,-0.000905064661159781,-0.0011524402652342493,-0.0006325464632372267
SPLN14,tierAmg_p95,B cells,tnfa_nfkb_proximal,N4,5.0,10.0,-0.000907106679954854,-0.001058759371362222,-0.0007565194057383418
SPLN14,tierAmg_p95,B cells,tnfa_nfkb_proximal,N4,10.0,15.0,-0.0009078600086226157,-0.0010367818518923445,-0.0007605919250766407
SPLN14,tierAmg_p95,B cells,tnfa_nfkb_proximal,N4,15.0,20.0,-0.0009044862719887461,-0.0010287487277352019,-0.0007762938059503376
SPLN14,tierAmg_p95,B cells,tnfa_nfkb_proximal,N4,20.0,25.0,-0.000893813467505784,-0.0010304212407084936,-0.0007533507778895839
SPLN14,tierAmg_p95,B cells,tnfa_nfkb_proximal,N4,25.0,30.0,-0.0008902860629425982,-0.0010549038764026879,-0.0007262439792328362
SPLN14,tierAmg_p95,B cells,tnfa_nfkb_proximal,N4,30.0,35.0,-0.0008866900295863379,-0.0010754555902260667,-0.0006909056680511404
SPLN14,tierAmg_p95,B cells,tnfa_nfkb_proximal,N4,35.0,40.0,-0.0008788720657110534,-0.0011179655466208233,-0.0006187489023224985
SPLN14,tierAmg_p95,B cells,tnfa_nfkb_proximal,N4,40.0,45.0,-0.0008793786542341681,-0.001213918575236184,-0.000552474082582479
SPLN14,tierAmg_p95,B cells,tnfa_nfkb_proximal,N4,45.0,50.0,-0.0008839536134914985,-0.0013114187851162226,-0.0004746028865653894
SPLN14,tierAmg_p95,B cells,tnfa_nfkb_proximal,N4,50.0,55.0,-0.0008825840012791694,-0.0013932890685481368,-0.0003907830108878921
SPLN14,tierAmg_p95,B cells,tnfa_nfkb_proximal,N4,55.0,60.0,-0.0008556356799633318,-0.00152627049662068,-0.00020831946327148977
SPLN14,tierAmg_p95,B cells,tnfa_nfkb_proximal,N4,60.0,65.0,-0.0007895751914019619,-0.001573493928271795,0.00015209870233577548
SPLN14,tierAmg_p95,B cells,tnfa_nfkb_proximal,N4,65.0,70.0,-0.0007928878525745914,-0.0017888568104302467,0.0002597032529207422
SPLN14,tierAmg_p95,B cells,tnfa_nfkb_proximal,N4,70.0,75.0,-0.0007547877187654669,-0.001751715724957129,0.0003450511465870661
SPLN14,tierAmg_p95,B cells,tnfa_nfkb_proximal,N4,75.0,80.0,-0.0007556160548964906,-0.0019264443441556923,0.0006096438722992055
SPLN14,tierAmg_p95,B cells,tnfa_nfkb_proximal,N4,80.0,85.0,-0.000784118581468668,-0.0020616352108075316,0.0005879574118741345
SPLN14,tierAmg_p95,B cells,tnfa_nfkb_proximal,N4,85.0,90.0,-0.0007944593117650092,-0.0022111451437398255,0.0005175769284086029
SPLN14,tierAmg_p95,B cells,tnfa_nfkb_proximal,N4,90.0,95.0,-0.000793504025819322,-0.0020193630309698818,0.0005431597383081677
SPLN14,tierAmg_p95,B cells,tnfa_nfkb_proximal,N4,95.0,100.0,-0.00080806893232504,-0.0009264957400214902,-0.000660888822045032
SPLN14,tierA_p95,B cells,downstream_arrest,N1,0.0,5.0,0.0017230786773383255,0.0015130795005934648,0.0019311000393063646
SPLN14,tierA_p95,B cells,downstream_arrest,N1,5.0,10.0,0.001795619620269079,0.0016753140115400337,0.0019166536796461546
SPLN14,tierA_p95,B cells,downstream_arrest,N1,10.0,15.0,0.0017825266769401656,0.001673946008931841,0.0018866336770095864
SPLN14,tierA_p95,B cells,downstream_arrest,N1,15.0,20.0,0.0017674775423347597,0.0016589939491953062,0.0018754520231147598
SPLN14,tierA_p95,B cells,downstream_arrest,N1,20.0,25.0,0.0017352619437705802,0.001619869488528436,0.0018563713830559428
SPLN14,tierA_p95,B cells,downstream_arrest,N1,25.0,30.0,0.0017015009651814778,0.001559937515155533,0.0018550683193206555
SPLN14,tierA_p95,B cells,downstream_arrest,N1,30.0,35.0,0.0016523819933019549,0.0014709043217938519,0.0018271888388738293
SPLN14,tierA_p95,B cells,downstream_arrest,N1,35.0,40.0,0.0016127834458807887,0.0013718634777372288,0.0018501133549080808
SPLN14,tierA_p95,B cells,downstream_arrest,N1,40.0,45.0,0.0015672351330352013,0.0012464760473553358,0.0018815651500796783
SPLN14,tierA_p95,B cells,downstream_arrest,N1,45.0,50.0,0.0015041413371067649,0.0010162404346125296,0.0019488014141460295
SPLN14,tierA_p95,B cells,downstream_arrest,N1,50.0,55.0,0.0014564595486243166,0.0008177962736692935,0.0021459483223737683
SPLN14,tierA_p95,B cells,downstream_arrest,N1,55.0,60.0,0.0014146134847806409,0.0005432667119510677,0.0023370959698851526
SPLN14,tierA_p95,B cells,downstream_arrest,N1,60.0,65.0,0.0014384809595085208,0.00013773884913988166,0.0029692328738283014
SPLN14,tierA_p95,B cells,downstream_arrest,N1,65.0,70.0,0.00132794461281558,-0.0007641471720526463,0.0033589672348317747
SPLN14,tierA_p95,B cells,downstream_arrest,N1,70.0,75.0,0.001338669306299241,-0.001570861071943202,0.0043861504889305646
SPLN14,tierA_p95,B cells,downstream_arrest,N1,75.0,80.0,0.0010062674556449503,-0.003415666767007982,0.0053787858236954336
SPLN14,tierA_p95,B cells,downstream_arrest,N1,80.0,85.0,0.0009585742863012124,-0.0050684999470831825,0.0077939999584486965
SPLN14,tierA_p95,B cells,downstream_arrest,N1,85.0,90.0,0.0007397228723816413,-0.00854375003837049,0.00962999986950308
SPLN14,tierA_p95,B cells,downstream_arrest,N1,90.0,95.0,0.0008786389441071564,-0.008550000376999378,0.011730000376701355
SPLN14,tierA_p95,B cells,downstream_arrest,N1,95.0,100.0,-0.0005653689403153924,-0.010280000045895576,0.007502499996917322
SPLN14,tierA_p95,B cells,emt_ecm,N1,0.0,5.0,-0.002806897321556864,-0.0030109447540263715,-0.0025938844810457296
SPLN14,tierA_p95,B cells,emt_ecm,N1,5.0,10.0,-0.0028460446762501425,-0.002967094577745291,-0.0027225289406021783
SPLN14,tierA_p95,B cells,emt_ecm,N1,10.0,15.0,-0.0028498360886195693,-0.002957706968786873,-0.002742508779841268
SPLN14,tierA_p95,B cells,emt_ecm,N1,15.0,20.0,-0.0028064539887895845,-0.002911669482796722,-0.002706117541791281
SPLN14,tierA_p95,B cells,emt_ecm,N1,20.0,25.0,-0.002750965440908122,-0.0028719568969002266,-0.0026324549942925487
SPLN14,tierA_p95,B cells,emt_ecm,N1,25.0,30.0,-0.0027284634508223746,-0.002869741239205057,-0.0025842040396417167
SPLN14,tierA_p95,B cells,emt_ecm,N1,30.0,35.0,-0.002683295792979252,-0.0028525157772029274,-0.0024845175632250984
SPLN14,tierA_p95,B cells,emt_ecm,N1,35.0,40.0,-0.0026565914410795724,-0.0028870251923203086,-0.002421984801441457
SPLN14,tierA_p95,B cells,emt_ecm,N1,40.0,45.0,-0.002598873825493648,-0.002933322283285858,-0.002261367449526278
SPLN14,tierA_p95,B cells,emt_ecm,N1,45.0,50.0,-0.002593892384538992,-0.0030187280094749443,-0.0021483457251361107
SPLN14,tierA_p95,B cells,emt_ecm,N1,50.0,55.0,-0.0025889386536985617,-0.003228268469057204,-0.0019062709493744313
SPLN14,tierA_p95,B cells,emt_ecm,N1,55.0,60.0,-0.002570970536700414,-0.003534745038205539,-0.0015128987095345266
SPLN14,tierA_p95,B cells,emt_ecm,N1,60.0,65.0,-0.002609722783468123,-0.003876788752376311,-0.0012779135413659279
SPLN14,tierA_p95,B cells,emt_ecm,N1,65.0,70.0,-0.0025883079856791136,-0.00445057434893553,-0.0004840463097686731
SPLN14,tierA_p95,B cells,emt_ecm,N1,70.0,75.0,-0.0026926292594491616,-0.005358265961397344,0.0007198666496697111
SPLN14,tierA_p95,B cells,emt_ecm,N1,75.0,80.0,-0.0028861942490304698,-0.006498499971348793,0.001795347154580263
SPLN14,tierA_p95,B cells,emt_ecm,N1,80.0,85.0,-0.0029465272565669183,-0.007467700033448636,0.004499999829567982
SPLN14,tierA_p95,B cells,emt_ecm,N1,85.0,90.0,-0.002737397901387845,-0.00779374988633208,0.0071237501833820716
SPLN14,tierA_p95,B cells,emt_ecm,N1,90.0,95.0,-0.003009870668900648,-0.008329999633133411,0.005983999900636259
SPLN14,tierA_p95,B cells,emt_ecm,N1,95.0,100.0,-0.0027275060869150795,-0.0077049999963492155,0.007480000029318035
SPLN14,tierA_p95,B cells,il6_jak_stat3,N1,0.0,5.0,0.002219279502108902,0.0018562482739944276,0.002605049461866516
SPLN14,tierA_p95,B cells,il6_jak_stat3,N1,5.0,10.0,0.0022394282188811596,0.0020467471814445653,0.002429820257061694
SPLN14,tierA_p95,B cells,il6_jak_stat3,N1,10.0,15.0,0.0022521584279520494,0.002072065570400792,0.0024286006656207525
SPLN14,tierA_p95,B cells,il6_jak_stat3,N1,15.0,20.0,0.0022472771257406573,0.002072019240103926,0.0024237008360016897
SPLN14,tierA_p95,B cells,il6_jak_stat3,N1,20.0,25.0,0.0022601214407788873,0.0020617227767445834,0.00246827123786446
SPLN14,tierA_p95,B cells,il6_jak_stat3,N1,25.0,30.0,0.0022654523366796445,0.002031405466196802,0.002515005935199808
SPLN14,tierA_p95,B cells,il6_jak_stat3,N1,30.0,35.0,0.0022261652983906932,0.0019301297911871835,0.00251616144054398
SPLN14,tierA_p95,B cells,il6_jak_stat3,N1,35.0,40.0,0.002210538175761904,0.0017973001047643248,0.002641786617641335
SPLN14,tierA_p95,B cells,il6_jak_stat3,N1,40.0,45.0,0.0022175557620952775,0.001657962606787739,0.0027993272559055766
SPLN14,tierA_p95,B cells,il6_jak_stat3,N1,45.0,50.0,0.002181392738084322,0.0014378269079296797,0.0029954957075018765
SPLN14,tierA_p95,B cells,il6_jak_stat3,N1,50.0,55.0,0.0021507973590116406,0.0010857025061002431,0.0032695835929849692
SPLN14,tierA_p95,B cells,il6_jak_stat3,N1,55.0,60.0,0.0021732219468409007,0.0005271742421441697,0.00380910321855646
SPLN14,tierA_p95,B cells,il6_jak_stat3,N1,60.0,65.0,0.0021220677623318106,-0.00017316383110321288,0.004441814766361546
SPLN14,tierA_p95,B cells,il6_jak_stat3,N1,65.0,70.0,0.0019666561890740535,-0.0015225569153012152,0.005265951957811082
SPLN14,tierA_p95,B cells,il6_jak_stat3,N1,70.0,75.0,0.0019909504565710175,-0.0030226250243787136,0.007164089235188187
SPLN14,tierA_p95,B cells,il6_jak_stat3,N1,75.0,80.0,0.0022798888627413253,-0.004554166578842948,0.010296828792779702
SPLN14,tierA_p95,B cells,il6_jak_stat3,N1,80.0,85.0,0.001924216399012215,-0.006841000029817223,0.012905499961925672
SPLN14,tierA_p95,B cells,il6_jak_stat3,N1,85.0,90.0,0.0021548512819771592,-0.008787500148173422,0.020352499559521675
SPLN14,tierA_p95,B cells,il6_jak_stat3,N1,90.0,95.0,0.0025354980051534703,-0.009080000221729279,0.020329250325448796
SPLN14,tierA_p95,B cells,il6_jak_stat3,N1,95.0,100.0,0.0021271021821860554,-0.009449999779462814,0.02474999986588955
SPLN14,tierA_p95,B cells,interferon_response,N1,0.0,5.0,0.006975640944871515,0.006653125134879239,0.007294028788711164
SPLN14,tierA_p95,B cells,interferon_response,N1,5.0,10.0,0.006989887698292637,0.006815962395234206,0.007158825716753102
SPLN14,tierA_p95,B cells,interferon_response,N1,10.0,15.0,0.006982724209361443,0.006812138073661405,0.007143738454616462
SPLN14,tierA_p95,B cells,interferon_response,N1,15.0,20.0,0.006981082041018909,0.006815573992780877,0.007142907655970691
SPLN14,tierA_p95,B cells,interferon_response,N1,20.0,25.0,0.007006178059598753,0.0068231445035609566,0.0071974020465043346
SPLN14,tierA_p95,B cells,interferon_response,N1,25.0,30.0,0.007014202795670947,0.006800619784614265,0.007220541867620871
SPLN14,tierA_p95,B cells,interferon_response,N1,30.0,35.0,0.007033328306261979,0.006740407247908216,0.007315301112066299
SPLN14,tierA_p95,B cells,interferon_response,N1,35.0,40.0,0.007037822294566635,0.006653850324806266,0.0074361349240634035
SPLN14,tierA_p95,B cells,interferon_response,N1,40.0,45.0,0.007088480608085161,0.006598265661587144,0.007588573036359787
SPLN14,tierA_p95,B cells,interferon_response,N1,45.0,50.0,0.00710774045302404,0.006436339065363754,0.007815196991750756
SPLN14,tierA_p95,B cells,interferon_response,N1,50.0,55.0,0.007168339901865194,0.0061406996859049035,0.008255472141094627
SPLN14,tierA_p95,B cells,interferon_response,N1,55.0,60.0,0.007206965980678236,0.005734569481406849,0.00874944036718488
SPLN14,tierA_p95,B cells,interferon_response,N1,60.0,65.0,0.007275718207006634,0.0052106856357600545,0.009527279071940604
SPLN14,tierA_p95,B cells,interferon_response,N1,65.0,70.0,0.007389795001832801,0.004277731832701741,0.011162079724243785
SPLN14,tierA_p95,B cells,interferon_response,N1,70.0,75.0,0.007302469562178235,0.0027205803381158537,0.012261383845022553
SPLN14,tierA_p95,B cells,interferon_response,N1,75.0,80.0,0.007056691314604571,0.0007660834254541745,0.014891142786946145
SPLN14,tierA_p95,B cells,interferon_response,N1,80.0,85.0,0.006777250490456258,-0.0031799999997019768,0.016760999895632272
SPLN14,tierA_p95,B cells,interferon_response,N1,85.0,90.0,0.006974556022536596,-0.0032999999821186066,0.018411666659327846
SPLN14,tierA_p95,B cells,interferon_response,N1,90.0,95.0,0.006470690305147016,-0.004749999847263098,0.02072199974209067
SPLN14,tierA_p95,B cells,interferon_response,N1,95.0,100.0,0.005687926901169995,-0.0032999999821186066,0.015467500081285834
SPLN14,tierA_p95,B cells,oxidative_stress,N1,0.0,5.0,0.007676306091589417,0.0071066658916193355,0.008288145728555652
SPLN14,tierA_p95,B cells,oxidative_stress,N1,5.0,10.0,0.007789440399732644,0.0074459210921175665,0.008132588358767876
SPLN14,tierA_p95,B cells,oxidative_stress,N1,10.0,15.0,0.007776728120035903,0.007455474893745317,0.008083709322227834
SPLN14,tierA_p95,B cells,oxidative_stress,N1,15.0,20.0,0.007687382060028673,0.007382239609199178,0.007976445077026289
SPLN14,tierA_p95,B cells,oxidative_stress,N1,20.0,25.0,0.007648885139789213,0.007304727661948466,0.007982561308651574
SPLN14,tierA_p95,B cells,oxidative_stress,N1,25.0,30.0,0.007557545753929316,0.007150827513899987,0.007964943283135257
SPLN14,tierA_p95,B cells,oxidative_stress,N1,30.0,35.0,0.007480487394423849,0.006949449034822979,0.00798303296113003
SPLN14,tierA_p95,B cells,oxidative_stress,N1,35.0,40.0,0.00744404767628479,0.00679244206278553,0.008143694969570384
SPLN14,tierA_p95,B cells,oxidative_stress,N1,40.0,45.0,0.007343148209812568,0.006435014439005915,0.008245168244273723
SPLN14,tierA_p95,B cells,oxidative_stress,N1,45.0,50.0,0.007312837465129561,0.006032708452641735,0.008679780894249098
SPLN14,tierA_p95,B cells,oxidative_stress,N1,50.0,55.0,0.0072224446338592365,0.005356704549088863,0.009044913341936535
SPLN14,tierA_p95,B cells,oxidative_stress,N1,55.0,60.0,0.007221505792736167,0.004541582827686297,0.009731008784605722
SPLN14,tierA_p95,B cells,oxidative_stress,N1,60.0,65.0,0.007141612215082827,0.0030346284521488944,0.010819472863351517
SPLN14,tierA_p95,B cells,oxidative_stress,N1,65.0,70.0,0.007003837995898848,0.0014243690425021118,0.012902297927627444
SPLN14,tierA_p95,B cells,oxidative_stress,N1,70.0,75.0,0.007068008525467785,-0.0011592382749864448,0.0156313960755142
SPLN14,tierA_p95,B cells,oxidative_stress,N1,75.0,80.0,0.007260846316303203,-0.004804639047425654,0.021087949914908675
SPLN14,tierA_p95,B cells,oxidative_stress,N1,80.0,85.0,0.006349461395176092,-0.00951499999500811,0.02747366693802178
SPLN14,tierA_p95,B cells,oxidative_stress,N1,85.0,90.0,0.006703041588247344,-0.009801875043194741,0.03158312535379082
SPLN14,tierA_p95,B cells,oxidative_stress,N1,90.0,95.0,0.00539016757815123,-0.010060000233352184,0.03598899897187944
SPLN14,tierA_p95,B cells,oxidative_stress,N1,95.0,100.0,0.0035889710982322867,-0.009920000098645687,0.025548999570310114
SPLN14,tierA_p95,B cells,secondary_senescence,N1,0.0,5.0,-0.003096014597177356,-0.003282808329026658,-0.0029112792013354914
SPLN14,tierA_p95,B cells,secondary_senescence,N1,5.0,10.0,-0.003165920452637357,-0.0032672828343111126,-0.0030674737448550937
SPLN14,tierA_p95,B cells,secondary_senescence,N1,10.0,15.0,-0.003129847046980411,-0.003225713819769664,-0.003028434557426855
SPLN14,tierA_p95,B cells,secondary_senescence,N1,15.0,20.0,-0.0031154283714050646,-0.0032062234605633073,-0.003020684104369242
SPLN14,tierA_p95,B cells,secondary_senescence,N1,20.0,25.0,-0.0030851810394769046,-0.003196039443475577,-0.0029769534323552437
SPLN14,tierA_p95,B cells,secondary_senescence,N1,25.0,30.0,-0.00305218888840531,-0.003181768661707461,-0.0029164082876782346
SPLN14,tierA_p95,B cells,secondary_senescence,N1,30.0,35.0,-0.0030328403458396267,-0.0031942825889858064,-0.002857011094798405
SPLN14,tierA_p95,B cells,secondary_senescence,N1,35.0,40.0,-0.0030007784440053953,-0.0032160024365448497,-0.0027884889776806643
SPLN14,tierA_p95,B cells,secondary_senescence,N1,40.0,45.0,-0.0029586485074968036,-0.003251578763833068,-0.0026545040799204086
SPLN14,tierA_p95,B cells,secondary_senescence,N1,45.0,50.0,-0.0029457535571755546,-0.0033327555900031737,-0.0025456645686010196
SPLN14,tierA_p95,B cells,secondary_senescence,N1,50.0,55.0,-0.0029196302117413865,-0.0034783803423985233,-0.002299135157304434
SPLN14,tierA_p95,B cells,secondary_senescence,N1,55.0,60.0,-0.00291599679275153,-0.003744170442761256,-0.0020985520483727824
SPLN14,tierA_p95,B cells,secondary_senescence,N1,60.0,65.0,-0.002901256315700464,-0.004062814575915278,-0.0016274728504848339
SPLN14,tierA_p95,B cells,secondary_senescence,N1,65.0,70.0,-0.002903745403759907,-0.004577784600506907,-0.0010263238873011251
SPLN14,tierA_p95,B cells,secondary_senescence,N1,70.0,75.0,-0.0029166707436486844,-0.00551388469571782,0.00029143747283342174
SPLN14,tierA_p95,B cells,secondary_senescence,N1,75.0,80.0,-0.0029262896262102402,-0.006611583374130229,0.0015698093699202638
SPLN14,tierA_p95,B cells,secondary_senescence,N1,80.0,85.0,-0.0029879540429447,-0.007793000072706491,0.0050404998706653735
SPLN14,tierA_p95,B cells,secondary_senescence,N1,85.0,90.0,-0.0025128481287655224,-0.00824000034481287,0.009963750024326146
SPLN14,tierA_p95,B cells,secondary_senescence,N1,90.0,95.0,-0.0033536814951379687,-0.008344250172376633,0.007910000160336494
SPLN14,tierA_p95,B cells,secondary_senescence,N1,95.0,100.0,-0.0019708573819742243,-0.008054999867454171,0.019700000062584877
SPLN14,tierA_p95,B cells,tnfa_nfkb_proximal,N1,0.0,5.0,-0.0008792207160753299,-0.0010994555055297442,-0.0006521582695941399
SPLN14,tierA_p95,B cells,tnfa_nfkb_proximal,N1,5.0,10.0,-0.0008975791069987577,-0.001030764773554325,-0.0007615542480564188
SPLN14,tierA_p95,B cells,tnfa_nfkb_proximal,N1,10.0,15.0,-0.0009020607901834476,-0.001012010022649276,-0.0007865305324742957
SPLN14,tierA_p95,B cells,tnfa_nfkb_proximal,N1,15.0,20.0,-0.0008902449175098368,-0.001000503213159138,-0.0007708159373868245
SPLN14,tierA_p95,B cells,tnfa_nfkb_proximal,N1,20.0,25.0,-0.000895884268368037,-0.001027959874346713,-0.0007618270096062566
SPLN14,tierA_p95,B cells,tnfa_nfkb_proximal,N1,25.0,30.0,-0.0008743959514490056,-0.0010249182725625408,-0.0007199401252726372
SPLN14,tierA_p95,B cells,tnfa_nfkb_proximal,N1,30.0,35.0,-0.0008717658339771425,-0.001060770078893731,-0.0006592694312172357
SPLN14,tierA_p95,B cells,tnfa_nfkb_proximal,N1,35.0,40.0,-0.0008489140971935887,-0.0011077485634363744,-0.0005849038179191265
SPLN14,tierA_p95,B cells,tnfa_nfkb_proximal,N1,40.0,45.0,-0.0008112165514784727,-0.0011685598289345848,-0.0004544717093886557
SPLN14,tierA_p95,B cells,tnfa_nfkb_proximal,N1,45.0,50.0,-0.0008079233767538678,-0.001283870122128026,-0.00034667440063060263
SPLN14,tierA_p95,B cells,tnfa_nfkb_proximal,N1,50.0,55.0,-0.0008031363930321327,-0.001558100791059541,-3.2548405657702024e-05
SPLN14,tierA_p95,B cells,tnfa_nfkb_proximal,N1,55.0,60.0,-0.000796543805242661,-0.0018293198515014243,0.0002294058704138821
SPLN14,tierA_p95,B cells,tnfa_nfkb_proximal,N1,60.0,65.0,-0.0007768330786314286,-0.0022958460228287097,0.0007540901468113468
SPLN14,tierA_p95,B cells,tnfa_nfkb_proximal,N1,65.0,70.0,-0.0007645209784529178,-0.0029121539609317164,0.0013897147674026937
SPLN14,tierA_p95,B cells,tnfa_nfkb_proximal,N1,70.0,75.0,-0.000900924664026926,-0.0037268077668089136,0.0025991083265317783
SPLN14,tierA_p95,B cells,tnfa_nfkb_proximal,N1,75.0,80.0,-0.0010098699975511602,-0.005815314314594226,0.004618767677324545
SPLN14,tierA_p95,B cells,tnfa_nfkb_proximal,N1,80.0,85.0,-0.0011699626757840798,-0.007340000011026859,0.006788999945856633
SPLN14,tierA_p95,B cells,tnfa_nfkb_proximal,N1,85.0,90.0,-0.0009347444707987642,-0.008322500041685998,0.012280625058338046
SPLN14,tierA_p95,B cells,tnfa_nfkb_proximal,N1,90.0,95.0,-0.0018762049524684752,-0.009290000423789024,0.010570500278845419
SPLN14,tierA_p95,B cells,tnfa_nfkb_proximal,N1,95.0,100.0,-0.0005699008252555085,-0.008449999615550041,0.01844000071287155
SPLN14,tierA_p95,B cells,downstream_arrest,N3,0.0,5.0,0.0017273058523804132,0.00142612790287684,0.002032460916119919
SPLN14,tierA_p95,B cells,downstream_arrest,N3,5.0,10.0,0.0017344273114715176,0.0015508600233522794,0.001918852473677947
SPLN14,tierA_p95,B cells,downstream_arrest,N3,10.0,15.0,0.0017285397236886286,0.0015706435584169312,0.0018764670045849907
SPLN14,tierA_p95,B cells,downstream_arrest,N3,15.0,20.0,0.001730949281498717,0.00158275176731382,0.001873751002855588
SPLN14,tierA_p95,B cells,downstream_arrest,N3,20.0,25.0,0.0017310628795669937,0.0015769083480558857,0.0018653677769273405
SPLN14,tierA_p95,B cells,downstream_arrest,N3,25.0,30.0,0.001733001685050016,0.0015592617555206696,0.0018862352818854017
SPLN14,tierA_p95,B cells,downstream_arrest,N3,30.0,35.0,0.0017307394940006282,0.0015558195193014377,0.0019110952376071029
SPLN14,tierA_p95,B cells,downstream_arrest,N3,35.0,40.0,0.00173219312711706,0.0015013785835211579,0.001965809970660926
SPLN14,tierA_p95,B cells,downstream_arrest,N3,40.0,45.0,0.0017365668831290225,0.0014385453145567884,0.001998150659826694
SPLN14,tierA_p95,B cells,downstream_arrest,N3,45.0,50.0,0.0017267717416167305,0.0014033096149368702,0.002057806970524047
SPLN14,tierA_p95,B cells,downstream_arrest,N3,50.0,55.0,0.001736929104810447,0.0013606774301631501,0.00211822845543924
SPLN14,tierA_p95,B cells,downstream_arrest,N3,55.0,60.0,0.0017213390996922374,0.0012141875122305714,0.0022137636785489545
SPLN14,tierA_p95,B cells,downstream_arrest,N3,60.0,65.0,0.001716432621371843,0.0011712091713735283,0.0022051720007856116
SPLN14,tierA_p95,B cells,downstream_arrest,N3,65.0,70.0,0.0017218724349359414,0.0011089519891613491,0.002347942869599423
SPLN14,tierA_p95,B cells,downstream_arrest,N3,70.0,75.0,0.0017310129066672884,0.0010760016768171076,0.0024155707617286126
SPLN14,tierA_p95,B cells,downstream_arrest,N3,75.0,80.0,0.0017215545015828596,0.00101609845639719,0.0024241119658714476
SPLN14,tierA_p95,B cells,downstream_arrest,N3,80.0,85.0,0.001703331778400277,0.000950652344840761,0.0024272986687608653
SPLN14,tierA_p95,B cells,downstream_arrest,N3,85.0,90.0,0.0017159900451604012,0.0008916401774877963,0.0024508912591411514
SPLN14,tierA_p95,B cells,downstream_arrest,N3,90.0,95.0,0.0017127080912171819,0.0008610903882084692,0.0024536528935822414
SPLN14,tierA_p95,B cells,downstream_arrest,N3,95.0,100.0,0.0017116310650110522,0.0014164757614846407,0.001865214363433058
SPLN14,tierA_p95,B cells,emt_ecm,N3,0.0,5.0,-0.0027701533469117108,-0.0030902283866797997,-0.0024181611057992438
SPLN14,tierA_p95,B cells,emt_ecm,N3,5.0,10.0,-0.0027678114140808115,-0.002995053532403856,-0.002524514531973844
SPLN14,tierA_p95,B cells,emt_ecm,N3,10.0,15.0,-0.0027717301217225635,-0.002974981040618864,-0.0025646913255438298
SPLN14,tierA_p95,B cells,emt_ecm,N3,15.0,20.0,-0.002772366035851984,-0.0029658321874148842,-0.0025562853467916307
SPLN14,tierA_p95,B cells,emt_ecm,N3,20.0,25.0,-0.0027714913005934256,-0.002978981413927537,-0.002572714692404162
SPLN14,tierA_p95,B cells,emt_ecm,N3,25.0,30.0,-0.002776936945861541,-0.00297866580045839,-0.0025622701615963285
SPLN14,tierA_p95,B cells,emt_ecm,N3,30.0,35.0,-0.002777773665507007,-0.0030047901540264225,-0.0025644807521443885
SPLN14,tierA_p95,B cells,emt_ecm,N3,35.0,40.0,-0.0027809423060014033,-0.0030350141445006987,-0.002499971377089953
SPLN14,tierA_p95,B cells,emt_ecm,N3,40.0,45.0,-0.0027720893253504676,-0.0030675156541663615,-0.002449921717929095
SPLN14,tierA_p95,B cells,emt_ecm,N3,45.0,50.0,-0.0027784509719652943,-0.003142082581999108,-0.0024019277100866274
SPLN14,tierA_p95,B cells,emt_ecm,N3,50.0,55.0,-0.0027743578722333817,-0.003216330937162653,-0.0023216593091750456
SPLN14,tierA_p95,B cells,emt_ecm,N3,55.0,60.0,-0.002774146646416026,-0.0032853358249449833,-0.002185462070535501
SPLN14,tierA_p95,B cells,emt_ecm,N3,60.0,65.0,-0.0027716124104150575,-0.003312390714965597,-0.002181433862061233
SPLN14,tierA_p95,B cells,emt_ecm,N3,65.0,70.0,-0.002782586745301882,-0.003457868320376235,-0.002057322669719496
SPLN14,tierA_p95,B cells,emt_ecm,N3,70.0,75.0,-0.0027748042606920817,-0.0034397972511559073,-0.002000161473300106
SPLN14,tierA_p95,B cells,emt_ecm,N3,75.0,80.0,-0.0027602475486200994,-0.0034916941938998563,-0.001948677652571276
SPLN14,tierA_p95,B cells,emt_ecm,N3,80.0,85.0,-0.0027731863005305323,-0.0034880701362395568,-0.0018567400040642745
SPLN14,tierA_p95,B cells,emt_ecm,N3,85.0,90.0,-0.002765322228633531,-0.0035254925826900003,-0.0017951781263014993
SPLN14,tierA_p95,B cells,emt_ecm,N3,90.0,95.0,-0.0027804000042999607,-0.0036454254133423568,-0.0017623575948982014
SPLN14,tierA_p95,B cells,emt_ecm,N3,95.0,100.0,-0.002738707791429714,-0.0030645416404534625,-0.002151846484408622
SPLN14,tierA_p95,B cells,il6_jak_stat3,N3,0.0,5.0,0.0022520604610309592,0.00173149568156294,0.0027925086560279186
SPLN14,tierA_p95,B cells,il6_jak_stat3,N3,5.0,10.0,0.002252981157387208,0.0019529045696463293,0.002551735415185625
SPLN14,tierA_p95,B cells,il6_jak_stat3,N3,10.0,15.0,0.0022497858500248637,0.0019648182841564394,0.0025378044554553165
SPLN14,tierA_p95,B cells,il6_jak_stat3,N3,15.0,20.0,0.0022483757860132115,0.0019766618461071394,0.0025235898594339642
SPLN14,tierA_p95,B cells,il6_jak_stat3,N3,20.0,25.0,0.002253901118273491,0.001998425084033229,0.0025385908231884396
SPLN14,tierA_p95,B cells,il6_jak_stat3,N3,25.0,30.0,0.002251105952760832,0.0019587114418087572,0.0025604340305748503
SPLN14,tierA_p95,B cells,il6_jak_stat3,N3,30.0,35.0,0.002243619230034354,0.001933146606487533,0.0025708830048801513
SPLN14,tierA_p95,B cells,il6_jak_stat3,N3,35.0,40.0,0.002255610565065184,0.0018629451927452505,0.002651208157206789
SPLN14,tierA_p95,B cells,il6_jak_stat3,N3,40.0,45.0,0.0022408133394675282,0.001806636805055138,0.0027027472217758565
SPLN14,tierA_p95,B cells,il6_jak_stat3,N3,45.0,50.0,0.002251568793970443,0.0016793193392662543,0.002856981683490061
SPLN14,tierA_p95,B cells,il6_jak_stat3,N3,50.0,55.0,0.002259244829596616,0.001592956645175555,0.00294569946920019
SPLN14,tierA_p95,B cells,il6_jak_stat3,N3,55.0,60.0,0.0022481847180053902,0.0014918164673279185,0.0030144739150710516
SPLN14,tierA_p95,B cells,il6_jak_stat3,N3,60.0,65.0,0.0022424445510053495,0.0013170787976660063,0.003268344103025258
SPLN14,tierA_p95,B cells,il6_jak_stat3,N3,65.0,70.0,0.0022656528421640706,0.0012837154220986871,0.00335356538668796
SPLN14,tierA_p95,B cells,il6_jak_stat3,N3,70.0,75.0,0.0022557581965609013,0.0011148864511346787,0.003443257856588583
SPLN14,tierA_p95,B cells,il6_jak_stat3,N3,75.0,80.0,0.0022596193012903183,0.0010965368616619022,0.003535149964734368
SPLN14,tierA_p95,B cells,il6_jak_stat3,N3,80.0,85.0,0.0022834936800561743,0.0011012843929157129,0.003644298037814571
SPLN14,tierA_p95,B cells,il6_jak_stat3,N3,85.0,90.0,0.0022946191496411865,0.0010031551549290769,0.0037712979581644695
SPLN14,tierA_p95,B cells,il6_jak_stat3,N3,90.0,95.0,0.002286366380804045,0.0009827134791822387,0.003723363090465575
SPLN14,tierA_p95,B cells,il6_jak_stat3,N3,95.0,100.0,0.0023027826706941965,0.0019634592486380345,0.0031333419839721897
SPLN14,tierA_p95,B cells,interferon_response,N3,0.0,5.0,0.0070014218493761726,0.006516057898759586,0.007505780038856211
SPLN14,tierA_p95,B cells,interferon_response,N3,5.0,10.0,0.007007485929244178,0.006706909484798725,0.007352609145503866
SPLN14,tierA_p95,B cells,interferon_response,N3,10.0,15.0,0.007011804044736878,0.0067541156618499566,0.007309708896697246
SPLN14,tierA_p95,B cells,interferon_response,N3,15.0,20.0,0.007003813893385124,0.0067563189875254155,0.007291431637408233
SPLN14,tierA_p95,B cells,interferon_response,N3,20.0,25.0,0.00700617497489887,0.006741591691648308,0.00729828769523544
SPLN14,tierA_p95,B cells,interferon_response,N3,25.0,30.0,0.007008266969360166,0.006731487597539479,0.007293481931061859
SPLN14,tierA_p95,B cells,interferon_response,N3,30.0,35.0,0.00700908818012098,0.006694478889929631,0.00734246574706238
SPLN14,tierA_p95,B cells,interferon_response,N3,35.0,40.0,0.007019691484275836,0.006636516443823812,0.007422829551766928
SPLN14,tierA_p95,B cells,interferon_response,N3,40.0,45.0,0.007006599836012687,0.006590183948154653,0.007454132660853017
SPLN14,tierA_p95,B cells,interferon_response,N3,45.0,50.0,0.007017773410527338,0.006494395857715599,0.007561782566315665
SPLN14,tierA_p95,B cells,interferon_response,N3,50.0,55.0,0.00701094721533303,0.006365355497649965,0.0076639451399088225
SPLN14,tierA_p95,B cells,interferon_response,N3,55.0,60.0,0.007019385483970144,0.006277269708599508,0.007869277634510643
SPLN14,tierA_p95,B cells,interferon_response,N3,60.0,65.0,0.006989417420811224,0.006137265871828111,0.0080182040581668
SPLN14,tierA_p95,B cells,interferon_response,N3,65.0,70.0,0.007057479735458225,0.006094046920800404,0.008201516460142066
SPLN14,tierA_p95,B cells,interferon_response,N3,70.0,75.0,0.00706363411968266,0.0060501061890707725,0.00826372886353332
SPLN14,tierA_p95,B cells,interferon_response,N3,75.0,80.0,0.007034151722251304,0.005957438374650037,0.008389690170968253
SPLN14,tierA_p95,B cells,interferon_response,N3,80.0,85.0,0.00706133371527245,0.00589571041081142,0.008531640999586608
SPLN14,tierA_p95,B cells,interferon_response,N3,85.0,90.0,0.007049595968592628,0.005843885682508075,0.00850846398573742
SPLN14,tierA_p95,B cells,interferon_response,N3,90.0,95.0,0.007063830571972578,0.005795048593373089,0.008587705610113858
SPLN14,tierA_p95,B cells,interferon_response,N3,95.0,100.0,0.007072247196063479,0.006672750524316526,0.007899199505563646
SPLN14,tierA_p95,B cells,oxidative_stress,N3,0.0,5.0,0.007662504472982084,0.006798252544129483,0.0085656814447318
SPLN14,tierA_p95,B cells,oxidative_stress,N3,5.0,10.0,0.007655543744199192,0.007108425135034276,0.008181535018122174
SPLN14,tierA_p95,B cells,oxidative_stress,N3,10.0,15.0,0.007652724443396646,0.007217670508917309,0.008095186471290441
SPLN14,tierA_p95,B cells,oxidative_stress,N3,15.0,20.0,0.007658066302244066,0.007272549994143795,0.00805323485578188
SPLN14,tierA_p95,B cells,oxidative_stress,N3,20.0,25.0,0.007651879797071076,0.007237395045384026,0.00809495112505421
SPLN14,tierA_p95,B cells,oxidative_stress,N3,25.0,30.0,0.007648621757050018,0.007220696803836418,0.008118221821624697
SPLN14,tierA_p95,B cells,oxidative_stress,N3,30.0,35.0,0.00766639530282492,0.007144812484086862,0.008164239821324418
SPLN14,tierA_p95,B cells,oxidative_stress,N3,35.0,40.0,0.007659677021611538,0.007031677847592818,0.008280878331412438
SPLN14,tierA_p95,B cells,oxidative_stress,N3,40.0,45.0,0.007646449924177916,0.006888616498958495,0.008379526819692352
SPLN14,tierA_p95,B cells,oxidative_stress,N3,45.0,50.0,0.007658922125187849,0.006735180120280315,0.008600917697955776
SPLN14,tierA_p95,B cells,oxidative_stress,N3,50.0,55.0,0.007632409046000018,0.006575185704393403,0.008767864484142782
SPLN14,tierA_p95,B cells,oxidative_stress,N3,55.0,60.0,0.007656123597693343,0.0062396796873170285,0.009056803720049276
SPLN14,tierA_p95,B cells,oxidative_stress,N3,60.0,65.0,0.0076705577799885795,0.006096120175327692,0.009343052933881752
SPLN14,tierA_p95,B cells,oxidative_stress,N3,65.0,70.0,0.007656782553516379,0.005929979896514669,0.009408368165280857
SPLN14,tierA_p95,B cells,oxidative_stress,N3,70.0,75.0,0.007630294150812356,0.005646134625209546,0.009481024781433225
SPLN14,tierA_p95,B cells,oxidative_stress,N3,75.0,80.0,0.0076441926310288795,0.005575600179173795,0.009615882769222685
SPLN14,tierA_p95,B cells,oxidative_stress,N3,80.0,85.0,0.0076602617584755756,0.005557138360806309,0.00977735843279201
SPLN14,tierA_p95,B cells,oxidative_stress,N3,85.0,90.0,0.007648695815032765,0.005477174823577007,0.009889236044714955
SPLN14,tierA_p95,B cells,oxidative_stress,N3,90.0,95.0,0.007683079847382592,0.00552352658131745,0.00994099348530742
SPLN14,tierA_p95,B cells,oxidative_stress,N3,95.0,100.0,0.007660989755194634,0.0071206126795699334,0.008063263096916367
SPLN14,tierA_p95,B cells,secondary_senescence,N3,0.0,5.0,-0.0030905653332541972,-0.003371559966145378,-0.0027824781223895895
SPLN14,tierA_p95,B cells,secondary_senescence,N3,5.0,10.0,-0.003093882087021126,-0.0032529268749531093,-0.0029138299368497915
SPLN14,tierA_p95,B cells,secondary_senescence,N3,10.0,15.0,-0.0030907295107003396,-0.0032379962854324072,-0.0029297386570732065
SPLN14,tierA_p95,B cells,secondary_senescence,N3,15.0,20.0,-0.003093230038289294,-0.003239780467715248,-0.0029585964874639706
SPLN14,tierA_p95,B cells,secondary_senescence,N3,20.0,25.0,-0.0030944058977794837,-0.0032393151509417313,-0.0029441298061534163
SPLN14,tierA_p95,B cells,secondary_senescence,N3,25.0,30.0,-0.003092346558633702,-0.003249434961452723,-0.002942449364323929
SPLN14,tierA_p95,B cells,secondary_senescence,N3,30.0,35.0,-0.003093518803331551,-0.0032816920961436812,-0.0029137236102060623
SPLN14,tierA_p95,B cells,secondary_senescence,N3,35.0,40.0,-0.003093568114035287,-0.0032832009098898,-0.0028808104540194463
SPLN14,tierA_p95,B cells,secondary_senescence,N3,40.0,45.0,-0.0030911313752186517,-0.0033345059159257517,-0.0028314447720013194
SPLN14,tierA_p95,B cells,secondary_senescence,N3,45.0,50.0,-0.0030922227901561384,-0.0033932085722857626,-0.0027756769432568814
SPLN14,tierA_p95,B cells,secondary_senescence,N3,50.0,55.0,-0.0030957617258162195,-0.0034683172970624405,-0.0027230169280697005
SPLN14,tierA_p95,B cells,secondary_senescence,N3,55.0,60.0,-0.003087469915464798,-0.003492911814435196,-0.0026174030666926314
SPLN14,tierA_p95,B cells,secondary_senescence,N3,60.0,65.0,-0.003105589330555017,-0.003601902910054138,-0.0025895776031396914
SPLN14,tierA_p95,B cells,secondary_senescence,N3,65.0,70.0,-0.003095084809141506,-0.003633770635173023,-0.0025111352245556747
SPLN14,tierA_p95,B cells,secondary_senescence,N3,70.0,75.0,-0.0030820134305669005,-0.0036720459683361366,-0.00242183959812785
SPLN14,tierA_p95,B cells,secondary_senescence,N3,75.0,80.0,-0.0030983456393690726,-0.003721932096917722,-0.0024246410418294452
SPLN14,tierA_p95,B cells,secondary_senescence,N3,80.0,85.0,-0.0030789332498751022,-0.003718954430148212,-0.0023823156310542122
SPLN14,tierA_p95,B cells,secondary_senescence,N3,85.0,90.0,-0.003084971853265843,-0.003780617803507558,-0.002403086625392306
SPLN14,tierA_p95,B cells,secondary_senescence,N3,90.0,95.0,-0.0030603349160923336,-0.003760860120369707,-0.00230174631526451
SPLN14,tierA_p95,B cells,secondary_senescence,N3,95.0,100.0,-0.0030704280999196668,-0.003250941429748648,-0.0028426544206770136
SPLN14,tierA_p95,B cells,tnfa_nfkb_proximal,N3,0.0,5.0,-0.0008832794417710159,-0.0012306844925147882,-0.0005406727826948386
SPLN14,tierA_p95,B cells,tnfa_nfkb_proximal,N3,5.0,10.0,-0.0008804899892942763,-0.0010935890928913936,-0.0006645069287757175
SPLN14,tierA_p95,B cells,tnfa_nfkb_proximal,N3,10.0,15.0,-0.0008798077870274813,-0.001039665290641577,-0.0006958787660004427
SPLN14,tierA_p95,B cells,tnfa_nfkb_proximal,N3,15.0,20.0,-0.0008827922183034042,-0.0010514651434848478,-0.0007178524334145823
SPLN14,tierA_p95,B cells,tnfa_nfkb_proximal,N3,20.0,25.0,-0.0008826024795177945,-0.0010489272406888446,-0.0007108523169093268
SPLN14,tierA_p95,B cells,tnfa_nfkb_proximal,N3,25.0,30.0,-0.0008872951817406042,-0.001080775303550618,-0.0007026659360864156
SPLN14,tierA_p95,B cells,tnfa_nfkb_proximal,N3,30.0,35.0,-0.0008797978216393462,-0.0010905808883642481,-0.0006616979645342215
SPLN14,tierA_p95,B cells,tnfa_nfkb_proximal,N3,35.0,40.0,-0.0008863891651044775,-0.0011360987938993294,-0.0006282803095105909
SPLN14,tierA_p95,B cells,tnfa_nfkb_proximal,N3,40.0,45.0,-0.0008788192513946762,-0.0011815225626243106,-0.000541390643323722
SPLN14,tierA_p95,B cells,tnfa_nfkb_proximal,N3,45.0,50.0,-0.0008793272417698344,-0.0012473132030369645,-0.00050892476433188
SPLN14,tierA_p95,B cells,tnfa_nfkb_proximal,N3,50.0,55.0,-0.0008784290492957524,-0.0012959230187294937,-0.00042029815907180786
SPLN14,tierA_p95,B cells,tnfa_nfkb_proximal,N3,55.0,60.0,-0.0008827249572889335,-0.0014217479339927062,-0.00032996423008517593
SPLN14,tierA_p95,B cells,tnfa_nfkb_proximal,N3,60.0,65.0,-0.0008809439763416023,-0.001452034057682754,-0.00028457233460240164
SPLN14,tierA_p95,B cells,tnfa_nfkb_proximal,N3,65.0,70.0,-0.0008776212869725614,-0.0015950148480678777,-0.00019971402487041636
SPLN14,tierA_p95,B cells,tnfa_nfkb_proximal,N3,70.0,75.0,-0.0008783729072946689,-0.0015776231847511716,-0.00016462772283262232
SPLN14,tierA_p95,B cells,tnfa_nfkb_proximal,N3,75.0,80.0,-0.0008824747924288057,-0.001579439477573681,-0.00012970405804809543
SPLN14,tierA_p95,B cells,tnfa_nfkb_proximal,N3,80.0,85.0,-0.0008633799140027296,-0.001659951530611276,-1.0704034600752445e-05
SPLN14,tierA_p95,B cells,tnfa_nfkb_proximal,N3,85.0,90.0,-0.0008732432631295168,-0.0016399642646086508,-5.431771302832156e-05
SPLN14,tierA_p95,B cells,tnfa_nfkb_proximal,N3,90.0,95.0,-0.0008485104715578398,-0.0016662060098339851,2.4067881501925797e-05
SPLN14,tierA_p95,B cells,tnfa_nfkb_proximal,N3,95.0,100.0,-0.0008606595763710038,-0.001050108886223776,-0.0005887339073998755
SPLN14,tierA_p95,B cells,downstream_arrest,N4,0.0,5.0,0.001737246966561447,0.0014820952921522515,0.0020077533154350164
SPLN14,tierA_p95,B cells,downstream_arrest,N4,5.0,10.0,0.0017295053020592536,0.0015680588381576537,0.0018788216050318076
SPLN14,tierA_p95,B cells,downstream_arrest,N4,10.0,15.0,0.0017308126478648917,0.001602735468750935,0.0018767037481113547
SPLN14,tierA_p95,B cells,downstream_arrest,N4,15.0,20.0,0.0017298533884038299,0.0016031119023179473,0.001860465341201652
SPLN14,tierA_p95,B cells,downstream_arrest,N4,20.0,25.0,0.0017298016685558357,0.001604059811001748,0.0018595983724155757
SPLN14,tierA_p95,B cells,downstream_arrest,N4,25.0,30.0,0.001728265421722896,0.0015865373581887522,0.0018730151869810533
SPLN14,tierA_p95,B cells,downstream_arrest,N4,30.0,35.0,0.0017359324433820734,0.0015693754348063255,0.0019072174562296932
SPLN14,tierA_p95,B cells,downstream_arrest,N4,35.0,40.0,0.0017405816093470272,0.0015378189409060773,0.0019318057808501968
SPLN14,tierA_p95,B cells,downstream_arrest,N4,40.0,45.0,0.001737622005773126,0.0014784213303128122,0.002001428400327948
SPLN14,tierA_p95,B cells,downstream_arrest,N4,45.0,50.0,0.0017135712695030344,0.0013892840188103205,0.0020012885153471607
SPLN14,tierA_p95,B cells,downstream_arrest,N4,50.0,55.0,0.0017062680326897653,0.0012929289812451585,0.002103750054073795
SPLN14,tierA_p95,B cells,downstream_arrest,N4,55.0,60.0,0.0017215954426281833,0.0011978567423541612,0.00221526703675056
SPLN14,tierA_p95,B cells,downstream_arrest,N4,60.0,65.0,0.001675657980186954,0.0010360962714806522,0.0022868669134081467
SPLN14,tierA_p95,B cells,downstream_arrest,N4,65.0,70.0,0.0017071451111764975,0.0009734971107082652,0.0024363879643298455
SPLN14,tierA_p95,B cells,downstream_arrest,N4,70.0,75.0,0.0016636232499586067,0.0007634097663528657,0.002522992087418806
SPLN14,tierA_p95,B cells,downstream_arrest,N4,75.0,80.0,0.0016350971413328361,0.0005211523488980147,0.002635245488436262
SPLN14,tierA_p95,B cells,downstream_arrest,N4,80.0,85.0,0.0016162600786792458,0.0004284394514917436,0.002718378500549324
SPLN14,tierA_p95,B cells,downstream_arrest,N4,85.0,90.0,0.001640457165586084,0.000436273966204645,0.002806350187798666
SPLN14,tierA_p95,B cells,downstream_arrest,N4,90.0,95.0,0.0016509127453056055,0.0003771376634610561,0.0028974222611957076
SPLN14,tierA_p95,B cells,downstream_arrest,N4,95.0,100.0,0.0017176298449141714,0.0010380937698380329,0.00195676519777444
SPLN14,tierA_p95,B cells,emt_ecm,N4,0.0,5.0,-0.0027676404530508785,-0.003061685585588558,-0.0024716624463672577
SPLN14,tierA_p95,B cells,emt_ecm,N4,5.0,10.0,-0.002772741441515098,-0.0029582294607656415,-0.0025701715627148114
SPLN14,tierA_p95,B cells,emt_ecm,N4,10.0,15.0,-0.002772133473171052,-0.002946765742000849,-0.0026220924477606705
SPLN14,tierA_p95,B cells,emt_ecm,N4,15.0,20.0,-0.002771380990124935,-0.0029195948588482848,-0.0026311421240048883
SPLN14,tierA_p95,B cells,emt_ecm,N4,20.0,25.0,-0.0027775427830661046,-0.002930433262798282,-0.002635584852191485
SPLN14,tierA_p95,B cells,emt_ecm,N4,25.0,30.0,-0.0027741154847175345,-0.002922932807925742,-0.0026129245687993167
SPLN14,tierA_p95,B cells,emt_ecm,N4,30.0,35.0,-0.002772015211348026,-0.0029637530770265205,-0.002579106305738757
SPLN14,tierA_p95,B cells,emt_ecm,N4,35.0,40.0,-0.0027666824752712784,-0.002973131890597667,-0.0025590288128602002
SPLN14,tierA_p95,B cells,emt_ecm,N4,40.0,45.0,-0.0027672118877024986,-0.003046550508189574,-0.002461316350915131
SPLN14,tierA_p95,B cells,emt_ecm,N4,45.0,50.0,-0.0027612668228279035,-0.003096431453198313,-0.002400050673658356
SPLN14,tierA_p95,B cells,emt_ecm,N4,50.0,55.0,-0.0027542513922114696,-0.00318406428726123,-0.0022637189805080776
SPLN14,tierA_p95,B cells,emt_ecm,N4,55.0,60.0,-0.0027720328147985917,-0.0033334953444910283,-0.0021869334544810733
SPLN14,tierA_p95,B cells,emt_ecm,N4,60.0,65.0,-0.0027237561829371345,-0.00335683762893648,-0.0020365521577205854
SPLN14,tierA_p95,B cells,emt_ecm,N4,65.0,70.0,-0.002654307193051121,-0.003512167207865135,-0.0015976514364762007
SPLN14,tierA_p95,B cells,emt_ecm,N4,70.0,75.0,-0.002697445287244003,-0.0036298801673965023,-0.0017552929555011267
SPLN14,tierA_p95,B cells,emt_ecm,N4,75.0,80.0,-0.0027089121138400615,-0.0037692496764432266,-0.0014756539838756343
SPLN14,tierA_p95,B cells,emt_ecm,N4,80.0,85.0,-0.002775171128818766,-0.00403733175275213,-0.0014671632843775342
SPLN14,tierA_p95,B cells,emt_ecm,N4,85.0,90.0,-0.002774968860717826,-0.0040391135009944425,-0.0014038053070280694
SPLN14,tierA_p95,B cells,emt_ecm,N4,90.0,95.0,-0.002767817978431657,-0.004054838444195861,-0.0012151177558884113
SPLN14,tierA_p95,B cells,emt_ecm,N4,95.0,100.0,-0.0028454869004576164,-0.0031886771759213413,-0.00226961605887318
SPLN14,tierA_p95,B cells,il6_jak_stat3,N4,0.0,5.0,0.0021768012387956563,0.0017481882572415372,0.0026309396588413995
SPLN14,tierA_p95,B cells,il6_jak_stat3,N4,5.0,10.0,0.0021731101906817853,0.0019274174003611748,0.0024509323927111707
SPLN14,tierA_p95,B cells,il6_jak_stat3,N4,10.0,15.0,0.0021694314397941402,0.0019427177156905078,0.002387838753843753
SPLN14,tierA_p95,B cells,il6_jak_stat3,N4,15.0,20.0,0.002176477281831068,0.001954574506532408,0.0023810549498979702
SPLN14,tierA_p95,B cells,il6_jak_stat3,N4,20.0,25.0,0.0021772156825723057,0.0019428546755324407,0.002421166731317487
SPLN14,tierA_p95,B cells,il6_jak_stat3,N4,25.0,30.0,0.0021740726921438977,0.0019291337497507124,0.0024331012326337265
SPLN14,tierA_p95,B cells,il6_jak_stat3,N4,30.0,35.0,0.002188048743822371,0.0018919684690616853,0.0024980238334069756
SPLN14,tierA_p95,B cells,il6_jak_stat3,N4,35.0,40.0,0.0021799717144255597,0.0018284475946173265,0.0025294646948740445
SPLN14,tierA_p95,B cells,il6_jak_stat3,N4,40.0,45.0,0.002186164120845306,0.0017339439473642525,0.0026172831739853697
SPLN14,tierA_p95,B cells,il6_jak_stat3,N4,45.0,50.0,0.0022234596778701655,0.001667366835327177,0.0027887449134711864
SPLN14,tierA_p95,B cells,il6_jak_stat3,N4,50.0,55.0,0.0022191171787672103,0.0015336902063004798,0.0029529517236576786
SPLN14,tierA_p95,B cells,il6_jak_stat3,N4,55.0,60.0,0.002225176221354008,0.0014351934305208642,0.0030387089977401372
SPLN14,tierA_p95,B cells,il6_jak_stat3,N4,60.0,65.0,0.002307998396156542,0.0013300204606536117,0.003398234553242519
SPLN14,tierA_p95,B cells,il6_jak_stat3,N4,65.0,70.0,0.0023721002074160785,0.0010693295001859716,0.0037604842597773656
SPLN14,tierA_p95,B cells,il6_jak_stat3,N4,70.0,75.0,0.0025016265093918914,0.0009976327808592445,0.004112809196168577
SPLN14,tierA_p95,B cells,il6_jak_stat3,N4,75.0,80.0,0.002503444529097202,0.0007897520990548466,0.004411605954368321
SPLN14,tierA_p95,B cells,il6_jak_stat3,N4,80.0,85.0,0.002571507463322128,0.0007400748061785737,0.004656075066559423
SPLN14,tierA_p95,B cells,il6_jak_stat3,N4,85.0,90.0,0.0027015824494310437,0.0004531840638657292,0.0054429474524191135
SPLN14,tierA_p95,B cells,il6_jak_stat3,N4,90.0,95.0,0.0026816199127196894,0.0005938205141171891,0.005279150417920016
SPLN14,tierA_p95,B cells,il6_jak_stat3,N4,95.0,100.0,0.002753586072454119,0.002251129136270035,0.0036420276245095013
SPLN14,tierA_p95,B cells,interferon_response,N4,0.0,5.0,0.006908358985616674,0.0064988585307847605,0.007302667041062515
SPLN14,tierA_p95,B cells,interferon_response,N4,5.0,10.0,0.006905577254150112,0.006643420732443901,0.00713545037218989
SPLN14,tierA_p95,B cells,interferon_response,N4,10.0,15.0,0.006900823354130923,0.006701216343366375,0.007116889671685364
SPLN14,tierA_p95,B cells,interferon_response,N4,15.0,20.0,0.006902586217105089,0.006707467709034117,0.007109107188281259
SPLN14,tierA_p95,B cells,interferon_response,N4,20.0,25.0,0.006903788184288683,0.0066992297917919455,0.0070964457049186415
SPLN14,tierA_p95,B cells,interferon_response,N4,25.0,30.0,0.006896609335099562,0.006676216137474499,0.007134538366659362
SPLN14,tierA_p95,B cells,interferon_response,N4,30.0,35.0,0.006907935797380304,0.006647849632242806,0.007189983975799948
SPLN14,tierA_p95,B cells,interferon_response,N4,35.0,40.0,0.006905476963638569,0.006579515869000892,0.0072269330442898926
SPLN14,tierA_p95,B cells,interferon_response,N4,40.0,45.0,0.006911621950519202,0.006505073990400939,0.007333825465134477
SPLN14,tierA_p95,B cells,interferon_response,N4,45.0,50.0,0.006927863666786584,0.006385176028968483,0.007455853979891082
SPLN14,tierA_p95,B cells,interferon_response,N4,50.0,55.0,0.006937321169550952,0.006309047800754536,0.0076074151276877
SPLN14,tierA_p95,B cells,interferon_response,N4,55.0,60.0,0.006944447303851761,0.006172095405353739,0.007831878251990417
SPLN14,tierA_p95,B cells,interferon_response,N4,60.0,65.0,0.0069879218642515525,0.006043632521676174,0.008043787948988456
SPLN14,tierA_p95,B cells,interferon_response,N4,65.0,70.0,0.007050501375412097,0.005846355784442576,0.008538954115204533
SPLN14,tierA_p95,B cells,interferon_response,N4,70.0,75.0,0.007175234377533523,0.0058100102746235695,0.00881159493583635
SPLN14,tierA_p95,B cells,interferon_response,N4,75.0,80.0,0.0071952834799370894,0.005693348113647627,0.009104566445567173
SPLN14,tierA_p95,B cells,interferon_response,N4,80.0,85.0,0.007212349614884325,0.005571769242625545,0.00905528420384799
SPLN14,tierA_p95,B cells,interferon_response,N4,85.0,90.0,0.007324319963219798,0.005530474407148424,0.009738638634919205
SPLN14,tierA_p95,B cells,interferon_response,N4,90.0,95.0,0.007273000365581991,0.005257922561231285,0.009553350405718291
SPLN14,tierA_p95,B cells,interferon_response,N4,95.0,100.0,0.007823444468184367,0.007340022239988016,0.008694478306861368
SPLN14,tierA_p95,B cells,oxidative_stress,N4,0.0,5.0,0.007603977515692525,0.006799935837633793,0.008368474311455907
SPLN14,tierA_p95,B cells,oxidative_stress,N4,5.0,10.0,0.0076196230749995455,0.007179522730570631,0.00806716987627346
SPLN14,tierA_p95,B cells,oxidative_stress,N4,10.0,15.0,0.0076120036330705075,0.007246620882384901,0.007987912370091447
SPLN14,tierA_p95,B cells,oxidative_stress,N4,15.0,20.0,0.007610870024053637,0.007256845541536102,0.007945605500311363
SPLN14,tierA_p95,B cells,oxidative_stress,N4,20.0,25.0,0.007619123938260474,0.007220003016074156,0.007985561927143314
SPLN14,tierA_p95,B cells,oxidative_stress,N4,25.0,30.0,0.00760745373086263,0.007190887185336953,0.007996788347436615
SPLN14,tierA_p95,B cells,oxidative_stress,N4,30.0,35.0,0.007585433963425922,0.007119237164614954,0.008076656982800308
SPLN14,tierA_p95,B cells,oxidative_stress,N4,35.0,40.0,0.007602422461784121,0.006983018418356032,0.008173112830809043
SPLN14,tierA_p95,B cells,oxidative_stress,N4,40.0,45.0,0.007603552419763702,0.006866746131656634,0.008316240191044665
SPLN14,tierA_p95,B cells,oxidative_stress,N4,45.0,50.0,0.007588013086099606,0.006587091794204744,0.008450983402102787
SPLN14,tierA_p95,B cells,oxidative_stress,N4,50.0,55.0,0.007580283536256521,0.006428656504610369,0.008783516725009552
SPLN14,tierA_p95,B cells,oxidative_stress,N4,55.0,60.0,0.007688708509078826,0.006188735456726669,0.00903421901477253
SPLN14,tierA_p95,B cells,oxidative_stress,N4,60.0,65.0,0.007708693300123718,0.005920372085492025,0.009571698185716267
SPLN14,tierA_p95,B cells,oxidative_stress,N4,65.0,70.0,0.0077632580852423205,0.00565008190548094,0.009975316719041165
SPLN14,tierA_p95,B cells,oxidative_stress,N4,70.0,75.0,0.007856804204379831,0.005441625537379497,0.010394040552109685
SPLN14,tierA_p95,B cells,oxidative_stress,N4,75.0,80.0,0.007902594008935535,0.005073595573878495,0.010720954707167189
SPLN14,tierA_p95,B cells,oxidative_stress,N4,80.0,85.0,0.007949610603656444,0.005286091472992093,0.011278367609396916
SPLN14,tierA_p95,B cells,oxidative_stress,N4,85.0,90.0,0.007769458162864976,0.004666732566413906,0.010961292872028745
SPLN14,tierA_p95,B cells,oxidative_stress,N4,90.0,95.0,0.008021253304979404,0.0045377915663141945,0.011794808344624472
SPLN14,tierA_p95,B cells,oxidative_stress,N4,95.0,100.0,0.00805253971842837,0.007613591522978423,0.00822957384200981
SPLN14,tierA_p95,B cells,secondary_senescence,N4,0.0,5.0,-0.003079690817781274,-0.0033167118884291505,-0.0028344879597515895
SPLN14,tierA_p95,B cells,secondary_senescence,N4,5.0,10.0,-0.003069510167849355,-0.003214851608468781,-0.0029168310433317778
SPLN14,tierA_p95,B cells,secondary_senescence,N4,10.0,15.0,-0.003075323593744159,-0.0032078658946030902,-0.0029444595036591838
SPLN14,tierA_p95,B cells,secondary_senescence,N4,15.0,20.0,-0.00307995886900355,-0.0031977947127113633,-0.0029716937171075037
SPLN14,tierA_p95,B cells,secondary_senescence,N4,20.0,25.0,-0.0030797470445392246,-0.003194405416427165,-0.0029628780278611495
SPLN14,tierA_p95,B cells,secondary_senescence,N4,25.0,30.0,-0.003080775438831764,-0.0032104854768649454,-0.0029485235307829625
SPLN14,tierA_p95,B cells,secondary_senescence,N4,30.0,35.0,-0.0030770940288910656,-0.0032392665007276453,-0.0029248128705262754
SPLN14,tierA_p95,B cells,secondary_senescence,N4,35.0,40.0,-0.0030766209408143353,-0.0032629771206920187,-0.0028963932199987164
SPLN14,tierA_p95,B cells,secondary_senescence,N4,40.0,45.0,-0.0030791412227457573,-0.0033108779227709064,-0.002862388048912878
SPLN14,tierA_p95,B cells,secondary_senescence,N4,45.0,50.0,-0.0030657488311939094,-0.003364131542614729,-0.002767758989152035
SPLN14,tierA_p95,B cells,secondary_senescence,N4,50.0,55.0,-0.003055677509083109,-0.003390585112969759,-0.0026761566708721875
SPLN14,tierA_p95,B cells,secondary_senescence,N4,55.0,60.0,-0.003072742841029455,-0.0035086859031242985,-0.0026003098962205794
SPLN14,tierA_p95,B cells,secondary_senescence,N4,60.0,65.0,-0.003059373230557237,-0.0036305478111435885,-0.002466403263929654
SPLN14,tierA_p95,B cells,secondary_senescence,N4,65.0,70.0,-0.003023385722601893,-0.0037214235230606622,-0.0022888289133212807
SPLN14,tierA_p95,B cells,secondary_senescence,N4,70.0,75.0,-0.003033705741200843,-0.0038915581349290625,-0.002155755255789841
SPLN14,tierA_p95,B cells,secondary_senescence,N4,75.0,80.0,-0.0030725485318805466,-0.003939556681507226,-0.0019866521199436203
SPLN14,tierA_p95,B cells,secondary_senescence,N4,80.0,85.0,-0.0031044513411570664,-0.004149899632246208,-0.0020196594417065555
SPLN14,tierA_p95,B cells,secondary_senescence,N4,85.0,90.0,-0.0031008197365166475,-0.004148426768256916,-0.0019071958814240457
SPLN14,tierA_p95,B cells,secondary_senescence,N4,90.0,95.0,-0.0030728356609884314,-0.004139693253013195,-0.0018249327308834
SPLN14,tierA_p95,B cells,secondary_senescence,N4,95.0,100.0,-0.0031977874561096064,-0.0034097379883024563,-0.002819788684076612
SPLN14,tierA_p95,B cells,tnfa_nfkb_proximal,N4,0.0,5.0,-0.0009058920310686113,-0.0011893537667726497,-0.0006063545292590733
SPLN14,tierA_p95,B cells,tnfa_nfkb_proximal,N4,5.0,10.0,-0.000901040666922604,-0.0010648040993779917,-0.0007297224779529905
SPLN14,tierA_p95,B cells,tnfa_nfkb_proximal,N4,10.0,15.0,-0.0009071070658987228,-0.0010501274225195307,-0.0007530682897125083
SPLN14,tierA_p95,B cells,tnfa_nfkb_proximal,N4,15.0,20.0,-0.0008999848622286501,-0.0010269258890672594,-0.0007608167226126138
SPLN14,tierA_p95,B cells,tnfa_nfkb_proximal,N4,20.0,25.0,-0.0008951294698604389,-0.001036718015734167,-0.0007576059284548706
SPLN14,tierA_p95,B cells,tnfa_nfkb_proximal,N4,25.0,30.0,-0.0008989081683821739,-0.001047439158519909,-0.0007471345445148107
SPLN14,tierA_p95,B cells,tnfa_nfkb_proximal,N4,30.0,35.0,-0.0008941212466102566,-0.0010740104660114669,-0.0006892805563399936
SPLN14,tierA_p95,B cells,tnfa_nfkb_proximal,N4,35.0,40.0,-0.0008838571667895298,-0.0010977424429194113,-0.0006717214536974953
SPLN14,tierA_p95,B cells,tnfa_nfkb_proximal,N4,40.0,45.0,-0.0008873269928701298,-0.0011842000814001306,-0.0006023248204244918
SPLN14,tierA_p95,B cells,tnfa_nfkb_proximal,N4,45.0,50.0,-0.000885918403324552,-0.001231530021355884,-0.0005065766459572305
SPLN14,tierA_p95,B cells,tnfa_nfkb_proximal,N4,50.0,55.0,-0.0008864439130313282,-0.0012826597988073482,-0.0004458657127777365
SPLN14,tierA_p95,B cells,tnfa_nfkb_proximal,N4,55.0,60.0,-0.0008716699794267607,-0.0014072598216202529,-0.00033307615161514207
SPLN14,tierA_p95,B cells,tnfa_nfkb_proximal,N4,60.0,65.0,-0.0008536971211755911,-0.0015036724349574162,-0.00015491461780928103
SPLN14,tierA_p95,B cells,tnfa_nfkb_proximal,N4,65.0,70.0,-0.0008114206416891015,-0.0016146826730397891,3.0197761046996343e-05
SPLN14,tierA_p95,B cells,tnfa_nfkb_proximal,N4,70.0,75.0,-0.0007886441690006254,-0.0017502030738343697,0.0003809762275189365
SPLN14,tierA_p95,B cells,tnfa_nfkb_proximal,N4,75.0,80.0,-0.0008141770343610764,-0.002009119286684757,0.0003384029388260112
SPLN14,tierA_p95,B cells,tnfa_nfkb_proximal,N4,80.0,85.0,-0.0008014261869043172,-0.0019833340186959348,0.0003856941512740001
SPLN14,tierA_p95,B cells,tnfa_nfkb_proximal,N4,85.0,90.0,-0.0007823085600397492,-0.002012018144502338,0.0005139757716791743
SPLN14,tierA_p95,B cells,tnfa_nfkb_proximal,N4,90.0,95.0,-0.0007549634280331168,-0.0021131804950401687,0.0007157455376615135
SPLN14,tierA_p95,B cells,tnfa_nfkb_proximal,N4,95.0,100.0,-0.0008277957864097178,-0.0009357187655248168,-0.0006404845779749646
SPLN21,tierAmg_p95,B cells,downstream_arrest,N1,0.0,5.0,0.004714262707128337,0.004404587712916289,0.0050475046101800475
SPLN21,tierAmg_p95,B cells,downstream_arrest,N1,5.0,10.0,0.004978657296358452,0.004822703901535943,0.005125191797337913
SPLN21,tierAmg_p95,B cells,downstream_arrest,N1,10.0,15.0,0.004911388878232125,0.004768012640830741,0.005057621804727947
SPLN21,tierAmg_p95,B cells,downstream_arrest,N1,15.0,20.0,0.004837376477662245,0.004679174474442022,0.004986998535022261
SPLN21,tierAmg_p95,B cells,downstream_arrest,N1,20.0,25.0,0.004715851729898783,0.004516783219824872,0.004914602622589369
SPLN21,tierAmg_p95,B cells,downstream_arrest,N1,25.0,30.0,0.004529446547470926,0.004261444842974343,0.004787498948457772
SPLN21,tierAmg_p95,B cells,downstream_arrest,N1,30.0,35.0,0.004319059738863426,0.003914322799241211,0.004691298979840838
SPLN21,tierAmg_p95,B cells,downstream_arrest,N1,35.0,40.0,0.004056343476209365,0.0035120306608668926,0.004610281993123984
SPLN21,tierAmg_p95,B cells,downstream_arrest,N1,40.0,45.0,0.0038622350137648156,0.0030146472260181812,0.004643213003125967
SPLN21,tierAmg_p95,B cells,downstream_arrest,N1,45.0,50.0,0.0037596989262389108,0.002765277240542042,0.004877186072282168
SPLN21,tierAmg_p95,B cells,downstream_arrest,N1,50.0,55.0,0.0037732119902968595,0.002250277009396735,0.005213999527205346
SPLN21,tierAmg_p95,B cells,downstream_arrest,N1,55.0,60.0,0.0038499415110581103,0.00189953017298266,0.005838363629497148
SPLN21,tierAmg_p95,B cells,downstream_arrest,N1,60.0,65.0,0.003742389199474758,0.0009740329199542573,0.006586595160205762
SPLN21,tierAmg_p95,B cells,downstream_arrest,N1,65.0,70.0,0.003926424641370565,0.0007147158534329112,0.007233108217624249
SPLN21,tierAmg_p95,B cells,downstream_arrest,N1,70.0,75.0,0.004335844476856121,-0.0007088333745438527,0.009405589075842206
SPLN21,tierAmg_p95,B cells,downstream_arrest,N1,75.0,80.0,0.004820494920742914,-0.0015167501114774495,0.011526249640155584
SPLN21,tierAmg_p95,B cells,downstream_arrest,N1,80.0,85.0,0.004686695980004897,-0.003526000098402922,0.012558875296963378
SPLN21,tierAmg_p95,B cells,downstream_arrest,N1,85.0,90.0,0.005127784037384106,-0.004293125037293066,0.016349999234080315
SPLN21,tierAmg_p95,B cells,downstream_arrest,N1,90.0,95.0,0.006294456693506321,-0.0046256250207079574,0.018416874518152326
SPLN21,tierAmg_p95,B cells,downstream_arrest,N1,95.0,100.0,0.007461144037523521,0.002828611013279038,0.012693749507889152
SPLN21,tierAmg_p95,B cells,emt_ecm,N1,0.0,5.0,-0.003279804837285229,-0.0036254795176629646,-0.002946852832982433
SPLN21,tierAmg_p95,B cells,emt_ecm,N1,5.0,10.0,-0.0035150542149042325,-0.003689957033827809,-0.0033450834082618263
SPLN21,tierAmg_p95,B cells,emt_ecm,N1,10.0,15.0,-0.0034306968175801156,-0.0035955184640856425,-0.0032702711468803694
SPLN21,tierAmg_p95,B cells,emt_ecm,N1,15.0,20.0,-0.0032590136892256456,-0.003435840371169204,-0.003083359674320541
SPLN21,tierAmg_p95,B cells,emt_ecm,N1,20.0,25.0,-0.0031339446877742053,-0.003362262567941041,-0.0028983290569329673
SPLN21,tierAmg_p95,B cells,emt_ecm,N1,25.0,30.0,-0.002942959527777903,-0.0032565202872791034,-0.002623910820544943
SPLN21,tierAmg_p95,B cells,emt_ecm,N1,30.0,35.0,-0.002817880862228513,-0.0032510891243728033,-0.002374961556471819
SPLN21,tierAmg_p95,B cells,emt_ecm,N1,35.0,40.0,-0.0027728090239104016,-0.003444621911991917,-0.0020471848617181886
SPLN21,tierAmg_p95,B cells,emt_ecm,N1,40.0,45.0,-0.0029057450618013947,-0.0038376128259999635,-0.001969794606732615
SPLN21,tierAmg_p95,B cells,emt_ecm,N1,45.0,50.0,-0.0032568988838249965,-0.004470550343348272,-0.0019547361902762525
SPLN21,tierAmg_p95,B cells,emt_ecm,N1,50.0,55.0,-0.0038574663418772,-0.0054363912152623145,-0.0021908330978311357
SPLN21,tierAmg_p95,B cells,emt_ecm,N1,55.0,60.0,-0.004251285753148032,-0.006219403644913821,-0.0018748134047173691
SPLN21,tierAmg_p95,B cells,emt_ecm,N1,60.0,65.0,-0.004667940425872263,-0.007057474729426667,-0.00172484227406053
SPLN21,tierAmg_p95,B cells,emt_ecm,N1,65.0,70.0,-0.005136237357438644,-0.007978766688417334,-0.0016874782659452553
SPLN21,tierAmg_p95,B cells,emt_ecm,N1,70.0,75.0,-0.005400389403846946,-0.008672410619744499,-0.0002587624718944455
SPLN21,tierAmg_p95,B cells,emt_ecm,N1,75.0,80.0,-0.0056225441923643165,-0.009142856911889144,-0.0002517499611712992
SPLN21,tierAmg_p95,B cells,emt_ecm,N1,80.0,85.0,-0.004986590726444798,-0.009274833362239103,0.0035408749711981153
SPLN21,tierAmg_p95,B cells,emt_ecm,N1,85.0,90.0,-0.004924167440906603,-0.009924062440404668,0.006326249839427571
SPLN21,tierAmg_p95,B cells,emt_ecm,N1,90.0,95.0,-0.005214699197495548,-0.010200000368058681,0.0069624999014195055
SPLN21,tierAmg_p95,B cells,emt_ecm,N1,95.0,100.0,-0.004705860253963923,-0.008877500076778233,0.0002770535180128978
SPLN21,tierAmg_p95,B cells,il6_jak_stat3,N1,0.0,5.0,0.0038083514100421645,0.0032748642395715637,0.004309681802211025
SPLN21,tierAmg_p95,B cells,il6_jak_stat3,N1,5.0,10.0,0.003812759000780245,0.0035620797942230746,0.004060494966605107
SPLN21,tierAmg_p95,B cells,il6_jak_stat3,N1,10.0,15.0,0.003835688349341524,0.003600215946501188,0.004074748385897868
SPLN21,tierAmg_p95,B cells,il6_jak_stat3,N1,15.0,20.0,0.0038885433097467005,0.0035912397107295143,0.004137230247946048
SPLN21,tierAmg_p95,B cells,il6_jak_stat3,N1,20.0,25.0,0.004004217105758189,0.0036680203534221844,0.004357716696011798
SPLN21,tierAmg_p95,B cells,il6_jak_stat3,N1,25.0,30.0,0.004045209200534973,0.0036113916228887504,0.004461488925232835
SPLN21,tierAmg_p95,B cells,il6_jak_stat3,N1,30.0,35.0,0.00412380774714671,0.0035054866718567876,0.004750782532313499
SPLN21,tierAmg_p95,B cells,il6_jak_stat3,N1,35.0,40.0,0.004154339313658178,0.0033238646261129225,0.005012152243186309
SPLN21,tierAmg_p95,B cells,il6_jak_stat3,N1,40.0,45.0,0.004000954658051406,0.0027991116903429516,0.0052678177161544154
SPLN21,tierAmg_p95,B cells,il6_jak_stat3,N1,45.0,50.0,0.003880475026163491,0.002075925303962131,0.0059138269714005265
SPLN21,tierAmg_p95,B cells,il6_jak_stat3,N1,50.0,55.0,0.003393015849566208,0.0008668393988943109,0.006096853456462365
SPLN21,tierAmg_p95,B cells,il6_jak_stat3,N1,55.0,60.0,0.0033582084117041227,-3.5117684006606824e-05,0.006950147688077612
SPLN21,tierAmg_p95,B cells,il6_jak_stat3,N1,60.0,65.0,0.0026683606465024608,-0.0013198000020202016,0.0070588108736505395
SPLN21,tierAmg_p95,B cells,il6_jak_stat3,N1,65.0,70.0,0.0030435079123471063,-0.002540537571767345,0.008701093640820544
SPLN21,tierAmg_p95,B cells,il6_jak_stat3,N1,70.0,75.0,0.002187831250112619,-0.004860833225538954,0.010033309159056938
SPLN21,tierAmg_p95,B cells,il6_jak_stat3,N1,75.0,80.0,0.002020016430889039,-0.006376979042518846,0.011353249938110821
SPLN21,tierAmg_p95,B cells,il6_jak_stat3,N1,80.0,85.0,0.0027234755435949494,-0.009330374869750812,0.01793999969959259
SPLN21,tierAmg_p95,B cells,il6_jak_stat3,N1,85.0,90.0,0.000960760347392239,-0.010621875175274909,0.016516875009983778
SPLN21,tierAmg_p95,B cells,il6_jak_stat3,N1,90.0,95.0,0.001314941857961525,-0.011710000224411488,0.020659999921917915
SPLN21,tierAmg_p95,B cells,il6_jak_stat3,N1,95.0,100.0,0.0031742761284114613,-0.008410500059835613,0.01090199985774234
SPLN21,tierAmg_p95,B cells,interferon_response,N1,0.0,5.0,0.005573801001059552,0.005161016920077545,0.006030894512398176
SPLN21,tierAmg_p95,B cells,interferon_response,N1,5.0,10.0,0.005565456913176693,0.005355816628660112,0.005759332997303707
SPLN21,tierAmg_p95,B cells,interferon_response,N1,10.0,15.0,0.005558453901568825,0.005360958596715194,0.005761522682592343
SPLN21,tierAmg_p95,B cells,interferon_response,N1,15.0,20.0,0.005639563318177874,0.005413067539029671,0.005875310683599763
SPLN21,tierAmg_p95,B cells,interferon_response,N1,20.0,25.0,0.0057024227111128365,0.005417134852991722,0.0059699100461897215
SPLN21,tierAmg_p95,B cells,interferon_response,N1,25.0,30.0,0.005804695248863129,0.005439128244998157,0.006175149887795519
SPLN21,tierAmg_p95,B cells,interferon_response,N1,30.0,35.0,0.00591121449536314,0.005405169235060493,0.006460462626951023
SPLN21,tierAmg_p95,B cells,interferon_response,N1,35.0,40.0,0.006075454959251436,0.005344838879016238,0.0067790196365042025
SPLN21,tierAmg_p95,B cells,interferon_response,N1,40.0,45.0,0.00617679194095956,0.005141340356673228,0.007297997526907559
SPLN21,tierAmg_p95,B cells,interferon_response,N1,45.0,50.0,0.006299395470336294,0.004722954585514406,0.007873013224243115
SPLN21,tierAmg_p95,B cells,interferon_response,N1,50.0,55.0,0.006302419434154812,0.004154244236230088,0.008572550831842494
SPLN21,tierAmg_p95,B cells,interferon_response,N1,55.0,60.0,0.006561831206314485,0.0037947034597265073,0.00941409465382964
SPLN21,tierAmg_p95,B cells,interferon_response,N1,60.0,65.0,0.006213124685338983,0.002466833276351584,0.010089419981471186
SPLN21,tierAmg_p95,B cells,interferon_response,N1,65.0,70.0,0.006619901882028602,0.0018797500168147962,0.011638749968551564
SPLN21,tierAmg_p95,B cells,interferon_response,N1,70.0,75.0,0.006186445365050713,0.0006631500221677319,0.012862116614897704
SPLN21,tierAmg_p95,B cells,interferon_response,N1,75.0,80.0,0.006520914506719658,-0.0014052083752176259,0.014317916679525903
SPLN21,tierAmg_p95,B cells,interferon_response,N1,80.0,85.0,0.006323800713975075,-0.004189999774098396,0.017331500040988143
SPLN21,tierAmg_p95,B cells,interferon_response,N1,85.0,90.0,0.005814894717318472,-0.005833125032950193,0.018202916777227074
SPLN21,tierAmg_p95,B cells,interferon_response,N1,90.0,95.0,0.006732348142146013,-0.006412499933503568,0.01875999942421913
SPLN21,tierAmg_p95,B cells,interferon_response,N1,95.0,100.0,0.007884303672292085,0.00025458342861384153,0.013983571652456055
SPLN21,tierAmg_p95,B cells,oxidative_stress,N1,0.0,5.0,0.009901708812112008,0.009003320115603132,0.010777216954698918
SPLN21,tierAmg_p95,B cells,oxidative_stress,N1,5.0,10.0,0.010053090492616509,0.009646384795096828,0.010471800356170522
SPLN21,tierAmg_p95,B cells,oxidative_stress,N1,10.0,15.0,0.010065612764763015,0.009678218706295708,0.01045948628713815
SPLN21,tierAmg_p95,B cells,oxidative_stress,N1,15.0,20.0,0.010031509378878329,0.0095664941501688,0.01054173523323097
SPLN21,tierAmg_p95,B cells,oxidative_stress,N1,20.0,25.0,0.009976496249243332,0.009444826663237219,0.01052871168905073
SPLN21,tierAmg_p95,B cells,oxidative_stress,N1,25.0,30.0,0.00997310138181881,0.009237640540839623,0.010699396575030155
SPLN21,tierAmg_p95,B cells,oxidative_stress,N1,30.0,35.0,0.009900457547864058,0.008918018495146469,0.010943686481457453
SPLN21,tierAmg_p95,B cells,oxidative_stress,N1,35.0,40.0,0.009882469381575311,0.008470347549903183,0.011456043322048588
SPLN21,tierAmg_p95,B cells,oxidative_stress,N1,40.0,45.0,0.009716324734546186,0.007540469924409446,0.011972625228049339
SPLN21,tierAmg_p95,B cells,oxidative_stress,N1,45.0,50.0,0.009855771891692993,0.0068960377302989965,0.012885568866731182
SPLN21,tierAmg_p95,B cells,oxidative_stress,N1,50.0,55.0,0.009833990728071704,0.005659602855967146,0.01414457795443818
SPLN21,tierAmg_p95,B cells,oxidative_stress,N1,55.0,60.0,0.0099466120224337,0.004641024854351045,0.01614205422989067
SPLN21,tierAmg_p95,B cells,oxidative_stress,N1,60.0,65.0,0.009979167573632824,0.0026215105824282064,0.01763410698568569
SPLN21,tierAmg_p95,B cells,oxidative_stress,N1,65.0,70.0,0.009385469316481512,0.0003202679093478115,0.019652187533210963
SPLN21,tierAmg_p95,B cells,oxidative_stress,N1,70.0,75.0,0.008432509408836652,-0.0030140250362455843,0.021273285549874083
SPLN21,tierAmg_p95,B cells,oxidative_stress,N1,75.0,80.0,0.008242453861463194,-0.006120208228821866,0.024511718766007107
SPLN21,tierAmg_p95,B cells,oxidative_stress,N1,80.0,85.0,0.007695701453602124,-0.008729999884963036,0.029023200608789927
SPLN21,tierAmg_p95,B cells,oxidative_stress,N1,85.0,90.0,0.00854431260361358,-0.009259999729692936,0.03298062487738207
SPLN21,tierAmg_p95,B cells,oxidative_stress,N1,90.0,95.0,0.008323444174203668,-0.009820000268518925,0.03823812420887407
SPLN21,tierAmg_p95,B cells,oxidative_stress,N1,95.0,100.0,0.007595122967650695,-0.0036483334358005473,0.0249799999957239
SPLN21,tierAmg_p95,B cells,secondary_senescence,N1,0.0,5.0,-0.003516773102638479,-0.003772351824728815,-0.0032693718254403065
SPLN21,tierAmg_p95,B cells,secondary_senescence,N1,5.0,10.0,-0.0036382985636103865,-0.0037674945160951897,-0.0035167544766200095
SPLN21,tierAmg_p95,B cells,secondary_senescence,N1,10.0,15.0,-0.0035830543541286843,-0.0037139586707372343,-0.0034620774083220104
SPLN21,tierAmg_p95,B cells,secondary_senescence,N1,15.0,20.0,-0.0035488257650353825,-0.0036933851493907875,-0.0034151612279790665
SPLN21,tierAmg_p95,B cells,secondary_senescence,N1,20.0,25.0,-0.0034829234304524616,-0.0036433547846742133,-0.0033089456796032944
SPLN21,tierAmg_p95,B cells,secondary_senescence,N1,25.0,30.0,-0.003399122158490632,-0.003638398156604098,-0.0031690015183493065
SPLN21,tierAmg_p95,B cells,secondary_senescence,N1,30.0,35.0,-0.0033573636403679626,-0.0036946867103603022,-0.003018247281020794
SPLN21,tierAmg_p95,B cells,secondary_senescence,N1,35.0,40.0,-0.003334094708384714,-0.0037974352868493195,-0.002853281930810767
SPLN21,tierAmg_p95,B cells,secondary_senescence,N1,40.0,45.0,-0.0033897473976216884,-0.004033351393055963,-0.0027380401868231275
SPLN21,tierAmg_p95,B cells,secondary_senescence,N1,45.0,50.0,-0.003542542223280621,-0.004536988151293004,-0.0025344171785506944
SPLN21,tierAmg_p95,B cells,secondary_senescence,N1,50.0,55.0,-0.003741975550937244,-0.005072095350060447,-0.002407539470016327
SPLN21,tierAmg_p95,B cells,secondary_senescence,N1,55.0,60.0,-0.0039357392474937474,-0.005509098932634515,-0.002045748041099513
SPLN21,tierAmg_p95,B cells,secondary_senescence,N1,60.0,65.0,-0.004104791818517436,-0.006300261358221367,-0.0018480797331152574
SPLN21,tierAmg_p95,B cells,secondary_senescence,N1,65.0,70.0,-0.0042460064525866705,-0.006778916671367673,-0.0009717259179944036
SPLN21,tierAmg_p95,B cells,secondary_senescence,N1,70.0,75.0,-0.004423714839863896,-0.007590500054357107,-0.0003996153035796675
SPLN21,tierAmg_p95,B cells,secondary_senescence,N1,75.0,80.0,-0.004428475848126749,-0.008359583269339055,0.001429749999078922
SPLN21,tierAmg_p95,B cells,secondary_senescence,N1,80.0,85.0,-0.004744690168271382,-0.00888400012627244,0.0012350000070000533
SPLN21,tierAmg_p95,B cells,secondary_senescence,N1,85.0,90.0,-0.004467464664023508,-0.010398125043138862,0.0029768750246148556
SPLN21,tierAmg_p95,B cells,secondary_senescence,N1,90.0,95.0,-0.005362130485766082,-0.010370000265538692,0.0027799999807029963
SPLN21,tierAmg_p95,B cells,secondary_senescence,N1,95.0,100.0,-0.0037258578904317157,-0.007458000088809058,0.0008379999446333386
SPLN21,tierAmg_p95,B cells,tnfa_nfkb_proximal,N1,0.0,5.0,0.0004976961895432252,0.0001596071929457065,0.0008380858019471861
SPLN21,tierAmg_p95,B cells,tnfa_nfkb_proximal,N1,5.0,10.0,0.0005027102541740072,0.00035121834030605415,0.0006652214033588659
SPLN21,tierAmg_p95,B cells,tnfa_nfkb_proximal,N1,10.0,15.0,0.0005069241371719562,0.0003450914995911051,0.0006704744551108208
SPLN21,tierAmg_p95,B cells,tnfa_nfkb_proximal,N1,15.0,20.0,0.0005209688944578852,0.0003521299269670621,0.0006868915503219517
SPLN21,tierAmg_p95,B cells,tnfa_nfkb_proximal,N1,20.0,25.0,0.0005518519432853815,0.00035549913736971744,0.0007568269240184233
SPLN21,tierAmg_p95,B cells,tnfa_nfkb_proximal,N1,25.0,30.0,0.0005585386112749762,0.00027725191939709785,0.0008377374398463788
SPLN21,tierAmg_p95,B cells,tnfa_nfkb_proximal,N1,30.0,35.0,0.0005469324880347449,0.00017047073466414903,0.0009423531890766728
SPLN21,tierAmg_p95,B cells,tnfa_nfkb_proximal,N1,35.0,40.0,0.0005413499195540907,-6.490303899146101e-06,0.0010798141132595928
SPLN21,tierAmg_p95,B cells,tnfa_nfkb_proximal,N1,40.0,45.0,0.0004391407884601945,-0.0003323081651778388,0.0012844938662852005
SPLN21,tierAmg_p95,B cells,tnfa_nfkb_proximal,N1,45.0,50.0,0.0002954757876654693,-0.0008289094394183622,0.0014686187590007194
SPLN21,tierAmg_p95,B cells,tnfa_nfkb_proximal,N1,50.0,55.0,0.00012163514362511951,-0.0014959331585596052,0.0017789756590462097
SPLN21,tierAmg_p95,B cells,tnfa_nfkb_proximal,N1,55.0,60.0,0.00013660163034704014,-0.0018907322755408892,0.0023942101274511446
SPLN21,tierAmg_p95,B cells,tnfa_nfkb_proximal,N1,60.0,65.0,1.2280573050499115e-05,-0.0027862058904515033,0.0028438341355881843
SPLN21,tierAmg_p95,B cells,tnfa_nfkb_proximal,N1,65.0,70.0,-4.2602903804639815e-05,-0.0032940121075829883,0.003586443732229169
SPLN21,tierAmg_p95,B cells,tnfa_nfkb_proximal,N1,70.0,75.0,-0.00019544980426110402,-0.004617763634993356,0.004372689397970328
SPLN21,tierAmg_p95,B cells,tnfa_nfkb_proximal,N1,75.0,80.0,0.0001337577322498308,-0.005336624918951808,0.005932062555802986
SPLN21,tierAmg_p95,B cells,tnfa_nfkb_proximal,N1,80.0,85.0,7.872578412312406e-05,-0.006784166597450773,0.009703750326298183
SPLN21,tierAmg_p95,B cells,tnfa_nfkb_proximal,N1,85.0,90.0,3.6534145242405274e-05,-0.007101250055711716,0.009773750090971589
SPLN21,tierAmg_p95,B cells,tnfa_nfkb_proximal,N1,90.0,95.0,-0.00012105946174923125,-0.0069599999114871025,0.010239999741315842
SPLN21,tierAmg_p95,B cells,tnfa_nfkb_proximal,N1,95.0,100.0,0.0009668476049706683,-0.0035379999253564165,0.005475750012556091
SPLN21,tierAmg_p95,B cells,downstream_arrest,N3,0.0,5.0,0.004722395043387974,0.003852287813428615,0.005299027423886834
SPLN21,tierAmg_p95,B cells,downstream_arrest,N3,5.0,10.0,0.004721950899741399,0.003980980953158639,0.005174117251717042
SPLN21,tierAmg_p95,B cells,downstream_arrest,N3,10.0,15.0,0.0047202904019640985,0.00405341784526502,0.005142934807220256
SPLN21,tierAmg_p95,B cells,downstream_arrest,N3,15.0,20.0,0.004721179249834412,0.004090319371447663,0.005117273303176794
SPLN21,tierAmg_p95,B cells,downstream_arrest,N3,20.0,25.0,0.0047270063947587836,0.004048642433371712,0.005131471090634233
SPLN21,tierAmg_p95,B cells,downstream_arrest,N3,25.0,30.0,0.004734340482097759,0.004065555059116153,0.0051525521700265834
SPLN21,tierAmg_p95,B cells,downstream_arrest,N3,30.0,35.0,0.004729582643996295,0.004067267524768211,0.00517183768294542
SPLN21,tierAmg_p95,B cells,downstream_arrest,N3,35.0,40.0,0.004734273964183983,0.004043666747640008,0.005275806476683081
SPLN21,tierAmg_p95,B cells,downstream_arrest,N3,40.0,45.0,0.004732489093420077,0.003983623688511493,0.005301754590401396
SPLN21,tierAmg_p95,B cells,downstream_arrest,N3,45.0,50.0,0.004715686969043262,0.003877851759396365,0.005459204145342705
SPLN21,tierAmg_p95,B cells,downstream_arrest,N3,50.0,55.0,0.004696924604110195,0.003811288060087217,0.005441875458860734
SPLN21,tierAmg_p95,B cells,downstream_arrest,N3,55.0,60.0,0.004679662808971274,0.0035286068603846937,0.00564004880124747
SPLN21,tierAmg_p95,B cells,downstream_arrest,N3,60.0,65.0,0.004668491789189714,0.003344145232363589,0.00578151949792684
SPLN21,tierAmg_p95,B cells,downstream_arrest,N3,65.0,70.0,0.004652222721904016,0.003252733023645176,0.005782506198972214
SPLN21,tierAmg_p95,B cells,downstream_arrest,N3,70.0,75.0,0.004630394421422649,0.0032446175524883073,0.005862097743070174
SPLN21,tierAmg_p95,B cells,downstream_arrest,N3,75.0,80.0,0.004648440977298382,0.0031663658751416995,0.005859803010336527
SPLN21,tierAmg_p95,B cells,downstream_arrest,N3,80.0,85.0,0.0046300455745295005,0.003065448319119523,0.005978581665500597
SPLN21,tierAmg_p95,B cells,downstream_arrest,N3,85.0,90.0,0.004646602728376161,0.0029076028340877438,0.005935776847987995
SPLN21,tierAmg_p95,B cells,downstream_arrest,N3,90.0,95.0,0.0046278243590041086,0.0029782730102857974,0.006001970335905438
SPLN21,tierAmg_p95,B cells,downstream_arrest,N3,95.0,100.0,0.0045978959149499034,0.003233412724862085,0.00530386175310135
SPLN21,tierAmg_p95,B cells,emt_ecm,N3,0.0,5.0,-0.003217397923434286,-0.004057252356785536,-0.0022188767389507676
SPLN21,tierAmg_p95,B cells,emt_ecm,N3,5.0,10.0,-0.00322060204621127,-0.003912171101250829,-0.0022480043343983567
SPLN21,tierAmg_p95,B cells,emt_ecm,N3,10.0,15.0,-0.003217712406463408,-0.00390708788835952,-0.0023533539993989125
SPLN21,tierAmg_p95,B cells,emt_ecm,N3,15.0,20.0,-0.00321672324137406,-0.0038819256213243926,-0.002298409252210237
SPLN21,tierAmg_p95,B cells,emt_ecm,N3,20.0,25.0,-0.003220610121224702,-0.0038825212563149514,-0.0023560942261564364
SPLN21,tierAmg_p95,B cells,emt_ecm,N3,25.0,30.0,-0.0032255228501702014,-0.003888052373467129,-0.0022604972010768424
SPLN21,tierAmg_p95,B cells,emt_ecm,N3,30.0,35.0,-0.003219178214447687,-0.003874807677144098,-0.0021849643911670048
SPLN21,tierAmg_p95,B cells,emt_ecm,N3,35.0,40.0,-0.003222903067796608,-0.003951103576917496,-0.002273906917037819
SPLN21,tierAmg_p95,B cells,emt_ecm,N3,40.0,45.0,-0.0032174028567037768,-0.004107226219684727,-0.0021735770045526537
SPLN21,tierAmg_p95,B cells,emt_ecm,N3,45.0,50.0,-0.003205139362034209,-0.004208388481235001,-0.0020243412840597976
SPLN21,tierAmg_p95,B cells,emt_ecm,N3,50.0,55.0,-0.003190909515814204,-0.004380489593686764,-0.0019243692522618262
SPLN21,tierAmg_p95,B cells,emt_ecm,N3,55.0,60.0,-0.003150609655832413,-0.004461233988036435,-0.0016843873151660565
SPLN21,tierAmg_p95,B cells,emt_ecm,N3,60.0,65.0,-0.003119243532361155,-0.00451757149262112,-0.0014588879905582976
SPLN21,tierAmg_p95,B cells,emt_ecm,N3,65.0,70.0,-0.0030828793751206326,-0.004504345966234372,-0.0011176749091613423
SPLN21,tierAmg_p95,B cells,emt_ecm,N3,70.0,75.0,-0.0031206676056780396,-0.004673500600030475,-0.001193376768705867
SPLN21,tierAmg_p95,B cells,emt_ecm,N3,75.0,80.0,-0.003064209179994021,-0.004673791113404842,-0.0010652657300380083
SPLN21,tierAmg_p95,B cells,emt_ecm,N3,80.0,85.0,-0.0031125647785408333,-0.004769140870530489,-0.0010068202576148082
SPLN21,tierAmg_p95,B cells,emt_ecm,N3,85.0,90.0,-0.003079637085784502,-0.004722158818810713,-0.0010799647518389595
SPLN21,tierAmg_p95,B cells,emt_ecm,N3,90.0,95.0,-0.003073727945847216,-0.004693532655540107,-0.0008607133034504267
SPLN21,tierAmg_p95,B cells,emt_ecm,N3,95.0,100.0,-0.0031347066552168904,-0.004416090377131345,-0.0018366610038079282
SPLN21,tierAmg_p95,B cells,il6_jak_stat3,N3,0.0,5.0,0.0039249826865095285,0.00315832316347271,0.004836655192252665
SPLN21,tierAmg_p95,B cells,il6_jak_stat3,N3,5.0,10.0,0.003938425697985445,0.003404525339534363,0.004591588545972108
SPLN21,tierAmg_p95,B cells,il6_jak_stat3,N3,10.0,15.0,0.003928510817471002,0.0034554306631340687,0.004533807137251418
SPLN21,tierAmg_p95,B cells,il6_jak_stat3,N3,15.0,20.0,0.003937257420074747,0.0034960671811526812,0.004526474333716464
SPLN21,tierAmg_p95,B cells,il6_jak_stat3,N3,20.0,25.0,0.003940264395625291,0.0034780899197984242,0.004595063525804001
SPLN21,tierAmg_p95,B cells,il6_jak_stat3,N3,25.0,30.0,0.003923043151988946,0.00342615106743674,0.004598412264507212
SPLN21,tierAmg_p95,B cells,il6_jak_stat3,N3,30.0,35.0,0.003932705225010543,0.0032313812822614423,0.004651893577272804
SPLN21,tierAmg_p95,B cells,il6_jak_stat3,N3,35.0,40.0,0.003933582978838172,0.0031855098517942116,0.004825619669009577
SPLN21,tierAmg_p95,B cells,il6_jak_stat3,N3,40.0,45.0,0.003912848229199829,0.0030239698732497143,0.004958666209357102
SPLN21,tierAmg_p95,B cells,il6_jak_stat3,N3,45.0,50.0,0.0039461011408115105,0.002948232105935426,0.0051322123972454975
SPLN21,tierAmg_p95,B cells,il6_jak_stat3,N3,50.0,55.0,0.0039854105820969505,0.0027922975344514918,0.005494646540177316
SPLN21,tierAmg_p95,B cells,il6_jak_stat3,N3,55.0,60.0,0.004009766524762829,0.0025223711553929782,0.005651004480272905
SPLN21,tierAmg_p95,B cells,il6_jak_stat3,N3,60.0,65.0,0.00402186395381734,0.002488614584872213,0.005929447369682169
SPLN21,tierAmg_p95,B cells,il6_jak_stat3,N3,65.0,70.0,0.004032662462047169,0.0024070390370872895,0.006170938999103777
SPLN21,tierAmg_p95,B cells,il6_jak_stat3,N3,70.0,75.0,0.003989503998912965,0.002274255874362287,0.006057995043144425
SPLN21,tierAmg_p95,B cells,il6_jak_stat3,N3,75.0,80.0,0.00400786075955978,0.00212520927499871,0.00637727628662239
SPLN21,tierAmg_p95,B cells,il6_jak_stat3,N3,80.0,85.0,0.00402623477063597,0.002083422352885701,0.006158331838221007
SPLN21,tierAmg_p95,B cells,il6_jak_stat3,N3,85.0,90.0,0.004034480969493166,0.0021235396791898283,0.006511908717778731
SPLN21,tierAmg_p95,B cells,il6_jak_stat3,N3,90.0,95.0,0.004003845984898673,0.002127735625059366,0.006366332071381873
SPLN21,tierAmg_p95,B cells,il6_jak_stat3,N3,95.0,100.0,0.004029498807737909,0.003294948178057619,0.004881887096956876
SPLN21,tierAmg_p95,B cells,interferon_response,N3,0.0,5.0,0.005717290336942548,0.004901424031392777,0.0066522870917221505
SPLN21,tierAmg_p95,B cells,interferon_response,N3,5.0,10.0,0.005716807840744971,0.005112328796242494,0.006526217131295777
SPLN21,tierAmg_p95,B cells,interferon_response,N3,10.0,15.0,0.005706957641500586,0.005160251661100041,0.006455348517469761
SPLN21,tierAmg_p95,B cells,interferon_response,N3,15.0,20.0,0.005708611144778239,0.005143444614883696,0.006491177018100645
SPLN21,tierAmg_p95,B cells,interferon_response,N3,20.0,25.0,0.005712711324250842,0.005162047863656536,0.006408200409272649
SPLN21,tierAmg_p95,B cells,interferon_response,N3,25.0,30.0,0.005706550432071863,0.005175762874567303,0.006405969049614549
SPLN21,tierAmg_p95,B cells,interferon_response,N3,30.0,35.0,0.005686069437133952,0.005099869468951233,0.006406075774513948
SPLN21,tierAmg_p95,B cells,interferon_response,N3,35.0,40.0,0.005705610288761248,0.005009076527656113,0.006416332492967952
SPLN21,tierAmg_p95,B cells,interferon_response,N3,40.0,45.0,0.005691548569614231,0.0049137509976116545,0.006579578111798574
SPLN21,tierAmg_p95,B cells,interferon_response,N3,45.0,50.0,0.0056842656329231505,0.00473330916849704,0.0066947587046686215
SPLN21,tierAmg_p95,B cells,interferon_response,N3,50.0,55.0,0.005722737618572398,0.004623893744887711,0.006971151949249919
SPLN21,tierAmg_p95,B cells,interferon_response,N3,55.0,60.0,0.0057450879917307,0.004499615167425648,0.007207119428916337
SPLN21,tierAmg_p95,B cells,interferon_response,N3,60.0,65.0,0.0057767794286797776,0.00428732875534024,0.007515350073618382
SPLN21,tierAmg_p95,B cells,interferon_response,N3,65.0,70.0,0.0058277869703602225,0.004322406628152476,0.007781904915994151
SPLN21,tierAmg_p95,B cells,interferon_response,N3,70.0,75.0,0.005817824126952325,0.004087636650183258,0.00779905619989778
SPLN21,tierAmg_p95,B cells,interferon_response,N3,75.0,80.0,0.005794632410871761,0.004051671411242218,0.008110574647994945
SPLN21,tierAmg_p95,B cells,interferon_response,N3,80.0,85.0,0.005847030880790967,0.004095218798648663,0.008529035029415573
SPLN21,tierAmg_p95,B cells,interferon_response,N3,85.0,90.0,0.005841218889317011,0.004072490462232798,0.008088619218321033
SPLN21,tierAmg_p95,B cells,interferon_response,N3,90.0,95.0,0.005846136599411062,0.00390459978809008,0.008310213589056039
SPLN21,tierAmg_p95,B cells,interferon_response,N3,95.0,100.0,0.005940301931121789,0.0048315561585606575,0.007989024054037631
SPLN21,tierAmg_p95,B cells,oxidative_stress,N3,0.0,5.0,0.009982662645357252,0.008669285024442381,0.011395101250950387
SPLN21,tierAmg_p95,B cells,oxidative_stress,N3,5.0,10.0,0.009997292853846826,0.00913084471541361,0.01082062551253116
SPLN21,tierAmg_p95,B cells,oxidative_stress,N3,10.0,15.0,0.00998933308546259,0.009284018803968641,0.010739007157100706
SPLN21,tierAmg_p95,B cells,oxidative_stress,N3,15.0,20.0,0.009989931903252088,0.009304695602290407,0.010760389700293168
SPLN21,tierAmg_p95,B cells,oxidative_stress,N3,20.0,25.0,0.009983727321809358,0.009188366684344338,0.010767405968356781
SPLN21,tierAmg_p95,B cells,oxidative_stress,N3,25.0,30.0,0.00998894514344984,0.009111686528490367,0.010869620286487124
SPLN21,tierAmg_p95,B cells,oxidative_stress,N3,30.0,35.0,0.00999481950327063,0.008980029314301769,0.010948940798748603
SPLN21,tierAmg_p95,B cells,oxidative_stress,N3,35.0,40.0,0.00998499653999082,0.00876361466670438,0.011097668808221642
SPLN21,tierAmg_p95,B cells,oxidative_stress,N3,40.0,45.0,0.010005217384610417,0.008409271739440076,0.011540694220714727
SPLN21,tierAmg_p95,B cells,oxidative_stress,N3,45.0,50.0,0.009998727680930884,0.008176139692565653,0.011895613402986312
SPLN21,tierAmg_p95,B cells,oxidative_stress,N3,50.0,55.0,0.009988133065519128,0.008037895449659835,0.012005842792171244
SPLN21,tierAmg_p95,B cells,oxidative_stress,N3,55.0,60.0,0.009978283546993583,0.007590873259215711,0.012353006651581264
SPLN21,tierAmg_p95,B cells,oxidative_stress,N3,60.0,65.0,0.009953091828178667,0.007269248489157404,0.012601515446519827
SPLN21,tierAmg_p95,B cells,oxidative_stress,N3,65.0,70.0,0.009936775488892885,0.007190602519213751,0.012752406590876007
SPLN21,tierAmg_p95,B cells,oxidative_stress,N3,70.0,75.0,0.009929056280593034,0.0069671542891539,0.012843288885008033
SPLN21,tierAmg_p95,B cells,oxidative_stress,N3,75.0,80.0,0.009893427317405681,0.006837762531779137,0.012969502940427459
SPLN21,tierAmg_p95,B cells,oxidative_stress,N3,80.0,85.0,0.009873449499883679,0.006475330218480723,0.012964837241118805
SPLN21,tierAmg_p95,B cells,oxidative_stress,N3,85.0,90.0,0.01000154603245952,0.006739419200209169,0.013282911201913753
SPLN21,tierAmg_p95,B cells,oxidative_stress,N3,90.0,95.0,0.01000277230775988,0.006632430412608304,0.013400665773106396
SPLN21,tierAmg_p95,B cells,oxidative_stress,N3,95.0,100.0,0.010036254016476726,0.009053538636534061,0.011006455929803169
SPLN21,tierAmg_p95,B cells,secondary_senescence,N3,0.0,5.0,-0.003520108925099474,-0.003993768786598028,-0.002911923535515281
SPLN21,tierAmg_p95,B cells,secondary_senescence,N3,5.0,10.0,-0.003518241904019477,-0.0038864991560746795,-0.0030823841432474444
SPLN21,tierAmg_p95,B cells,secondary_senescence,N3,10.0,15.0,-0.0035182318868891426,-0.003859385697315555,-0.0031157153430161387
SPLN21,tierAmg_p95,B cells,secondary_senescence,N3,15.0,20.0,-0.003514613370962915,-0.0038473678311793996,-0.0031041811161332438
SPLN21,tierAmg_p95,B cells,secondary_senescence,N3,20.0,25.0,-0.0035117822095324484,-0.0038717129478251146,-0.003083955286369476
SPLN21,tierAmg_p95,B cells,secondary_senescence,N3,25.0,30.0,-0.0035199360005113956,-0.0038867368976631196,-0.0030532264930455267
SPLN21,tierAmg_p95,B cells,secondary_senescence,N3,30.0,35.0,-0.0035148849947488517,-0.003866890902445013,-0.003033033508774184
SPLN21,tierAmg_p95,B cells,secondary_senescence,N3,35.0,40.0,-0.0035216447360778974,-0.00396594578970613,-0.0029672453547021833
SPLN21,tierAmg_p95,B cells,secondary_senescence,N3,40.0,45.0,-0.003518236340782556,-0.0040147183443063755,-0.0029125969355500406
SPLN21,tierAmg_p95,B cells,secondary_senescence,N3,45.0,50.0,-0.003487662720677535,-0.004087254960179122,-0.0027627021862430753
SPLN21,tierAmg_p95,B cells,secondary_senescence,N3,50.0,55.0,-0.0035098810318554266,-0.004196496666934261,-0.002729570708671284
SPLN21,tierAmg_p95,B cells,secondary_senescence,N3,55.0,60.0,-0.003505490501160644,-0.004288248433684112,-0.0025516783145304563
SPLN21,tierAmg_p95,B cells,secondary_senescence,N3,60.0,65.0,-0.003476338340627928,-0.0043326760067250916,-0.0023662225873111098
SPLN21,tierAmg_p95,B cells,secondary_senescence,N3,65.0,70.0,-0.0034509475743199104,-0.004358397174121865,-0.0023656251304373355
SPLN21,tierAmg_p95,B cells,secondary_senescence,N3,70.0,75.0,-0.0034767936029320356,-0.0044435564275638545,-0.002180149886999927
SPLN21,tierAmg_p95,B cells,secondary_senescence,N3,75.0,80.0,-0.0034247531266039088,-0.004408468743683267,-0.0021468677182058453
SPLN21,tierAmg_p95,B cells,secondary_senescence,N3,80.0,85.0,-0.0034424216642216345,-0.004517695171461863,-0.0021568425533729555
SPLN21,tierAmg_p95,B cells,secondary_senescence,N3,85.0,90.0,-0.003463836053488034,-0.0045753595364508145,-0.0021075841312715197
SPLN21,tierAmg_p95,B cells,secondary_senescence,N3,90.0,95.0,-0.003462602494888997,-0.004548747243068517,-0.00203943152574499
SPLN21,tierAmg_p95,B cells,secondary_senescence,N3,95.0,100.0,-0.0035186308524229716,-0.00423697035994197,-0.0027970952886276516
SPLN21,tierAmg_p95,B cells,tnfa_nfkb_proximal,N3,0.0,5.0,0.0005207855945362492,5.957395235550817e-05,0.0010509235362641323
SPLN21,tierAmg_p95,B cells,tnfa_nfkb_proximal,N3,5.0,10.0,0.0005255786631969283,0.0002343792837201611,0.0008546910818692372
SPLN21,tierAmg_p95,B cells,tnfa_nfkb_proximal,N3,10.0,15.0,0.0005297807797993326,0.0002673693395151836,0.0008313095059054411
SPLN21,tierAmg_p95,B cells,tnfa_nfkb_proximal,N3,15.0,20.0,0.0005255839505085427,0.00026577053298154944,0.0008044136515837915
SPLN21,tierAmg_p95,B cells,tnfa_nfkb_proximal,N3,20.0,25.0,0.0005252973754144108,0.0002461707484005049,0.0008340526133827012
SPLN21,tierAmg_p95,B cells,tnfa_nfkb_proximal,N3,25.0,30.0,0.0005246980957962819,0.00019706165295404533,0.0008824836571224349
SPLN21,tierAmg_p95,B cells,tnfa_nfkb_proximal,N3,30.0,35.0,0.0005327791023474932,0.00015250704259486952,0.000939954351628549
SPLN21,tierAmg_p95,B cells,tnfa_nfkb_proximal,N3,35.0,40.0,0.000530741505377213,6.496065008587546e-05,0.00102159031139669
SPLN21,tierAmg_p95,B cells,tnfa_nfkb_proximal,N3,40.0,45.0,0.0005200386477383727,-4.301505042060584e-05,0.0011301642282349896
SPLN21,tierAmg_p95,B cells,tnfa_nfkb_proximal,N3,45.0,50.0,0.000515495463141769,-0.00018789115814484713,0.0012516334652999909
SPLN21,tierAmg_p95,B cells,tnfa_nfkb_proximal,N3,50.0,55.0,0.0005544029415360672,-0.00027915578991715724,0.0013669077322019713
SPLN21,tierAmg_p95,B cells,tnfa_nfkb_proximal,N3,55.0,60.0,0.0005509386372909166,-0.000352008027795682,0.0014543739073557473
SPLN21,tierAmg_p95,B cells,tnfa_nfkb_proximal,N3,60.0,65.0,0.0005602962971806577,-0.0003629184260626964,0.0016818323129704276
SPLN21,tierAmg_p95,B cells,tnfa_nfkb_proximal,N3,65.0,70.0,0.0005608557236220671,-0.0004401935075889665,0.001707211684556389
SPLN21,tierAmg_p95,B cells,tnfa_nfkb_proximal,N3,70.0,75.0,0.0005460540673250183,-0.000526327312461503,0.0017242003305942403
SPLN21,tierAmg_p95,B cells,tnfa_nfkb_proximal,N3,75.0,80.0,0.0005341918470160001,-0.0006266963859350072,0.0018051645524018735
SPLN21,tierAmg_p95,B cells,tnfa_nfkb_proximal,N3,80.0,85.0,0.0005129070831971224,-0.0007015546715794324,0.0017674620759175062
SPLN21,tierAmg_p95,B cells,tnfa_nfkb_proximal,N3,85.0,90.0,0.0005617558967933194,-0.0006096339621740579,0.0019266404120957688
SPLN21,tierAmg_p95,B cells,tnfa_nfkb_proximal,N3,90.0,95.0,0.0005265218222829202,-0.0007729131177764995,0.0019941288830449323
SPLN21,tierAmg_p95,B cells,tnfa_nfkb_proximal,N3,95.0,100.0,0.0005415437090785073,0.000245295765446028,0.0008692536855929503
SPLN21,tierAmg_p95,B cells,downstream_arrest,N4,0.0,5.0,0.004752224648987675,0.0043369101490045225,0.0051630094591992816
SPLN21,tierAmg_p95,B cells,downstream_arrest,N4,5.0,10.0,0.004761728334428149,0.004489112017329522,0.005037848375791791
SPLN21,tierAmg_p95,B cells,downstream_arrest,N4,10.0,15.0,0.004762102607191838,0.004523180765926114,0.0049920578434704006
SPLN21,tierAmg_p95,B cells,downstream_arrest,N4,15.0,20.0,0.004753913557532138,0.004519988393069656,0.004982486310476299
SPLN21,tierAmg_p95,B cells,downstream_arrest,N4,20.0,25.0,0.00475859034831096,0.004505876712894493,0.004977927446401176
SPLN21,tierAmg_p95,B cells,downstream_arrest,N4,25.0,30.0,0.004775573749466494,0.0044331174214364425,0.005054628155906575
SPLN21,tierAmg_p95,B cells,downstream_arrest,N4,30.0,35.0,0.004783721520434482,0.004400169734031803,0.0051521997119970365
SPLN21,tierAmg_p95,B cells,downstream_arrest,N4,35.0,40.0,0.004788178711170214,0.004252609254798884,0.0053065473272645115
SPLN21,tierAmg_p95,B cells,downstream_arrest,N4,40.0,45.0,0.0047960488361400875,0.004179699204028424,0.00537472236945301
SPLN21,tierAmg_p95,B cells,downstream_arrest,N4,45.0,50.0,0.004822584536284759,0.0040987474793196315,0.005524523858132581
SPLN21,tierAmg_p95,B cells,downstream_arrest,N4,50.0,55.0,0.004854606685651627,0.003978703336885256,0.0057876922105361125
SPLN21,tierAmg_p95,B cells,downstream_arrest,N4,55.0,60.0,0.0048311096358705855,0.003712499988841955,0.005786643641291629
SPLN21,tierAmg_p95,B cells,downstream_arrest,N4,60.0,65.0,0.004884778092111602,0.003469462807599021,0.005981965071289331
SPLN21,tierAmg_p95,B cells,downstream_arrest,N4,65.0,70.0,0.004896373666808504,0.003426964510396655,0.006089568904282598
SPLN21,tierAmg_p95,B cells,downstream_arrest,N4,70.0,75.0,0.004959288076584358,0.0033787951821528644,0.006233729265709962
SPLN21,tierAmg_p95,B cells,downstream_arrest,N4,75.0,80.0,0.0049341490224653495,0.0032062747242142917,0.006239707518438457
SPLN21,tierAmg_p95,B cells,downstream_arrest,N4,80.0,85.0,0.004979855928364894,0.0033394178651331187,0.006400372902311184
SPLN21,tierAmg_p95,B cells,downstream_arrest,N4,85.0,90.0,0.004948842241573964,0.0030892071141273227,0.006491762934406038
SPLN21,tierAmg_p95,B cells,downstream_arrest,N4,90.0,95.0,0.0048980071114641454,0.0028420328687041104,0.00653268875073315
SPLN21,tierAmg_p95,B cells,downstream_arrest,N4,95.0,100.0,0.00461757340180094,0.003714688764664619,0.005706583106396821
SPLN21,tierAmg_p95,B cells,emt_ecm,N4,0.0,5.0,-0.003056373672387625,-0.0036135221708032722,-0.0024204438254254654
SPLN21,tierAmg_p95,B cells,emt_ecm,N4,5.0,10.0,-0.00307122130120606,-0.0035057502761550435,-0.002533061329452627
SPLN21,tierAmg_p95,B cells,emt_ecm,N4,10.0,15.0,-0.0030636546311905697,-0.0034326458607906642,-0.0025344067800973217
SPLN21,tierAmg_p95,B cells,emt_ecm,N4,15.0,20.0,-0.003076104197090844,-0.0034253211268745793,-0.0025202240098169816
SPLN21,tierAmg_p95,B cells,emt_ecm,N4,20.0,25.0,-0.003076736872752541,-0.00344636033372723,-0.0024885920307475672
SPLN21,tierAmg_p95,B cells,emt_ecm,N4,25.0,30.0,-0.0030867824646316376,-0.0035230962403114095,-0.002555377351480492
SPLN21,tierAmg_p95,B cells,emt_ecm,N4,30.0,35.0,-0.0031331591016362354,-0.003652532820257991,-0.002525466411868425
SPLN21,tierAmg_p95,B cells,emt_ecm,N4,35.0,40.0,-0.003202001564636012,-0.0037476398784238576,-0.0025878008833468713
SPLN21,tierAmg_p95,B cells,emt_ecm,N4,40.0,45.0,-0.003297839703811075,-0.003978423971729721,-0.002598977739081816
SPLN21,tierAmg_p95,B cells,emt_ecm,N4,45.0,50.0,-0.003395197193404658,-0.004261016450066962,-0.002539721754752368
SPLN21,tierAmg_p95,B cells,emt_ecm,N4,50.0,55.0,-0.0035384605841853826,-0.0045514765956657785,-0.0024128051082687235
SPLN21,tierAmg_p95,B cells,emt_ecm,N4,55.0,60.0,-0.0035831264419921506,-0.004825428613124341,-0.0022199356948578858
SPLN21,tierAmg_p95,B cells,emt_ecm,N4,60.0,65.0,-0.003736904419842179,-0.004881013333840528,-0.0021244716700616825
SPLN21,tierAmg_p95,B cells,emt_ecm,N4,65.0,70.0,-0.0037823050608206113,-0.004997886315681393,-0.002175871352923031
SPLN21,tierAmg_p95,B cells,emt_ecm,N4,70.0,75.0,-0.003845340364060201,-0.0052445802100286815,-0.0021707327449928876
SPLN21,tierAmg_p95,B cells,emt_ecm,N4,75.0,80.0,-0.0038743793967540175,-0.00540439696235924,-0.0017996852943247509
SPLN21,tierAmg_p95,B cells,emt_ecm,N4,80.0,85.0,-0.003942617278425371,-0.005500961355069573,-0.002002387924101872
SPLN21,tierAmg_p95,B cells,emt_ecm,N4,85.0,90.0,-0.0039628410398447386,-0.005565640142985299,-0.0017161648731954515
SPLN21,tierAmg_p95,B cells,emt_ecm,N4,90.0,95.0,-0.003959241759522843,-0.005631405018339702,-0.0016867750263878005
SPLN21,tierAmg_p95,B cells,emt_ecm,N4,95.0,100.0,-0.003895970323828275,-0.004589241303222549,-0.0029422982237228908
SPLN21,tierAmg_p95,B cells,il6_jak_stat3,N4,0.0,5.0,0.003985046712123744,0.0033014257062258154,0.004727068958904777
SPLN21,tierAmg_p95,B cells,il6_jak_stat3,N4,5.0,10.0,0.00394713934998259,0.00353836624181088,0.004445930367094569
SPLN21,tierAmg_p95,B cells,il6_jak_stat3,N4,10.0,15.0,0.003938928553199189,0.003584253081038172,0.0043643137013312325
SPLN21,tierAmg_p95,B cells,il6_jak_stat3,N4,15.0,20.0,0.003940326783505871,0.003596739819398003,0.004319634559645524
SPLN21,tierAmg_p95,B cells,il6_jak_stat3,N4,20.0,25.0,0.003942591875142068,0.0035693151642789294,0.004377666748581696
SPLN21,tierAmg_p95,B cells,il6_jak_stat3,N4,25.0,30.0,0.003944724112765851,0.0035097418857575505,0.004430727528086768
SPLN21,tierAmg_p95,B cells,il6_jak_stat3,N4,30.0,35.0,0.003918578162572172,0.00334982945421678,0.00452834534813795
SPLN21,tierAmg_p95,B cells,il6_jak_stat3,N4,35.0,40.0,0.003920412979102086,0.0032241057126977165,0.004682194622888727
SPLN21,tierAmg_p95,B cells,il6_jak_stat3,N4,40.0,45.0,0.0038673277898007546,0.0030041211576013315,0.00469744864006818
SPLN21,tierAmg_p95,B cells,il6_jak_stat3,N4,45.0,50.0,0.003835705343878646,0.002778928004792687,0.00493261715697328
SPLN21,tierAmg_p95,B cells,il6_jak_stat3,N4,50.0,55.0,0.003772071800464625,0.0024766513383951408,0.005062098485216278
SPLN21,tierAmg_p95,B cells,il6_jak_stat3,N4,55.0,60.0,0.003918837598129859,0.0022583950090646837,0.005777502971973951
SPLN21,tierAmg_p95,B cells,il6_jak_stat3,N4,60.0,65.0,0.0038387852906824095,0.0021478732684070364,0.005689275335272778
SPLN21,tierAmg_p95,B cells,il6_jak_stat3,N4,65.0,70.0,0.003841461641283625,0.0020735307338963357,0.005830881861777515
SPLN21,tierAmg_p95,B cells,il6_jak_stat3,N4,70.0,75.0,0.0038744345915878203,0.0019812292507980175,0.006006455289600258
SPLN21,tierAmg_p95,B cells,il6_jak_stat3,N4,75.0,80.0,0.0037637484639719697,0.0016647005294729903,0.0062546545069115085
SPLN21,tierAmg_p95,B cells,il6_jak_stat3,N4,80.0,85.0,0.0036914356775203977,0.0014830937235534034,0.0061115369570586475
SPLN21,tierAmg_p95,B cells,il6_jak_stat3,N4,85.0,90.0,0.003751401972070692,0.0015132741184357159,0.006203505529513195
SPLN21,tierAmg_p95,B cells,il6_jak_stat3,N4,90.0,95.0,0.0037648224836738763,0.0014828962257238659,0.006463890081768725
SPLN21,tierAmg_p95,B cells,il6_jak_stat3,N4,95.0,100.0,0.003924759013972053,0.0029745420563941764,0.004863994277176803
SPLN21,tierAmg_p95,B cells,interferon_response,N4,0.0,5.0,0.005442799845001589,0.004924560924516362,0.005968079259391513
SPLN21,tierAmg_p95,B cells,interferon_response,N4,5.0,10.0,0.005457098760882966,0.005102143582505724,0.005771734098801542
SPLN21,tierAmg_p95,B cells,interferon_response,N4,10.0,15.0,0.005437307964619621,0.005134789317527733,0.0057313004657772275
SPLN21,tierAmg_p95,B cells,interferon_response,N4,15.0,20.0,0.005430576005781399,0.005128664754057545,0.005722551802700573
SPLN21,tierAmg_p95,B cells,interferon_response,N4,20.0,25.0,0.0054398185015268035,0.005113598712105885,0.005745629050508274
SPLN21,tierAmg_p95,B cells,interferon_response,N4,25.0,30.0,0.0054479568909445815,0.0050095294684475745,0.005847996787526671
SPLN21,tierAmg_p95,B cells,interferon_response,N4,30.0,35.0,0.00545788603014241,0.004930057581569433,0.006048303974062846
SPLN21,tierAmg_p95,B cells,interferon_response,N4,35.0,40.0,0.005515999771451398,0.004865491597453712,0.006279858432201308
SPLN21,tierAmg_p95,B cells,interferon_response,N4,40.0,45.0,0.005578690842654533,0.004689117084746307,0.006634670040167922
SPLN21,tierAmg_p95,B cells,interferon_response,N4,45.0,50.0,0.00567012169036458,0.004592885637592986,0.00698043013383389
SPLN21,tierAmg_p95,B cells,interferon_response,N4,50.0,55.0,0.005733501369801466,0.004442275124466593,0.007334675686383937
SPLN21,tierAmg_p95,B cells,interferon_response,N4,55.0,60.0,0.0059035717362643375,0.004356936469212868,0.007727568770548228
SPLN21,tierAmg_p95,B cells,interferon_response,N4,60.0,65.0,0.005983621694334775,0.004214583072650314,0.008247015760889667
SPLN21,tierAmg_p95,B cells,interferon_response,N4,65.0,70.0,0.006113839729582732,0.004191533056282826,0.008496198715694625
SPLN21,tierAmg_p95,B cells,interferon_response,N4,70.0,75.0,0.0061973298436291645,0.004243115056555615,0.008929258841908361
SPLN21,tierAmg_p95,B cells,interferon_response,N4,75.0,80.0,0.006221358251571134,0.004002291325961565,0.008973046661743814
SPLN21,tierAmg_p95,B cells,interferon_response,N4,80.0,85.0,0.006211858622056089,0.004001819103109076,0.008995508580267918
SPLN21,tierAmg_p95,B cells,interferon_response,N4,85.0,90.0,0.0063318441527295535,0.004001153951983957,0.009219007661656599
SPLN21,tierAmg_p95,B cells,interferon_response,N4,90.0,95.0,0.006436348369956759,0.004001152953453729,0.00981330137817519
SPLN21,tierAmg_p95,B cells,interferon_response,N4,95.0,100.0,0.007123457964048412,0.006143175272108515,0.00844332639076208
SPLN21,tierAmg_p95,B cells,oxidative_stress,N4,0.0,5.0,0.009744982501957718,0.008630075190917564,0.01081568124753713
SPLN21,tierAmg_p95,B cells,oxidative_stress,N4,5.0,10.0,0.009758522927774948,0.008918279568937584,0.010474148654546656
SPLN21,tierAmg_p95,B cells,oxidative_stress,N4,10.0,15.0,0.009776583831739283,0.009052806012859455,0.010395259331247363
SPLN21,tierAmg_p95,B cells,oxidative_stress,N4,15.0,20.0,0.00980208017412156,0.009069955994468824,0.010457145108262723
SPLN21,tierAmg_p95,B cells,oxidative_stress,N4,20.0,25.0,0.009784122461492243,0.008948941344392412,0.010461643179163746
SPLN21,tierAmg_p95,B cells,oxidative_stress,N4,25.0,30.0,0.009787382616184889,0.008869069605918866,0.010581205729530266
SPLN21,tierAmg_p95,B cells,oxidative_stress,N4,30.0,35.0,0.009871203491101188,0.008874145250052708,0.010808095732238357
SPLN21,tierAmg_p95,B cells,oxidative_stress,N4,35.0,40.0,0.00987245927924036,0.008602259172922812,0.011071399844934791
SPLN21,tierAmg_p95,B cells,oxidative_stress,N4,40.0,45.0,0.009951363988821776,0.008409385122168185,0.011386275819406983
SPLN21,tierAmg_p95,B cells,oxidative_stress,N4,45.0,50.0,0.010012422147518947,0.008202665434796435,0.011925562824230334
SPLN21,tierAmg_p95,B cells,oxidative_stress,N4,50.0,55.0,0.010128516821556823,0.007960247775606265,0.012106413669107
SPLN21,tierAmg_p95,B cells,oxidative_stress,N4,55.0,60.0,0.010271636796899334,0.007797176896524024,0.012966341932743864
SPLN21,tierAmg_p95,B cells,oxidative_stress,N4,60.0,65.0,0.010301517203062853,0.00761003777605948,0.013087612783318762
SPLN21,tierAmg_p95,B cells,oxidative_stress,N4,65.0,70.0,0.010310123850736999,0.0073051139580828876,0.013540847829863806
SPLN21,tierAmg_p95,B cells,oxidative_stress,N4,70.0,75.0,0.010331001771492196,0.0070721708106836765,0.013702462001675296
SPLN21,tierAmg_p95,B cells,oxidative_stress,N4,75.0,80.0,0.01028385239736533,0.006827394781847807,0.01386791168817433
SPLN21,tierAmg_p95,B cells,oxidative_stress,N4,80.0,85.0,0.010339730469213172,0.006580537436481487,0.014154904582964567
SPLN21,tierAmg_p95,B cells,oxidative_stress,N4,85.0,90.0,0.010489229532782177,0.00683652300875314,0.01454712169037214
SPLN21,tierAmg_p95,B cells,oxidative_stress,N4,90.0,95.0,0.01044908049106953,0.00644214522746465,0.014411385516810914
SPLN21,tierAmg_p95,B cells,oxidative_stress,N4,95.0,100.0,0.010489089418456093,0.008878860298061116,0.011295034148578345
SPLN21,tierAmg_p95,B cells,secondary_senescence,N4,0.0,5.0,-0.0033603463703256492,-0.0037545752495479084,-0.002899124107590753
SPLN21,tierAmg_p95,B cells,secondary_senescence,N4,5.0,10.0,-0.003370414583258345,-0.003646720737974026,-0.0030120155032377373
SPLN21,tierAmg_p95,B cells,secondary_senescence,N4,10.0,15.0,-0.0033730985481397503,-0.0036321391502815957,-0.003035503700295662
SPLN21,tierAmg_p95,B cells,secondary_senescence,N4,15.0,20.0,-0.0033854563790438785,-0.003620787479718033,-0.003050996396819315
SPLN21,tierAmg_p95,B cells,secondary_senescence,N4,20.0,25.0,-0.0033849947363905762,-0.003629633096321754,-0.003050620803355096
SPLN21,tierAmg_p95,B cells,secondary_senescence,N4,25.0,30.0,-0.0034064459512521722,-0.003670795835493093,-0.003030716984615355
SPLN21,tierAmg_p95,B cells,secondary_senescence,N4,30.0,35.0,-0.0034295267507933754,-0.003769818162150331,-0.003040853423799518
SPLN21,tierAmg_p95,B cells,secondary_senescence,N4,35.0,40.0,-0.003479447039406712,-0.003852602503922762,-0.003010390563229045
SPLN21,tierAmg_p95,B cells,secondary_senescence,N4,40.0,45.0,-0.0035403086675258066,-0.004016135359981457,-0.0030140652306338543
SPLN21,tierAmg_p95,B cells,secondary_senescence,N4,45.0,50.0,-0.0035821659761930366,-0.004148803079894787,-0.002969099313379425
SPLN21,tierAmg_p95,B cells,secondary_senescence,N4,50.0,55.0,-0.003688704806096994,-0.004432056180135737,-0.002908857951126657
SPLN21,tierAmg_p95,B cells,secondary_senescence,N4,55.0,60.0,-0.003717223501027986,-0.004482030132098398,-0.0028791123875015405
SPLN21,tierAmg_p95,B cells,secondary_senescence,N4,60.0,65.0,-0.003817070374864646,-0.004664221264218526,-0.002878031652317165
SPLN21,tierAmg_p95,B cells,secondary_senescence,N4,65.0,70.0,-0.0038848252946179526,-0.004858104464920969,-0.0028848048482898628
SPLN21,tierAmg_p95,B cells,secondary_senescence,N4,70.0,75.0,-0.003916752620503998,-0.004855879527572492,-0.002816309028258748
SPLN21,tierAmg_p95,B cells,secondary_senescence,N4,75.0,80.0,-0.0038902516991049696,-0.00496007194390723,-0.002788642613720701
SPLN21,tierAmg_p95,B cells,secondary_senescence,N4,80.0,85.0,-0.00394178118008475,-0.005106999074061418,-0.002754740207015554
SPLN21,tierAmg_p95,B cells,secondary_senescence,N4,85.0,90.0,-0.003930393710606979,-0.005075976853142357,-0.002609734361089142
SPLN21,tierAmg_p95,B cells,secondary_senescence,N4,90.0,95.0,-0.00398420393944421,-0.005142052789288416,-0.0027283208355855975
SPLN21,tierAmg_p95,B cells,secondary_senescence,N4,95.0,100.0,-0.0040623860542358566,-0.004630422849072632,-0.0033189360713422786
SPLN21,tierAmg_p95,B cells,tnfa_nfkb_proximal,N4,0.0,5.0,0.0005834128471670872,0.00017048347053603331,0.0010077327906865862
SPLN21,tierAmg_p95,B cells,tnfa_nfkb_proximal,N4,5.0,10.0,0.0005803150387607432,0.00032967000752174246,0.0008877003027214462
SPLN21,tierAmg_p95,B cells,tnfa_nfkb_proximal,N4,10.0,15.0,0.0005828471860041615,0.0003498886617516519,0.0008447663551803678
SPLN21,tierAmg_p95,B cells,tnfa_nfkb_proximal,N4,15.0,20.0,0.000567815954398867,0.0003519428012364295,0.0008442299024166238
SPLN21,tierAmg_p95,B cells,tnfa_nfkb_proximal,N4,20.0,25.0,0.0005652339072898235,0.00032723664692316354,0.0008664360460485255
SPLN21,tierAmg_p95,B cells,tnfa_nfkb_proximal,N4,25.0,30.0,0.0005698198239484329,0.0002768219202167714,0.0008908113590586207
SPLN21,tierAmg_p95,B cells,tnfa_nfkb_proximal,N4,30.0,35.0,0.0005435659292413341,0.00019693023388990004,0.0008967163440264237
SPLN21,tierAmg_p95,B cells,tnfa_nfkb_proximal,N4,35.0,40.0,0.0005510962398721828,0.00016097987636182488,0.0009781106390483762
SPLN21,tierAmg_p95,B cells,tnfa_nfkb_proximal,N4,40.0,45.0,0.0004931946780297795,-4.932382720434323e-05,0.0010285760891187452
SPLN21,tierAmg_p95,B cells,tnfa_nfkb_proximal,N4,45.0,50.0,0.00045195724863226556,-0.00024837344554542166,0.0011603222695168063
SPLN21,tierAmg_p95,B cells,tnfa_nfkb_proximal,N4,50.0,55.0,0.0004303757988176746,-0.00038976396395120646,0.0013110894559016201
SPLN21,tierAmg_p95,B cells,tnfa_nfkb_proximal,N4,55.0,60.0,0.000442736031963706,-0.0004932876324910946,0.001403629765030189
SPLN21,tierAmg_p95,B cells,tnfa_nfkb_proximal,N4,60.0,65.0,0.0003605263068675247,-0.000699615203614948,0.0013024815486212388
SPLN21,tierAmg_p95,B cells,tnfa_nfkb_proximal,N4,65.0,70.0,0.0003632868774015189,-0.0008014517922718544,0.001580435776707531
SPLN21,tierAmg_p95,B cells,tnfa_nfkb_proximal,N4,70.0,75.0,0.0003375149934023226,-0.0008349332690928601,0.0015987296208442004
SPLN21,tierAmg_p95,B cells,tnfa_nfkb_proximal,N4,75.0,80.0,0.00031634744975665377,-0.0010149335127994986,0.0017611173363448567
SPLN21,tierAmg_p95,B cells,tnfa_nfkb_proximal,N4,80.0,85.0,0.0003489398526264259,-0.0010710966802451422,0.0018451290800394603
SPLN21,tierAmg_p95,B cells,tnfa_nfkb_proximal,N4,85.0,90.0,0.000346001212150444,-0.001194283054531153,0.0018996566398484637
SPLN21,tierAmg_p95,B cells,tnfa_nfkb_proximal,N4,90.0,95.0,0.0003567552338328969,-0.0011339047773162455,0.002041140603943245
SPLN21,tierAmg_p95,B cells,tnfa_nfkb_proximal,N4,95.0,100.0,0.0004263931877030802,0.00014989702405978107,0.00096096620170041
SPLN21,tierA_p95,B cells,downstream_arrest,N1,0.0,5.0,0.0047199199686020704,0.004404173384616532,0.005049796491732689
SPLN21,tierA_p95,B cells,downstream_arrest,N1,5.0,10.0,0.005041675157389972,0.004877465829739156,0.005186369334657238
SPLN21,tierA_p95,B cells,downstream_arrest,N1,10.0,15.0,0.004941482851697586,0.004781839107396556,0.005091066996525641
SPLN21,tierA_p95,B cells,downstream_arrest,N1,15.0,20.0,0.004844724673356403,0.0046891349223544074,0.005004454479008426
SPLN21,tierA_p95,B cells,downstream_arrest,N1,20.0,25.0,0.004724987378997098,0.004539497103797324,0.004928393468902603
SPLN21,tierA_p95,B cells,downstream_arrest,N1,25.0,30.0,0.00454259435439882,0.004278543820194723,0.0048157500423857665
SPLN21,tierA_p95,B cells,downstream_arrest,N1,30.0,35.0,0.004331598497718103,0.0039851450123910715,0.004688562914083374
SPLN21,tierA_p95,B cells,downstream_arrest,N1,35.0,40.0,0.004093544937231421,0.003638045830507725,0.004584883652141218
SPLN21,tierA_p95,B cells,downstream_arrest,N1,40.0,45.0,0.003915533164766554,0.003274557970103514,0.004562060746631992
SPLN21,tierA_p95,B cells,downstream_arrest,N1,45.0,50.0,0.003799538684414447,0.0028848791215094417,0.004695432966687832
SPLN21,tierA_p95,B cells,downstream_arrest,N1,50.0,55.0,0.003788264119577586,0.0026169838728184697,0.005007577625897378
SPLN21,tierA_p95,B cells,downstream_arrest,N1,55.0,60.0,0.003822188896130002,0.002141973068318577,0.005500491045504385
SPLN21,tierA_p95,B cells,downstream_arrest,N1,60.0,65.0,0.0038122208000771875,0.0016902343614219717,0.005949030948759174
SPLN21,tierA_p95,B cells,downstream_arrest,N1,65.0,70.0,0.00394926387559153,0.0014287219218641729,0.0064317333058658025
SPLN21,tierA_p95,B cells,downstream_arrest,N1,70.0,75.0,0.004265923890276937,0.0008533214178377031,0.007852233316322477
SPLN21,tierA_p95,B cells,downstream_arrest,N1,75.0,80.0,0.004573234201128104,7.646879021194765e-05,0.009450049664592371
SPLN21,tierA_p95,B cells,downstream_arrest,N1,80.0,85.0,0.004109903781095137,-0.002040750139470523,0.010490033059419751
SPLN21,tierA_p95,B cells,downstream_arrest,N1,85.0,90.0,0.004757244901157671,-0.0035674999162438326,0.013019374688155949
SPLN21,tierA_p95,B cells,downstream_arrest,N1,90.0,95.0,0.006015154185460325,-0.003719250097249945,0.017866582920153928
SPLN21,tierA_p95,B cells,downstream_arrest,N1,95.0,100.0,0.007111152218076365,0.0029856999157163956,0.011416578832043646
SPLN21,tierA_p95,B cells,emt_ecm,N1,0.0,5.0,-0.0032792349990118795,-0.0036239857214069005,-0.0029507673105383836
SPLN21,tierA_p95,B cells,emt_ecm,N1,5.0,10.0,-0.0035485632880286975,-0.003737025014442167,-0.003364144642634138
SPLN21,tierA_p95,B cells,emt_ecm,N1,10.0,15.0,-0.0034555193820123673,-0.003612497013964925,-0.0032904702663736013
SPLN21,tierA_p95,B cells,emt_ecm,N1,15.0,20.0,-0.0032733799129243853,-0.003445030357520666,-0.0030853725340930904
SPLN21,tierA_p95,B cells,emt_ecm,N1,20.0,25.0,-0.0031438679487491776,-0.003377280590870593,-0.002921406198285265
SPLN21,tierA_p95,B cells,emt_ecm,N1,25.0,30.0,-0.0029690502095090394,-0.0032587888109327566,-0.0026602236992406612
SPLN21,tierA_p95,B cells,emt_ecm,N1,30.0,35.0,-0.002845744928889202,-0.0032448495789307,-0.0024127963767653264
SPLN21,tierA_p95,B cells,emt_ecm,N1,35.0,40.0,-0.002764046935953032,-0.0033151298401325443,-0.002178042039380597
SPLN21,tierA_p95,B cells,emt_ecm,N1,40.0,45.0,-0.0028575415175696845,-0.0036490694445467007,-0.00204025331996461
SPLN21,tierA_p95,B cells,emt_ecm,N1,45.0,50.0,-0.003089321182195389,-0.004061850518175601,-0.0020513648709440564
SPLN21,tierA_p95,B cells,emt_ecm,N1,50.0,55.0,-0.003531139961674146,-0.004825774717615382,-0.0020908849671947526
SPLN21,tierA_p95,B cells,emt_ecm,N1,55.0,60.0,-0.0038892855953860466,-0.005536034206660824,-0.0020357141862722724
SPLN21,tierA_p95,B cells,emt_ecm,N1,60.0,65.0,-0.0043420890459593174,-0.006389450976192685,-0.0020372423760377347
SPLN21,tierA_p95,B cells,emt_ecm,N1,65.0,70.0,-0.004640915455556003,-0.0070691109129878875,-0.0018396699779332283
SPLN21,tierA_p95,B cells,emt_ecm,N1,70.0,75.0,-0.005120621872146965,-0.008094212547293865,-0.0012637500041399528
SPLN21,tierA_p95,B cells,emt_ecm,N1,75.0,80.0,-0.005453344382380435,-0.00875121136767451,-0.0006503690153338215
SPLN21,tierA_p95,B cells,emt_ecm,N1,80.0,85.0,-0.005059878905874706,-0.009045535851536052,0.0013997499871038583
SPLN21,tierA_p95,B cells,emt_ecm,N1,85.0,90.0,-0.005071730648626453,-0.009536562390470257,0.004229791801966106
SPLN21,tierA_p95,B cells,emt_ecm,N1,90.0,95.0,-0.005512828556409978,-0.01001237511712437,0.005179999861866236
SPLN21,tierA_p95,B cells,emt_ecm,N1,95.0,100.0,-0.004958434697628742,-0.00825271888927091,-0.0004015930261396408
SPLN21,tierA_p95,B cells,il6_jak_stat3,N1,0.0,5.0,0.0038025215399683336,0.003283015929669918,0.0042825091239550184
SPLN21,tierA_p95,B cells,il6_jak_stat3,N1,5.0,10.0,0.003744036406140146,0.00349386130355134,0.004016323257477816
SPLN21,tierA_p95,B cells,il6_jak_stat3,N1,10.0,15.0,0.003806867430462758,0.0035646330387248838,0.0040518727470810695
SPLN21,tierA_p95,B cells,il6_jak_stat3,N1,15.0,20.0,0.0038855392049175876,0.0036170474053147683,0.004144431709055594
SPLN21,tierA_p95,B cells,il6_jak_stat3,N1,20.0,25.0,0.004012900483101872,0.003672974018527056,0.004334686214592058
SPLN21,tierA_p95,B cells,il6_jak_stat3,N1,25.0,30.0,0.004079848252865109,0.0036369164344087768,0.004489842911574306
SPLN21,tierA_p95,B cells,il6_jak_stat3,N1,30.0,35.0,0.004154327600245861,0.0036156511940931366,0.0047215643894055566
SPLN21,tierA_p95,B cells,il6_jak_stat3,N1,35.0,40.0,0.004239775257776028,0.00344351552386127,0.005097717733646546
SPLN21,tierA_p95,B cells,il6_jak_stat3,N1,40.0,45.0,0.004185101598860626,0.0030950477956312407,0.005318819045838548
SPLN21,tierA_p95,B cells,il6_jak_stat3,N1,45.0,50.0,0.004054498731142888,0.00243120533039776,0.005661148120580235
SPLN21,tierA_p95,B cells,il6_jak_stat3,N1,50.0,55.0,0.0036671523828358337,0.001722430830044479,0.005787993494700103
SPLN21,tierA_p95,B cells,il6_jak_stat3,N1,55.0,60.0,0.0037084059170745267,0.0010999048329622164,0.0065770207490998545
SPLN21,tierA_p95,B cells,il6_jak_stat3,N1,60.0,65.0,0.003155889904879172,-0.0006302960318999182,0.0070129751819149825
SPLN21,tierA_p95,B cells,il6_jak_stat3,N1,65.0,70.0,0.003479007538170579,-0.000983605009605526,0.0084637981664855
SPLN21,tierA_p95,B cells,il6_jak_stat3,N1,70.0,75.0,0.002480697905616217,-0.003327462485588815,0.008890162592579144
SPLN21,tierA_p95,B cells,il6_jak_stat3,N1,75.0,80.0,0.002107711274891476,-0.0041728249176715805,0.009690049906494087
SPLN21,tierA_p95,B cells,il6_jak_stat3,N1,80.0,85.0,0.0028023433924330887,-0.006929416603331144,0.013240000013805302
SPLN21,tierA_p95,B cells,il6_jak_stat3,N1,85.0,90.0,0.0013439816567551715,-0.009971041698008776,0.015222708190170426
SPLN21,tierA_p95,B cells,il6_jak_stat3,N1,90.0,95.0,0.0010460838652925665,-0.01165400012396276,0.017139999195933342
SPLN21,tierA_p95,B cells,il6_jak_stat3,N1,95.0,100.0,0.003117297623892393,-0.006729999906383455,0.00950957136339552
SPLN21,tierA_p95,B cells,interferon_response,N1,0.0,5.0,0.005570682591606143,0.005145956867757434,0.005999721728875437
SPLN21,tierA_p95,B cells,interferon_response,N1,5.0,10.0,0.005498337548070996,0.005267548898380922,0.005719938695697316
SPLN21,tierA_p95,B cells,interferon_response,N1,10.0,15.0,0.005522835940689621,0.005328961393998316,0.0057356726963077335
SPLN21,tierA_p95,B cells,interferon_response,N1,15.0,20.0,0.005634606309857238,0.005419926993364368,0.0058557242940326095
SPLN21,tierA_p95,B cells,interferon_response,N1,20.0,25.0,0.005696290349459679,0.0054344421408387255,0.005950190474452056
SPLN21,tierA_p95,B cells,interferon_response,N1,25.0,30.0,0.00584325411653296,0.005511725949796138,0.006194172952241796
SPLN21,tierA_p95,B cells,interferon_response,N1,30.0,35.0,0.0059558748538037914,0.005502426215783126,0.006393357533246833
SPLN21,tierA_p95,B cells,interferon_response,N1,35.0,40.0,0.006108824074767548,0.005441696062755993,0.006768402015246154
SPLN21,tierA_p95,B cells,interferon_response,N1,40.0,45.0,0.006227436004046405,0.0053165574093112155,0.007205665745887405
SPLN21,tierA_p95,B cells,interferon_response,N1,45.0,50.0,0.006319236950547316,0.004965283273130605,0.0075415418315972725
SPLN21,tierA_p95,B cells,interferon_response,N1,50.0,55.0,0.0063014207454642115,0.004587446865173053,0.008044241051711348
SPLN21,tierA_p95,B cells,interferon_response,N1,55.0,60.0,0.0065620882865535845,0.00420845305421981,0.009121254730096782
SPLN21,tierA_p95,B cells,interferon_response,N1,60.0,65.0,0.006345009454655811,0.003413069795053016,0.009296893328880668
SPLN21,tierA_p95,B cells,interferon_response,N1,65.0,70.0,0.006707882749678069,0.002793717496644409,0.010950194388329929
SPLN21,tierA_p95,B cells,interferon_response,N1,70.0,75.0,0.006651106555476515,0.0018269917693396565,0.011503946280377672
SPLN21,tierA_p95,B cells,interferon_response,N1,75.0,80.0,0.006366599732935188,0.00010545836339588278,0.013217534672326616
SPLN21,tierA_p95,B cells,interferon_response,N1,80.0,85.0,0.006575150550911987,-0.0023010834083834197,0.015394187303354555
SPLN21,tierA_p95,B cells,interferon_response,N1,85.0,90.0,0.006174134677104924,-0.004189999774098396,0.016193124756682664
SPLN21,tierA_p95,B cells,interferon_response,N1,90.0,95.0,0.0068632383754663176,-0.004516249851440079,0.01942099983571094
SPLN21,tierA_p95,B cells,interferon_response,N1,95.0,100.0,0.007655938951506899,0.0017165000346722082,0.01307142877215353
SPLN21,tierA_p95,B cells,oxidative_stress,N1,0.0,5.0,0.009868187754481495,0.008998915323027802,0.010729993975465086
SPLN21,tierA_p95,B cells,oxidative_stress,N1,5.0,10.0,0.010087709650999881,0.009649471710123139,0.010489471638533244
SPLN21,tierA_p95,B cells,oxidative_stress,N1,10.0,15.0,0.010103659053149477,0.00970374707905461,0.010469710709291844
SPLN21,tierA_p95,B cells,oxidative_stress,N1,15.0,20.0,0.010051915639137387,0.009596349106518355,0.010481176373464721
SPLN21,tierA_p95,B cells,oxidative_stress,N1,20.0,25.0,0.00997072016218231,0.009421189068042225,0.010475139024505292
SPLN21,tierA_p95,B cells,oxidative_stress,N1,25.0,30.0,0.009923709537289375,0.009224686244008812,0.01060102156525621
SPLN21,tierA_p95,B cells,oxidative_stress,N1,30.0,35.0,0.00985950690949021,0.008855197514345844,0.010872338738368558
SPLN21,tierA_p95,B cells,oxidative_stress,N1,35.0,40.0,0.009830492749487291,0.008583834244037932,0.011074441094349224
SPLN21,tierA_p95,B cells,oxidative_stress,N1,40.0,45.0,0.009704331847336881,0.007898405664924965,0.011499938117703863
SPLN21,tierA_p95,B cells,oxidative_stress,N1,45.0,50.0,0.00972107572043863,0.007228156129401559,0.012114732150713367
SPLN21,tierA_p95,B cells,oxidative_stress,N1,50.0,55.0,0.009762678544273729,0.006146780331012373,0.013256890486947701
SPLN21,tierA_p95,B cells,oxidative_stress,N1,55.0,60.0,0.009784073799000032,0.005096340280239625,0.014578027948270542
SPLN21,tierA_p95,B cells,oxidative_stress,N1,60.0,65.0,0.009931349987511532,0.003971095200040201,0.016673660512136264
SPLN21,tierA_p95,B cells,oxidative_stress,N1,65.0,70.0,0.009906501261639906,0.0021337033458871256,0.01762847582388741
SPLN21,tierA_p95,B cells,oxidative_stress,N1,70.0,75.0,0.009172738118343475,8.295008755643116e-05,0.019979853522901457
SPLN21,tierA_p95,B cells,oxidative_stress,N1,75.0,80.0,0.008653514855180885,-0.0030296563199954103,0.022102553747234716
SPLN21,tierA_p95,B cells,oxidative_stress,N1,80.0,85.0,0.007941703255252487,-0.007772499904967844,0.02678122491226531
SPLN21,tierA_p95,B cells,oxidative_stress,N1,85.0,90.0,0.009663166768829284,-0.008695833443198353,0.034067000298333976
SPLN21,tierA_p95,B cells,oxidative_stress,N1,90.0,95.0,0.008716023721898832,-0.009820000268518925,0.038020498875994214
SPLN21,tierA_p95,B cells,oxidative_stress,N1,95.0,100.0,0.008050794240593483,-0.0016443175660300305,0.02344020864984486
SPLN21,tierA_p95,B cells,secondary_senescence,N1,0.0,5.0,-0.0035244968238769907,-0.0037932163978129487,-0.0032584126491231533
SPLN21,tierA_p95,B cells,secondary_senescence,N1,5.0,10.0,-0.0036734960319171326,-0.003809590020903783,-0.0035362357552698657
SPLN21,tierA_p95,B cells,secondary_senescence,N1,10.0,15.0,-0.0036005028803964964,-0.003723253838587918,-0.0034778014388691914
SPLN21,tierA_p95,B cells,secondary_senescence,N1,15.0,20.0,-0.0035537401714511928,-0.0036864562687515885,-0.003417934232633777
SPLN21,tierA_p95,B cells,secondary_senescence,N1,20.0,25.0,-0.0034731127434860665,-0.0036416191957819284,-0.0032966544355766997
SPLN21,tierA_p95,B cells,secondary_senescence,N1,25.0,30.0,-0.0033921225628140437,-0.0036152451363853665,-0.0031575836337790156
SPLN21,tierA_p95,B cells,secondary_senescence,N1,30.0,35.0,-0.0033499015387574494,-0.0036475641892581793,-0.003053475656416849
SPLN21,tierA_p95,B cells,secondary_senescence,N1,35.0,40.0,-0.0032921029247785913,-0.0037067003442024494,-0.0028587710521280033
SPLN21,tierA_p95,B cells,secondary_senescence,N1,40.0,45.0,-0.0033558341997648807,-0.0039031633836690573,-0.0027199656301481025
SPLN21,tierA_p95,B cells,secondary_senescence,N1,45.0,50.0,-0.003424099055258675,-0.004235809840410256,-0.0025858026759492604
SPLN21,tierA_p95,B cells,secondary_senescence,N1,50.0,55.0,-0.003607980713258199,-0.004677921830026821,-0.00256181249337823
SPLN21,tierA_p95,B cells,secondary_senescence,N1,55.0,60.0,-0.003728196119763548,-0.005073654671956723,-0.0023234676626358876
SPLN21,tierA_p95,B cells,secondary_senescence,N1,60.0,65.0,-0.003967265239604219,-0.005518560567934676,-0.0020908355151307498
SPLN21,tierA_p95,B cells,secondary_senescence,N1,65.0,70.0,-0.004031137076133679,-0.006265670060640875,-0.0014657000568695374
SPLN21,tierA_p95,B cells,secondary_senescence,N1,70.0,75.0,-0.004280216532453593,-0.007084066587558482,-0.0005918039551364596
SPLN21,tierA_p95,B cells,secondary_senescence,N1,75.0,80.0,-0.004424196554238245,-0.0076539501443039625,-0.0003570500038040345
SPLN21,tierA_p95,B cells,secondary_senescence,N1,80.0,85.0,-0.004522882219794797,-0.008203758862301973,0.0011011140725375808
SPLN21,tierA_p95,B cells,secondary_senescence,N1,85.0,90.0,-0.004614518957403867,-0.009287500404752791,0.0021324999252101406
SPLN21,tierA_p95,B cells,secondary_senescence,N1,90.0,95.0,-0.005215750330240456,-0.009864124865271152,0.002570000011473894
SPLN21,tierA_p95,B cells,secondary_senescence,N1,95.0,100.0,-0.003813363146963163,-0.007016200100188144,-3.825002921162571e-05
SPLN21,tierA_p95,B cells,tnfa_nfkb_proximal,N1,0.0,5.0,0.0004990764749079453,0.00017441750976734697,0.0008298361385979545
SPLN21,tierA_p95,B cells,tnfa_nfkb_proximal,N1,5.0,10.0,0.00047986018839735965,0.00031527869178912636,0.0006500309286769007
SPLN21,tierA_p95,B cells,tnfa_nfkb_proximal,N1,10.0,15.0,0.0004877503668934178,0.00032385912204306046,0.0006490136556931148
SPLN21,tierA_p95,B cells,tnfa_nfkb_proximal,N1,15.0,20.0,0.0005233135570871925,0.00034745802959111085,0.0007083887475679399
SPLN21,tierA_p95,B cells,tnfa_nfkb_proximal,N1,20.0,25.0,0.0005508655497482417,0.000350954847166737,0.0007563347488653802
SPLN21,tierA_p95,B cells,tnfa_nfkb_proximal,N1,25.0,30.0,0.0005839181941053415,0.00032123771836234345,0.0008566687513792903
SPLN21,tierA_p95,B cells,tnfa_nfkb_proximal,N1,30.0,35.0,0.0005765163920759673,0.0002190001211261897,0.000920762328053534
SPLN21,tierA_p95,B cells,tnfa_nfkb_proximal,N1,35.0,40.0,0.0005957936582207407,0.00011900850009059377,0.0011072847517512507
SPLN21,tierA_p95,B cells,tnfa_nfkb_proximal,N1,40.0,45.0,0.0005321018135940052,-0.00015072118144107303,0.001257818477825085
SPLN21,tierA_p95,B cells,tnfa_nfkb_proximal,N1,45.0,50.0,0.0004507321742771767,-0.0005494084980012449,0.0014713771832515936
SPLN21,tierA_p95,B cells,tnfa_nfkb_proximal,N1,50.0,55.0,0.00027133325935116637,-0.0009670849350754588,0.0016105808410571399
SPLN21,tierA_p95,B cells,tnfa_nfkb_proximal,N1,55.0,60.0,0.0002791748732769526,-0.0014975924823096187,0.0019809738295163003
SPLN21,tierA_p95,B cells,tnfa_nfkb_proximal,N1,60.0,65.0,0.00017108212168752507,-0.0019829476012923155,0.0024041506705636995
SPLN21,tierA_p95,B cells,tnfa_nfkb_proximal,N1,65.0,70.0,0.00018854388195727994,-0.002765499947236094,0.0030826221121680476
SPLN21,tierA_p95,B cells,tnfa_nfkb_proximal,N1,70.0,75.0,-1.632581096107319e-05,-0.0036678452295745953,0.0038694124922130846
SPLN21,tierA_p95,B cells,tnfa_nfkb_proximal,N1,75.0,80.0,0.00026488657166437056,-0.004223083295073593,0.005480821408938416
SPLN21,tierA_p95,B cells,tnfa_nfkb_proximal,N1,80.0,85.0,8.987841338802849e-05,-0.005634699977272248,0.006742700042086653
SPLN21,tierA_p95,B cells,tnfa_nfkb_proximal,N1,85.0,90.0,-2.1809838733491548e-05,-0.006549374869791791,0.0076500000432133675
SPLN21,tierA_p95,B cells,tnfa_nfkb_proximal,N1,90.0,95.0,-0.00036204199098293174,-0.007291083390979717,0.00898191639959501
SPLN21,tierA_p95,B cells,tnfa_nfkb_proximal,N1,95.0,100.0,0.0009154850869952515,-0.0027392445214920575,0.004859062568357329
SPLN21,tierA_p95,B cells,downstream_arrest,N3,0.0,5.0,0.004758739941881856,0.003963175458718557,0.0053268586197269
SPLN21,tierA_p95,B cells,downstream_arrest,N3,5.0,10.0,0.004735477490482934,0.0040566517585109265,0.005202794857763382
SPLN21,tierA_p95,B cells,downstream_arrest,N3,10.0,15.0,0.004734353645455713,0.0040560482667223565,0.005162721139912009
SPLN21,tierA_p95,B cells,downstream_arrest,N3,15.0,20.0,0.004731398237549249,0.004098378784165361,0.005141016498741723
SPLN21,tierA_p95,B cells,downstream_arrest,N3,20.0,25.0,0.004736293545847096,0.004091075876506233,0.005144862417926705
SPLN21,tierA_p95,B cells,downstream_arrest,N3,25.0,30.0,0.0047426429009609005,0.0040662126807995335,0.005157631373016306
SPLN21,tierA_p95,B cells,downstream_arrest,N3,30.0,35.0,0.004754331537736256,0.004111768296189958,0.005179827160209436
SPLN21,tierA_p95,B cells,downstream_arrest,N3,35.0,40.0,0.004760434979722252,0.004091245623721593,0.0052628208692206985
SPLN21,tierA_p95,B cells,downstream_arrest,N3,40.0,45.0,0.004749829545120851,0.0040290708417302186,0.005303863445485962
SPLN21,tierA_p95,B cells,downstream_arrest,N3,45.0,50.0,0.0047470503500585464,0.0039820486559583685,0.005417144761570786
SPLN21,tierA_p95,B cells,downstream_arrest,N3,50.0,55.0,0.004724943096007054,0.0039003889510229746,0.005459235755747997
SPLN21,tierA_p95,B cells,downstream_arrest,N3,55.0,60.0,0.004665958789481175,0.0036537116243284215,0.00553743710419744
SPLN21,tierA_p95,B cells,downstream_arrest,N3,60.0,65.0,0.00468117027099615,0.0034348585608839992,0.005713989448130499
SPLN21,tierA_p95,B cells,downstream_arrest,N3,65.0,70.0,0.004648864883910294,0.0031923579532248197,0.005802737897114802
SPLN21,tierA_p95,B cells,downstream_arrest,N3,70.0,75.0,0.004639872752769545,0.0031730284984660094,0.005782024995101461
SPLN21,tierA_p95,B cells,downstream_arrest,N3,75.0,80.0,0.004672746831511465,0.0032886209226665416,0.00590586514690508
SPLN21,tierA_p95,B cells,downstream_arrest,N3,80.0,85.0,0.004639469220572167,0.0030438883226098735,0.005933769877903708
SPLN21,tierA_p95,B cells,downstream_arrest,N3,85.0,90.0,0.004641464516761879,0.0031314860872724763,0.005895882678053942
SPLN21,tierA_p95,B cells,downstream_arrest,N3,90.0,95.0,0.0046251973459367724,0.003070889239283932,0.005956654799295906
SPLN21,tierA_p95,B cells,downstream_arrest,N3,95.0,100.0,0.004567952519099519,0.0031552746693640295,0.005357485215646245
SPLN21,tierA_p95,B cells,emt_ecm,N3,0.0,5.0,-0.003226635266589994,-0.004028841371234588,-0.002121812466554041
SPLN21,tierA_p95,B cells,emt_ecm,N3,5.0,10.0,-0.0032281356704537455,-0.003929466698746978,-0.002286671548539724
SPLN21,tierA_p95,B cells,emt_ecm,N3,10.0,15.0,-0.0032305340160804085,-0.0038576906498524826,-0.002285893385275856
SPLN21,tierA_p95,B cells,emt_ecm,N3,15.0,20.0,-0.0032310687543338776,-0.003867095490445978,-0.0023486315247717156
SPLN21,tierA_p95,B cells,emt_ecm,N3,20.0,25.0,-0.00324163221985563,-0.0038749553119268904,-0.002337860932290593
SPLN21,tierA_p95,B cells,emt_ecm,N3,25.0,30.0,-0.0032437153405638556,-0.003846516414321471,-0.0022836235415331207
SPLN21,tierA_p95,B cells,emt_ecm,N3,30.0,35.0,-0.003243519490922755,-0.003892762327198095,-0.002250467608529229
SPLN21,tierA_p95,B cells,emt_ecm,N3,35.0,40.0,-0.0032413146049695366,-0.0038667389570595876,-0.002263592314472872
SPLN21,tierA_p95,B cells,emt_ecm,N3,40.0,45.0,-0.0032395247790844035,-0.004040309362651545,-0.0021530135538980655
SPLN21,tierA_p95,B cells,emt_ecm,N3,45.0,50.0,-0.003240082991632775,-0.004180022411991328,-0.0021034800017086038
SPLN21,tierA_p95,B cells,emt_ecm,N3,50.0,55.0,-0.0032000253229418495,-0.004256841946511012,-0.0017903833016481962
SPLN21,tierA_p95,B cells,emt_ecm,N3,55.0,60.0,-0.0031574145134924533,-0.004424608138739341,-0.0016609857206505393
SPLN21,tierA_p95,B cells,emt_ecm,N3,60.0,65.0,-0.0031542688059444726,-0.004480160254636064,-0.0015894653263592957
SPLN21,tierA_p95,B cells,emt_ecm,N3,65.0,70.0,-0.0031541138543673226,-0.004594304923989798,-0.0013177035409342255
SPLN21,tierA_p95,B cells,emt_ecm,N3,70.0,75.0,-0.003078688243716019,-0.004565180583049871,-0.001002738368701508
SPLN21,tierA_p95,B cells,emt_ecm,N3,75.0,80.0,-0.003132343894990929,-0.004736169634297469,-0.0010206427764413134
SPLN21,tierA_p95,B cells,emt_ecm,N3,80.0,85.0,-0.00312936801585091,-0.004730716902316932,-0.0009380551217116653
SPLN21,tierA_p95,B cells,emt_ecm,N3,85.0,90.0,-0.0030876668210805683,-0.00469177263474462,-0.000811940270952381
SPLN21,tierA_p95,B cells,emt_ecm,N3,90.0,95.0,-0.0030753394050097886,-0.00484197414461489,-0.0007702031487967176
SPLN21,tierA_p95,B cells,emt_ecm,N3,95.0,100.0,-0.003085069478044508,-0.0043643984431536,-0.0016951978227219828
SPLN21,tierA_p95,B cells,il6_jak_stat3,N3,0.0,5.0,0.003920274424931373,0.003091610390329508,0.004957205081630849
SPLN21,tierA_p95,B cells,il6_jak_stat3,N3,5.0,10.0,0.0039300553403374275,0.0033976281571934997,0.0045736591343375045
SPLN21,tierA_p95,B cells,il6_jak_stat3,N3,10.0,15.0,0.003924425036802831,0.003474366710711535,0.004550377426984974
SPLN21,tierA_p95,B cells,il6_jak_stat3,N3,15.0,20.0,0.003929862873913104,0.003477375472223829,0.0045423312973413045
SPLN21,tierA_p95,B cells,il6_jak_stat3,N3,20.0,25.0,0.00391390704928459,0.0034370597195761046,0.004538941728414534
SPLN21,tierA_p95,B cells,il6_jak_stat3,N3,25.0,30.0,0.0039061565317366057,0.0033992654366374574,0.004591809593748514
SPLN21,tierA_p95,B cells,il6_jak_stat3,N3,30.0,35.0,0.003908015861894296,0.003315989563421347,0.004592485274826076
SPLN21,tierA_p95,B cells,il6_jak_stat3,N3,35.0,40.0,0.003923550222120218,0.0032019365210073513,0.004673799060359858
SPLN21,tierA_p95,B cells,il6_jak_stat3,N3,40.0,45.0,0.003924787073928839,0.0030614877218068464,0.004874710918228057
SPLN21,tierA_p95,B cells,il6_jak_stat3,N3,45.0,50.0,0.003925864230223328,0.002958991705376803,0.004962640454966965
SPLN21,tierA_p95,B cells,il6_jak_stat3,N3,50.0,55.0,0.003932464365729571,0.002760966040658237,0.005324977531519089
SPLN21,tierA_p95,B cells,il6_jak_stat3,N3,55.0,60.0,0.00397323482534637,0.00259333602666801,0.00567952382166706
SPLN21,tierA_p95,B cells,il6_jak_stat3,N3,60.0,65.0,0.003996384142735002,0.0024337401663468415,0.005843574214501594
SPLN21,tierA_p95,B cells,il6_jak_stat3,N3,65.0,70.0,0.0040283452508781846,0.0023431287669613914,0.006047233793480253
SPLN21,tierA_p95,B cells,il6_jak_stat3,N3,70.0,75.0,0.003974777548035282,0.002309756797260559,0.006129490540600165
SPLN21,tierA_p95,B cells,il6_jak_stat3,N3,75.0,80.0,0.003997628369082148,0.002129628236017563,0.006340439873499686
SPLN21,tierA_p95,B cells,il6_jak_stat3,N3,80.0,85.0,0.004059145374076392,0.0022120622980346424,0.006406753088539713
SPLN21,tierA_p95,B cells,il6_jak_stat3,N3,85.0,90.0,0.004006514329214343,0.0018880735353183206,0.006240182357016831
SPLN21,tierA_p95,B cells,il6_jak_stat3,N3,90.0,95.0,0.004012367156192789,0.002015879718493088,0.006388381199484208
SPLN21,tierA_p95,B cells,il6_jak_stat3,N3,95.0,100.0,0.0040674928464657254,0.0033568881391436442,0.00493872851512648
SPLN21,tierA_p95,B cells,interferon_response,N3,0.0,5.0,0.005684421987855791,0.004864666311436891,0.006708867025776134
SPLN21,tierA_p95,B cells,interferon_response,N3,5.0,10.0,0.0057033822698211644,0.005091643255346324,0.006519698077864342
SPLN21,tierA_p95,B cells,interferon_response,N3,10.0,15.0,0.005688761627458708,0.0051231315810568254,0.0064882261638544644
SPLN21,tierA_p95,B cells,interferon_response,N3,15.0,20.0,0.005692106010379556,0.005147113921496594,0.006423060070349147
SPLN21,tierA_p95,B cells,interferon_response,N3,20.0,25.0,0.0056854950684450305,0.005169709119929551,0.006418457866442497
SPLN21,tierA_p95,B cells,interferon_response,N3,25.0,30.0,0.005678792439047415,0.005147330575694876,0.006398131140694443
SPLN21,tierA_p95,B cells,interferon_response,N3,30.0,35.0,0.005666517147240549,0.00509025527440767,0.006403653185266872
SPLN21,tierA_p95,B cells,interferon_response,N3,35.0,40.0,0.005674830345507681,0.005036608688793973,0.006387299104916824
SPLN21,tierA_p95,B cells,interferon_response,N3,40.0,45.0,0.005686692585046112,0.004955182180654225,0.006479534317805276
SPLN21,tierA_p95,B cells,interferon_response,N3,45.0,50.0,0.0056676230385665416,0.004817580363915774,0.006597449743732006
SPLN21,tierA_p95,B cells,interferon_response,N3,50.0,55.0,0.005697327979005994,0.004617321572003576,0.006856887009086302
SPLN21,tierA_p95,B cells,interferon_response,N3,55.0,60.0,0.005755782601507125,0.0045760020001287495,0.007170648063080101
SPLN21,tierA_p95,B cells,interferon_response,N3,60.0,65.0,0.005745113886670806,0.004345883277167793,0.007397351109849895
SPLN21,tierA_p95,B cells,interferon_response,N3,65.0,70.0,0.0057972050845048325,0.004206532489790536,0.007782130581421594
SPLN21,tierA_p95,B cells,interferon_response,N3,70.0,75.0,0.005795774943556091,0.004224332904863113,0.007847218096918195
SPLN21,tierA_p95,B cells,interferon_response,N3,75.0,80.0,0.005805844039984579,0.004143123308534297,0.008018884570777103
SPLN21,tierA_p95,B cells,interferon_response,N3,80.0,85.0,0.005834476073735692,0.004092326246335257,0.008225257037076588
SPLN21,tierA_p95,B cells,interferon_response,N3,85.0,90.0,0.005836924490195578,0.004025313757752886,0.008351071008495817
SPLN21,tierA_p95,B cells,interferon_response,N3,90.0,95.0,0.005844041510599117,0.003933496400778068,0.008414967359050398
SPLN21,tierA_p95,B cells,interferon_response,N3,95.0,100.0,0.005990142552252179,0.0048556479948544005,0.00792007851124752
SPLN21,tierA_p95,B cells,oxidative_stress,N3,0.0,5.0,0.009977295594947562,0.008675436559538589,0.011353865049380218
SPLN21,tierA_p95,B cells,oxidative_stress,N3,5.0,10.0,0.009985739896025823,0.009104523983565645,0.01086063681433415
SPLN21,tierA_p95,B cells,oxidative_stress,N3,10.0,15.0,0.009983813257180571,0.009190353022097138,0.01076016825358923
SPLN21,tierA_p95,B cells,oxidative_stress,N3,15.0,20.0,0.009996060190562851,0.009305337008332958,0.010709557193888351
SPLN21,tierA_p95,B cells,oxidative_stress,N3,20.0,25.0,0.010004588179273785,0.009234386846930965,0.010803231374591864
SPLN21,tierA_p95,B cells,oxidative_stress,N3,25.0,30.0,0.009992497202224391,0.009158869146242263,0.0107934596169417
SPLN21,tierA_p95,B cells,oxidative_stress,N3,30.0,35.0,0.010015609500939217,0.00905161526190749,0.010977862004574502
SPLN21,tierA_p95,B cells,oxidative_stress,N3,35.0,40.0,0.00999045478825455,0.00883691734859278,0.011099482706376352
SPLN21,tierA_p95,B cells,oxidative_stress,N3,40.0,45.0,0.010018731928572116,0.008679109990017213,0.01138575092326987
SPLN21,tierA_p95,B cells,oxidative_stress,N3,45.0,50.0,0.009994622871082852,0.008229114283497263,0.0118027949180904
SPLN21,tierA_p95,B cells,oxidative_stress,N3,50.0,55.0,0.010049070471134425,0.008189988636691676,0.011956903619721843
SPLN21,tierA_p95,B cells,oxidative_stress,N3,55.0,60.0,0.009957396540977692,0.007564202351247784,0.01217741786160722
SPLN21,tierA_p95,B cells,oxidative_stress,N3,60.0,65.0,0.01005031503823436,0.007484187741453218,0.012616242211012594
SPLN21,tierA_p95,B cells,oxidative_stress,N3,65.0,70.0,0.009973352296500202,0.006870754693427207,0.012817835553980908
SPLN21,tierA_p95,B cells,oxidative_stress,N3,70.0,75.0,0.009997057206283423,0.0072274238398083715,0.012936831874809863
SPLN21,tierA_p95,B cells,oxidative_stress,N3,75.0,80.0,0.00995419914863406,0.006867904422786539,0.012875655810090723
SPLN21,tierA_p95,B cells,oxidative_stress,N3,80.0,85.0,0.00994486048696244,0.0068076347004999635,0.012998173524543138
SPLN21,tierA_p95,B cells,oxidative_stress,N3,85.0,90.0,0.009946577523652848,0.00668447308279734,0.01342203155583905
SPLN21,tierA_p95,B cells,oxidative_stress,N3,90.0,95.0,0.010020240115123478,0.006571888102487449,0.013501088055045051
SPLN21,tierA_p95,B cells,oxidative_stress,N3,95.0,100.0,0.009994068298408796,0.009019645267690621,0.010963943825817819
SPLN21,tierA_p95,B cells,secondary_senescence,N3,0.0,5.0,-0.0035145921819707535,-0.003995777122636545,-0.002930771596324626
SPLN21,tierA_p95,B cells,secondary_senescence,N3,5.0,10.0,-0.0035198072930489916,-0.003887026949729723,-0.003081227398961124
SPLN21,tierA_p95,B cells,secondary_senescence,N3,10.0,15.0,-0.0035166429109053147,-0.0038534991487489865,-0.003091718754342024
SPLN21,tierA_p95,B cells,secondary_senescence,N3,15.0,20.0,-0.003518975941535045,-0.003855097563767892,-0.0031093241126864497
SPLN21,tierA_p95,B cells,secondary_senescence,N3,20.0,25.0,-0.003522861194573554,-0.0038602319162914372,-0.0031151589839560558
SPLN21,tierA_p95,B cells,secondary_senescence,N3,25.0,30.0,-0.003527059077619714,-0.0038650724262668666,-0.003090292468845271
SPLN21,tierA_p95,B cells,secondary_senescence,N3,30.0,35.0,-0.003531501619234779,-0.003906937496195607,-0.003099551296385083
SPLN21,tierA_p95,B cells,secondary_senescence,N3,35.0,40.0,-0.003524332186052192,-0.003932534887290397,-0.003048264982145783
SPLN21,tierA_p95,B cells,secondary_senescence,N3,40.0,45.0,-0.003524216336202924,-0.003994172978157063,-0.002969336006846004
SPLN21,tierA_p95,B cells,secondary_senescence,N3,45.0,50.0,-0.003522670857030391,-0.004089791715171788,-0.002879971341918509
SPLN21,tierA_p95,B cells,secondary_senescence,N3,50.0,55.0,-0.003512562765380601,-0.004167077089259959,-0.0027815675750550413
SPLN21,tierA_p95,B cells,secondary_senescence,N3,55.0,60.0,-0.003480688610529949,-0.004242581167819256,-0.002573342899390544
SPLN21,tierA_p95,B cells,secondary_senescence,N3,60.0,65.0,-0.0034821017976600305,-0.004309921783881389,-0.0025016163837514207
SPLN21,tierA_p95,B cells,secondary_senescence,N3,65.0,70.0,-0.003496959684636346,-0.004438176675420896,-0.002405870371598154
SPLN21,tierA_p95,B cells,secondary_senescence,N3,70.0,75.0,-0.003451863174883211,-0.0044876519633260566,-0.002240349240353394
SPLN21,tierA_p95,B cells,secondary_senescence,N3,75.0,80.0,-0.0034759690484190246,-0.004446182484447652,-0.0022897824626804484
SPLN21,tierA_p95,B cells,secondary_senescence,N3,80.0,85.0,-0.0034429931080044475,-0.0044573902923902495,-0.0020581085835729334
SPLN21,tierA_p95,B cells,secondary_senescence,N3,85.0,90.0,-0.0034618564861871206,-0.004559605527206579,-0.0022024308407304085
SPLN21,tierA_p95,B cells,secondary_senescence,N3,90.0,95.0,-0.0034489802533274605,-0.004588159712327044,-0.002053445108483041
SPLN21,tierA_p95,B cells,secondary_senescence,N3,95.0,100.0,-0.003492897670312351,-0.004175188111076334,-0.002713842737891773
SPLN21,tierA_p95,B cells,tnfa_nfkb_proximal,N3,0.0,5.0,0.0005301172063719715,2.2365862701050757e-05,0.0010726657404541956
SPLN21,tierA_p95,B cells,tnfa_nfkb_proximal,N3,5.0,10.0,0.0005236153077417917,0.00021880211839453564,0.0008735996584871029
SPLN21,tierA_p95,B cells,tnfa_nfkb_proximal,N3,10.0,15.0,0.0005203135628952758,0.00024278523300430552,0.0008309798947976302
SPLN21,tierA_p95,B cells,tnfa_nfkb_proximal,N3,15.0,20.0,0.0005222523741243684,0.0002757141931204405,0.0008299125448771337
SPLN21,tierA_p95,B cells,tnfa_nfkb_proximal,N3,20.0,25.0,0.0005166779392485858,0.00023924352536573902,0.0008129384872362522
SPLN21,tierA_p95,B cells,tnfa_nfkb_proximal,N3,25.0,30.0,0.0005254912345176692,0.00020857612443434743,0.0008520567523239919
SPLN21,tierA_p95,B cells,tnfa_nfkb_proximal,N3,30.0,35.0,0.0005178001275042181,0.00018241934298957242,0.0008863136601279217
SPLN21,tierA_p95,B cells,tnfa_nfkb_proximal,N3,35.0,40.0,0.0005171389204362541,0.00010715566219837994,0.0009637213721582725
SPLN21,tierA_p95,B cells,tnfa_nfkb_proximal,N3,40.0,45.0,0.0005208871246109966,3.0625205332289765e-05,0.0010685572258223531
SPLN21,tierA_p95,B cells,tnfa_nfkb_proximal,N3,45.0,50.0,0.0005341128853139136,-0.00011126359978257286,0.0012429572049015175
SPLN21,tierA_p95,B cells,tnfa_nfkb_proximal,N3,50.0,55.0,0.0005328378264287602,-0.00019571383452632107,0.0012825346189778515
SPLN21,tierA_p95,B cells,tnfa_nfkb_proximal,N3,55.0,60.0,0.0005259639917617942,-0.00025581437370915725,0.0014533599350659817
SPLN21,tierA_p95,B cells,tnfa_nfkb_proximal,N3,60.0,65.0,0.0005650642778175686,-0.00035446834663484326,0.001620728800155501
SPLN21,tierA_p95,B cells,tnfa_nfkb_proximal,N3,65.0,70.0,0.0005653576537487532,-0.00047844378545685564,0.0016915737535218107
SPLN21,tierA_p95,B cells,tnfa_nfkb_proximal,N3,70.0,75.0,0.0005427692183447394,-0.0005705547631651402,0.0017752238169089234
SPLN21,tierA_p95,B cells,tnfa_nfkb_proximal,N3,75.0,80.0,0.0005308997885664521,-0.0005607529963074718,0.0017287263739128888
SPLN21,tierA_p95,B cells,tnfa_nfkb_proximal,N3,80.0,85.0,0.0005518594365886344,-0.0005926625515412305,0.0017333881522331286
SPLN21,tierA_p95,B cells,tnfa_nfkb_proximal,N3,85.0,90.0,0.0005726019466967303,-0.000571510760710889,0.001936855504718809
SPLN21,tierA_p95,B cells,tnfa_nfkb_proximal,N3,90.0,95.0,0.0005455331889414507,-0.0007759527142762665,0.0019266449130920617
SPLN21,tierA_p95,B cells,tnfa_nfkb_proximal,N3,95.0,100.0,0.0005528820114198221,0.000257671364541213,0.000862269681093923
SPLN21,tierA_p95,B cells,downstream_arrest,N4,0.0,5.0,0.0047636757110781115,0.004317467022133612,0.005191141829738495
SPLN21,tierA_p95,B cells,downstream_arrest,N4,5.0,10.0,0.0047641321123965095,0.004467813845768164,0.00504577225080702
SPLN21,tierA_p95,B cells,downstream_arrest,N4,10.0,15.0,0.004760545435680487,0.0045209328803239536,0.004982552082312023
SPLN21,tierA_p95,B cells,downstream_arrest,N4,15.0,20.0,0.004765469463818676,0.00453371327591895,0.0049785392000613014
SPLN21,tierA_p95,B cells,downstream_arrest,N4,20.0,25.0,0.004754176798407337,0.00451050193542324,0.004990599591155974
SPLN21,tierA_p95,B cells,downstream_arrest,N4,25.0,30.0,0.004759454065853728,0.004462387626508463,0.005050674959403324
SPLN21,tierA_p95,B cells,downstream_arrest,N4,30.0,35.0,0.00477483503575622,0.004396486248898411,0.005125066592206471
SPLN21,tierA_p95,B cells,downstream_arrest,N4,35.0,40.0,0.004787636085523724,0.004323671184406497,0.005246234885313439
SPLN21,tierA_p95,B cells,downstream_arrest,N4,40.0,45.0,0.004806334645989793,0.004266704055282447,0.0053349038237570645
SPLN21,tierA_p95,B cells,downstream_arrest,N4,45.0,50.0,0.00484050349558638,0.004160223109545318,0.0054880254235692896
SPLN21,tierA_p95,B cells,downstream_arrest,N4,50.0,55.0,0.004828075252300446,0.003999174747426898,0.005623014569876671
SPLN21,tierA_p95,B cells,downstream_arrest,N4,55.0,60.0,0.004827543058693655,0.003741473851468062,0.005623798903235866
SPLN21,tierA_p95,B cells,downstream_arrest,N4,60.0,65.0,0.004873565324529891,0.003683180081705304,0.005955900841353476
SPLN21,tierA_p95,B cells,downstream_arrest,N4,65.0,70.0,0.004843402077183674,0.003313761278021528,0.006074709287843508
SPLN21,tierA_p95,B cells,downstream_arrest,N4,70.0,75.0,0.004862319997433133,0.0033217213210889164,0.006097022629793854
SPLN21,tierA_p95,B cells,downstream_arrest,N4,75.0,80.0,0.0048974366602703425,0.003028917104305766,0.006213260157630522
SPLN21,tierA_p95,B cells,downstream_arrest,N4,80.0,85.0,0.004862572294461559,0.0031160056032522084,0.006242482726100453
SPLN21,tierA_p95,B cells,downstream_arrest,N4,85.0,90.0,0.004856394917135575,0.0029125517414371996,0.006347749219755064
SPLN21,tierA_p95,B cells,downstream_arrest,N4,90.0,95.0,0.004843445287609925,0.002801287547379336,0.006365687439271221
SPLN21,tierA_p95,B cells,downstream_arrest,N4,95.0,100.0,0.004642121351552413,0.0036779240689894617,0.0056892839410849555
SPLN21,tierA_p95,B cells,emt_ecm,N4,0.0,5.0,-0.003095684803528426,-0.0036822266668139056,-0.0024462967956828522
SPLN21,tierA_p95,B cells,emt_ecm,N4,5.0,10.0,-0.00308863342754468,-0.003540508125493005,-0.002575253948036663
SPLN21,tierA_p95,B cells,emt_ecm,N4,10.0,15.0,-0.003069275243981773,-0.003449603664223053,-0.002531589389249641
SPLN21,tierA_p95,B cells,emt_ecm,N4,15.0,20.0,-0.0030755827991470084,-0.00340309916172751,-0.0025288978788204977
SPLN21,tierA_p95,B cells,emt_ecm,N4,20.0,25.0,-0.00308651383808511,-0.003439049146636233,-0.0025257481188577166
SPLN21,tierA_p95,B cells,emt_ecm,N4,25.0,30.0,-0.003096591710372236,-0.003488490292794905,-0.002472033971460218
SPLN21,tierA_p95,B cells,emt_ecm,N4,30.0,35.0,-0.003135751899820349,-0.0035633716219549733,-0.00257719156488586
SPLN21,tierA_p95,B cells,emt_ecm,N4,35.0,40.0,-0.0032063756750086284,-0.003695174741529776,-0.002623388814955063
SPLN21,tierA_p95,B cells,emt_ecm,N4,40.0,45.0,-0.003278943092392277,-0.003906456981798016,-0.0025467173872524723
SPLN21,tierA_p95,B cells,emt_ecm,N4,45.0,50.0,-0.003378286889916077,-0.004177354734449257,-0.0024738884399743894
SPLN21,tierA_p95,B cells,emt_ecm,N4,50.0,55.0,-0.0034895072105134758,-0.004411113031790529,-0.002480190589834321
SPLN21,tierA_p95,B cells,emt_ecm,N4,55.0,60.0,-0.003565879999259288,-0.004782848775851256,-0.00209601248929248
SPLN21,tierA_p95,B cells,emt_ecm,N4,60.0,65.0,-0.0036341180872921067,-0.004875278368611268,-0.0019978259088447134
SPLN21,tierA_p95,B cells,emt_ecm,N4,65.0,70.0,-0.003721833524745837,-0.004976851454233021,-0.002169581958937922
SPLN21,tierA_p95,B cells,emt_ecm,N4,70.0,75.0,-0.003778145080844581,-0.005082617327586778,-0.0019821306954344487
SPLN21,tierA_p95,B cells,emt_ecm,N4,75.0,80.0,-0.0038302444391515463,-0.0052961007703907804,-0.0016885912717418891
SPLN21,tierA_p95,B cells,emt_ecm,N4,80.0,85.0,-0.0038480720191669793,-0.005562413863991843,-0.0017235631627515288
SPLN21,tierA_p95,B cells,emt_ecm,N4,85.0,90.0,-0.0038747158259102863,-0.005506714311392259,-0.0017019852728944723
SPLN21,tierA_p95,B cells,emt_ecm,N4,90.0,95.0,-0.00385075336586382,-0.00551953231353684,-0.0015111849286894147
SPLN21,tierA_p95,B cells,emt_ecm,N4,95.0,100.0,-0.003906818834009482,-0.00458010164663676,-0.002969788933855476
SPLN21,tierA_p95,B cells,il6_jak_stat3,N4,0.0,5.0,0.003957163996399845,0.0032804653208823712,0.004768737418544515
SPLN21,tierA_p95,B cells,il6_jak_stat3,N4,5.0,10.0,0.00393381374050114,0.003502460794515439,0.004390145776278454
SPLN21,tierA_p95,B cells,il6_jak_stat3,N4,10.0,15.0,0.003935523637761285,0.003564398965079529,0.00434486081288135
SPLN21,tierA_p95,B cells,il6_jak_stat3,N4,15.0,20.0,0.003949817191333121,0.0035805944088315956,0.004329467557425718
SPLN21,tierA_p95,B cells,il6_jak_stat3,N4,20.0,25.0,0.003933074509685132,0.0035594337280336684,0.004314295131601702
SPLN21,tierA_p95,B cells,il6_jak_stat3,N4,25.0,30.0,0.003942335734094623,0.003517223176218809,0.004439726395969375
SPLN21,tierA_p95,B cells,il6_jak_stat3,N4,30.0,35.0,0.003918725372876929,0.0033975546151677476,0.004478559448447787
SPLN21,tierA_p95,B cells,il6_jak_stat3,N4,35.0,40.0,0.003903871193831035,0.0032764825696186425,0.004629767633275269
SPLN21,tierA_p95,B cells,il6_jak_stat3,N4,40.0,45.0,0.0038731687692622526,0.003087786470144014,0.004611834519938639
SPLN21,tierA_p95,B cells,il6_jak_stat3,N4,45.0,50.0,0.0038455788095083125,0.0029547541563803652,0.004861576310528396
SPLN21,tierA_p95,B cells,il6_jak_stat3,N4,50.0,55.0,0.003845479654659082,0.0027520847407880855,0.005099337767382207
SPLN21,tierA_p95,B cells,il6_jak_stat3,N4,55.0,60.0,0.003881283988937657,0.002479778134255733,0.00556224812020672
SPLN21,tierA_p95,B cells,il6_jak_stat3,N4,60.0,65.0,0.003871693379438522,0.0022354741305317736,0.005715923384075487
SPLN21,tierA_p95,B cells,il6_jak_stat3,N4,65.0,70.0,0.0038015816078797076,0.002075904240227745,0.005863236906617829
SPLN21,tierA_p95,B cells,il6_jak_stat3,N4,70.0,75.0,0.0038674088512067055,0.0019048581739393902,0.006023725364440618
SPLN21,tierA_p95,B cells,il6_jak_stat3,N4,75.0,80.0,0.0037894048885159116,0.0019353691186910617,0.006189818632964149
SPLN21,tierA_p95,B cells,il6_jak_stat3,N4,80.0,85.0,0.0038273986344474985,0.0018074549406976613,0.006134542098661378
SPLN21,tierA_p95,B cells,il6_jak_stat3,N4,85.0,90.0,0.003786811349879736,0.0013513326163565238,0.006376112385000598
SPLN21,tierA_p95,B cells,il6_jak_stat3,N4,90.0,95.0,0.003767667604710336,0.0017366495372898585,0.006331684488496155
SPLN21,tierA_p95,B cells,il6_jak_stat3,N4,95.0,100.0,0.003957286467561501,0.0030192778037250465,0.004889542864345063
SPLN21,tierA_p95,B cells,interferon_response,N4,0.0,5.0,0.005436928415040055,0.004832468112858526,0.006044204299805437
SPLN21,tierA_p95,B cells,interferon_response,N4,5.0,10.0,0.005451629515303878,0.005127939720955679,0.005806811611398726
SPLN21,tierA_p95,B cells,interferon_response,N4,10.0,15.0,0.005442482483264673,0.005144744109912663,0.005717529946729745
SPLN21,tierA_p95,B cells,interferon_response,N4,15.0,20.0,0.005442543760639803,0.005123135078562454,0.005719013221768245
SPLN21,tierA_p95,B cells,interferon_response,N4,20.0,25.0,0.005441739314476202,0.005113140325914986,0.005759838585074
SPLN21,tierA_p95,B cells,interferon_response,N4,25.0,30.0,0.005452023930319174,0.00504818506443765,0.005845649067255493
SPLN21,tierA_p95,B cells,interferon_response,N4,30.0,35.0,0.005453295290369548,0.004933972549026262,0.0059899989860852446
SPLN21,tierA_p95,B cells,interferon_response,N4,35.0,40.0,0.0054907286132694745,0.004882462656740787,0.006212458406367372
SPLN21,tierA_p95,B cells,interferon_response,N4,40.0,45.0,0.005541916449291155,0.004801703485259767,0.006436746647585912
SPLN21,tierA_p95,B cells,interferon_response,N4,45.0,50.0,0.005617806854230944,0.004658475790967781,0.006766685810246067
SPLN21,tierA_p95,B cells,interferon_response,N4,50.0,55.0,0.005696168185223652,0.004473568181065117,0.007066693733719436
SPLN21,tierA_p95,B cells,interferon_response,N4,55.0,60.0,0.005821472470975427,0.004404525556584836,0.007451187745345028
SPLN21,tierA_p95,B cells,interferon_response,N4,60.0,65.0,0.0059781302446567,0.004257567742580471,0.00833417033051363
SPLN21,tierA_p95,B cells,interferon_response,N4,65.0,70.0,0.006088453280418988,0.004245860111201978,0.008490634859540954
SPLN21,tierA_p95,B cells,interferon_response,N4,70.0,75.0,0.006144647254199025,0.004139089087920369,0.008390834791254388
SPLN21,tierA_p95,B cells,interferon_response,N4,75.0,80.0,0.006204911022195399,0.004102024058137941,0.00887812399829998
SPLN21,tierA_p95,B cells,interferon_response,N4,80.0,85.0,0.006283507134022272,0.003931892446512604,0.009119253160599954
SPLN21,tierA_p95,B cells,interferon_response,N4,85.0,90.0,0.006363954906356623,0.004186315516593216,0.00924081353492973
SPLN21,tierA_p95,B cells,interferon_response,N4,90.0,95.0,0.006378770054455875,0.004016305943790597,0.009605673425543573
SPLN21,tierA_p95,B cells,interferon_response,N4,95.0,100.0,0.0071263560310257735,0.006131542492393968,0.008558753742905479
SPLN21,tierA_p95,B cells,oxidative_stress,N4,0.0,5.0,0.009753579186133721,0.00844092158400343,0.010883738628331793
SPLN21,tierA_p95,B cells,oxidative_stress,N4,5.0,10.0,0.009774118777234232,0.008933649861826086,0.010495811144613107
SPLN21,tierA_p95,B cells,oxidative_stress,N4,10.0,15.0,0.009804836348200705,0.009106281398332318,0.0104666713103408
SPLN21,tierA_p95,B cells,oxidative_stress,N4,15.0,20.0,0.009785817523010618,0.009082937818515425,0.010375390847119413
SPLN21,tierA_p95,B cells,oxidative_stress,N4,20.0,25.0,0.009784625996936107,0.008965609978650332,0.010471171819916367
SPLN21,tierA_p95,B cells,oxidative_stress,N4,25.0,30.0,0.009825098732866546,0.009029420026613227,0.010582046126471383
SPLN21,tierA_p95,B cells,oxidative_stress,N4,30.0,35.0,0.009899877423116283,0.008894619592793942,0.010784914739598563
SPLN21,tierA_p95,B cells,oxidative_stress,N4,35.0,40.0,0.00988231997436267,0.008684083690504248,0.011006150898849135
SPLN21,tierA_p95,B cells,oxidative_stress,N4,40.0,45.0,0.009979720590924142,0.00873084388264179,0.011274147084736738
SPLN21,tierA_p95,B cells,oxidative_stress,N4,45.0,50.0,0.010009692646458465,0.008331696515962484,0.011571219254455622
SPLN21,tierA_p95,B cells,oxidative_stress,N4,50.0,55.0,0.010188143645176066,0.008139898830298028,0.012033852400661862
SPLN21,tierA_p95,B cells,oxidative_stress,N4,55.0,60.0,0.01023243520328133,0.007598688560256616,0.01260329015354778
SPLN21,tierA_p95,B cells,oxidative_stress,N4,60.0,65.0,0.010269225456645555,0.007489541204913033,0.013025951965456282
SPLN21,tierA_p95,B cells,oxidative_stress,N4,65.0,70.0,0.010254275145271117,0.007131651009073958,0.013533571183127226
SPLN21,tierA_p95,B cells,oxidative_stress,N4,70.0,75.0,0.010217962048336037,0.007065961944689561,0.01337826222414661
SPLN21,tierA_p95,B cells,oxidative_stress,N4,75.0,80.0,0.010489296456105584,0.007147589430545464,0.014265743102901672
SPLN21,tierA_p95,B cells,oxidative_stress,N4,80.0,85.0,0.010409245651746816,0.00658442041293359,0.014112536554011968
SPLN21,tierA_p95,B cells,oxidative_stress,N4,85.0,90.0,0.01041725968835463,0.006721942212418417,0.014148218341483913
SPLN21,tierA_p95,B cells,oxidative_stress,N4,90.0,95.0,0.010359279471287425,0.0063469679525969425,0.014505833970993256
SPLN21,tierA_p95,B cells,oxidative_stress,N4,95.0,100.0,0.010459213431303531,0.008944813569542045,0.011334782919950126
SPLN21,tierA_p95,B cells,secondary_senescence,N4,0.0,5.0,-0.0033820320315320613,-0.003809874132525924,-0.002911296359756126
SPLN21,tierA_p95,B cells,secondary_senescence,N4,5.0,10.0,-0.0033776898318902716,-0.0036682854045560877,-0.003027495210942218
SPLN21,tierA_p95,B cells,secondary_senescence,N4,10.0,15.0,-0.0033744384707524357,-0.0036320732581952443,-0.003025035943633127
SPLN21,tierA_p95,B cells,secondary_senescence,N4,15.0,20.0,-0.0033893624058365397,-0.0036203009614796996,-0.0030655907982370884
SPLN21,tierA_p95,B cells,secondary_senescence,N4,20.0,25.0,-0.0033935087823586943,-0.0036352730797182087,-0.003060633907357707
SPLN21,tierA_p95,B cells,secondary_senescence,N4,25.0,30.0,-0.0034002997547287186,-0.0036589875376022707,-0.003026402035859668
SPLN21,tierA_p95,B cells,secondary_senescence,N4,30.0,35.0,-0.003434762510099386,-0.0037666968635674913,-0.003029991652418827
SPLN21,tierA_p95,B cells,secondary_senescence,N4,35.0,40.0,-0.0034707281545915663,-0.003815771589171084,-0.003036576123327896
SPLN21,tierA_p95,B cells,secondary_senescence,N4,40.0,45.0,-0.0035400503409434374,-0.003985969443996621,-0.003077562730655957
SPLN21,tierA_p95,B cells,secondary_senescence,N4,45.0,50.0,-0.0035727313307983674,-0.0041341317253318745,-0.0029797781752047624
SPLN21,tierA_p95,B cells,secondary_senescence,N4,50.0,55.0,-0.003663253593795164,-0.004350502176221404,-0.002968377627571796
SPLN21,tierA_p95,B cells,secondary_senescence,N4,55.0,60.0,-0.0036935231802817264,-0.004470221957947298,-0.00285284926324788
SPLN21,tierA_p95,B cells,secondary_senescence,N4,60.0,65.0,-0.0037588574537165114,-0.004667255201975408,-0.0027931682463998506
SPLN21,tierA_p95,B cells,secondary_senescence,N4,65.0,70.0,-0.0038342532812336827,-0.004847510659893231,-0.002739814080132882
SPLN21,tierA_p95,B cells,secondary_senescence,N4,70.0,75.0,-0.003851502780474557,-0.00477478246547043,-0.0028204457344244613
SPLN21,tierA_p95,B cells,secondary_senescence,N4,75.0,80.0,-0.003883804875781643,-0.004968783238010755,-0.0028265336645074803
SPLN21,tierA_p95,B cells,secondary_senescence,N4,80.0,85.0,-0.0038703482492781793,-0.005113421260692389,-0.002653661217432033
SPLN21,tierA_p95,B cells,secondary_senescence,N4,85.0,90.0,-0.0039235981481302576,-0.0051178134574735535,-0.0026997954507617513
SPLN21,tierA_p95,B cells,secondary_senescence,N4,90.0,95.0,-0.003949152178384186,-0.005129839612290764,-0.0026908672804501566
SPLN21,tierA_p95,B cells,secondary_senescence,N4,95.0,100.0,-0.0040494535598699435,-0.0046534046884823205,-0.0033454887813632213
SPLN21,tierA_p95,B cells,tnfa_nfkb_proximal,N4,0.0,5.0,0.0005586715408316568,0.00013777719517354712,0.0010154184827820235
SPLN21,tierA_p95,B cells,tnfa_nfkb_proximal,N4,5.0,10.0,0.0005725130019446119,0.0002808072218382617,0.0008978683679136594
SPLN21,tierA_p95,B cells,tnfa_nfkb_proximal,N4,10.0,15.0,0.0005834849738771981,0.00033015853435756313,0.0008624132197202931
SPLN21,tierA_p95,B cells,tnfa_nfkb_proximal,N4,15.0,20.0,0.0005683555837001335,0.0003294186407158406,0.0008600140455469957
SPLN21,tierA_p95,B cells,tnfa_nfkb_proximal,N4,20.0,25.0,0.0005718869306521055,0.000305704978819615,0.000832966318734831
SPLN21,tierA_p95,B cells,tnfa_nfkb_proximal,N4,25.0,30.0,0.0005631359973003338,0.0003175218808873043,0.0008780694053724799
SPLN21,tierA_p95,B cells,tnfa_nfkb_proximal,N4,30.0,35.0,0.0005539498638570484,0.00021301494134464273,0.000905268925975736
SPLN21,tierA_p95,B cells,tnfa_nfkb_proximal,N4,35.0,40.0,0.0005381281646377309,0.00012745740126389278,0.0009980890654433957
SPLN21,tierA_p95,B cells,tnfa_nfkb_proximal,N4,40.0,45.0,0.0005079747485487014,2.64095379376768e-05,0.0010501875283704248
SPLN21,tierA_p95,B cells,tnfa_nfkb_proximal,N4,45.0,50.0,0.00046648810100472806,-0.00015076742470370883,0.001093418607567298
SPLN21,tierA_p95,B cells,tnfa_nfkb_proximal,N4,50.0,55.0,0.00046605874373855863,-0.00033966026011115287,0.0012401961202529556
SPLN21,tierA_p95,B cells,tnfa_nfkb_proximal,N4,55.0,60.0,0.00045494373712474034,-0.0005156380766840197,0.0014521618577610276
SPLN21,tierA_p95,B cells,tnfa_nfkb_proximal,N4,60.0,65.0,0.00036390110959492637,-0.0007165776281865927,0.0013761153824259056
SPLN21,tierA_p95,B cells,tnfa_nfkb_proximal,N4,65.0,70.0,0.00034952547097307494,-0.0008223165458438299,0.001545165659595153
SPLN21,tierA_p95,B cells,tnfa_nfkb_proximal,N4,70.0,75.0,0.00035323734294972407,-0.0009764186379816039,0.0016249566015675196
SPLN21,tierA_p95,B cells,tnfa_nfkb_proximal,N4,75.0,80.0,0.0002972971928073133,-0.0011235055989776209,0.0016704710134910934
SPLN21,tierA_p95,B cells,tnfa_nfkb_proximal,N4,80.0,85.0,0.000339750651714166,-0.001023015876503037,0.001843939413352127
SPLN21,tierA_p95,B cells,tnfa_nfkb_proximal,N4,85.0,90.0,0.00033504586801433864,-0.001105709457469389,0.0018110258219006439
SPLN21,tierA_p95,B cells,tnfa_nfkb_proximal,N4,90.0,95.0,0.00036773161542530777,-0.0010089065280540815,0.0018783653338477258
SPLN21,tierA_p95,B cells,tnfa_nfkb_proximal,N4,95.0,100.0,0.000425732888413541,0.00013254255229746656,0.0009556547969278312
SPLN24,tierAmg_p95,B cells,downstream_arrest,N1,0.0,5.0,0.031144351902516156,0.030507973325864315,0.031825684881455985
SPLN24,tierAmg_p95,B cells,downstream_arrest,N1,5.0,10.0,0.031677896776811196,0.0313328270432062,0.03202234930913092
SPLN24,tierAmg_p95,B cells,downstream_arrest,N1,10.0,15.0,0.03133855680368963,0.03104372484704505,0.0316273782485008
SPLN24,tierAmg_p95,B cells,downstream_arrest,N1,15.0,20.0,0.031127700690063327,0.030817504772963328,0.03145185973362162
SPLN24,tierAmg_p95,B cells,downstream_arrest,N1,20.0,25.0,0.030894543175833334,0.030493080857175985,0.031302439659347425
SPLN24,tierAmg_p95,B cells,downstream_arrest,N1,25.0,30.0,0.03056600283487925,0.029965624368354288,0.031140530063566343
SPLN24,tierAmg_p95,B cells,downstream_arrest,N1,30.0,35.0,0.030150067833369314,0.02928672525938425,0.031042617867323333
SPLN24,tierAmg_p95,B cells,downstream_arrest,N1,35.0,40.0,0.029715611891217946,0.028287071803669062,0.031008436744713246
SPLN24,tierAmg_p95,B cells,downstream_arrest,N1,40.0,45.0,0.029292771029918643,0.02722000303713109,0.0315619817358936
SPLN24,tierAmg_p95,B cells,downstream_arrest,N1,45.0,50.0,0.028819497945300632,0.025030614814552415,0.03269637815550779
SPLN24,tierAmg_p95,B cells,downstream_arrest,N1,50.0,55.0,0.028326663102161857,0.021694998044927485,0.03527583886314322
SPLN24,tierAmg_p95,B cells,downstream_arrest,N1,55.0,60.0,0.028280656088449596,0.017382201418109214,0.041189958517740405
SPLN24,tierAmg_p95,B cells,downstream_arrest,N1,60.0,65.0,0.02857232621589569,0.006614999903831631,0.06284205453370564
SPLN24,tierAmg_p95,B cells,downstream_arrest,N1,65.0,70.0,0.028855520456918783,0.0012665002315770837,0.0758676228346303
SPLN24,tierAmg_p95,B cells,downstream_arrest,N1,70.0,75.0,0.02764154184075102,-0.001428500039037317,0.09525000303983688
SPLN24,tierAmg_p95,B cells,downstream_arrest,N1,75.0,80.0,0.029890612531594106,-0.00032012499905249544,0.09525000303983688
SPLN24,tierAmg_p95,B cells,downstream_arrest,N1,80.0,85.0,0.02490324939638014,-0.0001500000071246177,0.07802124638110393
SPLN24,tierAmg_p95,B cells,downstream_arrest,N1,85.0,90.0,0.024084917205876844,-0.0001500000071246177,0.059385124640539314
SPLN24,tierAmg_p95,B cells,downstream_arrest,N1,90.0,95.0,0.025766434430525724,-0.0001500000071246177,0.07662999629974365
SPLN24,tierAmg_p95,B cells,downstream_arrest,N1,95.0,100.0,0.012963560558423931,0.003379999994649552,0.04676000028848648
SPLN24,tierAmg_p95,B cells,emt_ecm,N1,0.0,5.0,-0.007471484266044009,-0.007991003555598685,-0.006960559398391853
SPLN24,tierAmg_p95,B cells,emt_ecm,N1,5.0,10.0,-0.008090077402151605,-0.00837941704294725,-0.00781540300609818
SPLN24,tierAmg_p95,B cells,emt_ecm,N1,10.0,15.0,-0.007635896695526861,-0.00788734346752991,-0.007379242682222628
SPLN24,tierAmg_p95,B cells,emt_ecm,N1,15.0,20.0,-0.007337946290543256,-0.007606871662795645,-0.007086763246074824
SPLN24,tierAmg_p95,B cells,emt_ecm,N1,20.0,25.0,-0.007082406539464183,-0.00743580845426514,-0.0067439353554450115
SPLN24,tierAmg_p95,B cells,emt_ecm,N1,25.0,30.0,-0.006706406861928917,-0.00718117126225407,-0.006205984181462043
SPLN24,tierAmg_p95,B cells,emt_ecm,N1,30.0,35.0,-0.006305672307899799,-0.007031291605825992,-0.005561859331652786
SPLN24,tierAmg_p95,B cells,emt_ecm,N1,35.0,40.0,-0.005800957771992779,-0.007009521813857301,-0.004622053478950702
SPLN24,tierAmg_p95,B cells,emt_ecm,N1,40.0,45.0,-0.005216992343812363,-0.007071505709792322,-0.003184666318005099
SPLN24,tierAmg_p95,B cells,emt_ecm,N1,45.0,50.0,-0.00474277609756898,-0.008006413316286539,-0.0010630345881045796
SPLN24,tierAmg_p95,B cells,emt_ecm,N1,50.0,55.0,-0.004071040786678942,-0.009810402764449278,0.0030516615530675017
SPLN24,tierAmg_p95,B cells,emt_ecm,N1,55.0,60.0,-0.004011831661434751,-0.013151512202061112,0.008187389072492283
SPLN24,tierAmg_p95,B cells,emt_ecm,N1,60.0,65.0,-0.002822605266612677,-0.02001384603611838,0.023888437310233712
SPLN24,tierAmg_p95,B cells,emt_ecm,N1,65.0,70.0,-0.0031787489269477862,-0.026063125021755694,0.03125312556512652
SPLN24,tierAmg_p95,B cells,emt_ecm,N1,70.0,75.0,-0.002423401369224629,-0.02817800045013428,0.040545000159181575
SPLN24,tierAmg_p95,B cells,emt_ecm,N1,75.0,80.0,-0.00039519325294793946,-0.027399124251678585,0.0357089991448447
SPLN24,tierAmg_p95,B cells,emt_ecm,N1,80.0,85.0,-0.0006185804342684442,-0.02971000038087368,0.035280000418424606
SPLN24,tierAmg_p95,B cells,emt_ecm,N1,85.0,90.0,0.0015302686496543444,-0.029929999262094498,0.0597199983894825
SPLN24,tierAmg_p95,B cells,emt_ecm,N1,90.0,95.0,0.004909222185240725,-0.023867999203503132,0.0597199983894825
SPLN24,tierAmg_p95,B cells,emt_ecm,N1,95.0,100.0,0.0306096786757268,-0.019999999552965164,0.0597199983894825
SPLN24,tierAmg_p95,B cells,il6_jak_stat3,N1,0.0,5.0,0.014677723716823653,0.01413490150759843,0.015275188486104596
SPLN24,tierAmg_p95,B cells,il6_jak_stat3,N1,5.0,10.0,0.014712908578669037,0.014431696093027987,0.015011399661295072
SPLN24,tierAmg_p95,B cells,il6_jak_stat3,N1,10.0,15.0,0.014778563563006676,0.014504484689904076,0.015038171894894495
SPLN24,tierAmg_p95,B cells,il6_jak_stat3,N1,15.0,20.0,0.014848112248468786,0.014531778797748722,0.015136880178779859
SPLN24,tierAmg_p95,B cells,il6_jak_stat3,N1,20.0,25.0,0.014759383033711222,0.014429263552597823,0.015112656565336306
SPLN24,tierAmg_p95,B cells,il6_jak_stat3,N1,25.0,30.0,0.0146928174844213,0.014227700240440752,0.015175884446368844
SPLN24,tierAmg_p95,B cells,il6_jak_stat3,N1,30.0,35.0,0.014624215493226409,0.013892580487630864,0.015340582570565047
SPLN24,tierAmg_p95,B cells,il6_jak_stat3,N1,35.0,40.0,0.014506649218675761,0.0134214173389291,0.01561898080756113
SPLN24,tierAmg_p95,B cells,il6_jak_stat3,N1,40.0,45.0,0.01434813926735694,0.012452801280736328,0.016154230260845594
SPLN24,tierAmg_p95,B cells,il6_jak_stat3,N1,45.0,50.0,0.014043187918982819,0.01088689723119713,0.017177891007896923
SPLN24,tierAmg_p95,B cells,il6_jak_stat3,N1,50.0,55.0,0.013838744400306687,0.008206471080947514,0.020006665213625117
SPLN24,tierAmg_p95,B cells,il6_jak_stat3,N1,55.0,60.0,0.012443173528124088,0.0018053025855088458,0.02274450818852832
SPLN24,tierAmg_p95,B cells,il6_jak_stat3,N1,60.0,65.0,0.011251232599659584,-0.01075218764890451,0.03375125047750771
SPLN24,tierAmg_p95,B cells,il6_jak_stat3,N1,65.0,70.0,0.010724094507098426,-0.02062037473078817,0.04113350053085013
SPLN24,tierAmg_p95,B cells,il6_jak_stat3,N1,70.0,75.0,0.013114129171130058,-0.027070000767707825,0.056965999305248184
SPLN24,tierAmg_p95,B cells,il6_jak_stat3,N1,75.0,80.0,0.012042461450305509,-0.023280000314116478,0.05618375011254098
SPLN24,tierAmg_p95,B cells,il6_jak_stat3,N1,80.0,85.0,0.012954172050416773,-0.02718999981880188,0.056210000067949295
SPLN24,tierAmg_p95,B cells,il6_jak_stat3,N1,85.0,90.0,0.016477450854605263,-0.026896749855950475,0.056210000067949295
SPLN24,tierAmg_p95,B cells,il6_jak_stat3,N1,90.0,95.0,0.013350737290021803,-0.026798999868333336,0.03804999962449074
SPLN24,tierAmg_p95,B cells,il6_jak_stat3,N1,95.0,100.0,0.007235601668069086,-0.006870000157505274,0.029404999688267708
SPLN24,tierAmg_p95,B cells,interferon_response,N1,0.0,5.0,0.015151367944465545,0.014725363509988829,0.015556906262442972
SPLN24,tierAmg_p95,B cells,interferon_response,N1,5.0,10.0,0.015302773604834034,0.01507939036762067,0.015538982369455973
SPLN24,tierAmg_p95,B cells,interferon_response,N1,10.0,15.0,0.015316258205492107,0.015102382193182246,0.015526207326082318
SPLN24,tierAmg_p95,B cells,interferon_response,N1,15.0,20.0,0.01537162063559873,0.015151306701113651,0.015593033202894546
SPLN24,tierAmg_p95,B cells,interferon_response,N1,20.0,25.0,0.015366642689208657,0.015097752425751516,0.015644374213979725
SPLN24,tierAmg_p95,B cells,interferon_response,N1,25.0,30.0,0.015421413977423,0.015039281282601711,0.015833794246289005
SPLN24,tierAmg_p95,B cells,interferon_response,N1,30.0,35.0,0.015433591292324389,0.01487889568899089,0.016056252245904273
SPLN24,tierAmg_p95,B cells,interferon_response,N1,35.0,40.0,0.015458200677172006,0.014542598250499632,0.01639526011846449
SPLN24,tierAmg_p95,B cells,interferon_response,N1,40.0,45.0,0.015567770941224631,0.0140322102935093,0.017212041874816918
SPLN24,tierAmg_p95,B cells,interferon_response,N1,45.0,50.0,0.015611574344747718,0.0129124752395588,0.018211121948536548
SPLN24,tierAmg_p95,B cells,interferon_response,N1,50.0,55.0,0.015743560406590244,0.01112057947444036,0.020810330324105505
SPLN24,tierAmg_p95,B cells,interferon_response,N1,55.0,60.0,0.015240140812316606,0.006641243308510935,0.023844542063307016
SPLN24,tierAmg_p95,B cells,interferon_response,N1,60.0,65.0,0.015023217974065216,-0.0020953123894287273,0.03241875069215894
SPLN24,tierAmg_p95,B cells,interferon_response,N1,65.0,70.0,0.014764035910822563,-0.01204324996797368,0.04194924980401992
SPLN24,tierAmg_p95,B cells,interferon_response,N1,70.0,75.0,0.015749598221027075,-0.014722999930381774,0.04288949910551306
SPLN24,tierAmg_p95,B cells,interferon_response,N1,75.0,80.0,0.013571003881227173,-0.016829999163746834,0.041951061959844015
SPLN24,tierAmg_p95,B cells,interferon_response,N1,80.0,85.0,0.013614031227409765,-0.016829999163746834,0.03332137563265859
SPLN24,tierAmg_p95,B cells,interferon_response,N1,85.0,90.0,0.013889159844972332,-0.016829999163746834,0.03581549953669311
SPLN24,tierAmg_p95,B cells,interferon_response,N1,90.0,95.0,0.01492375790181504,-0.016829999163746834,0.03248000144958496
SPLN24,tierAmg_p95,B cells,interferon_response,N1,95.0,100.0,0.021432595841129925,-0.006979999598115683,0.03248000144958496
SPLN24,tierAmg_p95,B cells,oxidative_stress,N1,0.0,5.0,0.024560857668771696,0.023723271232478613,0.025377329755930017
SPLN24,tierAmg_p95,B cells,oxidative_stress,N1,5.0,10.0,0.024881113110559298,0.024458143888259735,0.02530369287059426
SPLN24,tierAmg_p95,B cells,oxidative_stress,N1,10.0,15.0,0.024862087259256774,0.024492918915060197,0.025257473993988935
SPLN24,tierAmg_p95,B cells,oxidative_stress,N1,15.0,20.0,0.02478721396340495,0.02436461865489695,0.025197196937964635
SPLN24,tierAmg_p95,B cells,oxidative_stress,N1,20.0,25.0,0.024665997491649213,0.024122160055222813,0.025144013600943274
SPLN24,tierAmg_p95,B cells,oxidative_stress,N1,25.0,30.0,0.02458174447420411,0.02388077518580445,0.025313575302299586
SPLN24,tierAmg_p95,B cells,oxidative_stress,N1,30.0,35.0,0.02435136647863898,0.02330059251535109,0.025408630275960874
SPLN24,tierAmg_p95,B cells,oxidative_stress,N1,35.0,40.0,0.02410894982461515,0.022455687098675976,0.025737669015344283
SPLN24,tierAmg_p95,B cells,oxidative_stress,N1,40.0,45.0,0.02375821208487639,0.02092574941134116,0.026347089056006506
SPLN24,tierAmg_p95,B cells,oxidative_stress,N1,45.0,50.0,0.023181263123100402,0.018277803138137986,0.0276750605374405
SPLN24,tierAmg_p95,B cells,oxidative_stress,N1,50.0,55.0,0.02224608482718874,0.013909980273633578,0.030727559296123568
SPLN24,tierAmg_p95,B cells,oxidative_stress,N1,55.0,60.0,0.020205864537105395,0.005062580326063712,0.034868224854523455
SPLN24,tierAmg_p95,B cells,oxidative_stress,N1,60.0,65.0,0.01843704399839405,-0.01169218737340998,0.045602186990436167
SPLN24,tierAmg_p95,B cells,oxidative_stress,N1,65.0,70.0,0.01620430053205885,-0.023629124369472263,0.06199799848254767
SPLN24,tierAmg_p95,B cells,oxidative_stress,N1,70.0,75.0,0.01469749670215701,-0.03206899994984269,0.0628429982811212
SPLN24,tierAmg_p95,B cells,oxidative_stress,N1,75.0,80.0,0.014013519551399756,-0.03297424875199795,0.0625668731983751
SPLN24,tierAmg_p95,B cells,oxidative_stress,N1,80.0,85.0,0.013526425489300643,-0.029179999604821205,0.05329200020059943
SPLN24,tierAmg_p95,B cells,oxidative_stress,N1,85.0,90.0,0.016170845913352206,-0.02472737435018644,0.057816750835627324
SPLN24,tierAmg_p95,B cells,oxidative_stress,N1,90.0,95.0,0.011937919206919638,-0.009890000335872173,0.04535000026226044
SPLN24,tierAmg_p95,B cells,oxidative_stress,N1,95.0,100.0,0.003957981219021227,-0.009890000335872173,0.036660000681877136
SPLN24,tierAmg_p95,B cells,secondary_senescence,N1,0.0,5.0,-0.003257150459757843,-0.003653135757690232,-0.002889155951732961
SPLN24,tierAmg_p95,B cells,secondary_senescence,N1,5.0,10.0,-0.00356954999286273,-0.0037675326698999563,-0.0033708101243850406
SPLN24,tierAmg_p95,B cells,secondary_senescence,N1,10.0,15.0,-0.003333215061806265,-0.0035345134353740966,-0.00313599269568235
SPLN24,tierAmg_p95,B cells,secondary_senescence,N1,15.0,20.0,-0.003157870818543507,-0.0033566527455966846,-0.0029648394938744005
SPLN24,tierAmg_p95,B cells,secondary_senescence,N1,20.0,25.0,-0.0029894612594831816,-0.0032461410120453197,-0.002736998101160716
SPLN24,tierAmg_p95,B cells,secondary_senescence,N1,25.0,30.0,-0.00276600871957373,-0.00312280038718956,-0.0023912155350525694
SPLN24,tierAmg_p95,B cells,secondary_senescence,N1,30.0,35.0,-0.002496125148395103,-0.0030724476399961835,-0.001904067328982233
SPLN24,tierAmg_p95,B cells,secondary_senescence,N1,35.0,40.0,-0.0021381776013271033,-0.003040566042129878,-0.0012753896364925976
SPLN24,tierAmg_p95,B cells,secondary_senescence,N1,40.0,45.0,-0.0017773435732993726,-0.003241754993612212,-0.0002499247436689653
SPLN24,tierAmg_p95,B cells,secondary_senescence,N1,45.0,50.0,-0.0013993142579910845,-0.003758502111701554,0.0011278698011592384
SPLN24,tierAmg_p95,B cells,secondary_senescence,N1,50.0,55.0,-0.0007766045636998742,-0.0048972718033464206,0.004533652840071841
SPLN24,tierAmg_p95,B cells,secondary_senescence,N1,55.0,60.0,-0.000493180403720172,-0.007470034094769124,0.008057617767106139
SPLN24,tierAmg_p95,B cells,secondary_senescence,N1,60.0,65.0,-0.00029714986937473726,-0.012861752182417172,0.014403437539537359
SPLN24,tierAmg_p95,B cells,secondary_senescence,N1,65.0,70.0,-0.000587221326069592,-0.018582416681359366,0.02206999994814396
SPLN24,tierAmg_p95,B cells,secondary_senescence,N1,70.0,75.0,0.00140633875501112,-0.017411999590694904,0.02704399954527615
SPLN24,tierAmg_p95,B cells,secondary_senescence,N1,75.0,80.0,0.00010375266373248754,-0.019719249312765898,0.028532250924035787
SPLN24,tierAmg_p95,B cells,secondary_senescence,N1,80.0,85.0,-0.0006346660447808087,-0.020226750569418073,0.019825999729800956
SPLN24,tierAmg_p95,B cells,secondary_senescence,N1,85.0,90.0,0.001183883640864514,-0.016954249318223445,0.01948999986052513
SPLN24,tierAmg_p95,B cells,secondary_senescence,N1,90.0,95.0,0.002464232340630266,-0.013886999618262051,0.020021000131964686
SPLN24,tierAmg_p95,B cells,secondary_senescence,N1,95.0,100.0,0.008296990564815292,-0.01256849963683635,0.013740000315010548
SPLN24,tierAmg_p95,B cells,tnfa_nfkb_proximal,N1,0.0,5.0,0.0019950630805813537,0.001606518312888971,0.0024126102442943403
SPLN24,tierAmg_p95,B cells,tnfa_nfkb_proximal,N1,5.0,10.0,0.0019302850963225692,0.0017347673254041055,0.002126805293798288
SPLN24,tierAmg_p95,B cells,tnfa_nfkb_proximal,N1,10.0,15.0,0.0020039807265041817,0.0018244822703755376,0.0021884747076099903
SPLN24,tierAmg_p95,B cells,tnfa_nfkb_proximal,N1,15.0,20.0,0.0020455388810003026,0.001853927695155593,0.0022348128054939863
SPLN24,tierAmg_p95,B cells,tnfa_nfkb_proximal,N1,20.0,25.0,0.0020602442316525653,0.0018220126210264042,0.0023264174120506548
SPLN24,tierAmg_p95,B cells,tnfa_nfkb_proximal,N1,25.0,30.0,0.0021177260620348316,0.0017987540780849177,0.0024495660541722633
SPLN24,tierAmg_p95,B cells,tnfa_nfkb_proximal,N1,30.0,35.0,0.0021273374941183404,0.0016167102731530984,0.002656028093882316
SPLN24,tierAmg_p95,B cells,tnfa_nfkb_proximal,N1,35.0,40.0,0.002195680994753839,0.0014231380055871826,0.0029262735080642006
SPLN24,tierAmg_p95,B cells,tnfa_nfkb_proximal,N1,40.0,45.0,0.0021957842997863786,0.0009762816338618461,0.003455239616195629
SPLN24,tierAmg_p95,B cells,tnfa_nfkb_proximal,N1,45.0,50.0,0.0021830836540365005,8.676520931643516e-05,0.004480881806725256
SPLN24,tierAmg_p95,B cells,tnfa_nfkb_proximal,N1,50.0,55.0,0.002072355188456834,-0.0019726349390764065,0.006314544812944873
SPLN24,tierAmg_p95,B cells,tnfa_nfkb_proximal,N1,55.0,60.0,0.0014343045541223688,-0.0058161538561062815,0.008503978760637531
SPLN24,tierAmg_p95,B cells,tnfa_nfkb_proximal,N1,60.0,65.0,0.0005861965596679358,-0.014454791556393806,0.01693999998678919
SPLN24,tierAmg_p95,B cells,tnfa_nfkb_proximal,N1,65.0,70.0,-0.0003591092620644401,-0.021982250409200786,0.02436374945100392
SPLN24,tierAmg_p95,B cells,tnfa_nfkb_proximal,N1,70.0,75.0,-0.0008518858483164781,-0.025949999690055847,0.0279220003634691
SPLN24,tierAmg_p95,B cells,tnfa_nfkb_proximal,N1,75.0,80.0,-0.001648612763137664,-0.025949999690055847,0.029160000383853912
SPLN24,tierAmg_p95,B cells,tnfa_nfkb_proximal,N1,80.0,85.0,-0.0018178811256116306,-0.022630000486969948,0.016529999673366547
SPLN24,tierAmg_p95,B cells,tnfa_nfkb_proximal,N1,85.0,90.0,-0.0013219858680570168,-0.02241875077597797,0.035670001059770584
SPLN24,tierAmg_p95,B cells,tnfa_nfkb_proximal,N1,90.0,95.0,0.0018152626983308695,-0.014909000229090452,0.035670001059770584
SPLN24,tierAmg_p95,B cells,tnfa_nfkb_proximal,N1,95.0,100.0,0.015809924679875256,-0.009630000218749046,0.035670001059770584
SPLN24,tierAmg_p95,B cells,downstream_arrest,N3,0.0,5.0,0.03105672282055281,0.02942636012125188,0.03231532911123869
SPLN24,tierAmg_p95,B cells,downstream_arrest,N3,5.0,10.0,0.03105816862151128,0.02946887808426751,0.032106566474986976
SPLN24,tierAmg_p95,B cells,downstream_arrest,N3,10.0,15.0,0.03107413204391942,0.029665032622672546,0.032030387278850825
SPLN24,tierAmg_p95,B cells,downstream_arrest,N3,15.0,20.0,0.031084966542249227,0.029709394252175097,0.032033243442463465
SPLN24,tierAmg_p95,B cells,downstream_arrest,N3,20.0,25.0,0.031071199163588838,0.02960794435693406,0.03199605007456498
SPLN24,tierAmg_p95,B cells,downstream_arrest,N3,25.0,30.0,0.0310834075869505,0.029685291852436367,0.032142431064328694
SPLN24,tierAmg_p95,B cells,downstream_arrest,N3,30.0,35.0,0.031084617634238157,0.02980393373652624,0.03228665464326947
SPLN24,tierAmg_p95,B cells,downstream_arrest,N3,35.0,40.0,0.03107902741042557,0.029647831533622986,0.032524445995154826
SPLN24,tierAmg_p95,B cells,downstream_arrest,N3,40.0,45.0,0.031090389284575495,0.02917290280293835,0.032825533339113054
SPLN24,tierAmg_p95,B cells,downstream_arrest,N3,45.0,50.0,0.03107984565032554,0.028661894995537354,0.03323404902343167
SPLN24,tierAmg_p95,B cells,downstream_arrest,N3,50.0,55.0,0.031002653317161694,0.027941036293550048,0.033792698391907836
SPLN24,tierAmg_p95,B cells,downstream_arrest,N3,55.0,60.0,0.030926898574193153,0.02780237152630839,0.03385812515494529
SPLN24,tierAmg_p95,B cells,downstream_arrest,N3,60.0,65.0,0.030949810947551976,0.027539744945483256,0.03413699966040068
SPLN24,tierAmg_p95,B cells,downstream_arrest,N3,65.0,70.0,0.03100329611740913,0.027329426759991768,0.034163212150996845
SPLN24,tierAmg_p95,B cells,downstream_arrest,N3,70.0,75.0,0.031036378012739757,0.027188350406127527,0.034517970070061015
SPLN24,tierAmg_p95,B cells,downstream_arrest,N3,75.0,80.0,0.03102657617129045,0.02725505005451316,0.03440347158937598
SPLN24,tierAmg_p95,B cells,downstream_arrest,N3,80.0,85.0,0.030969754535962797,0.027105337920200336,0.034279602310640575
SPLN24,tierAmg_p95,B cells,downstream_arrest,N3,85.0,90.0,0.03097949553970222,0.027070308703751173,0.034589907752944654
SPLN24,tierAmg_p95,B cells,downstream_arrest,N3,90.0,95.0,0.030914583174816043,0.02692530509446371,0.03435974157350982
SPLN24,tierAmg_p95,B cells,downstream_arrest,N3,95.0,100.0,0.030701122758898126,0.02770753651150697,0.03295654005753073
SPLN24,tierAmg_p95,B cells,emt_ecm,N3,0.0,5.0,-0.0073325539364027395,-0.008211382932063525,-0.006157943164317268
SPLN24,tierAmg_p95,B cells,emt_ecm,N3,5.0,10.0,-0.007344565766053248,-0.008063152685679439,-0.006223216469699523
SPLN24,tierAmg_p95,B cells,emt_ecm,N3,10.0,15.0,-0.00734412081947419,-0.00796652889567325,-0.006321731958067023
SPLN24,tierAmg_p95,B cells,emt_ecm,N3,15.0,20.0,-0.007346129743408232,-0.007908434246360367,-0.0063220310048106325
SPLN24,tierAmg_p95,B cells,emt_ecm,N3,20.0,25.0,-0.00735216763828099,-0.008011015152644813,-0.0062611026228894745
SPLN24,tierAmg_p95,B cells,emt_ecm,N3,25.0,30.0,-0.007376574554078026,-0.008166972731994473,-0.006321434616304426
SPLN24,tierAmg_p95,B cells,emt_ecm,N3,30.0,35.0,-0.007363643110468333,-0.008325342663592618,-0.006136200572564819
SPLN24,tierAmg_p95,B cells,emt_ecm,N3,35.0,40.0,-0.007334572419398176,-0.008623971718349496,-0.005811249891162329
SPLN24,tierAmg_p95,B cells,emt_ecm,N3,40.0,45.0,-0.007356780628058063,-0.008924099965071427,-0.005395131449742003
SPLN24,tierAmg_p95,B cells,emt_ecm,N3,45.0,50.0,-0.007316673457414856,-0.009118950155661547,-0.005178631071875755
SPLN24,tierAmg_p95,B cells,emt_ecm,N3,50.0,55.0,-0.0072662745272850686,-0.009638667915608964,-0.004792028620244134
SPLN24,tierAmg_p95,B cells,emt_ecm,N3,55.0,60.0,-0.007229993570479156,-0.009507165274574044,-0.004044688770950523
SPLN24,tierAmg_p95,B cells,emt_ecm,N3,60.0,65.0,-0.007191442553724073,-0.009845604507809053,-0.00398273313597406
SPLN24,tierAmg_p95,B cells,emt_ecm,N3,65.0,70.0,-0.007268266640090409,-0.01003132000248936,-0.003988270262641315
SPLN24,tierAmg_p95,B cells,emt_ecm,N3,70.0,75.0,-0.0072522454677646855,-0.00999540864080785,-0.00374624634937178
SPLN24,tierAmg_p95,B cells,emt_ecm,N3,75.0,80.0,-0.007231800515711242,-0.010002067986021415,-0.003810338824815177
SPLN24,tierAmg_p95,B cells,emt_ecm,N3,80.0,85.0,-0.00724236387477994,-0.009827225888029697,-0.0036347268710793896
SPLN24,tierAmg_p95,B cells,emt_ecm,N3,85.0,90.0,-0.007291732853506861,-0.010059315791988639,-0.0037186741280696043
SPLN24,tierAmg_p95,B cells,emt_ecm,N3,90.0,95.0,-0.007233419052230682,-0.010138675460796224,-0.0038004779567840158
SPLN24,tierAmg_p95,B cells,emt_ecm,N3,95.0,100.0,-0.006985149800657744,-0.008833600712438848,-0.003424724515044268
SPLN24,tierAmg_p95,B cells,il6_jak_stat3,N3,0.0,5.0,0.014727611915865002,0.01387582312122832,0.015538929771704069
SPLN24,tierAmg_p95,B cells,il6_jak_stat3,N3,5.0,10.0,0.01474264704958941,0.014117909741906957,0.015428258238390743
SPLN24,tierAmg_p95,B cells,il6_jak_stat3,N3,10.0,15.0,0.014744531919072887,0.014182437471973995,0.015351950754919243
SPLN24,tierAmg_p95,B cells,il6_jak_stat3,N3,15.0,20.0,0.014736323573894676,0.014193684935698241,0.015284965394446636
SPLN24,tierAmg_p95,B cells,il6_jak_stat3,N3,20.0,25.0,0.014751465188357108,0.014163141132526941,0.015366688238374355
SPLN24,tierAmg_p95,B cells,il6_jak_stat3,N3,25.0,30.0,0.01472938198421902,0.014037047599210244,0.015405228462487878
SPLN24,tierAmg_p95,B cells,il6_jak_stat3,N3,30.0,35.0,0.014721385842776288,0.013944859263361791,0.015495044550023188
SPLN24,tierAmg_p95,B cells,il6_jak_stat3,N3,35.0,40.0,0.014746785157202643,0.013639548309257649,0.015818962026146556
SPLN24,tierAmg_p95,B cells,il6_jak_stat3,N3,40.0,45.0,0.014744546198062515,0.013430601702590132,0.01611567551929496
SPLN24,tierAmg_p95,B cells,il6_jak_stat3,N3,45.0,50.0,0.014741321331017927,0.01311931418080437,0.016233634861087896
SPLN24,tierAmg_p95,B cells,il6_jak_stat3,N3,50.0,55.0,0.014742776534450651,0.012781888976401989,0.016769342872966782
SPLN24,tierAmg_p95,B cells,il6_jak_stat3,N3,55.0,60.0,0.0146871616292332,0.012272788004773647,0.01700217932935549
SPLN24,tierAmg_p95,B cells,il6_jak_stat3,N3,60.0,65.0,0.014695819468273292,0.012288971337599772,0.0170585960371111
SPLN24,tierAmg_p95,B cells,il6_jak_stat3,N3,65.0,70.0,0.014682974837207827,0.012378325557260789,0.017064855985816734
SPLN24,tierAmg_p95,B cells,il6_jak_stat3,N3,70.0,75.0,0.014708379473889982,0.012328105723222575,0.017212084838250454
SPLN24,tierAmg_p95,B cells,il6_jak_stat3,N3,75.0,80.0,0.014704832197502675,0.012255636624935378,0.017186817745777114
SPLN24,tierAmg_p95,B cells,il6_jak_stat3,N3,80.0,85.0,0.014712173603784098,0.012127037428597057,0.01715077875658176
SPLN24,tierAmg_p95,B cells,il6_jak_stat3,N3,85.0,90.0,0.014679826609007447,0.012278564395034608,0.017235351698539274
SPLN24,tierAmg_p95,B cells,il6_jak_stat3,N3,90.0,95.0,0.014725547863670162,0.011938747516278067,0.017390950155368887
SPLN24,tierAmg_p95,B cells,il6_jak_stat3,N3,95.0,100.0,0.014749627807953402,0.013563675628571031,0.015813214825280565
SPLN24,tierAmg_p95,B cells,interferon_response,N3,0.0,5.0,0.015343300485449582,0.01466791171658817,0.01604058035412867
SPLN24,tierAmg_p95,B cells,interferon_response,N3,5.0,10.0,0.015353970531559138,0.014855878679828571,0.01587462963517903
SPLN24,tierAmg_p95,B cells,interferon_response,N3,10.0,15.0,0.01535193246589166,0.014944754465213317,0.01579719781536276
SPLN24,tierAmg_p95,B cells,interferon_response,N3,15.0,20.0,0.015357259821593668,0.014896274986969153,0.015883946152400377
SPLN24,tierAmg_p95,B cells,interferon_response,N3,20.0,25.0,0.015349591374778872,0.014865452776582045,0.01590716907436738
SPLN24,tierAmg_p95,B cells,interferon_response,N3,25.0,30.0,0.01534562265803473,0.01480123138176373,0.01589201108274145
SPLN24,tierAmg_p95,B cells,interferon_response,N3,30.0,35.0,0.015342788517105639,0.014664911468764228,0.016121583594976178
SPLN24,tierAmg_p95,B cells,interferon_response,N3,35.0,40.0,0.015360424075254933,0.014461248910644504,0.016313290200380217
SPLN24,tierAmg_p95,B cells,interferon_response,N3,40.0,45.0,0.015346252156365824,0.014141871083246877,0.016604411223181778
SPLN24,tierAmg_p95,B cells,interferon_response,N3,45.0,50.0,0.015334856694192916,0.013967992185953425,0.01692079808281399
SPLN24,tierAmg_p95,B cells,interferon_response,N3,50.0,55.0,0.015348226757488414,0.013661840987288258,0.01725783007789347
SPLN24,tierAmg_p95,B cells,interferon_response,N3,55.0,60.0,0.015356772907023942,0.013337406444466435,0.017631135720751732
SPLN24,tierAmg_p95,B cells,interferon_response,N3,60.0,65.0,0.015372821742455649,0.013345636841085062,0.01779018546037042
SPLN24,tierAmg_p95,B cells,interferon_response,N3,65.0,70.0,0.015323694173030896,0.013265260856758266,0.017957279487049685
SPLN24,tierAmg_p95,B cells,interferon_response,N3,70.0,75.0,0.015309220372884482,0.01318630036813125,0.017953484354454888
SPLN24,tierAmg_p95,B cells,interferon_response,N3,75.0,80.0,0.01541471542681994,0.013279695403331772,0.017939262829203356
SPLN24,tierAmg_p95,B cells,interferon_response,N3,80.0,85.0,0.015372341821122302,0.013234186052397089,0.017821740277398513
SPLN24,tierAmg_p95,B cells,interferon_response,N3,85.0,90.0,0.015372556129952223,0.013101994349943845,0.01803036609385052
SPLN24,tierAmg_p95,B cells,interferon_response,N3,90.0,95.0,0.015409359512617524,0.01319603987427841,0.01807563468295405
SPLN24,tierAmg_p95,B cells,interferon_response,N3,95.0,100.0,0.015615168434431786,0.014691064327786617,0.017913838782292916
SPLN24,tierAmg_p95,B cells,oxidative_stress,N3,0.0,5.0,0.024712338884930414,0.023092964913664256,0.02615006265805983
SPLN24,tierAmg_p95,B cells,oxidative_stress,N3,5.0,10.0,0.02470440539804361,0.0233305495910932,0.02588041476615135
SPLN24,tierAmg_p95,B cells,oxidative_stress,N3,10.0,15.0,0.024681685597276598,0.02332932870961488,0.025832274982599164
SPLN24,tierAmg_p95,B cells,oxidative_stress,N3,15.0,20.0,0.024700142638794297,0.023452225628765366,0.02579517099790466
SPLN24,tierAmg_p95,B cells,oxidative_stress,N3,20.0,25.0,0.024707574196367973,0.023370426132516543,0.02586436609549324
SPLN24,tierAmg_p95,B cells,oxidative_stress,N3,25.0,30.0,0.0247224955014945,0.02349539840579152,0.0258541392280249
SPLN24,tierAmg_p95,B cells,oxidative_stress,N3,30.0,35.0,0.02471529035073753,0.023232640262967213,0.02594823804074859
SPLN24,tierAmg_p95,B cells,oxidative_stress,N3,35.0,40.0,0.02470332208639894,0.02319923109350652,0.026118757995827562
SPLN24,tierAmg_p95,B cells,oxidative_stress,N3,40.0,45.0,0.02477896790605282,0.022741760125855093,0.026605579370984567
SPLN24,tierAmg_p95,B cells,oxidative_stress,N3,45.0,50.0,0.024684602277424344,0.022209234111734852,0.0271950968256136
SPLN24,tierAmg_p95,B cells,oxidative_stress,N3,50.0,55.0,0.024742206483093915,0.02162725939391888,0.02755675794851985
SPLN24,tierAmg_p95,B cells,oxidative_stress,N3,55.0,60.0,0.024807534733265885,0.02140786092299898,0.028027664805256404
SPLN24,tierAmg_p95,B cells,oxidative_stress,N3,60.0,65.0,0.02479822216524634,0.021134575078482352,0.028338607181210184
SPLN24,tierAmg_p95,B cells,oxidative_stress,N3,65.0,70.0,0.024776237837071245,0.02083217562709755,0.028446847040712927
SPLN24,tierAmg_p95,B cells,oxidative_stress,N3,70.0,75.0,0.024640412954702588,0.02075870202261528,0.028327104072555287
SPLN24,tierAmg_p95,B cells,oxidative_stress,N3,75.0,80.0,0.024697966411709543,0.020801967821737252,0.028360453823734977
SPLN24,tierAmg_p95,B cells,oxidative_stress,N3,80.0,85.0,0.024661618433597716,0.020426591480896338,0.02860632517839107
SPLN24,tierAmg_p95,B cells,oxidative_stress,N3,85.0,90.0,0.024631720766026415,0.020744118458259547,0.02848491034979649
SPLN24,tierAmg_p95,B cells,oxidative_stress,N3,90.0,95.0,0.024618081898203546,0.02086968948394762,0.02847127646356537
SPLN24,tierAmg_p95,B cells,oxidative_stress,N3,95.0,100.0,0.02457799500718611,0.022319003847348796,0.02658114357177872
SPLN24,tierAmg_p95,B cells,secondary_senescence,N3,0.0,5.0,-0.0031202557655163705,-0.003786303970278975,-0.00226008836284044
SPLN24,tierAmg_p95,B cells,secondary_senescence,N3,5.0,10.0,-0.00313928149497855,-0.003671196834894963,-0.0023374303633051977
SPLN24,tierAmg_p95,B cells,secondary_senescence,N3,10.0,15.0,-0.0031428681636729355,-0.0036236590344360413,-0.0024089826583404343
SPLN24,tierAmg_p95,B cells,secondary_senescence,N3,15.0,20.0,-0.0031441530870940444,-0.003602174961561193,-0.002424633524061096
SPLN24,tierAmg_p95,B cells,secondary_senescence,N3,20.0,25.0,-0.003155714107691765,-0.003616666786918461,-0.0023821272174103735
SPLN24,tierAmg_p95,B cells,secondary_senescence,N3,25.0,30.0,-0.00315824073489095,-0.003712672280134963,-0.0023344466919162426
SPLN24,tierAmg_p95,B cells,secondary_senescence,N3,30.0,35.0,-0.003147066067293413,-0.0038441322920611284,-0.00226080657891099
SPLN24,tierAmg_p95,B cells,secondary_senescence,N3,35.0,40.0,-0.0031508194455216166,-0.00403987242359134,-0.00208679578665959
SPLN24,tierAmg_p95,B cells,secondary_senescence,N3,40.0,45.0,-0.003152919292290498,-0.004294484832208159,-0.0017468453369147191
SPLN24,tierAmg_p95,B cells,secondary_senescence,N3,45.0,50.0,-0.0031517284595203162,-0.004554720636371677,-0.001433202406593798
SPLN24,tierAmg_p95,B cells,secondary_senescence,N3,50.0,55.0,-0.0030890476603545078,-0.0047838243869545655,-0.0010933775563986812
SPLN24,tierAmg_p95,B cells,secondary_senescence,N3,55.0,60.0,-0.003089924309356821,-0.004990028163075048,-0.0007875720639410359
SPLN24,tierAmg_p95,B cells,secondary_senescence,N3,60.0,65.0,-0.0031015889295708783,-0.005140324406511964,-0.0005984916817346091
SPLN24,tierAmg_p95,B cells,secondary_senescence,N3,65.0,70.0,-0.003061514387134875,-0.004986871916346934,-0.0005754980071274977
SPLN24,tierAmg_p95,B cells,secondary_senescence,N3,70.0,75.0,-0.0030883333435166808,-0.0052004919405175725,-0.0005078645184384704
SPLN24,tierAmg_p95,B cells,secondary_senescence,N3,75.0,80.0,-0.0030793100566945926,-0.0050663588100836165,-0.00023029111297720483
SPLN24,tierAmg_p95,B cells,secondary_senescence,N3,80.0,85.0,-0.003087275756933856,-0.005142766838276454,-0.0006453043101414947
SPLN24,tierAmg_p95,B cells,secondary_senescence,N3,85.0,90.0,-0.0030814978765470393,-0.005242321676184899,-0.00032782528786977024
SPLN24,tierAmg_p95,B cells,secondary_senescence,N3,90.0,95.0,-0.003093157407212175,-0.005234192892097478,-0.00037875208666749555
SPLN24,tierAmg_p95,B cells,secondary_senescence,N3,95.0,100.0,-0.002898553739494863,-0.0042508864559053314,-0.0003455178232305225
SPLN24,tierAmg_p95,B cells,tnfa_nfkb_proximal,N3,0.0,5.0,0.0020185874010638784,0.0015048592020103055,0.0025293160705438054
SPLN24,tierAmg_p95,B cells,tnfa_nfkb_proximal,N3,5.0,10.0,0.0020305621416311153,0.0017096883569658744,0.0023839067825535
SPLN24,tierAmg_p95,B cells,tnfa_nfkb_proximal,N3,10.0,15.0,0.0020379438905700526,0.001729606384656537,0.002367456197015176
SPLN24,tierAmg_p95,B cells,tnfa_nfkb_proximal,N3,15.0,20.0,0.0020286912823640215,0.0017057738212998329,0.002373093967463562
SPLN24,tierAmg_p95,B cells,tnfa_nfkb_proximal,N3,20.0,25.0,0.0020288349416097244,0.0016581781960487243,0.002427656096644104
SPLN24,tierAmg_p95,B cells,tnfa_nfkb_proximal,N3,25.0,30.0,0.00203427544241797,0.001620852812142524,0.0024777242250883223
SPLN24,tierAmg_p95,B cells,tnfa_nfkb_proximal,N3,30.0,35.0,0.00202677693070256,0.0014904802845266893,0.002593439386053205
SPLN24,tierAmg_p95,B cells,tnfa_nfkb_proximal,N3,35.0,40.0,0.0020481948502985665,0.001322100803183102,0.002835714885217317
SPLN24,tierAmg_p95,B cells,tnfa_nfkb_proximal,N3,40.0,45.0,0.002043428576065785,0.0011299477730245696,0.0029807769547821237
SPLN24,tierAmg_p95,B cells,tnfa_nfkb_proximal,N3,45.0,50.0,0.002039756651427255,0.00089104178040924,0.003300658411807965
SPLN24,tierAmg_p95,B cells,tnfa_nfkb_proximal,N3,50.0,55.0,0.0020232810945987447,0.0006962299136669384,0.0034167507327448185
SPLN24,tierAmg_p95,B cells,tnfa_nfkb_proximal,N3,55.0,60.0,0.002040551496980221,0.0005283329126447666,0.0037459802964853847
SPLN24,tierAmg_p95,B cells,tnfa_nfkb_proximal,N3,60.0,65.0,0.0019930820741092836,0.0004849244424361553,0.003744873634504974
SPLN24,tierAmg_p95,B cells,tnfa_nfkb_proximal,N3,65.0,70.0,0.0020116454792255645,0.0003769875247789625,0.0037653562623109703
SPLN24,tierAmg_p95,B cells,tnfa_nfkb_proximal,N3,70.0,75.0,0.0020183226080059437,0.00041052538130997195,0.003825200005690447
SPLN24,tierAmg_p95,B cells,tnfa_nfkb_proximal,N3,75.0,80.0,0.0019986390748797686,0.00021785688303035684,0.0038148577137514816
SPLN24,tierAmg_p95,B cells,tnfa_nfkb_proximal,N3,80.0,85.0,0.0020693784616691926,0.0003136345066683618,0.003837649762477178
SPLN24,tierAmg_p95,B cells,tnfa_nfkb_proximal,N3,85.0,90.0,0.0020584267794893675,0.00025068552921074457,0.003954863810127124
SPLN24,tierAmg_p95,B cells,tnfa_nfkb_proximal,N3,90.0,95.0,0.002049662753605433,0.0003152905531758869,0.0038617305012373444
SPLN24,tierAmg_p95,B cells,tnfa_nfkb_proximal,N3,95.0,100.0,0.002152746496191501,0.0016255431721815413,0.0034520398883597396
SPLN24,tierAmg_p95,B cells,downstream_arrest,N4,0.0,5.0,0.03141533731890262,0.030596749881622285,0.03222933806219005
SPLN24,tierAmg_p95,B cells,downstream_arrest,N4,5.0,10.0,0.031417233402807034,0.030877423867685935,0.03194405689976972
SPLN24,tierAmg_p95,B cells,downstream_arrest,N4,10.0,15.0,0.03142734592771555,0.030922093216649675,0.03192602221926598
SPLN24,tierAmg_p95,B cells,downstream_arrest,N4,15.0,20.0,0.03143438035929839,0.030907406149206167,0.032009540117071515
SPLN24,tierAmg_p95,B cells,downstream_arrest,N4,20.0,25.0,0.031419201534264814,0.030649430698618814,0.03222708986620432
SPLN24,tierAmg_p95,B cells,downstream_arrest,N4,25.0,30.0,0.03138005503282009,0.03044079942011458,0.03243947579575894
SPLN24,tierAmg_p95,B cells,downstream_arrest,N4,30.0,35.0,0.03131931014882292,0.030017302522711953,0.03262200060890576
SPLN24,tierAmg_p95,B cells,downstream_arrest,N4,35.0,40.0,0.031129329363018668,0.02950786752282041,0.032673714202253255
SPLN24,tierAmg_p95,B cells,downstream_arrest,N4,40.0,45.0,0.030921260290845198,0.029054322604555885,0.032991229877731
SPLN24,tierAmg_p95,B cells,downstream_arrest,N4,45.0,50.0,0.030676012659702157,0.028093454206005855,0.03310002791750871
SPLN24,tierAmg_p95,B cells,downstream_arrest,N4,50.0,55.0,0.03033297009369154,0.027147133449291812,0.03344487011102463
SPLN24,tierAmg_p95,B cells,downstream_arrest,N4,55.0,60.0,0.03015033206245766,0.026236230043220562,0.03410522441897332
SPLN24,tierAmg_p95,B cells,downstream_arrest,N4,60.0,65.0,0.029947164962665394,0.025649368904859582,0.03415136303758126
SPLN24,tierAmg_p95,B cells,downstream_arrest,N4,65.0,70.0,0.03019851088847622,0.025657638285740823,0.034561259315796185
SPLN24,tierAmg_p95,B cells,downstream_arrest,N4,70.0,75.0,0.029978411268480536,0.024959721615556645,0.03465447655452299
SPLN24,tierAmg_p95,B cells,downstream_arrest,N4,75.0,80.0,0.029975851400044978,0.024900141603368325,0.03447715453592296
SPLN24,tierAmg_p95,B cells,downstream_arrest,N4,80.0,85.0,0.029939863084192327,0.024970199481721488,0.03471876026086646
SPLN24,tierAmg_p95,B cells,downstream_arrest,N4,85.0,90.0,0.03001016441778978,0.02492326091278094,0.034802407681100295
SPLN24,tierAmg_p95,B cells,downstream_arrest,N4,90.0,95.0,0.03033967340338285,0.02544294550219705,0.0356270139340468
SPLN24,tierAmg_p95,B cells,downstream_arrest,N4,95.0,100.0,0.029941314003663188,0.026875860173393846,0.03132023524157847
SPLN24,tierAmg_p95,B cells,emt_ecm,N4,0.0,5.0,-0.007306466182047784,-0.008152869285330338,-0.006368925957543482
SPLN24,tierAmg_p95,B cells,emt_ecm,N4,5.0,10.0,-0.0073043283036318876,-0.008019572554806145,-0.006551058171860967
SPLN24,tierAmg_p95,B cells,emt_ecm,N4,10.0,15.0,-0.007308849940682926,-0.00783371915959241,-0.0066962830568964345
SPLN24,tierAmg_p95,B cells,emt_ecm,N4,15.0,20.0,-0.007310570753631222,-0.007766360138326206,-0.006711266213332399
SPLN24,tierAmg_p95,B cells,emt_ecm,N4,20.0,25.0,-0.007309628147092262,-0.007807297898556754,-0.006737879097823539
SPLN24,tierAmg_p95,B cells,emt_ecm,N4,25.0,30.0,-0.00727523840460421,-0.007918879000391519,-0.006542345489194591
SPLN24,tierAmg_p95,B cells,emt_ecm,N4,30.0,35.0,-0.007240606058967749,-0.00813517913151424,-0.00613939248464845
SPLN24,tierAmg_p95,B cells,emt_ecm,N4,35.0,40.0,-0.007168158799873106,-0.008402086527427242,-0.005566933276883521
SPLN24,tierAmg_p95,B cells,emt_ecm,N4,40.0,45.0,-0.007070492512151906,-0.008603397020551153,-0.005093460350624621
SPLN24,tierAmg_p95,B cells,emt_ecm,N4,45.0,50.0,-0.007000196533359987,-0.00928023493907646,-0.0043608265506999404
SPLN24,tierAmg_p95,B cells,emt_ecm,N4,50.0,55.0,-0.006802514969286515,-0.009656993694368912,-0.003534862226881812
SPLN24,tierAmg_p95,B cells,emt_ecm,N4,55.0,60.0,-0.006764824410488721,-0.01003793048133298,-0.0031576701860441076
SPLN24,tierAmg_p95,B cells,emt_ecm,N4,60.0,65.0,-0.006754313908437536,-0.01011752945550746,-0.0022573454748280905
SPLN24,tierAmg_p95,B cells,emt_ecm,N4,65.0,70.0,-0.006769279956554009,-0.01021745028412644,-0.002253735093924735
SPLN24,tierAmg_p95,B cells,emt_ecm,N4,70.0,75.0,-0.006868699652671818,-0.010284709870404824,-0.0015378067864293828
SPLN24,tierAmg_p95,B cells,emt_ecm,N4,75.0,80.0,-0.006859562815170431,-0.01031178108268123,-0.0017776399836818455
SPLN24,tierAmg_p95,B cells,emt_ecm,N4,80.0,85.0,-0.00680052585649497,-0.01054804770753109,-0.0021885209380239504
SPLN24,tierAmg_p95,B cells,emt_ecm,N4,85.0,90.0,-0.006959353164144882,-0.010442320697617934,-0.0016871927918020247
SPLN24,tierAmg_p95,B cells,emt_ecm,N4,90.0,95.0,-0.006977986863335693,-0.010550719122119183,-0.0023619510628226335
SPLN24,tierAmg_p95,B cells,emt_ecm,N4,95.0,100.0,-0.007140629293318498,-0.008500776825212882,-0.0037520318595044237
SPLN24,tierAmg_p95,B cells,il6_jak_stat3,N4,0.0,5.0,0.01468366714283519,0.013930562388235517,0.015353167274004242
SPLN24,tierAmg_p95,B cells,il6_jak_stat3,N4,5.0,10.0,0.014705455215453583,0.014205087410433515,0.015148585068416716
SPLN24,tierAmg_p95,B cells,il6_jak_stat3,N4,10.0,15.0,0.014725913713613316,0.01429030050872332,0.015143012832827771
SPLN24,tierAmg_p95,B cells,il6_jak_stat3,N4,15.0,20.0,0.01471622110573514,0.014267129836282201,0.015142895928385705
SPLN24,tierAmg_p95,B cells,il6_jak_stat3,N4,20.0,25.0,0.014701835533180656,0.01416720900476498,0.015211566119708538
SPLN24,tierAmg_p95,B cells,il6_jak_stat3,N4,25.0,30.0,0.014717930074960365,0.01405052217170797,0.015332011818193306
SPLN24,tierAmg_p95,B cells,il6_jak_stat3,N4,30.0,35.0,0.014709399760040447,0.01380733911147809,0.015538787200730248
SPLN24,tierAmg_p95,B cells,il6_jak_stat3,N4,35.0,40.0,0.014648715329068798,0.013654677390334217,0.015733329161003298
SPLN24,tierAmg_p95,B cells,il6_jak_stat3,N4,40.0,45.0,0.014670817305871529,0.013084721271484641,0.01607454333114046
SPLN24,tierAmg_p95,B cells,il6_jak_stat3,N4,45.0,50.0,0.014786753223475321,0.012799519569789237,0.01669267328836001
SPLN24,tierAmg_p95,B cells,il6_jak_stat3,N4,50.0,55.0,0.014879508823110192,0.012563524388412831,0.01729516431528063
SPLN24,tierAmg_p95,B cells,il6_jak_stat3,N4,55.0,60.0,0.014812781298933562,0.01154382417975742,0.01769778444575373
SPLN24,tierAmg_p95,B cells,il6_jak_stat3,N4,60.0,65.0,0.015048345838405648,0.011906150487225159,0.018380017683094718
SPLN24,tierAmg_p95,B cells,il6_jak_stat3,N4,65.0,70.0,0.014947060445579582,0.011436117791062291,0.018421766773968805
SPLN24,tierAmg_p95,B cells,il6_jak_stat3,N4,70.0,75.0,0.014917708744655964,0.011365460411329652,0.018430694824129353
SPLN24,tierAmg_p95,B cells,il6_jak_stat3,N4,75.0,80.0,0.015032793748271153,0.011363871036011105,0.018919526697569643
SPLN24,tierAmg_p95,B cells,il6_jak_stat3,N4,80.0,85.0,0.014971077371935673,0.011175730558386283,0.01871089281346986
SPLN24,tierAmg_p95,B cells,il6_jak_stat3,N4,85.0,90.0,0.014876554892457034,0.01092311502911346,0.018807022557534362
SPLN24,tierAmg_p95,B cells,il6_jak_stat3,N4,90.0,95.0,0.014834417520350722,0.010726945755670236,0.019006939896935117
SPLN24,tierAmg_p95,B cells,il6_jak_stat3,N4,95.0,100.0,0.014694598278379588,0.01246742758113158,0.016433772174170688
SPLN24,tierAmg_p95,B cells,interferon_response,N4,0.0,5.0,0.01516232041605201,0.014549908858268295,0.015739747767288533
SPLN24,tierAmg_p95,B cells,interferon_response,N4,5.0,10.0,0.015149342647058982,0.014774525384107506,0.0155340689410276
SPLN24,tierAmg_p95,B cells,interferon_response,N4,10.0,15.0,0.015135346650370031,0.014774110855592465,0.015472464904641874
SPLN24,tierAmg_p95,B cells,interferon_response,N4,15.0,20.0,0.015122113314201708,0.01475565056932696,0.015473851432451587
SPLN24,tierAmg_p95,B cells,interferon_response,N4,20.0,25.0,0.015110362479110375,0.014693773136370372,0.01552188244731267
SPLN24,tierAmg_p95,B cells,interferon_response,N4,25.0,30.0,0.015115216021975875,0.01456174482972816,0.015677783671684244
SPLN24,tierAmg_p95,B cells,interferon_response,N4,30.0,35.0,0.015146555632385896,0.014410069023454295,0.015826365457866125
SPLN24,tierAmg_p95,B cells,interferon_response,N4,35.0,40.0,0.015239530138218278,0.01436259262501928,0.016184136408162776
SPLN24,tierAmg_p95,B cells,interferon_response,N4,40.0,45.0,0.015311036121996434,0.01401609052859394,0.01660250375785562
SPLN24,tierAmg_p95,B cells,interferon_response,N4,45.0,50.0,0.01554593099387562,0.013929457537266146,0.017412814722253315
SPLN24,tierAmg_p95,B cells,interferon_response,N4,50.0,55.0,0.01571638813456732,0.013670801187344926,0.018013096024549372
SPLN24,tierAmg_p95,B cells,interferon_response,N4,55.0,60.0,0.015799097919944997,0.013422527343431299,0.018437055718602127
SPLN24,tierAmg_p95,B cells,interferon_response,N4,60.0,65.0,0.015948356342630924,0.013249266867027222,0.018917506585287285
SPLN24,tierAmg_p95,B cells,interferon_response,N4,65.0,70.0,0.015956167378007483,0.013045664293462723,0.01931897956245634
SPLN24,tierAmg_p95,B cells,interferon_response,N4,70.0,75.0,0.016057969069933196,0.013089563238236535,0.01922373696916452
SPLN24,tierAmg_p95,B cells,interferon_response,N4,75.0,80.0,0.016101173293124806,0.013115017047939423,0.019431635613292114
SPLN24,tierAmg_p95,B cells,interferon_response,N4,80.0,85.0,0.016048899714760145,0.012868121536017742,0.019333283314059493
SPLN24,tierAmg_p95,B cells,interferon_response,N4,85.0,90.0,0.015935494426888373,0.012609223892494938,0.019474934604985616
SPLN24,tierAmg_p95,B cells,interferon_response,N4,90.0,95.0,0.01602553860720503,0.012782309509163666,0.019465627310810422
SPLN24,tierAmg_p95,B cells,interferon_response,N4,95.0,100.0,0.016521512094774236,0.01553958093224815,0.019561419194072192
SPLN24,tierAmg_p95,B cells,oxidative_stress,N4,0.0,5.0,0.02432687758354567,0.023039676075579878,0.02540853882918307
SPLN24,tierAmg_p95,B cells,oxidative_stress,N4,5.0,10.0,0.0243653510971201,0.02341845631163785,0.02515864172468744
SPLN24,tierAmg_p95,B cells,oxidative_stress,N4,10.0,15.0,0.024360341573155374,0.023515803600071997,0.02513716331490082
SPLN24,tierAmg_p95,B cells,oxidative_stress,N4,15.0,20.0,0.024447920436797013,0.02359608295399394,0.02517281971392374
SPLN24,tierAmg_p95,B cells,oxidative_stress,N4,20.0,25.0,0.02445856999100803,0.023586650068061862,0.025257983287422653
SPLN24,tierAmg_p95,B cells,oxidative_stress,N4,25.0,30.0,0.02449985121224883,0.023427669014965527,0.025410951390883344
SPLN24,tierAmg_p95,B cells,oxidative_stress,N4,30.0,35.0,0.0245064108276883,0.02319233305742252,0.025600941229172832
SPLN24,tierAmg_p95,B cells,oxidative_stress,N4,35.0,40.0,0.024579806250596928,0.022790339788321165,0.026193059657031163
SPLN24,tierAmg_p95,B cells,oxidative_stress,N4,40.0,45.0,0.02472635802114223,0.022564431452887827,0.02710898227271644
SPLN24,tierAmg_p95,B cells,oxidative_stress,N4,45.0,50.0,0.024816447275367824,0.021744380470272034,0.027675351166240182
SPLN24,tierAmg_p95,B cells,oxidative_stress,N4,50.0,55.0,0.02497306637858238,0.02119818699590307,0.028389143327052252
SPLN24,tierAmg_p95,B cells,oxidative_stress,N4,55.0,60.0,0.025247644118432937,0.02066149362325433,0.029383206957110546
SPLN24,tierAmg_p95,B cells,oxidative_stress,N4,60.0,65.0,0.02504615649317461,0.0199629817813882,0.02911760068396721
SPLN24,tierAmg_p95,B cells,oxidative_stress,N4,65.0,70.0,0.025188392930582105,0.019653895791573193,0.029753012781449675
SPLN24,tierAmg_p95,B cells,oxidative_stress,N4,70.0,75.0,0.02534915213036752,0.020092060733828042,0.030153258820874503
SPLN24,tierAmg_p95,B cells,oxidative_stress,N4,75.0,80.0,0.025086552101513577,0.019933580897890612,0.029844665003472527
SPLN24,tierAmg_p95,B cells,oxidative_stress,N4,80.0,85.0,0.02506805419333075,0.01903056092184412,0.029789169209004266
SPLN24,tierAmg_p95,B cells,oxidative_stress,N4,85.0,90.0,0.025176486775475636,0.019188287342184106,0.030502480866525294
SPLN24,tierAmg_p95,B cells,oxidative_stress,N4,90.0,95.0,0.025069004813438364,0.019040830134647312,0.030214246121918285
SPLN24,tierAmg_p95,B cells,oxidative_stress,N4,95.0,100.0,0.024992182591552507,0.020823659020944806,0.026696020808405635
SPLN24,tierAmg_p95,B cells,secondary_senescence,N4,0.0,5.0,-0.002963977143194893,-0.0037187087333941803,-0.0021327565274889327
SPLN24,tierAmg_p95,B cells,secondary_senescence,N4,5.0,10.0,-0.0029723810650863253,-0.003544148663577836,-0.0023444257339715934
SPLN24,tierAmg_p95,B cells,secondary_senescence,N4,10.0,15.0,-0.0029712136259165654,-0.0034425287677472493,-0.0024448258611673847
SPLN24,tierAmg_p95,B cells,secondary_senescence,N4,15.0,20.0,-0.0029879859182093296,-0.0033691297723270957,-0.00247956414923321
SPLN24,tierAmg_p95,B cells,secondary_senescence,N4,20.0,25.0,-0.002988062379815008,-0.003401526174591872,-0.0024858899495538416
SPLN24,tierAmg_p95,B cells,secondary_senescence,N4,25.0,30.0,-0.0029778473499526606,-0.003449228613085639,-0.0024425252204223207
SPLN24,tierAmg_p95,B cells,secondary_senescence,N4,30.0,35.0,-0.0029731951889674095,-0.0036394854028251994,-0.002190653086095391
SPLN24,tierAmg_p95,B cells,secondary_senescence,N4,35.0,40.0,-0.0029744515442351105,-0.0039457636211315894,-0.001893771030972095
SPLN24,tierAmg_p95,B cells,secondary_senescence,N4,40.0,45.0,-0.0029611578999183667,-0.004301629288505502,-0.0015438438589947313
SPLN24,tierAmg_p95,B cells,secondary_senescence,N4,45.0,50.0,-0.0029468147430085703,-0.004597020293651858,-0.0008954653062973198
SPLN24,tierAmg_p95,B cells,secondary_senescence,N4,50.0,55.0,-0.002870142003707225,-0.005022806608352855,-0.00015178733539848315
SPLN24,tierAmg_p95,B cells,secondary_senescence,N4,55.0,60.0,-0.00284002888562889,-0.005323736532865717,0.0002674747824632103
SPLN24,tierAmg_p95,B cells,secondary_senescence,N4,60.0,65.0,-0.00295759921193532,-0.005628778753029386,0.0008217795875667451
SPLN24,tierAmg_p95,B cells,secondary_senescence,N4,65.0,70.0,-0.0029731879637881283,-0.005676605000851976,0.0007701515104593499
SPLN24,tierAmg_p95,B cells,secondary_senescence,N4,70.0,75.0,-0.0030237140455398473,-0.005790862310240278,0.0007689313314693737
SPLN24,tierAmg_p95,B cells,secondary_senescence,N4,75.0,80.0,-0.0029665100825631108,-0.005880977510032208,0.000713357118044088
SPLN24,tierAmg_p95,B cells,secondary_senescence,N4,80.0,85.0,-0.002949026862086063,-0.005805513865455123,0.0009335612377072066
SPLN24,tierAmg_p95,B cells,secondary_senescence,N4,85.0,90.0,-0.0030255392163184114,-0.005714611835865259,0.0009658311939209491
SPLN24,tierAmg_p95,B cells,secondary_senescence,N4,90.0,95.0,-0.003072347295585519,-0.005957771939200682,0.0006932949501754003
SPLN24,tierAmg_p95,B cells,secondary_senescence,N4,95.0,100.0,-0.0034265222292802137,-0.0044782714914962845,-0.0011071726170012507
SPLN24,tierAmg_p95,B cells,tnfa_nfkb_proximal,N4,0.0,5.0,0.002005929437133039,0.0015570191048756277,0.0025018962110415753
SPLN24,tierAmg_p95,B cells,tnfa_nfkb_proximal,N4,5.0,10.0,0.0020096072108561473,0.001710061835327872,0.0023207338312393002
SPLN24,tierAmg_p95,B cells,tnfa_nfkb_proximal,N4,10.0,15.0,0.0020021481704107853,0.0017500419747081733,0.0022607883010100525
SPLN24,tierAmg_p95,B cells,tnfa_nfkb_proximal,N4,15.0,20.0,0.0019888430624853152,0.0017250713320321636,0.002256107274793308
SPLN24,tierAmg_p95,B cells,tnfa_nfkb_proximal,N4,20.0,25.0,0.001987710870127086,0.0016632954806753053,0.0023029025576412395
SPLN24,tierAmg_p95,B cells,tnfa_nfkb_proximal,N4,25.0,30.0,0.0019879017746259765,0.0015876706677035728,0.002413822177801806
SPLN24,tierAmg_p95,B cells,tnfa_nfkb_proximal,N4,30.0,35.0,0.002000850319448769,0.0014256532423163968,0.0025502701675042872
SPLN24,tierAmg_p95,B cells,tnfa_nfkb_proximal,N4,35.0,40.0,0.002002069024559451,0.0012614522114474229,0.002814806390290766
SPLN24,tierAmg_p95,B cells,tnfa_nfkb_proximal,N4,40.0,45.0,0.0020519578802093547,0.001050592263115539,0.0030201744756181053
SPLN24,tierAmg_p95,B cells,tnfa_nfkb_proximal,N4,45.0,50.0,0.0020836762365855936,0.0009116723316665204,0.0035514648194055407
SPLN24,tierAmg_p95,B cells,tnfa_nfkb_proximal,N4,50.0,55.0,0.0022602141925731583,0.0005484210621374893,0.004040509649271368
SPLN24,tierAmg_p95,B cells,tnfa_nfkb_proximal,N4,55.0,60.0,0.0022218886947836473,0.0003310665725136806,0.004181851364542731
SPLN24,tierAmg_p95,B cells,tnfa_nfkb_proximal,N4,60.0,65.0,0.0023030737035154994,-6.020262132454908e-05,0.004636086397780042
SPLN24,tierAmg_p95,B cells,tnfa_nfkb_proximal,N4,65.0,70.0,0.002245409099421895,-1.6475577216599158e-05,0.004949898688127296
SPLN24,tierAmg_p95,B cells,tnfa_nfkb_proximal,N4,70.0,75.0,0.0022615387448020503,-0.00015475142092510611,0.0047282317690531045
SPLN24,tierAmg_p95,B cells,tnfa_nfkb_proximal,N4,75.0,80.0,0.002274525447049344,-9.940465202459503e-05,0.004964165815252669
SPLN24,tierAmg_p95,B cells,tnfa_nfkb_proximal,N4,80.0,85.0,0.0022605723333141876,-0.0004820917489254267,0.005151433379166216
SPLN24,tierAmg_p95,B cells,tnfa_nfkb_proximal,N4,85.0,90.0,0.002167235590639371,-0.0003194382818062663,0.004861460691051543
SPLN24,tierAmg_p95,B cells,tnfa_nfkb_proximal,N4,90.0,95.0,0.002148803936232857,-0.00026155607226264034,0.00499372940311845
SPLN24,tierAmg_p95,B cells,tnfa_nfkb_proximal,N4,95.0,100.0,0.0021594853051356577,0.0010633101182574718,0.003430599481537684
SPLN24,tierA_p95,B cells,downstream_arrest,N1,0.0,5.0,0.031035802814729577,0.030398131671254536,0.03172618308025396
SPLN24,tierA_p95,B cells,downstream_arrest,N1,5.0,10.0,0.03151470695431934,0.031164200969558808,0.03183924801266532
SPLN24,tierA_p95,B cells,downstream_arrest,N1,10.0,15.0,0.031233059513523932,0.030924410422264605,0.03155485779980009
SPLN24,tierA_p95,B cells,downstream_arrest,N1,15.0,20.0,0.031089627403077136,0.03077525683117183,0.03142235115302383
SPLN24,tierA_p95,B cells,downstream_arrest,N1,20.0,25.0,0.03093281237044044,0.030539838962532706,0.03134244348626282
SPLN24,tierA_p95,B cells,downstream_arrest,N1,25.0,30.0,0.030700929323342143,0.030167267347811857,0.031252187041560006
SPLN24,tierA_p95,B cells,downstream_arrest,N1,30.0,35.0,0.0304637351204881,0.02960154766668829,0.03128985646704756
SPLN24,tierA_p95,B cells,downstream_arrest,N1,35.0,40.0,0.030193404422293253,0.028950743071548324,0.03153792542782605
SPLN24,tierA_p95,B cells,downstream_arrest,N1,40.0,45.0,0.02985541950495356,0.02787059472892915,0.03202533867774629
SPLN24,tierA_p95,B cells,downstream_arrest,N1,45.0,50.0,0.02949177086224291,0.02628847379848696,0.03290915374459091
SPLN24,tierA_p95,B cells,downstream_arrest,N1,50.0,55.0,0.029246282958840058,0.02352198916844664,0.03594694380697124
SPLN24,tierA_p95,B cells,downstream_arrest,N1,55.0,60.0,0.028636690549409812,0.017594182219424208,0.041043098640382386
SPLN24,tierA_p95,B cells,downstream_arrest,N1,60.0,65.0,0.028147133007302236,0.009542802169016795,0.05336547992274378
SPLN24,tierA_p95,B cells,downstream_arrest,N1,65.0,70.0,0.02874484482281889,8.199999756470834e-05,0.0727726265322417
SPLN24,tierA_p95,B cells,downstream_arrest,N1,70.0,75.0,0.0274561646418548,-0.0004299999854993075,0.08790187502745539
SPLN24,tierA_p95,B cells,downstream_arrest,N1,75.0,80.0,0.026469842973284852,0.0003699999942909926,0.08151600230485201
SPLN24,tierA_p95,B cells,downstream_arrest,N1,80.0,85.0,0.027046727015191657,-0.0004299999854993075,0.09525000303983688
SPLN24,tierA_p95,B cells,downstream_arrest,N1,85.0,90.0,0.02509344498235294,-0.0001500000071246177,0.0923902530921622
SPLN24,tierA_p95,B cells,downstream_arrest,N1,90.0,95.0,0.02239357955624972,-0.0001500000071246177,0.08035399764776209
SPLN24,tierA_p95,B cells,downstream_arrest,N1,95.0,100.0,0.013520074069495494,0.003379999994649552,0.04676000028848648
SPLN24,tierA_p95,B cells,emt_ecm,N1,0.0,5.0,-0.007366135015677824,-0.007908261417626582,-0.006815909601660068
SPLN24,tierA_p95,B cells,emt_ecm,N1,5.0,10.0,-0.007895859472220584,-0.008172056225887821,-0.007615053178751672
SPLN24,tierA_p95,B cells,emt_ecm,N1,10.0,15.0,-0.007494634479531942,-0.007732154504821881,-0.007239589388522492
SPLN24,tierA_p95,B cells,emt_ecm,N1,15.0,20.0,-0.0072868249650743615,-0.007551026788343372,-0.007002080921326228
SPLN24,tierA_p95,B cells,emt_ecm,N1,20.0,25.0,-0.00714765668200939,-0.00746105175141726,-0.006832639506945823
SPLN24,tierA_p95,B cells,emt_ecm,N1,25.0,30.0,-0.006928512675382754,-0.007392238437269485,-0.006469200414488958
SPLN24,tierA_p95,B cells,emt_ecm,N1,30.0,35.0,-0.006693283496012273,-0.0074123326683826,-0.006008005792084301
SPLN24,tierA_p95,B cells,emt_ecm,N1,35.0,40.0,-0.006371135043640431,-0.007391194005510438,-0.00524923919205109
SPLN24,tierA_p95,B cells,emt_ecm,N1,40.0,45.0,-0.006039327977437951,-0.007842390586836482,-0.004197859426257644
SPLN24,tierA_p95,B cells,emt_ecm,N1,45.0,50.0,-0.0057889584247317345,-0.008647732007257894,-0.0028469874114389502
SPLN24,tierA_p95,B cells,emt_ecm,N1,50.0,55.0,-0.00538039622936055,-0.010154822832647459,5.235508505399927e-05
SPLN24,tierA_p95,B cells,emt_ecm,N1,55.0,60.0,-0.004855146692711835,-0.01289389511798687,0.006670299560452833
SPLN24,tierA_p95,B cells,emt_ecm,N1,60.0,65.0,-0.003220985325555761,-0.017673026821979035,0.018642912521609104
SPLN24,tierA_p95,B cells,emt_ecm,N1,65.0,70.0,-0.002953959124965605,-0.023058916814625262,0.035280000418424606
SPLN24,tierA_p95,B cells,emt_ecm,N1,70.0,75.0,-0.0023189486726889518,-0.028289999812841415,0.04089000076055527
SPLN24,tierA_p95,B cells,emt_ecm,N1,75.0,80.0,-0.00012797513327704343,-0.027969999238848686,0.04089000076055527
SPLN24,tierA_p95,B cells,emt_ecm,N1,80.0,85.0,-0.002151120222968139,-0.029375750059261917,0.035280000418424606
SPLN24,tierA_p95,B cells,emt_ecm,N1,85.0,90.0,0.0022966217064612307,-0.02752099987119436,0.0597199983894825
SPLN24,tierA_p95,B cells,emt_ecm,N1,90.0,95.0,0.0014029059015031075,-0.029929999262094498,0.0597199983894825
SPLN24,tierA_p95,B cells,emt_ecm,N1,95.0,100.0,0.02874322014817624,-0.019999999552965164,0.0597199983894825
SPLN24,tierA_p95,B cells,il6_jak_stat3,N1,0.0,5.0,0.01471506566664408,0.014126587411206369,0.01529941555845137
SPLN24,tierA_p95,B cells,il6_jak_stat3,N1,5.0,10.0,0.014746984265381664,0.014453074683113127,0.015015411495844778
SPLN24,tierA_p95,B cells,il6_jak_stat3,N1,10.0,15.0,0.014796822951631981,0.014519973482945923,0.015065599940066409
SPLN24,tierA_p95,B cells,il6_jak_stat3,N1,15.0,20.0,0.014866984769051723,0.014571341993207204,0.01514375826611631
SPLN24,tierA_p95,B cells,il6_jak_stat3,N1,20.0,25.0,0.01478060555906939,0.014428769218765462,0.015117134109096975
SPLN24,tierA_p95,B cells,il6_jak_stat3,N1,25.0,30.0,0.01471991992775788,0.01426312476642314,0.01517059172690717
SPLN24,tierA_p95,B cells,il6_jak_stat3,N1,30.0,35.0,0.014650146351597776,0.014039790714860804,0.015304204033121487
SPLN24,tierA_p95,B cells,il6_jak_stat3,N1,35.0,40.0,0.014543894247636685,0.013573025745104475,0.015546980331568788
SPLN24,tierA_p95,B cells,il6_jak_stat3,N1,40.0,45.0,0.014409507012404305,0.0128556265694458,0.0160826518264016
SPLN24,tierA_p95,B cells,il6_jak_stat3,N1,45.0,50.0,0.014117060478338854,0.01150199610658876,0.016691158028700942
SPLN24,tierA_p95,B cells,il6_jak_stat3,N1,50.0,55.0,0.013743899402623484,0.008953225101463604,0.018348558725646266
SPLN24,tierA_p95,B cells,il6_jak_stat3,N1,55.0,60.0,0.01322005667607883,0.00342514994146768,0.022794574515411385
SPLN24,tierA_p95,B cells,il6_jak_stat3,N1,60.0,65.0,0.011549827719658295,-0.005636198486172361,0.030172354355454418
SPLN24,tierA_p95,B cells,il6_jak_stat3,N1,65.0,70.0,0.011619830277422647,-0.020106375101022422,0.044945875182747834
SPLN24,tierA_p95,B cells,il6_jak_stat3,N1,70.0,75.0,0.011849298034296114,-0.02424250077456236,0.04688074989244342
SPLN24,tierA_p95,B cells,il6_jak_stat3,N1,75.0,80.0,0.012074367811293127,-0.027070000767707825,0.04972666750351588
SPLN24,tierA_p95,B cells,il6_jak_stat3,N1,80.0,85.0,0.01424221688008239,-0.02718999981880188,0.044691375340335064
SPLN24,tierA_p95,B cells,il6_jak_stat3,N1,85.0,90.0,0.013778852039431057,-0.02593300063163042,0.056210000067949295
SPLN24,tierA_p95,B cells,il6_jak_stat3,N1,90.0,95.0,0.015498022380414048,-0.02718999981880188,0.05975399911403642
SPLN24,tierA_p95,B cells,il6_jak_stat3,N1,95.0,100.0,0.007404356907021281,-0.006870000157505274,0.026390083169098785
SPLN24,tierA_p95,B cells,interferon_response,N1,0.0,5.0,0.015144501923986805,0.014673125227247898,0.015622758476749616
SPLN24,tierA_p95,B cells,interferon_response,N1,5.0,10.0,0.01533070830096023,0.015092396454613289,0.015554717841017517
SPLN24,tierA_p95,B cells,interferon_response,N1,10.0,15.0,0.015325177240223819,0.015089157132298043,0.015560003060501058
SPLN24,tierA_p95,B cells,interferon_response,N1,15.0,20.0,0.015360246952066177,0.0151241744445002,0.015591311848813266
SPLN24,tierA_p95,B cells,interferon_response,N1,20.0,25.0,0.01533348730369714,0.015055341796099858,0.01563158153928812
SPLN24,tierA_p95,B cells,interferon_response,N1,25.0,30.0,0.015347121166162516,0.014981260307106888,0.015736727150307
SPLN24,tierA_p95,B cells,interferon_response,N1,30.0,35.0,0.015313109093953895,0.014770798622629174,0.01586217343666821
SPLN24,tierA_p95,B cells,interferon_response,N1,35.0,40.0,0.015297356879178967,0.014496777852873812,0.01619130808461857
SPLN24,tierA_p95,B cells,interferon_response,N1,40.0,45.0,0.015341605568473745,0.013971797949123304,0.01669778664533261
SPLN24,tierA_p95,B cells,interferon_response,N1,45.0,50.0,0.015381057715774141,0.012980875291582573,0.017764166503716528
SPLN24,tierA_p95,B cells,interferon_response,N1,50.0,55.0,0.01521058012471408,0.011096179071699276,0.019446229999901827
SPLN24,tierA_p95,B cells,interferon_response,N1,55.0,60.0,0.015268321619341836,0.007577913181581687,0.023663920257129385
SPLN24,tierA_p95,B cells,interferon_response,N1,60.0,65.0,0.015228613929608425,-0.0005912499414989724,0.03214253560678722
SPLN24,tierA_p95,B cells,interferon_response,N1,65.0,70.0,0.015384315379591437,-0.009569999761879444,0.03874270051407314
SPLN24,tierA_p95,B cells,interferon_response,N1,70.0,75.0,0.01677177298840364,-0.012534999754279852,0.04749468801310286
SPLN24,tierA_p95,B cells,interferon_response,N1,75.0,80.0,0.013774955852712082,-0.016829999163746834,0.039650000631809235
SPLN24,tierA_p95,B cells,interferon_response,N1,80.0,85.0,0.014867999445898837,-0.016829999163746834,0.03620802478399117
SPLN24,tierA_p95,B cells,interferon_response,N1,85.0,90.0,0.014473471782731518,-0.016829999163746834,0.03910000063478946
SPLN24,tierA_p95,B cells,interferon_response,N1,90.0,95.0,0.015731597850453076,-0.016829999163746834,0.03331500142812724
SPLN24,tierA_p95,B cells,interferon_response,N1,95.0,100.0,0.020997275690929535,-0.006979999598115683,0.03248000144958496
SPLN24,tierA_p95,B cells,oxidative_stress,N1,0.0,5.0,0.024517650400270846,0.023646541857135415,0.025406094443743067
SPLN24,tierA_p95,B cells,oxidative_stress,N1,5.0,10.0,0.024820191808002826,0.024396352214508775,0.025260238393781786
SPLN24,tierA_p95,B cells,oxidative_stress,N1,10.0,15.0,0.024819271536616543,0.024402218838859447,0.025230533976437958
SPLN24,tierA_p95,B cells,oxidative_stress,N1,15.0,20.0,0.02479390610880926,0.02438543042239025,0.025228557592605876
SPLN24,tierA_p95,B cells,oxidative_stress,N1,20.0,25.0,0.02473159650616855,0.02424290562721375,0.025222811763020995
SPLN24,tierA_p95,B cells,oxidative_stress,N1,25.0,30.0,0.024654352442300388,0.023935429732215678,0.025292041316466462
SPLN24,tierA_p95,B cells,oxidative_stress,N1,30.0,35.0,0.0245268218641562,0.023561674800604546,0.02554983532719204
SPLN24,tierA_p95,B cells,oxidative_stress,N1,35.0,40.0,0.02442559726487597,0.022782579477716506,0.025876163505308716
SPLN24,tierA_p95,B cells,oxidative_stress,N1,40.0,45.0,0.02417206689166799,0.021705742323078873,0.026386943924028097
SPLN24,tierA_p95,B cells,oxidative_stress,N1,45.0,50.0,0.023699998677355203,0.019441530285365154,0.027800694564839065
SPLN24,tierA_p95,B cells,oxidative_stress,N1,50.0,55.0,0.02301987168426085,0.01582614604537567,0.030175993426004192
SPLN24,tierA_p95,B cells,oxidative_stress,N1,55.0,60.0,0.021572330920594004,0.007573654294011409,0.0354448000404655
SPLN24,tierA_p95,B cells,oxidative_stress,N1,60.0,65.0,0.018863889567509146,-0.00563749956083484,0.0454160002060234
SPLN24,tierA_p95,B cells,oxidative_stress,N1,65.0,70.0,0.016521874680172584,-0.028636249853298067,0.05741570865114527
SPLN24,tierA_p95,B cells,oxidative_stress,N1,70.0,75.0,0.014272804902758918,-0.030476249987259507,0.0588500015437603
SPLN24,tierA_p95,B cells,oxidative_stress,N1,75.0,80.0,0.012697995430325062,-0.031780000776052475,0.0588500015437603
SPLN24,tierA_p95,B cells,oxidative_stress,N1,80.0,85.0,0.012954321789967598,-0.028598749870434405,0.055979500012472184
SPLN24,tierA_p95,B cells,oxidative_stress,N1,85.0,90.0,0.01549217864122967,-0.017776749713812018,0.058293000608682616
SPLN24,tierA_p95,B cells,oxidative_stress,N1,90.0,95.0,0.013621433511253632,-0.029179999604821205,0.057110000401735306
SPLN24,tierA_p95,B cells,oxidative_stress,N1,95.0,100.0,0.00447263077300592,-0.009890000335872173,0.036660000681877136
SPLN24,tierA_p95,B cells,secondary_senescence,N1,0.0,5.0,-0.003182536780098628,-0.0036081548370662905,-0.0027237885845234192
SPLN24,tierA_p95,B cells,secondary_senescence,N1,5.0,10.0,-0.003427042030862556,-0.003641716225591292,-0.003208296641302283
SPLN24,tierA_p95,B cells,secondary_senescence,N1,10.0,15.0,-0.0032270366881996856,-0.0034244840481992655,-0.003037361702387955
SPLN24,tierA_p95,B cells,secondary_senescence,N1,15.0,20.0,-0.0031127733362071677,-0.003316188928034836,-0.002895908678978079
SPLN24,tierA_p95,B cells,secondary_senescence,N1,20.0,25.0,-0.0030326119620994953,-0.003287323001178222,-0.002774001729157019
SPLN24,tierA_p95,B cells,secondary_senescence,N1,25.0,30.0,-0.0029236549176739706,-0.00330389532555306,-0.0025586979754529727
SPLN24,tierA_p95,B cells,secondary_senescence,N1,30.0,35.0,-0.0027709915397835477,-0.00328983365254418,-0.002239736918548582
SPLN24,tierA_p95,B cells,secondary_senescence,N1,35.0,40.0,-0.002568138705954866,-0.0033751967636034192,-0.0017236307862682093
SPLN24,tierA_p95,B cells,secondary_senescence,N1,40.0,45.0,-0.0023721580589535192,-0.0036868500278372587,-0.0010535557482471622
SPLN24,tierA_p95,B cells,secondary_senescence,N1,45.0,50.0,-0.002127430830253604,-0.004248979332842838,-8.151555367246581e-06
SPLN24,tierA_p95,B cells,secondary_senescence,N1,50.0,55.0,-0.0018020952251709369,-0.005524594891193503,0.0024385191049205506
SPLN24,tierA_p95,B cells,secondary_senescence,N1,55.0,60.0,-0.0011391466776747303,-0.007046702994921362,0.007138753642993831
SPLN24,tierA_p95,B cells,secondary_senescence,N1,60.0,65.0,-0.0008869674954257468,-0.012609700098400936,0.013919187639839946
SPLN24,tierA_p95,B cells,secondary_senescence,N1,65.0,70.0,-0.00014552305360146116,-0.0165108751389198,0.02160624950192868
SPLN24,tierA_p95,B cells,secondary_senescence,N1,70.0,75.0,0.0006581932353822012,-0.019120000302791595,0.027423124760389328
SPLN24,tierA_p95,B cells,secondary_senescence,N1,75.0,80.0,-0.0007081530640927693,-0.019120000302791595,0.0228899996727705
SPLN24,tierA_p95,B cells,secondary_senescence,N1,80.0,85.0,-0.0008189777673020044,-0.01937650036998093,0.023389499913901015
SPLN24,tierA_p95,B cells,secondary_senescence,N1,85.0,90.0,0.0017044857649954122,-0.016090000048279762,0.026356000453233698
SPLN24,tierA_p95,B cells,secondary_senescence,N1,90.0,95.0,0.0016406995063694475,-0.019804000481963156,0.030719999223947525
SPLN24,tierA_p95,B cells,secondary_senescence,N1,95.0,100.0,0.008072724346811565,-0.012029999867081642,0.013740000315010548
SPLN24,tierA_p95,B cells,tnfa_nfkb_proximal,N1,0.0,5.0,0.002032390462371329,0.0016086834548099489,0.002459260440796779
SPLN24,tierA_p95,B cells,tnfa_nfkb_proximal,N1,5.0,10.0,0.0019877635180184246,0.0017967918589270639,0.002193369803237629
SPLN24,tierA_p95,B cells,tnfa_nfkb_proximal,N1,10.0,15.0,0.002042724248034732,0.0018337620863833398,0.0022477255530537624
SPLN24,tierA_p95,B cells,tnfa_nfkb_proximal,N1,15.0,20.0,0.002069139163218179,0.0018615046846270089,0.002275054828335154
SPLN24,tierA_p95,B cells,tnfa_nfkb_proximal,N1,20.0,25.0,0.0020528365130791306,0.0018137363351132794,0.002293004364308327
SPLN24,tierA_p95,B cells,tnfa_nfkb_proximal,N1,25.0,30.0,0.002073982078084836,0.0017498356648553207,0.0024098882500113955
SPLN24,tierA_p95,B cells,tnfa_nfkb_proximal,N1,30.0,35.0,0.002048595063048949,0.0015888864415058094,0.0025320581565806623
SPLN24,tierA_p95,B cells,tnfa_nfkb_proximal,N1,35.0,40.0,0.0020800414015745886,0.0014135880648767172,0.0027625897335685516
SPLN24,tierA_p95,B cells,tnfa_nfkb_proximal,N1,40.0,45.0,0.002041400788246606,0.00093192313391416,0.0031523755251746054
SPLN24,tierA_p95,B cells,tnfa_nfkb_proximal,N1,45.0,50.0,0.001990698999673138,-2.5752831295619693e-05,0.00390890597248079
SPLN24,tierA_p95,B cells,tnfa_nfkb_proximal,N1,50.0,55.0,0.0017382418080201109,-0.0015780540251605284,0.005039692093080253
SPLN24,tierA_p95,B cells,tnfa_nfkb_proximal,N1,55.0,60.0,0.0013911404783977668,-0.004621268641320984,0.008068329123161673
SPLN24,tierA_p95,B cells,tnfa_nfkb_proximal,N1,60.0,65.0,0.0002095189396933588,-0.013060375014902093,0.01271375003125284
SPLN24,tierA_p95,B cells,tnfa_nfkb_proximal,N1,65.0,70.0,-0.0004609032612648303,-0.018788250104989856,0.023251349815400297
SPLN24,tierA_p95,B cells,tnfa_nfkb_proximal,N1,70.0,75.0,-0.0007563757580977556,-0.02259875019080937,0.027768749510869384
SPLN24,tierA_p95,B cells,tnfa_nfkb_proximal,N1,75.0,80.0,-0.0008104917774696751,-0.025949999690055847,0.03522999957203865
SPLN24,tierA_p95,B cells,tnfa_nfkb_proximal,N1,80.0,85.0,-0.0019554075099128113,-0.025949999690055847,0.0189282498962711
SPLN24,tierA_p95,B cells,tnfa_nfkb_proximal,N1,85.0,90.0,-0.0011010341253257447,-0.022430000826716423,0.035670001059770584
SPLN24,tierA_p95,B cells,tnfa_nfkb_proximal,N1,90.0,95.0,-0.0007573877177655613,-0.025949999690055847,0.035670001059770584
SPLN24,tierA_p95,B cells,tnfa_nfkb_proximal,N1,95.0,100.0,0.014854505533665926,-0.009630000218749046,0.035670001059770584
SPLN24,tierA_p95,B cells,downstream_arrest,N3,0.0,5.0,0.031029417959834382,0.029484808929555892,0.032258372228692565
SPLN24,tierA_p95,B cells,downstream_arrest,N3,5.0,10.0,0.031036395545387258,0.02963610200131255,0.03201660762591306
SPLN24,tierA_p95,B cells,downstream_arrest,N3,10.0,15.0,0.031032793130461228,0.029606124063838342,0.032035073538025725
SPLN24,tierA_p95,B cells,downstream_arrest,N3,15.0,20.0,0.031036143941228438,0.02969667521314138,0.0319853919510591
SPLN24,tierA_p95,B cells,downstream_arrest,N3,20.0,25.0,0.031051481582963825,0.029817952146163167,0.03206658158095539
SPLN24,tierA_p95,B cells,downstream_arrest,N3,25.0,30.0,0.031048651392002774,0.029770784033642857,0.0320790767658673
SPLN24,tierA_p95,B cells,downstream_arrest,N3,30.0,35.0,0.031024815454976505,0.029703785071832047,0.03210517680920207
SPLN24,tierA_p95,B cells,downstream_arrest,N3,35.0,40.0,0.031048994497216435,0.02948500297519167,0.03234988258672913
SPLN24,tierA_p95,B cells,downstream_arrest,N3,40.0,45.0,0.03106953534179616,0.029088185957945746,0.03276130307726557
SPLN24,tierA_p95,B cells,downstream_arrest,N3,45.0,50.0,0.031035411494039145,0.02849167944743942,0.033338402001001126
SPLN24,tierA_p95,B cells,downstream_arrest,N3,50.0,55.0,0.0309767813843983,0.028104362538941843,0.03382312723502803
SPLN24,tierA_p95,B cells,downstream_arrest,N3,55.0,60.0,0.030864274378646243,0.02753328102225176,0.03392839944634674
SPLN24,tierA_p95,B cells,downstream_arrest,N3,60.0,65.0,0.030810993991104926,0.027176726462012836,0.03397358306951475
SPLN24,tierA_p95,B cells,downstream_arrest,N3,65.0,70.0,0.030864446091328466,0.026901228090186455,0.034046908919418285
SPLN24,tierA_p95,B cells,downstream_arrest,N3,70.0,75.0,0.030850896731836108,0.027045039445884468,0.03414133829340864
SPLN24,tierA_p95,B cells,downstream_arrest,N3,75.0,80.0,0.030896346666160923,0.02664741847316054,0.03457555619545278
SPLN24,tierA_p95,B cells,downstream_arrest,N3,80.0,85.0,0.03084923771687982,0.026650089690796967,0.034379576868690635
SPLN24,tierA_p95,B cells,downstream_arrest,N3,85.0,90.0,0.030848805268140003,0.026586170744543464,0.03447745137757195
SPLN24,tierA_p95,B cells,downstream_arrest,N3,90.0,95.0,0.030803098058350416,0.026545187660265004,0.03431394640309905
SPLN24,tierA_p95,B cells,downstream_arrest,N3,95.0,100.0,0.03060412427762248,0.027503441587353274,0.03279874396584681
SPLN24,tierA_p95,B cells,emt_ecm,N3,0.0,5.0,-0.007296167751095455,-0.008169776193084836,-0.006188574543716255
SPLN24,tierA_p95,B cells,emt_ecm,N3,5.0,10.0,-0.007306925229240067,-0.007997288036429651,-0.006311448402157194
SPLN24,tierA_p95,B cells,emt_ecm,N3,10.0,15.0,-0.007303905148359267,-0.007899767537675488,-0.0063960580371073715
SPLN24,tierA_p95,B cells,emt_ecm,N3,15.0,20.0,-0.007312046963195692,-0.007897566950004365,-0.006362079526375006
SPLN24,tierA_p95,B cells,emt_ecm,N3,20.0,25.0,-0.007311332028754617,-0.007957258337114977,-0.0063115516647738535
SPLN24,tierA_p95,B cells,emt_ecm,N3,25.0,30.0,-0.007325111186975321,-0.008062910748682844,-0.006340573197299122
SPLN24,tierA_p95,B cells,emt_ecm,N3,30.0,35.0,-0.007293113232409645,-0.008140534779529838,-0.006101322928917791
SPLN24,tierA_p95,B cells,emt_ecm,N3,35.0,40.0,-0.0073090363308191365,-0.008493699404977,-0.005828050381043522
SPLN24,tierA_p95,B cells,emt_ecm,N3,40.0,45.0,-0.007322809793166055,-0.008813366969189043,-0.005411401696437297
SPLN24,tierA_p95,B cells,emt_ecm,N3,45.0,50.0,-0.00730266716033596,-0.009179659668406831,-0.0050042445234351795
SPLN24,tierA_p95,B cells,emt_ecm,N3,50.0,55.0,-0.007243149330666169,-0.009470040988908425,-0.00440236791701445
SPLN24,tierA_p95,B cells,emt_ecm,N3,55.0,60.0,-0.007180291499409258,-0.009834199720766101,-0.004063030736220939
SPLN24,tierA_p95,B cells,emt_ecm,N3,60.0,65.0,-0.00713300217999435,-0.009801411722976657,-0.0034842536914605976
SPLN24,tierA_p95,B cells,emt_ecm,N3,65.0,70.0,-0.007136449481884721,-0.009886011672930243,-0.003693543609254742
SPLN24,tierA_p95,B cells,emt_ecm,N3,70.0,75.0,-0.007103015991365145,-0.009981519031547589,-0.0036263804302651675
SPLN24,tierA_p95,B cells,emt_ecm,N3,75.0,80.0,-0.007148286816132168,-0.009867095183044398,-0.003829139104011892
SPLN24,tierA_p95,B cells,emt_ecm,N3,80.0,85.0,-0.0071511971019349975,-0.009988954379422026,-0.0035339279935982836
SPLN24,tierA_p95,B cells,emt_ecm,N3,85.0,90.0,-0.0070947232909125465,-0.010030192245596793,-0.0027034467514836682
SPLN24,tierA_p95,B cells,emt_ecm,N3,90.0,95.0,-0.007098204118275882,-0.010104542636487307,-0.003286174022080386
SPLN24,tierA_p95,B cells,emt_ecm,N3,95.0,100.0,-0.006924481567858331,-0.00873034926731467,-0.003501103263541174
SPLN24,tierA_p95,B cells,il6_jak_stat3,N3,0.0,5.0,0.014750137782435092,0.013920751267748572,0.01552260835585269
SPLN24,tierA_p95,B cells,il6_jak_stat3,N3,5.0,10.0,0.014752518938969875,0.014165096739749358,0.015363642794136134
SPLN24,tierA_p95,B cells,il6_jak_stat3,N3,10.0,15.0,0.014761303842373737,0.014269094832508879,0.015297705522046727
SPLN24,tierA_p95,B cells,il6_jak_stat3,N3,15.0,20.0,0.014759835483011357,0.014235300279567615,0.015349997388495091
SPLN24,tierA_p95,B cells,il6_jak_stat3,N3,20.0,25.0,0.014770193227322762,0.014155573793636621,0.015400705641608201
SPLN24,tierA_p95,B cells,il6_jak_stat3,N3,25.0,30.0,0.014762476442797252,0.01410786223717266,0.015425752465167204
SPLN24,tierA_p95,B cells,il6_jak_stat3,N3,30.0,35.0,0.014756980845514715,0.013997922865116459,0.015514688783605282
SPLN24,tierA_p95,B cells,il6_jak_stat3,N3,35.0,40.0,0.014747624341793894,0.013731596095520195,0.01575343901506062
SPLN24,tierA_p95,B cells,il6_jak_stat3,N3,40.0,45.0,0.014758647534541241,0.013401652711120024,0.016150672117987087
SPLN24,tierA_p95,B cells,il6_jak_stat3,N3,45.0,50.0,0.014737683831125873,0.013098049568104005,0.01644920370129929
SPLN24,tierA_p95,B cells,il6_jak_stat3,N3,50.0,55.0,0.014785885247485076,0.01290307391694768,0.016917392673882776
SPLN24,tierA_p95,B cells,il6_jak_stat3,N3,55.0,60.0,0.01476569144944921,0.012467419624932273,0.016991024812271664
SPLN24,tierA_p95,B cells,il6_jak_stat3,N3,60.0,65.0,0.014686443979905605,0.012272547135203987,0.017028771669272674
SPLN24,tierA_p95,B cells,il6_jak_stat3,N3,65.0,70.0,0.014757412819627284,0.012386065548486902,0.017135939754868067
SPLN24,tierA_p95,B cells,il6_jak_stat3,N3,70.0,75.0,0.014812874512026765,0.012237959251625337,0.01754565662164684
SPLN24,tierA_p95,B cells,il6_jak_stat3,N3,75.0,80.0,0.014664116447774076,0.012152614583292596,0.017312254990693426
SPLN24,tierA_p95,B cells,il6_jak_stat3,N3,80.0,85.0,0.014712775113742669,0.01206709916865504,0.017247295023210724
SPLN24,tierA_p95,B cells,il6_jak_stat3,N3,85.0,90.0,0.014774622722214019,0.012228195035366504,0.017399331194206166
SPLN24,tierA_p95,B cells,il6_jak_stat3,N3,90.0,95.0,0.01474360710393464,0.012049364393944082,0.017288922305044554
SPLN24,tierA_p95,B cells,il6_jak_stat3,N3,95.0,100.0,0.014779705816648829,0.013619107832320156,0.01573203528530712
SPLN24,tierA_p95,B cells,interferon_response,N3,0.0,5.0,0.015344445052126027,0.014693460207482611,0.015966534753412632
SPLN24,tierA_p95,B cells,interferon_response,N3,5.0,10.0,0.015332490047180942,0.014885698246923982,0.015856515666603795
SPLN24,tierA_p95,B cells,interferon_response,N3,10.0,15.0,0.015334085175903959,0.014907728440363352,0.015801746779976276
SPLN24,tierA_p95,B cells,interferon_response,N3,15.0,20.0,0.01533056039545172,0.014879917319368744,0.01581001777120959
SPLN24,tierA_p95,B cells,interferon_response,N3,20.0,25.0,0.01533249162709006,0.014844249409960087,0.01582413301749091
SPLN24,tierA_p95,B cells,interferon_response,N3,25.0,30.0,0.015334834322706272,0.014798257716010356,0.015942477466674664
SPLN24,tierA_p95,B cells,interferon_response,N3,30.0,35.0,0.015322879478607639,0.014699693391239955,0.016054729453193115
SPLN24,tierA_p95,B cells,interferon_response,N3,35.0,40.0,0.015308425308873858,0.01443020379695252,0.01628133051408988
SPLN24,tierA_p95,B cells,interferon_response,N3,40.0,45.0,0.01536053641038729,0.014224659507797187,0.016665257825830632
SPLN24,tierA_p95,B cells,interferon_response,N3,45.0,50.0,0.015358374209864996,0.01384318369816112,0.016973542378716254
SPLN24,tierA_p95,B cells,interferon_response,N3,50.0,55.0,0.015351096646716527,0.013485881981455587,0.01723352820206391
SPLN24,tierA_p95,B cells,interferon_response,N3,55.0,60.0,0.01534833216454069,0.01355192987106688,0.017649265922073283
SPLN24,tierA_p95,B cells,interferon_response,N3,60.0,65.0,0.015418293470151433,0.013447401732130925,0.017670679721537845
SPLN24,tierA_p95,B cells,interferon_response,N3,65.0,70.0,0.015370188186554636,0.013209593042090646,0.017729703693319176
SPLN24,tierA_p95,B cells,interferon_response,N3,70.0,75.0,0.015442022821483574,0.013219878659843174,0.017814278472451796
SPLN24,tierA_p95,B cells,interferon_response,N3,75.0,80.0,0.015434577722573511,0.01333267541123613,0.01804233343621817
SPLN24,tierA_p95,B cells,interferon_response,N3,80.0,85.0,0.01539786422050846,0.013237486146913006,0.018169590578672228
SPLN24,tierA_p95,B cells,interferon_response,N3,85.0,90.0,0.01540776721492444,0.013239326113732469,0.018020348136040264
SPLN24,tierA_p95,B cells,interferon_response,N3,90.0,95.0,0.015466008837386734,0.013225490291426474,0.018157362781662443
SPLN24,tierA_p95,B cells,interferon_response,N3,95.0,100.0,0.015596440245339559,0.01465884394889652,0.017978408091152046
SPLN24,tierA_p95,B cells,oxidative_stress,N3,0.0,5.0,0.02471318333488972,0.023125386465976273,0.026065671541009718
SPLN24,tierA_p95,B cells,oxidative_stress,N3,5.0,10.0,0.02470657633193151,0.023336431198995464,0.025902585702309938
SPLN24,tierA_p95,B cells,oxidative_stress,N3,10.0,15.0,0.024693323269724055,0.023448774640744133,0.025753907200098382
SPLN24,tierA_p95,B cells,oxidative_stress,N3,15.0,20.0,0.024691888276930057,0.02339701921836877,0.0258099703029981
SPLN24,tierA_p95,B cells,oxidative_stress,N3,20.0,25.0,0.024703515666051754,0.023465337496731298,0.02572426287608011
SPLN24,tierA_p95,B cells,oxidative_stress,N3,25.0,30.0,0.024696646140037252,0.02347155980438358,0.025836665888501843
SPLN24,tierA_p95,B cells,oxidative_stress,N3,30.0,35.0,0.024702760995043604,0.023374196442037233,0.025949433570165985
SPLN24,tierA_p95,B cells,oxidative_stress,N3,35.0,40.0,0.02475049642337349,0.023142612298989645,0.02624650059293535
SPLN24,tierA_p95,B cells,oxidative_stress,N3,40.0,45.0,0.024787291426969414,0.02290413408151506,0.026816244746470937
SPLN24,tierA_p95,B cells,oxidative_stress,N3,45.0,50.0,0.02478519784337379,0.022335966429922072,0.02711193824703617
SPLN24,tierA_p95,B cells,oxidative_stress,N3,50.0,55.0,0.024686956453898925,0.021650081732028963,0.0276934060186305
SPLN24,tierA_p95,B cells,oxidative_stress,N3,55.0,60.0,0.024741560467312483,0.021298182225221157,0.027925078807257794
SPLN24,tierA_p95,B cells,oxidative_stress,N3,60.0,65.0,0.024630448803581086,0.020773282332164886,0.027936819500429266
SPLN24,tierA_p95,B cells,oxidative_stress,N3,65.0,70.0,0.024624562581313347,0.020923327010240446,0.028429898247401438
SPLN24,tierA_p95,B cells,oxidative_stress,N3,70.0,75.0,0.024636365572059934,0.020137953520020773,0.028367409841355575
SPLN24,tierA_p95,B cells,oxidative_stress,N3,75.0,80.0,0.02461141528767807,0.020555408296376736,0.028409101142318257
SPLN24,tierA_p95,B cells,oxidative_stress,N3,80.0,85.0,0.024706692645999503,0.020531292403485734,0.02856162429755746
SPLN24,tierA_p95,B cells,oxidative_stress,N3,85.0,90.0,0.024625903815928957,0.020636915869980847,0.02816666032334628
SPLN24,tierA_p95,B cells,oxidative_stress,N3,90.0,95.0,0.024634348694698854,0.02084342765971383,0.02810085430070695
SPLN24,tierA_p95,B cells,oxidative_stress,N3,95.0,100.0,0.02459142837613776,0.022425629992338224,0.026569317324580805
SPLN24,tierA_p95,B cells,secondary_senescence,N3,0.0,5.0,-0.0031025117191155823,-0.003770960746117274,-0.0022509234448887627
SPLN24,tierA_p95,B cells,secondary_senescence,N3,5.0,10.0,-0.003108140100144882,-0.003642401164600021,-0.0023805341694152324
SPLN24,tierA_p95,B cells,secondary_senescence,N3,10.0,15.0,-0.0031087606778238603,-0.0036080006742362234,-0.0024348137727906796
SPLN24,tierA_p95,B cells,secondary_senescence,N3,15.0,20.0,-0.0031112500619615443,-0.0035507870374863475,-0.0024159661503609
SPLN24,tierA_p95,B cells,secondary_senescence,N3,20.0,25.0,-0.0031149181345108334,-0.0035940577035173055,-0.0024314444396036903
SPLN24,tierA_p95,B cells,secondary_senescence,N3,25.0,30.0,-0.0031164543786524105,-0.0036644579012036402,-0.002341662800618248
SPLN24,tierA_p95,B cells,secondary_senescence,N3,30.0,35.0,-0.003113388019328724,-0.003805861841899935,-0.002190922061709231
SPLN24,tierA_p95,B cells,secondary_senescence,N3,35.0,40.0,-0.0031388000292482017,-0.004045516352108362,-0.0020795772281444
SPLN24,tierA_p95,B cells,secondary_senescence,N3,40.0,45.0,-0.003127848966841082,-0.004251332093892984,-0.0017367743593818263
SPLN24,tierA_p95,B cells,secondary_senescence,N3,45.0,50.0,-0.0031104544521514624,-0.004524037303389088,-0.0012782612918661189
SPLN24,tierA_p95,B cells,secondary_senescence,N3,50.0,55.0,-0.0031050912928132393,-0.004849827706359986,-0.0009464677491804942
SPLN24,tierA_p95,B cells,secondary_senescence,N3,55.0,60.0,-0.0030280435674940407,-0.005080354092592577,-0.0008557932436715668
SPLN24,tierA_p95,B cells,secondary_senescence,N3,60.0,65.0,-0.0030076341359190216,-0.005097462440823175,-0.0003275929967341598
SPLN24,tierA_p95,B cells,secondary_senescence,N3,65.0,70.0,-0.00300183285732403,-0.005186204981502352,-0.00027028175703367336
SPLN24,tierA_p95,B cells,secondary_senescence,N3,70.0,75.0,-0.0029595335737172645,-0.005194299506923994,-0.00023536302703367013
SPLN24,tierA_p95,B cells,secondary_senescence,N3,75.0,80.0,-0.0030137837039007262,-0.005100231151989858,-0.0003465833037685352
SPLN24,tierA_p95,B cells,secondary_senescence,N3,80.0,85.0,-0.0030198947284295905,-0.005187674827693302,-4.844956400865876e-05
SPLN24,tierA_p95,B cells,secondary_senescence,N3,85.0,90.0,-0.0029691184754055615,-0.005189869685798333,5.422531298871582e-05
SPLN24,tierA_p95,B cells,secondary_senescence,N3,90.0,95.0,-0.0029675022644047545,-0.0052606421976703205,-0.0001893637797194211
SPLN24,tierA_p95,B cells,secondary_senescence,N3,95.0,100.0,-0.0028530076254091015,-0.004210842137107493,-0.0002576951802345534
SPLN24,tierA_p95,B cells,tnfa_nfkb_proximal,N3,0.0,5.0,0.0020536737063372454,0.0015495088558589215,0.0026072078454678076
SPLN24,tierA_p95,B cells,tnfa_nfkb_proximal,N3,5.0,10.0,0.0020506619681997587,0.0016894596859189635,0.002386902863686857
SPLN24,tierA_p95,B cells,tnfa_nfkb_proximal,N3,10.0,15.0,0.002042986871707561,0.0017467728833758902,0.0023672451512789633
SPLN24,tierA_p95,B cells,tnfa_nfkb_proximal,N3,15.0,20.0,0.002043049496792836,0.0017236306743246075,0.002369575112125538
SPLN24,tierA_p95,B cells,tnfa_nfkb_proximal,N3,20.0,25.0,0.0020504640734520974,0.0016925818818848595,0.0024267547458086325
SPLN24,tierA_p95,B cells,tnfa_nfkb_proximal,N3,25.0,30.0,0.002041459411905154,0.001636153858175497,0.0024790629953396494
SPLN24,tierA_p95,B cells,tnfa_nfkb_proximal,N3,30.0,35.0,0.002038192247804239,0.0015261364767397594,0.0026118106562114424
SPLN24,tierA_p95,B cells,tnfa_nfkb_proximal,N3,35.0,40.0,0.0020386593512825967,0.0013298779195992881,0.002787101920661848
SPLN24,tierA_p95,B cells,tnfa_nfkb_proximal,N3,40.0,45.0,0.0020553635464950325,0.0011436994261498701,0.0030408260179717534
SPLN24,tierA_p95,B cells,tnfa_nfkb_proximal,N3,45.0,50.0,0.0020503784287790768,0.0008379723178901971,0.0032748262806664183
SPLN24,tierA_p95,B cells,tnfa_nfkb_proximal,N3,50.0,55.0,0.002086733614216529,0.000669187095556639,0.003610826304839445
SPLN24,tierA_p95,B cells,tnfa_nfkb_proximal,N3,55.0,60.0,0.002081392878664822,0.0005470308901472941,0.003678004219738553
SPLN24,tierA_p95,B cells,tnfa_nfkb_proximal,N3,60.0,65.0,0.0020904121002928234,0.0006058673321377363,0.0039416481735171545
SPLN24,tierA_p95,B cells,tnfa_nfkb_proximal,N3,65.0,70.0,0.0021189208042167195,0.00040123617530574265,0.003908685099258962
SPLN24,tierA_p95,B cells,tnfa_nfkb_proximal,N3,70.0,75.0,0.0020564991960593565,0.00033944298394813355,0.0038435002710993896
SPLN24,tierA_p95,B cells,tnfa_nfkb_proximal,N3,75.0,80.0,0.0021119502786467095,0.0004243151373851268,0.004086650472498353
SPLN24,tierA_p95,B cells,tnfa_nfkb_proximal,N3,80.0,85.0,0.002069160768334953,0.0003207757400617026,0.00397785206469948
SPLN24,tierA_p95,B cells,tnfa_nfkb_proximal,N3,85.0,90.0,0.0020855945163567456,0.00041234225228546986,0.0039258226142387985
SPLN24,tierA_p95,B cells,tnfa_nfkb_proximal,N3,90.0,95.0,0.0021384615944383518,0.00044090360270928843,0.004212358487196829
SPLN24,tierA_p95,B cells,tnfa_nfkb_proximal,N3,95.0,100.0,0.0021681176999263693,0.001627687759537315,0.003463802920508213
SPLN24,tierA_p95,B cells,downstream_arrest,N4,0.0,5.0,0.03130731953378894,0.030523610929852507,0.03204754266251814
SPLN24,tierA_p95,B cells,downstream_arrest,N4,5.0,10.0,0.03131129095154947,0.030784627701164982,0.03190202247408496
SPLN24,tierA_p95,B cells,downstream_arrest,N4,10.0,15.0,0.031355868318734784,0.03086796587183865,0.0318486108647538
SPLN24,tierA_p95,B cells,downstream_arrest,N4,15.0,20.0,0.03139983406364258,0.03088785409527163,0.03200923522610443
SPLN24,tierA_p95,B cells,downstream_arrest,N4,20.0,25.0,0.03140532459830245,0.030701704571899767,0.03224450783920889
SPLN24,tierA_p95,B cells,downstream_arrest,N4,25.0,30.0,0.03137636017029746,0.030509091443590392,0.03239764748079739
SPLN24,tierA_p95,B cells,downstream_arrest,N4,30.0,35.0,0.03135184991110393,0.03029604481047675,0.03268802339195973
SPLN24,tierA_p95,B cells,downstream_arrest,N4,35.0,40.0,0.03125406796685599,0.02996078208154495,0.0327048200808644
SPLN24,tierA_p95,B cells,downstream_arrest,N4,40.0,45.0,0.031093827661082835,0.029282205347616354,0.033094132553982664
SPLN24,tierA_p95,B cells,downstream_arrest,N4,45.0,50.0,0.030926092774938525,0.028427981739505167,0.0336421493775572
SPLN24,tierA_p95,B cells,downstream_arrest,N4,50.0,55.0,0.030572692762851888,0.027638797651349835,0.03357264842430231
SPLN24,tierA_p95,B cells,downstream_arrest,N4,55.0,60.0,0.030253922475793657,0.02639427439822225,0.03412400263167081
SPLN24,tierA_p95,B cells,downstream_arrest,N4,60.0,65.0,0.030081246633862448,0.02587801156094197,0.03440319909684187
SPLN24,tierA_p95,B cells,downstream_arrest,N4,65.0,70.0,0.030224833008153092,0.02609762212335959,0.03460676120119074
SPLN24,tierA_p95,B cells,downstream_arrest,N4,70.0,75.0,0.03004146555542303,0.024903443764174405,0.03453431413241189
SPLN24,tierA_p95,B cells,downstream_arrest,N4,75.0,80.0,0.030037693916521443,0.0248903964407161,0.03455594923197437
SPLN24,tierA_p95,B cells,downstream_arrest,N4,80.0,85.0,0.03023563633891605,0.025226466675965408,0.034735026009350384
SPLN24,tierA_p95,B cells,downstream_arrest,N4,85.0,90.0,0.03005653503366996,0.025141682950145745,0.03456503861617185
SPLN24,tierA_p95,B cells,downstream_arrest,N4,90.0,95.0,0.03055921064798938,0.025345506693923374,0.03531260370686856
SPLN24,tierA_p95,B cells,downstream_arrest,N4,95.0,100.0,0.029828956433427044,0.02651738009869154,0.031246093960867853
SPLN24,tierA_p95,B cells,emt_ecm,N4,0.0,5.0,-0.007204380685038362,-0.008029683233725868,-0.006272460078268379
SPLN24,tierA_p95,B cells,emt_ecm,N4,5.0,10.0,-0.007197378734612473,-0.00789795267802943,-0.00649037635794533
SPLN24,tierA_p95,B cells,emt_ecm,N4,10.0,15.0,-0.007231694395935123,-0.00777629236516493,-0.0065995106573720225
SPLN24,tierA_p95,B cells,emt_ecm,N4,15.0,20.0,-0.007262931494792866,-0.007692844491265519,-0.006700459725139499
SPLN24,tierA_p95,B cells,emt_ecm,N4,20.0,25.0,-0.007261531026666042,-0.007779347301757967,-0.006685784250487009
SPLN24,tierA_p95,B cells,emt_ecm,N4,25.0,30.0,-0.007257351712343098,-0.007858500098264954,-0.006593013603908477
SPLN24,tierA_p95,B cells,emt_ecm,N4,30.0,35.0,-0.007253244450063716,-0.008069276706323259,-0.0063105747366328
SPLN24,tierA_p95,B cells,emt_ecm,N4,35.0,40.0,-0.007199866844086508,-0.00839199304767198,-0.005934728142425408
SPLN24,tierA_p95,B cells,emt_ecm,N4,40.0,45.0,-0.007197117766977807,-0.008765154841944085,-0.005488239282690615
SPLN24,tierA_p95,B cells,emt_ecm,N4,45.0,50.0,-0.00709723166351246,-0.009445806257483872,-0.004646836968139074
SPLN24,tierA_p95,B cells,emt_ecm,N4,50.0,55.0,-0.006914711603623301,-0.009594621550497331,-0.0034231387610315395
SPLN24,tierA_p95,B cells,emt_ecm,N4,55.0,60.0,-0.006900279000876069,-0.009818025731632525,-0.0030757925513079914
SPLN24,tierA_p95,B cells,emt_ecm,N4,60.0,65.0,-0.006785371144865048,-0.009924430996840247,-0.0021909319315895925
SPLN24,tierA_p95,B cells,emt_ecm,N4,65.0,70.0,-0.00676752686201063,-0.009818190045077411,-0.0023188309381314163
SPLN24,tierA_p95,B cells,emt_ecm,N4,70.0,75.0,-0.006905496475170051,-0.010033277899967129,-0.0018761410282577113
SPLN24,tierA_p95,B cells,emt_ecm,N4,75.0,80.0,-0.006880119115184981,-0.010383141683299027,-0.0022696200911901353
SPLN24,tierA_p95,B cells,emt_ecm,N4,80.0,85.0,-0.007008699624213713,-0.01059620227115423,-0.002128694239424174
SPLN24,tierA_p95,B cells,emt_ecm,N4,85.0,90.0,-0.006981833020622643,-0.010335731073406044,-0.0019070878734734852
SPLN24,tierA_p95,B cells,emt_ecm,N4,90.0,95.0,-0.006972860470941056,-0.010691299134695543,-0.0022294164383354293
SPLN24,tierA_p95,B cells,emt_ecm,N4,95.0,100.0,-0.0069269136423659354,-0.0084708019971062,-0.0033309544342331405
SPLN24,tierA_p95,B cells,il6_jak_stat3,N4,0.0,5.0,0.014717487598689136,0.013984114435313222,0.015402815587293332
SPLN24,tierA_p95,B cells,il6_jak_stat3,N4,5.0,10.0,0.014738819138824516,0.014205625876819308,0.01522950316730969
SPLN24,tierA_p95,B cells,il6_jak_stat3,N4,10.0,15.0,0.014743731466685247,0.014302559149500257,0.015195204007728773
SPLN24,tierA_p95,B cells,il6_jak_stat3,N4,15.0,20.0,0.014737818429517423,0.014296005280188146,0.015182775548453091
SPLN24,tierA_p95,B cells,il6_jak_stat3,N4,20.0,25.0,0.014745345858818176,0.01422651773221132,0.01523987679082761
SPLN24,tierA_p95,B cells,il6_jak_stat3,N4,25.0,30.0,0.014758505657604138,0.014144863786205823,0.015355830330021197
SPLN24,tierA_p95,B cells,il6_jak_stat3,N4,30.0,35.0,0.01474792734329942,0.01394738322473247,0.01547398020007838
SPLN24,tierA_p95,B cells,il6_jak_stat3,N4,35.0,40.0,0.014736639779531786,0.013760280503167372,0.01579975645257648
SPLN24,tierA_p95,B cells,il6_jak_stat3,N4,40.0,45.0,0.014694290320437299,0.013088820339201505,0.016079910280762097
SPLN24,tierA_p95,B cells,il6_jak_stat3,N4,45.0,50.0,0.014820999635989018,0.012932470852396785,0.016698921929947805
SPLN24,tierA_p95,B cells,il6_jak_stat3,N4,50.0,55.0,0.014858921434535436,0.012408529546179855,0.017142685171670825
SPLN24,tierA_p95,B cells,il6_jak_stat3,N4,55.0,60.0,0.01498872332905972,0.012091380725823431,0.01772258595789184
SPLN24,tierA_p95,B cells,il6_jak_stat3,N4,60.0,65.0,0.015044352248902928,0.011808034618871076,0.01820458848694589
SPLN24,tierA_p95,B cells,il6_jak_stat3,N4,65.0,70.0,0.014998104988178,0.011781828644394378,0.018705897133931223
SPLN24,tierA_p95,B cells,il6_jak_stat3,N4,70.0,75.0,0.014894136480575363,0.011447772827696007,0.01837517056201345
SPLN24,tierA_p95,B cells,il6_jak_stat3,N4,75.0,80.0,0.014957127914041891,0.01128606057557734,0.018637988799779577
SPLN24,tierA_p95,B cells,il6_jak_stat3,N4,80.0,85.0,0.014929424864591976,0.011290051046631335,0.018600211071255777
SPLN24,tierA_p95,B cells,il6_jak_stat3,N4,85.0,90.0,0.014978109028398624,0.0114841363794946,0.01877238153986994
SPLN24,tierA_p95,B cells,il6_jak_stat3,N4,90.0,95.0,0.014777858044376625,0.010906905305875465,0.018993879413193165
SPLN24,tierA_p95,B cells,il6_jak_stat3,N4,95.0,100.0,0.014601838226915258,0.012459874044540733,0.016423020102882897
SPLN24,tierA_p95,B cells,interferon_response,N4,0.0,5.0,0.01515823244880489,0.014565359539070285,0.015729415830559933
SPLN24,tierA_p95,B cells,interferon_response,N4,5.0,10.0,0.015141083220838856,0.014763192653858032,0.015535820919854785
SPLN24,tierA_p95,B cells,interferon_response,N4,10.0,15.0,0.015117775222867712,0.014741435036865196,0.015461856153724507
SPLN24,tierA_p95,B cells,interferon_response,N4,15.0,20.0,0.015115245194070419,0.014734539802338863,0.01544738279774983
SPLN24,tierA_p95,B cells,interferon_response,N4,20.0,25.0,0.015097665547985317,0.01469633451696127,0.015487766116379515
SPLN24,tierA_p95,B cells,interferon_response,N4,25.0,30.0,0.015091542602776646,0.014576118347471268,0.015591974485401278
SPLN24,tierA_p95,B cells,interferon_response,N4,30.0,35.0,0.015122791911786356,0.01444862868077199,0.015760387545427624
SPLN24,tierA_p95,B cells,interferon_response,N4,35.0,40.0,0.015223637784453544,0.014371978586954501,0.016063573283569794
SPLN24,tierA_p95,B cells,interferon_response,N4,40.0,45.0,0.015323551879437609,0.01401811872855756,0.016594718326953087
SPLN24,tierA_p95,B cells,interferon_response,N4,45.0,50.0,0.015485700409614438,0.013927763726699053,0.01722812543289698
SPLN24,tierA_p95,B cells,interferon_response,N4,50.0,55.0,0.015679042276111152,0.013797928358373157,0.017925587084221945
SPLN24,tierA_p95,B cells,interferon_response,N4,55.0,60.0,0.01573043133130917,0.013534881789221073,0.01821001868660759
SPLN24,tierA_p95,B cells,interferon_response,N4,60.0,65.0,0.0158781815185795,0.013326208988208604,0.018905158070816868
SPLN24,tierA_p95,B cells,interferon_response,N4,65.0,70.0,0.01594383105102789,0.013135301206676752,0.01931971765750657
SPLN24,tierA_p95,B cells,interferon_response,N4,70.0,75.0,0.015951988311373053,0.013056603263250028,0.019538666952668503
SPLN24,tierA_p95,B cells,interferon_response,N4,75.0,80.0,0.015861093031764043,0.012715804057913675,0.019058046347461617
SPLN24,tierA_p95,B cells,interferon_response,N4,80.0,85.0,0.015991484801676777,0.013138698540267396,0.01986200760113316
SPLN24,tierA_p95,B cells,interferon_response,N4,85.0,90.0,0.015938919537587994,0.01289235018624887,0.0194887447038928
SPLN24,tierA_p95,B cells,interferon_response,N4,90.0,95.0,0.015998933643202554,0.012869144060196442,0.019844938277472097
SPLN24,tierA_p95,B cells,interferon_response,N4,95.0,100.0,0.016527005510985047,0.015564286269860386,0.019561463684918977
SPLN24,tierA_p95,B cells,oxidative_stress,N4,0.0,5.0,0.0243069251679279,0.022945197683709364,0.025447146431239586
SPLN24,tierA_p95,B cells,oxidative_stress,N4,5.0,10.0,0.0243551729059164,0.023386323289486106,0.025196715090120798
SPLN24,tierA_p95,B cells,oxidative_stress,N4,10.0,15.0,0.024384306643206632,0.02351298227318333,0.02517116784962345
SPLN24,tierA_p95,B cells,oxidative_stress,N4,15.0,20.0,0.02443230026793913,0.02360504543960235,0.025172340027764854
SPLN24,tierA_p95,B cells,oxidative_stress,N4,20.0,25.0,0.024450065121628613,0.023562583011606554,0.025197982010414902
SPLN24,tierA_p95,B cells,oxidative_stress,N4,25.0,30.0,0.024482189905014686,0.02347575538040864,0.025311506112381484
SPLN24,tierA_p95,B cells,oxidative_stress,N4,30.0,35.0,0.024494759539902686,0.023259857212344894,0.02562354553213849
SPLN24,tierA_p95,B cells,oxidative_stress,N4,35.0,40.0,0.024530567983111533,0.022853740144913794,0.0259276510445473
SPLN24,tierA_p95,B cells,oxidative_stress,N4,40.0,45.0,0.024684272110758493,0.022354064424865896,0.02691802140177473
SPLN24,tierA_p95,B cells,oxidative_stress,N4,45.0,50.0,0.024744378982635883,0.021472254782343568,0.027583379397273542
SPLN24,tierA_p95,B cells,oxidative_stress,N4,50.0,55.0,0.024927798105776618,0.021261566788744704,0.028239637305944674
SPLN24,tierA_p95,B cells,oxidative_stress,N4,55.0,60.0,0.025063883311885908,0.020274492257907815,0.028739383718642906
SPLN24,tierA_p95,B cells,oxidative_stress,N4,60.0,65.0,0.025107038057145918,0.02006111820333633,0.029058371877111678
SPLN24,tierA_p95,B cells,oxidative_stress,N4,65.0,70.0,0.02511219236056336,0.019988751996720785,0.02960482611991313
SPLN24,tierA_p95,B cells,oxidative_stress,N4,70.0,75.0,0.025155794940447798,0.01985818665558802,0.029843695176314418
SPLN24,tierA_p95,B cells,oxidative_stress,N4,75.0,80.0,0.025228072498781173,0.02022490359448451,0.029927841078273492
SPLN24,tierA_p95,B cells,oxidative_stress,N4,80.0,85.0,0.024946899278994555,0.02006703318799246,0.029499967915945197
SPLN24,tierA_p95,B cells,oxidative_stress,N4,85.0,90.0,0.025076850898032573,0.018964136309763388,0.030178907100203642
SPLN24,tierA_p95,B cells,oxidative_stress,N4,90.0,95.0,0.025308530220985972,0.01946828135621707,0.030270732304696592
SPLN24,tierA_p95,B cells,oxidative_stress,N4,95.0,100.0,0.02490788858208478,0.020941155338829162,0.02668072528831287
SPLN24,tierA_p95,B cells,secondary_senescence,N4,0.0,5.0,-0.0028893149373956767,-0.003553316257978127,-0.0020779194036377397
SPLN24,tierA_p95,B cells,secondary_senescence,N4,5.0,10.0,-0.00289972770285813,-0.0034325632836828927,-0.0022969314705298797
SPLN24,tierA_p95,B cells,secondary_senescence,N4,10.0,15.0,-0.0029173315416536304,-0.003389337144300202,-0.0023564523647012113
SPLN24,tierA_p95,B cells,secondary_senescence,N4,15.0,20.0,-0.002945470779794972,-0.003321692772609628,-0.0024174271325512926
SPLN24,tierA_p95,B cells,secondary_senescence,N4,20.0,25.0,-0.002958728854882504,-0.0033669667537846613,-0.002511736922243001
SPLN24,tierA_p95,B cells,secondary_senescence,N4,25.0,30.0,-0.0029591148244764477,-0.0034409124624224883,-0.0024521455594495034
SPLN24,tierA_p95,B cells,secondary_senescence,N4,30.0,35.0,-0.0029700239782011607,-0.003613804881169704,-0.002324917156663926
SPLN24,tierA_p95,B cells,secondary_senescence,N4,35.0,40.0,-0.002971392320545332,-0.003905266077912944,-0.002107699429591483
SPLN24,tierA_p95,B cells,secondary_senescence,N4,40.0,45.0,-0.0029988107959797177,-0.004240391589093861,-0.001667989504917657
SPLN24,tierA_p95,B cells,secondary_senescence,N4,45.0,50.0,-0.0029867752193447235,-0.004699523733440072,-0.0010770011843767601
SPLN24,tierA_p95,B cells,secondary_senescence,N4,50.0,55.0,-0.0029224948533845743,-0.00498205220471945,-0.00017913796620539396
SPLN24,tierA_p95,B cells,secondary_senescence,N4,55.0,60.0,-0.0029268714366032407,-0.005291651304336409,2.987381712909388e-05
SPLN24,tierA_p95,B cells,secondary_senescence,N4,60.0,65.0,-0.002910280935140924,-0.005412250256351385,0.0008417958742360164
SPLN24,tierA_p95,B cells,secondary_senescence,N4,65.0,70.0,-0.0029124941053657516,-0.005553562454928999,0.0007209989369704657
SPLN24,tierA_p95,B cells,secondary_senescence,N4,70.0,75.0,-0.0029908314963107314,-0.005610387765051206,0.000451785115835887
SPLN24,tierA_p95,B cells,secondary_senescence,N4,75.0,80.0,-0.002997329505517837,-0.005878910952976298,0.0007477497313175262
SPLN24,tierA_p95,B cells,secondary_senescence,N4,80.0,85.0,-0.003046490114675534,-0.005731559944799068,0.0008847095016019213
SPLN24,tierA_p95,B cells,secondary_senescence,N4,85.0,90.0,-0.0030729180018015047,-0.00583494707393337,0.00090140728227864
SPLN24,tierA_p95,B cells,secondary_senescence,N4,90.0,95.0,-0.0030868769651960478,-0.006250375688392159,0.0005255138892609337
SPLN24,tierA_p95,B cells,secondary_senescence,N4,95.0,100.0,-0.0033911658672570962,-0.004432107767064338,-0.0011511955417157155
SPLN24,tierA_p95,B cells,tnfa_nfkb_proximal,N4,0.0,5.0,0.0020235332737800543,0.0015940067576858477,0.002501394159519104
SPLN24,tierA_p95,B cells,tnfa_nfkb_proximal,N4,5.0,10.0,0.002033512181486994,0.001719122005863232,0.002358383520391194
SPLN24,tierA_p95,B cells,tnfa_nfkb_proximal,N4,10.0,15.0,0.0020233398769446075,0.0017498275402644734,0.0022916489185393074
SPLN24,tierA_p95,B cells,tnfa_nfkb_proximal,N4,15.0,20.0,0.0020055976456408325,0.0017375443105805384,0.0022531857484216354
SPLN24,tierA_p95,B cells,tnfa_nfkb_proximal,N4,20.0,25.0,0.0020050336240864984,0.0017076576145212466,0.002304417104779141
SPLN24,tierA_p95,B cells,tnfa_nfkb_proximal,N4,25.0,30.0,0.0020037610459661933,0.0016405139510484088,0.0023996350106558536
SPLN24,tierA_p95,B cells,tnfa_nfkb_proximal,N4,30.0,35.0,0.0020162179232706442,0.0015140375453483387,0.002537596971412227
SPLN24,tierA_p95,B cells,tnfa_nfkb_proximal,N4,35.0,40.0,0.002034958748879809,0.0013315082305092193,0.002822412362816619
SPLN24,tierA_p95,B cells,tnfa_nfkb_proximal,N4,40.0,45.0,0.002040939159313352,0.001126697465938768,0.0030061631200539543
SPLN24,tierA_p95,B cells,tnfa_nfkb_proximal,N4,45.0,50.0,0.002154116688067009,0.0009507680750990511,0.0036447043445784846
SPLN24,tierA_p95,B cells,tnfa_nfkb_proximal,N4,50.0,55.0,0.0022647465274585944,0.0006134350316679792,0.004130754613437758
SPLN24,tierA_p95,B cells,tnfa_nfkb_proximal,N4,55.0,60.0,0.0022532007808198735,0.0005062297367738554,0.004339266548756445
SPLN24,tierA_p95,B cells,tnfa_nfkb_proximal,N4,60.0,65.0,0.0022928323639277047,0.00027136766477266113,0.004434576683516757
SPLN24,tierA_p95,B cells,tnfa_nfkb_proximal,N4,65.0,70.0,0.002299538763312131,0.00015711257701423798,0.004923127741598426
SPLN24,tierA_p95,B cells,tnfa_nfkb_proximal,N4,70.0,75.0,0.0022101876589099958,-0.0002499107121626106,0.004763791164469198
SPLN24,tierA_p95,B cells,tnfa_nfkb_proximal,N4,75.0,80.0,0.0023141232426022876,-0.0001083061260183492,0.005005864458949127
SPLN24,tierA_p95,B cells,tnfa_nfkb_proximal,N4,80.0,85.0,0.002154682905597449,-0.00023225970994703306,0.004866279320318968
SPLN24,tierA_p95,B cells,tnfa_nfkb_proximal,N4,85.0,90.0,0.0021729416111569786,-0.00029178127982672057,0.004888559691556892
SPLN24,tierA_p95,B cells,tnfa_nfkb_proximal,N4,90.0,95.0,0.0020528646717305685,-0.0004357699069497205,0.004681372631097932
SPLN24,tierA_p95,B cells,tnfa_nfkb_proximal,N4,95.0,100.0,0.002274986045472814,0.001072614301167032,0.0034848030931787606
SPLN30,tierAmg_p95,B cells,downstream_arrest,N1,0.0,5.0,0.002056901639112728,0.001890611460709325,0.0022335457002842576
SPLN30,tierAmg_p95,B cells,downstream_arrest,N1,5.0,10.0,0.0021090355674467315,0.0020244972370240294,0.0021972302200621223
SPLN30,tierAmg_p95,B cells,downstream_arrest,N1,10.0,15.0,0.0020956028176709668,0.0020090890060803393,0.002186751890876664
SPLN30,tierAmg_p95,B cells,downstream_arrest,N1,15.0,20.0,0.0020878448222474795,0.0019984014860777253,0.002174623897582466
SPLN30,tierAmg_p95,B cells,downstream_arrest,N1,20.0,25.0,0.0020652328065041206,0.001969055104946411,0.0021649074083483423
SPLN30,tierAmg_p95,B cells,downstream_arrest,N1,25.0,30.0,0.002052455204375274,0.0019290354696839824,0.002182356850565474
SPLN30,tierAmg_p95,B cells,downstream_arrest,N1,30.0,35.0,0.002031833177336502,0.0018734484886394277,0.0022026180530038348
SPLN30,tierAmg_p95,B cells,downstream_arrest,N1,35.0,40.0,0.002004832970009843,0.00177413166699234,0.002227557436019731
SPLN30,tierAmg_p95,B cells,downstream_arrest,N1,40.0,45.0,0.0019941291944889092,0.001678883319880873,0.002299429626106718
SPLN30,tierAmg_p95,B cells,downstream_arrest,N1,45.0,50.0,0.0019635520768559577,0.001544505491444419,0.0024057795232651116
SPLN30,tierAmg_p95,B cells,downstream_arrest,N1,50.0,55.0,0.001957780527128125,0.0013538613927736684,0.002552568072704149
SPLN30,tierAmg_p95,B cells,downstream_arrest,N1,55.0,60.0,0.0019460759858210912,0.0011356710835643963,0.002789718196024014
SPLN30,tierAmg_p95,B cells,downstream_arrest,N1,60.0,65.0,0.001894273672233234,0.0008051472627357725,0.003032435680219251
SPLN30,tierAmg_p95,B cells,downstream_arrest,N1,65.0,70.0,0.0018720403492551504,0.00042640023167995187,0.003327076300936937
SPLN30,tierAmg_p95,B cells,downstream_arrest,N1,70.0,75.0,0.0018543197366250794,-9.176434203212942e-05,0.003916269990710134
SPLN30,tierAmg_p95,B cells,downstream_arrest,N1,75.0,80.0,0.0016998018205026289,-0.0010601562453302904,0.004294776015043074
SPLN30,tierAmg_p95,B cells,downstream_arrest,N1,80.0,85.0,0.001618908182738534,-0.0018149500066647307,0.005357428560923178
SPLN30,tierAmg_p95,B cells,downstream_arrest,N1,85.0,90.0,0.0017354957431017092,-0.003075624995108228,0.006931266492853562
SPLN30,tierAmg_p95,B cells,downstream_arrest,N1,90.0,95.0,0.0013133398267461166,-0.003532499940774869,0.007479732077626977
SPLN30,tierAmg_p95,B cells,downstream_arrest,N1,95.0,100.0,0.0015357816723514347,-0.0020082500705029815,0.004659556803314694
SPLN30,tierAmg_p95,B cells,emt_ecm,N1,0.0,5.0,-0.0025149558718117336,-0.002678967251437444,-0.0023596501230022564
SPLN30,tierAmg_p95,B cells,emt_ecm,N1,5.0,10.0,-0.002566178088008142,-0.002647174685695189,-0.0024849950016757765
SPLN30,tierAmg_p95,B cells,emt_ecm,N1,10.0,15.0,-0.002549603801587491,-0.0026359080953139054,-0.0024686423954997615
SPLN30,tierAmg_p95,B cells,emt_ecm,N1,15.0,20.0,-0.0025180043450684668,-0.002601995770252065,-0.002431456207940098
SPLN30,tierAmg_p95,B cells,emt_ecm,N1,20.0,25.0,-0.002496041652025676,-0.002599374815367045,-0.0023884190998897277
SPLN30,tierAmg_p95,B cells,emt_ecm,N1,25.0,30.0,-0.0024595695015410214,-0.0025801268279286955,-0.00233684273012648
SPLN30,tierAmg_p95,B cells,emt_ecm,N1,30.0,35.0,-0.0024168365794991725,-0.002584940130495203,-0.002243200487099909
SPLN30,tierAmg_p95,B cells,emt_ecm,N1,35.0,40.0,-0.002403499555828003,-0.0026200015397707904,-0.0021892273666003713
SPLN30,tierAmg_p95,B cells,emt_ecm,N1,40.0,45.0,-0.0024016523229159477,-0.002689884490782581,-0.0020927426948699653
SPLN30,tierAmg_p95,B cells,emt_ecm,N1,45.0,50.0,-0.0023914540571997388,-0.0027996535402577305,-0.0019566192104610337
SPLN30,tierAmg_p95,B cells,emt_ecm,N1,50.0,55.0,-0.002425770211629854,-0.0030278499603016407,-0.0018513673063326145
SPLN30,tierAmg_p95,B cells,emt_ecm,N1,55.0,60.0,-0.002459059360222068,-0.003185050778965888,-0.0016821248094086795
SPLN30,tierAmg_p95,B cells,emt_ecm,N1,60.0,65.0,-0.0025591116664250694,-0.003586449079583595,-0.001496178467585336
SPLN30,tierAmg_p95,B cells,emt_ecm,N1,65.0,70.0,-0.002708000967959811,-0.003977759958711525,-0.0012098098125157522
SPLN30,tierAmg_p95,B cells,emt_ecm,N1,70.0,75.0,-0.0026688606098215226,-0.004362556758588569,-0.0006359196288290802
SPLN30,tierAmg_p95,B cells,emt_ecm,N1,75.0,80.0,-0.0029320506347725716,-0.004989007144301597,-0.00036832761692303257
SPLN30,tierAmg_p95,B cells,emt_ecm,N1,80.0,85.0,-0.0029576637691159867,-0.005669999987003393,0.0008093056446846777
SPLN30,tierAmg_p95,B cells,emt_ecm,N1,85.0,90.0,-0.0031084400606560675,-0.006226749916095287,0.0019374166673514995
SPLN30,tierAmg_p95,B cells,emt_ecm,N1,90.0,95.0,-0.00313353473623463,-0.006362499979635079,0.003382500071893446
SPLN30,tierAmg_p95,B cells,emt_ecm,N1,95.0,100.0,-0.0029498629488795597,-0.006120000034570694,0.0013131696306248044
SPLN30,tierAmg_p95,B cells,il6_jak_stat3,N1,0.0,5.0,0.002051600022908537,0.0017608332900322342,0.002351892316824651
SPLN30,tierAmg_p95,B cells,il6_jak_stat3,N1,5.0,10.0,0.002070353255784101,0.0019062864114280705,0.0022254486090462168
SPLN30,tierAmg_p95,B cells,il6_jak_stat3,N1,10.0,15.0,0.002080107115772332,0.0019443500632876551,0.0022274797215021966
SPLN30,tierAmg_p95,B cells,il6_jak_stat3,N1,15.0,20.0,0.0020930005676192635,0.0019392012208438287,0.0022426995889933358
SPLN30,tierAmg_p95,B cells,il6_jak_stat3,N1,20.0,25.0,0.00211801181040287,0.0019456178461830715,0.0022993813212632995
SPLN30,tierAmg_p95,B cells,il6_jak_stat3,N1,25.0,30.0,0.0021098331243758596,0.001900366916793401,0.0023336801645022836
SPLN30,tierAmg_p95,B cells,il6_jak_stat3,N1,30.0,35.0,0.0021144639943087946,0.0018441931698089475,0.0024079597091548797
SPLN30,tierAmg_p95,B cells,il6_jak_stat3,N1,35.0,40.0,0.0021454017338084484,0.0017749690263063435,0.002530489790073758
SPLN30,tierAmg_p95,B cells,il6_jak_stat3,N1,40.0,45.0,0.002142789102341719,0.001599307030230272,0.002693398307135651
SPLN30,tierAmg_p95,B cells,il6_jak_stat3,N1,45.0,50.0,0.002192745993915284,0.001541497883622375,0.0029363095101942235
SPLN30,tierAmg_p95,B cells,il6_jak_stat3,N1,50.0,55.0,0.002134216357243784,0.00114062292026166,0.003152290939774212
SPLN30,tierAmg_p95,B cells,il6_jak_stat3,N1,55.0,60.0,0.0020418899358309616,0.0007074671378335185,0.0034150721829874654
SPLN30,tierAmg_p95,B cells,il6_jak_stat3,N1,60.0,65.0,0.0018819077830331615,0.00016344002658711976,0.00377951564834195
SPLN30,tierAmg_p95,B cells,il6_jak_stat3,N1,65.0,70.0,0.0016754406619479253,-0.0006698362575207284,0.004114937702205042
SPLN30,tierAmg_p95,B cells,il6_jak_stat3,N1,70.0,75.0,0.0014504963659514036,-0.0019309966937336102,0.005247739843516852
SPLN30,tierAmg_p95,B cells,il6_jak_stat3,N1,75.0,80.0,0.0011073339613651796,-0.003121237437508171,0.006265220545045688
SPLN30,tierAmg_p95,B cells,il6_jak_stat3,N1,80.0,85.0,0.0010224085348670827,-0.004458325023879297,0.007825074824795593
SPLN30,tierAmg_p95,B cells,il6_jak_stat3,N1,85.0,90.0,0.0010812616795944367,-0.005954500109267732,0.009720166349628322
SPLN30,tierAmg_p95,B cells,il6_jak_stat3,N1,90.0,95.0,0.0004130035531530957,-0.006303750036749989,0.012250000494532287
SPLN30,tierAmg_p95,B cells,il6_jak_stat3,N1,95.0,100.0,-0.0004229374560476892,-0.005960000213235617,0.006449216788629808
SPLN30,tierAmg_p95,B cells,interferon_response,N1,0.0,5.0,0.005317180413020713,0.005061533075804345,0.0055811049724037234
SPLN30,tierAmg_p95,B cells,interferon_response,N1,5.0,10.0,0.005368241557393612,0.005231098150388919,0.005517671652754167
SPLN30,tierAmg_p95,B cells,interferon_response,N1,10.0,15.0,0.005385132364086317,0.005259314718295828,0.005520928701361261
SPLN30,tierAmg_p95,B cells,interferon_response,N1,15.0,20.0,0.005377138300970071,0.0052431836155633574,0.005505952461328274
SPLN30,tierAmg_p95,B cells,interferon_response,N1,20.0,25.0,0.00537574870409847,0.0052083479197941335,0.005546635675138527
SPLN30,tierAmg_p95,B cells,interferon_response,N1,25.0,30.0,0.005380537742998996,0.005203279426585172,0.005570733581875066
SPLN30,tierAmg_p95,B cells,interferon_response,N1,30.0,35.0,0.005379826772600216,0.005135505555944798,0.005631058460741651
SPLN30,tierAmg_p95,B cells,interferon_response,N1,35.0,40.0,0.005403640781993519,0.005062274159503637,0.005757602392928292
SPLN30,tierAmg_p95,B cells,interferon_response,N1,40.0,45.0,0.005413202073979466,0.004914509027103386,0.005866253184363731
SPLN30,tierAmg_p95,B cells,interferon_response,N1,45.0,50.0,0.0054174691164602376,0.004758394784479246,0.006080225069030283
SPLN30,tierAmg_p95,B cells,interferon_response,N1,50.0,55.0,0.005483921097635243,0.004605903132021467,0.006350565227494765
SPLN30,tierAmg_p95,B cells,interferon_response,N1,55.0,60.0,0.005472723089843583,0.004254875724337262,0.00674320065692918
SPLN30,tierAmg_p95,B cells,interferon_response,N1,60.0,65.0,0.005475377593881509,0.00379126457853606,0.00706957495831797
SPLN30,tierAmg_p95,B cells,interferon_response,N1,65.0,70.0,0.005412986675043534,0.0031810538534030436,0.007803513786934014
SPLN30,tierAmg_p95,B cells,interferon_response,N1,70.0,75.0,0.005222851754003564,0.0023545211680685986,0.00830493002239382
SPLN30,tierAmg_p95,B cells,interferon_response,N1,75.0,80.0,0.005211282962161615,0.0009016061860711488,0.009607632343384374
SPLN30,tierAmg_p95,B cells,interferon_response,N1,80.0,85.0,0.005029245535664405,-0.0006792187705286779,0.010971606282400896
SPLN30,tierAmg_p95,B cells,interferon_response,N1,85.0,90.0,0.005406303527944025,-0.002186125027947128,0.013393916769321852
SPLN30,tierAmg_p95,B cells,interferon_response,N1,90.0,95.0,0.004777100544419914,-0.003918333407151901,0.01582374982535839
SPLN30,tierAmg_p95,B cells,interferon_response,N1,95.0,100.0,0.00454199180627543,-0.0021111667151368844,0.010313750054693732
SPLN30,tierAmg_p95,B cells,oxidative_stress,N1,0.0,5.0,0.004855971393207932,0.004345635183262478,0.005349923047731509
SPLN30,tierAmg_p95,B cells,oxidative_stress,N1,5.0,10.0,0.004925532198141465,0.004659417903398044,0.005178922204738445
SPLN30,tierAmg_p95,B cells,oxidative_stress,N1,10.0,15.0,0.004910102380064942,0.004648988567627076,0.00515072861251808
SPLN30,tierAmg_p95,B cells,oxidative_stress,N1,15.0,20.0,0.004904672612203337,0.004642248372879231,0.005152347549685417
SPLN30,tierAmg_p95,B cells,oxidative_stress,N1,20.0,25.0,0.004868572847111559,0.004541552142662123,0.005151618375108375
SPLN30,tierAmg_p95,B cells,oxidative_stress,N1,25.0,30.0,0.004858829418075341,0.004475922917258643,0.0052275458222738
SPLN30,tierAmg_p95,B cells,oxidative_stress,N1,30.0,35.0,0.004840253883789382,0.00436674601832692,0.005359744805550083
SPLN30,tierAmg_p95,B cells,oxidative_stress,N1,35.0,40.0,0.0048090758086613795,0.004165195676137733,0.00545424387851696
SPLN30,tierAmg_p95,B cells,oxidative_stress,N1,40.0,45.0,0.00484992219735219,0.003964225918683128,0.005686903539156134
SPLN30,tierAmg_p95,B cells,oxidative_stress,N1,45.0,50.0,0.004769769599292349,0.0034611451406302905,0.00601157759890071
SPLN30,tierAmg_p95,B cells,oxidative_stress,N1,50.0,55.0,0.004792815432838043,0.0031798063623422208,0.006609379593482982
SPLN30,tierAmg_p95,B cells,oxidative_stress,N1,55.0,60.0,0.004874774444172337,0.0026221272900182504,0.0071344280855215325
SPLN30,tierAmg_p95,B cells,oxidative_stress,N1,60.0,65.0,0.004931288940727155,0.0018920798316374638,0.008328932680773667
SPLN30,tierAmg_p95,B cells,oxidative_stress,N1,65.0,70.0,0.00520752812146442,0.0009620910090337653,0.009802706608886125
SPLN30,tierAmg_p95,B cells,oxidative_stress,N1,70.0,75.0,0.005400822763683554,1.9542014141686618e-05,0.011443858326134171
SPLN30,tierAmg_p95,B cells,oxidative_stress,N1,75.0,80.0,0.005552009949637327,-0.0021029813296627254,0.013936534987784823
SPLN30,tierAmg_p95,B cells,oxidative_stress,N1,80.0,85.0,0.006031928234656025,-0.003978468681452796,0.017670838978873296
SPLN30,tierAmg_p95,B cells,oxidative_stress,N1,85.0,90.0,0.005691261687917771,-0.008003999944776297,0.022264332844254876
SPLN30,tierAmg_p95,B cells,oxidative_stress,N1,90.0,95.0,0.004676980638021903,-0.008440000005066395,0.02230999991297722
SPLN30,tierAmg_p95,B cells,oxidative_stress,N1,95.0,100.0,0.003928021711674674,-0.008440000005066395,0.018394768723519524
SPLN30,tierAmg_p95,B cells,secondary_senescence,N1,0.0,5.0,-0.002744592176606855,-0.0028904367348983584,-0.0025983789835335633
SPLN30,tierAmg_p95,B cells,secondary_senescence,N1,5.0,10.0,-0.0028002130791016126,-0.002879618325084531,-0.0027248159978003252
SPLN30,tierAmg_p95,B cells,secondary_senescence,N1,10.0,15.0,-0.0027806667838110445,-0.0028512497743862944,-0.0027037412171487386
SPLN30,tierAmg_p95,B cells,secondary_senescence,N1,15.0,20.0,-0.002769880099263753,-0.0028428918700107468,-0.00269757787139701
SPLN30,tierAmg_p95,B cells,secondary_senescence,N1,20.0,25.0,-0.0027586455926635993,-0.002846905373701329,-0.00267114615518873
SPLN30,tierAmg_p95,B cells,secondary_senescence,N1,25.0,30.0,-0.0027439250223652866,-0.0028512555731755353,-0.0026426721725430155
SPLN30,tierAmg_p95,B cells,secondary_senescence,N1,30.0,35.0,-0.002714656825325511,-0.0028522339542987733,-0.0025740481566375803
SPLN30,tierAmg_p95,B cells,secondary_senescence,N1,35.0,40.0,-0.002687827354512906,-0.0028774426282755796,-0.002496668721094833
SPLN30,tierAmg_p95,B cells,secondary_senescence,N1,40.0,45.0,-0.002641625755611984,-0.0028955149542234824,-0.0023593661136472543
SPLN30,tierAmg_p95,B cells,secondary_senescence,N1,45.0,50.0,-0.0026373238445984958,-0.0029855367614335976,-0.0022702362165067888
SPLN30,tierAmg_p95,B cells,secondary_senescence,N1,50.0,55.0,-0.0026204204798489306,-0.003111545512745116,-0.002143085712134441
SPLN30,tierAmg_p95,B cells,secondary_senescence,N1,55.0,60.0,-0.002665364063556936,-0.003324837424830284,-0.001972982540577268
SPLN30,tierAmg_p95,B cells,secondary_senescence,N1,60.0,65.0,-0.002622696263866321,-0.003571627452653185,-0.0016715772896584416
SPLN30,tierAmg_p95,B cells,secondary_senescence,N1,65.0,70.0,-0.002693775622267611,-0.0038657493208229137,-0.0013857008899202858
SPLN30,tierAmg_p95,B cells,secondary_senescence,N1,70.0,75.0,-0.002695133526688578,-0.004258427236414388,-0.000771519476742707
SPLN30,tierAmg_p95,B cells,secondary_senescence,N1,75.0,80.0,-0.002814893211006203,-0.005024731787337012,-0.00026490626237318955
SPLN30,tierAmg_p95,B cells,secondary_senescence,N1,80.0,85.0,-0.002864148383068379,-0.005622707111095744,0.0007724333463314296
SPLN30,tierAmg_p95,B cells,secondary_senescence,N1,85.0,90.0,-0.0026481103891173737,-0.006180000025779009,0.0024435475984189137
SPLN30,tierAmg_p95,B cells,secondary_senescence,N1,90.0,95.0,-0.0028272039326165477,-0.006277499836869538,0.002741458280070219
SPLN30,tierAmg_p95,B cells,secondary_senescence,N1,95.0,100.0,-0.0029143008305697006,-0.006130000110715628,0.000515659751757388
SPLN30,tierAmg_p95,B cells,tnfa_nfkb_proximal,N1,0.0,5.0,-0.0008687451888239126,-0.0010654171167400097,-0.0006814444472378235
SPLN30,tierAmg_p95,B cells,tnfa_nfkb_proximal,N1,5.0,10.0,-0.0008767231594334992,-0.0009742781744768932,-0.000779291530476698
SPLN30,tierAmg_p95,B cells,tnfa_nfkb_proximal,N1,10.0,15.0,-0.0008651657735297006,-0.0009646495700562775,-0.0007757932616963948
SPLN30,tierAmg_p95,B cells,tnfa_nfkb_proximal,N1,15.0,20.0,-0.000869022864599141,-0.000966994010295598,-0.0007775400110997175
SPLN30,tierAmg_p95,B cells,tnfa_nfkb_proximal,N1,20.0,25.0,-0.0008632087731795231,-0.0009805912072511063,-0.0007520449687019018
SPLN30,tierAmg_p95,B cells,tnfa_nfkb_proximal,N1,25.0,30.0,-0.0008575996865682071,-0.0009914954940796878,-0.0007246596621453992
SPLN30,tierAmg_p95,B cells,tnfa_nfkb_proximal,N1,30.0,35.0,-0.0008593697916055748,-0.0010340189405631487,-0.0006804941564319591
SPLN30,tierAmg_p95,B cells,tnfa_nfkb_proximal,N1,35.0,40.0,-0.000847828123816876,-0.0010714679711348145,-0.0006068446060015722
SPLN30,tierAmg_p95,B cells,tnfa_nfkb_proximal,N1,40.0,45.0,-0.0008472228108192294,-0.0011858328496356972,-0.0005032979445882033
SPLN30,tierAmg_p95,B cells,tnfa_nfkb_proximal,N1,45.0,50.0,-0.0008204955897658046,-0.0012353048272900576,-0.00035080604281160485
SPLN30,tierAmg_p95,B cells,tnfa_nfkb_proximal,N1,50.0,55.0,-0.0008330065581451006,-0.0014455827148902615,-0.00020287766909804334
SPLN30,tierAmg_p95,B cells,tnfa_nfkb_proximal,N1,55.0,60.0,-0.0008124827238561445,-0.001711049486766757,0.00011679179361785282
SPLN30,tierAmg_p95,B cells,tnfa_nfkb_proximal,N1,60.0,65.0,-0.0008527044383293987,-0.002007030015978419,0.0003983644609648068
SPLN30,tierAmg_p95,B cells,tnfa_nfkb_proximal,N1,65.0,70.0,-0.0008446843622428311,-0.002322741811465378,0.0008032792374012114
SPLN30,tierAmg_p95,B cells,tnfa_nfkb_proximal,N1,70.0,75.0,-0.0007099005065828016,-0.002754010418531531,0.0016116865175124827
SPLN30,tierAmg_p95,B cells,tnfa_nfkb_proximal,N1,75.0,80.0,-0.0005821305476848841,-0.0034543886422331773,0.0027714895311267656
SPLN30,tierAmg_p95,B cells,tnfa_nfkb_proximal,N1,80.0,85.0,-0.00028935331846832995,-0.004191599972255062,0.004919231883624365
SPLN30,tierAmg_p95,B cells,tnfa_nfkb_proximal,N1,85.0,90.0,-0.0005196673446454405,-0.005873666633851826,0.006732449845876547
SPLN30,tierAmg_p95,B cells,tnfa_nfkb_proximal,N1,90.0,95.0,0.0005051708551557121,-0.0059200001414865255,0.009530000388622284
SPLN30,tierAmg_p95,B cells,tnfa_nfkb_proximal,N1,95.0,100.0,0.0007253666855704775,-0.003682699937853613,0.009530000388622284
SPLN30,tierAmg_p95,B cells,downstream_arrest,N3,0.0,5.0,0.002082014935896509,0.001785554810281871,0.002386881174979554
SPLN30,tierAmg_p95,B cells,downstream_arrest,N3,5.0,10.0,0.0020744733679260072,0.001915558684802164,0.0022425744271521494
SPLN30,tierAmg_p95,B cells,downstream_arrest,N3,10.0,15.0,0.0020744473454084237,0.001932176211045446,0.002215620906935735
SPLN30,tierAmg_p95,B cells,downstream_arrest,N3,15.0,20.0,0.002074950485774643,0.001945262941130173,0.002202470310764299
SPLN30,tierAmg_p95,B cells,downstream_arrest,N3,20.0,25.0,0.0020758589285880392,0.0019386708529957278,0.002220314009650597
SPLN30,tierAmg_p95,B cells,downstream_arrest,N3,25.0,30.0,0.002072093782450651,0.0019193998700466194,0.002227454255541655
SPLN30,tierAmg_p95,B cells,downstream_arrest,N3,30.0,35.0,0.002072696550741643,0.0019034455914598934,0.0022539358268781023
SPLN30,tierAmg_p95,B cells,downstream_arrest,N3,35.0,40.0,0.00206929394219081,0.0018590780665299353,0.0022845138157676823
SPLN30,tierAmg_p95,B cells,downstream_arrest,N3,40.0,45.0,0.0020731569073468513,0.0018318975935667876,0.002304972564276889
SPLN30,tierAmg_p95,B cells,downstream_arrest,N3,45.0,50.0,0.0020738983762923,0.001801797455507211,0.0023555573000911653
SPLN30,tierAmg_p95,B cells,downstream_arrest,N3,50.0,55.0,0.002066035206954866,0.0017228990939349115,0.0024096858073444577
SPLN30,tierAmg_p95,B cells,downstream_arrest,N3,55.0,60.0,0.0020749892593844416,0.0016602521040326647,0.002490043364550905
SPLN30,tierAmg_p95,B cells,downstream_arrest,N3,60.0,65.0,0.0020791158561071846,0.0016510549053231193,0.002530426436700894
SPLN30,tierAmg_p95,B cells,downstream_arrest,N3,65.0,70.0,0.00207803565098205,0.0015376830051732776,0.0025991421410827896
SPLN30,tierAmg_p95,B cells,downstream_arrest,N3,70.0,75.0,0.0020650028550593547,0.0015206951324673063,0.0026121637680976235
SPLN30,tierAmg_p95,B cells,downstream_arrest,N3,75.0,80.0,0.00207874511449136,0.0015220531183342547,0.0026212088522927788
SPLN30,tierAmg_p95,B cells,downstream_arrest,N3,80.0,85.0,0.0020705793189811006,0.001471204550041324,0.002687024249403996
SPLN30,tierAmg_p95,B cells,downstream_arrest,N3,85.0,90.0,0.002078938234666211,0.0014557516821494714,0.0027209167118504196
SPLN30,tierAmg_p95,B cells,downstream_arrest,N3,90.0,95.0,0.0020685623903739284,0.0013755764073028994,0.0027110204033766183
SPLN30,tierAmg_p95,B cells,downstream_arrest,N3,95.0,100.0,0.0020727601524217557,0.0019875760843414514,0.002186260117866153
SPLN30,tierAmg_p95,B cells,emt_ecm,N3,0.0,5.0,-0.002506537267887386,-0.0027780735901973097,-0.002213763466409982
SPLN30,tierAmg_p95,B cells,emt_ecm,N3,5.0,10.0,-0.0025058860869807747,-0.002677561779209816,-0.0023197762493524484
SPLN30,tierAmg_p95,B cells,emt_ecm,N3,10.0,15.0,-0.002505138563338987,-0.002657394253232144,-0.0023527335801294172
SPLN30,tierAmg_p95,B cells,emt_ecm,N3,15.0,20.0,-0.00250868671386858,-0.0026549360200723987,-0.0023581320978988537
SPLN30,tierAmg_p95,B cells,emt_ecm,N3,20.0,25.0,-0.0025109767682474295,-0.0026652518020041276,-0.002365867242576065
SPLN30,tierAmg_p95,B cells,emt_ecm,N3,25.0,30.0,-0.0025082614590056836,-0.002659019161481196,-0.0023467336304235915
SPLN30,tierAmg_p95,B cells,emt_ecm,N3,30.0,35.0,-0.002504209712557056,-0.002680141151201332,-0.0023222592754253385
SPLN30,tierAmg_p95,B cells,emt_ecm,N3,35.0,40.0,-0.002504458286399034,-0.0027015202812048274,-0.0022916150721546216
SPLN30,tierAmg_p95,B cells,emt_ecm,N3,40.0,45.0,-0.002507851918970065,-0.0027468074979829313,-0.002257324372894297
SPLN30,tierAmg_p95,B cells,emt_ecm,N3,45.0,50.0,-0.0025107516492673997,-0.002778321818575205,-0.0022149914740926535
SPLN30,tierAmg_p95,B cells,emt_ecm,N3,50.0,55.0,-0.0025090646668240353,-0.0028413753029312362,-0.0021709283339050203
SPLN30,tierAmg_p95,B cells,emt_ecm,N3,55.0,60.0,-0.002515501688318781,-0.0028950204803213325,-0.002124243597019532
SPLN30,tierAmg_p95,B cells,emt_ecm,N3,60.0,65.0,-0.002513159324076441,-0.0029529332151719393,-0.002045769837307328
SPLN30,tierAmg_p95,B cells,emt_ecm,N3,65.0,70.0,-0.0025114880220499926,-0.0029624364871550235,-0.001995105939636958
SPLN30,tierAmg_p95,B cells,emt_ecm,N3,70.0,75.0,-0.002516747696503522,-0.0030466824229133517,-0.001923090599755574
SPLN30,tierAmg_p95,B cells,emt_ecm,N3,75.0,80.0,-0.0025066862567600648,-0.0031013892505674205,-0.0018447555776102329
SPLN30,tierAmg_p95,B cells,emt_ecm,N3,80.0,85.0,-0.002504808114602718,-0.003115563027837078,-0.001859685780897236
SPLN30,tierAmg_p95,B cells,emt_ecm,N3,85.0,90.0,-0.002502345971890808,-0.003116703332509573,-0.001796621712029828
SPLN30,tierAmg_p95,B cells,emt_ecm,N3,90.0,95.0,-0.0025264682022443047,-0.0031512153022279893,-0.0018496193869249364
SPLN30,tierAmg_p95,B cells,emt_ecm,N3,95.0,100.0,-0.002512145306806368,-0.002679390390583158,-0.002368372483690009
SPLN30,tierAmg_p95,B cells,il6_jak_stat3,N3,0.0,5.0,0.0020957334265369913,0.0015942531911853502,0.002602338726437567
SPLN30,tierAmg_p95,B cells,il6_jak_stat3,N3,5.0,10.0,0.0021001800376901207,0.0018107429289221492,0.002388877296996882
SPLN30,tierAmg_p95,B cells,il6_jak_stat3,N3,10.0,15.0,0.002096974062441924,0.001843481720583788,0.0023536315218293867
SPLN30,tierAmg_p95,B cells,il6_jak_stat3,N3,15.0,20.0,0.0020921065986062954,0.0018496026814771793,0.002352721909323639
SPLN30,tierAmg_p95,B cells,il6_jak_stat3,N3,20.0,25.0,0.0020890486484785075,0.0018485839193835832,0.002354882115052037
SPLN30,tierAmg_p95,B cells,il6_jak_stat3,N3,25.0,30.0,0.0020931707081363613,0.0018154340201935655,0.002384858647695339
SPLN30,tierAmg_p95,B cells,il6_jak_stat3,N3,30.0,35.0,0.0021013419646090776,0.0018028641521176574,0.002437415106487745
SPLN30,tierAmg_p95,B cells,il6_jak_stat3,N3,35.0,40.0,0.002090855547871084,0.00174537427700911,0.002450999767825131
SPLN30,tierAmg_p95,B cells,il6_jak_stat3,N3,40.0,45.0,0.0021031728141235394,0.0016907720380116321,0.0025286257006632376
SPLN30,tierAmg_p95,B cells,il6_jak_stat3,N3,45.0,50.0,0.002087633029425396,0.001609524277428987,0.002601461775130956
SPLN30,tierAmg_p95,B cells,il6_jak_stat3,N3,50.0,55.0,0.0021073578694914253,0.0015334743203270058,0.00267872448254849
SPLN30,tierAmg_p95,B cells,il6_jak_stat3,N3,55.0,60.0,0.0020929279607257716,0.0014342517900120919,0.002772306689065364
SPLN30,tierAmg_p95,B cells,il6_jak_stat3,N3,60.0,65.0,0.0020971079688555066,0.0012953313042076927,0.0028602493787405156
SPLN30,tierAmg_p95,B cells,il6_jak_stat3,N3,65.0,70.0,0.0021255179784787307,0.0012975768178070802,0.0030722134487857406
SPLN30,tierAmg_p95,B cells,il6_jak_stat3,N3,70.0,75.0,0.0020917356716872886,0.0012353627577603291,0.0030717688217253465
SPLN30,tierAmg_p95,B cells,il6_jak_stat3,N3,75.0,80.0,0.0020826703805330946,0.001131060122243265,0.003157460521638674
SPLN30,tierAmg_p95,B cells,il6_jak_stat3,N3,80.0,85.0,0.0020772187113891356,0.0010742685885916075,0.0031222057719139983
SPLN30,tierAmg_p95,B cells,il6_jak_stat3,N3,85.0,90.0,0.002141122080779991,0.001081920917812865,0.0031967853106478913
SPLN30,tierAmg_p95,B cells,il6_jak_stat3,N3,90.0,95.0,0.0021043455225329705,0.0009971011790210875,0.0032455302901311235
SPLN30,tierAmg_p95,B cells,il6_jak_stat3,N3,95.0,100.0,0.002111018198319616,0.0019211199131838857,0.002333117132468797
SPLN30,tierAmg_p95,B cells,interferon_response,N3,0.0,5.0,0.005377123415223549,0.004951708774171189,0.005806895336709944
SPLN30,tierAmg_p95,B cells,interferon_response,N3,5.0,10.0,0.005375905271662573,0.005123008261996705,0.005613832591078501
SPLN30,tierAmg_p95,B cells,interferon_response,N3,10.0,15.0,0.005376870379643375,0.005151761774374333,0.005600968763821885
SPLN30,tierAmg_p95,B cells,interferon_response,N3,15.0,20.0,0.0053824899775936534,0.005183378702951409,0.0055850036232613365
SPLN30,tierAmg_p95,B cells,interferon_response,N3,20.0,25.0,0.0053748757680369946,0.005153081200735759,0.00560518305095048
SPLN30,tierAmg_p95,B cells,interferon_response,N3,25.0,30.0,0.005379909354375307,0.0051354978430167625,0.005642181804658154
SPLN30,tierAmg_p95,B cells,interferon_response,N3,30.0,35.0,0.0053761724589202,0.005084933978651911,0.005653942743598223
SPLN30,tierAmg_p95,B cells,interferon_response,N3,35.0,40.0,0.005370977240523727,0.005072326885957535,0.0056937968443089145
SPLN30,tierAmg_p95,B cells,interferon_response,N3,40.0,45.0,0.005378325851687043,0.00499737565272807,0.0057410833371120676
SPLN30,tierAmg_p95,B cells,interferon_response,N3,45.0,50.0,0.0053838509250714334,0.004961769926799305,0.005808170940288621
SPLN30,tierAmg_p95,B cells,interferon_response,N3,50.0,55.0,0.005384194182418272,0.004874802355328672,0.005901406000098408
SPLN30,tierAmg_p95,B cells,interferon_response,N3,55.0,60.0,0.005368537180681123,0.004776133216542234,0.00596311107326239
SPLN30,tierAmg_p95,B cells,interferon_response,N3,60.0,65.0,0.005378685231613721,0.004686010234626235,0.006086043935003108
SPLN30,tierAmg_p95,B cells,interferon_response,N3,65.0,70.0,0.005386045443302117,0.004637574877654203,0.006163272297065791
SPLN30,tierAmg_p95,B cells,interferon_response,N3,70.0,75.0,0.005374422792146497,0.004556739901492479,0.00614446670054561
SPLN30,tierAmg_p95,B cells,interferon_response,N3,75.0,80.0,0.005352020477895933,0.004458320715531181,0.00627495430998227
SPLN30,tierAmg_p95,B cells,interferon_response,N3,80.0,85.0,0.005400198000822738,0.004419127470649254,0.006282685779686592
SPLN30,tierAmg_p95,B cells,interferon_response,N3,85.0,90.0,0.005390327573578592,0.0044411214147761285,0.006372242156766308
SPLN30,tierAmg_p95,B cells,interferon_response,N3,90.0,95.0,0.005369543922415458,0.004374235775329246,0.0064863088176986
SPLN30,tierAmg_p95,B cells,interferon_response,N3,95.0,100.0,0.005385439701833622,0.005218285320179228,0.005549051254579236
SPLN30,tierAmg_p95,B cells,oxidative_stress,N3,0.0,5.0,0.004877944937762408,0.0040527025356653515,0.0057067318478002844
SPLN30,tierAmg_p95,B cells,oxidative_stress,N3,5.0,10.0,0.0048895323565424885,0.004403506554130204,0.005410173368889701
SPLN30,tierAmg_p95,B cells,oxidative_stress,N3,10.0,15.0,0.0048896254620698215,0.004501656322994117,0.005326780360447074
SPLN30,tierAmg_p95,B cells,oxidative_stress,N3,15.0,20.0,0.004899950203826353,0.004518863561641667,0.005296104236670733
SPLN30,tierAmg_p95,B cells,oxidative_stress,N3,20.0,25.0,0.004895885901976609,0.004507654287822627,0.005321977189729973
SPLN30,tierAmg_p95,B cells,oxidative_stress,N3,25.0,30.0,0.004880845820522967,0.0044242167002840355,0.005316582060924331
SPLN30,tierAmg_p95,B cells,oxidative_stress,N3,30.0,35.0,0.00487825639312156,0.004359300171862853,0.005416236680049745
SPLN30,tierAmg_p95,B cells,oxidative_stress,N3,35.0,40.0,0.004902347561969647,0.0043698059055230845,0.005462692143857153
SPLN30,tierAmg_p95,B cells,oxidative_stress,N3,40.0,45.0,0.004881326848934481,0.00415867684945155,0.005615792458942564
SPLN30,tierAmg_p95,B cells,oxidative_stress,N3,45.0,50.0,0.0048974028914017,0.0040258879353567405,0.0056441037433855425
SPLN30,tierAmg_p95,B cells,oxidative_stress,N3,50.0,55.0,0.0048937950803717494,0.0039622221425083945,0.005835251475074536
SPLN30,tierAmg_p95,B cells,oxidative_stress,N3,55.0,60.0,0.004936638431834797,0.003872392458315421,0.006078494642127742
SPLN30,tierAmg_p95,B cells,oxidative_stress,N3,60.0,65.0,0.004878686704354222,0.0035038784510109814,0.006176256581968015
SPLN30,tierAmg_p95,B cells,oxidative_stress,N3,65.0,70.0,0.0049119349134274185,0.003488164929371712,0.006411223882462262
SPLN30,tierAmg_p95,B cells,oxidative_stress,N3,70.0,75.0,0.004900075243762487,0.003229971227539709,0.006584271175782374
SPLN30,tierAmg_p95,B cells,oxidative_stress,N3,75.0,80.0,0.004935943639834987,0.003193404700259833,0.006711912725076061
SPLN30,tierAmg_p95,B cells,oxidative_stress,N3,80.0,85.0,0.004888372147732316,0.0030457096320925165,0.006840035908061637
SPLN30,tierAmg_p95,B cells,oxidative_stress,N3,85.0,90.0,0.0049325398172703335,0.003033130165964193,0.006781563244455573
SPLN30,tierAmg_p95,B cells,oxidative_stress,N3,90.0,95.0,0.004942769286780352,0.002981863409474057,0.006886450134652869
SPLN30,tierAmg_p95,B cells,oxidative_stress,N3,95.0,100.0,0.004905034452637043,0.004654927992680853,0.005208744250503163
SPLN30,tierAmg_p95,B cells,secondary_senescence,N3,0.0,5.0,-0.0027627039673867463,-0.0030000238681486893,-0.0025296910374161133
SPLN30,tierAmg_p95,B cells,secondary_senescence,N3,5.0,10.0,-0.0027620586947106774,-0.0029021414378684546,-0.0026146401353772906
SPLN30,tierAmg_p95,B cells,secondary_senescence,N3,10.0,15.0,-0.0027583489482313644,-0.0028827949712167023,-0.002635679465271226
SPLN30,tierAmg_p95,B cells,secondary_senescence,N3,15.0,20.0,-0.002757455065778709,-0.0028792868093269414,-0.002645908482191228
SPLN30,tierAmg_p95,B cells,secondary_senescence,N3,20.0,25.0,-0.002759612177280669,-0.002876994009626346,-0.0026309386631186604
SPLN30,tierAmg_p95,B cells,secondary_senescence,N3,25.0,30.0,-0.0027575764284581998,-0.0028882030854408018,-0.0026210209089702146
SPLN30,tierAmg_p95,B cells,secondary_senescence,N3,30.0,35.0,-0.002756018203867212,-0.002903859114194859,-0.0026145663299731578
SPLN30,tierAmg_p95,B cells,secondary_senescence,N3,35.0,40.0,-0.002759792019674297,-0.0029257478057104816,-0.002582122358957855
SPLN30,tierAmg_p95,B cells,secondary_senescence,N3,40.0,45.0,-0.0027607962442501464,-0.0029667937451815247,-0.0025654257629692113
SPLN30,tierAmg_p95,B cells,secondary_senescence,N3,45.0,50.0,-0.0027661369701615264,-0.002996640537403862,-0.0025219927073492367
SPLN30,tierAmg_p95,B cells,secondary_senescence,N3,50.0,55.0,-0.0027558629093022524,-0.003042106371296446,-0.0024431621135482693
SPLN30,tierAmg_p95,B cells,secondary_senescence,N3,55.0,60.0,-0.0027597961717183836,-0.0030920994690375745,-0.0023942287038993195
SPLN30,tierAmg_p95,B cells,secondary_senescence,N3,60.0,65.0,-0.00277839304967931,-0.003164903913848182,-0.0024284936073029864
SPLN30,tierAmg_p95,B cells,secondary_senescence,N3,65.0,70.0,-0.002756241862426242,-0.003187319616594281,-0.0023462565656996903
SPLN30,tierAmg_p95,B cells,secondary_senescence,N3,70.0,75.0,-0.0027464889089249336,-0.0031845087446756813,-0.0022606609179409605
SPLN30,tierAmg_p95,B cells,secondary_senescence,N3,75.0,80.0,-0.0027580987366493223,-0.0032390246605674155,-0.002241897665438588
SPLN30,tierAmg_p95,B cells,secondary_senescence,N3,80.0,85.0,-0.0027535446860836943,-0.00326382240088802,-0.0022407191238414613
SPLN30,tierAmg_p95,B cells,secondary_senescence,N3,85.0,90.0,-0.00275559646646916,-0.0032898962090735792,-0.0021972423578445754
SPLN30,tierAmg_p95,B cells,secondary_senescence,N3,90.0,95.0,-0.002746752998371704,-0.0032801389820024413,-0.0021396411191055855
SPLN30,tierAmg_p95,B cells,secondary_senescence,N3,95.0,100.0,-0.00276024043177661,-0.002840832285422864,-0.0026646287624612175
SPLN30,tierAmg_p95,B cells,tnfa_nfkb_proximal,N3,0.0,5.0,-0.0008652034359339641,-0.0011558963816261406,-0.0005705271699509186
SPLN30,tierAmg_p95,B cells,tnfa_nfkb_proximal,N3,5.0,10.0,-0.0008662208955167683,-0.0010402417973164229,-0.0006846414285533121
SPLN30,tierAmg_p95,B cells,tnfa_nfkb_proximal,N3,10.0,15.0,-0.0008585695657924364,-0.0010079272246681624,-0.0007031324750633712
SPLN30,tierAmg_p95,B cells,tnfa_nfkb_proximal,N3,15.0,20.0,-0.0008618588511396433,-0.0010070731178668554,-0.0007165967615955022
SPLN30,tierAmg_p95,B cells,tnfa_nfkb_proximal,N3,20.0,25.0,-0.0008607787041472146,-0.0010086915062899298,-0.0007081005154205175
SPLN30,tierAmg_p95,B cells,tnfa_nfkb_proximal,N3,25.0,30.0,-0.0008654913086086524,-0.0010408609674499344,-0.0007022556941110488
SPLN30,tierAmg_p95,B cells,tnfa_nfkb_proximal,N3,30.0,35.0,-0.0008644324993025728,-0.0010376438532157862,-0.0006642888415640027
SPLN30,tierAmg_p95,B cells,tnfa_nfkb_proximal,N3,35.0,40.0,-0.000866920230930319,-0.0010883148603033695,-0.000649992680647719
SPLN30,tierAmg_p95,B cells,tnfa_nfkb_proximal,N3,40.0,45.0,-0.0008629918245789184,-0.0011303920681384287,-0.0006123671202965121
SPLN30,tierAmg_p95,B cells,tnfa_nfkb_proximal,N3,45.0,50.0,-0.000873415714124703,-0.0011654515430578978,-0.0005796331536211739
SPLN30,tierAmg_p95,B cells,tnfa_nfkb_proximal,N3,50.0,55.0,-0.0008473906973806833,-0.0012015929576743723,-0.0004717350197926657
SPLN30,tierAmg_p95,B cells,tnfa_nfkb_proximal,N3,55.0,60.0,-0.0008589755275799784,-0.0012719343433404131,-0.0004364351361813685
SPLN30,tierAmg_p95,B cells,tnfa_nfkb_proximal,N3,60.0,65.0,-0.0008627642770049764,-0.0013254955380077758,-0.0003453757426467219
SPLN30,tierAmg_p95,B cells,tnfa_nfkb_proximal,N3,65.0,70.0,-0.0008512782672318234,-0.001396127585177628,-0.00030509865798765846
SPLN30,tierAmg_p95,B cells,tnfa_nfkb_proximal,N3,70.0,75.0,-0.0008499784629062737,-0.0013926038592528983,-0.000222551308240941
SPLN30,tierAmg_p95,B cells,tnfa_nfkb_proximal,N3,75.0,80.0,-0.0008654351519640611,-0.0014893183593508428,-0.00021739215548966602
SPLN30,tierAmg_p95,B cells,tnfa_nfkb_proximal,N3,80.0,85.0,-0.0008573038630830836,-0.0015204309768089776,-0.00018116897394378844
SPLN30,tierAmg_p95,B cells,tnfa_nfkb_proximal,N3,85.0,90.0,-0.0008470262919641347,-0.0015464891851162054,-9.063579055509517e-05
SPLN30,tierAmg_p95,B cells,tnfa_nfkb_proximal,N3,90.0,95.0,-0.0008698801293324944,-0.001561942646068539,-0.00016958265187409481
SPLN30,tierAmg_p95,B cells,tnfa_nfkb_proximal,N3,95.0,100.0,-0.0008630682026286195,-0.00097968336629515,-0.0007693944113892514
SPLN30,tierAmg_p95,B cells,downstream_arrest,N4,0.0,5.0,0.0020534704905530218,0.0018305162794613372,0.002290641188522538
SPLN30,tierAmg_p95,B cells,downstream_arrest,N4,5.0,10.0,0.002060937885442399,0.0019219237033582766,0.0021945461769994653
SPLN30,tierAmg_p95,B cells,downstream_arrest,N4,10.0,15.0,0.0020544704996841795,0.0019392730922722424,0.002163500890376227
SPLN30,tierAmg_p95,B cells,downstream_arrest,N4,15.0,20.0,0.002050410492983235,0.0019371335244280407,0.002167306026621869
SPLN30,tierAmg_p95,B cells,downstream_arrest,N4,20.0,25.0,0.0020535350340944473,0.0019315801653220326,0.0021913192067728932
SPLN30,tierAmg_p95,B cells,downstream_arrest,N4,25.0,30.0,0.002050455702141122,0.0019353209895722348,0.002186696480529871
SPLN30,tierAmg_p95,B cells,downstream_arrest,N4,30.0,35.0,0.0020512250990209293,0.0018976144339147196,0.002197113991325919
SPLN30,tierAmg_p95,B cells,downstream_arrest,N4,35.0,40.0,0.0020507400264199176,0.00187779984426658,0.0022258418222874245
SPLN30,tierAmg_p95,B cells,downstream_arrest,N4,40.0,45.0,0.002058674959080668,0.001842722542651328,0.002288045078076491
SPLN30,tierAmg_p95,B cells,downstream_arrest,N4,45.0,50.0,0.0020527470452726265,0.0018124902798869137,0.0023065208638018875
SPLN30,tierAmg_p95,B cells,downstream_arrest,N4,50.0,55.0,0.002062311528620536,0.001757570236551773,0.0023456009704684736
SPLN30,tierAmg_p95,B cells,downstream_arrest,N4,55.0,60.0,0.002068219350197709,0.0017002131526739012,0.002456047511245448
SPLN30,tierAmg_p95,B cells,downstream_arrest,N4,60.0,65.0,0.0020687854442422173,0.0016430514045831478,0.0024699382018846913
SPLN30,tierAmg_p95,B cells,downstream_arrest,N4,65.0,70.0,0.0020898957928683335,0.0015801312104513504,0.0025844264889514044
SPLN30,tierAmg_p95,B cells,downstream_arrest,N4,70.0,75.0,0.0020880069169569282,0.001548502813360816,0.0026245922062202915
SPLN30,tierAmg_p95,B cells,downstream_arrest,N4,75.0,80.0,0.002095554922445422,0.0014851389686980096,0.002693733196646521
SPLN30,tierAmg_p95,B cells,downstream_arrest,N4,80.0,85.0,0.002128613923116873,0.001482849297563202,0.0027949846350097405
SPLN30,tierAmg_p95,B cells,downstream_arrest,N4,85.0,90.0,0.002099688810834201,0.0014184924246413472,0.0027432846663462854
SPLN30,tierAmg_p95,B cells,downstream_arrest,N4,90.0,95.0,0.0021007452962167475,0.001377544016785431,0.0028373191278120526
SPLN30,tierAmg_p95,B cells,downstream_arrest,N4,95.0,100.0,0.0021685856253942353,0.0020335251319636037,0.0022867960683414824
SPLN30,tierAmg_p95,B cells,emt_ecm,N4,0.0,5.0,-0.0025089622523434994,-0.002738840267131558,-0.002269667422685972
SPLN30,tierAmg_p95,B cells,emt_ecm,N4,5.0,10.0,-0.0025045937935769614,-0.0026547280757671238,-0.0023427373711878354
SPLN30,tierAmg_p95,B cells,emt_ecm,N4,10.0,15.0,-0.0025073570623748423,-0.0026218460286085055,-0.002376575676563239
SPLN30,tierAmg_p95,B cells,emt_ecm,N4,15.0,20.0,-0.0025059193996859112,-0.0026286759579467345,-0.002382158495921727
SPLN30,tierAmg_p95,B cells,emt_ecm,N4,20.0,25.0,-0.0025051121964511053,-0.0026342591455596346,-0.0023819889219434784
SPLN30,tierAmg_p95,B cells,emt_ecm,N4,25.0,30.0,-0.0025109525862708716,-0.0026435163911558506,-0.0023720605862265795
SPLN30,tierAmg_p95,B cells,emt_ecm,N4,30.0,35.0,-0.002507101101552496,-0.0026686011729995704,-0.0023581871905748414
SPLN30,tierAmg_p95,B cells,emt_ecm,N4,35.0,40.0,-0.0025104426095362725,-0.0026823030708907074,-0.002335055991710029
SPLN30,tierAmg_p95,B cells,emt_ecm,N4,40.0,45.0,-0.0025073495399481885,-0.0027152049488861955,-0.002295200162515919
SPLN30,tierAmg_p95,B cells,emt_ecm,N4,45.0,50.0,-0.0025062421985316656,-0.0027633619568200683,-0.002248412201375767
SPLN30,tierAmg_p95,B cells,emt_ecm,N4,50.0,55.0,-0.0024983137368168994,-0.00281561720937623,-0.0021509849411469485
SPLN30,tierAmg_p95,B cells,emt_ecm,N4,55.0,60.0,-0.0025095208557883294,-0.002866346385448658,-0.0021144144417476604
SPLN30,tierAmg_p95,B cells,emt_ecm,N4,60.0,65.0,-0.002505697333779915,-0.0029658641323314595,-0.0020437911678884
SPLN30,tierAmg_p95,B cells,emt_ecm,N4,65.0,70.0,-0.002497704502732058,-0.002992761909892449,-0.001932926997731651
SPLN30,tierAmg_p95,B cells,emt_ecm,N4,70.0,75.0,-0.00247596890611726,-0.00304091675757228,-0.001821160791378157
SPLN30,tierAmg_p95,B cells,emt_ecm,N4,75.0,80.0,-0.002490775066684111,-0.003050118272751675,-0.00179500092095597
SPLN30,tierAmg_p95,B cells,emt_ecm,N4,80.0,85.0,-0.002517664019474286,-0.003165875472406755,-0.00184540564247237
SPLN30,tierAmg_p95,B cells,emt_ecm,N4,85.0,90.0,-0.0025178765512219163,-0.003180388686228974,-0.001777623954980763
SPLN30,tierAmg_p95,B cells,emt_ecm,N4,90.0,95.0,-0.002497219463762502,-0.003251034254560921,-0.0017344566958656996
SPLN30,tierAmg_p95,B cells,emt_ecm,N4,95.0,100.0,-0.0025195699219095475,-0.0027081162091970616,-0.0022919806299617406
SPLN30,tierAmg_p95,B cells,il6_jak_stat3,N4,0.0,5.0,0.002064130311817478,0.0016779577023584488,0.0024634814543305445
SPLN30,tierAmg_p95,B cells,il6_jak_stat3,N4,5.0,10.0,0.0020619488911804594,0.0018124479185517184,0.00230526613018742
SPLN30,tierAmg_p95,B cells,il6_jak_stat3,N4,10.0,15.0,0.002053589965601114,0.0018425042541529717,0.0022433961081210207
SPLN30,tierAmg_p95,B cells,il6_jak_stat3,N4,15.0,20.0,0.00206256249729657,0.001869087307113856,0.0022430351622593795
SPLN30,tierAmg_p95,B cells,il6_jak_stat3,N4,20.0,25.0,0.0020698357255487794,0.0018687848869418325,0.002265581263061009
SPLN30,tierAmg_p95,B cells,il6_jak_stat3,N4,25.0,30.0,0.002053909640035903,0.001832299086348852,0.0022749733171963777
SPLN30,tierAmg_p95,B cells,il6_jak_stat3,N4,30.0,35.0,0.0020542640508391078,0.0017927032893823545,0.002306111965239344
SPLN30,tierAmg_p95,B cells,il6_jak_stat3,N4,35.0,40.0,0.0020622447098032123,0.001735623843833383,0.0023540113829670826
SPLN30,tierAmg_p95,B cells,il6_jak_stat3,N4,40.0,45.0,0.002067391302660817,0.0017264588270719313,0.002420475493553782
SPLN30,tierAmg_p95,B cells,il6_jak_stat3,N4,45.0,50.0,0.002075233370273021,0.0016869988212041087,0.002505299445250096
SPLN30,tierAmg_p95,B cells,il6_jak_stat3,N4,50.0,55.0,0.0020835048209575315,0.0015835231895542348,0.0025622149823612507
SPLN30,tierAmg_p95,B cells,il6_jak_stat3,N4,55.0,60.0,0.0020713567046991904,0.0014588872461753543,0.0027412094721203047
SPLN30,tierAmg_p95,B cells,il6_jak_stat3,N4,60.0,65.0,0.002079164052088245,0.0013706210319261957,0.0028308735687338693
SPLN30,tierAmg_p95,B cells,il6_jak_stat3,N4,65.0,70.0,0.0020898589799270635,0.0012383851571376066,0.0029608996547385675
SPLN30,tierAmg_p95,B cells,il6_jak_stat3,N4,70.0,75.0,0.002100098802892825,0.0011935203212487977,0.0030375035567233384
SPLN30,tierAmg_p95,B cells,il6_jak_stat3,N4,75.0,80.0,0.0020863902371050687,0.0011493587291342307,0.0031112214281597867
SPLN30,tierAmg_p95,B cells,il6_jak_stat3,N4,80.0,85.0,0.002108718971451592,0.0010404571287640075,0.003205983433698531
SPLN30,tierAmg_p95,B cells,il6_jak_stat3,N4,85.0,90.0,0.0021319476815068565,0.0010076446392745962,0.0032601084246007385
SPLN30,tierAmg_p95,B cells,il6_jak_stat3,N4,90.0,95.0,0.002117489411886401,0.0009136053503475709,0.003377480610303558
SPLN30,tierAmg_p95,B cells,il6_jak_stat3,N4,95.0,100.0,0.002255983979582653,0.002062231256968039,0.0024588291594534587
SPLN30,tierAmg_p95,B cells,interferon_response,N4,0.0,5.0,0.005386236307797067,0.005063902264324257,0.005750110592262493
SPLN30,tierAmg_p95,B cells,interferon_response,N4,5.0,10.0,0.005377571289151115,0.005154315951378423,0.005599526556271508
SPLN30,tierAmg_p95,B cells,interferon_response,N4,10.0,15.0,0.005378869078007317,0.0051950839741759436,0.005576549398122234
SPLN30,tierAmg_p95,B cells,interferon_response,N4,15.0,20.0,0.005379222366936207,0.00520455689636899,0.00553768953164862
SPLN30,tierAmg_p95,B cells,interferon_response,N4,20.0,25.0,0.005378246425501151,0.005183290797838186,0.005565675353067149
SPLN30,tierAmg_p95,B cells,interferon_response,N4,25.0,30.0,0.005383842374012146,0.00517882882370692,0.0055831929002780065
SPLN30,tierAmg_p95,B cells,interferon_response,N4,30.0,35.0,0.005369787862362414,0.005151823145299471,0.0055897764719449105
SPLN30,tierAmg_p95,B cells,interferon_response,N4,35.0,40.0,0.00536894058381203,0.005118899047845295,0.005640264424823372
SPLN30,tierAmg_p95,B cells,interferon_response,N4,40.0,45.0,0.005385598459499593,0.0050609145894958485,0.005712053329357661
SPLN30,tierAmg_p95,B cells,interferon_response,N4,45.0,50.0,0.005386062701279574,0.005001615837461345,0.005768122108999707
SPLN30,tierAmg_p95,B cells,interferon_response,N4,50.0,55.0,0.005366694994363199,0.004914247630022482,0.005856780091169896
SPLN30,tierAmg_p95,B cells,interferon_response,N4,55.0,60.0,0.005356463847069685,0.004822564011487345,0.005903495067250196
SPLN30,tierAmg_p95,B cells,interferon_response,N4,60.0,65.0,0.005370611587677649,0.004678925338844492,0.0060446038476127525
SPLN30,tierAmg_p95,B cells,interferon_response,N4,65.0,70.0,0.005377535442412279,0.004613024971193826,0.006170432603567613
SPLN30,tierAmg_p95,B cells,interferon_response,N4,70.0,75.0,0.0053641602294115225,0.0045410957249941465,0.0062687254067590875
SPLN30,tierAmg_p95,B cells,interferon_response,N4,75.0,80.0,0.00536036145001629,0.004502708060326704,0.006248448142062437
SPLN30,tierAmg_p95,B cells,interferon_response,N4,80.0,85.0,0.0053719564816177056,0.00443449838306261,0.00642393260276733
SPLN30,tierAmg_p95,B cells,interferon_response,N4,85.0,90.0,0.005418575961114041,0.004376774454369256,0.006562161746164022
SPLN30,tierAmg_p95,B cells,interferon_response,N4,90.0,95.0,0.005377526324111455,0.004314567766035237,0.006368752486276852
SPLN30,tierAmg_p95,B cells,interferon_response,N4,95.0,100.0,0.005367753114883658,0.005130017253721525,0.005560108853881001
SPLN30,tierAmg_p95,B cells,oxidative_stress,N4,0.0,5.0,0.0048294897827717625,0.00407505147615352,0.005584609213426146
SPLN30,tierAmg_p95,B cells,oxidative_stress,N4,5.0,10.0,0.004856568144129006,0.004459634496232497,0.0053078493429840265
SPLN30,tierAmg_p95,B cells,oxidative_stress,N4,10.0,15.0,0.004854256879754872,0.004504530304771781,0.005213303275142702
SPLN30,tierAmg_p95,B cells,oxidative_stress,N4,15.0,20.0,0.004849179389782302,0.004532600888572838,0.005225787168333178
SPLN30,tierAmg_p95,B cells,oxidative_stress,N4,20.0,25.0,0.004851865844545547,0.004522498870312881,0.00517963604085263
SPLN30,tierAmg_p95,B cells,oxidative_stress,N4,25.0,30.0,0.004843028678890702,0.004461044267514115,0.005248185338837832
SPLN30,tierAmg_p95,B cells,oxidative_stress,N4,30.0,35.0,0.004854223289157617,0.004399746069642672,0.005258061862169761
SPLN30,tierAmg_p95,B cells,oxidative_stress,N4,35.0,40.0,0.004842100511326127,0.004387734528532517,0.005322676132834896
SPLN30,tierAmg_p95,B cells,oxidative_stress,N4,40.0,45.0,0.0048651855824011075,0.004219838344447465,0.0054931786644769895
SPLN30,tierAmg_p95,B cells,oxidative_stress,N4,45.0,50.0,0.00485464029801029,0.004062937205872476,0.00558427951627848
SPLN30,tierAmg_p95,B cells,oxidative_stress,N4,50.0,55.0,0.004885424430135913,0.004016139641912089,0.005790330616610905
SPLN30,tierAmg_p95,B cells,oxidative_stress,N4,55.0,60.0,0.004904605364478609,0.003870022747576883,0.006039815069085717
SPLN30,tierAmg_p95,B cells,oxidative_stress,N4,60.0,65.0,0.004916733047060935,0.003679739111686407,0.0061142958067389695
SPLN30,tierAmg_p95,B cells,oxidative_stress,N4,65.0,70.0,0.004884279536979513,0.00339105192731586,0.006314778683401045
SPLN30,tierAmg_p95,B cells,oxidative_stress,N4,70.0,75.0,0.0048329108688586276,0.0031244106173826183,0.006392355462285582
SPLN30,tierAmg_p95,B cells,oxidative_stress,N4,75.0,80.0,0.004868595422197635,0.0030937798909149313,0.006639033122607711
SPLN30,tierAmg_p95,B cells,oxidative_stress,N4,80.0,85.0,0.004870023658560157,0.0030438277730075137,0.006892853029959817
SPLN30,tierAmg_p95,B cells,oxidative_stress,N4,85.0,90.0,0.00500139457282133,0.0031379876373666266,0.006984015655773666
SPLN30,tierAmg_p95,B cells,oxidative_stress,N4,90.0,95.0,0.005020369739424494,0.0028206320728087174,0.007092254053305245
SPLN30,tierAmg_p95,B cells,oxidative_stress,N4,95.0,100.0,0.005112547644177022,0.004865799596394204,0.005332952335896477
SPLN30,tierAmg_p95,B cells,secondary_senescence,N4,0.0,5.0,-0.0027556559533069487,-0.002960285195754478,-0.002550603764959706
SPLN30,tierAmg_p95,B cells,secondary_senescence,N4,5.0,10.0,-0.0027491855772861637,-0.0028725126214970073,-0.002630031768575363
SPLN30,tierAmg_p95,B cells,secondary_senescence,N4,10.0,15.0,-0.0027496390053029247,-0.0028512152756101296,-0.002646134911719232
SPLN30,tierAmg_p95,B cells,secondary_senescence,N4,15.0,20.0,-0.00275050493830824,-0.002861980313945039,-0.0026435210404609855
SPLN30,tierAmg_p95,B cells,secondary_senescence,N4,20.0,25.0,-0.002751186745362461,-0.0028531202583288087,-0.002648016259463674
SPLN30,tierAmg_p95,B cells,secondary_senescence,N4,25.0,30.0,-0.0027477962645134487,-0.0028539329500930936,-0.002645717579208179
SPLN30,tierAmg_p95,B cells,secondary_senescence,N4,30.0,35.0,-0.002751676315333965,-0.0028729951697396483,-0.0026298712415397997
SPLN30,tierAmg_p95,B cells,secondary_senescence,N4,35.0,40.0,-0.0027585196319099854,-0.0029000827549566103,-0.0026188254084630494
SPLN30,tierAmg_p95,B cells,secondary_senescence,N4,40.0,45.0,-0.0027531553026791823,-0.002931968477647759,-0.002569385382197535
SPLN30,tierAmg_p95,B cells,secondary_senescence,N4,45.0,50.0,-0.002760045506932963,-0.002972057382183013,-0.0025128542195097144
SPLN30,tierAmg_p95,B cells,secondary_senescence,N4,50.0,55.0,-0.0027513572288073514,-0.0030026903091301613,-0.0024965239095351573
SPLN30,tierAmg_p95,B cells,secondary_senescence,N4,55.0,60.0,-0.002752426483851698,-0.003067273149408355,-0.0024202904912491935
SPLN30,tierAmg_p95,B cells,secondary_senescence,N4,60.0,65.0,-0.0027565495608682608,-0.0030992924814403112,-0.0024101594384410984
SPLN30,tierAmg_p95,B cells,secondary_senescence,N4,65.0,70.0,-0.002738296582800359,-0.003135195036490328,-0.0023335587316511463
SPLN30,tierAmg_p95,B cells,secondary_senescence,N4,70.0,75.0,-0.0027287200489518664,-0.0031945019813871154,-0.0022281236507350256
SPLN30,tierAmg_p95,B cells,secondary_senescence,N4,75.0,80.0,-0.0027631150619544425,-0.003272176318779117,-0.0022638895223290236
SPLN30,tierAmg_p95,B cells,secondary_senescence,N4,80.0,85.0,-0.0027750059360452752,-0.0033261012211273804,-0.0022716804789439846
SPLN30,tierAmg_p95,B cells,secondary_senescence,N4,85.0,90.0,-0.002762262336630967,-0.0033347836321886747,-0.002202798611274047
SPLN30,tierAmg_p95,B cells,secondary_senescence,N4,90.0,95.0,-0.0027511163142602325,-0.003312487019452087,-0.0021380070663072704
SPLN30,tierAmg_p95,B cells,secondary_senescence,N4,95.0,100.0,-0.0028107025293607115,-0.0029362828749415057,-0.0027004140446466977
SPLN30,tierAmg_p95,B cells,tnfa_nfkb_proximal,N4,0.0,5.0,-0.0008637000827721979,-0.0011290098170600503,-0.0006077009594190892
SPLN30,tierAmg_p95,B cells,tnfa_nfkb_proximal,N4,5.0,10.0,-0.0008594724951398087,-0.00101334438984186,-0.000710206633842176
SPLN30,tierAmg_p95,B cells,tnfa_nfkb_proximal,N4,10.0,15.0,-0.0008585846533172973,-0.0009763670364319505,-0.000732291122963808
SPLN30,tierAmg_p95,B cells,tnfa_nfkb_proximal,N4,15.0,20.0,-0.0008563362163830146,-0.0009880205889651857,-0.0007323204174242218
SPLN30,tierAmg_p95,B cells,tnfa_nfkb_proximal,N4,20.0,25.0,-0.0008573391683501795,-0.000986136780976694,-0.0007311210951451928
SPLN30,tierAmg_p95,B cells,tnfa_nfkb_proximal,N4,25.0,30.0,-0.0008597887394471618,-0.0010086244107143617,-0.0007190072754544773
SPLN30,tierAmg_p95,B cells,tnfa_nfkb_proximal,N4,30.0,35.0,-0.0008687021055791344,-0.001020249926209035,-0.0007192343730222578
SPLN30,tierAmg_p95,B cells,tnfa_nfkb_proximal,N4,35.0,40.0,-0.0008752672803473028,-0.0010570285708082134,-0.0006915009661194256
SPLN30,tierAmg_p95,B cells,tnfa_nfkb_proximal,N4,40.0,45.0,-0.0008640633828988282,-0.0010730608303283933,-0.0006322299596899303
SPLN30,tierAmg_p95,B cells,tnfa_nfkb_proximal,N4,45.0,50.0,-0.0008796148562074091,-0.0011417936569811037,-0.0005957082742063044
SPLN30,tierAmg_p95,B cells,tnfa_nfkb_proximal,N4,50.0,55.0,-0.000877091894783759,-0.001190696941229002,-0.0005412449794415472
SPLN30,tierAmg_p95,B cells,tnfa_nfkb_proximal,N4,55.0,60.0,-0.0008846046926408574,-0.0012709196853641453,-0.0004795499413105412
SPLN30,tierAmg_p95,B cells,tnfa_nfkb_proximal,N4,60.0,65.0,-0.0008971888365416529,-0.00134239251581554,-0.0004541497648921491
SPLN30,tierAmg_p95,B cells,tnfa_nfkb_proximal,N4,65.0,70.0,-0.0008794871015196041,-0.0013459264183389396,-0.0003756414983187509
SPLN30,tierAmg_p95,B cells,tnfa_nfkb_proximal,N4,70.0,75.0,-0.0008931472342512876,-0.001472165180886038,-0.0002753926976467697
SPLN30,tierAmg_p95,B cells,tnfa_nfkb_proximal,N4,75.0,80.0,-0.0008707045875539387,-0.0014456946132745158,-0.00019997969115861662
SPLN30,tierAmg_p95,B cells,tnfa_nfkb_proximal,N4,80.0,85.0,-0.0008802333129840833,-0.001587930429458825,-0.00015800525215593428
SPLN30,tierAmg_p95,B cells,tnfa_nfkb_proximal,N4,85.0,90.0,-0.0008930116398064584,-0.0015778864189907506,-0.00010262778307186293
SPLN30,tierAmg_p95,B cells,tnfa_nfkb_proximal,N4,90.0,95.0,-0.0008587705426721166,-0.0015501785677930298,-0.00011883576005420083
SPLN30,tierAmg_p95,B cells,tnfa_nfkb_proximal,N4,95.0,100.0,-0.0008502896520467773,-0.000999598305125477,-0.0006141709388406358
SPLN30,tierA_p95,B cells,downstream_arrest,N1,0.0,5.0,0.002053089911026169,0.0018743328196332545,0.002232053609998338
SPLN30,tierA_p95,B cells,downstream_arrest,N1,5.0,10.0,0.0021105229775416224,0.002020525504914206,0.0022031868158577023
SPLN30,tierA_p95,B cells,downstream_arrest,N1,10.0,15.0,0.002094145870091542,0.0020117350170757563,0.0021799509391271427
SPLN30,tierA_p95,B cells,downstream_arrest,N1,15.0,20.0,0.00208917570681732,0.0019986166713350656,0.002180205507773969
SPLN30,tierA_p95,B cells,downstream_arrest,N1,20.0,25.0,0.0020653886880543904,0.0019594841011553324,0.0021634038127073176
SPLN30,tierA_p95,B cells,downstream_arrest,N1,25.0,30.0,0.0020532473089776328,0.001927510300656731,0.0021834102226800213
SPLN30,tierA_p95,B cells,downstream_arrest,N1,30.0,35.0,0.002034087096946524,0.0018632788576903442,0.002218046489131615
SPLN30,tierA_p95,B cells,downstream_arrest,N1,35.0,40.0,0.0019978941831318765,0.0017712938033406507,0.0022139072590077347
SPLN30,tierA_p95,B cells,downstream_arrest,N1,40.0,45.0,0.0019805924312281567,0.0016469260043847304,0.0022974281214872827
SPLN30,tierA_p95,B cells,downstream_arrest,N1,45.0,50.0,0.0019758249734970696,0.0015593802345238686,0.0023844977175010488
SPLN30,tierA_p95,B cells,downstream_arrest,N1,50.0,55.0,0.0019701487050218665,0.001392773849964818,0.0025493889336850872
SPLN30,tierA_p95,B cells,downstream_arrest,N1,55.0,60.0,0.0019368844570462162,0.0011085375017531923,0.002806626558659451
SPLN30,tierA_p95,B cells,downstream_arrest,N1,60.0,65.0,0.0019469265430523026,0.000889093639057776,0.00304018074559584
SPLN30,tierA_p95,B cells,downstream_arrest,N1,65.0,70.0,0.0018654890225960994,0.00036434232476398765,0.003392399475829831
SPLN30,tierA_p95,B cells,downstream_arrest,N1,70.0,75.0,0.0017910408685496068,-0.0003318424052454445,0.0038418664810902082
SPLN30,tierA_p95,B cells,downstream_arrest,N1,75.0,80.0,0.0017822794151835825,-0.0008292999079276341,0.004540211588475638
SPLN30,tierA_p95,B cells,downstream_arrest,N1,80.0,85.0,0.001680448524736581,-0.0018439499677333515,0.005201468807331365
SPLN30,tierA_p95,B cells,downstream_arrest,N1,85.0,90.0,0.0016100462582664856,-0.003643124935479136,0.007075156133396376
SPLN30,tierA_p95,B cells,downstream_arrest,N1,90.0,95.0,0.0013062509944600396,-0.004213250073371455,0.007083916605188277
SPLN30,tierA_p95,B cells,downstream_arrest,N1,95.0,100.0,0.001621721933007945,-0.0019454999979037287,0.004673791645109305
SPLN30,tierA_p95,B cells,emt_ecm,N1,0.0,5.0,-0.002508550078879138,-0.0026842279825181393,-0.0023425709884946494
SPLN30,tierA_p95,B cells,emt_ecm,N1,5.0,10.0,-0.0025673988294073967,-0.002654440416481734,-0.002480038488668351
SPLN30,tierA_p95,B cells,emt_ecm,N1,10.0,15.0,-0.0025501273072871264,-0.0026283145214838683,-0.0024630812495674563
SPLN30,tierA_p95,B cells,emt_ecm,N1,15.0,20.0,-0.0025199566228271968,-0.0026021003832240796,-0.002439850667804823
SPLN30,tierA_p95,B cells,emt_ecm,N1,20.0,25.0,-0.002494870563760472,-0.0025985810599924797,-0.002395259603604694
SPLN30,tierA_p95,B cells,emt_ecm,N1,25.0,30.0,-0.002460437250480224,-0.002578302644481534,-0.002336798762624416
SPLN30,tierA_p95,B cells,emt_ecm,N1,30.0,35.0,-0.002414979118145582,-0.0025764820854664804,-0.002239495123920941
SPLN30,tierA_p95,B cells,emt_ecm,N1,35.0,40.0,-0.002400089099659379,-0.002605936620350324,-0.0021918929046201396
SPLN30,tierA_p95,B cells,emt_ecm,N1,40.0,45.0,-0.002401327339447881,-0.0027026440278232963,-0.002098234819031301
SPLN30,tierA_p95,B cells,emt_ecm,N1,45.0,50.0,-0.002409847125744158,-0.0028120878471045853,-0.0019915559630202407
SPLN30,tierA_p95,B cells,emt_ecm,N1,50.0,55.0,-0.00240920635785908,-0.002944960961185486,-0.0018025457363910582
SPLN30,tierA_p95,B cells,emt_ecm,N1,55.0,60.0,-0.002485515167668112,-0.003213191718529147,-0.0016742259850741018
SPLN30,tierA_p95,B cells,emt_ecm,N1,60.0,65.0,-0.0025138493650317456,-0.0034801795101444878,-0.0014011619900317802
SPLN30,tierA_p95,B cells,emt_ecm,N1,65.0,70.0,-0.0026529765628464366,-0.003924727487424154,-0.0012006732578350545
SPLN30,tierA_p95,B cells,emt_ecm,N1,70.0,75.0,-0.002710856919050235,-0.00427592187734831,-0.0008595610549368258
SPLN30,tierA_p95,B cells,emt_ecm,N1,75.0,80.0,-0.002913716714201824,-0.004964292286226205,-0.0003065095680936701
SPLN30,tierA_p95,B cells,emt_ecm,N1,80.0,85.0,-0.0029367965472795144,-0.0056285625061718745,0.0006347571669071574
SPLN30,tierA_p95,B cells,emt_ecm,N1,85.0,90.0,-0.0031322040545681824,-0.006111249967943877,0.001319285676540208
SPLN30,tierA_p95,B cells,emt_ecm,N1,90.0,95.0,-0.0031491269881065687,-0.006409750145394355,0.003330749971792062
SPLN30,tierA_p95,B cells,emt_ecm,N1,95.0,100.0,-0.002984320837718343,-0.006120000034570694,0.0013202500499054208
SPLN30,tierA_p95,B cells,il6_jak_stat3,N1,0.0,5.0,0.002063570842944015,0.0017599043613450982,0.0023654662900703632
SPLN30,tierA_p95,B cells,il6_jak_stat3,N1,5.0,10.0,0.002064387316458923,0.0019076804549902479,0.002218292997757756
SPLN30,tierA_p95,B cells,il6_jak_stat3,N1,10.0,15.0,0.0020822350877659633,0.0019446479712490197,0.0022265983413896177
SPLN30,tierA_p95,B cells,il6_jak_stat3,N1,15.0,20.0,0.002090243859784478,0.0019468761910726067,0.0022442536324713256
SPLN30,tierA_p95,B cells,il6_jak_stat3,N1,20.0,25.0,0.0021217214058282846,0.0019542241369136376,0.0022989638715531467
SPLN30,tierA_p95,B cells,il6_jak_stat3,N1,25.0,30.0,0.0021042755839657135,0.001881969265549712,0.002313622748248746
SPLN30,tierA_p95,B cells,il6_jak_stat3,N1,30.0,35.0,0.0021191938663496493,0.0018376658730927314,0.002412976350659905
SPLN30,tierA_p95,B cells,il6_jak_stat3,N1,35.0,40.0,0.002148439960112473,0.0017827638658740998,0.0025367571369404956
SPLN30,tierA_p95,B cells,il6_jak_stat3,N1,40.0,45.0,0.0021447858987358225,0.0016062648323086576,0.002714096750607519
SPLN30,tierA_p95,B cells,il6_jak_stat3,N1,45.0,50.0,0.0021798025538573044,0.0014907806032253676,0.0028728001900349635
SPLN30,tierA_p95,B cells,il6_jak_stat3,N1,50.0,55.0,0.002132517271981335,0.001209996607979296,0.003165563572947176
SPLN30,tierA_p95,B cells,il6_jak_stat3,N1,55.0,60.0,0.002007328351950038,0.0006971177646794335,0.003382274273382271
SPLN30,tierA_p95,B cells,il6_jak_stat3,N1,60.0,65.0,0.0018960952290578898,0.00013911943281866418,0.004009714954964793
SPLN30,tierA_p95,B cells,il6_jak_stat3,N1,65.0,70.0,0.0017036655469183874,-0.0006819709401807563,0.004244082195499295
SPLN30,tierA_p95,B cells,il6_jak_stat3,N1,70.0,75.0,0.001465157671020632,-0.0018491194884268473,0.005113653534208423
SPLN30,tierA_p95,B cells,il6_jak_stat3,N1,75.0,80.0,0.001096938594490903,-0.0032996614269904965,0.005867470253643193
SPLN30,tierA_p95,B cells,il6_jak_stat3,N1,80.0,85.0,0.001066749255161607,-0.00449401079548157,0.0075425438011006915
SPLN30,tierA_p95,B cells,il6_jak_stat3,N1,85.0,90.0,0.0012178273492095474,-0.0057843749527819455,0.011737500157323666
SPLN30,tierA_p95,B cells,il6_jak_stat3,N1,90.0,95.0,0.0005453456971774313,-0.006270000000949949,0.01188299972563981
SPLN30,tierA_p95,B cells,il6_jak_stat3,N1,95.0,100.0,-0.0002632800941967693,-0.005960000213235617,0.006512600108205028
SPLN30,tierA_p95,B cells,interferon_response,N1,0.0,5.0,0.005321818808629652,0.005080379731299305,0.005589212796191798
SPLN30,tierA_p95,B cells,interferon_response,N1,5.0,10.0,0.005366326993528541,0.0052252218281082456,0.005499816132139714
SPLN30,tierA_p95,B cells,interferon_response,N1,10.0,15.0,0.0053872246732084815,0.005260276692001634,0.005522362019995106
SPLN30,tierA_p95,B cells,interferon_response,N1,15.0,20.0,0.0053740616403652,0.0052410115517479315,0.005511079592605604
SPLN30,tierA_p95,B cells,interferon_response,N1,20.0,25.0,0.0053804860905523845,0.005225470933743196,0.00553593218790538
SPLN30,tierA_p95,B cells,interferon_response,N1,25.0,30.0,0.005377505106031184,0.005174374052018632,0.005557244022036914
SPLN30,tierA_p95,B cells,interferon_response,N1,30.0,35.0,0.005378026339220035,0.00511426220568957,0.005639384183705699
SPLN30,tierA_p95,B cells,interferon_response,N1,35.0,40.0,0.005415096352079408,0.005037935240386422,0.005785198157977378
SPLN30,tierA_p95,B cells,interferon_response,N1,40.0,45.0,0.0054089812589455605,0.004896856317160244,0.00591378583426543
SPLN30,tierA_p95,B cells,interferon_response,N1,45.0,50.0,0.005411119883277023,0.00472763360590814,0.006074685155451784
SPLN30,tierA_p95,B cells,interferon_response,N1,50.0,55.0,0.005457117195473447,0.0046052755620875924,0.0063822903351251955
SPLN30,tierA_p95,B cells,interferon_response,N1,55.0,60.0,0.005431410772984385,0.004231316197559924,0.006859513342401047
SPLN30,tierA_p95,B cells,interferon_response,N1,60.0,65.0,0.005500150087260806,0.0037812905825305347,0.007358811684003924
SPLN30,tierA_p95,B cells,interferon_response,N1,65.0,70.0,0.005404606368629979,0.0030675361103949987,0.007878269170720768
SPLN30,tierA_p95,B cells,interferon_response,N1,70.0,75.0,0.005291809133317851,0.0020699536292529417,0.008709477277322243
SPLN30,tierA_p95,B cells,interferon_response,N1,75.0,80.0,0.005300390409866264,0.0011632536214084908,0.010136820580061311
SPLN30,tierA_p95,B cells,interferon_response,N1,80.0,85.0,0.005062638071001696,-0.0005306999519754233,0.010450166839291342
SPLN30,tierA_p95,B cells,interferon_response,N1,85.0,90.0,0.0055231346288565535,-0.0020699999295175076,0.014044375013327226
SPLN30,tierA_p95,B cells,interferon_response,N1,90.0,95.0,0.004718087353103322,-0.004292500138399191,0.01374599991831928
SPLN30,tierA_p95,B cells,interferon_response,N1,95.0,100.0,0.004582539446281867,-0.0017093749876949005,0.010750860369585865
SPLN30,tierA_p95,B cells,oxidative_stress,N1,0.0,5.0,0.004845987440906241,0.0042896124772799455,0.005371608629077485
SPLN30,tierA_p95,B cells,oxidative_stress,N1,5.0,10.0,0.004937210731246976,0.004670405512298606,0.005213928940962969
SPLN30,tierA_p95,B cells,oxidative_stress,N1,10.0,15.0,0.00490144190480611,0.004660168909375631,0.005149654797579839
SPLN30,tierA_p95,B cells,oxidative_stress,N1,15.0,20.0,0.004905012966783128,0.004654873868259859,0.00517510215706346
SPLN30,tierA_p95,B cells,oxidative_stress,N1,20.0,25.0,0.004863607227218429,0.004543817305288707,0.005156750256331762
SPLN30,tierA_p95,B cells,oxidative_stress,N1,25.0,30.0,0.004855277121294271,0.004472990628892427,0.005236007678099829
SPLN30,tierA_p95,B cells,oxidative_stress,N1,30.0,35.0,0.004854650308797039,0.004408350037649279,0.005351078430695692
SPLN30,tierA_p95,B cells,oxidative_stress,N1,35.0,40.0,0.004827997080630618,0.004196961543271563,0.005461921492125019
SPLN30,tierA_p95,B cells,oxidative_stress,N1,40.0,45.0,0.004821146392821113,0.0038940792920128336,0.005673992417205285
SPLN30,tierA_p95,B cells,oxidative_stress,N1,45.0,50.0,0.004746041023793041,0.0035100717458254765,0.006035428341132259
SPLN30,tierA_p95,B cells,oxidative_stress,N1,50.0,55.0,0.0048230578507936234,0.003068496861810053,0.006520990181071168
SPLN30,tierA_p95,B cells,oxidative_stress,N1,55.0,60.0,0.004852776429856463,0.0025362343898719967,0.0073045229413446315
SPLN30,tierA_p95,B cells,oxidative_stress,N1,60.0,65.0,0.004953396303530922,0.0015239403448241832,0.008500746127030778
SPLN30,tierA_p95,B cells,oxidative_stress,N1,65.0,70.0,0.005242409627396592,0.0009833833943990518,0.009668184820380387
SPLN30,tierA_p95,B cells,oxidative_stress,N1,70.0,75.0,0.005361137369037014,-0.0006694986514379376,0.011680333239270285
SPLN30,tierA_p95,B cells,oxidative_stress,N1,75.0,80.0,0.005663056099765655,-0.0018076180905544398,0.014400480644447574
SPLN30,tierA_p95,B cells,oxidative_stress,N1,80.0,85.0,0.006212712376207153,-0.0029925000359071418,0.017711034571667283
SPLN30,tierA_p95,B cells,oxidative_stress,N1,85.0,90.0,0.0062260890167607245,-0.007750625038170256,0.02356916656329607
SPLN30,tierA_p95,B cells,oxidative_stress,N1,90.0,95.0,0.004673155186755166,-0.008454749872907997,0.024727415976425006
SPLN30,tierA_p95,B cells,oxidative_stress,N1,95.0,100.0,0.003851813928074027,-0.008389999934782585,0.01593054166684547
SPLN30,tierA_p95,B cells,secondary_senescence,N1,0.0,5.0,-0.00274711217327644,-0.0028826989311343983,-0.0026074597066659422
SPLN30,tierA_p95,B cells,secondary_senescence,N1,5.0,10.0,-0.0028012196159012933,-0.002881486131402936,-0.00272457133544862
SPLN30,tierA_p95,B cells,secondary_senescence,N1,10.0,15.0,-0.0027809496382704742,-0.0028541162257809598,-0.002712932855863205
SPLN30,tierA_p95,B cells,secondary_senescence,N1,15.0,20.0,-0.0027704577750172392,-0.0028425309943386134,-0.0026960368495688807
SPLN30,tierA_p95,B cells,secondary_senescence,N1,20.0,25.0,-0.0027548020822461164,-0.002839883821514859,-0.002675029072195587
SPLN30,tierA_p95,B cells,secondary_senescence,N1,25.0,30.0,-0.0027436357219516538,-0.00285015715172411,-0.0026388669172068154
SPLN30,tierA_p95,B cells,secondary_senescence,N1,30.0,35.0,-0.002713089929236526,-0.0028483268957806163,-0.0025709970069287083
SPLN30,tierA_p95,B cells,secondary_senescence,N1,35.0,40.0,-0.002687665096893472,-0.002876668289456817,-0.0024917113997207814
SPLN30,tierA_p95,B cells,secondary_senescence,N1,40.0,45.0,-0.0026517031346227384,-0.002915860749001435,-0.002392077174810323
SPLN30,tierA_p95,B cells,secondary_senescence,N1,45.0,50.0,-0.0026438488586055147,-0.00298021117368743,-0.0023021056395129474
SPLN30,tierA_p95,B cells,secondary_senescence,N1,50.0,55.0,-0.002631549591019965,-0.003125227064067712,-0.0021139670448629168
SPLN30,tierA_p95,B cells,secondary_senescence,N1,55.0,60.0,-0.0026561321594757007,-0.0033228185327117948,-0.0019897316322996144
SPLN30,tierA_p95,B cells,secondary_senescence,N1,60.0,65.0,-0.0026456915230712585,-0.0035292830391624973,-0.0016815452032561563
SPLN30,tierA_p95,B cells,secondary_senescence,N1,65.0,70.0,-0.0026789545191949074,-0.003911623268762088,-0.0013039063160677497
SPLN30,tierA_p95,B cells,secondary_senescence,N1,70.0,75.0,-0.0026417152724891577,-0.0043122710266989646,-0.0008318221898067496
SPLN30,tierA_p95,B cells,secondary_senescence,N1,75.0,80.0,-0.002724348927228629,-0.004781874990294454,-0.0002118125097922536
SPLN30,tierA_p95,B cells,secondary_senescence,N1,80.0,85.0,-0.002767774675037868,-0.005570333365661402,0.0009011666894366488
SPLN30,tierA_p95,B cells,secondary_senescence,N1,85.0,90.0,-0.00264611759262244,-0.006109999900218099,0.0024112501414492726
SPLN30,tierA_p95,B cells,secondary_senescence,N1,90.0,95.0,-0.002918492686226636,-0.006395333295222372,0.0028658332807632776
SPLN30,tierA_p95,B cells,secondary_senescence,N1,95.0,100.0,-0.0028833144385772705,-0.006130000110715628,0.0007647502119652906
SPLN30,tierA_p95,B cells,tnfa_nfkb_proximal,N1,0.0,5.0,-0.0008627063561090527,-0.001043228501609918,-0.0006694716897543539
SPLN30,tierA_p95,B cells,tnfa_nfkb_proximal,N1,5.0,10.0,-0.0008766546901264562,-0.00097763705960924,-0.0007803222519245176
SPLN30,tierA_p95,B cells,tnfa_nfkb_proximal,N1,10.0,15.0,-0.0008651660925920857,-0.0009515809451736133,-0.0007759288867855644
SPLN30,tierA_p95,B cells,tnfa_nfkb_proximal,N1,15.0,20.0,-0.000871945846635175,-0.0009644495781805566,-0.0007788573277907067
SPLN30,tierA_p95,B cells,tnfa_nfkb_proximal,N1,20.0,25.0,-0.0008623202089360684,-0.0009736372135458255,-0.0007561880728071664
SPLN30,tierA_p95,B cells,tnfa_nfkb_proximal,N1,25.0,30.0,-0.0008580111757259903,-0.000992627629325783,-0.0007175081387567835
SPLN30,tierA_p95,B cells,tnfa_nfkb_proximal,N1,30.0,35.0,-0.0008596001064100683,-0.0010464674167696539,-0.000685504521103154
SPLN30,tierA_p95,B cells,tnfa_nfkb_proximal,N1,35.0,40.0,-0.0008478702182732258,-0.0010805658268833122,-0.0005997095002803674
SPLN30,tierA_p95,B cells,tnfa_nfkb_proximal,N1,40.0,45.0,-0.0008367139418399326,-0.0011579148002829648,-0.0005046654449884271
SPLN30,tierA_p95,B cells,tnfa_nfkb_proximal,N1,45.0,50.0,-0.0008410019986347187,-0.0012912722493343483,-0.00039483662051553145
SPLN30,tierA_p95,B cells,tnfa_nfkb_proximal,N1,50.0,55.0,-0.000829294924772163,-0.001488476382827869,-0.0002254335839049564
SPLN30,tierA_p95,B cells,tnfa_nfkb_proximal,N1,55.0,60.0,-0.0008334207064597857,-0.0017198451078900016,4.358823796899398e-06
SPLN30,tierA_p95,B cells,tnfa_nfkb_proximal,N1,60.0,65.0,-0.0008370253419512929,-0.0019629817690002393,0.00044063362856764125
SPLN30,tierA_p95,B cells,tnfa_nfkb_proximal,N1,65.0,70.0,-0.0008806555938313004,-0.0023770226609582984,0.000764699582252936
SPLN30,tierA_p95,B cells,tnfa_nfkb_proximal,N1,70.0,75.0,-0.0007629943714553749,-0.002752815445321522,0.0016631303133419265
SPLN30,tierA_p95,B cells,tnfa_nfkb_proximal,N1,75.0,80.0,-0.0004831907768007165,-0.0033503499869281463,0.003128915044021487
SPLN30,tierA_p95,B cells,tnfa_nfkb_proximal,N1,80.0,85.0,-0.0003362507747055222,-0.004135175053719043,0.004387516929736276
SPLN30,tierA_p95,B cells,tnfa_nfkb_proximal,N1,85.0,90.0,-0.00030123988270107317,-0.005646249977871776,0.006852500111563131
SPLN30,tierA_p95,B cells,tnfa_nfkb_proximal,N1,90.0,95.0,0.0005561732191331313,-0.005919499904848635,0.009530000388622284
SPLN30,tierA_p95,B cells,tnfa_nfkb_proximal,N1,95.0,100.0,0.0007647281995693015,-0.003444999922066927,0.009530000388622284
SPLN30,tierA_p95,B cells,downstream_arrest,N3,0.0,5.0,0.002068020957590861,0.001776567712808402,0.0023654352532408106
SPLN30,tierA_p95,B cells,downstream_arrest,N3,5.0,10.0,0.0020747095225982287,0.0019030662363563767,0.002241850018257677
SPLN30,tierA_p95,B cells,downstream_arrest,N3,10.0,15.0,0.002076404226558965,0.0019299616510869422,0.0022241114259166713
SPLN30,tierA_p95,B cells,downstream_arrest,N3,15.0,20.0,0.0020743544585201347,0.0019441890554342724,0.0022051232793543762
SPLN30,tierA_p95,B cells,downstream_arrest,N3,20.0,25.0,0.002076363018161853,0.0019365924641439863,0.0022218761659552485
SPLN30,tierA_p95,B cells,downstream_arrest,N3,25.0,30.0,0.0020713011334317923,0.001920083179260373,0.0022174261998922145
SPLN30,tierA_p95,B cells,downstream_arrest,N3,30.0,35.0,0.002074273170744136,0.0019034881111373487,0.0022588896047761875
SPLN30,tierA_p95,B cells,downstream_arrest,N3,35.0,40.0,0.002079883504110932,0.0018946874874638986,0.0022841960480672325
SPLN30,tierA_p95,B cells,downstream_arrest,N3,40.0,45.0,0.0020747100881290926,0.0018447650023880014,0.002314262504214716
SPLN30,tierA_p95,B cells,downstream_arrest,N3,45.0,50.0,0.002075999230788361,0.0017914254117101115,0.0023744382934557298
SPLN30,tierA_p95,B cells,downstream_arrest,N3,50.0,55.0,0.002072137330902307,0.0017423372081901043,0.0024251726988021136
SPLN30,tierA_p95,B cells,downstream_arrest,N3,55.0,60.0,0.002070108464079846,0.0016681510628969558,0.0024653989334976387
SPLN30,tierA_p95,B cells,downstream_arrest,N3,60.0,65.0,0.0020747529166819188,0.0015878749842059268,0.002538618553621522
SPLN30,tierA_p95,B cells,downstream_arrest,N3,65.0,70.0,0.0020586068294594587,0.0015234918388047892,0.002574558153580198
SPLN30,tierA_p95,B cells,downstream_arrest,N3,70.0,75.0,0.002075720717794261,0.001520824996381097,0.0026171275984190915
SPLN30,tierA_p95,B cells,downstream_arrest,N3,75.0,80.0,0.0020592545726836184,0.0014596660227853835,0.0026744159537790127
SPLN30,tierA_p95,B cells,downstream_arrest,N3,80.0,85.0,0.002057576692917493,0.0014677698460593565,0.0026993366840427704
SPLN30,tierA_p95,B cells,downstream_arrest,N3,85.0,90.0,0.0020641899731297713,0.0014060783443579671,0.0027328722760136073
SPLN30,tierA_p95,B cells,downstream_arrest,N3,90.0,95.0,0.0020716975096284596,0.001407659913183149,0.0027763842115192338
SPLN30,tierA_p95,B cells,downstream_arrest,N3,95.0,100.0,0.0020733160210247153,0.0019828536507803625,0.002193208124042722
SPLN30,tierA_p95,B cells,emt_ecm,N3,0.0,5.0,-0.00250655940356078,-0.002773908605121715,-0.0022122634563143373
SPLN30,tierA_p95,B cells,emt_ecm,N3,5.0,10.0,-0.0025049713610708216,-0.002680042006171791,-0.0023163443713993307
SPLN30,tierA_p95,B cells,emt_ecm,N3,10.0,15.0,-0.0025136270378460514,-0.0026758538068425166,-0.002356874243476268
SPLN30,tierA_p95,B cells,emt_ecm,N3,15.0,20.0,-0.0025061733917520978,-0.0026550544147516393,-0.002354405516985366
SPLN30,tierA_p95,B cells,emt_ecm,N3,20.0,25.0,-0.0025122816872232686,-0.002661115114593655,-0.0023709385581838598
SPLN30,tierA_p95,B cells,emt_ecm,N3,25.0,30.0,-0.0025079159648397358,-0.0026716172818001256,-0.002338281084471973
SPLN30,tierA_p95,B cells,emt_ecm,N3,30.0,35.0,-0.0025086741757546424,-0.002694958849045108,-0.002324584871151726
SPLN30,tierA_p95,B cells,emt_ecm,N3,35.0,40.0,-0.0025097554432006505,-0.002706576800663564,-0.002292539693618215
SPLN30,tierA_p95,B cells,emt_ecm,N3,40.0,45.0,-0.0025121933599759195,-0.002750640713588723,-0.0022670608069754452
SPLN30,tierA_p95,B cells,emt_ecm,N3,45.0,50.0,-0.002507569599329509,-0.002776971438547694,-0.0022138697541804753
SPLN30,tierA_p95,B cells,emt_ecm,N3,50.0,55.0,-0.002508680681158327,-0.002842180685428166,-0.002181661676850432
SPLN30,tierA_p95,B cells,emt_ecm,N3,55.0,60.0,-0.002502659176974249,-0.002843703043668751,-0.0020941255207246683
SPLN30,tierA_p95,B cells,emt_ecm,N3,60.0,65.0,-0.0025061667251784167,-0.002938909285153351,-0.002064129940845266
SPLN30,tierA_p95,B cells,emt_ecm,N3,65.0,70.0,-0.002520957723488003,-0.0030394938420624873,-0.002019943316780601
SPLN30,tierA_p95,B cells,emt_ecm,N3,70.0,75.0,-0.0025070469752127024,-0.0030623822654249136,-0.0019068022261151524
SPLN30,tierA_p95,B cells,emt_ecm,N3,75.0,80.0,-0.0024930375293027705,-0.00308156584013364,-0.001851632948110147
SPLN30,tierA_p95,B cells,emt_ecm,N3,80.0,85.0,-0.0025122049967553936,-0.0031371994018713142,-0.001900408345200611
SPLN30,tierA_p95,B cells,emt_ecm,N3,85.0,90.0,-0.00250316167832926,-0.0031438526815591554,-0.0018251578133894049
SPLN30,tierA_p95,B cells,emt_ecm,N3,90.0,95.0,-0.0025187245763462476,-0.0031484379179545397,-0.0018564210575626576
SPLN30,tierA_p95,B cells,emt_ecm,N3,95.0,100.0,-0.0025072258167631767,-0.0026535959360644333,-0.002366854361302081
SPLN30,tierA_p95,B cells,il6_jak_stat3,N3,0.0,5.0,0.002096862673752086,0.0016402878411834558,0.0025912286147134235
SPLN30,tierA_p95,B cells,il6_jak_stat3,N3,5.0,10.0,0.0021002631851784453,0.0017872331078512666,0.002431387625228855
SPLN30,tierA_p95,B cells,il6_jak_stat3,N3,10.0,15.0,0.002097122425980594,0.0018375888704478523,0.0023684051182417333
SPLN30,tierA_p95,B cells,il6_jak_stat3,N3,15.0,20.0,0.0020991235909568343,0.0018679879520611248,0.0023458194252201285
SPLN30,tierA_p95,B cells,il6_jak_stat3,N3,20.0,25.0,0.0020986887031691883,0.0018474303159945597,0.0023631668447045176
SPLN30,tierA_p95,B cells,il6_jak_stat3,N3,25.0,30.0,0.0021040498101969223,0.0018332309114358636,0.0023996046919010894
SPLN30,tierA_p95,B cells,il6_jak_stat3,N3,30.0,35.0,0.00209494559709931,0.0017788106432428381,0.0024489667800306055
SPLN30,tierA_p95,B cells,il6_jak_stat3,N3,35.0,40.0,0.0021013127796785836,0.001751270194571345,0.0024926121719327085
SPLN30,tierA_p95,B cells,il6_jak_stat3,N3,40.0,45.0,0.002096459105066565,0.0016725920594472137,0.0025550971560118294
SPLN30,tierA_p95,B cells,il6_jak_stat3,N3,45.0,50.0,0.0020925239882183568,0.0015986395558236915,0.0025817997513189013
SPLN30,tierA_p95,B cells,il6_jak_stat3,N3,50.0,55.0,0.0020963262422714277,0.0015480825971363836,0.002695036892184323
SPLN30,tierA_p95,B cells,il6_jak_stat3,N3,55.0,60.0,0.0020879285879425035,0.0014257180422052537,0.0027269356452543627
SPLN30,tierA_p95,B cells,il6_jak_stat3,N3,60.0,65.0,0.0020965704040301655,0.0012874379686415732,0.0028684192290982387
SPLN30,tierA_p95,B cells,il6_jak_stat3,N3,65.0,70.0,0.0020736055186217667,0.0011734952641742106,0.0029335080873104935
SPLN30,tierA_p95,B cells,il6_jak_stat3,N3,70.0,75.0,0.0021025019234908633,0.0011547658544328674,0.003065209540372545
SPLN30,tierA_p95,B cells,il6_jak_stat3,N3,75.0,80.0,0.002110995614926964,0.00103881085636541,0.0032918276720212635
SPLN30,tierA_p95,B cells,il6_jak_stat3,N3,80.0,85.0,0.0021147956742637777,0.0010660787164248628,0.0032940353164945388
SPLN30,tierA_p95,B cells,il6_jak_stat3,N3,85.0,90.0,0.002129821597882978,0.0010451280063947066,0.003295855343207808
SPLN30,tierA_p95,B cells,il6_jak_stat3,N3,90.0,95.0,0.0021063362653616696,0.0010409569089554424,0.0033072584236584993
SPLN30,tierA_p95,B cells,il6_jak_stat3,N3,95.0,100.0,0.0021043326822604777,0.0019082942915953104,0.002317580768010556
SPLN30,tierA_p95,B cells,interferon_response,N3,0.0,5.0,0.00537997389529669,0.004939522106081981,0.005849543467528708
SPLN30,tierA_p95,B cells,interferon_response,N3,5.0,10.0,0.005379608004459522,0.005131264361607557,0.005622466879964447
SPLN30,tierA_p95,B cells,interferon_response,N3,10.0,15.0,0.005375225900428126,0.005146377834565049,0.005592103779916443
SPLN30,tierA_p95,B cells,interferon_response,N3,15.0,20.0,0.005380202014200444,0.005166310099310738,0.005599984332453766
SPLN30,tierA_p95,B cells,interferon_response,N3,20.0,25.0,0.005376556944867602,0.0051572520427697575,0.005612418827632317
SPLN30,tierA_p95,B cells,interferon_response,N3,25.0,30.0,0.005384327334712144,0.005133213238404133,0.005632179774507462
SPLN30,tierA_p95,B cells,interferon_response,N3,30.0,35.0,0.005380341933504684,0.005099360903416829,0.005665384321554548
SPLN30,tierA_p95,B cells,interferon_response,N3,35.0,40.0,0.005374476490321433,0.005058694136898404,0.005693462043591293
SPLN30,tierA_p95,B cells,interferon_response,N3,40.0,45.0,0.005377832824828241,0.005008375932894721,0.00575122640769076
SPLN30,tierA_p95,B cells,interferon_response,N3,45.0,50.0,0.005368973916982606,0.004940997572408358,0.005812333528343278
SPLN30,tierA_p95,B cells,interferon_response,N3,50.0,55.0,0.005375184836137638,0.004885624689425168,0.00589699774178395
SPLN30,tierA_p95,B cells,interferon_response,N3,55.0,60.0,0.005389170675718315,0.00481194628929195,0.006007280408263804
SPLN30,tierA_p95,B cells,interferon_response,N3,60.0,65.0,0.005368802231882767,0.004675492497829192,0.006080318811463627
SPLN30,tierA_p95,B cells,interferon_response,N3,65.0,70.0,0.005382119397424063,0.004602977184668964,0.006190009325293948
SPLN30,tierA_p95,B cells,interferon_response,N3,70.0,75.0,0.0054029142561765435,0.004563450415799809,0.006266074230630179
SPLN30,tierA_p95,B cells,interferon_response,N3,75.0,80.0,0.005354219772535583,0.00451306813296601,0.006356586373776806
SPLN30,tierA_p95,B cells,interferon_response,N3,80.0,85.0,0.005379813727946033,0.004381332674252829,0.0063895668671260656
SPLN30,tierA_p95,B cells,interferon_response,N3,85.0,90.0,0.005362335879566976,0.0043828980025798344,0.006396839569533519
SPLN30,tierA_p95,B cells,interferon_response,N3,90.0,95.0,0.0053900648487832,0.004330696150454736,0.006498232079126504
SPLN30,tierA_p95,B cells,interferon_response,N3,95.0,100.0,0.005382861965271302,0.005215346595912281,0.005550023399095112
SPLN30,tierA_p95,B cells,oxidative_stress,N3,0.0,5.0,0.004888048380106083,0.004001864138801728,0.005763171442488016
SPLN30,tierA_p95,B cells,oxidative_stress,N3,5.0,10.0,0.0048949364786901265,0.004448679025472974,0.005404788470339955
SPLN30,tierA_p95,B cells,oxidative_stress,N3,10.0,15.0,0.004892131901617233,0.0044806518233862155,0.005322580809214158
SPLN30,tierA_p95,B cells,oxidative_stress,N3,15.0,20.0,0.0048861235522070995,0.004509512479884771,0.005285802878713449
SPLN30,tierA_p95,B cells,oxidative_stress,N3,20.0,25.0,0.004894550443570185,0.004496997106363506,0.005288921592742947
SPLN30,tierA_p95,B cells,oxidative_stress,N3,25.0,30.0,0.004894782645065058,0.004421799021475654,0.0053571987374860415
SPLN30,tierA_p95,B cells,oxidative_stress,N3,30.0,35.0,0.004895211992980788,0.004398830691688063,0.005426415531701478
SPLN30,tierA_p95,B cells,oxidative_stress,N3,35.0,40.0,0.004900906973146253,0.004335355010435928,0.005515910108100536
SPLN30,tierA_p95,B cells,oxidative_stress,N3,40.0,45.0,0.004921623026135294,0.004228997555879319,0.005619689761872917
SPLN30,tierA_p95,B cells,oxidative_stress,N3,45.0,50.0,0.00488148202507677,0.004102271244016976,0.005644221562251368
SPLN30,tierA_p95,B cells,oxidative_stress,N3,50.0,55.0,0.004882726894094499,0.003895612874751815,0.005869215829790003
SPLN30,tierA_p95,B cells,oxidative_stress,N3,55.0,60.0,0.004895200545710729,0.00375188266271449,0.0060354015783018146
SPLN30,tierA_p95,B cells,oxidative_stress,N3,60.0,65.0,0.004896862705917794,0.003611494717375155,0.006328775279414706
SPLN30,tierA_p95,B cells,oxidative_stress,N3,65.0,70.0,0.004869916294926319,0.003373765170666067,0.006421914308832343
SPLN30,tierA_p95,B cells,oxidative_stress,N3,70.0,75.0,0.00483625213083177,0.0032287680221229614,0.006396656896878249
SPLN30,tierA_p95,B cells,oxidative_stress,N3,75.0,80.0,0.004873427701331636,0.003108882229784504,0.006564482709655564
SPLN30,tierA_p95,B cells,oxidative_stress,N3,80.0,85.0,0.004886384150743194,0.002916964290309122,0.006769268287784711
SPLN30,tierA_p95,B cells,oxidative_stress,N3,85.0,90.0,0.0048732668041603245,0.0030117634722947382,0.006826153591161944
SPLN30,tierA_p95,B cells,oxidative_stress,N3,90.0,95.0,0.0048828299754419,0.0030039889017355083,0.006809169900891463
SPLN30,tierA_p95,B cells,oxidative_stress,N3,95.0,100.0,0.004902837744940127,0.00464837360713016,0.0051981337144129
SPLN30,tierA_p95,B cells,secondary_senescence,N3,0.0,5.0,-0.0027594763948635644,-0.0029887522563556753,-0.002524539966105176
SPLN30,tierA_p95,B cells,secondary_senescence,N3,5.0,10.0,-0.002760006205068253,-0.002903942128308877,-0.002606267017994096
SPLN30,tierA_p95,B cells,secondary_senescence,N3,10.0,15.0,-0.002763124206307549,-0.0028790717519907453,-0.002641884965433493
SPLN30,tierA_p95,B cells,secondary_senescence,N3,15.0,20.0,-0.002759653951473356,-0.0028785676759179603,-0.002646638751792525
SPLN30,tierA_p95,B cells,secondary_senescence,N3,20.0,25.0,-0.0027627417990466014,-0.0028813641638160206,-0.002641986871345135
SPLN30,tierA_p95,B cells,secondary_senescence,N3,25.0,30.0,-0.002758741639673982,-0.0028870626280172655,-0.0026300189913344933
SPLN30,tierA_p95,B cells,secondary_senescence,N3,30.0,35.0,-0.002766730697029022,-0.0029040143759938766,-0.0026081428098986394
SPLN30,tierA_p95,B cells,secondary_senescence,N3,35.0,40.0,-0.002759880285097052,-0.002931852407194227,-0.0025834012831823625
SPLN30,tierA_p95,B cells,secondary_senescence,N3,40.0,45.0,-0.0027600473413780468,-0.0029468473992297255,-0.002559429719921517
SPLN30,tierA_p95,B cells,secondary_senescence,N3,45.0,50.0,-0.0027527894348454126,-0.0029862897492639773,-0.002503010669958545
SPLN30,tierA_p95,B cells,secondary_senescence,N3,50.0,55.0,-0.002752533672422022,-0.0030201896505948284,-0.002456820982595111
SPLN30,tierA_p95,B cells,secondary_senescence,N3,55.0,60.0,-0.002760974632162925,-0.003096764000855678,-0.0023936743347968354
SPLN30,tierA_p95,B cells,secondary_senescence,N3,60.0,65.0,-0.002745148529918296,-0.00311833730738673,-0.0023399316740164945
SPLN30,tierA_p95,B cells,secondary_senescence,N3,65.0,70.0,-0.0027419691975005198,-0.003216304712462309,-0.0022992062391146363
SPLN30,tierA_p95,B cells,secondary_senescence,N3,70.0,75.0,-0.0027626857772699723,-0.003252080970167567,-0.0022488576744099822
SPLN30,tierA_p95,B cells,secondary_senescence,N3,75.0,80.0,-0.00274620359508144,-0.0032254463146990145,-0.0022129744279537236
SPLN30,tierA_p95,B cells,secondary_senescence,N3,80.0,85.0,-0.0027475650596560327,-0.0032560963133112437,-0.0021146666124826994
SPLN30,tierA_p95,B cells,secondary_senescence,N3,85.0,90.0,-0.00273638424187454,-0.003293070857771762,-0.002159912747036009
SPLN30,tierA_p95,B cells,secondary_senescence,N3,90.0,95.0,-0.0027545880751076775,-0.003282335897657992,-0.002138797212615341
SPLN30,tierA_p95,B cells,secondary_senescence,N3,95.0,100.0,-0.0027588823173311603,-0.0028376540354777056,-0.002666661634352332
SPLN30,tierA_p95,B cells,tnfa_nfkb_proximal,N3,0.0,5.0,-0.0008628295911012778,-0.0011532949382014217,-0.0005538044968966441
SPLN30,tierA_p95,B cells,tnfa_nfkb_proximal,N3,5.0,10.0,-0.0008639317484230476,-0.001056451752271435,-0.0006878659430428941
SPLN30,tierA_p95,B cells,tnfa_nfkb_proximal,N3,10.0,15.0,-0.0008639913253831972,-0.0010287188360368026,-0.0007129567524689651
SPLN30,tierA_p95,B cells,tnfa_nfkb_proximal,N3,15.0,20.0,-0.0008619846635218893,-0.001002265498003717,-0.0007263817110024527
SPLN30,tierA_p95,B cells,tnfa_nfkb_proximal,N3,20.0,25.0,-0.0008662263494773734,-0.0010080738125915786,-0.0007185066325578672
SPLN30,tierA_p95,B cells,tnfa_nfkb_proximal,N3,25.0,30.0,-0.000860828972425685,-0.0010336561238158545,-0.0007027242859190641
SPLN30,tierA_p95,B cells,tnfa_nfkb_proximal,N3,30.0,35.0,-0.0008689961298332601,-0.001035074414291039,-0.000682950902941515
SPLN30,tierA_p95,B cells,tnfa_nfkb_proximal,N3,35.0,40.0,-0.0008668971816961038,-0.0010885267210719186,-0.0006531499884855086
SPLN30,tierA_p95,B cells,tnfa_nfkb_proximal,N3,40.0,45.0,-0.0008646502244657387,-0.00111025600235132,-0.0006055607685115614
SPLN30,tierA_p95,B cells,tnfa_nfkb_proximal,N3,45.0,50.0,-0.0008570271367807749,-0.0011494445921867201,-0.0005593827175323372
SPLN30,tierA_p95,B cells,tnfa_nfkb_proximal,N3,50.0,55.0,-0.0008654898477331762,-0.0012014760030811037,-0.0005273279038419276
SPLN30,tierA_p95,B cells,tnfa_nfkb_proximal,N3,55.0,60.0,-0.0008682818786639992,-0.0012693304924237326,-0.0004416986886956685
SPLN30,tierA_p95,B cells,tnfa_nfkb_proximal,N3,60.0,65.0,-0.0008688928338708326,-0.001367561931590002,-0.00035740568453364465
SPLN30,tierA_p95,B cells,tnfa_nfkb_proximal,N3,65.0,70.0,-0.0008779221574845088,-0.0014124842147510987,-0.00032389508076303855
SPLN30,tierA_p95,B cells,tnfa_nfkb_proximal,N3,70.0,75.0,-0.0008531117032698219,-0.0014140370667568,-0.00024294713321202174
SPLN30,tierA_p95,B cells,tnfa_nfkb_proximal,N3,75.0,80.0,-0.0008538407231881251,-0.0014870037087506389,-0.00020826999563987932
SPLN30,tierA_p95,B cells,tnfa_nfkb_proximal,N3,80.0,85.0,-0.0008743120347621447,-0.0015455221075791705,-0.00017382812686825847
SPLN30,tierA_p95,B cells,tnfa_nfkb_proximal,N3,85.0,90.0,-0.0008557374546028478,-0.0015692194094538753,-0.00011528007100127422
SPLN30,tierA_p95,B cells,tnfa_nfkb_proximal,N3,90.0,95.0,-0.000878856485348441,-0.0015561994306780007,-0.00014372073979698096
SPLN30,tierA_p95,B cells,tnfa_nfkb_proximal,N3,95.0,100.0,-0.0008610001216634613,-0.000988224780979005,-0.0007700563084273925
SPLN30,tierA_p95,B cells,downstream_arrest,N4,0.0,5.0,0.002045289683133512,0.0018124195073225891,0.002280985528212779
SPLN30,tierA_p95,B cells,downstream_arrest,N4,5.0,10.0,0.0020583426746277177,0.0019156043822481368,0.00220487050719434
SPLN30,tierA_p95,B cells,downstream_arrest,N4,10.0,15.0,0.002049847031587138,0.0019284890114148667,0.002170235908606608
SPLN30,tierA_p95,B cells,downstream_arrest,N4,15.0,20.0,0.0020494150575449304,0.0019450982696161679,0.002170462100704268
SPLN30,tierA_p95,B cells,downstream_arrest,N4,20.0,25.0,0.0020558614931521714,0.0019450932973719367,0.0021810386172558044
SPLN30,tierA_p95,B cells,downstream_arrest,N4,25.0,30.0,0.002056808186242946,0.0019356636703226602,0.002191417888503021
SPLN30,tierA_p95,B cells,downstream_arrest,N4,30.0,35.0,0.002053562313251455,0.001907623072533031,0.002203758606049736
SPLN30,tierA_p95,B cells,downstream_arrest,N4,35.0,40.0,0.0020576854915884566,0.0018868341582904456,0.0022193366959010357
SPLN30,tierA_p95,B cells,downstream_arrest,N4,40.0,45.0,0.0020517065177232006,0.0018439617376972966,0.002259963122612028
SPLN30,tierA_p95,B cells,downstream_arrest,N4,45.0,50.0,0.0020542967181330254,0.0017944540225840074,0.0022942462768595745
SPLN30,tierA_p95,B cells,downstream_arrest,N4,50.0,55.0,0.002066029028594876,0.0017734807586226857,0.0023611821659772574
SPLN30,tierA_p95,B cells,downstream_arrest,N4,55.0,60.0,0.0020648266387794127,0.001675721551024045,0.0024419820275373492
SPLN30,tierA_p95,B cells,downstream_arrest,N4,60.0,65.0,0.0020538556272575014,0.0016308972681923354,0.002459612350677646
SPLN30,tierA_p95,B cells,downstream_arrest,N4,65.0,70.0,0.0020854027226515732,0.0015998126185340434,0.002555454970999344
SPLN30,tierA_p95,B cells,downstream_arrest,N4,70.0,75.0,0.0020980259611484086,0.0015615287444907832,0.0026462475971442785
SPLN30,tierA_p95,B cells,downstream_arrest,N4,75.0,80.0,0.0020972222323092458,0.0015279044590592661,0.0027065193388320762
SPLN30,tierA_p95,B cells,downstream_arrest,N4,80.0,85.0,0.002113141875240897,0.0014641720549708407,0.0027458483853688128
SPLN30,tierA_p95,B cells,downstream_arrest,N4,85.0,90.0,0.0021179597490307315,0.0014039476145226027,0.0028232434177354313
SPLN30,tierA_p95,B cells,downstream_arrest,N4,90.0,95.0,0.0021087000762833943,0.0014260163248341945,0.002859349915883211
SPLN30,tierA_p95,B cells,downstream_arrest,N4,95.0,100.0,0.0021718448009332473,0.002051536221161851,0.0022888101218287555
SPLN30,tierA_p95,B cells,emt_ecm,N4,0.0,5.0,-0.0025042403737383454,-0.0027263627899874513,-0.0022514592463907003
SPLN30,tierA_p95,B cells,emt_ecm,N4,5.0,10.0,-0.002503636196275365,-0.002640830265370273,-0.0023569524735080633
SPLN30,tierA_p95,B cells,emt_ecm,N4,10.0,15.0,-0.0025074517027311306,-0.0026273372372853667,-0.002373695624637825
SPLN30,tierA_p95,B cells,emt_ecm,N4,15.0,20.0,-0.002504172440210277,-0.002621883347830257,-0.002382667008897698
SPLN30,tierA_p95,B cells,emt_ecm,N4,20.0,25.0,-0.00250858731108507,-0.0026297359960386966,-0.002392939182925816
SPLN30,tierA_p95,B cells,emt_ecm,N4,25.0,30.0,-0.0025086834288786724,-0.0026398556269107898,-0.00236786792477808
SPLN30,tierA_p95,B cells,emt_ecm,N4,30.0,35.0,-0.0025101236872469173,-0.002651064899070957,-0.0023584132188963496
SPLN30,tierA_p95,B cells,emt_ecm,N4,35.0,40.0,-0.002505600529286438,-0.002666779253262117,-0.002328381166614833
SPLN30,tierA_p95,B cells,emt_ecm,N4,40.0,45.0,-0.002502164058446936,-0.002711742059264396,-0.002292016972078018
SPLN30,tierA_p95,B cells,emt_ecm,N4,45.0,50.0,-0.002511702447102543,-0.0027403381049915607,-0.0022422082442137043
SPLN30,tierA_p95,B cells,emt_ecm,N4,50.0,55.0,-0.00251377860005448,-0.002811603927017483,-0.002212606177202137
SPLN30,tierA_p95,B cells,emt_ecm,N4,55.0,60.0,-0.0025144108444663874,-0.0028804742258323472,-0.0021263477032571533
SPLN30,tierA_p95,B cells,emt_ecm,N4,60.0,65.0,-0.0025002566751844524,-0.002932366127905578,-0.0020438875879035187
SPLN30,tierA_p95,B cells,emt_ecm,N4,65.0,70.0,-0.002492076798515778,-0.0029909280146607846,-0.0019507217397508926
SPLN30,tierA_p95,B cells,emt_ecm,N4,70.0,75.0,-0.0024684124936198365,-0.0030124996793532573,-0.0018479980474158013
SPLN30,tierA_p95,B cells,emt_ecm,N4,75.0,80.0,-0.002484655014488501,-0.0030697605643076457,-0.0018158701766479443
SPLN30,tierA_p95,B cells,emt_ecm,N4,80.0,85.0,-0.002508579723594231,-0.003169433887242471,-0.001870464056262187
SPLN30,tierA_p95,B cells,emt_ecm,N4,85.0,90.0,-0.002520810974780476,-0.0032106369567444985,-0.0018110627896231342
SPLN30,tierA_p95,B cells,emt_ecm,N4,90.0,95.0,-0.0024962829963989363,-0.0032185974751995187,-0.0017406873874194586
SPLN30,tierA_p95,B cells,emt_ecm,N4,95.0,100.0,-0.002527809703406563,-0.002715759707424912,-0.0023012400207651404
SPLN30,tierA_p95,B cells,il6_jak_stat3,N4,0.0,5.0,0.0020417084342515706,0.0016428374578103854,0.0024316750129731684
SPLN30,tierA_p95,B cells,il6_jak_stat3,N4,5.0,10.0,0.0020592724266101227,0.0018043318447235842,0.0023195389482781356
SPLN30,tierA_p95,B cells,il6_jak_stat3,N4,10.0,15.0,0.0020562930797234395,0.0018488493000777583,0.002255903743203635
SPLN30,tierA_p95,B cells,il6_jak_stat3,N4,15.0,20.0,0.002060020361027517,0.001854373017938466,0.002243468717821205
SPLN30,tierA_p95,B cells,il6_jak_stat3,N4,20.0,25.0,0.002056156178134165,0.001840220390527032,0.0022707521276944323
SPLN30,tierA_p95,B cells,il6_jak_stat3,N4,25.0,30.0,0.00205884702031154,0.0018277212916486321,0.0022754896939905594
SPLN30,tierA_p95,B cells,il6_jak_stat3,N4,30.0,35.0,0.0020613610103565765,0.0017869584542047475,0.0023317327423006706
SPLN30,tierA_p95,B cells,il6_jak_stat3,N4,35.0,40.0,0.002079575923221781,0.0017654589665909988,0.0023734812823097778
SPLN30,tierA_p95,B cells,il6_jak_stat3,N4,40.0,45.0,0.0020718888405986085,0.0017487642208044978,0.0024179570024339034
SPLN30,tierA_p95,B cells,il6_jak_stat3,N4,45.0,50.0,0.0020718279582510385,0.0016646545819247584,0.002509275601483914
SPLN30,tierA_p95,B cells,il6_jak_stat3,N4,50.0,55.0,0.0020926671126335872,0.0015734737552446727,0.0026347947851506383
SPLN30,tierA_p95,B cells,il6_jak_stat3,N4,55.0,60.0,0.0020593231317036493,0.001465056289946233,0.0026554419720428127
SPLN30,tierA_p95,B cells,il6_jak_stat3,N4,60.0,65.0,0.0021121572542779302,0.0013639109186096333,0.0028673434866165206
SPLN30,tierA_p95,B cells,il6_jak_stat3,N4,65.0,70.0,0.002106457532249838,0.0013113937550076964,0.0029494966160971557
SPLN30,tierA_p95,B cells,il6_jak_stat3,N4,70.0,75.0,0.0020811269184373826,0.0011934373710740301,0.0029905587532602896
SPLN30,tierA_p95,B cells,il6_jak_stat3,N4,75.0,80.0,0.00208044999613578,0.0010089665013066904,0.003120577730894619
SPLN30,tierA_p95,B cells,il6_jak_stat3,N4,80.0,85.0,0.0020637189037179694,0.0010580167913342613,0.0031991231612285395
SPLN30,tierA_p95,B cells,il6_jak_stat3,N4,85.0,90.0,0.0020951216962497693,0.0009174109437924399,0.0032559897346988854
SPLN30,tierA_p95,B cells,il6_jak_stat3,N4,90.0,95.0,0.0021020353808727053,0.0008875120601371544,0.0032939294394225818
SPLN30,tierA_p95,B cells,il6_jak_stat3,N4,95.0,100.0,0.002250574426505462,0.0020661017502153966,0.002441702392970025
SPLN30,tierA_p95,B cells,interferon_response,N4,0.0,5.0,0.005373629484542214,0.00501593821533901,0.005725586884743739
SPLN30,tierA_p95,B cells,interferon_response,N4,5.0,10.0,0.005381605554822393,0.005170876056886852,0.005602057355023513
SPLN30,tierA_p95,B cells,interferon_response,N4,10.0,15.0,0.005377815304203039,0.005183409663544891,0.0055651003693218916
SPLN30,tierA_p95,B cells,interferon_response,N4,15.0,20.0,0.005374398703284741,0.005209823300349913,0.005545539817807295
SPLN30,tierA_p95,B cells,interferon_response,N4,20.0,25.0,0.005377207789629657,0.0051767681019333316,0.005564324949045074
SPLN30,tierA_p95,B cells,interferon_response,N4,25.0,30.0,0.005378704373745895,0.005186085849560704,0.005572168740734179
SPLN30,tierA_p95,B cells,interferon_response,N4,30.0,35.0,0.005372117697833742,0.005144062811723593,0.005607393963918004
SPLN30,tierA_p95,B cells,interferon_response,N4,35.0,40.0,0.005383930495570683,0.005117569655708716,0.005657370516467255
SPLN30,tierA_p95,B cells,interferon_response,N4,40.0,45.0,0.0053867523171397275,0.005068329405095211,0.005712525360012959
SPLN30,tierA_p95,B cells,interferon_response,N4,45.0,50.0,0.005378144130561274,0.0049950232000510525,0.0057788610476314705
SPLN30,tierA_p95,B cells,interferon_response,N4,50.0,55.0,0.0053648129881793275,0.004917193284922319,0.005804840096088607
SPLN30,tierA_p95,B cells,interferon_response,N4,55.0,60.0,0.005369387764498367,0.004811289813026448,0.005945340462746677
SPLN30,tierA_p95,B cells,interferon_response,N4,60.0,65.0,0.005380015274972001,0.004705398049380494,0.0060248640229459026
SPLN30,tierA_p95,B cells,interferon_response,N4,65.0,70.0,0.005407243769464456,0.004638338891546035,0.006197302607757781
SPLN30,tierA_p95,B cells,interferon_response,N4,70.0,75.0,0.005369488193368411,0.00461061598208552,0.006261640919139432
SPLN30,tierA_p95,B cells,interferon_response,N4,75.0,80.0,0.005388540113312654,0.004513894749794073,0.0063446262023973705
SPLN30,tierA_p95,B cells,interferon_response,N4,80.0,85.0,0.005351528837685031,0.004379256260927184,0.006405318148767079
SPLN30,tierA_p95,B cells,interferon_response,N4,85.0,90.0,0.00538350756560669,0.004340801721029026,0.006389416354380744
SPLN30,tierA_p95,B cells,interferon_response,N4,90.0,95.0,0.005357659119116214,0.004367321414227349,0.006491231179201511
SPLN30,tierA_p95,B cells,interferon_response,N4,95.0,100.0,0.005367238064628641,0.0051091434258055115,0.005558928591365418
SPLN30,tierA_p95,B cells,oxidative_stress,N4,0.0,5.0,0.004842739399698948,0.004036825178027299,0.005566681942887872
SPLN30,tierA_p95,B cells,oxidative_stress,N4,5.0,10.0,0.004838406810405177,0.004423324493409959,0.005256101943450546
SPLN30,tierA_p95,B cells,oxidative_stress,N4,10.0,15.0,0.004848676227561532,0.004516595966651512,0.00519321430193736
SPLN30,tierA_p95,B cells,oxidative_stress,N4,15.0,20.0,0.0048489552500795875,0.004510105343025481,0.005177398211944268
SPLN30,tierA_p95,B cells,oxidative_stress,N4,20.0,25.0,0.004850127885169921,0.004511270501236047,0.005190017818472718
SPLN30,tierA_p95,B cells,oxidative_stress,N4,25.0,30.0,0.0048604322824520926,0.004468476743503044,0.005254550066330144
SPLN30,tierA_p95,B cells,oxidative_stress,N4,30.0,35.0,0.004865572912012776,0.00442597819178607,0.005325427654560219
SPLN30,tierA_p95,B cells,oxidative_stress,N4,35.0,40.0,0.004843114240571455,0.004350665878492373,0.005344101650300019
SPLN30,tierA_p95,B cells,oxidative_stress,N4,40.0,45.0,0.004855793590444775,0.004271458312891935,0.005457177696963831
SPLN30,tierA_p95,B cells,oxidative_stress,N4,45.0,50.0,0.0048625071487652105,0.004158656108455998,0.00563467172538428
SPLN30,tierA_p95,B cells,oxidative_stress,N4,50.0,55.0,0.004908771465941297,0.0039601686758448254,0.005838056582582683
SPLN30,tierA_p95,B cells,oxidative_stress,N4,55.0,60.0,0.004893982550737301,0.003874930565188574,0.005991148364118558
SPLN30,tierA_p95,B cells,oxidative_stress,N4,60.0,65.0,0.004951249311449746,0.0038527931108268605,0.006197705837151799
SPLN30,tierA_p95,B cells,oxidative_stress,N4,65.0,70.0,0.004837432828368734,0.003337633547385065,0.006303234987678885
SPLN30,tierA_p95,B cells,oxidative_stress,N4,70.0,75.0,0.004848055781767249,0.0031755084015487735,0.006363028829363698
SPLN30,tierA_p95,B cells,oxidative_stress,N4,75.0,80.0,0.004836388745650412,0.003191841478021705,0.0064970802804371515
SPLN30,tierA_p95,B cells,oxidative_stress,N4,80.0,85.0,0.004923148605072451,0.0029187552573165724,0.006953511998373923
SPLN30,tierA_p95,B cells,oxidative_stress,N4,85.0,90.0,0.004997666080813344,0.003023857207429764,0.007132668529254983
SPLN30,tierA_p95,B cells,oxidative_stress,N4,90.0,95.0,0.005001515388199809,0.002824043748844138,0.00705797803576796
SPLN30,tierA_p95,B cells,oxidative_stress,N4,95.0,100.0,0.00510213931462296,0.004875150583328272,0.0053777358593464384
SPLN30,tierA_p95,B cells,secondary_senescence,N4,0.0,5.0,-0.002757495126549842,-0.0029590545941160437,-0.0025656847475165243
SPLN30,tierA_p95,B cells,secondary_senescence,N4,5.0,10.0,-0.002746894844516388,-0.0028631783239816523,-0.002626763763285827
SPLN30,tierA_p95,B cells,secondary_senescence,N4,10.0,15.0,-0.0027512539997227637,-0.0028572277284935515,-0.002641382975032215
SPLN30,tierA_p95,B cells,secondary_senescence,N4,15.0,20.0,-0.0027483901332714766,-0.002855756731399454,-0.002643844350145019
SPLN30,tierA_p95,B cells,secondary_senescence,N4,20.0,25.0,-0.0027520443900535038,-0.0028586818480153065,-0.0026466311499334047
SPLN30,tierA_p95,B cells,secondary_senescence,N4,25.0,30.0,-0.002752516231869574,-0.0028638186858647007,-0.002634705745335465
SPLN30,tierA_p95,B cells,secondary_senescence,N4,30.0,35.0,-0.0027504519713343963,-0.0028692327271899786,-0.0026339079781526006
SPLN30,tierA_p95,B cells,secondary_senescence,N4,35.0,40.0,-0.0027485517008672042,-0.0028822863181073724,-0.002589978889668705
SPLN30,tierA_p95,B cells,secondary_senescence,N4,40.0,45.0,-0.0027572262883694978,-0.0029194001803328666,-0.002585579727069497
SPLN30,tierA_p95,B cells,secondary_senescence,N4,45.0,50.0,-0.0027644555821504384,-0.0029716737952802906,-0.002524398621559428
SPLN30,tierA_p95,B cells,secondary_senescence,N4,50.0,55.0,-0.0027548966182316,-0.0029936802684884783,-0.0024920977586939783
SPLN30,tierA_p95,B cells,secondary_senescence,N4,55.0,60.0,-0.002760915342194523,-0.0030707094435256247,-0.002433292126551432
SPLN30,tierA_p95,B cells,secondary_senescence,N4,60.0,65.0,-0.0027576107063272716,-0.0031103656703097425,-0.002383319866224154
SPLN30,tierA_p95,B cells,secondary_senescence,N4,65.0,70.0,-0.002732681348282498,-0.003169102610892156,-0.002334869057727928
SPLN30,tierA_p95,B cells,secondary_senescence,N4,70.0,75.0,-0.0027372543292193663,-0.003167722631036719,-0.00222616258085999
SPLN30,tierA_p95,B cells,secondary_senescence,N4,75.0,80.0,-0.002755372231554545,-0.0032760306299872946,-0.0022719659730900004
SPLN30,tierA_p95,B cells,secondary_senescence,N4,80.0,85.0,-0.002750482188565981,-0.003311351941666246,-0.0021878890988446167
SPLN30,tierA_p95,B cells,secondary_senescence,N4,85.0,90.0,-0.0027919610622525537,-0.0033312917306422985,-0.002228996365910236
SPLN30,tierA_p95,B cells,secondary_senescence,N4,90.0,95.0,-0.0027576903763625567,-0.003360817571915604,-0.0021283774057809525
SPLN30,tierA_p95,B cells,secondary_senescence,N4,95.0,100.0,-0.002815631979727136,-0.0029316891691053984,-0.0027067121776185744
SPLN30,tierA_p95,B cells,tnfa_nfkb_proximal,N4,0.0,5.0,-0.0008630033782671725,-0.001132032331284036,-0.0006173007797705458
SPLN30,tierA_p95,B cells,tnfa_nfkb_proximal,N4,5.0,10.0,-0.0008599502929506202,-0.0009980970955264467,-0.0007176494239682061
SPLN30,tierA_p95,B cells,tnfa_nfkb_proximal,N4,10.0,15.0,-0.000855623350854457,-0.0009744295787788719,-0.0007316376454396403
SPLN30,tierA_p95,B cells,tnfa_nfkb_proximal,N4,15.0,20.0,-0.0008606344355151203,-0.0009780999857995868,-0.0007321114037290575
SPLN30,tierA_p95,B cells,tnfa_nfkb_proximal,N4,20.0,25.0,-0.0008601472327123213,-0.0009864143601892963,-0.0007383960785374292
SPLN30,tierA_p95,B cells,tnfa_nfkb_proximal,N4,25.0,30.0,-0.0008614748301377646,-0.0010112185117092513,-0.0007195888403836957
SPLN30,tierA_p95,B cells,tnfa_nfkb_proximal,N4,30.0,35.0,-0.0008696714509511969,-0.0010377678879033084,-0.0007102882792644151
SPLN30,tierA_p95,B cells,tnfa_nfkb_proximal,N4,35.0,40.0,-0.0008675157304221051,-0.0010426988115881015,-0.0006797998141546886
SPLN30,tierA_p95,B cells,tnfa_nfkb_proximal,N4,40.0,45.0,-0.0008695062573456456,-0.0010873231112516145,-0.000632645602051371
SPLN30,tierA_p95,B cells,tnfa_nfkb_proximal,N4,45.0,50.0,-0.0008731024325411894,-0.0011394158420965008,-0.0006049057286245433
SPLN30,tierA_p95,B cells,tnfa_nfkb_proximal,N4,50.0,55.0,-0.0008760065475314913,-0.001202762024502817,-0.0005374571548276924
SPLN30,tierA_p95,B cells,tnfa_nfkb_proximal,N4,55.0,60.0,-0.0008746325364370884,-0.0012395608579855917,-0.0004951814046528925
SPLN30,tierA_p95,B cells,tnfa_nfkb_proximal,N4,60.0,65.0,-0.0008843953619563079,-0.0013062215543649417,-0.0004496598634086283
SPLN30,tierA_p95,B cells,tnfa_nfkb_proximal,N4,65.0,70.0,-0.0008918840922880394,-0.0013902110239726886,-0.00039855996110822956
SPLN30,tierA_p95,B cells,tnfa_nfkb_proximal,N4,70.0,75.0,-0.0008654045679648653,-0.0014575140422373124,-0.00026845251032040976
SPLN30,tierA_p95,B cells,tnfa_nfkb_proximal,N4,75.0,80.0,-0.000884831584260366,-0.001482365520131879,-0.00019230597956291148
SPLN30,tierA_p95,B cells,tnfa_nfkb_proximal,N4,80.0,85.0,-0.000891331205866277,-0.0015979356205571762,-0.00015040485864562225
SPLN30,tierA_p95,B cells,tnfa_nfkb_proximal,N4,85.0,90.0,-0.0008753490313957022,-0.0016061066495621573,-9.710276145905166e-05
SPLN30,tierA_p95,B cells,tnfa_nfkb_proximal,N4,90.0,95.0,-0.0008674456386651268,-0.0016193648373538537,-9.502739237798676e-05
SPLN30,tierA_p95,B cells,tnfa_nfkb_proximal,N4,95.0,100.0,-0.0008477885035421282,-0.0009961077845177537,-0.0006262241516852546
SPLN43,tierAmg_p95,B cells,downstream_arrest,N1,0.0,5.0,0.004891172598490504,0.004686700980823384,0.005107181587668021
SPLN43,tierAmg_p95,B cells,downstream_arrest,N1,5.0,10.0,0.005174566095972709,0.005070156709175468,0.005278719269757166
SPLN43,tierAmg_p95,B cells,downstream_arrest,N1,10.0,15.0,0.005074584794225744,0.004973949752590704,0.005174376656268133
SPLN43,tierAmg_p95,B cells,downstream_arrest,N1,15.0,20.0,0.004960256672619369,0.004839071523559407,0.00507770717026448
SPLN43,tierAmg_p95,B cells,downstream_arrest,N1,20.0,25.0,0.004792284650151269,0.004663166091382899,0.00493242470476429
SPLN43,tierAmg_p95,B cells,downstream_arrest,N1,25.0,30.0,0.004593915421152097,0.004411793269600934,0.004793101254506546
SPLN43,tierAmg_p95,B cells,downstream_arrest,N1,30.0,35.0,0.004336351268299576,0.004068541765258104,0.004613827259029555
SPLN43,tierAmg_p95,B cells,downstream_arrest,N1,35.0,40.0,0.004044034448546404,0.0036565042285917238,0.00444279257317922
SPLN43,tierAmg_p95,B cells,downstream_arrest,N1,40.0,45.0,0.0037590651495302573,0.0032000972824481116,0.004355063482590332
SPLN43,tierAmg_p95,B cells,downstream_arrest,N1,45.0,50.0,0.003529698657884315,0.0027585304264427664,0.0043353972545351295
SPLN43,tierAmg_p95,B cells,downstream_arrest,N1,50.0,55.0,0.0034377154748308943,0.0023149709281223216,0.004562221405742486
SPLN43,tierAmg_p95,B cells,downstream_arrest,N1,55.0,60.0,0.003406808779484722,0.0018779166760502146,0.005051158704933355
SPLN43,tierAmg_p95,B cells,downstream_arrest,N1,60.0,65.0,0.003347989897821213,0.0010111838262031705,0.005523493839138282
SPLN43,tierAmg_p95,B cells,downstream_arrest,N1,65.0,70.0,0.003413530454798275,0.00043849642512610774,0.006656833316673849
SPLN43,tierAmg_p95,B cells,downstream_arrest,N1,70.0,75.0,0.003407970376430822,-0.0005839000548439799,0.007380354217977063
SPLN43,tierAmg_p95,B cells,downstream_arrest,N1,75.0,80.0,0.003137233671724686,-0.0024597999453544613,0.00870281657349551
SPLN43,tierAmg_p95,B cells,downstream_arrest,N1,80.0,85.0,0.003145997616262259,-0.0032393749977927652,0.009938999863031012
SPLN43,tierAmg_p95,B cells,downstream_arrest,N1,85.0,90.0,0.0031670587857705753,-0.006060000043362379,0.010982649954676162
SPLN43,tierAmg_p95,B cells,downstream_arrest,N1,90.0,95.0,0.0031686095228905275,-0.006060000043362379,0.012550000101327896
SPLN43,tierAmg_p95,B cells,downstream_arrest,N1,95.0,100.0,0.0022323688349452386,-0.004465000005438924,0.008054083376434098
SPLN43,tierAmg_p95,B cells,emt_ecm,N1,0.0,5.0,-0.004209090985413574,-0.004445257708206534,-0.003981152328692267
SPLN43,tierAmg_p95,B cells,emt_ecm,N1,5.0,10.0,-0.004353802837523988,-0.004465993290756929,-0.0042438790523692226
SPLN43,tierAmg_p95,B cells,emt_ecm,N1,10.0,15.0,-0.004306126803038627,-0.004413644926785236,-0.00420719558866415
SPLN43,tierAmg_p95,B cells,emt_ecm,N1,15.0,20.0,-0.004240612281930978,-0.004350605808190403,-0.004134774343735719
SPLN43,tierAmg_p95,B cells,emt_ecm,N1,20.0,25.0,-0.00416866354158128,-0.004299365356232363,-0.0040247087084168
SPLN43,tierAmg_p95,B cells,emt_ecm,N1,25.0,30.0,-0.004078160900217016,-0.004266763174824673,-0.0038755995251576122
SPLN43,tierAmg_p95,B cells,emt_ecm,N1,30.0,35.0,-0.00400735168156833,-0.0042868937707389795,-0.0037268000004657695
SPLN43,tierAmg_p95,B cells,emt_ecm,N1,35.0,40.0,-0.003974147733452253,-0.004362974546145741,-0.0035528411108427483
SPLN43,tierAmg_p95,B cells,emt_ecm,N1,40.0,45.0,-0.003969227619629245,-0.004506108096979931,-0.0034157136664181398
SPLN43,tierAmg_p95,B cells,emt_ecm,N1,45.0,50.0,-0.004047152736295287,-0.004767292302758057,-0.0032413010137023034
SPLN43,tierAmg_p95,B cells,emt_ecm,N1,50.0,55.0,-0.00424374222822389,-0.005299667577647769,-0.003215335791781851
SPLN43,tierAmg_p95,B cells,emt_ecm,N1,55.0,60.0,-0.0044459662132075835,-0.005712862167942831,-0.0029046579577043916
SPLN43,tierAmg_p95,B cells,emt_ecm,N1,60.0,65.0,-0.00459169062537797,-0.006402678023865023,-0.0027537917847803343
SPLN43,tierAmg_p95,B cells,emt_ecm,N1,65.0,70.0,-0.004837299264315402,-0.006888295383118517,-0.002204160671826688
SPLN43,tierAmg_p95,B cells,emt_ecm,N1,70.0,75.0,-0.005223129434175925,-0.007667049913240287,-0.0019035001290467366
SPLN43,tierAmg_p95,B cells,emt_ecm,N1,75.0,80.0,-0.005248784694349712,-0.008543499861843884,-0.0009014821654913945
SPLN43,tierAmg_p95,B cells,emt_ecm,N1,80.0,85.0,-0.005588894145849688,-0.009264500229619443,-0.0007573333942370173
SPLN43,tierAmg_p95,B cells,emt_ecm,N1,85.0,90.0,-0.005620345286194084,-0.009479000000283122,-0.00016600007074886572
SPLN43,tierAmg_p95,B cells,emt_ecm,N1,90.0,95.0,-0.006088549657772152,-0.009700000286102295,0.0006170000066049424
SPLN43,tierAmg_p95,B cells,emt_ecm,N1,95.0,100.0,-0.006346018103785683,-0.009274999843910336,-0.0018500000005587935
SPLN43,tierAmg_p95,B cells,il6_jak_stat3,N1,0.0,5.0,0.0017607350426932604,0.0014358434433370056,0.0020886715470781725
SPLN43,tierAmg_p95,B cells,il6_jak_stat3,N1,5.0,10.0,0.0017733255354229463,0.0016135569214269043,0.0019380951352444187
SPLN43,tierAmg_p95,B cells,il6_jak_stat3,N1,10.0,15.0,0.0017836130920561065,0.001629827928343079,0.0019395794921648532
SPLN43,tierAmg_p95,B cells,il6_jak_stat3,N1,15.0,20.0,0.001816336063159889,0.0016490429787991083,0.001988305954200568
SPLN43,tierAmg_p95,B cells,il6_jak_stat3,N1,20.0,25.0,0.0018211401109035474,0.0016039668179508605,0.002047148017764194
SPLN43,tierAmg_p95,B cells,il6_jak_stat3,N1,25.0,30.0,0.0017984697912598105,0.0015214062187873503,0.00206986139513027
SPLN43,tierAmg_p95,B cells,il6_jak_stat3,N1,30.0,35.0,0.0017480460397944393,0.0013366892518002235,0.0021344738667031433
SPLN43,tierAmg_p95,B cells,il6_jak_stat3,N1,35.0,40.0,0.0017061046250447665,0.0011199771195254363,0.002309564586496663
SPLN43,tierAmg_p95,B cells,il6_jak_stat3,N1,40.0,45.0,0.0016470422548849463,0.0008052960806163279,0.0025419823268401504
SPLN43,tierAmg_p95,B cells,il6_jak_stat3,N1,45.0,50.0,0.0015440178418063698,0.00032928420466291373,0.002798541359233286
SPLN43,tierAmg_p95,B cells,il6_jak_stat3,N1,50.0,55.0,0.00136133844816928,-0.0004057951265471721,0.0032358042872707724
SPLN43,tierAmg_p95,B cells,il6_jak_stat3,N1,55.0,60.0,0.001288058507682361,-0.001293944275110421,0.004053185924035738
SPLN43,tierAmg_p95,B cells,il6_jak_stat3,N1,60.0,65.0,0.0012258634222945591,-0.0019095208248018024,0.004864408284996291
SPLN43,tierAmg_p95,B cells,il6_jak_stat3,N1,65.0,70.0,0.0011147628316447906,-0.0032977947046414816,0.006711051593505078
SPLN43,tierAmg_p95,B cells,il6_jak_stat3,N1,70.0,75.0,0.0011888967040052604,-0.0048775000846641575,0.00802035430824617
SPLN43,tierAmg_p95,B cells,il6_jak_stat3,N1,75.0,80.0,0.0013284173194567238,-0.006345112399430946,0.010778100037326408
SPLN43,tierAmg_p95,B cells,il6_jak_stat3,N1,80.0,85.0,0.0010016549704350904,-0.008373625039530453,0.011907000355616525
SPLN43,tierAmg_p95,B cells,il6_jak_stat3,N1,85.0,90.0,0.0011999939774849763,-0.00937974986154586,0.015939250454539408
SPLN43,tierAmg_p95,B cells,il6_jak_stat3,N1,90.0,95.0,0.0005216537404438119,-0.009569999761879444,0.017230000346899033
SPLN43,tierAmg_p95,B cells,il6_jak_stat3,N1,95.0,100.0,-0.00016440987982118695,-0.008410000242292881,0.008901749841606944
SPLN43,tierAmg_p95,B cells,interferon_response,N1,0.0,5.0,0.0068860333502601045,0.006576061546322212,0.00716602270392193
SPLN43,tierAmg_p95,B cells,interferon_response,N1,5.0,10.0,0.0069763376061639714,0.006842181834502256,0.007106095791681571
SPLN43,tierAmg_p95,B cells,interferon_response,N1,10.0,15.0,0.006945067358854629,0.006808085880081598,0.00707337560585393
SPLN43,tierAmg_p95,B cells,interferon_response,N1,15.0,20.0,0.006936261983206416,0.0067968505978065336,0.007083320026328595
SPLN43,tierAmg_p95,B cells,interferon_response,N1,20.0,25.0,0.006928669564991212,0.006759255952054736,0.007113685342951506
SPLN43,tierAmg_p95,B cells,interferon_response,N1,25.0,30.0,0.006907004932052862,0.006667086196962784,0.007142129080985083
SPLN43,tierAmg_p95,B cells,interferon_response,N1,30.0,35.0,0.006825464609694541,0.0064847882461319725,0.007161398931615758
SPLN43,tierAmg_p95,B cells,interferon_response,N1,35.0,40.0,0.006819161035445722,0.00629553050482902,0.007323968221390308
SPLN43,tierAmg_p95,B cells,interferon_response,N1,40.0,45.0,0.006804173647011559,0.006011121775765681,0.007531658178042775
SPLN43,tierAmg_p95,B cells,interferon_response,N1,45.0,50.0,0.0067308500561666035,0.005612955832046644,0.007773411530740458
SPLN43,tierAmg_p95,B cells,interferon_response,N1,50.0,55.0,0.006717996362725023,0.005189232796002707,0.008412097033971742
SPLN43,tierAmg_p95,B cells,interferon_response,N1,55.0,60.0,0.006695914970519739,0.004522017349440488,0.009036152119106982
SPLN43,tierAmg_p95,B cells,interferon_response,N1,60.0,65.0,0.006699539273332377,0.003844298246252394,0.009688564111362336
SPLN43,tierAmg_p95,B cells,interferon_response,N1,65.0,70.0,0.006784571288030592,0.0028330555735010424,0.011242161612406982
SPLN43,tierAmg_p95,B cells,interferon_response,N1,70.0,75.0,0.006193524976145083,0.0005643035323113769,0.012240477404768831
SPLN43,tierAmg_p95,B cells,interferon_response,N1,75.0,80.0,0.006425184534938219,-0.0015073750575538719,0.015088666486553843
SPLN43,tierAmg_p95,B cells,interferon_response,N1,80.0,85.0,0.006014290331081512,-0.004718625156965572,0.016477850341082866
SPLN43,tierAmg_p95,B cells,interferon_response,N1,85.0,90.0,0.005582098442440522,-0.006550999858882278,0.01659025002736598
SPLN43,tierAmg_p95,B cells,interferon_response,N1,90.0,95.0,0.004420597112928617,-0.007930000312626362,0.017340000718832016
SPLN43,tierAmg_p95,B cells,interferon_response,N1,95.0,100.0,0.002404652496632442,-0.008410000009462237,0.011950000189244747
SPLN43,tierAmg_p95,B cells,oxidative_stress,N1,0.0,5.0,0.008108167449251674,0.007527544404743988,0.0086941775231951
SPLN43,tierAmg_p95,B cells,oxidative_stress,N1,5.0,10.0,0.008358975993476403,0.008089255365771035,0.008642513308424278
SPLN43,tierAmg_p95,B cells,oxidative_stress,N1,10.0,15.0,0.00829031998656092,0.008018603638035008,0.00857642201818387
SPLN43,tierAmg_p95,B cells,oxidative_stress,N1,15.0,20.0,0.008132277993332658,0.007834849768784279,0.008410207987718797
SPLN43,tierAmg_p95,B cells,oxidative_stress,N1,20.0,25.0,0.008003306983962765,0.007641136928723134,0.008370008383795854
SPLN43,tierAmg_p95,B cells,oxidative_stress,N1,25.0,30.0,0.00786665057355088,0.007381028409465995,0.008343994557305362
SPLN43,tierAmg_p95,B cells,oxidative_stress,N1,30.0,35.0,0.007594620035303868,0.006870647694482723,0.00835471405429758
SPLN43,tierAmg_p95,B cells,oxidative_stress,N1,35.0,40.0,0.007326137033962837,0.0063353810767071885,0.008441772976412501
SPLN43,tierAmg_p95,B cells,oxidative_stress,N1,40.0,45.0,0.007106775001526562,0.00550967346897721,0.00862622272371114
SPLN43,tierAmg_p95,B cells,oxidative_stress,N1,45.0,50.0,0.006844596844236065,0.004499185714338082,0.009110301832151693
SPLN43,tierAmg_p95,B cells,oxidative_stress,N1,50.0,55.0,0.006852695443899054,0.004090243646820514,0.009971645758599833
SPLN43,tierAmg_p95,B cells,oxidative_stress,N1,55.0,60.0,0.006705574766973957,0.0027052891193170042,0.011233405141960225
SPLN43,tierAmg_p95,B cells,oxidative_stress,N1,60.0,65.0,0.007119347999341924,0.0019222347409982654,0.013059519425419764
SPLN43,tierAmg_p95,B cells,oxidative_stress,N1,65.0,70.0,0.006968350509494701,-0.0010111637151038104,0.015913351998875284
SPLN43,tierAmg_p95,B cells,oxidative_stress,N1,70.0,75.0,0.007898190866759181,-0.0021880624427857193,0.020008750275322503
SPLN43,tierAmg_p95,B cells,oxidative_stress,N1,75.0,80.0,0.008755647541727926,-0.005745550097490195,0.02680979141344626
SPLN43,tierAmg_p95,B cells,oxidative_stress,N1,80.0,85.0,0.00791317832417186,-0.009677249984815717,0.026618589584748935
SPLN43,tierAmg_p95,B cells,oxidative_stress,N1,85.0,90.0,0.009132624258723127,-0.011018999619409442,0.041040501184761366
SPLN43,tierAmg_p95,B cells,oxidative_stress,N1,90.0,95.0,0.009383249540413982,-0.011126749869436025,0.04028450129553678
SPLN43,tierAmg_p95,B cells,oxidative_stress,N1,95.0,100.0,0.009456837414862881,-0.00866662494954653,0.028570000547915697
SPLN43,tierAmg_p95,B cells,secondary_senescence,N1,0.0,5.0,-0.004082261209829166,-0.004253991644501169,-0.003910499108755468
SPLN43,tierAmg_p95,B cells,secondary_senescence,N1,5.0,10.0,-0.004219663362710875,-0.004309133897211072,-0.00413731304594751
SPLN43,tierAmg_p95,B cells,secondary_senescence,N1,10.0,15.0,-0.004174105565476961,-0.004254179573160319,-0.004099650775556502
SPLN43,tierAmg_p95,B cells,secondary_senescence,N1,15.0,20.0,-0.004129088165883973,-0.004216931144734577,-0.0040425330489778115
SPLN43,tierAmg_p95,B cells,secondary_senescence,N1,20.0,25.0,-0.004073943852937711,-0.00418812440864798,-0.0039612270044103014
SPLN43,tierAmg_p95,B cells,secondary_senescence,N1,25.0,30.0,-0.004021907551578934,-0.004166687858516672,-0.003870386577879541
SPLN43,tierAmg_p95,B cells,secondary_senescence,N1,30.0,35.0,-0.0039553259815632074,-0.004159295694060701,-0.003738188037968391
SPLN43,tierAmg_p95,B cells,secondary_senescence,N1,35.0,40.0,-0.0038944529750442507,-0.004196653142573463,-0.003577828490125294
SPLN43,tierAmg_p95,B cells,secondary_senescence,N1,40.0,45.0,-0.0038408357410264966,-0.0042492080797290185,-0.003407803769619963
SPLN43,tierAmg_p95,B cells,secondary_senescence,N1,45.0,50.0,-0.003815805213863209,-0.0044147633096812125,-0.003158825615306951
SPLN43,tierAmg_p95,B cells,secondary_senescence,N1,50.0,55.0,-0.003838199634131676,-0.00468777014410037,-0.0029633272686968313
SPLN43,tierAmg_p95,B cells,secondary_senescence,N1,55.0,60.0,-0.003907430683571338,-0.005150482155691011,-0.002592598279444873
SPLN43,tierAmg_p95,B cells,secondary_senescence,N1,60.0,65.0,-0.003975549323108177,-0.005584225041506445,-0.0022439655211671404
SPLN43,tierAmg_p95,B cells,secondary_senescence,N1,65.0,70.0,-0.0038804153000335266,-0.006027841187656916,-0.001390832678926553
SPLN43,tierAmg_p95,B cells,secondary_senescence,N1,70.0,75.0,-0.004177542857980236,-0.006904678647489553,-0.0011314999884537778
SPLN43,tierAmg_p95,B cells,secondary_senescence,N1,75.0,80.0,-0.0041603191780231075,-0.007640749972779304,0.00021908331254961815
SPLN43,tierAmg_p95,B cells,secondary_senescence,N1,80.0,85.0,-0.004437586476962333,-0.008443125092890113,0.0008918749757867812
SPLN43,tierAmg_p95,B cells,secondary_senescence,N1,85.0,90.0,-0.004415828477384848,-0.008601749967783689,0.0021160000353120075
SPLN43,tierAmg_p95,B cells,secondary_senescence,N1,90.0,95.0,-0.0047813439314345904,-0.009240250196307897,0.002193875046941689
SPLN43,tierAmg_p95,B cells,secondary_senescence,N1,95.0,100.0,-0.005029216690623004,-0.00848833325629433,-0.0007058333855335748
SPLN43,tierAmg_p95,B cells,tnfa_nfkb_proximal,N1,0.0,5.0,-0.0005795457712078035,-0.000800660371387276,-0.0003628249128380124
SPLN43,tierAmg_p95,B cells,tnfa_nfkb_proximal,N1,5.0,10.0,-0.0005821240893435494,-0.0006833592791523451,-0.00047865528058494176
SPLN43,tierAmg_p95,B cells,tnfa_nfkb_proximal,N1,10.0,15.0,-0.0005853693065332748,-0.0006780141315494877,-0.0004823763715932205
SPLN43,tierAmg_p95,B cells,tnfa_nfkb_proximal,N1,15.0,20.0,-0.0005986622497281275,-0.0007035901086450454,-0.0004888891512667884
SPLN43,tierAmg_p95,B cells,tnfa_nfkb_proximal,N1,20.0,25.0,-0.0006068413639324419,-0.000739116503101459,-0.0004613522275414091
SPLN43,tierAmg_p95,B cells,tnfa_nfkb_proximal,N1,25.0,30.0,-0.0006307629142656917,-0.0008227450911246713,-0.0004470021534262178
SPLN43,tierAmg_p95,B cells,tnfa_nfkb_proximal,N1,30.0,35.0,-0.0006628979088744795,-0.0009070713386732313,-0.00041749194852284624
SPLN43,tierAmg_p95,B cells,tnfa_nfkb_proximal,N1,35.0,40.0,-0.0006967414058014483,-0.0010587842279552611,-0.00032446411604159805
SPLN43,tierAmg_p95,B cells,tnfa_nfkb_proximal,N1,40.0,45.0,-0.0007432593214745123,-0.001257211412890721,-0.00022638062879502718
SPLN43,tierAmg_p95,B cells,tnfa_nfkb_proximal,N1,45.0,50.0,-0.0007643105536071716,-0.0015500399278924528,7.591695400789083e-05
SPLN43,tierAmg_p95,B cells,tnfa_nfkb_proximal,N1,50.0,55.0,-0.0008804422222924721,-0.0019822087011447348,0.00020075459950509374
SPLN43,tierAmg_p95,B cells,tnfa_nfkb_proximal,N1,55.0,60.0,-0.0008829739894841446,-0.0024847833485243127,0.0006361000027318365
SPLN43,tierAmg_p95,B cells,tnfa_nfkb_proximal,N1,60.0,65.0,-0.0009351504541167575,-0.0030338799867240594,0.0012428405038321958
SPLN43,tierAmg_p95,B cells,tnfa_nfkb_proximal,N1,65.0,70.0,-0.0010456421532258563,-0.003923769843972949,0.0017994832633259988
SPLN43,tierAmg_p95,B cells,tnfa_nfkb_proximal,N1,70.0,75.0,-0.0011271658459280774,-0.004470250044444886,0.002633999940250456
SPLN43,tierAmg_p95,B cells,tnfa_nfkb_proximal,N1,75.0,80.0,-0.0012275304040084225,-0.006202333502005786,0.004308375057553348
SPLN43,tierAmg_p95,B cells,tnfa_nfkb_proximal,N1,80.0,85.0,-0.0014041130631865261,-0.007089999970048666,0.00483572918856226
SPLN43,tierAmg_p95,B cells,tnfa_nfkb_proximal,N1,85.0,90.0,-0.0014868271591570168,-0.007829999551177025,0.008249416860053314
SPLN43,tierAmg_p95,B cells,tnfa_nfkb_proximal,N1,90.0,95.0,-0.0019717308621121725,-0.008949999697506428,0.008226500079035767
SPLN43,tierAmg_p95,B cells,tnfa_nfkb_proximal,N1,95.0,100.0,-0.0032196505380702144,-0.007556750159710646,0.002899416760677324
SPLN43,tierAmg_p95,B cells,downstream_arrest,N3,0.0,5.0,0.004876426413718338,0.004440365419223655,0.0052645475468674615
SPLN43,tierAmg_p95,B cells,downstream_arrest,N3,5.0,10.0,0.004883147304875208,0.004522538049369378,0.005164686047923499
SPLN43,tierAmg_p95,B cells,downstream_arrest,N3,10.0,15.0,0.004879572537306076,0.004570554903657971,0.005130619720165225
SPLN43,tierAmg_p95,B cells,downstream_arrest,N3,15.0,20.0,0.004883121072352882,0.004607334718188889,0.005127928404125139
SPLN43,tierAmg_p95,B cells,downstream_arrest,N3,20.0,25.0,0.004881114190424711,0.004588007243935738,0.005123828360370988
SPLN43,tierAmg_p95,B cells,downstream_arrest,N3,25.0,30.0,0.00488692026314967,0.004599962956330158,0.005139074775121291
SPLN43,tierAmg_p95,B cells,downstream_arrest,N3,30.0,35.0,0.004879209847783353,0.004570587234822673,0.00518220153975509
SPLN43,tierAmg_p95,B cells,downstream_arrest,N3,35.0,40.0,0.004877982519676698,0.0045294630356039825,0.00522074813538531
SPLN43,tierAmg_p95,B cells,downstream_arrest,N3,40.0,45.0,0.0048842110694795726,0.004435165814872336,0.005317236006251833
SPLN43,tierAmg_p95,B cells,downstream_arrest,N3,45.0,50.0,0.004865399349223316,0.004322679360845806,0.00535145644831803
SPLN43,tierAmg_p95,B cells,downstream_arrest,N3,50.0,55.0,0.004858480127689731,0.004187113979407678,0.005448147956728405
SPLN43,tierAmg_p95,B cells,downstream_arrest,N3,55.0,60.0,0.004838255211377629,0.004059860791769366,0.00554106236152816
SPLN43,tierAmg_p95,B cells,downstream_arrest,N3,60.0,65.0,0.0048495024092877715,0.003976605201629188,0.005559260416004426
SPLN43,tierAmg_p95,B cells,downstream_arrest,N3,65.0,70.0,0.004828189165041016,0.003859628132313003,0.005648424941881861
SPLN43,tierAmg_p95,B cells,downstream_arrest,N3,70.0,75.0,0.004830194335430084,0.003715696848148296,0.005698180770474635
SPLN43,tierAmg_p95,B cells,downstream_arrest,N3,75.0,80.0,0.004817064967920962,0.003632129224057711,0.005673195015550636
SPLN43,tierAmg_p95,B cells,downstream_arrest,N3,80.0,85.0,0.004811976254579861,0.003593581018809314,0.005759120776136006
SPLN43,tierAmg_p95,B cells,downstream_arrest,N3,85.0,90.0,0.004816660932007484,0.0034706967238107775,0.005796003193929152
SPLN43,tierAmg_p95,B cells,downstream_arrest,N3,90.0,95.0,0.004820419949380323,0.003436750208688227,0.005810412961325631
SPLN43,tierAmg_p95,B cells,downstream_arrest,N3,95.0,100.0,0.004784506470032639,0.003554310244331478,0.005318848356856453
SPLN43,tierAmg_p95,B cells,emt_ecm,N3,0.0,5.0,-0.0042276603897905595,-0.004612126918476149,-0.0038034968359402193
SPLN43,tierAmg_p95,B cells,emt_ecm,N3,5.0,10.0,-0.004228291493519617,-0.00449197943803313,-0.0039114369980445185
SPLN43,tierAmg_p95,B cells,emt_ecm,N3,10.0,15.0,-0.004231593002802937,-0.0044801391341146865,-0.003956368374430915
SPLN43,tierAmg_p95,B cells,emt_ecm,N3,15.0,20.0,-0.004229397101991212,-0.0044675039560616425,-0.003965066100702524
SPLN43,tierAmg_p95,B cells,emt_ecm,N3,20.0,25.0,-0.00422749380369802,-0.004481676236254226,-0.0039730483759921565
SPLN43,tierAmg_p95,B cells,emt_ecm,N3,25.0,30.0,-0.004231336927341808,-0.0044911820431807244,-0.003966663180597726
SPLN43,tierAmg_p95,B cells,emt_ecm,N3,30.0,35.0,-0.0042310414945364375,-0.004518331679254364,-0.0039341248212584855
SPLN43,tierAmg_p95,B cells,emt_ecm,N3,35.0,40.0,-0.004218136057819304,-0.004546288335091384,-0.0038648230150997286
SPLN43,tierAmg_p95,B cells,emt_ecm,N3,40.0,45.0,-0.004211609778667752,-0.004600400321884168,-0.003808122659460803
SPLN43,tierAmg_p95,B cells,emt_ecm,N3,45.0,50.0,-0.004228291517366523,-0.00470514629712171,-0.0037104964542116906
SPLN43,tierAmg_p95,B cells,emt_ecm,N3,50.0,55.0,-0.004205190862301731,-0.004777794558503374,-0.003585522129412207
SPLN43,tierAmg_p95,B cells,emt_ecm,N3,55.0,60.0,-0.004209018999265917,-0.004882782465662165,-0.003475377416893029
SPLN43,tierAmg_p95,B cells,emt_ecm,N3,60.0,65.0,-0.004215681413243286,-0.004954023430392784,-0.003388076583847744
SPLN43,tierAmg_p95,B cells,emt_ecm,N3,65.0,70.0,-0.004195493300790757,-0.004920353424588643,-0.0033480254994157814
SPLN43,tierAmg_p95,B cells,emt_ecm,N3,70.0,75.0,-0.004217195805934842,-0.005067623347993649,-0.0032169700119058296
SPLN43,tierAmg_p95,B cells,emt_ecm,N3,75.0,80.0,-0.0041905922355694415,-0.005110457145434004,-0.00317451893136725
SPLN43,tierAmg_p95,B cells,emt_ecm,N3,80.0,85.0,-0.0041864151401549594,-0.0050793223212036815,-0.003098986315110557
SPLN43,tierAmg_p95,B cells,emt_ecm,N3,85.0,90.0,-0.00419292796118045,-0.005140821971689339,-0.002994156098054426
SPLN43,tierAmg_p95,B cells,emt_ecm,N3,90.0,95.0,-0.004214682213792079,-0.005161787771263976,-0.002931848205642994
SPLN43,tierAmg_p95,B cells,emt_ecm,N3,95.0,100.0,-0.004219228755896948,-0.004527198327264233,-0.003713053284569581
SPLN43,tierAmg_p95,B cells,il6_jak_stat3,N3,0.0,5.0,0.0017956212583927226,0.0012701578464616252,0.00232511861676553
SPLN43,tierAmg_p95,B cells,il6_jak_stat3,N3,5.0,10.0,0.001790592626930557,0.0014728687736458954,0.0021405089905532316
SPLN43,tierAmg_p95,B cells,il6_jak_stat3,N3,10.0,15.0,0.0017903558375590221,0.001499502720444505,0.0021261365206485558
SPLN43,tierAmg_p95,B cells,il6_jak_stat3,N3,15.0,20.0,0.001787369341102251,0.0015016969556091292,0.0020936679459889656
SPLN43,tierAmg_p95,B cells,il6_jak_stat3,N3,20.0,25.0,0.0017880250323857323,0.0015060566892403074,0.0020985093351490324
SPLN43,tierAmg_p95,B cells,il6_jak_stat3,N3,25.0,30.0,0.0017979667492222973,0.0014831726488618825,0.002140467774512499
SPLN43,tierAmg_p95,B cells,il6_jak_stat3,N3,30.0,35.0,0.0017890652668567588,0.0014254740360037038,0.002170079830724297
SPLN43,tierAmg_p95,B cells,il6_jak_stat3,N3,35.0,40.0,0.001798327185327618,0.0013796064863335034,0.002206944285097599
SPLN43,tierAmg_p95,B cells,il6_jak_stat3,N3,40.0,45.0,0.001798280051720357,0.0013173327236058864,0.0023198682089005255
SPLN43,tierAmg_p95,B cells,il6_jak_stat3,N3,45.0,50.0,0.0017936204318135499,0.00114122681437961,0.002425831803734299
SPLN43,tierAmg_p95,B cells,il6_jak_stat3,N3,50.0,55.0,0.0017861916813054312,0.0010190287008557666,0.002602293232282797
SPLN43,tierAmg_p95,B cells,il6_jak_stat3,N3,55.0,60.0,0.0017746345372328144,0.0008985954920797589,0.00262957770931104
SPLN43,tierAmg_p95,B cells,il6_jak_stat3,N3,60.0,65.0,0.0017873522357137964,0.0007464795485797913,0.0028299081441003305
SPLN43,tierAmg_p95,B cells,il6_jak_stat3,N3,65.0,70.0,0.0018108837398537166,0.0007694485563463501,0.00289325924481865
SPLN43,tierAmg_p95,B cells,il6_jak_stat3,N3,70.0,75.0,0.0017458640271439437,0.0004916953701273312,0.00291032258621616
SPLN43,tierAmg_p95,B cells,il6_jak_stat3,N3,75.0,80.0,0.0018042820088786835,0.0005440735237618141,0.003115684629772744
SPLN43,tierAmg_p95,B cells,il6_jak_stat3,N3,80.0,85.0,0.001747635550056251,0.00040581278636827076,0.0030289026904474626
SPLN43,tierAmg_p95,B cells,il6_jak_stat3,N3,85.0,90.0,0.0017504915194866716,0.0003528677982702217,0.003103250690117451
SPLN43,tierAmg_p95,B cells,il6_jak_stat3,N3,90.0,95.0,0.0017880740160113352,0.00042811311753260126,0.0033041814183291563
SPLN43,tierAmg_p95,B cells,il6_jak_stat3,N3,95.0,100.0,0.0017869308561493673,0.0014728033885265243,0.00207228412483716
SPLN43,tierAmg_p95,B cells,interferon_response,N3,0.0,5.0,0.006934375200878445,0.00650493813332822,0.007384474333979279
SPLN43,tierAmg_p95,B cells,interferon_response,N3,5.0,10.0,0.0069332860010342156,0.006642074113571643,0.007209345064446279
SPLN43,tierAmg_p95,B cells,interferon_response,N3,10.0,15.0,0.006938226339934983,0.006710293450462337,0.007195753452246747
SPLN43,tierAmg_p95,B cells,interferon_response,N3,15.0,20.0,0.006937382201462884,0.00671963991072727,0.007172374450666482
SPLN43,tierAmg_p95,B cells,interferon_response,N3,20.0,25.0,0.006936804242205273,0.006705133836468022,0.007175613122993645
SPLN43,tierAmg_p95,B cells,interferon_response,N3,25.0,30.0,0.006936375712891842,0.006692477162779829,0.007213532715973032
SPLN43,tierAmg_p95,B cells,interferon_response,N3,30.0,35.0,0.0069344328748458675,0.006646252611624414,0.007244432656602752
SPLN43,tierAmg_p95,B cells,interferon_response,N3,35.0,40.0,0.006939639576067581,0.006582524575194013,0.007297069753448233
SPLN43,tierAmg_p95,B cells,interferon_response,N3,40.0,45.0,0.006940521937656197,0.006465528117569038,0.007367526925636514
SPLN43,tierAmg_p95,B cells,interferon_response,N3,45.0,50.0,0.006919887954053534,0.0064029688423634795,0.007443507544583308
SPLN43,tierAmg_p95,B cells,interferon_response,N3,50.0,55.0,0.006918441206084988,0.0062298328824865416,0.007604210691612619
SPLN43,tierAmg_p95,B cells,interferon_response,N3,55.0,60.0,0.006935490673162476,0.006163097488091838,0.007760977537944595
SPLN43,tierAmg_p95,B cells,interferon_response,N3,60.0,65.0,0.006894821057258042,0.006028131075562592,0.007762690880490788
SPLN43,tierAmg_p95,B cells,interferon_response,N3,65.0,70.0,0.006933655397844303,0.005987349683597512,0.007860188701039942
SPLN43,tierAmg_p95,B cells,interferon_response,N3,70.0,75.0,0.006916714704238836,0.005848424518286242,0.007940344447547184
SPLN43,tierAmg_p95,B cells,interferon_response,N3,75.0,80.0,0.0069100927097381585,0.005782872205160888,0.00799820238989323
SPLN43,tierAmg_p95,B cells,interferon_response,N3,80.0,85.0,0.006903144998629493,0.0057720905801133485,0.007990961718925325
SPLN43,tierAmg_p95,B cells,interferon_response,N3,85.0,90.0,0.0069107708158345155,0.00575660130815684,0.008051398212879195
SPLN43,tierAmg_p95,B cells,interferon_response,N3,90.0,95.0,0.0069008964701598625,0.00568312625937193,0.008046515421974503
SPLN43,tierAmg_p95,B cells,interferon_response,N3,95.0,100.0,0.006950500640933339,0.00668089135756724,0.007253386346820696
SPLN43,tierAmg_p95,B cells,oxidative_stress,N3,0.0,5.0,0.008077318786755001,0.007105630656225204,0.008888769544879863
SPLN43,tierAmg_p95,B cells,oxidative_stress,N3,5.0,10.0,0.008108016402085201,0.007552891423071538,0.008632110502112336
SPLN43,tierAmg_p95,B cells,oxidative_stress,N3,10.0,15.0,0.008108164370942184,0.007613950960399369,0.00861032217809537
SPLN43,tierAmg_p95,B cells,oxidative_stress,N3,15.0,20.0,0.008105705525352655,0.007646690850848484,0.008571886048452874
SPLN43,tierAmg_p95,B cells,oxidative_stress,N3,20.0,25.0,0.008104446547020161,0.007631399764543383,0.008535995092292144
SPLN43,tierAmg_p95,B cells,oxidative_stress,N3,25.0,30.0,0.008090794347479132,0.007563629774170931,0.008592410280707584
SPLN43,tierAmg_p95,B cells,oxidative_stress,N3,30.0,35.0,0.008115353245236198,0.00748173698696971,0.008731132913488652
SPLN43,tierAmg_p95,B cells,oxidative_stress,N3,35.0,40.0,0.008111671389114498,0.007334612678200801,0.008915920733811753
SPLN43,tierAmg_p95,B cells,oxidative_stress,N3,40.0,45.0,0.008091812598824646,0.007183525500124476,0.0089946940736105
SPLN43,tierAmg_p95,B cells,oxidative_stress,N3,45.0,50.0,0.008084012376726518,0.00697938199650734,0.009153332171743217
SPLN43,tierAmg_p95,B cells,oxidative_stress,N3,50.0,55.0,0.008060838063011635,0.0066287274448238315,0.00938255893738721
SPLN43,tierAmg_p95,B cells,oxidative_stress,N3,55.0,60.0,0.0080461899471999,0.006333732200670916,0.009696091010446356
SPLN43,tierAmg_p95,B cells,oxidative_stress,N3,60.0,65.0,0.008021478217831573,0.006238208179514974,0.009690614750284344
SPLN43,tierAmg_p95,B cells,oxidative_stress,N3,65.0,70.0,0.008041098369881294,0.005971542474866382,0.00983111768736159
SPLN43,tierAmg_p95,B cells,oxidative_stress,N3,70.0,75.0,0.008047331845197818,0.005838105358733418,0.010037543521617901
SPLN43,tierAmg_p95,B cells,oxidative_stress,N3,75.0,80.0,0.00804938930821919,0.005593383221899899,0.010155690615105179
SPLN43,tierAmg_p95,B cells,oxidative_stress,N3,80.0,85.0,0.008087332097040862,0.0057197133114354195,0.010505008504604233
SPLN43,tierAmg_p95,B cells,oxidative_stress,N3,85.0,90.0,0.008038514937158743,0.005516831129198183,0.010214016562559958
SPLN43,tierAmg_p95,B cells,oxidative_stress,N3,90.0,95.0,0.008055318118566102,0.005502197489025158,0.01065956199166265
SPLN43,tierAmg_p95,B cells,oxidative_stress,N3,95.0,100.0,0.008049386245518774,0.006983092027420723,0.008695492524758588
SPLN43,tierAmg_p95,B cells,secondary_senescence,N3,0.0,5.0,-0.004108379923025858,-0.004384617954599476,-0.003815711683711025
SPLN43,tierAmg_p95,B cells,secondary_senescence,N3,5.0,10.0,-0.0041122114768149046,-0.004312223530260801,-0.003895808393306011
SPLN43,tierAmg_p95,B cells,secondary_senescence,N3,10.0,15.0,-0.004116355894807134,-0.004299093275165209,-0.003922288324531487
SPLN43,tierAmg_p95,B cells,secondary_senescence,N3,15.0,20.0,-0.004118640305004606,-0.0042818598391452444,-0.003943873964643416
SPLN43,tierAmg_p95,B cells,secondary_senescence,N3,20.0,25.0,-0.004114997484486129,-0.004297190656205442,-0.003928507884533887
SPLN43,tierAmg_p95,B cells,secondary_senescence,N3,25.0,30.0,-0.004112711662787998,-0.004299066544628562,-0.0039029741174208574
SPLN43,tierAmg_p95,B cells,secondary_senescence,N3,30.0,35.0,-0.0041128418508234255,-0.004315656914808882,-0.0038901644969242767
SPLN43,tierAmg_p95,B cells,secondary_senescence,N3,35.0,40.0,-0.0041107203046497525,-0.004357533523021083,-0.00385584343481727
SPLN43,tierAmg_p95,B cells,secondary_senescence,N3,40.0,45.0,-0.00410383369345002,-0.004391506157202939,-0.0037995253369944876
SPLN43,tierAmg_p95,B cells,secondary_senescence,N3,45.0,50.0,-0.004117401932700711,-0.004464622291522948,-0.0037462201756194285
SPLN43,tierAmg_p95,B cells,secondary_senescence,N3,50.0,55.0,-0.0040967546937098,-0.004483936421670624,-0.0036177308683500867
SPLN43,tierAmg_p95,B cells,secondary_senescence,N3,55.0,60.0,-0.004107790280449105,-0.004562647230432604,-0.0035658140315820842
SPLN43,tierAmg_p95,B cells,secondary_senescence,N3,60.0,65.0,-0.0040837851173686525,-0.00462604864646569,-0.0035192961270397566
SPLN43,tierAmg_p95,B cells,secondary_senescence,N3,65.0,70.0,-0.00408721856208261,-0.004631817914686369,-0.0033826875476373384
SPLN43,tierAmg_p95,B cells,secondary_senescence,N3,70.0,75.0,-0.004104971527987228,-0.004721682596575567,-0.0033715996291038284
SPLN43,tierAmg_p95,B cells,secondary_senescence,N3,75.0,80.0,-0.004099319215867187,-0.004761973432845101,-0.0033652799153715313
SPLN43,tierAmg_p95,B cells,secondary_senescence,N3,80.0,85.0,-0.004069134901931158,-0.004735068804590214,-0.003243687235683518
SPLN43,tierAmg_p95,B cells,secondary_senescence,N3,85.0,90.0,-0.004091500333405863,-0.004814609616522467,-0.0032703459947367366
SPLN43,tierAmg_p95,B cells,secondary_senescence,N3,90.0,95.0,-0.0040940528872171365,-0.004850543165713509,-0.0032556038070341436
SPLN43,tierAmg_p95,B cells,secondary_senescence,N3,95.0,100.0,-0.004087678627746489,-0.004285719599302556,-0.0037384379499348745
SPLN43,tierAmg_p95,B cells,tnfa_nfkb_proximal,N3,0.0,5.0,-0.0006054324190118637,-0.0009177430548707521,-0.0002908310920216631
SPLN43,tierAmg_p95,B cells,tnfa_nfkb_proximal,N3,5.0,10.0,-0.0006043798708975719,-0.0007956551365843271,-0.0004204303426630839
SPLN43,tierAmg_p95,B cells,tnfa_nfkb_proximal,N3,10.0,15.0,-0.0006053561277987935,-0.0007707606126371545,-0.00044170141326143605
SPLN43,tierAmg_p95,B cells,tnfa_nfkb_proximal,N3,15.0,20.0,-0.0006076199014241981,-0.0007655523893005104,-0.0004388352435841351
SPLN43,tierAmg_p95,B cells,tnfa_nfkb_proximal,N3,20.0,25.0,-0.0006109107470411597,-0.0007930469306484579,-0.0004360182912480733
SPLN43,tierAmg_p95,B cells,tnfa_nfkb_proximal,N3,25.0,30.0,-0.0005997741039107584,-0.0008019597879301838,-0.00041245309417137883
SPLN43,tierAmg_p95,B cells,tnfa_nfkb_proximal,N3,30.0,35.0,-0.0006053338500278672,-0.0008392074268386536,-0.00038818180585196803
SPLN43,tierAmg_p95,B cells,tnfa_nfkb_proximal,N3,35.0,40.0,-0.0005964339141293732,-0.0008582418008908148,-0.00033152479489629454
SPLN43,tierAmg_p95,B cells,tnfa_nfkb_proximal,N3,40.0,45.0,-0.0006056623372024782,-0.0009170662406370501,-0.0002919239879198093
SPLN43,tierAmg_p95,B cells,tnfa_nfkb_proximal,N3,45.0,50.0,-0.0006177514243679135,-0.0010130843076833333,-0.00018918271690948304
SPLN43,tierAmg_p95,B cells,tnfa_nfkb_proximal,N3,50.0,55.0,-0.0005986256860089062,-0.001137851349230394,-0.00011481087022085259
SPLN43,tierAmg_p95,B cells,tnfa_nfkb_proximal,N3,55.0,60.0,-0.0005993710887099588,-0.001156983553704714,1.72293693336723e-05
SPLN43,tierAmg_p95,B cells,tnfa_nfkb_proximal,N3,60.0,65.0,-0.0006091290186920204,-0.0012816766364193235,4.478242748715273e-05
SPLN43,tierAmg_p95,B cells,tnfa_nfkb_proximal,N3,65.0,70.0,-0.0006114177901895754,-0.00132793478801978,4.655212757872851e-05
SPLN43,tierAmg_p95,B cells,tnfa_nfkb_proximal,N3,70.0,75.0,-0.0006394788652185468,-0.0013911267189255466,0.00011562879979230573
SPLN43,tierAmg_p95,B cells,tnfa_nfkb_proximal,N3,75.0,80.0,-0.0006054823136696872,-0.0014134337312532736,0.00021094216596712843
SPLN43,tierAmg_p95,B cells,tnfa_nfkb_proximal,N3,80.0,85.0,-0.0005904167697482317,-0.0014472244189223408,0.0003120336271037656
SPLN43,tierAmg_p95,B cells,tnfa_nfkb_proximal,N3,85.0,90.0,-0.0006370663404492292,-0.0014599781391709803,0.0002584716475120285
SPLN43,tierAmg_p95,B cells,tnfa_nfkb_proximal,N3,90.0,95.0,-0.000612371484142417,-0.00149845867291147,0.00031658432050820826
SPLN43,tierAmg_p95,B cells,tnfa_nfkb_proximal,N3,95.0,100.0,-0.0006212057792144667,-0.0008075400218091662,-0.0005040727884016942
SPLN43,tierAmg_p95,B cells,downstream_arrest,N4,0.0,5.0,0.0048709871565794155,0.004517447635118741,0.00517141863794737
SPLN43,tierAmg_p95,B cells,downstream_arrest,N4,5.0,10.0,0.004875274519361481,0.004602655997563602,0.005089599907671177
SPLN43,tierAmg_p95,B cells,downstream_arrest,N4,10.0,15.0,0.004877892826867688,0.0046394451571250455,0.005057747876506333
SPLN43,tierAmg_p95,B cells,downstream_arrest,N4,15.0,20.0,0.0048791839667988,0.004660314142904052,0.005061324924204068
SPLN43,tierAmg_p95,B cells,downstream_arrest,N4,20.0,25.0,0.004871461705026133,0.0046727029735643,0.005052468483597836
SPLN43,tierAmg_p95,B cells,downstream_arrest,N4,25.0,30.0,0.004871400100810464,0.004669363630069648,0.005051539719643364
SPLN43,tierAmg_p95,B cells,downstream_arrest,N4,30.0,35.0,0.004867404543110529,0.004610038591728795,0.005103162934776408
SPLN43,tierAmg_p95,B cells,downstream_arrest,N4,35.0,40.0,0.004866301286473506,0.004518104293436837,0.005147702748582437
SPLN43,tierAmg_p95,B cells,downstream_arrest,N4,40.0,45.0,0.0048751821354693645,0.004355619130241851,0.005231592612934024
SPLN43,tierAmg_p95,B cells,downstream_arrest,N4,45.0,50.0,0.004874621761498888,0.004283298526576357,0.0052806391589319285
SPLN43,tierAmg_p95,B cells,downstream_arrest,N4,50.0,55.0,0.004856182792615796,0.003990235120147921,0.005433244791077748
SPLN43,tierAmg_p95,B cells,downstream_arrest,N4,55.0,60.0,0.004847536678854194,0.003786813951412792,0.005470338970422012
SPLN43,tierAmg_p95,B cells,downstream_arrest,N4,60.0,65.0,0.004831330250055746,0.003665312620355209,0.005629186738018601
SPLN43,tierAmg_p95,B cells,downstream_arrest,N4,65.0,70.0,0.004813552425903261,0.003411564089744158,0.0057269480296806615
SPLN43,tierAmg_p95,B cells,downstream_arrest,N4,70.0,75.0,0.004813330781816664,0.0034507055741670343,0.00574025496512414
SPLN43,tierAmg_p95,B cells,downstream_arrest,N4,75.0,80.0,0.004822619087743909,0.003304456859149837,0.005848062741718215
SPLN43,tierAmg_p95,B cells,downstream_arrest,N4,80.0,85.0,0.0048093249627825,0.003142620199743662,0.005920334260627921
SPLN43,tierAmg_p95,B cells,downstream_arrest,N4,85.0,90.0,0.004844261765934973,0.0029581500082422277,0.005909491867662637
SPLN43,tierAmg_p95,B cells,downstream_arrest,N4,90.0,95.0,0.00485238873873017,0.0030778609713458943,0.005930429901934751
SPLN43,tierAmg_p95,B cells,downstream_arrest,N4,95.0,100.0,0.004740351308414332,0.0034677895767389337,0.005369584093223024
SPLN43,tierAmg_p95,B cells,emt_ecm,N4,0.0,5.0,-0.00421142618218143,-0.004521376073494246,-0.0038683379058736087
SPLN43,tierAmg_p95,B cells,emt_ecm,N4,5.0,10.0,-0.00421860196828959,-0.004425438067739635,-0.003983293296879785
SPLN43,tierAmg_p95,B cells,emt_ecm,N4,10.0,15.0,-0.0042154251861822815,-0.0043877107104392955,-0.004035875500613878
SPLN43,tierAmg_p95,B cells,emt_ecm,N4,15.0,20.0,-0.004215165803711916,-0.004357261743460434,-0.004046043568031882
SPLN43,tierAmg_p95,B cells,emt_ecm,N4,20.0,25.0,-0.004224581511524571,-0.004388614083108609,-0.004056740624703274
SPLN43,tierAmg_p95,B cells,emt_ecm,N4,25.0,30.0,-0.004221731381958011,-0.004403433655465481,-0.0040372571376642245
SPLN43,tierAmg_p95,B cells,emt_ecm,N4,30.0,35.0,-0.004231783238038661,-0.004442890486271582,-0.003998545259436429
SPLN43,tierAmg_p95,B cells,emt_ecm,N4,35.0,40.0,-0.004230946297269114,-0.004490799714927339,-0.003971262273561212
SPLN43,tierAmg_p95,B cells,emt_ecm,N4,40.0,45.0,-0.004245800680390837,-0.004593545162217572,-0.0038986745050326216
SPLN43,tierAmg_p95,B cells,emt_ecm,N4,45.0,50.0,-0.004236223535954972,-0.0046650445200427096,-0.0037993737658252175
SPLN43,tierAmg_p95,B cells,emt_ecm,N4,50.0,55.0,-0.004242188214077681,-0.004717282784941608,-0.003656971338385819
SPLN43,tierAmg_p95,B cells,emt_ecm,N4,55.0,60.0,-0.00425026302072977,-0.004880345800711567,-0.0035556590751335826
SPLN43,tierAmg_p95,B cells,emt_ecm,N4,60.0,65.0,-0.0043028919159522425,-0.004975306927647841,-0.003539383503939629
SPLN43,tierAmg_p95,B cells,emt_ecm,N4,65.0,70.0,-0.004248066066630546,-0.005074681818014998,-0.0032516446032324854
SPLN43,tierAmg_p95,B cells,emt_ecm,N4,70.0,75.0,-0.004314815938026874,-0.005178270601846399,-0.0033323270031112647
SPLN43,tierAmg_p95,B cells,emt_ecm,N4,75.0,80.0,-0.004296520993064568,-0.005321692904680478,-0.0032459516660685718
SPLN43,tierAmg_p95,B cells,emt_ecm,N4,80.0,85.0,-0.004271073866050969,-0.005352598950870082,-0.002994508320989444
SPLN43,tierAmg_p95,B cells,emt_ecm,N4,85.0,90.0,-0.004266213107267631,-0.005344661800499235,-0.0025156130954664237
SPLN43,tierAmg_p95,B cells,emt_ecm,N4,90.0,95.0,-0.00425324870322878,-0.005506801168405899,-0.0026435926063524736
SPLN43,tierAmg_p95,B cells,emt_ecm,N4,95.0,100.0,-0.004132928834734318,-0.004821289931224268,-0.0033004983268563543
SPLN43,tierAmg_p95,B cells,il6_jak_stat3,N4,0.0,5.0,0.001795733191748383,0.001358256074576277,0.0022675053649538163
SPLN43,tierAmg_p95,B cells,il6_jak_stat3,N4,5.0,10.0,0.0018056220008396393,0.0015639852316420972,0.002066980797146032
SPLN43,tierAmg_p95,B cells,il6_jak_stat3,N4,10.0,15.0,0.0018067044308507998,0.0016085726919395165,0.0020149727914511996
SPLN43,tierAmg_p95,B cells,il6_jak_stat3,N4,15.0,20.0,0.0018022454463163223,0.0016160034290710716,0.0020125796382844973
SPLN43,tierAmg_p95,B cells,il6_jak_stat3,N4,20.0,25.0,0.0017879158877196022,0.0015785398318278706,0.0020042744564463533
SPLN43,tierAmg_p95,B cells,il6_jak_stat3,N4,25.0,30.0,0.0017857540006317194,0.0015332913836634357,0.002049078589021151
SPLN43,tierAmg_p95,B cells,il6_jak_stat3,N4,30.0,35.0,0.0017765846408308273,0.001463705469113588,0.0020740164182540713
SPLN43,tierAmg_p95,B cells,il6_jak_stat3,N4,35.0,40.0,0.0017540852753314474,0.0013685703681340271,0.002132417330528312
SPLN43,tierAmg_p95,B cells,il6_jak_stat3,N4,40.0,45.0,0.0017529387918461844,0.001270951508527153,0.002279355931750872
SPLN43,tierAmg_p95,B cells,il6_jak_stat3,N4,45.0,50.0,0.001766450370910233,0.0011904152724358393,0.0023653188426321042
SPLN43,tierAmg_p95,B cells,il6_jak_stat3,N4,50.0,55.0,0.0017640694482761673,0.0010518869675751968,0.002502538513233136
SPLN43,tierAmg_p95,B cells,il6_jak_stat3,N4,55.0,60.0,0.0017739762044635347,0.0009616876747537228,0.0026528102480635495
SPLN43,tierAmg_p95,B cells,il6_jak_stat3,N4,60.0,65.0,0.001758930545336292,0.0006978733957983817,0.0027568133989422585
SPLN43,tierAmg_p95,B cells,il6_jak_stat3,N4,65.0,70.0,0.0017758434549871303,0.0007193880112481565,0.002930321188666311
SPLN43,tierAmg_p95,B cells,il6_jak_stat3,N4,70.0,75.0,0.001731142518687899,0.0005324618084001419,0.003027398153098153
SPLN43,tierAmg_p95,B cells,il6_jak_stat3,N4,75.0,80.0,0.001702847188149888,0.00010831929569582139,0.003142147562676907
SPLN43,tierAmg_p95,B cells,il6_jak_stat3,N4,80.0,85.0,0.0016476529397606503,-1.7755736600956248e-05,0.003122606795649471
SPLN43,tierAmg_p95,B cells,il6_jak_stat3,N4,85.0,90.0,0.0017614087208940449,0.00017433403439063113,0.0034712682306235355
SPLN43,tierAmg_p95,B cells,il6_jak_stat3,N4,90.0,95.0,0.0017987603454671169,-2.3746827286567717e-05,0.003554934358314015
SPLN43,tierAmg_p95,B cells,il6_jak_stat3,N4,95.0,100.0,0.0017069149569008092,0.0010697878458872834,0.002079267158821247
SPLN43,tierAmg_p95,B cells,interferon_response,N4,0.0,5.0,0.006915403774104547,0.006544467842637978,0.007244748533585824
SPLN43,tierAmg_p95,B cells,interferon_response,N4,5.0,10.0,0.006919925706937791,0.006711465966818933,0.00712391886063094
SPLN43,tierAmg_p95,B cells,interferon_response,N4,10.0,15.0,0.006916015812839375,0.006743895791145754,0.007102103200049315
SPLN43,tierAmg_p95,B cells,interferon_response,N4,15.0,20.0,0.0069112110962372434,0.006744818923435867,0.00708368057656651
SPLN43,tierAmg_p95,B cells,interferon_response,N4,20.0,25.0,0.006901618894120845,0.006719617041703243,0.0070827548820489115
SPLN43,tierAmg_p95,B cells,interferon_response,N4,25.0,30.0,0.006918745718407299,0.006702568166427079,0.007139756612493812
SPLN43,tierAmg_p95,B cells,interferon_response,N4,30.0,35.0,0.006910212478167719,0.006637007857829607,0.0071750727540414285
SPLN43,tierAmg_p95,B cells,interferon_response,N4,35.0,40.0,0.006895176469213224,0.006583809864838604,0.007221765567344173
SPLN43,tierAmg_p95,B cells,interferon_response,N4,40.0,45.0,0.006915004789293613,0.006521974362701295,0.0073224686339128185
SPLN43,tierAmg_p95,B cells,interferon_response,N4,45.0,50.0,0.006903198402823843,0.00641413074845265,0.007407363015723283
SPLN43,tierAmg_p95,B cells,interferon_response,N4,50.0,55.0,0.00690715218717465,0.006272867253009974,0.007515694871657003
SPLN43,tierAmg_p95,B cells,interferon_response,N4,55.0,60.0,0.006952370993768706,0.006190598615618091,0.007738042814704409
SPLN43,tierAmg_p95,B cells,interferon_response,N4,60.0,65.0,0.006950650104167157,0.006073110192383147,0.007796845997567004
SPLN43,tierAmg_p95,B cells,interferon_response,N4,65.0,70.0,0.006969363866687968,0.00602042430369214,0.007935244066544663
SPLN43,tierAmg_p95,B cells,interferon_response,N4,70.0,75.0,0.006935249086586894,0.005893886088263522,0.008052038226135422
SPLN43,tierAmg_p95,B cells,interferon_response,N4,75.0,80.0,0.006954682605792996,0.00580261155772398,0.008243954844477385
SPLN43,tierAmg_p95,B cells,interferon_response,N4,80.0,85.0,0.006963167324274217,0.005655336715139479,0.008194335484397497
SPLN43,tierAmg_p95,B cells,interferon_response,N4,85.0,90.0,0.007032289607881565,0.005712722022594353,0.008565364531281427
SPLN43,tierAmg_p95,B cells,interferon_response,N4,90.0,95.0,0.007077066336971555,0.005481634765740487,0.008627943222490561
SPLN43,tierAmg_p95,B cells,interferon_response,N4,95.0,100.0,0.007083078611812886,0.006730338057377636,0.007397836245020109
SPLN43,tierAmg_p95,B cells,oxidative_stress,N4,0.0,5.0,0.008152917816535404,0.007417729326649065,0.008848810602196937
SPLN43,tierAmg_p95,B cells,oxidative_stress,N4,5.0,10.0,0.008143175102028713,0.007683673835279105,0.008607490492419006
SPLN43,tierAmg_p95,B cells,oxidative_stress,N4,10.0,15.0,0.008133050322869309,0.007760940329531365,0.008515769480468427
SPLN43,tierAmg_p95,B cells,oxidative_stress,N4,15.0,20.0,0.008136221047933444,0.007770501874214565,0.008497853658856273
SPLN43,tierAmg_p95,B cells,oxidative_stress,N4,20.0,25.0,0.00811220289812527,0.007744944973416342,0.008535747337241804
SPLN43,tierAmg_p95,B cells,oxidative_stress,N4,25.0,30.0,0.008103269091815593,0.0076162864072546735,0.00853983394000029
SPLN43,tierAmg_p95,B cells,oxidative_stress,N4,30.0,35.0,0.008086985039385947,0.007568612220026774,0.008624738441869253
SPLN43,tierAmg_p95,B cells,oxidative_stress,N4,35.0,40.0,0.008104041690429269,0.0074534000512105954,0.00874628431946792
SPLN43,tierAmg_p95,B cells,oxidative_stress,N4,40.0,45.0,0.008077184086952002,0.007200161545700453,0.008943078055231202
SPLN43,tierAmg_p95,B cells,oxidative_stress,N4,45.0,50.0,0.008065397092630341,0.00698316910731443,0.009194859640858187
SPLN43,tierAmg_p95,B cells,oxidative_stress,N4,50.0,55.0,0.008033309751069691,0.006574066703323339,0.009350045455987228
SPLN43,tierAmg_p95,B cells,oxidative_stress,N4,55.0,60.0,0.007992546660520192,0.00612194727229955,0.009543214451451926
SPLN43,tierAmg_p95,B cells,oxidative_stress,N4,60.0,65.0,0.008075222352856468,0.006370907377069989,0.009865893789757524
SPLN43,tierAmg_p95,B cells,oxidative_stress,N4,65.0,70.0,0.00805844342029469,0.005640016655009398,0.010122794002383107
SPLN43,tierAmg_p95,B cells,oxidative_stress,N4,70.0,75.0,0.008132295131572941,0.005621617786837514,0.010471177673029528
SPLN43,tierAmg_p95,B cells,oxidative_stress,N4,75.0,80.0,0.007936944827805251,0.004672262234326132,0.010766572125953375
SPLN43,tierAmg_p95,B cells,oxidative_stress,N4,80.0,85.0,0.0079734169895656,0.004879709821507128,0.010445086299180865
SPLN43,tierAmg_p95,B cells,oxidative_stress,N4,85.0,90.0,0.008017285344226093,0.00447803545999442,0.010726393881210598
SPLN43,tierAmg_p95,B cells,oxidative_stress,N4,90.0,95.0,0.008206228281617415,0.00426878769956213,0.010761651560058514
SPLN43,tierAmg_p95,B cells,oxidative_stress,N4,95.0,100.0,0.007767229141210264,0.0061373466254239385,0.008497518855439853
SPLN43,tierAmg_p95,B cells,secondary_senescence,N4,0.0,5.0,-0.004096326969452012,-0.004309686363186879,-0.003850441774787889
SPLN43,tierAmg_p95,B cells,secondary_senescence,N4,5.0,10.0,-0.004097687074933429,-0.004235312023628398,-0.00394386982242014
SPLN43,tierAmg_p95,B cells,secondary_senescence,N4,10.0,15.0,-0.004099884959705502,-0.004215495352055846,-0.003957458259465875
SPLN43,tierAmg_p95,B cells,secondary_senescence,N4,15.0,20.0,-0.004102214143208242,-0.004206677193636573,-0.003968691349495083
SPLN43,tierAmg_p95,B cells,secondary_senescence,N4,20.0,25.0,-0.004101375972105913,-0.004229751549171062,-0.003970040725135948
SPLN43,tierAmg_p95,B cells,secondary_senescence,N4,25.0,30.0,-0.004106023988906763,-0.004249164656045105,-0.003960078103327006
SPLN43,tierAmg_p95,B cells,secondary_senescence,N4,30.0,35.0,-0.004115178183624634,-0.004275065433410584,-0.003947494388582387
SPLN43,tierAmg_p95,B cells,secondary_senescence,N4,35.0,40.0,-0.004121000167244236,-0.004320073293472623,-0.0038979535159619355
SPLN43,tierAmg_p95,B cells,secondary_senescence,N4,40.0,45.0,-0.004132790233715529,-0.004388727965735389,-0.0038763757858350494
SPLN43,tierAmg_p95,B cells,secondary_senescence,N4,45.0,50.0,-0.004118169548693906,-0.004446740425805904,-0.0037638869655886214
SPLN43,tierAmg_p95,B cells,secondary_senescence,N4,50.0,55.0,-0.0041134171507300095,-0.004485598329217173,-0.0036123312587920966
SPLN43,tierAmg_p95,B cells,secondary_senescence,N4,55.0,60.0,-0.004128867677612396,-0.004602525887460738,-0.003603105419435113
SPLN43,tierAmg_p95,B cells,secondary_senescence,N4,60.0,65.0,-0.004163818337176815,-0.004699342794602443,-0.0036176885883987945
SPLN43,tierAmg_p95,B cells,secondary_senescence,N4,65.0,70.0,-0.004130042126679715,-0.004716606907772157,-0.0034443622901921944
SPLN43,tierAmg_p95,B cells,secondary_senescence,N4,70.0,75.0,-0.004155860092082302,-0.004829851995552965,-0.0034855077772075944
SPLN43,tierAmg_p95,B cells,secondary_senescence,N4,75.0,80.0,-0.004124764940692969,-0.004785191593591159,-0.0032712364776667723
SPLN43,tierAmg_p95,B cells,secondary_senescence,N4,80.0,85.0,-0.004129671911245018,-0.004902509985458892,-0.003227944614654998
SPLN43,tierAmg_p95,B cells,secondary_senescence,N4,85.0,90.0,-0.00415883035171594,-0.004924950601878348,-0.0032301030609569697
SPLN43,tierAmg_p95,B cells,secondary_senescence,N4,90.0,95.0,-0.004137961857429455,-0.004975215064800779,-0.003028823833034989
SPLN43,tierAmg_p95,B cells,secondary_senescence,N4,95.0,100.0,-0.0040838014895503445,-0.004365629092447944,-0.0035906399424714187
SPLN43,tierAmg_p95,B cells,tnfa_nfkb_proximal,N4,0.0,5.0,-0.0005981226546708596,-0.0008568562829247534,-0.0003294632632199143
SPLN43,tierAmg_p95,B cells,tnfa_nfkb_proximal,N4,5.0,10.0,-0.0005895937720234954,-0.0007457638472033466,-0.000422035963642636
SPLN43,tierAmg_p95,B cells,tnfa_nfkb_proximal,N4,10.0,15.0,-0.0005972124505897362,-0.0007348451580346649,-0.00045826320854468677
SPLN43,tierAmg_p95,B cells,tnfa_nfkb_proximal,N4,15.0,20.0,-0.000598498519748841,-0.0007386630754695315,-0.00046871469838179284
SPLN43,tierAmg_p95,B cells,tnfa_nfkb_proximal,N4,20.0,25.0,-0.0005950486694796855,-0.0007285991420791552,-0.0004472092383799967
SPLN43,tierAmg_p95,B cells,tnfa_nfkb_proximal,N4,25.0,30.0,-0.0006050022806423185,-0.00076660010647577,-0.00042797660279842337
SPLN43,tierAmg_p95,B cells,tnfa_nfkb_proximal,N4,30.0,35.0,-0.0006064267907139677,-0.0008311228096718843,-0.0004019996607263568
SPLN43,tierAmg_p95,B cells,tnfa_nfkb_proximal,N4,35.0,40.0,-0.0006180651609028208,-0.0008732570029203594,-0.0003823715087937641
SPLN43,tierAmg_p95,B cells,tnfa_nfkb_proximal,N4,40.0,45.0,-0.0006094460078319621,-0.0009123046236531771,-0.0002907594205883885
SPLN43,tierAmg_p95,B cells,tnfa_nfkb_proximal,N4,45.0,50.0,-0.0005983115375898047,-0.0009783237846875121,-0.00021988128153106493
SPLN43,tierAmg_p95,B cells,tnfa_nfkb_proximal,N4,50.0,55.0,-0.0006146673486885377,-0.0011433526292706421,-0.00015540520251925582
SPLN43,tierAmg_p95,B cells,tnfa_nfkb_proximal,N4,55.0,60.0,-0.0006090654029336209,-0.001202487674883766,-6.499387481330187e-05
SPLN43,tierAmg_p95,B cells,tnfa_nfkb_proximal,N4,60.0,65.0,-0.0006179996529357586,-0.001266889008317071,4.358479677544532e-05
SPLN43,tierAmg_p95,B cells,tnfa_nfkb_proximal,N4,65.0,70.0,-0.0006327619488707181,-0.0015036215691724896,0.00012406363480244712
SPLN43,tierAmg_p95,B cells,tnfa_nfkb_proximal,N4,70.0,75.0,-0.0006431787432764499,-0.0014154839030645775,4.914921268013754e-05
SPLN43,tierAmg_p95,B cells,tnfa_nfkb_proximal,N4,75.0,80.0,-0.0006515323305714078,-0.0015046822490373869,0.0002757735638678164
SPLN43,tierAmg_p95,B cells,tnfa_nfkb_proximal,N4,80.0,85.0,-0.0006200765322205932,-0.001751874688905687,0.0004000430701439497
SPLN43,tierAmg_p95,B cells,tnfa_nfkb_proximal,N4,85.0,90.0,-0.0006126461621533488,-0.0017094052663448704,0.000439384124855999
SPLN43,tierAmg_p95,B cells,tnfa_nfkb_proximal,N4,90.0,95.0,-0.0006552194362732231,-0.0020212741671318327,0.0005798642460539421
SPLN43,tierAmg_p95,B cells,tnfa_nfkb_proximal,N4,95.0,100.0,-0.0006903987563488743,-0.0010408888931528457,-0.00047919637210355623
SPLN43,tierA_p95,B cells,downstream_arrest,N1,0.0,5.0,0.004902430907192709,0.004694109598789612,0.00511632748955024
SPLN43,tierA_p95,B cells,downstream_arrest,N1,5.0,10.0,0.005224746251101212,0.005113046703636531,0.005334010891172657
SPLN43,tierA_p95,B cells,downstream_arrest,N1,10.0,15.0,0.005105632475190172,0.005001597657941891,0.005212107432821171
SPLN43,tierA_p95,B cells,downstream_arrest,N1,15.0,20.0,0.004993204395780179,0.004876426022074973,0.005105043525439248
SPLN43,tierA_p95,B cells,downstream_arrest,N1,20.0,25.0,0.00481824410910961,0.004686762053981053,0.004949134680064887
SPLN43,tierA_p95,B cells,downstream_arrest,N1,25.0,30.0,0.00462294281249643,0.004443681824657667,0.0048019699620846035
SPLN43,tierA_p95,B cells,downstream_arrest,N1,30.0,35.0,0.004394500126925458,0.0041364359500197885,0.004640317384253655
SPLN43,tierA_p95,B cells,downstream_arrest,N1,35.0,40.0,0.004121638134613906,0.003796702476618553,0.004481827263173323
SPLN43,tierA_p95,B cells,downstream_arrest,N1,40.0,45.0,0.00387668668537614,0.0034152716038028273,0.004312047377035228
SPLN43,tierA_p95,B cells,downstream_arrest,N1,45.0,50.0,0.003682652867370857,0.0029490862565067465,0.0043505791677693455
SPLN43,tierA_p95,B cells,downstream_arrest,N1,50.0,55.0,0.003532532779289389,0.002709970272916242,0.004452103210635555
SPLN43,tierA_p95,B cells,downstream_arrest,N1,55.0,60.0,0.0034141280011119298,0.0022039973202746766,0.004640670071876816
SPLN43,tierA_p95,B cells,downstream_arrest,N1,60.0,65.0,0.0034635455113956135,0.0018399374704760982,0.0051180111965915326
SPLN43,tierA_p95,B cells,downstream_arrest,N1,65.0,70.0,0.0034695119021603267,0.0013040469983230253,0.0056452301716953205
SPLN43,tierA_p95,B cells,downstream_arrest,N1,70.0,75.0,0.0034086764178317868,0.0006684605422804836,0.006257400027956291
SPLN43,tierA_p95,B cells,downstream_arrest,N1,75.0,80.0,0.003439719863153819,-0.000619385696565067,0.007158049899198178
SPLN43,tierA_p95,B cells,downstream_arrest,N1,80.0,85.0,0.00326104617143817,-0.002150124995387159,0.008450749967014415
SPLN43,tierA_p95,B cells,downstream_arrest,N1,85.0,90.0,0.0034029613634626896,-0.0033081666323899602,0.0101427500640663
SPLN43,tierA_p95,B cells,downstream_arrest,N1,90.0,95.0,0.0032883462426513965,-0.005481999961193651,0.01101012526099414
SPLN43,tierA_p95,B cells,downstream_arrest,N1,95.0,100.0,0.0025137312281000783,-0.003380000009201467,0.007473500136984508
SPLN43,tierA_p95,B cells,emt_ecm,N1,0.0,5.0,-0.0042023200195523336,-0.004432358426980311,-0.0039898292563138125
SPLN43,tierA_p95,B cells,emt_ecm,N1,5.0,10.0,-0.004332501087320303,-0.004453171903106232,-0.0042222341868828174
SPLN43,tierA_p95,B cells,emt_ecm,N1,10.0,15.0,-0.004307335967129362,-0.004411515435939505,-0.00419812843832267
SPLN43,tierA_p95,B cells,emt_ecm,N1,15.0,20.0,-0.0042468110433519345,-0.0043589111048878805,-0.004139491492539951
SPLN43,tierA_p95,B cells,emt_ecm,N1,20.0,25.0,-0.0041865380724128015,-0.004317193024571517,-0.004053295199628309
SPLN43,tierA_p95,B cells,emt_ecm,N1,25.0,30.0,-0.004114619652994963,-0.004288047294079712,-0.003940188019422211
SPLN43,tierA_p95,B cells,emt_ecm,N1,30.0,35.0,-0.004069653509372725,-0.004294435509517686,-0.0038125144957450725
SPLN43,tierA_p95,B cells,emt_ecm,N1,35.0,40.0,-0.004056733942567217,-0.00437338510366374,-0.003704278548461343
SPLN43,tierA_p95,B cells,emt_ecm,N1,40.0,45.0,-0.004051989216759949,-0.004503013069315418,-0.0035953311212424234
SPLN43,tierA_p95,B cells,emt_ecm,N1,45.0,50.0,-0.004108810881951836,-0.0047181575519787584,-0.003485618226635055
SPLN43,tierA_p95,B cells,emt_ecm,N1,50.0,55.0,-0.004237463681633003,-0.005022381272675586,-0.0034185230860679277
SPLN43,tierA_p95,B cells,emt_ecm,N1,55.0,60.0,-0.004403181730899051,-0.00551441605238412,-0.0032497456452894825
SPLN43,tierA_p95,B cells,emt_ecm,N1,60.0,65.0,-0.004549958282163562,-0.0058714796643403915,-0.003116295950314791
SPLN43,tierA_p95,B cells,emt_ecm,N1,65.0,70.0,-0.004813772901957845,-0.006435116051164056,-0.0029050521713737724
SPLN43,tierA_p95,B cells,emt_ecm,N1,70.0,75.0,-0.005016630396976425,-0.006904407773011674,-0.0027070267696087417
SPLN43,tierA_p95,B cells,emt_ecm,N1,75.0,80.0,-0.005079686576146217,-0.00764494635992118,-0.0017489082764708052
SPLN43,tierA_p95,B cells,emt_ecm,N1,80.0,85.0,-0.005271130749750395,-0.008517249790020286,-0.0015313750729546883
SPLN43,tierA_p95,B cells,emt_ecm,N1,85.0,90.0,-0.005338302277718768,-0.008916416740976273,-0.0005978750094072881
SPLN43,tierA_p95,B cells,emt_ecm,N1,90.0,95.0,-0.005751783770848441,-0.009429999627172947,-0.0007291145432342826
SPLN43,tierA_p95,B cells,emt_ecm,N1,95.0,100.0,-0.005967599044617227,-0.009040041669892767,-0.002131950027542194
SPLN43,tierA_p95,B cells,il6_jak_stat3,N1,0.0,5.0,0.0017515473580289895,0.001410279755997366,0.002082778452685689
SPLN43,tierA_p95,B cells,il6_jak_stat3,N1,5.0,10.0,0.0017809456026158662,0.001599435654690054,0.0019464049549951666
SPLN43,tierA_p95,B cells,il6_jak_stat3,N1,10.0,15.0,0.001760166309717063,0.0016032296421375173,0.0019220859310200606
SPLN43,tierA_p95,B cells,il6_jak_stat3,N1,15.0,20.0,0.0018173390839284923,0.001651119412247063,0.001986442252786893
SPLN43,tierA_p95,B cells,il6_jak_stat3,N1,20.0,25.0,0.00181263639628457,0.001602763912171491,0.0020140892834432838
SPLN43,tierA_p95,B cells,il6_jak_stat3,N1,25.0,30.0,0.0018141025470750438,0.0015405367248103772,0.0020706569794856204
SPLN43,tierA_p95,B cells,il6_jak_stat3,N1,30.0,35.0,0.001790514863704181,0.0014158561218443452,0.002140028460824012
SPLN43,tierA_p95,B cells,il6_jak_stat3,N1,35.0,40.0,0.0017665519741564854,0.001269090799391826,0.002307614715780626
SPLN43,tierA_p95,B cells,il6_jak_stat3,N1,40.0,45.0,0.0017111304782445231,0.0009911792974586766,0.002426662466106951
SPLN43,tierA_p95,B cells,il6_jak_stat3,N1,45.0,50.0,0.001657578629860293,0.0006798971461947262,0.0026456195730891834
SPLN43,tierA_p95,B cells,il6_jak_stat3,N1,50.0,55.0,0.0015229399015951398,0.00022681400788951463,0.0029623338056805433
SPLN43,tierA_p95,B cells,il6_jak_stat3,N1,55.0,60.0,0.0014640880098202654,-0.0004012920766102564,0.0034924830758886294
SPLN43,tierA_p95,B cells,il6_jak_stat3,N1,60.0,65.0,0.0015318085290524626,-0.0011684245753204076,0.004138407019644893
SPLN43,tierA_p95,B cells,il6_jak_stat3,N1,65.0,70.0,0.0013102463369019121,-0.001972254579742972,0.004743044299021466
SPLN43,tierA_p95,B cells,il6_jak_stat3,N1,70.0,75.0,0.0011904256736130186,-0.0030454775784537792,0.006305178770534915
SPLN43,tierA_p95,B cells,il6_jak_stat3,N1,75.0,80.0,0.001176972814866674,-0.004630125022958964,0.008032106899190688
SPLN43,tierA_p95,B cells,il6_jak_stat3,N1,80.0,85.0,0.0011954841744134853,-0.006593375108423061,0.010001050415012275
SPLN43,tierA_p95,B cells,il6_jak_stat3,N1,85.0,90.0,0.001117806265640898,-0.00851837497903034,0.014335749911454823
SPLN43,tierA_p95,B cells,il6_jak_stat3,N1,90.0,95.0,0.0011404525519163131,-0.008791249780915677,0.014901999953872244
SPLN43,tierA_p95,B cells,il6_jak_stat3,N1,95.0,100.0,0.0003175109159925452,-0.008410000242292881,0.007964479132594229
SPLN43,tierA_p95,B cells,interferon_response,N1,0.0,5.0,0.006875915388357271,0.006585480779190639,0.00716473640090559
SPLN43,tierA_p95,B cells,interferon_response,N1,5.0,10.0,0.006969412631434715,0.006825620089366478,0.007106757025352258
SPLN43,tierA_p95,B cells,interferon_response,N1,10.0,15.0,0.006943476108167642,0.006805736203054416,0.007083538544145848
SPLN43,tierA_p95,B cells,interferon_response,N1,15.0,20.0,0.006934062436342315,0.006784118295424231,0.007082594093758306
SPLN43,tierA_p95,B cells,interferon_response,N1,20.0,25.0,0.006936699905327604,0.006771095292239854,0.00711463745989477
SPLN43,tierA_p95,B cells,interferon_response,N1,25.0,30.0,0.006927858850280578,0.006693824430619527,0.007166496822604331
SPLN43,tierA_p95,B cells,interferon_response,N1,30.0,35.0,0.0068638048273723,0.006560383166671542,0.007176243180060215
SPLN43,tierA_p95,B cells,interferon_response,N1,35.0,40.0,0.006866766066845159,0.0064188889804397894,0.007329753775746565
SPLN43,tierA_p95,B cells,interferon_response,N1,40.0,45.0,0.006837420897682043,0.0062358937199165874,0.0074721356774424715
SPLN43,tierA_p95,B cells,interferon_response,N1,45.0,50.0,0.006780105485466738,0.005952205990241315,0.007626446827127279
SPLN43,tierA_p95,B cells,interferon_response,N1,50.0,55.0,0.006802995862303566,0.005535187763208386,0.008053831605861443
SPLN43,tierA_p95,B cells,interferon_response,N1,55.0,60.0,0.006713190588573516,0.005189453701858479,0.008377931450492749
SPLN43,tierA_p95,B cells,interferon_response,N1,60.0,65.0,0.006746662922160283,0.0044128722309272105,0.009130431635711362
SPLN43,tierA_p95,B cells,interferon_response,N1,65.0,70.0,0.006779264133532917,0.00360151736313017,0.009787743272878829
SPLN43,tierA_p95,B cells,interferon_response,N1,70.0,75.0,0.006524056655227434,0.0023139924908967013,0.010522914673720152
SPLN43,tierA_p95,B cells,interferon_response,N1,75.0,80.0,0.00667070631551992,0.001132137606327888,0.012313549957082908
SPLN43,tierA_p95,B cells,interferon_response,N1,80.0,85.0,0.006249788080136605,-0.0007197917761610974,0.013603500206954776
SPLN43,tierA_p95,B cells,interferon_response,N1,85.0,90.0,0.005907067576423142,-0.0028809999057557434,0.015619400232099012
SPLN43,tierA_p95,B cells,interferon_response,N1,90.0,95.0,0.005645689741791544,-0.007619999814778566,0.01795000024139881
SPLN43,tierA_p95,B cells,interferon_response,N1,95.0,100.0,0.0038878055184694772,-0.007930000312626362,0.012252899946979595
SPLN43,tierA_p95,B cells,oxidative_stress,N1,0.0,5.0,0.008118968783365484,0.007506658344852097,0.008697518753828636
SPLN43,tierA_p95,B cells,oxidative_stress,N1,5.0,10.0,0.00844374327812209,0.008162289670180123,0.008716852965315049
SPLN43,tierA_p95,B cells,oxidative_stress,N1,10.0,15.0,0.008314852212983335,0.00804064141233175,0.0085935080572071
SPLN43,tierA_p95,B cells,oxidative_stress,N1,15.0,20.0,0.008162856204933481,0.00788672798159916,0.008453725418094245
SPLN43,tierA_p95,B cells,oxidative_stress,N1,20.0,25.0,0.008033051003618251,0.00767178714299655,0.008405807302762898
SPLN43,tierA_p95,B cells,oxidative_stress,N1,25.0,30.0,0.00786494847829755,0.007377299112747357,0.008337737293177832
SPLN43,tierA_p95,B cells,oxidative_stress,N1,30.0,35.0,0.007603065668864403,0.00697212113825868,0.008287617531053004
SPLN43,tierA_p95,B cells,oxidative_stress,N1,35.0,40.0,0.007340830333875563,0.006428421731027675,0.008195970408202542
SPLN43,tierA_p95,B cells,oxidative_stress,N1,40.0,45.0,0.007169724450878014,0.0060415059393021525,0.008396194118346322
SPLN43,tierA_p95,B cells,oxidative_stress,N1,45.0,50.0,0.0069939599143601225,0.005230243811918186,0.008742670110823877
SPLN43,tierA_p95,B cells,oxidative_stress,N1,50.0,55.0,0.006863809670246857,0.004529451632053933,0.009373723202275037
SPLN43,tierA_p95,B cells,oxidative_stress,N1,55.0,60.0,0.006668759020587425,0.0035598215394606046,0.009892858169588495
SPLN43,tierA_p95,B cells,oxidative_stress,N1,60.0,65.0,0.006963266007526757,0.0027059594138864923,0.011558677918112695
SPLN43,tierA_p95,B cells,oxidative_stress,N1,65.0,70.0,0.006654196501545575,0.0005948557121043382,0.013077879035833599
SPLN43,tierA_p95,B cells,oxidative_stress,N1,70.0,75.0,0.007436366404159776,-5.590624296019084e-05,0.01568830354375749
SPLN43,tierA_p95,B cells,oxidative_stress,N1,75.0,80.0,0.007315858961822944,-0.002700849879984161,0.02013104182842653
SPLN43,tierA_p95,B cells,oxidative_stress,N1,80.0,85.0,0.007754078388781855,-0.0070787499105790614,0.023543850085698054
SPLN43,tierA_p95,B cells,oxidative_stress,N1,85.0,90.0,0.008030311298690892,-0.009929999709129333,0.028365249429286154
SPLN43,tierA_p95,B cells,oxidative_stress,N1,90.0,95.0,0.008757777651815674,-0.010979999788105488,0.03480350016616281
SPLN43,tierA_p95,B cells,oxidative_stress,N1,95.0,100.0,0.00883429891313575,-0.008354749891441315,0.027284050260204768
SPLN43,tierA_p95,B cells,secondary_senescence,N1,0.0,5.0,-0.0040895044210154646,-0.004256512889227016,-0.00391514711805312
SPLN43,tierA_p95,B cells,secondary_senescence,N1,5.0,10.0,-0.004232178482345631,-0.004322097204534153,-0.0041358119854377805
SPLN43,tierA_p95,B cells,secondary_senescence,N1,10.0,15.0,-0.004185624039951873,-0.004270339083876588,-0.004104670746241944
SPLN43,tierA_p95,B cells,secondary_senescence,N1,15.0,20.0,-0.004140581084229805,-0.004221661923057267,-0.004054887085274808
SPLN43,tierA_p95,B cells,secondary_senescence,N1,20.0,25.0,-0.00408302234456069,-0.004192587436652176,-0.003974837700260035
SPLN43,tierA_p95,B cells,secondary_senescence,N1,25.0,30.0,-0.004024139196529826,-0.004150708605736642,-0.0038875864433647084
SPLN43,tierA_p95,B cells,secondary_senescence,N1,30.0,35.0,-0.00396538235976623,-0.00415679780598495,-0.0037718615025418042
SPLN43,tierA_p95,B cells,secondary_senescence,N1,35.0,40.0,-0.0039045130434791756,-0.004149201836002553,-0.0036555561736523043
SPLN43,tierA_p95,B cells,secondary_senescence,N1,40.0,45.0,-0.003865428313561093,-0.004208078398094068,-0.003518948974157647
SPLN43,tierA_p95,B cells,secondary_senescence,N1,45.0,50.0,-0.003814613694305625,-0.004273756976617412,-0.0033004693797280896
SPLN43,tierA_p95,B cells,secondary_senescence,N1,50.0,55.0,-0.003838773535348458,-0.0045338429777324624,-0.003182704686447926
SPLN43,tierA_p95,B cells,secondary_senescence,N1,55.0,60.0,-0.0039044838943284744,-0.004814492372660856,-0.0029331461463203254
SPLN43,tierA_p95,B cells,secondary_senescence,N1,60.0,65.0,-0.003934819088825528,-0.00513926829543976,-0.0026109211472820407
SPLN43,tierA_p95,B cells,secondary_senescence,N1,65.0,70.0,-0.003910186150783164,-0.005470035892392776,-0.002185568483857945
SPLN43,tierA_p95,B cells,secondary_senescence,N1,70.0,75.0,-0.0040961586361632045,-0.006111164130311638,-0.0018573819363155069
SPLN43,tierA_p95,B cells,secondary_senescence,N1,75.0,80.0,-0.004251431331706213,-0.007049549103768576,-0.0011199523993127545
SPLN43,tierA_p95,B cells,secondary_senescence,N1,80.0,85.0,-0.004216520152325864,-0.007849999703466892,-5.6175086938314014e-05
SPLN43,tierA_p95,B cells,secondary_senescence,N1,85.0,90.0,-0.0044011551079996955,-0.007961999927647411,0.0007700000299943607
SPLN43,tierA_p95,B cells,secondary_senescence,N1,90.0,95.0,-0.00462726244526141,-0.00861575014423579,0.0011353126203175609
SPLN43,tierA_p95,B cells,secondary_senescence,N1,95.0,100.0,-0.004862264096481371,-0.007998874923214317,-0.0003329062014017854
SPLN43,tierA_p95,B cells,tnfa_nfkb_proximal,N1,0.0,5.0,-0.0005845301520127549,-0.0008025439757099311,-0.00037068870199919574
SPLN43,tierA_p95,B cells,tnfa_nfkb_proximal,N1,5.0,10.0,-0.0005935149100645698,-0.0006972228567919258,-0.0004929939535257673
SPLN43,tierA_p95,B cells,tnfa_nfkb_proximal,N1,10.0,15.0,-0.000592571794087543,-0.0006958070285188755,-0.000491403427418333
SPLN43,tierA_p95,B cells,tnfa_nfkb_proximal,N1,15.0,20.0,-0.0005914943480949775,-0.0007092328208828973,-0.0004763692583985569
SPLN43,tierA_p95,B cells,tnfa_nfkb_proximal,N1,20.0,25.0,-0.0005943226520113325,-0.0007324949153818966,-0.000459332758190285
SPLN43,tierA_p95,B cells,tnfa_nfkb_proximal,N1,25.0,30.0,-0.0006164865470215842,-0.0007857743462399994,-0.0004248677193612271
SPLN43,tierA_p95,B cells,tnfa_nfkb_proximal,N1,30.0,35.0,-0.0006292698371400506,-0.0008645343801129558,-0.00039513418104475525
SPLN43,tierA_p95,B cells,tnfa_nfkb_proximal,N1,35.0,40.0,-0.0006604801126666086,-0.00098100591857479,-0.0003247059795916659
SPLN43,tierA_p95,B cells,tnfa_nfkb_proximal,N1,40.0,45.0,-0.0007164698715154868,-0.0011349743920985222,-0.00027397391575906114
SPLN43,tierA_p95,B cells,tnfa_nfkb_proximal,N1,45.0,50.0,-0.0007169388233323334,-0.0013658704828537656,-7.127776508503282e-05
SPLN43,tierA_p95,B cells,tnfa_nfkb_proximal,N1,50.0,55.0,-0.0008230311807159407,-0.001655037740343766,4.764019181370919e-05
SPLN43,tierA_p95,B cells,tnfa_nfkb_proximal,N1,55.0,60.0,-0.0008111676785350793,-0.0019728177108315017,0.0004611504749264995
SPLN43,tierA_p95,B cells,tnfa_nfkb_proximal,N1,60.0,65.0,-0.000862419735911093,-0.002407495554390542,0.0007866607764242285
SPLN43,tierA_p95,B cells,tnfa_nfkb_proximal,N1,65.0,70.0,-0.0009460415646575887,-0.0030543829810495597,0.0010432592940124957
SPLN43,tierA_p95,B cells,tnfa_nfkb_proximal,N1,70.0,75.0,-0.0011240791448015796,-0.0037730803682279658,0.001732038421248405
SPLN43,tierA_p95,B cells,tnfa_nfkb_proximal,N1,75.0,80.0,-0.0010345880209070007,-0.0043223333604449484,0.0027839000015852156
SPLN43,tierA_p95,B cells,tnfa_nfkb_proximal,N1,80.0,85.0,-0.0011092668088308539,-0.006221750023056908,0.0041950310944230285
SPLN43,tierA_p95,B cells,tnfa_nfkb_proximal,N1,85.0,90.0,-0.0012663874267977854,-0.0068733749852981415,0.006875833088027637
SPLN43,tierA_p95,B cells,tnfa_nfkb_proximal,N1,90.0,95.0,-0.0013307654067459447,-0.007654500042553991,0.008228250406682456
SPLN43,tierA_p95,B cells,tnfa_nfkb_proximal,N1,95.0,100.0,-0.0024385809990827034,-0.007240000180900097,0.003063250058524617
SPLN43,tierA_p95,B cells,downstream_arrest,N3,0.0,5.0,0.004894264862045614,0.0044996820648740225,0.005292548499281598
SPLN43,tierA_p95,B cells,downstream_arrest,N3,5.0,10.0,0.0048888211327136255,0.004557550998758765,0.005178702803328506
SPLN43,tierA_p95,B cells,downstream_arrest,N3,10.0,15.0,0.004889668200143874,0.0045934292785692315,0.0051286122328232766
SPLN43,tierA_p95,B cells,downstream_arrest,N3,15.0,20.0,0.004887576874861345,0.0046041670067253565,0.00512453730360733
SPLN43,tierA_p95,B cells,downstream_arrest,N3,20.0,25.0,0.004889514014206604,0.004615885724180397,0.005123845591087282
SPLN43,tierA_p95,B cells,downstream_arrest,N3,25.0,30.0,0.0048855142842660826,0.004607834288981275,0.005140167231602613
SPLN43,tierA_p95,B cells,downstream_arrest,N3,30.0,35.0,0.004889027123747745,0.004561669170588631,0.005166959817412683
SPLN43,tierA_p95,B cells,downstream_arrest,N3,35.0,40.0,0.004879644185304958,0.004527728050247339,0.005203353535036434
SPLN43,tierA_p95,B cells,downstream_arrest,N3,40.0,45.0,0.004890798514964068,0.0044696686480633985,0.005273014137557487
SPLN43,tierA_p95,B cells,downstream_arrest,N3,45.0,50.0,0.00486524408093421,0.004348427144233285,0.005339202349482876
SPLN43,tierA_p95,B cells,downstream_arrest,N3,50.0,55.0,0.004857061436867296,0.0042586265718570545,0.0053888885941164215
SPLN43,tierA_p95,B cells,downstream_arrest,N3,55.0,60.0,0.004849058028783555,0.004155590513434063,0.005500616029221901
SPLN43,tierA_p95,B cells,downstream_arrest,N3,60.0,65.0,0.004848190899646898,0.003936287420125736,0.005583991800664972
SPLN43,tierA_p95,B cells,downstream_arrest,N3,65.0,70.0,0.004835648503727174,0.00392796022638605,0.005581803811762501
SPLN43,tierA_p95,B cells,downstream_arrest,N3,70.0,75.0,0.004831634241345888,0.0037611826405443407,0.005732046008167433
SPLN43,tierA_p95,B cells,downstream_arrest,N3,75.0,80.0,0.004817725483874654,0.003671017827976255,0.0057535469611018535
SPLN43,tierA_p95,B cells,downstream_arrest,N3,80.0,85.0,0.004817868091324446,0.0036132895757270715,0.005790303801925569
SPLN43,tierA_p95,B cells,downstream_arrest,N3,85.0,90.0,0.004807005556613819,0.0035291693922406375,0.005830133385229247
SPLN43,tierA_p95,B cells,downstream_arrest,N3,90.0,95.0,0.0047935543788947595,0.0035013835576775958,0.005805341689076461
SPLN43,tierA_p95,B cells,downstream_arrest,N3,95.0,100.0,0.0047664468304300265,0.003549644788926024,0.005253417537932724
SPLN43,tierA_p95,B cells,emt_ecm,N3,0.0,5.0,-0.004232063009449107,-0.004608382369045811,-0.0038270771754050177
SPLN43,tierA_p95,B cells,emt_ecm,N3,5.0,10.0,-0.004232476483891151,-0.004494643636905367,-0.003922833933151195
SPLN43,tierA_p95,B cells,emt_ecm,N3,10.0,15.0,-0.004224295509518756,-0.004474067270024037,-0.003956676585527071
SPLN43,tierA_p95,B cells,emt_ecm,N3,15.0,20.0,-0.00422413353101892,-0.0044548970797152285,-0.003963153582787528
SPLN43,tierA_p95,B cells,emt_ecm,N3,20.0,25.0,-0.004229492600820206,-0.004461292975334791,-0.003976345727737437
SPLN43,tierA_p95,B cells,emt_ecm,N3,25.0,30.0,-0.004227869230194685,-0.004468714732432331,-0.003960083444200631
SPLN43,tierA_p95,B cells,emt_ecm,N3,30.0,35.0,-0.0042247604864744,-0.004492212958044198,-0.003914505476085278
SPLN43,tierA_p95,B cells,emt_ecm,N3,35.0,40.0,-0.004224746965949848,-0.004520713941123542,-0.0038826789669424134
SPLN43,tierA_p95,B cells,emt_ecm,N3,40.0,45.0,-0.004239953080369895,-0.004602429360314191,-0.003830876893658957
SPLN43,tierA_p95,B cells,emt_ecm,N3,45.0,50.0,-0.004234451700501605,-0.00465153281181104,-0.0037550447363311197
SPLN43,tierA_p95,B cells,emt_ecm,N3,50.0,55.0,-0.004226981981890455,-0.0047254099749236425,-0.0036308034571881542
SPLN43,tierA_p95,B cells,emt_ecm,N3,55.0,60.0,-0.004219178385517148,-0.004815479753349338,-0.0035436848915193545
SPLN43,tierA_p95,B cells,emt_ecm,N3,60.0,65.0,-0.0042012289175409456,-0.004882693991170079,-0.003394831525987674
SPLN43,tierA_p95,B cells,emt_ecm,N3,65.0,70.0,-0.0041998972861522245,-0.004952093732126826,-0.003343384524036574
SPLN43,tierA_p95,B cells,emt_ecm,N3,70.0,75.0,-0.004214074628293343,-0.0050716418361598445,-0.003176280821367289
SPLN43,tierA_p95,B cells,emt_ecm,N3,75.0,80.0,-0.0042018542240224,-0.005095553043881953,-0.0031385912203329507
SPLN43,tierA_p95,B cells,emt_ecm,N3,80.0,85.0,-0.004231192316814683,-0.005114088483097959,-0.003211986412226041
SPLN43,tierA_p95,B cells,emt_ecm,N3,85.0,90.0,-0.0041994296398154074,-0.005200267208130866,-0.003016138310801034
SPLN43,tierA_p95,B cells,emt_ecm,N3,90.0,95.0,-0.004200503155681469,-0.0051754725316020475,-0.0030673259476278747
SPLN43,tierA_p95,B cells,emt_ecm,N3,95.0,100.0,-0.004216017747935782,-0.0045117213157230855,-0.003757892533902509
SPLN43,tierA_p95,B cells,il6_jak_stat3,N3,0.0,5.0,0.0018067241348277915,0.0012416355945559295,0.0023807381229910647
SPLN43,tierA_p95,B cells,il6_jak_stat3,N3,5.0,10.0,0.001796025940172321,0.001475263964180822,0.002160186235708441
SPLN43,tierA_p95,B cells,il6_jak_stat3,N3,10.0,15.0,0.001794063995270387,0.0015098576666227027,0.0021238134372484983
SPLN43,tierA_p95,B cells,il6_jak_stat3,N3,15.0,20.0,0.0017909998179836636,0.001489359347864275,0.0021000468822206446
SPLN43,tierA_p95,B cells,il6_jak_stat3,N3,20.0,25.0,0.001791432793711951,0.0015062027312822005,0.0020825963047501647
SPLN43,tierA_p95,B cells,il6_jak_stat3,N3,25.0,30.0,0.0017842941223426272,0.0014611138650977135,0.0021241812132587394
SPLN43,tierA_p95,B cells,il6_jak_stat3,N3,30.0,35.0,0.0017895036725630827,0.0014473850600515443,0.0021567430609369816
SPLN43,tierA_p95,B cells,il6_jak_stat3,N3,35.0,40.0,0.001786687824786872,0.0013985944414290372,0.0021993603942683706
SPLN43,tierA_p95,B cells,il6_jak_stat3,N3,40.0,45.0,0.0017871099357952827,0.0013076906157882253,0.002275765346889299
SPLN43,tierA_p95,B cells,il6_jak_stat3,N3,45.0,50.0,0.0017898756849417255,0.0011962797307415271,0.0023674178013989187
SPLN43,tierA_p95,B cells,il6_jak_stat3,N3,50.0,55.0,0.0017813515555569017,0.001103547136800467,0.0024673829817965062
SPLN43,tierA_p95,B cells,il6_jak_stat3,N3,55.0,60.0,0.0017873263118597792,0.0009424780072268914,0.0026068474755381273
SPLN43,tierA_p95,B cells,il6_jak_stat3,N3,60.0,65.0,0.0017579262406515195,0.0008161172343877371,0.0027017583599490973
SPLN43,tierA_p95,B cells,il6_jak_stat3,N3,65.0,70.0,0.0017909313220983312,0.0007241014458016304,0.0028177333676954065
SPLN43,tierA_p95,B cells,il6_jak_stat3,N3,70.0,75.0,0.0017483020248431267,0.0006631549311481587,0.0028108280962021157
SPLN43,tierA_p95,B cells,il6_jak_stat3,N3,75.0,80.0,0.0017853367672366332,0.0005618036308382111,0.003032211661858517
SPLN43,tierA_p95,B cells,il6_jak_stat3,N3,80.0,85.0,0.0017987391734734346,0.0005850443053171581,0.003167836238860756
SPLN43,tierA_p95,B cells,il6_jak_stat3,N3,85.0,90.0,0.0017805739546365284,0.0004355923229765099,0.0031235269857694797
SPLN43,tierA_p95,B cells,il6_jak_stat3,N3,90.0,95.0,0.0017481202063491593,0.0002195152367765085,0.003039241578390291
SPLN43,tierA_p95,B cells,il6_jak_stat3,N3,95.0,100.0,0.0017857127440200824,0.0014600931891837526,0.0020649685271742903
SPLN43,tierA_p95,B cells,interferon_response,N3,0.0,5.0,0.006947654418651547,0.006483247921916007,0.007427154555236381
SPLN43,tierA_p95,B cells,interferon_response,N3,5.0,10.0,0.006933767775100646,0.006654857891446341,0.007222414944868555
SPLN43,tierA_p95,B cells,interferon_response,N3,10.0,15.0,0.006934585132284954,0.006699003338252477,0.007172804186769574
SPLN43,tierA_p95,B cells,interferon_response,N3,15.0,20.0,0.0069379234312290095,0.006693818739798416,0.007186175730373556
SPLN43,tierA_p95,B cells,interferon_response,N3,20.0,25.0,0.006936683190623254,0.006688537894454418,0.007180036019589962
SPLN43,tierA_p95,B cells,interferon_response,N3,25.0,30.0,0.006931437931071793,0.0066969344025278495,0.007200649025542261
SPLN43,tierA_p95,B cells,interferon_response,N3,30.0,35.0,0.006936178498082381,0.006629274733105861,0.007236394846322837
SPLN43,tierA_p95,B cells,interferon_response,N3,35.0,40.0,0.006921032203899458,0.006592759971636181,0.007274583050421085
SPLN43,tierA_p95,B cells,interferon_response,N3,40.0,45.0,0.006924438332511333,0.0065038657792177434,0.00732239822605172
SPLN43,tierA_p95,B cells,interferon_response,N3,45.0,50.0,0.006927479117877576,0.006436583009426754,0.0074404332378026
SPLN43,tierA_p95,B cells,interferon_response,N3,50.0,55.0,0.006918451602054999,0.006350518318659465,0.007497262438342043
SPLN43,tierA_p95,B cells,interferon_response,N3,55.0,60.0,0.006914211075973597,0.006217340190652571,0.007597314055999644
SPLN43,tierA_p95,B cells,interferon_response,N3,60.0,65.0,0.006909202851137861,0.006117864696527475,0.0076764253639061975
SPLN43,tierA_p95,B cells,interferon_response,N3,65.0,70.0,0.006924191367737655,0.006002089256892063,0.007755196158236797
SPLN43,tierA_p95,B cells,interferon_response,N3,70.0,75.0,0.006903581804830571,0.005973225162863065,0.007775568672375236
SPLN43,tierA_p95,B cells,interferon_response,N3,75.0,80.0,0.006929214431001723,0.005844552763002099,0.008015131241574835
SPLN43,tierA_p95,B cells,interferon_response,N3,80.0,85.0,0.006954630061133351,0.005895889892439618,0.008150174004860384
SPLN43,tierA_p95,B cells,interferon_response,N3,85.0,90.0,0.006955753788942612,0.005824422255028832,0.0081728927546256
SPLN43,tierA_p95,B cells,interferon_response,N3,90.0,95.0,0.006910181292206378,0.005727151453196561,0.008074105106640308
SPLN43,tierA_p95,B cells,interferon_response,N3,95.0,100.0,0.0069549857789600955,0.006678141223829979,0.007250844286634792
SPLN43,tierA_p95,B cells,oxidative_stress,N3,0.0,5.0,0.008103934471698339,0.007125525801349803,0.009020253049766376
SPLN43,tierA_p95,B cells,oxidative_stress,N3,5.0,10.0,0.008109918709038126,0.007486208017173564,0.008650489135816468
SPLN43,tierA_p95,B cells,oxidative_stress,N3,10.0,15.0,0.008109045311189065,0.007595396854213822,0.008572751143834264
SPLN43,tierA_p95,B cells,oxidative_stress,N3,15.0,20.0,0.00811000999749275,0.0076393765106672375,0.008549960663304665
SPLN43,tierA_p95,B cells,oxidative_stress,N3,20.0,25.0,0.008118417722301518,0.007605804016025761,0.008565773182344093
SPLN43,tierA_p95,B cells,oxidative_stress,N3,25.0,30.0,0.008105114228400087,0.00755181050693889,0.008653001300562955
SPLN43,tierA_p95,B cells,oxidative_stress,N3,30.0,35.0,0.008091798338761976,0.007496547660434098,0.008674788194495771
SPLN43,tierA_p95,B cells,oxidative_stress,N3,35.0,40.0,0.008110503435199564,0.007421255471999411,0.008777739812215158
SPLN43,tierA_p95,B cells,oxidative_stress,N3,40.0,45.0,0.008093334911901921,0.00719357146056397,0.00892814053878049
SPLN43,tierA_p95,B cells,oxidative_stress,N3,45.0,50.0,0.008093667050104336,0.007044042187736321,0.009156995803637621
SPLN43,tierA_p95,B cells,oxidative_stress,N3,50.0,55.0,0.008080024820368579,0.006731834654970582,0.009414328401576695
SPLN43,tierA_p95,B cells,oxidative_stress,N3,55.0,60.0,0.00807402133892257,0.006537891203067085,0.00956229055671951
SPLN43,tierA_p95,B cells,oxidative_stress,N3,60.0,65.0,0.008059676117375724,0.0063503095579095,0.009742136925539923
SPLN43,tierA_p95,B cells,oxidative_stress,N3,65.0,70.0,0.008080453765509357,0.006056812309710929,0.009777931950548635
SPLN43,tierA_p95,B cells,oxidative_stress,N3,70.0,75.0,0.00809173115063533,0.005892764785585477,0.009976932024448572
SPLN43,tierA_p95,B cells,oxidative_stress,N3,75.0,80.0,0.0080428883804831,0.005745610022520561,0.010263727187585354
SPLN43,tierA_p95,B cells,oxidative_stress,N3,80.0,85.0,0.00805335298390701,0.005487559269420263,0.010202462248724018
SPLN43,tierA_p95,B cells,oxidative_stress,N3,85.0,90.0,0.008071871587018647,0.005582873772356286,0.010313569913791738
SPLN43,tierA_p95,B cells,oxidative_stress,N3,90.0,95.0,0.007981641269996165,0.005360060968285004,0.010263260283222305
SPLN43,tierA_p95,B cells,oxidative_stress,N3,95.0,100.0,0.008030810853358224,0.007015981208910775,0.008685371708686974
SPLN43,tierA_p95,B cells,secondary_senescence,N3,0.0,5.0,-0.004117438171702703,-0.004423488003125904,-0.0037976014716935504
SPLN43,tierA_p95,B cells,secondary_senescence,N3,5.0,10.0,-0.004116737794369816,-0.004299264493282796,-0.003921051281666361
SPLN43,tierA_p95,B cells,secondary_senescence,N3,10.0,15.0,-0.004113465679629356,-0.004274514599464802,-0.00393925373606181
SPLN43,tierA_p95,B cells,secondary_senescence,N3,15.0,20.0,-0.004116713820945479,-0.004278854653821161,-0.003938532769877304
SPLN43,tierA_p95,B cells,secondary_senescence,N3,20.0,25.0,-0.004113034536601873,-0.00426439871168087,-0.003923397211861242
SPLN43,tierA_p95,B cells,secondary_senescence,N3,25.0,30.0,-0.004116218921920243,-0.004286640488517651,-0.003934671698554977
SPLN43,tierA_p95,B cells,secondary_senescence,N3,30.0,35.0,-0.00411331142559933,-0.004308293530878935,-0.003905908609691549
SPLN43,tierA_p95,B cells,secondary_senescence,N3,35.0,40.0,-0.004115058499574632,-0.004323093194697064,-0.00387260336014755
SPLN43,tierA_p95,B cells,secondary_senescence,N3,40.0,45.0,-0.004118548363593573,-0.004371422965731284,-0.0038390643020694477
SPLN43,tierA_p95,B cells,secondary_senescence,N3,45.0,50.0,-0.004114393897786272,-0.0044395717672544915,-0.0037695159980161382
SPLN43,tierA_p95,B cells,secondary_senescence,N3,50.0,55.0,-0.004114674325581543,-0.0044626067575617235,-0.0037228675391771777
SPLN43,tierA_p95,B cells,secondary_senescence,N3,55.0,60.0,-0.004114513701977398,-0.004565134095532761,-0.0036297412745624424
SPLN43,tierA_p95,B cells,secondary_senescence,N3,60.0,65.0,-0.0040882599616604105,-0.004580239200330469,-0.003519783546784697
SPLN43,tierA_p95,B cells,secondary_senescence,N3,65.0,70.0,-0.004098914549101289,-0.004647026746346381,-0.0034818617038516308
SPLN43,tierA_p95,B cells,secondary_senescence,N3,70.0,75.0,-0.004103312364970136,-0.004676642124014117,-0.003459598048056896
SPLN43,tierA_p95,B cells,secondary_senescence,N3,75.0,80.0,-0.00411626775874204,-0.004714916965098875,-0.0034187310218158832
SPLN43,tierA_p95,B cells,secondary_senescence,N3,80.0,85.0,-0.004118733407495964,-0.004758128203259139,-0.003384086378372578
SPLN43,tierA_p95,B cells,secondary_senescence,N3,85.0,90.0,-0.00410030230005768,-0.004801714458240912,-0.0033162886358348155
SPLN43,tierA_p95,B cells,secondary_senescence,N3,90.0,95.0,-0.004097877640691449,-0.004767436429362717,-0.003249982136450241
SPLN43,tierA_p95,B cells,secondary_senescence,N3,95.0,100.0,-0.00408171177334237,-0.004275744603307216,-0.003734825266854655
SPLN43,tierA_p95,B cells,tnfa_nfkb_proximal,N3,0.0,5.0,-0.0005989896429264813,-0.0009338115398330151,-0.0002885844192277598
SPLN43,tierA_p95,B cells,tnfa_nfkb_proximal,N3,5.0,10.0,-0.0006047586598126599,-0.0008021097492792817,-0.00040128161589432216
SPLN43,tierA_p95,B cells,tnfa_nfkb_proximal,N3,10.0,15.0,-0.0006024978577984783,-0.0007711561000246533,-0.0004223684710504462
SPLN43,tierA_p95,B cells,tnfa_nfkb_proximal,N3,15.0,20.0,-0.0006051585835335452,-0.0007832696346328817,-0.0004227710828332617
SPLN43,tierA_p95,B cells,tnfa_nfkb_proximal,N3,20.0,25.0,-0.0006063948240159551,-0.000769546133319777,-0.0004449918263243319
SPLN43,tierA_p95,B cells,tnfa_nfkb_proximal,N3,25.0,30.0,-0.0006081514051456589,-0.000806250115186169,-0.0004229511598965262
SPLN43,tierA_p95,B cells,tnfa_nfkb_proximal,N3,30.0,35.0,-0.0006018216399348165,-0.000822187325517774,-0.0003706696030199402
SPLN43,tierA_p95,B cells,tnfa_nfkb_proximal,N3,35.0,40.0,-0.0006016824154263191,-0.000868252365151302,-0.00035321214543555145
SPLN43,tierA_p95,B cells,tnfa_nfkb_proximal,N3,40.0,45.0,-0.0006024598535758445,-0.0009109911478461924,-0.0002816384384406085
SPLN43,tierA_p95,B cells,tnfa_nfkb_proximal,N3,45.0,50.0,-0.000604704729968139,-0.0009628807217441735,-0.00026854112989522296
SPLN43,tierA_p95,B cells,tnfa_nfkb_proximal,N3,50.0,55.0,-0.0006159725944926076,-0.0010487891577567136,-0.00017284780566167413
SPLN43,tierA_p95,B cells,tnfa_nfkb_proximal,N3,55.0,60.0,-0.0006077628115737108,-0.0011313562605356447,-8.310643290471307e-05
SPLN43,tierA_p95,B cells,tnfa_nfkb_proximal,N3,60.0,65.0,-0.0006140595395195023,-0.0012123028216317845,-2.7032563737685105e-05
SPLN43,tierA_p95,B cells,tnfa_nfkb_proximal,N3,65.0,70.0,-0.0006100787465280115,-0.0012387951479066231,7.494222976406455e-05
SPLN43,tierA_p95,B cells,tnfa_nfkb_proximal,N3,70.0,75.0,-0.000610389403871844,-0.0013461983914016225,0.00016971686727891485
SPLN43,tierA_p95,B cells,tnfa_nfkb_proximal,N3,75.0,80.0,-0.0006139388856738579,-0.0014005460457445337,0.0001816507122030024
SPLN43,tierA_p95,B cells,tnfa_nfkb_proximal,N3,80.0,85.0,-0.0006240845981123466,-0.0013915600479928788,0.00017611069250796606
SPLN43,tierA_p95,B cells,tnfa_nfkb_proximal,N3,85.0,90.0,-0.0006125835505862393,-0.001481589141186011,0.000276978635930571
SPLN43,tierA_p95,B cells,tnfa_nfkb_proximal,N3,90.0,95.0,-0.000627130558424412,-0.0015416969284218127,0.00021020538932346085
SPLN43,tierA_p95,B cells,tnfa_nfkb_proximal,N3,95.0,100.0,-0.0006211377724645526,-0.0007855815426594506,-0.000499371853432586
SPLN43,tierA_p95,B cells,downstream_arrest,N4,0.0,5.0,0.004877103159636516,0.004530581976185971,0.005198123677286342
SPLN43,tierA_p95,B cells,downstream_arrest,N4,5.0,10.0,0.004882963723352161,0.004631261562438681,0.0051161644759362065
SPLN43,tierA_p95,B cells,downstream_arrest,N4,10.0,15.0,0.0048770097328345195,0.00463456413003837,0.005063506438821962
SPLN43,tierA_p95,B cells,downstream_arrest,N4,15.0,20.0,0.004875528375215188,0.004647926465700647,0.005047234382954712
SPLN43,tierA_p95,B cells,downstream_arrest,N4,20.0,25.0,0.004877554064646682,0.004670209033268461,0.005037049380568293
SPLN43,tierA_p95,B cells,downstream_arrest,N4,25.0,30.0,0.004876745108368654,0.004662566998579127,0.005061009955959207
SPLN43,tierA_p95,B cells,downstream_arrest,N4,30.0,35.0,0.004873814138378318,0.004629016817922259,0.005097640994998443
SPLN43,tierA_p95,B cells,downstream_arrest,N4,35.0,40.0,0.004889058406595366,0.004600277935290669,0.005167320656484454
SPLN43,tierA_p95,B cells,downstream_arrest,N4,40.0,45.0,0.004882314424889069,0.004539106161252376,0.005216855603057074
SPLN43,tierA_p95,B cells,downstream_arrest,N4,45.0,50.0,0.0048961599301462514,0.004454292990889053,0.005318864228428644
SPLN43,tierA_p95,B cells,downstream_arrest,N4,50.0,55.0,0.0048803463894243095,0.004245914647094547,0.005397901282465953
SPLN43,tierA_p95,B cells,downstream_arrest,N4,55.0,60.0,0.004875934728780561,0.004075715710105231,0.005470373352607856
SPLN43,tierA_p95,B cells,downstream_arrest,N4,60.0,65.0,0.004866015660186064,0.0038339039603501523,0.005579040637089182
SPLN43,tierA_p95,B cells,downstream_arrest,N4,65.0,70.0,0.0048214057009480695,0.003458591589298623,0.00565377203479715
SPLN43,tierA_p95,B cells,downstream_arrest,N4,70.0,75.0,0.004833204660215105,0.0034448273702465254,0.005663027225971616
SPLN43,tierA_p95,B cells,downstream_arrest,N4,75.0,80.0,0.004818535337508276,0.003350683456660443,0.005743197685981228
SPLN43,tierA_p95,B cells,downstream_arrest,N4,80.0,85.0,0.004851241328894687,0.0032939956590271545,0.005852113801315625
SPLN43,tierA_p95,B cells,downstream_arrest,N4,85.0,90.0,0.004822729702000364,0.0031042852567225287,0.005807027283948252
SPLN43,tierA_p95,B cells,downstream_arrest,N4,90.0,95.0,0.004859839735224531,0.0032969391523086722,0.005943993496455035
SPLN43,tierA_p95,B cells,downstream_arrest,N4,95.0,100.0,0.004699138256078913,0.003488533034978146,0.005367088488816582
SPLN43,tierA_p95,B cells,emt_ecm,N4,0.0,5.0,-0.004206979246688476,-0.00451538295463787,-0.0038637500610562907
SPLN43,tierA_p95,B cells,emt_ecm,N4,5.0,10.0,-0.004215837527263029,-0.0044317951033610815,-0.003985481806932814
SPLN43,tierA_p95,B cells,emt_ecm,N4,10.0,15.0,-0.004222665920181034,-0.004404062703406544,-0.004049256555019945
SPLN43,tierA_p95,B cells,emt_ecm,N4,15.0,20.0,-0.004216624847358288,-0.0043786186712267,-0.004026296713558564
SPLN43,tierA_p95,B cells,emt_ecm,N4,20.0,25.0,-0.004219516079993632,-0.004391389822887257,-0.004041900361559118
SPLN43,tierA_p95,B cells,emt_ecm,N4,25.0,30.0,-0.004226168376332682,-0.004399536660848476,-0.004052433947057524
SPLN43,tierA_p95,B cells,emt_ecm,N4,30.0,35.0,-0.00423320286260568,-0.004429739639995722,-0.004003276314686096
SPLN43,tierA_p95,B cells,emt_ecm,N4,35.0,40.0,-0.004239124133457374,-0.004516713380968156,-0.003986545900298616
SPLN43,tierA_p95,B cells,emt_ecm,N4,40.0,45.0,-0.00424927009958885,-0.0045711394983077285,-0.0039470460228753475
SPLN43,tierA_p95,B cells,emt_ecm,N4,45.0,50.0,-0.004260849518014457,-0.004677849410310547,-0.00381899125846736
SPLN43,tierA_p95,B cells,emt_ecm,N4,50.0,55.0,-0.00424224776870148,-0.004702081052091443,-0.003742377650866199
SPLN43,tierA_p95,B cells,emt_ecm,N4,55.0,60.0,-0.004258293663070731,-0.004832258077484642,-0.003636479398190097
SPLN43,tierA_p95,B cells,emt_ecm,N4,60.0,65.0,-0.004277664070285161,-0.004888785800940845,-0.003605303771233716
SPLN43,tierA_p95,B cells,emt_ecm,N4,65.0,70.0,-0.0042838390154146125,-0.005038152383333694,-0.00347681817071411
SPLN43,tierA_p95,B cells,emt_ecm,N4,70.0,75.0,-0.004310028117890889,-0.005098940281896194,-0.003429217324600397
SPLN43,tierA_p95,B cells,emt_ecm,N4,75.0,80.0,-0.004247695943531383,-0.005182357998847995,-0.0031495506200005536
SPLN43,tierA_p95,B cells,emt_ecm,N4,80.0,85.0,-0.004275920196166467,-0.005277705165281428,-0.003024387229840396
SPLN43,tierA_p95,B cells,emt_ecm,N4,85.0,90.0,-0.004266669303802649,-0.005321651918120715,-0.002938854055729108
SPLN43,tierA_p95,B cells,emt_ecm,N4,90.0,95.0,-0.004254146151177958,-0.005440567031561284,-0.0027629738463536414
SPLN43,tierA_p95,B cells,emt_ecm,N4,95.0,100.0,-0.00409238323262782,-0.004739532666227476,-0.0032486661098139885
SPLN43,tierA_p95,B cells,il6_jak_stat3,N4,0.0,5.0,0.0018015856455119623,0.0013363606630734648,0.0022663592825922624
SPLN43,tierA_p95,B cells,il6_jak_stat3,N4,5.0,10.0,0.0017940681761223893,0.001537502227390544,0.0020828040068528483
SPLN43,tierA_p95,B cells,il6_jak_stat3,N4,10.0,15.0,0.0018009234377759941,0.0015781144423635412,0.0020017983733250505
SPLN43,tierA_p95,B cells,il6_jak_stat3,N4,15.0,20.0,0.0018013260922466966,0.0015896724848414596,0.0020072650820076293
SPLN43,tierA_p95,B cells,il6_jak_stat3,N4,20.0,25.0,0.0017956660561516838,0.0015652951882686593,0.002015796069838318
SPLN43,tierA_p95,B cells,il6_jak_stat3,N4,25.0,30.0,0.0017850481742568464,0.001520288106855436,0.0020621442608458364
SPLN43,tierA_p95,B cells,il6_jak_stat3,N4,30.0,35.0,0.0017823775967903493,0.001496060338434368,0.002070975297153569
SPLN43,tierA_p95,B cells,il6_jak_stat3,N4,35.0,40.0,0.0017753238438994524,0.0014491990813796408,0.002115470348461338
SPLN43,tierA_p95,B cells,il6_jak_stat3,N4,40.0,45.0,0.0017800900267406687,0.0013351967993604258,0.002212759649481069
SPLN43,tierA_p95,B cells,il6_jak_stat3,N4,45.0,50.0,0.0017591764390306368,0.0012496225230649665,0.002279325408320542
SPLN43,tierA_p95,B cells,il6_jak_stat3,N4,50.0,55.0,0.001773716794284709,0.0011667808406571887,0.002387288058625944
SPLN43,tierA_p95,B cells,il6_jak_stat3,N4,55.0,60.0,0.0018162829506916652,0.0010159735906439004,0.002578573590145592
SPLN43,tierA_p95,B cells,il6_jak_stat3,N4,60.0,65.0,0.0017805544830948046,0.0009080522903556674,0.0027131040115510045
SPLN43,tierA_p95,B cells,il6_jak_stat3,N4,65.0,70.0,0.0017839921200529863,0.0007887222908269689,0.0027853970885614366
SPLN43,tierA_p95,B cells,il6_jak_stat3,N4,70.0,75.0,0.0017214932688386327,0.0004830149145268668,0.0028640190363375625
SPLN43,tierA_p95,B cells,il6_jak_stat3,N4,75.0,80.0,0.001675180796954825,0.000274435889394,0.002927818986475877
SPLN43,tierA_p95,B cells,il6_jak_stat3,N4,80.0,85.0,0.001701501164806932,0.00027890467617342835,0.003136687854435097
SPLN43,tierA_p95,B cells,il6_jak_stat3,N4,85.0,90.0,0.0018036791091735887,0.00040712590249081303,0.0034611425186503197
SPLN43,tierA_p95,B cells,il6_jak_stat3,N4,90.0,95.0,0.001783559205258826,0.0002307959766423444,0.003377320569910567
SPLN43,tierA_p95,B cells,il6_jak_stat3,N4,95.0,100.0,0.0016879021728371524,0.0011660426806602935,0.002064866358951743
SPLN43,tierA_p95,B cells,interferon_response,N4,0.0,5.0,0.006926243225254266,0.006548895349193978,0.00729035698418995
SPLN43,tierA_p95,B cells,interferon_response,N4,5.0,10.0,0.0069189154701363425,0.006699749518237654,0.007140396682355979
SPLN43,tierA_p95,B cells,interferon_response,N4,10.0,15.0,0.006909895505192527,0.006708493821864785,0.007084267338116141
SPLN43,tierA_p95,B cells,interferon_response,N4,15.0,20.0,0.006918258432669896,0.006734034977518778,0.007113962946806868
SPLN43,tierA_p95,B cells,interferon_response,N4,20.0,25.0,0.006903772229638219,0.006715385119477679,0.007092821270801589
SPLN43,tierA_p95,B cells,interferon_response,N4,25.0,30.0,0.006904427303568405,0.006686306410940674,0.0071236846715627316
SPLN43,tierA_p95,B cells,interferon_response,N4,30.0,35.0,0.006909038910716404,0.006656034566648708,0.007137468956893111
SPLN43,tierA_p95,B cells,interferon_response,N4,35.0,40.0,0.006897362702744499,0.006593900246987435,0.007174669000715091
SPLN43,tierA_p95,B cells,interferon_response,N4,40.0,45.0,0.006919522683360737,0.0065542506630894325,0.007268014462786794
SPLN43,tierA_p95,B cells,interferon_response,N4,45.0,50.0,0.00692379538002082,0.006451057515249447,0.007371884593452951
SPLN43,tierA_p95,B cells,interferon_response,N4,50.0,55.0,0.006928246319800586,0.0064370086009441834,0.007463197873597479
SPLN43,tierA_p95,B cells,interferon_response,N4,55.0,60.0,0.006969588406073253,0.006321056201995247,0.007600380083626062
SPLN43,tierA_p95,B cells,interferon_response,N4,60.0,65.0,0.006958393291022825,0.006159516897801529,0.00777419331207475
SPLN43,tierA_p95,B cells,interferon_response,N4,65.0,70.0,0.0069527515348778435,0.006039176313602287,0.007820894206997485
SPLN43,tierA_p95,B cells,interferon_response,N4,70.0,75.0,0.0069379963688683925,0.005950745493850918,0.008019275005815264
SPLN43,tierA_p95,B cells,interferon_response,N4,75.0,80.0,0.006972450991953997,0.005765917473829476,0.008199185771121964
SPLN43,tierA_p95,B cells,interferon_response,N4,80.0,85.0,0.007003981621763222,0.005768239002837264,0.008249201067164714
SPLN43,tierA_p95,B cells,interferon_response,N4,85.0,90.0,0.007056650140009986,0.005752803850430788,0.008346414575999144
SPLN43,tierA_p95,B cells,interferon_response,N4,90.0,95.0,0.007053306313409592,0.005767799954388449,0.008575809682900044
SPLN43,tierA_p95,B cells,interferon_response,N4,95.0,100.0,0.0070454977943289945,0.006673786416698394,0.0073608422499151
SPLN43,tierA_p95,B cells,oxidative_stress,N4,0.0,5.0,0.00812070945678118,0.007425819258085868,0.008915826779601456
SPLN43,tierA_p95,B cells,oxidative_stress,N4,5.0,10.0,0.008134293382693336,0.007659307494929276,0.008624255541713954
SPLN43,tierA_p95,B cells,oxidative_stress,N4,10.0,15.0,0.008139039717583252,0.007773189841228452,0.008533569694284076
SPLN43,tierA_p95,B cells,oxidative_stress,N4,15.0,20.0,0.00814394375962926,0.007785066801353502,0.008507379750705658
SPLN43,tierA_p95,B cells,oxidative_stress,N4,20.0,25.0,0.008124850970082488,0.0077452097598354076,0.008532828784001524
SPLN43,tierA_p95,B cells,oxidative_stress,N4,25.0,30.0,0.008104504628039029,0.007659889428552818,0.008484208999864606
SPLN43,tierA_p95,B cells,oxidative_stress,N4,30.0,35.0,0.008085830972142428,0.007556909707690493,0.008637875453797631
SPLN43,tierA_p95,B cells,oxidative_stress,N4,35.0,40.0,0.008098873521745454,0.007485728156289444,0.008720896303990224
SPLN43,tierA_p95,B cells,oxidative_stress,N4,40.0,45.0,0.008105512902046353,0.007292311871058558,0.008865000308713367
SPLN43,tierA_p95,B cells,oxidative_stress,N4,45.0,50.0,0.008078770673038806,0.007070977562268957,0.009078331639171185
SPLN43,tierA_p95,B cells,oxidative_stress,N4,50.0,55.0,0.008127074475220042,0.0069027687301795575,0.009268470893043262
SPLN43,tierA_p95,B cells,oxidative_stress,N4,55.0,60.0,0.008084043150915281,0.006622101434695985,0.009417080500774524
SPLN43,tierA_p95,B cells,oxidative_stress,N4,60.0,65.0,0.008169327099866288,0.006547488369792339,0.009709992122104712
SPLN43,tierA_p95,B cells,oxidative_stress,N4,65.0,70.0,0.008004451623769901,0.006057804451797819,0.009921304035784622
SPLN43,tierA_p95,B cells,oxidative_stress,N4,70.0,75.0,0.008076630802287757,0.005890119087138394,0.010029377327547507
SPLN43,tierA_p95,B cells,oxidative_stress,N4,75.0,80.0,0.007990956122593,0.005386211756003826,0.010464035359314379
SPLN43,tierA_p95,B cells,oxidative_stress,N4,80.0,85.0,0.007958605228723317,0.005464432187003899,0.010339206304420513
SPLN43,tierA_p95,B cells,oxidative_stress,N4,85.0,90.0,0.008018267413412189,0.004824519522913357,0.010488150642073233
SPLN43,tierA_p95,B cells,oxidative_stress,N4,90.0,95.0,0.007989145127218857,0.004718179977655196,0.0108036940098974
SPLN43,tierA_p95,B cells,oxidative_stress,N4,95.0,100.0,0.007657247667109318,0.006102753485539433,0.008482482257108846
SPLN43,tierA_p95,B cells,secondary_senescence,N4,0.0,5.0,-0.004101435160938852,-0.004353910328158331,-0.0038274404023250696
SPLN43,tierA_p95,B cells,secondary_senescence,N4,5.0,10.0,-0.004095033907667117,-0.004233289259041581,-0.003930952835574594
SPLN43,tierA_p95,B cells,secondary_senescence,N4,10.0,15.0,-0.00410763948586529,-0.0042305798612693405,-0.003966648245475729
SPLN43,tierA_p95,B cells,secondary_senescence,N4,15.0,20.0,-0.004102728067735823,-0.00421224907448546,-0.0039644213632434935
SPLN43,tierA_p95,B cells,secondary_senescence,N4,20.0,25.0,-0.004102595799374918,-0.00422609417594086,-0.003962373241159492
SPLN43,tierA_p95,B cells,secondary_senescence,N4,25.0,30.0,-0.0041089414342218985,-0.004236679827257475,-0.003960423189554475
SPLN43,tierA_p95,B cells,secondary_senescence,N4,30.0,35.0,-0.0041097729144869205,-0.004263090756539737,-0.0039497961178001405
SPLN43,tierA_p95,B cells,secondary_senescence,N4,35.0,40.0,-0.004114449287573206,-0.004304075672587327,-0.003906321844966307
SPLN43,tierA_p95,B cells,secondary_senescence,N4,40.0,45.0,-0.004128138623844982,-0.004360148922887238,-0.003882936208417274
SPLN43,tierA_p95,B cells,secondary_senescence,N4,45.0,50.0,-0.004133093706310252,-0.004423158630076961,-0.0038300231095893334
SPLN43,tierA_p95,B cells,secondary_senescence,N4,50.0,55.0,-0.004136743871617476,-0.004498512885482122,-0.00373003165538007
SPLN43,tierA_p95,B cells,secondary_senescence,N4,55.0,60.0,-0.004142137820052527,-0.004560886471203447,-0.0036883529319468714
SPLN43,tierA_p95,B cells,secondary_senescence,N4,60.0,65.0,-0.0041511722988489454,-0.004571135418848901,-0.0036321529725592745
SPLN43,tierA_p95,B cells,secondary_senescence,N4,65.0,70.0,-0.004147787479557376,-0.004727554250665173,-0.0035786641582059233
SPLN43,tierA_p95,B cells,secondary_senescence,N4,70.0,75.0,-0.004149475272147501,-0.004719080635171223,-0.0033769652354732685
SPLN43,tierA_p95,B cells,secondary_senescence,N4,75.0,80.0,-0.004140652532591978,-0.0047626423940576885,-0.0033334472857188815
SPLN43,tierA_p95,B cells,secondary_senescence,N4,80.0,85.0,-0.004131837514218823,-0.004887057679975419,-0.0031953136168028965
SPLN43,tierA_p95,B cells,secondary_senescence,N4,85.0,90.0,-0.004138766824820034,-0.004868259297166704,-0.00326207529823035
SPLN43,tierA_p95,B cells,secondary_senescence,N4,90.0,95.0,-0.004114910204063218,-0.004964415017661153,-0.0029460480502416014
SPLN43,tierA_p95,B cells,secondary_senescence,N4,95.0,100.0,-0.004078478324856441,-0.004359743150666702,-0.0036114399511769377
SPLN43,tierA_p95,B cells,tnfa_nfkb_proximal,N4,0.0,5.0,-0.0006063217063765585,-0.0008946261599493267,-0.0003232523526802242
SPLN43,tierA_p95,B cells,tnfa_nfkb_proximal,N4,5.0,10.0,-0.0005924123695361113,-0.0007490483245293278,-0.00042939689951764496
SPLN43,tierA_p95,B cells,tnfa_nfkb_proximal,N4,10.0,15.0,-0.0005922961175214006,-0.000731363463420001,-0.0004470297541884322
SPLN43,tierA_p95,B cells,tnfa_nfkb_proximal,N4,15.0,20.0,-0.0005962899560031816,-0.0007364102907285682,-0.00045932604614835014
SPLN43,tierA_p95,B cells,tnfa_nfkb_proximal,N4,20.0,25.0,-0.000598555380414085,-0.000727700695828956,-0.0004532649519248268
SPLN43,tierA_p95,B cells,tnfa_nfkb_proximal,N4,25.0,30.0,-0.0005984734998529921,-0.000763755268681066,-0.0004401067942614405
SPLN43,tierA_p95,B cells,tnfa_nfkb_proximal,N4,30.0,35.0,-0.0006073647401488156,-0.0008010576058558089,-0.00042772679874775556
SPLN43,tierA_p95,B cells,tnfa_nfkb_proximal,N4,35.0,40.0,-0.0006101881517563052,-0.0008407015112447415,-0.000388014894331802
SPLN43,tierA_p95,B cells,tnfa_nfkb_proximal,N4,40.0,45.0,-0.0006021787190342311,-0.0008655339456068829,-0.0003509653367402733
SPLN43,tierA_p95,B cells,tnfa_nfkb_proximal,N4,45.0,50.0,-0.0006079152489684403,-0.0009468678673305079,-0.0002581597879686554
SPLN43,tierA_p95,B cells,tnfa_nfkb_proximal,N4,50.0,55.0,-0.0006092040779563658,-0.0010354399078072514,-0.00019238112679274608
SPLN43,tierA_p95,B cells,tnfa_nfkb_proximal,N4,55.0,60.0,-0.0006181151926044566,-0.0011385455853693165,-0.00010976853276980395
SPLN43,tierA_p95,B cells,tnfa_nfkb_proximal,N4,60.0,65.0,-0.0006235071793491099,-0.0012296366200292574,-7.095067015666705e-05
SPLN43,tierA_p95,B cells,tnfa_nfkb_proximal,N4,65.0,70.0,-0.0006416850968680825,-0.00130553552538251,-2.6033852978335072e-05
SPLN43,tierA_p95,B cells,tnfa_nfkb_proximal,N4,70.0,75.0,-0.0006516444339189569,-0.0015289086202599847,7.984668082905526e-05
SPLN43,tierA_p95,B cells,tnfa_nfkb_proximal,N4,75.0,80.0,-0.0006463277360488522,-0.0015697782518023556,0.00019018616684796314
SPLN43,tierA_p95,B cells,tnfa_nfkb_proximal,N4,80.0,85.0,-0.0006063521899209439,-0.001531001115423785,0.000273796591399231
SPLN43,tierA_p95,B cells,tnfa_nfkb_proximal,N4,85.0,90.0,-0.0006122720583373832,-0.0015429193033184012,0.0004349589000598853
SPLN43,tierA_p95,B cells,tnfa_nfkb_proximal,N4,90.0,95.0,-0.0006204412332100111,-0.0017122982290304037,0.00045863543974545505
SPLN43,tierA_p95,B cells,tnfa_nfkb_proximal,N4,95.0,100.0,-0.0007085713652581377,-0.001059003248900525,-0.0004972466522678943
SPLN44,tierAmg_p95,B cells,downstream_arrest,N1,0.0,5.0,0.009931134653614468,0.009534267924973961,0.010327326827733262
SPLN44,tierAmg_p95,B cells,downstream_arrest,N1,5.0,10.0,0.010605758610335666,0.010379715503422553,0.010806948076389508
SPLN44,tierAmg_p95,B cells,downstream_arrest,N1,10.0,15.0,0.010336763737122858,0.01013944199976542,0.010535025136509304
SPLN44,tierAmg_p95,B cells,downstream_arrest,N1,15.0,20.0,0.009967023236266232,0.009744926367669837,0.01019811595119131
SPLN44,tierAmg_p95,B cells,downstream_arrest,N1,20.0,25.0,0.009502142504040453,0.009245838868840514,0.009770336025134954
SPLN44,tierAmg_p95,B cells,downstream_arrest,N1,25.0,30.0,0.00888669108284498,0.008511190920316948,0.009275139339478317
SPLN44,tierAmg_p95,B cells,downstream_arrest,N1,30.0,35.0,0.008228700133124574,0.007704014179529793,0.008768183920057194
SPLN44,tierAmg_p95,B cells,downstream_arrest,N1,35.0,40.0,0.007587963763091966,0.006840504095736938,0.008360297919375486
SPLN44,tierAmg_p95,B cells,downstream_arrest,N1,40.0,45.0,0.007053363292056133,0.005978183440672829,0.008088559952862824
SPLN44,tierAmg_p95,B cells,downstream_arrest,N1,45.0,50.0,0.006727435114773014,0.00540597699089137,0.008239530004466011
SPLN44,tierAmg_p95,B cells,downstream_arrest,N1,50.0,55.0,0.006497078990356629,0.004448800050313042,0.008383434963782452
SPLN44,tierAmg_p95,B cells,downstream_arrest,N1,55.0,60.0,0.006408331069583719,0.0035505711928880443,0.00899836792591876
SPLN44,tierAmg_p95,B cells,downstream_arrest,N1,60.0,65.0,0.006675131042560094,0.00294268128683143,0.01073529056219976
SPLN44,tierAmg_p95,B cells,downstream_arrest,N1,65.0,70.0,0.006894590050887771,0.0012694833624967334,0.01290100154590429
SPLN44,tierAmg_p95,B cells,downstream_arrest,N1,70.0,75.0,0.007325271282864645,-0.000958414216708791,0.01663674993033055
SPLN44,tierAmg_p95,B cells,downstream_arrest,N1,75.0,80.0,0.006883105153968783,-0.005996979268578191,0.019837812156765722
SPLN44,tierAmg_p95,B cells,downstream_arrest,N1,80.0,85.0,0.0069870804992414005,-0.006705000111833215,0.023607500270009046
SPLN44,tierAmg_p95,B cells,downstream_arrest,N1,85.0,90.0,0.00691024682931792,-0.010029999539256096,0.023844166953737547
SPLN44,tierAmg_p95,B cells,downstream_arrest,N1,90.0,95.0,0.005838417603505786,-0.01140000019222498,0.025264499383047027
SPLN44,tierAmg_p95,B cells,downstream_arrest,N1,95.0,100.0,0.005358876155368877,-0.01140000019222498,0.01701966693314413
SPLN44,tierAmg_p95,B cells,emt_ecm,N1,0.0,5.0,-0.006350995787483441,-0.006776404842728572,-0.005878066993440446
SPLN44,tierAmg_p95,B cells,emt_ecm,N1,5.0,10.0,-0.006784993447751355,-0.007065226808594045,-0.006523822232326159
SPLN44,tierAmg_p95,B cells,emt_ecm,N1,10.0,15.0,-0.006636803224262961,-0.006866740564764811,-0.006396607410773527
SPLN44,tierAmg_p95,B cells,emt_ecm,N1,15.0,20.0,-0.006336727607127333,-0.006579183455471561,-0.006067237035133966
SPLN44,tierAmg_p95,B cells,emt_ecm,N1,20.0,25.0,-0.005982362301119377,-0.006307659612779055,-0.005646839930679086
SPLN44,tierAmg_p95,B cells,emt_ecm,N1,25.0,30.0,-0.00555506451437588,-0.005970665057937013,-0.005077011151140697
SPLN44,tierAmg_p95,B cells,emt_ecm,N1,30.0,35.0,-0.005124609448861907,-0.005779596246727168,-0.004445973168799525
SPLN44,tierAmg_p95,B cells,emt_ecm,N1,35.0,40.0,-0.004847177498980917,-0.005779847620423787,-0.0038669830736769483
SPLN44,tierAmg_p95,B cells,emt_ecm,N1,40.0,45.0,-0.00476204606885424,-0.006106609276493915,-0.0034076653324740967
SPLN44,tierAmg_p95,B cells,emt_ecm,N1,45.0,50.0,-0.004873290504485916,-0.006675079412797804,-0.002847947877954646
SPLN44,tierAmg_p95,B cells,emt_ecm,N1,50.0,55.0,-0.005388502226846225,-0.00789770075408388,-0.0027304627062721227
SPLN44,tierAmg_p95,B cells,emt_ecm,N1,55.0,60.0,-0.005960886629420687,-0.009297589126900225,-0.002066012012630286
SPLN44,tierAmg_p95,B cells,emt_ecm,N1,60.0,65.0,-0.006852435683914504,-0.011273029996011937,-0.0012736613765203734
SPLN44,tierAmg_p95,B cells,emt_ecm,N1,65.0,70.0,-0.007586483720624061,-0.012751031409292905,0.0005218070449865793
SPLN44,tierAmg_p95,B cells,emt_ecm,N1,70.0,75.0,-0.008019604078049447,-0.015047249881899916,0.0029874166368244917
SPLN44,tierAmg_p95,B cells,emt_ecm,N1,75.0,80.0,-0.00809005860197741,-0.016459999606013298,0.008976458146207733
SPLN44,tierAmg_p95,B cells,emt_ecm,N1,80.0,85.0,-0.007963102703566946,-0.01725549972616136,0.010540000163018703
SPLN44,tierAmg_p95,B cells,emt_ecm,N1,85.0,90.0,-0.009432380319369387,-0.017980000004172325,0.009920000098645687
SPLN44,tierAmg_p95,B cells,emt_ecm,N1,90.0,95.0,-0.007923916654076955,-0.017400000244379044,0.010557250119745716
SPLN44,tierAmg_p95,B cells,emt_ecm,N1,95.0,100.0,-0.0045174885136288825,-0.016335999872535468,0.009920000098645687
SPLN44,tierAmg_p95,B cells,il6_jak_stat3,N1,0.0,5.0,0.008846488959259572,0.008248091609356875,0.009408427596279682
SPLN44,tierAmg_p95,B cells,il6_jak_stat3,N1,5.0,10.0,0.008635307860530222,0.008318358650856967,0.008940092492139918
SPLN44,tierAmg_p95,B cells,il6_jak_stat3,N1,10.0,15.0,0.008857134547206567,0.008556981964024685,0.009158548752165494
SPLN44,tierAmg_p95,B cells,il6_jak_stat3,N1,15.0,20.0,0.009086790525508428,0.008767459005247074,0.009427445229797316
SPLN44,tierAmg_p95,B cells,il6_jak_stat3,N1,20.0,25.0,0.009438199821567603,0.00905487469419501,0.009834269065062923
SPLN44,tierAmg_p95,B cells,il6_jak_stat3,N1,25.0,30.0,0.009855017466796066,0.009311675718321118,0.01040172470869206
SPLN44,tierAmg_p95,B cells,il6_jak_stat3,N1,30.0,35.0,0.010258765824571178,0.00942771055028601,0.011050236586689261
SPLN44,tierAmg_p95,B cells,il6_jak_stat3,N1,35.0,40.0,0.010487795597511557,0.009420045929397559,0.011574484832260657
SPLN44,tierAmg_p95,B cells,il6_jak_stat3,N1,40.0,45.0,0.010783237852360529,0.009306981224826018,0.012221166840226678
SPLN44,tierAmg_p95,B cells,il6_jak_stat3,N1,45.0,50.0,0.010822546377914272,0.008674852881589255,0.012999343980698524
SPLN44,tierAmg_p95,B cells,il6_jak_stat3,N1,50.0,55.0,0.01082865009157989,0.007529206343633806,0.014246212162561249
SPLN44,tierAmg_p95,B cells,il6_jak_stat3,N1,55.0,60.0,0.01052001387920177,0.005911956941196416,0.015591176003229824
SPLN44,tierAmg_p95,B cells,il6_jak_stat3,N1,60.0,65.0,0.010361585640609579,0.0039394010964056685,0.01727187528806098
SPLN44,tierAmg_p95,B cells,il6_jak_stat3,N1,65.0,70.0,0.010077884973284372,-0.0002062919971649534,0.02126385007868521
SPLN44,tierAmg_p95,B cells,il6_jak_stat3,N1,70.0,75.0,0.010415808056095934,-0.003053374879735721,0.025619125220691787
SPLN44,tierAmg_p95,B cells,il6_jak_stat3,N1,75.0,80.0,0.00987212823677809,-0.010419791884487495,0.03289874984572331
SPLN44,tierAmg_p95,B cells,il6_jak_stat3,N1,80.0,85.0,0.008485245366979276,-0.014689999632537365,0.0345949998125434
SPLN44,tierAmg_p95,B cells,il6_jak_stat3,N1,85.0,90.0,0.009355397680755861,-0.014689999632537365,0.03866524915210904
SPLN44,tierAmg_p95,B cells,il6_jak_stat3,N1,90.0,95.0,0.008881632039110384,-0.014689999632537365,0.046470001339912415
SPLN44,tierAmg_p95,B cells,il6_jak_stat3,N1,95.0,100.0,0.006218562767055578,-0.014689999632537365,0.030255999416112886
SPLN44,tierAmg_p95,B cells,interferon_response,N1,0.0,5.0,0.012863901114215903,0.01238219046379648,0.013328517160283037
SPLN44,tierAmg_p95,B cells,interferon_response,N1,5.0,10.0,0.012815082460372825,0.012566057462017916,0.013071215994368448
SPLN44,tierAmg_p95,B cells,interferon_response,N1,10.0,15.0,0.01292067668860024,0.012675535085335367,0.013157506650816246
SPLN44,tierAmg_p95,B cells,interferon_response,N1,15.0,20.0,0.013096134306480123,0.01283086565813147,0.013349062632313415
SPLN44,tierAmg_p95,B cells,interferon_response,N1,20.0,25.0,0.01330002198295476,0.012974271098633425,0.013617325415100726
SPLN44,tierAmg_p95,B cells,interferon_response,N1,25.0,30.0,0.013565848110778357,0.0131285890083628,0.014003280541096135
SPLN44,tierAmg_p95,B cells,interferon_response,N1,30.0,35.0,0.013809630294763293,0.013253548531233074,0.014419278671841085
SPLN44,tierAmg_p95,B cells,interferon_response,N1,35.0,40.0,0.013997750209692624,0.013089493290212686,0.014880127555470721
SPLN44,tierAmg_p95,B cells,interferon_response,N1,40.0,45.0,0.014150150118950572,0.012965033283234376,0.015433497770653488
SPLN44,tierAmg_p95,B cells,interferon_response,N1,45.0,50.0,0.014243927164749674,0.012456318607107254,0.01613144979192015
SPLN44,tierAmg_p95,B cells,interferon_response,N1,50.0,55.0,0.014155825764978616,0.011442133871292991,0.01686908066156642
SPLN44,tierAmg_p95,B cells,interferon_response,N1,55.0,60.0,0.013961317282408084,0.010251804648550739,0.01790391161044062
SPLN44,tierAmg_p95,B cells,interferon_response,N1,60.0,65.0,0.014124226878132227,0.00822912975966294,0.01957998098518926
SPLN44,tierAmg_p95,B cells,interferon_response,N1,65.0,70.0,0.014080610924180061,0.00545019287186305,0.023286350241264284
SPLN44,tierAmg_p95,B cells,interferon_response,N1,70.0,75.0,0.014218128889926936,0.0032877501216717064,0.027901530932285826
SPLN44,tierAmg_p95,B cells,interferon_response,N1,75.0,80.0,0.014323749041676426,-0.0027193749556317925,0.035945625277236104
SPLN44,tierAmg_p95,B cells,interferon_response,N1,80.0,85.0,0.014657066676378616,-0.006727499891712796,0.04402000084519386
SPLN44,tierAmg_p95,B cells,interferon_response,N1,85.0,90.0,0.014782914452377354,-0.0051299999468028545,0.03909999877214432
SPLN44,tierAmg_p95,B cells,interferon_response,N1,90.0,95.0,0.013381940325922933,-0.006218875186095828,0.03851437603589145
SPLN44,tierAmg_p95,B cells,interferon_response,N1,95.0,100.0,0.011009714535771148,-0.003377333271782843,0.030789999291300774
SPLN44,tierAmg_p95,B cells,oxidative_stress,N1,0.0,5.0,0.01858730180791125,0.017577517704527767,0.019562938188805588
SPLN44,tierAmg_p95,B cells,oxidative_stress,N1,5.0,10.0,0.018844673801167396,0.018348177330722543,0.01934442884226442
SPLN44,tierAmg_p95,B cells,oxidative_stress,N1,10.0,15.0,0.018795565527048044,0.018336414071991942,0.019225995066965505
SPLN44,tierAmg_p95,B cells,oxidative_stress,N1,15.0,20.0,0.018819067861370033,0.01832813724788865,0.01928862108492385
SPLN44,tierAmg_p95,B cells,oxidative_stress,N1,20.0,25.0,0.01878392118925584,0.01813617378262226,0.019390780653226893
SPLN44,tierAmg_p95,B cells,oxidative_stress,N1,25.0,30.0,0.018756055084185465,0.01800261306315899,0.019534104556703343
SPLN44,tierAmg_p95,B cells,oxidative_stress,N1,30.0,35.0,0.018614708461665477,0.017518902256505407,0.01971452186455605
SPLN44,tierAmg_p95,B cells,oxidative_stress,N1,35.0,40.0,0.01854865396378735,0.01698044777903779,0.020040234470002256
SPLN44,tierAmg_p95,B cells,oxidative_stress,N1,40.0,45.0,0.01818175929241776,0.01587493986686896,0.020683756259761668
SPLN44,tierAmg_p95,B cells,oxidative_stress,N1,45.0,50.0,0.01793015732120999,0.014617617628782827,0.02118709597752462
SPLN44,tierAmg_p95,B cells,oxidative_stress,N1,50.0,55.0,0.017371458039863973,0.01223067235383886,0.022293900799855968
SPLN44,tierAmg_p95,B cells,oxidative_stress,N1,55.0,60.0,0.01686318420773301,0.009356727267090387,0.024403618117671683
SPLN44,tierAmg_p95,B cells,oxidative_stress,N1,60.0,65.0,0.016060165999838866,0.005832473392767411,0.0262703625346694
SPLN44,tierAmg_p95,B cells,oxidative_stress,N1,65.0,70.0,0.016705272566000316,0.0013846270762639637,0.03280803728441242
SPLN44,tierAmg_p95,B cells,oxidative_stress,N1,70.0,75.0,0.01574466833711557,-0.0068492855643853545,0.037508575014944666
SPLN44,tierAmg_p95,B cells,oxidative_stress,N1,75.0,80.0,0.017032683381234866,-0.012000624963548034,0.05029624979943037
SPLN44,tierAmg_p95,B cells,oxidative_stress,N1,80.0,85.0,0.016603295721792255,-0.017650000751018524,0.06026000156998634
SPLN44,tierAmg_p95,B cells,oxidative_stress,N1,85.0,90.0,0.016924094242766047,-0.020142999943345785,0.06026000156998634
SPLN44,tierAmg_p95,B cells,oxidative_stress,N1,90.0,95.0,0.018252973231829225,-0.01779000088572502,0.0632999986410141
SPLN44,tierAmg_p95,B cells,oxidative_stress,N1,95.0,100.0,0.017690031109526713,-0.006653999863192439,0.051045000553131104
SPLN44,tierAmg_p95,B cells,secondary_senescence,N1,0.0,5.0,-0.005322496465067913,-0.005648179746395522,-0.005002421122212341
SPLN44,tierAmg_p95,B cells,secondary_senescence,N1,5.0,10.0,-0.005597819929896795,-0.005772136801370765,-0.005420221416448488
SPLN44,tierAmg_p95,B cells,secondary_senescence,N1,10.0,15.0,-0.005471976363932034,-0.005630312275564698,-0.005302937255508801
SPLN44,tierAmg_p95,B cells,secondary_senescence,N1,15.0,20.0,-0.005334857398834048,-0.005508816033694638,-0.005146240589047932
SPLN44,tierAmg_p95,B cells,secondary_senescence,N1,20.0,25.0,-0.005121202789376864,-0.005342467170309521,-0.004887737061253447
SPLN44,tierAmg_p95,B cells,secondary_senescence,N1,25.0,30.0,-0.00486959290685271,-0.0051634780157995405,-0.004535947386892144
SPLN44,tierAmg_p95,B cells,secondary_senescence,N1,30.0,35.0,-0.0046089652092383745,-0.005018128438052812,-0.004158782802910667
SPLN44,tierAmg_p95,B cells,secondary_senescence,N1,35.0,40.0,-0.004461587633234804,-0.005032729990979381,-0.0038399569593309895
SPLN44,tierAmg_p95,B cells,secondary_senescence,N1,40.0,45.0,-0.004318700905974263,-0.005143108558258745,-0.0035421778786805663
SPLN44,tierAmg_p95,B cells,secondary_senescence,N1,45.0,50.0,-0.004354545153566673,-0.005540078052111564,-0.0031188307556479153
SPLN44,tierAmg_p95,B cells,secondary_senescence,N1,50.0,55.0,-0.004465288201148791,-0.006172400531150981,-0.0026240833671123272
SPLN44,tierAmg_p95,B cells,secondary_senescence,N1,55.0,60.0,-0.004610908687049001,-0.007103990208956387,-0.0018219431639994153
SPLN44,tierAmg_p95,B cells,secondary_senescence,N1,60.0,65.0,-0.004897516869151529,-0.008321024981208514,-0.0013438129961729792
SPLN44,tierAmg_p95,B cells,secondary_senescence,N1,65.0,70.0,-0.005485951926348086,-0.01001776558769052,-6.982046846902807e-05
SPLN44,tierAmg_p95,B cells,secondary_senescence,N1,70.0,75.0,-0.005648055664728754,-0.012289780911669367,0.0020104833339185794
SPLN44,tierAmg_p95,B cells,secondary_senescence,N1,75.0,80.0,-0.0060297581463780265,-0.01388874981785193,0.004350000061094761
SPLN44,tierAmg_p95,B cells,secondary_senescence,N1,80.0,85.0,-0.006517103677093475,-0.014709999784827232,0.006750000175088644
SPLN44,tierAmg_p95,B cells,secondary_senescence,N1,85.0,90.0,-0.006750753839972786,-0.015522499708458782,0.00809554173029028
SPLN44,tierAmg_p95,B cells,secondary_senescence,N1,90.0,95.0,-0.007479350433757467,-0.01459837465081364,0.0072240001289172375
SPLN44,tierAmg_p95,B cells,secondary_senescence,N1,95.0,100.0,-0.008478357020038534,-0.014189999550580978,-0.0003353332790235702
SPLN44,tierAmg_p95,B cells,tnfa_nfkb_proximal,N1,0.0,5.0,-1.1752970370683509e-05,-0.00039759022892616494,0.0003628217515940209
SPLN44,tierAmg_p95,B cells,tnfa_nfkb_proximal,N1,5.0,10.0,-0.00015495006663748573,-0.0003597534565424923,4.853190245380286e-05
SPLN44,tierAmg_p95,B cells,tnfa_nfkb_proximal,N1,10.0,15.0,-7.813509864275944e-05,-0.0002928832084233669,0.00012846897430973767
SPLN44,tierAmg_p95,B cells,tnfa_nfkb_proximal,N1,15.0,20.0,4.269258683671543e-06,-0.00019658063612955758,0.00022131046779055107
SPLN44,tierAmg_p95,B cells,tnfa_nfkb_proximal,N1,20.0,25.0,0.00014827320043331226,-0.00011255726929464806,0.00039969121572750095
SPLN44,tierAmg_p95,B cells,tnfa_nfkb_proximal,N1,25.0,30.0,0.0003001513058519563,-2.618304946585554e-05,0.000637868106855442
SPLN44,tierAmg_p95,B cells,tnfa_nfkb_proximal,N1,30.0,35.0,0.0004610908463676209,2.4446325625791162e-05,0.0009472277826901024
SPLN44,tierAmg_p95,B cells,tnfa_nfkb_proximal,N1,35.0,40.0,0.0005955154159783413,-7.95467122091968e-05,0.0013016015296052885
SPLN44,tierAmg_p95,B cells,tnfa_nfkb_proximal,N1,40.0,45.0,0.0007101528567246804,-0.000301116902882845,0.0016775202051173609
SPLN44,tierAmg_p95,B cells,tnfa_nfkb_proximal,N1,45.0,50.0,0.0007896236249142882,-0.000600484727302443,0.0022840321407887553
SPLN44,tierAmg_p95,B cells,tnfa_nfkb_proximal,N1,50.0,55.0,0.0007375502726638952,-0.0014649565073011715,0.002873240635463663
SPLN44,tierAmg_p95,B cells,tnfa_nfkb_proximal,N1,55.0,60.0,0.0006611417855061819,-0.0023196628541681695,0.003994604834050667
SPLN44,tierAmg_p95,B cells,tnfa_nfkb_proximal,N1,60.0,65.0,0.0004534910419101106,-0.004241930051506642,0.005175213736539249
SPLN44,tierAmg_p95,B cells,tnfa_nfkb_proximal,N1,65.0,70.0,0.00019148888619267411,-0.0060416875410737704,0.007061116803573287
SPLN44,tierAmg_p95,B cells,tnfa_nfkb_proximal,N1,70.0,75.0,0.0006872852733196141,-0.00821480719455784,0.01127981258905493
SPLN44,tierAmg_p95,B cells,tnfa_nfkb_proximal,N1,75.0,80.0,0.0006150484584161657,-0.013495624851202592,0.01565708336905421
SPLN44,tierAmg_p95,B cells,tnfa_nfkb_proximal,N1,80.0,85.0,-0.0006100664802935671,-0.017471500020474193,0.01640999964438379
SPLN44,tierAmg_p95,B cells,tnfa_nfkb_proximal,N1,85.0,90.0,-0.0010283198675726446,-0.018219999969005585,0.016499999910593033
SPLN44,tierAmg_p95,B cells,tnfa_nfkb_proximal,N1,90.0,95.0,0.0005346141281014825,-0.018219999969005585,0.01979999989271164
SPLN44,tierAmg_p95,B cells,tnfa_nfkb_proximal,N1,95.0,100.0,0.001331937089918948,-0.018219999969005585,0.016499999910593033
SPLN44,tierAmg_p95,B cells,downstream_arrest,N3,0.0,5.0,0.009772080573751566,0.008861062676502737,0.010562141077865779
SPLN44,tierAmg_p95,B cells,downstream_arrest,N3,5.0,10.0,0.009772953482589114,0.008968987059742538,0.010400350346082601
SPLN44,tierAmg_p95,B cells,downstream_arrest,N3,10.0,15.0,0.0097812610688228,0.00906949354510651,0.010348154635017457
SPLN44,tierAmg_p95,B cells,downstream_arrest,N3,15.0,20.0,0.009777960397102211,0.009133367818157555,0.01029023745318469
SPLN44,tierAmg_p95,B cells,downstream_arrest,N3,20.0,25.0,0.009778674155087038,0.009185192184541347,0.010281936167798761
SPLN44,tierAmg_p95,B cells,downstream_arrest,N3,25.0,30.0,0.009778632615155075,0.009079731612294334,0.010327208605807603
SPLN44,tierAmg_p95,B cells,downstream_arrest,N3,30.0,35.0,0.009761527719567571,0.008986633329951095,0.010394192248450247
SPLN44,tierAmg_p95,B cells,downstream_arrest,N3,35.0,40.0,0.009760452484374795,0.008840461638425393,0.010514577484572988
SPLN44,tierAmg_p95,B cells,downstream_arrest,N3,40.0,45.0,0.00976651480183089,0.008648024058648692,0.01069308083125636
SPLN44,tierAmg_p95,B cells,downstream_arrest,N3,45.0,50.0,0.009714632434846123,0.008360600323888814,0.01093325363262381
SPLN44,tierAmg_p95,B cells,downstream_arrest,N3,50.0,55.0,0.00966071755505033,0.008016786274548347,0.011156592362379586
SPLN44,tierAmg_p95,B cells,downstream_arrest,N3,55.0,60.0,0.00960774784838042,0.0075064672109193195,0.011230788361099572
SPLN44,tierAmg_p95,B cells,downstream_arrest,N3,60.0,65.0,0.009544771890997268,0.006782572403681013,0.01147249089280241
SPLN44,tierAmg_p95,B cells,downstream_arrest,N3,65.0,70.0,0.009469848265088917,0.006510988508250464,0.01161279581909787
SPLN44,tierAmg_p95,B cells,downstream_arrest,N3,70.0,75.0,0.009472365418817697,0.006214915506806481,0.011700178643416988
SPLN44,tierAmg_p95,B cells,downstream_arrest,N3,75.0,80.0,0.009473513681252752,0.006358197231020917,0.011804588003677242
SPLN44,tierAmg_p95,B cells,downstream_arrest,N3,80.0,85.0,0.009354908264826569,0.0057300553493317445,0.011751779548263678
SPLN44,tierAmg_p95,B cells,downstream_arrest,N3,85.0,90.0,0.00941790019917019,0.005680378004789864,0.011794067408547557
SPLN44,tierAmg_p95,B cells,downstream_arrest,N3,90.0,95.0,0.009382964992064277,0.005884779050362785,0.011823484328920742
SPLN44,tierAmg_p95,B cells,downstream_arrest,N3,95.0,100.0,0.009241598341413372,0.0061649755399282935,0.011263746960445596
SPLN44,tierAmg_p95,B cells,emt_ecm,N3,0.0,5.0,-0.006236737852170734,-0.007109153274650991,-0.0049799499076309895
SPLN44,tierAmg_p95,B cells,emt_ecm,N3,5.0,10.0,-0.006229807444578045,-0.007006755059884515,-0.005165770846517493
SPLN44,tierAmg_p95,B cells,emt_ecm,N3,10.0,15.0,-0.006233701254624517,-0.006911492571137287,-0.005271566804761255
SPLN44,tierAmg_p95,B cells,emt_ecm,N3,15.0,20.0,-0.0062316376616279355,-0.006890102814558751,-0.0052652510325734625
SPLN44,tierAmg_p95,B cells,emt_ecm,N3,20.0,25.0,-0.006226156669844879,-0.006868335122725212,-0.005408692293736832
SPLN44,tierAmg_p95,B cells,emt_ecm,N3,25.0,30.0,-0.006219442920972799,-0.006902537473900533,-0.005313268486882827
SPLN44,tierAmg_p95,B cells,emt_ecm,N3,30.0,35.0,-0.0062116249832835195,-0.006982915629400825,-0.005243748540176898
SPLN44,tierAmg_p95,B cells,emt_ecm,N3,35.0,40.0,-0.00619957666101785,-0.007112675088392961,-0.005139790971586104
SPLN44,tierAmg_p95,B cells,emt_ecm,N3,40.0,45.0,-0.006204008948096245,-0.007341325145963057,-0.004802711195869477
SPLN44,tierAmg_p95,B cells,emt_ecm,N3,45.0,50.0,-0.00616624146585061,-0.007644117910366957,-0.004495037346696634
SPLN44,tierAmg_p95,B cells,emt_ecm,N3,50.0,55.0,-0.00609782125676398,-0.007772234237550657,-0.004055769919326471
SPLN44,tierAmg_p95,B cells,emt_ecm,N3,55.0,60.0,-0.006102067862304864,-0.008053897392466626,-0.003431617113682486
SPLN44,tierAmg_p95,B cells,emt_ecm,N3,60.0,65.0,-0.006046390343611749,-0.00834634096214085,-0.0028645103396939633
SPLN44,tierAmg_p95,B cells,emt_ecm,N3,65.0,70.0,-0.005904993166372133,-0.008437337131298413,-0.002066939431068177
SPLN44,tierAmg_p95,B cells,emt_ecm,N3,70.0,75.0,-0.005874079446718403,-0.008524622213082736,-0.0018560511604559368
SPLN44,tierAmg_p95,B cells,emt_ecm,N3,75.0,80.0,-0.005911337706662941,-0.008518899509855625,-0.001573228344052311
SPLN44,tierAmg_p95,B cells,emt_ecm,N3,80.0,85.0,-0.005908961371320354,-0.00875358638562895,-0.001525477566512564
SPLN44,tierAmg_p95,B cells,emt_ecm,N3,85.0,90.0,-0.005881518311823075,-0.008770563815011423,-0.0012512238362323385
SPLN44,tierAmg_p95,B cells,emt_ecm,N3,90.0,95.0,-0.005865268121512713,-0.008781274032672537,-0.0013072784493020923
SPLN44,tierAmg_p95,B cells,emt_ecm,N3,95.0,100.0,-0.005669463076747126,-0.008455039474518386,-0.0019172320442566824
SPLN44,tierAmg_p95,B cells,il6_jak_stat3,N3,0.0,5.0,0.009194332629996303,0.008188443245316698,0.010249967942052234
SPLN44,tierAmg_p95,B cells,il6_jak_stat3,N3,5.0,10.0,0.009201460373095936,0.008505514463228683,0.010033896218952542
SPLN44,tierAmg_p95,B cells,il6_jak_stat3,N3,10.0,15.0,0.009199513233845123,0.008590007451879843,0.00990978917695248
SPLN44,tierAmg_p95,B cells,il6_jak_stat3,N3,15.0,20.0,0.00919337192370903,0.008600112073195483,0.009892747577896028
SPLN44,tierAmg_p95,B cells,il6_jak_stat3,N3,20.0,25.0,0.009204469818785177,0.008622830223729894,0.009886382931485645
SPLN44,tierAmg_p95,B cells,il6_jak_stat3,N3,25.0,30.0,0.009201937595802474,0.0085452351496071,0.00992179731877522
SPLN44,tierAmg_p95,B cells,il6_jak_stat3,N3,30.0,35.0,0.009193919418247721,0.008445469817618425,0.010000826977344847
SPLN44,tierAmg_p95,B cells,il6_jak_stat3,N3,35.0,40.0,0.009219323308150664,0.008319414894874142,0.01021493208597516
SPLN44,tierAmg_p95,B cells,il6_jak_stat3,N3,40.0,45.0,0.009223784063905437,0.008104503948352491,0.010472338884959484
SPLN44,tierAmg_p95,B cells,il6_jak_stat3,N3,45.0,50.0,0.009220153747415293,0.007866013283549982,0.010651322509491504
SPLN44,tierAmg_p95,B cells,il6_jak_stat3,N3,50.0,55.0,0.009304113252181431,0.00760914195732334,0.011243591437936485
SPLN44,tierAmg_p95,B cells,il6_jak_stat3,N3,55.0,60.0,0.009330307749764432,0.00741686931443489,0.011862382418719248
SPLN44,tierAmg_p95,B cells,il6_jak_stat3,N3,60.0,65.0,0.009381193413899326,0.007226839841811181,0.012261755946245598
SPLN44,tierAmg_p95,B cells,il6_jak_stat3,N3,65.0,70.0,0.00940149913832555,0.007016723844101052,0.012833627815850113
SPLN44,tierAmg_p95,B cells,il6_jak_stat3,N3,70.0,75.0,0.009423122232338287,0.006661562886683185,0.013038162332265258
SPLN44,tierAmg_p95,B cells,il6_jak_stat3,N3,75.0,80.0,0.009442763691060233,0.006930703933584679,0.013396106501752854
SPLN44,tierAmg_p95,B cells,il6_jak_stat3,N3,80.0,85.0,0.00943085434864208,0.006553122778026011,0.01334455052332871
SPLN44,tierAmg_p95,B cells,il6_jak_stat3,N3,85.0,90.0,0.009519350574320287,0.006778442823757706,0.013788719376734796
SPLN44,tierAmg_p95,B cells,il6_jak_stat3,N3,90.0,95.0,0.009580714434471175,0.006703520366984208,0.013872092123920914
SPLN44,tierAmg_p95,B cells,il6_jak_stat3,N3,95.0,100.0,0.00962998937193197,0.007885385280842167,0.012433672758523825
SPLN44,tierAmg_p95,B cells,interferon_response,N3,0.0,5.0,0.013153410810668544,0.012423426588503806,0.013973355574231983
SPLN44,tierAmg_p95,B cells,interferon_response,N3,5.0,10.0,0.013155274758899448,0.012608683273738314,0.013724730803380448
SPLN44,tierAmg_p95,B cells,interferon_response,N3,10.0,15.0,0.0131426575677452,0.01270932714290866,0.013644470216887682
SPLN44,tierAmg_p95,B cells,interferon_response,N3,15.0,20.0,0.013152695695393297,0.012743822784173957,0.013674353728490666
SPLN44,tierAmg_p95,B cells,interferon_response,N3,20.0,25.0,0.013147934030740658,0.012681292119571955,0.013602800651840299
SPLN44,tierAmg_p95,B cells,interferon_response,N3,25.0,30.0,0.013152260800022015,0.0126877395689648,0.013658370816610923
SPLN44,tierAmg_p95,B cells,interferon_response,N3,30.0,35.0,0.01314677608756223,0.012578708634385784,0.01377398228827793
SPLN44,tierAmg_p95,B cells,interferon_response,N3,35.0,40.0,0.01317302607817275,0.012457985895350732,0.013902690288539118
SPLN44,tierAmg_p95,B cells,interferon_response,N3,40.0,45.0,0.013149438227193475,0.012294297036627008,0.014146466025767227
SPLN44,tierAmg_p95,B cells,interferon_response,N3,45.0,50.0,0.013181645024321632,0.01221042632198885,0.014382055655982199
SPLN44,tierAmg_p95,B cells,interferon_response,N3,50.0,55.0,0.013209167930922566,0.011944824174252595,0.014664281832201706
SPLN44,tierAmg_p95,B cells,interferon_response,N3,55.0,60.0,0.013251500545256301,0.0118459086792809,0.01500837163176664
SPLN44,tierAmg_p95,B cells,interferon_response,N3,60.0,65.0,0.013278779804240757,0.011565741914824117,0.015625765404965925
SPLN44,tierAmg_p95,B cells,interferon_response,N3,65.0,70.0,0.01328537578760681,0.011409457039666263,0.01554058527531937
SPLN44,tierAmg_p95,B cells,interferon_response,N3,70.0,75.0,0.01326199452294663,0.01141136611876231,0.015763281346530773
SPLN44,tierAmg_p95,B cells,interferon_response,N3,75.0,80.0,0.013360818975112161,0.011478798735264842,0.01609887868414375
SPLN44,tierAmg_p95,B cells,interferon_response,N3,80.0,85.0,0.0133228719566725,0.011388428331483898,0.016186807197835544
SPLN44,tierAmg_p95,B cells,interferon_response,N3,85.0,90.0,0.013332403674214493,0.01107247919078615,0.016388704929207017
SPLN44,tierAmg_p95,B cells,interferon_response,N3,90.0,95.0,0.01340303503362741,0.01121885149934028,0.016371722511581553
SPLN44,tierAmg_p95,B cells,interferon_response,N3,95.0,100.0,0.013412663159215112,0.012259422308323413,0.015159575339982509
SPLN44,tierAmg_p95,B cells,oxidative_stress,N3,0.0,5.0,0.018740015778287454,0.017425924660349715,0.019991819655692893
SPLN44,tierAmg_p95,B cells,oxidative_stress,N3,5.0,10.0,0.018747514962418534,0.017957560758027385,0.01950609869145145
SPLN44,tierAmg_p95,B cells,oxidative_stress,N3,10.0,15.0,0.01875249091208383,0.018065378034906134,0.019416336572312926
SPLN44,tierAmg_p95,B cells,oxidative_stress,N3,15.0,20.0,0.018740695288381563,0.018076469737339552,0.019362008386374602
SPLN44,tierAmg_p95,B cells,oxidative_stress,N3,20.0,25.0,0.01874466072926625,0.018071027197763035,0.019445484688260566
SPLN44,tierAmg_p95,B cells,oxidative_stress,N3,25.0,30.0,0.01875540114771647,0.017969559418428954,0.019527165331665302
SPLN44,tierAmg_p95,B cells,oxidative_stress,N3,30.0,35.0,0.018732040519023937,0.01773124662249454,0.01965298460345729
SPLN44,tierAmg_p95,B cells,oxidative_stress,N3,35.0,40.0,0.018733689841712853,0.017526481250600502,0.01987382277612297
SPLN44,tierAmg_p95,B cells,oxidative_stress,N3,40.0,45.0,0.018748891980330574,0.017228482563077876,0.020269765028641334
SPLN44,tierAmg_p95,B cells,oxidative_stress,N3,45.0,50.0,0.018741861137939422,0.0169912815181982,0.020522173663133893
SPLN44,tierAmg_p95,B cells,oxidative_stress,N3,50.0,55.0,0.018749413037754407,0.01641398882548111,0.02093349333037163
SPLN44,tierAmg_p95,B cells,oxidative_stress,N3,55.0,60.0,0.018821180441557752,0.01603148992157768,0.02164797085127617
SPLN44,tierAmg_p95,B cells,oxidative_stress,N3,60.0,65.0,0.018767905344735162,0.015735251281285126,0.02192854476188463
SPLN44,tierAmg_p95,B cells,oxidative_stress,N3,65.0,70.0,0.01866053013541371,0.015095780175284918,0.022067675860585334
SPLN44,tierAmg_p95,B cells,oxidative_stress,N3,70.0,75.0,0.018664234057146286,0.01503422536302947,0.02221845962463899
SPLN44,tierAmg_p95,B cells,oxidative_stress,N3,75.0,80.0,0.01857513459943237,0.014736788338762895,0.02211099717213357
SPLN44,tierAmg_p95,B cells,oxidative_stress,N3,80.0,85.0,0.018629807856170535,0.0146531703067065,0.022484542745500404
SPLN44,tierAmg_p95,B cells,oxidative_stress,N3,85.0,90.0,0.018634494543959938,0.014572107491642764,0.022715346180404203
SPLN44,tierAmg_p95,B cells,oxidative_stress,N3,90.0,95.0,0.018745262527882958,0.014686195309730104,0.02256980521202187
SPLN44,tierAmg_p95,B cells,oxidative_stress,N3,95.0,100.0,0.018632925427637913,0.01747625382614024,0.01966238340410412
SPLN44,tierAmg_p95,B cells,secondary_senescence,N3,0.0,5.0,-0.005250296458458141,-0.005799280365714559,-0.004561381588907585
SPLN44,tierAmg_p95,B cells,secondary_senescence,N3,5.0,10.0,-0.0052529150264137865,-0.005659847406997581,-0.00472858073834732
SPLN44,tierAmg_p95,B cells,secondary_senescence,N3,10.0,15.0,-0.005256968886765982,-0.005623021436447927,-0.004775704634144721
SPLN44,tierAmg_p95,B cells,secondary_senescence,N3,15.0,20.0,-0.005253504426727397,-0.00560189606348318,-0.004780459291592761
SPLN44,tierAmg_p95,B cells,secondary_senescence,N3,20.0,25.0,-0.005259207714552722,-0.005597082680651925,-0.004836464039674597
SPLN44,tierAmg_p95,B cells,secondary_senescence,N3,25.0,30.0,-0.0052580830105378095,-0.005640608781738865,-0.004810156591111972
SPLN44,tierAmg_p95,B cells,secondary_senescence,N3,30.0,35.0,-0.0052597070402714855,-0.005681788268911977,-0.004736309778556602
SPLN44,tierAmg_p95,B cells,secondary_senescence,N3,35.0,40.0,-0.005238646609068536,-0.005767477897479654,-0.0046095317396920394
SPLN44,tierAmg_p95,B cells,secondary_senescence,N3,40.0,45.0,-0.005253118923954497,-0.005897177516594601,-0.004508117575660021
SPLN44,tierAmg_p95,B cells,secondary_senescence,N3,45.0,50.0,-0.005249869322320439,-0.006029575588378624,-0.004393616339831996
SPLN44,tierAmg_p95,B cells,secondary_senescence,N3,50.0,55.0,-0.005191835909816436,-0.006186824550506879,-0.004051209105478548
SPLN44,tierAmg_p95,B cells,secondary_senescence,N3,55.0,60.0,-0.005193112472184048,-0.0062952754630207185,-0.0038152175548432973
SPLN44,tierAmg_p95,B cells,secondary_senescence,N3,60.0,65.0,-0.005148690951698779,-0.006473525714474978,-0.0032754219438831506
SPLN44,tierAmg_p95,B cells,secondary_senescence,N3,65.0,70.0,-0.005102159638371196,-0.006478295009751065,-0.003121220466157746
SPLN44,tierAmg_p95,B cells,secondary_senescence,N3,70.0,75.0,-0.005109714378818043,-0.006579187135651465,-0.002941792306831914
SPLN44,tierAmg_p95,B cells,secondary_senescence,N3,75.0,80.0,-0.005084098442824609,-0.006631118994292363,-0.002780980398377649
SPLN44,tierAmg_p95,B cells,secondary_senescence,N3,80.0,85.0,-0.005086181075708966,-0.006754375594505628,-0.002710510239816261
SPLN44,tierAmg_p95,B cells,secondary_senescence,N3,85.0,90.0,-0.005025890251602302,-0.006689619095143066,-0.002600672425097697
SPLN44,tierAmg_p95,B cells,secondary_senescence,N3,90.0,95.0,-0.005037921814159736,-0.006661805453464573,-0.002553180366551286
SPLN44,tierAmg_p95,B cells,secondary_senescence,N3,95.0,100.0,-0.004981565543802277,-0.006297775487054042,-0.003054481570233339
SPLN44,tierAmg_p95,B cells,tnfa_nfkb_proximal,N3,0.0,5.0,5.963518290241017e-05,-0.00052985655870261,0.0007197747845746582
SPLN44,tierAmg_p95,B cells,tnfa_nfkb_proximal,N3,5.0,10.0,7.393611221737251e-05,-0.0003095575367446642,0.0005121703037468498
SPLN44,tierAmg_p95,B cells,tnfa_nfkb_proximal,N3,10.0,15.0,6.408152522659405e-05,-0.0002891877857265657,0.0004991363101987314
SPLN44,tierAmg_p95,B cells,tnfa_nfkb_proximal,N3,15.0,20.0,5.6711672242308795e-05,-0.0002670208973956385,0.00043815835314530533
SPLN44,tierAmg_p95,B cells,tnfa_nfkb_proximal,N3,20.0,25.0,6.881865015117348e-05,-0.00026791069182604545,0.00046608734978667604
SPLN44,tierAmg_p95,B cells,tnfa_nfkb_proximal,N3,25.0,30.0,6.759088594969056e-05,-0.00031569096066215457,0.0004701301787272025
SPLN44,tierAmg_p95,B cells,tnfa_nfkb_proximal,N3,30.0,35.0,5.5888848469735433e-05,-0.0003313667722378819,0.0004944018832310501
SPLN44,tierAmg_p95,B cells,tnfa_nfkb_proximal,N3,35.0,40.0,6.826196168968232e-05,-0.0004584701335040997,0.0006040631817607197
SPLN44,tierAmg_p95,B cells,tnfa_nfkb_proximal,N3,40.0,45.0,6.538165686921534e-05,-0.0006376315899912873,0.0007689995289068993
SPLN44,tierAmg_p95,B cells,tnfa_nfkb_proximal,N3,45.0,50.0,6.109642024646724e-05,-0.000724353679405699,0.0009096450269286765
SPLN44,tierAmg_p95,B cells,tnfa_nfkb_proximal,N3,50.0,55.0,9.835777561172027e-05,-0.0009129168000785832,0.0012040229790442733
SPLN44,tierAmg_p95,B cells,tnfa_nfkb_proximal,N3,55.0,60.0,0.00012332175891112743,-0.0010381025877386318,0.00146501033216381
SPLN44,tierAmg_p95,B cells,tnfa_nfkb_proximal,N3,60.0,65.0,0.0001107500494496118,-0.0012621895416471596,0.001738593247609128
SPLN44,tierAmg_p95,B cells,tnfa_nfkb_proximal,N3,65.0,70.0,0.0001723781946620984,-0.0012736628149977944,0.0022010513772936966
SPLN44,tierAmg_p95,B cells,tnfa_nfkb_proximal,N3,70.0,75.0,0.00013057448282906005,-0.0013784573667985894,0.0021542288431169814
SPLN44,tierAmg_p95,B cells,tnfa_nfkb_proximal,N3,75.0,80.0,0.00018131691174803734,-0.0014551722868609833,0.002444903513933094
SPLN44,tierAmg_p95,B cells,tnfa_nfkb_proximal,N3,80.0,85.0,0.00016100788153423478,-0.0014266069745798669,0.0022368600811329764
SPLN44,tierAmg_p95,B cells,tnfa_nfkb_proximal,N3,85.0,90.0,0.00018838880244208056,-0.0014108037188845378,0.0024236265094150977
SPLN44,tierAmg_p95,B cells,tnfa_nfkb_proximal,N3,90.0,95.0,0.0001845179730025081,-0.0015094736646545908,0.002412389081665633
SPLN44,tierAmg_p95,B cells,tnfa_nfkb_proximal,N3,95.0,100.0,0.0002118589914100467,-0.000666080702789087,0.0013954570191939048
SPLN44,tierAmg_p95,B cells,downstream_arrest,N4,0.0,5.0,0.00999107210110985,0.009293407325567472,0.010656428328135983
SPLN44,tierAmg_p95,B cells,downstream_arrest,N4,5.0,10.0,0.009983892934874367,0.009402897143920973,0.010502388435435762
SPLN44,tierAmg_p95,B cells,downstream_arrest,N4,10.0,15.0,0.009984342708465477,0.009535949822423749,0.010352465244222354
SPLN44,tierAmg_p95,B cells,downstream_arrest,N4,15.0,20.0,0.00997603074777541,0.009591771276507724,0.010272027537552474
SPLN44,tierAmg_p95,B cells,downstream_arrest,N4,20.0,25.0,0.009957566352658669,0.009550733133279123,0.010283107972488988
SPLN44,tierAmg_p95,B cells,downstream_arrest,N4,25.0,30.0,0.009913998552005285,0.009301188794987862,0.010320701857738503
SPLN44,tierAmg_p95,B cells,downstream_arrest,N4,30.0,35.0,0.009863547467665821,0.008995610498313957,0.010390759278003227
SPLN44,tierAmg_p95,B cells,downstream_arrest,N4,35.0,40.0,0.009766659662311942,0.008604227099633006,0.010517338365376635
SPLN44,tierAmg_p95,B cells,downstream_arrest,N4,40.0,45.0,0.009662683083140786,0.008340845136173326,0.01072749976012246
SPLN44,tierAmg_p95,B cells,downstream_arrest,N4,45.0,50.0,0.009540149338375868,0.007900521005681496,0.010943038495314028
SPLN44,tierAmg_p95,B cells,downstream_arrest,N4,50.0,55.0,0.009422395832459551,0.007720285349057415,0.011372250348146774
SPLN44,tierAmg_p95,B cells,downstream_arrest,N4,55.0,60.0,0.009220005490305435,0.006858947332379373,0.011435701898031959
SPLN44,tierAmg_p95,B cells,downstream_arrest,N4,60.0,65.0,0.00903237194340177,0.005961890095673016,0.011868451933973881
SPLN44,tierAmg_p95,B cells,downstream_arrest,N4,65.0,70.0,0.008839583564601277,0.005456331661222996,0.01211957386022375
SPLN44,tierAmg_p95,B cells,downstream_arrest,N4,70.0,75.0,0.008625838909908581,0.004988988428752967,0.012368458085474586
SPLN44,tierAmg_p95,B cells,downstream_arrest,N4,75.0,80.0,0.008333322723844532,0.004238359095464451,0.012368216501278164
SPLN44,tierAmg_p95,B cells,downstream_arrest,N4,80.0,85.0,0.00833105677154769,0.004121635929598901,0.012381916442213788
SPLN44,tierAmg_p95,B cells,downstream_arrest,N4,85.0,90.0,0.008217856387014014,0.003952211689944532,0.012495026806178703
SPLN44,tierAmg_p95,B cells,downstream_arrest,N4,90.0,95.0,0.008202589802292192,0.0037966388578456415,0.012441524072830548
SPLN44,tierAmg_p95,B cells,downstream_arrest,N4,95.0,100.0,0.007455099356204223,0.005812506633682962,0.010526126647938134
SPLN44,tierAmg_p95,B cells,emt_ecm,N4,0.0,5.0,-0.006399953241937796,-0.007248854248359558,-0.005578647094339467
SPLN44,tierAmg_p95,B cells,emt_ecm,N4,5.0,10.0,-0.006381031346940965,-0.007021850785116325,-0.005707123329954605
SPLN44,tierAmg_p95,B cells,emt_ecm,N4,10.0,15.0,-0.006387930466190884,-0.006903206402157557,-0.00582429394747052
SPLN44,tierAmg_p95,B cells,emt_ecm,N4,15.0,20.0,-0.006370605107788125,-0.006776420938436758,-0.005916958459251714
SPLN44,tierAmg_p95,B cells,emt_ecm,N4,20.0,25.0,-0.00636078742098098,-0.006761531127006496,-0.005894408116242943
SPLN44,tierAmg_p95,B cells,emt_ecm,N4,25.0,30.0,-0.006309646645249336,-0.006812893974006305,-0.005587417786977517
SPLN44,tierAmg_p95,B cells,emt_ecm,N4,30.0,35.0,-0.006239853042729322,-0.006867446621346953,-0.005150219154476841
SPLN44,tierAmg_p95,B cells,emt_ecm,N4,35.0,40.0,-0.006141227998115377,-0.007030393133288374,-0.004821142257499074
SPLN44,tierAmg_p95,B cells,emt_ecm,N4,40.0,45.0,-0.006034114427535058,-0.007250224910872216,-0.004528611678034912
SPLN44,tierAmg_p95,B cells,emt_ecm,N4,45.0,50.0,-0.005977316817024375,-0.007704348518368177,-0.00410273564930021
SPLN44,tierAmg_p95,B cells,emt_ecm,N4,50.0,55.0,-0.00594552390081785,-0.00794343946877578,-0.0037458367120386292
SPLN44,tierAmg_p95,B cells,emt_ecm,N4,55.0,60.0,-0.005875013644829655,-0.008216570037572115,-0.00307009898263351
SPLN44,tierAmg_p95,B cells,emt_ecm,N4,60.0,65.0,-0.0057308098119644695,-0.008754695933124158,-0.0019192663772552834
SPLN44,tierAmg_p95,B cells,emt_ecm,N4,65.0,70.0,-0.00562795836457534,-0.009467055112332645,-0.0012389052170444618
SPLN44,tierAmg_p95,B cells,emt_ecm,N4,70.0,75.0,-0.005657088959937418,-0.009685930057542981,-0.0006060971247026901
SPLN44,tierAmg_p95,B cells,emt_ecm,N4,75.0,80.0,-0.005551111537436714,-0.009680394803164264,-0.0003701550157324959
SPLN44,tierAmg_p95,B cells,emt_ecm,N4,80.0,85.0,-0.005452751538783667,-0.009627425489387123,0.00013725017182939
SPLN44,tierAmg_p95,B cells,emt_ecm,N4,85.0,90.0,-0.005425418854018546,-0.010028884751771215,0.0014518928125097775
SPLN44,tierAmg_p95,B cells,emt_ecm,N4,90.0,95.0,-0.005640863727239563,-0.009973275772092826,0.0006560543725552531
SPLN44,tierAmg_p95,B cells,emt_ecm,N4,95.0,100.0,-0.004624601355416326,-0.007796821134428162,-0.002009682248488088
SPLN44,tierAmg_p95,B cells,il6_jak_stat3,N4,0.0,5.0,0.009041967961926705,0.008183340840569504,0.009938441952613212
SPLN44,tierAmg_p95,B cells,il6_jak_stat3,N4,5.0,10.0,0.009057525144340177,0.008449348729735453,0.009681185401894622
SPLN44,tierAmg_p95,B cells,il6_jak_stat3,N4,10.0,15.0,0.009048402452209175,0.008602577447938176,0.009601085181901739
SPLN44,tierAmg_p95,B cells,il6_jak_stat3,N4,15.0,20.0,0.00907612459131606,0.008683495507531518,0.009528179993637026
SPLN44,tierAmg_p95,B cells,il6_jak_stat3,N4,20.0,25.0,0.009096210850362794,0.008675385779481034,0.009566425393758031
SPLN44,tierAmg_p95,B cells,il6_jak_stat3,N4,25.0,30.0,0.009129191993468382,0.008598896425498655,0.009773850380621167
SPLN44,tierAmg_p95,B cells,il6_jak_stat3,N4,30.0,35.0,0.00917263146503341,0.008464355798891815,0.010132634552958942
SPLN44,tierAmg_p95,B cells,il6_jak_stat3,N4,35.0,40.0,0.009272399135552447,0.008323099479385657,0.010587676061957409
SPLN44,tierAmg_p95,B cells,il6_jak_stat3,N4,40.0,45.0,0.00936000960991859,0.008205582772789216,0.010878969766215342
SPLN44,tierAmg_p95,B cells,il6_jak_stat3,N4,45.0,50.0,0.009429876331579386,0.007757096114820049,0.011476016119180919
SPLN44,tierAmg_p95,B cells,il6_jak_stat3,N4,50.0,55.0,0.009562190772066397,0.007624783119759465,0.012089346092773437
SPLN44,tierAmg_p95,B cells,il6_jak_stat3,N4,55.0,60.0,0.009717928558658646,0.007369330138211074,0.01242098082691651
SPLN44,tierAmg_p95,B cells,il6_jak_stat3,N4,60.0,65.0,0.009735218204291888,0.007016288928221302,0.013242604363279157
SPLN44,tierAmg_p95,B cells,il6_jak_stat3,N4,65.0,70.0,0.009962016541572706,0.006779197491113013,0.01479414408467427
SPLN44,tierAmg_p95,B cells,il6_jak_stat3,N4,70.0,75.0,0.009881528526556445,0.00620134961650946,0.014964624950448525
SPLN44,tierAmg_p95,B cells,il6_jak_stat3,N4,75.0,80.0,0.009915858262194417,0.005935356703917361,0.015528575688511853
SPLN44,tierAmg_p95,B cells,il6_jak_stat3,N4,80.0,85.0,0.009946871589232555,0.005748621424777797,0.015751949792701714
SPLN44,tierAmg_p95,B cells,il6_jak_stat3,N4,85.0,90.0,0.009938240002422332,0.00581997518039983,0.01574139077523478
SPLN44,tierAmg_p95,B cells,il6_jak_stat3,N4,90.0,95.0,0.009905158775683733,0.0055781733323716845,0.015642884767700746
SPLN44,tierAmg_p95,B cells,il6_jak_stat3,N4,95.0,100.0,0.010422319650621887,0.00845322153011136,0.012062821009357828
SPLN44,tierAmg_p95,B cells,interferon_response,N4,0.0,5.0,0.013087468307678629,0.012428471003648864,0.013808570393938135
SPLN44,tierAmg_p95,B cells,interferon_response,N4,5.0,10.0,0.013078832701713661,0.012652829872099983,0.013576468928484927
SPLN44,tierAmg_p95,B cells,interferon_response,N4,10.0,15.0,0.013075957383648243,0.012736573542558721,0.013482386946431552
SPLN44,tierAmg_p95,B cells,interferon_response,N4,15.0,20.0,0.013070746221734786,0.012771154650733713,0.013446239275647531
SPLN44,tierAmg_p95,B cells,interferon_response,N4,20.0,25.0,0.013076443109556666,0.012764260255197354,0.013421013067191172
SPLN44,tierAmg_p95,B cells,interferon_response,N4,25.0,30.0,0.013097455571600644,0.01268845863815873,0.013535488970865676
SPLN44,tierAmg_p95,B cells,interferon_response,N4,30.0,35.0,0.01312268001499935,0.012605746808674996,0.013781277389674131
SPLN44,tierAmg_p95,B cells,interferon_response,N4,35.0,40.0,0.013170656802576276,0.01249186812565843,0.01401153203411656
SPLN44,tierAmg_p95,B cells,interferon_response,N4,40.0,45.0,0.013225724631114722,0.012364831075582597,0.014216320135961039
SPLN44,tierAmg_p95,B cells,interferon_response,N4,45.0,50.0,0.01327666830791161,0.012182644306771878,0.01446099161919295
SPLN44,tierAmg_p95,B cells,interferon_response,N4,50.0,55.0,0.01329227665909638,0.011930644296920336,0.014780850140530892
SPLN44,tierAmg_p95,B cells,interferon_response,N4,55.0,60.0,0.013412927450943034,0.0116891107355633,0.015427411248564967
SPLN44,tierAmg_p95,B cells,interferon_response,N4,60.0,65.0,0.013465143531491502,0.011258658424026282,0.016087986281197935
SPLN44,tierAmg_p95,B cells,interferon_response,N4,65.0,70.0,0.01367034048008242,0.011175708582107922,0.016904218857182112
SPLN44,tierAmg_p95,B cells,interferon_response,N4,70.0,75.0,0.013669484024926827,0.010670982427036426,0.017265570192400288
SPLN44,tierAmg_p95,B cells,interferon_response,N4,75.0,80.0,0.013787650165557408,0.010554135077365159,0.017802020830931724
SPLN44,tierAmg_p95,B cells,interferon_response,N4,80.0,85.0,0.013789021981041991,0.010351717554617945,0.017912161725331208
SPLN44,tierAmg_p95,B cells,interferon_response,N4,85.0,90.0,0.013711766478788362,0.01008189730832848,0.018084271198763466
SPLN44,tierAmg_p95,B cells,interferon_response,N4,90.0,95.0,0.013678528956030913,0.010172286154582008,0.018035782643395438
SPLN44,tierAmg_p95,B cells,interferon_response,N4,95.0,100.0,0.013920704258328516,0.0125545923199318,0.01503052557766579
SPLN44,tierAmg_p95,B cells,oxidative_stress,N4,0.0,5.0,0.018902334999318048,0.01775027123456257,0.020112793276335958
SPLN44,tierAmg_p95,B cells,oxidative_stress,N4,5.0,10.0,0.018814670059125196,0.018135412094815114,0.019493058158534856
SPLN44,tierAmg_p95,B cells,oxidative_stress,N4,10.0,15.0,0.01881881950174077,0.01821738268720258,0.019390218954979166
SPLN44,tierAmg_p95,B cells,oxidative_stress,N4,15.0,20.0,0.01881898113986434,0.01823141447098094,0.019401983128833716
SPLN44,tierAmg_p95,B cells,oxidative_stress,N4,20.0,25.0,0.01884327665277869,0.018214334531736417,0.019486397280505063
SPLN44,tierAmg_p95,B cells,oxidative_stress,N4,25.0,30.0,0.018810567093114565,0.01810726760149013,0.01949506382040102
SPLN44,tierAmg_p95,B cells,oxidative_stress,N4,30.0,35.0,0.018833070557188244,0.0179462265282201,0.019704466628507198
SPLN44,tierAmg_p95,B cells,oxidative_stress,N4,35.0,40.0,0.01878321404582372,0.017688398611791285,0.019802141800281906
SPLN44,tierAmg_p95,B cells,oxidative_stress,N4,40.0,45.0,0.018765081752611046,0.017351723992832004,0.020159892288481793
SPLN44,tierAmg_p95,B cells,oxidative_stress,N4,45.0,50.0,0.018746754656209254,0.01673657361785217,0.0205899570992944
SPLN44,tierAmg_p95,B cells,oxidative_stress,N4,50.0,55.0,0.018734155297441865,0.01623317516616909,0.02123206115993856
SPLN44,tierAmg_p95,B cells,oxidative_stress,N4,55.0,60.0,0.018670515342232897,0.015316622701295317,0.021674318264678954
SPLN44,tierAmg_p95,B cells,oxidative_stress,N4,60.0,65.0,0.018490436092175603,0.014200685296903732,0.022074865280975308
SPLN44,tierAmg_p95,B cells,oxidative_stress,N4,65.0,70.0,0.018401608527986106,0.013528213220011897,0.02298736408312955
SPLN44,tierAmg_p95,B cells,oxidative_stress,N4,70.0,75.0,0.018491146582777573,0.013100273817242323,0.02373000676144511
SPLN44,tierAmg_p95,B cells,oxidative_stress,N4,75.0,80.0,0.018389262582664927,0.012389382939498483,0.023963736761315885
SPLN44,tierAmg_p95,B cells,oxidative_stress,N4,80.0,85.0,0.0183648639568906,0.01153909282384707,0.02468071808985204
SPLN44,tierAmg_p95,B cells,oxidative_stress,N4,85.0,90.0,0.01840109317296105,0.011558071498101136,0.02446327369122574
SPLN44,tierAmg_p95,B cells,oxidative_stress,N4,90.0,95.0,0.018525974840139733,0.010994691017623888,0.025232154859206584
SPLN44,tierAmg_p95,B cells,oxidative_stress,N4,95.0,100.0,0.017440282705547545,0.01558789384718173,0.019106856194743477
SPLN44,tierAmg_p95,B cells,secondary_senescence,N4,0.0,5.0,-0.0053401521201681375,-0.005836307986735922,-0.004823324651627401
SPLN44,tierAmg_p95,B cells,secondary_senescence,N4,5.0,10.0,-0.0053359297455846345,-0.005674319522145287,-0.004974865609478941
SPLN44,tierAmg_p95,B cells,secondary_senescence,N4,10.0,15.0,-0.005347805647718986,-0.005603592452917142,-0.005023046419693515
SPLN44,tierAmg_p95,B cells,secondary_senescence,N4,15.0,20.0,-0.005334626006789635,-0.005571364081568125,-0.005072603596178157
SPLN44,tierAmg_p95,B cells,secondary_senescence,N4,20.0,25.0,-0.005320821781279081,-0.005557640442023731,-0.00502746612336982
SPLN44,tierAmg_p95,B cells,secondary_senescence,N4,25.0,30.0,-0.005305180073791872,-0.005607728692132286,-0.004933402952586445
SPLN44,tierAmg_p95,B cells,secondary_senescence,N4,30.0,35.0,-0.005259552436466774,-0.005616687745501425,-0.004691863690283794
SPLN44,tierAmg_p95,B cells,secondary_senescence,N4,35.0,40.0,-0.005229507783967984,-0.005739513813978392,-0.004525761593766155
SPLN44,tierAmg_p95,B cells,secondary_senescence,N4,40.0,45.0,-0.005167955527545199,-0.005797575296429593,-0.004311817627803897
SPLN44,tierAmg_p95,B cells,secondary_senescence,N4,45.0,50.0,-0.005134756831303827,-0.00602300392854633,-0.004071253557387178
SPLN44,tierAmg_p95,B cells,secondary_senescence,N4,50.0,55.0,-0.005108164656471008,-0.006124144984093017,-0.0039028677527989013
SPLN44,tierAmg_p95,B cells,secondary_senescence,N4,55.0,60.0,-0.005045427007428797,-0.006385516457170438,-0.003524771577395594
SPLN44,tierAmg_p95,B cells,secondary_senescence,N4,60.0,65.0,-0.005016931214780021,-0.0067008448740961506,-0.0029330607874612728
SPLN44,tierAmg_p95,B cells,secondary_senescence,N4,65.0,70.0,-0.004931998714243841,-0.00704050413133537,-0.0021511153571837564
SPLN44,tierAmg_p95,B cells,secondary_senescence,N4,70.0,75.0,-0.0048761019223310985,-0.0071858231855944504,-0.001977079965735264
SPLN44,tierAmg_p95,B cells,secondary_senescence,N4,75.0,80.0,-0.004765298802535215,-0.007122961718663577,-0.0017320459544013702
SPLN44,tierAmg_p95,B cells,secondary_senescence,N4,80.0,85.0,-0.004848870726287241,-0.0072826069448486425,-0.0015881847416606939
SPLN44,tierAmg_p95,B cells,secondary_senescence,N4,85.0,90.0,-0.004819088127084994,-0.007439674838587244,-0.0013405361073257872
SPLN44,tierAmg_p95,B cells,secondary_senescence,N4,90.0,95.0,-0.004842042843266333,-0.00746291603769983,-0.0013049971180169586
SPLN44,tierAmg_p95,B cells,secondary_senescence,N4,95.0,100.0,-0.004400736734816157,-0.005901451098136212,-0.0033086378983985987
SPLN44,tierAmg_p95,B cells,tnfa_nfkb_proximal,N4,0.0,5.0,2.5303444669527875e-05,-0.00048071094663131047,0.0005528444136361037
SPLN44,tierAmg_p95,B cells,tnfa_nfkb_proximal,N4,5.0,10.0,3.5812640974850056e-05,-0.00027961927097466365,0.0003652511067808104
SPLN44,tierAmg_p95,B cells,tnfa_nfkb_proximal,N4,10.0,15.0,2.073270229913573e-05,-0.00027182554738494895,0.0003172883865420805
SPLN44,tierAmg_p95,B cells,tnfa_nfkb_proximal,N4,15.0,20.0,2.4249277090166216e-05,-0.00023430240792518916,0.0003052192173874853
SPLN44,tierAmg_p95,B cells,tnfa_nfkb_proximal,N4,20.0,25.0,2.4976215233048716e-05,-0.000247419631975761,0.00028471322998982864
SPLN44,tierAmg_p95,B cells,tnfa_nfkb_proximal,N4,25.0,30.0,3.474615025708749e-05,-0.0002700965278681743,0.00036951932153109744
SPLN44,tierAmg_p95,B cells,tnfa_nfkb_proximal,N4,30.0,35.0,4.9602740809757936e-05,-0.0003336801318294975,0.0004942426551237623
SPLN44,tierAmg_p95,B cells,tnfa_nfkb_proximal,N4,35.0,40.0,7.996755488337722e-05,-0.0004360935630777742,0.0006634317474961713
SPLN44,tierAmg_p95,B cells,tnfa_nfkb_proximal,N4,40.0,45.0,0.00010155797254569914,-0.0006108499694216475,0.0008723761131560867
SPLN44,tierAmg_p95,B cells,tnfa_nfkb_proximal,N4,45.0,50.0,9.410057685747136e-05,-0.0008479652916853943,0.0010958390231484065
SPLN44,tierAmg_p95,B cells,tnfa_nfkb_proximal,N4,50.0,55.0,7.809356561981113e-05,-0.0010581818086624626,0.0012802706146481393
SPLN44,tierAmg_p95,B cells,tnfa_nfkb_proximal,N4,55.0,60.0,0.00011145107492925662,-0.0013321065430348276,0.0017294607035234545
SPLN44,tierAmg_p95,B cells,tnfa_nfkb_proximal,N4,60.0,65.0,8.779348762793172e-05,-0.0016609541938329012,0.0021768077543726934
SPLN44,tierAmg_p95,B cells,tnfa_nfkb_proximal,N4,65.0,70.0,0.00014773873741899817,-0.001737387914689526,0.002747506604137609
SPLN44,tierAmg_p95,B cells,tnfa_nfkb_proximal,N4,70.0,75.0,0.00014414420296054826,-0.0018710263834093412,0.002788188132939537
SPLN44,tierAmg_p95,B cells,tnfa_nfkb_proximal,N4,75.0,80.0,0.00023896091849184346,-0.0020301300447799204,0.0036270058511266795
SPLN44,tierAmg_p95,B cells,tnfa_nfkb_proximal,N4,80.0,85.0,0.00019961781617906224,-0.0021860730152576616,0.003289094335322057
SPLN44,tierAmg_p95,B cells,tnfa_nfkb_proximal,N4,85.0,90.0,5.531499736792727e-05,-0.0025654542374746545,0.0030751133059912536
SPLN44,tierAmg_p95,B cells,tnfa_nfkb_proximal,N4,90.0,95.0,2.205411713958706e-05,-0.0025667556201714307,0.003285897810343843
SPLN44,tierAmg_p95,B cells,tnfa_nfkb_proximal,N4,95.0,100.0,0.000588575287426941,-0.0004723811341234883,0.0015224894838500405
SPLN44,tierA_p95,B cells,downstream_arrest,N1,0.0,5.0,0.009967054671263131,0.009574466376536752,0.010392676110117635
SPLN44,tierA_p95,B cells,downstream_arrest,N1,5.0,10.0,0.010742708913614495,0.01049085949136283,0.010988618341932209
SPLN44,tierA_p95,B cells,downstream_arrest,N1,10.0,15.0,0.010427488863912033,0.010215179823891205,0.010635543382942961
SPLN44,tierA_p95,B cells,downstream_arrest,N1,15.0,20.0,0.01004756288783215,0.009846159543317851,0.01026657038157131
SPLN44,tierA_p95,B cells,downstream_arrest,N1,20.0,25.0,0.009571459562287086,0.009307688698551118,0.009844235491251078
SPLN44,tierA_p95,B cells,downstream_arrest,N1,25.0,30.0,0.008974569378023116,0.00861392116226473,0.00935121209822073
SPLN44,tierA_p95,B cells,downstream_arrest,N1,30.0,35.0,0.008327943345881945,0.007857212850245964,0.008808707812043664
SPLN44,tierA_p95,B cells,downstream_arrest,N1,35.0,40.0,0.007732016960917199,0.007104889174043365,0.008428388198921452
SPLN44,tierA_p95,B cells,downstream_arrest,N1,40.0,45.0,0.007237801458597184,0.006420340469339941,0.008077410254123955
SPLN44,tierA_p95,B cells,downstream_arrest,N1,45.0,50.0,0.006843691826869006,0.0057983846946070275,0.008032275202040206
SPLN44,tierA_p95,B cells,downstream_arrest,N1,50.0,55.0,0.0065864861731432765,0.005015575496705164,0.008091974500919237
SPLN44,tierA_p95,B cells,downstream_arrest,N1,55.0,60.0,0.006590209768141489,0.004456180549615493,0.008720857850216762
SPLN44,tierA_p95,B cells,downstream_arrest,N1,60.0,65.0,0.0066815576162016785,0.0036655438058319717,0.009633032206489513
SPLN44,tierA_p95,B cells,downstream_arrest,N1,65.0,70.0,0.006780108428032666,0.0024443791758805332,0.01087288110100282
SPLN44,tierA_p95,B cells,downstream_arrest,N1,70.0,75.0,0.007032777028762741,0.0015816352709104348,0.013156937696138418
SPLN44,tierA_p95,B cells,downstream_arrest,N1,75.0,80.0,0.007182354473562817,-0.0008675522940393421,0.01589638911162991
SPLN44,tierA_p95,B cells,downstream_arrest,N1,80.0,85.0,0.00745049614288519,-0.0037129165769632286,0.0188496877453872
SPLN44,tierA_p95,B cells,downstream_arrest,N1,85.0,90.0,0.007354124386216825,-0.008594999788329005,0.02303499961271882
SPLN44,tierA_p95,B cells,downstream_arrest,N1,90.0,95.0,0.006855429296307601,-0.007638999907067045,0.02388650015927853
SPLN44,tierA_p95,B cells,downstream_arrest,N1,95.0,100.0,0.006516723232060685,-0.004266749951057136,0.016463600299321098
SPLN44,tierA_p95,B cells,emt_ecm,N1,0.0,5.0,-0.006342621813178158,-0.006790736885685607,-0.005850346299462345
SPLN44,tierA_p95,B cells,emt_ecm,N1,5.0,10.0,-0.006828439391181775,-0.0071153281309290954,-0.0065669993306025996
SPLN44,tierA_p95,B cells,emt_ecm,N1,10.0,15.0,-0.00668832615831764,-0.00692435557286287,-0.00643415242641946
SPLN44,tierA_p95,B cells,emt_ecm,N1,15.0,20.0,-0.006378066752953064,-0.006625639867814804,-0.006117630035669903
SPLN44,tierA_p95,B cells,emt_ecm,N1,20.0,25.0,-0.006037451137443471,-0.006366583746996404,-0.005726497124923148
SPLN44,tierA_p95,B cells,emt_ecm,N1,25.0,30.0,-0.005617419181001191,-0.006050781139198119,-0.005196121778807144
SPLN44,tierA_p95,B cells,emt_ecm,N1,30.0,35.0,-0.005222069647797808,-0.005827991308484188,-0.00466823871283803
SPLN44,tierA_p95,B cells,emt_ecm,N1,35.0,40.0,-0.00496446076179015,-0.0057094363494134635,-0.004138129393362618
SPLN44,tierA_p95,B cells,emt_ecm,N1,40.0,45.0,-0.004874308982620615,-0.005961500537332043,-0.003692402689453432
SPLN44,tierA_p95,B cells,emt_ecm,N1,45.0,50.0,-0.004990537834630156,-0.006525491477854659,-0.0034298889677767857
SPLN44,tierA_p95,B cells,emt_ecm,N1,50.0,55.0,-0.0053926850689555595,-0.0072660643238793374,-0.003384367856327009
SPLN44,tierA_p95,B cells,emt_ecm,N1,55.0,60.0,-0.005926890924953586,-0.00838208475632163,-0.0030415404312658253
SPLN44,tierA_p95,B cells,emt_ecm,N1,60.0,65.0,-0.0067716351834529375,-0.00988651785384822,-0.002819359145557304
SPLN44,tierA_p95,B cells,emt_ecm,N1,65.0,70.0,-0.007584744898475053,-0.011800446405686671,-0.00221386324500643
SPLN44,tierA_p95,B cells,emt_ecm,N1,70.0,75.0,-0.008114238297409902,-0.013127922724760582,-0.0006894499366171708
SPLN44,tierA_p95,B cells,emt_ecm,N1,75.0,80.0,-0.008247030609942784,-0.014891284796047129,0.0025598957581678405
SPLN44,tierA_p95,B cells,emt_ecm,N1,80.0,85.0,-0.008267419645732155,-0.016106249764561653,0.0072439165650090825
SPLN44,tierA_p95,B cells,emt_ecm,N1,85.0,90.0,-0.008978297767022548,-0.017444999888539314,0.008152499794960022
SPLN44,tierA_p95,B cells,emt_ecm,N1,90.0,95.0,-0.008228087863365341,-0.017423625057563185,0.009975125151686377
SPLN44,tierA_p95,B cells,emt_ecm,N1,95.0,100.0,-0.005547215392361522,-0.016310499981045723,0.009920000098645687
SPLN44,tierA_p95,B cells,il6_jak_stat3,N1,0.0,5.0,0.008868307022909267,0.008250407284482574,0.009520429134249248
SPLN44,tierA_p95,B cells,il6_jak_stat3,N1,5.0,10.0,0.008564573730508392,0.0082121453582675,0.008874409495238772
SPLN44,tierA_p95,B cells,il6_jak_stat3,N1,10.0,15.0,0.008776327945092512,0.00846262043063611,0.009089328794306881
SPLN44,tierA_p95,B cells,il6_jak_stat3,N1,15.0,20.0,0.00903140030449636,0.008700294543786097,0.009366260536198434
SPLN44,tierA_p95,B cells,il6_jak_stat3,N1,20.0,25.0,0.009386423279451989,0.008994988234984312,0.009783571600088577
SPLN44,tierA_p95,B cells,il6_jak_stat3,N1,25.0,30.0,0.009806803890615974,0.00929638499447915,0.010324390360214087
SPLN44,tierA_p95,B cells,il6_jak_stat3,N1,30.0,35.0,0.010185441801838892,0.00953398755847465,0.01087987202741937
SPLN44,tierA_p95,B cells,il6_jak_stat3,N1,35.0,40.0,0.010459771990341512,0.00952559441548523,0.011386389475309004
SPLN44,tierA_p95,B cells,il6_jak_stat3,N1,40.0,45.0,0.010712740740806083,0.009410295835813433,0.011985502758231905
SPLN44,tierA_p95,B cells,il6_jak_stat3,N1,45.0,50.0,0.010811839146608281,0.009051160732604051,0.012834161495483309
SPLN44,tierA_p95,B cells,il6_jak_stat3,N1,50.0,55.0,0.010749887975542197,0.008362023544434766,0.013387566941798707
SPLN44,tierA_p95,B cells,il6_jak_stat3,N1,55.0,60.0,0.010593110960818327,0.006996287467793469,0.014545456679154821
SPLN44,tierA_p95,B cells,il6_jak_stat3,N1,60.0,65.0,0.010594503826520966,0.005615712460858049,0.016195079390185912
SPLN44,tierA_p95,B cells,il6_jak_stat3,N1,65.0,70.0,0.010088786087805016,0.002963364954913062,0.016914912361373553
SPLN44,tierA_p95,B cells,il6_jak_stat3,N1,70.0,75.0,0.010084472254443956,0.0006101943874253066,0.020605231063784143
SPLN44,tierA_p95,B cells,il6_jak_stat3,N1,75.0,80.0,0.01062814469306179,-0.002963020708799983,0.0262144997890573
SPLN44,tierA_p95,B cells,il6_jak_stat3,N1,80.0,85.0,0.00909491033156547,-0.008644166664453223,0.027564999569828313
SPLN44,tierA_p95,B cells,il6_jak_stat3,N1,85.0,90.0,0.01000226061907099,-0.014147500041872263,0.03803541697561741
SPLN44,tierA_p95,B cells,il6_jak_stat3,N1,90.0,95.0,0.009293850792777551,-0.0142000000923872,0.038804500247351825
SPLN44,tierA_p95,B cells,il6_jak_stat3,N1,95.0,100.0,0.009542194562616664,-0.006805333293353517,0.02973774967249476
SPLN44,tierA_p95,B cells,interferon_response,N1,0.0,5.0,0.012882424695962052,0.01241639929780883,0.01338109227329
SPLN44,tierA_p95,B cells,interferon_response,N1,5.0,10.0,0.012716751383063659,0.01242774458763278,0.012985110642886192
SPLN44,tierA_p95,B cells,interferon_response,N1,10.0,15.0,0.012872224211883058,0.012626384606472198,0.013101722160568161
SPLN44,tierA_p95,B cells,interferon_response,N1,15.0,20.0,0.013052555660533639,0.012803680040661247,0.013319112496713442
SPLN44,tierA_p95,B cells,interferon_response,N1,20.0,25.0,0.013288133268177646,0.012966733422809759,0.013613242579309662
SPLN44,tierA_p95,B cells,interferon_response,N1,25.0,30.0,0.013553161663613483,0.01313459626196779,0.013965674287794527
SPLN44,tierA_p95,B cells,interferon_response,N1,30.0,35.0,0.013821538160452878,0.013256982361195723,0.014396036497373258
SPLN44,tierA_p95,B cells,interferon_response,N1,35.0,40.0,0.014010826756591332,0.013283424534307453,0.014777688865250594
SPLN44,tierA_p95,B cells,interferon_response,N1,40.0,45.0,0.01413619426390081,0.01313973366867321,0.01517432710123151
SPLN44,tierA_p95,B cells,interferon_response,N1,45.0,50.0,0.014304662955047374,0.012837117337248603,0.01576055244163235
SPLN44,tierA_p95,B cells,interferon_response,N1,50.0,55.0,0.014197989159630275,0.012066617530724827,0.0164266426264073
SPLN44,tierA_p95,B cells,interferon_response,N1,55.0,60.0,0.014042604827547834,0.011092702225400685,0.01688260845842877
SPLN44,tierA_p95,B cells,interferon_response,N1,60.0,65.0,0.014076295219564699,0.009940482070901435,0.018208372475999605
SPLN44,tierA_p95,B cells,interferon_response,N1,65.0,70.0,0.013852404837303066,0.007969377540738634,0.019797936394576634
SPLN44,tierA_p95,B cells,interferon_response,N1,70.0,75.0,0.013636471178872168,0.006207143942374387,0.022840992631273153
SPLN44,tierA_p95,B cells,interferon_response,N1,75.0,80.0,0.014723770491672705,0.0035343749332241714,0.028781249665189534
SPLN44,tierA_p95,B cells,interferon_response,N1,80.0,85.0,0.014510212317637227,-0.001126249844674021,0.031138125429909753
SPLN44,tierA_p95,B cells,interferon_response,N1,85.0,90.0,0.01508499045976153,-0.004939999897032976,0.03900249907746911
SPLN44,tierA_p95,B cells,interferon_response,N1,90.0,95.0,0.014378856018186498,-0.006908374909107805,0.037459999322891235
SPLN44,tierA_p95,B cells,interferon_response,N1,95.0,100.0,0.013108565916253222,-0.0011047499516280363,0.03048074985854327
SPLN44,tierA_p95,B cells,oxidative_stress,N1,0.0,5.0,0.01863106992473437,0.01766486601793804,0.019616988246145654
SPLN44,tierA_p95,B cells,oxidative_stress,N1,5.0,10.0,0.018895076132963345,0.018374732609816764,0.019397330984168015
SPLN44,tierA_p95,B cells,oxidative_stress,N1,10.0,15.0,0.01884275818538979,0.01836178638355105,0.019298023358684274
SPLN44,tierA_p95,B cells,oxidative_stress,N1,15.0,20.0,0.018850582421858313,0.018329056415844213,0.019324398035662414
SPLN44,tierA_p95,B cells,oxidative_stress,N1,20.0,25.0,0.01877876932571354,0.018160604565958974,0.01937982328473847
SPLN44,tierA_p95,B cells,oxidative_stress,N1,25.0,30.0,0.018692945350925874,0.017929015825788985,0.019443616534446175
SPLN44,tierA_p95,B cells,oxidative_stress,N1,30.0,35.0,0.01860900687768509,0.017597182404232095,0.019719179303602702
SPLN44,tierA_p95,B cells,oxidative_stress,N1,35.0,40.0,0.01842134905372289,0.016958645183744958,0.019890502496702246
SPLN44,tierA_p95,B cells,oxidative_stress,N1,40.0,45.0,0.01816264398203195,0.016296037438871525,0.02025054731575562
SPLN44,tierA_p95,B cells,oxidative_stress,N1,45.0,50.0,0.018029065881818757,0.015388327475788888,0.020702672833502123
SPLN44,tierA_p95,B cells,oxidative_stress,N1,50.0,55.0,0.017416989835644492,0.013652433638790089,0.021429380900569787
SPLN44,tierA_p95,B cells,oxidative_stress,N1,55.0,60.0,0.01695988764886121,0.011341981312197576,0.02262591149307956
SPLN44,tierA_p95,B cells,oxidative_stress,N1,60.0,65.0,0.016322739039203216,0.008542403500679276,0.02387321829719873
SPLN44,tierA_p95,B cells,oxidative_stress,N1,65.0,70.0,0.0161339111361893,0.005578017392715791,0.027486267487306603
SPLN44,tierA_p95,B cells,oxidative_stress,N1,70.0,75.0,0.016099221673103365,0.0019520818940393174,0.03207197537936736
SPLN44,tierA_p95,B cells,oxidative_stress,N1,75.0,80.0,0.016305925494149248,-0.005284062150167301,0.038660893765544255
SPLN44,tierA_p95,B cells,oxidative_stress,N1,80.0,85.0,0.016089789481585397,-0.008742187434108928,0.046343333941573896
SPLN44,tierA_p95,B cells,oxidative_stress,N1,85.0,90.0,0.017239676037752096,-0.017650000751018524,0.05993500119075179
SPLN44,tierA_p95,B cells,oxidative_stress,N1,90.0,95.0,0.018373235213008994,-0.01920862447004765,0.06026000156998634
SPLN44,tierA_p95,B cells,oxidative_stress,N1,95.0,100.0,0.018957901328638123,-0.0060800001956522465,0.04919500068644987
SPLN44,tierA_p95,B cells,secondary_senescence,N1,0.0,5.0,-0.005327234870192456,-0.005659197019569026,-0.004989376075077123
SPLN44,tierA_p95,B cells,secondary_senescence,N1,5.0,10.0,-0.005637973451194367,-0.005830767149570868,-0.005452996477283978
SPLN44,tierA_p95,B cells,secondary_senescence,N1,10.0,15.0,-0.0055055860158737795,-0.005688373514983799,-0.005317085978755919
SPLN44,tierA_p95,B cells,secondary_senescence,N1,15.0,20.0,-0.005368629987219279,-0.0055396859955956085,-0.005192724695972883
SPLN44,tierA_p95,B cells,secondary_senescence,N1,20.0,25.0,-0.005148504149295206,-0.005374145596685194,-0.004923992251595719
SPLN44,tierA_p95,B cells,secondary_senescence,N1,25.0,30.0,-0.00490623654816212,-0.00519883148602704,-0.0046223292939700416
SPLN44,tierA_p95,B cells,secondary_senescence,N1,30.0,35.0,-0.004650121793674822,-0.005018312768129587,-0.004289076822983271
SPLN44,tierA_p95,B cells,secondary_senescence,N1,35.0,40.0,-0.004507744759776911,-0.005076989341816304,-0.003982851570600699
SPLN44,tierA_p95,B cells,secondary_senescence,N1,40.0,45.0,-0.004357463910540891,-0.005049054380948881,-0.003640133808593248
SPLN44,tierA_p95,B cells,secondary_senescence,N1,45.0,50.0,-0.004370113510345598,-0.005428804234428475,-0.003308157934978319
SPLN44,tierA_p95,B cells,secondary_senescence,N1,50.0,55.0,-0.004467663608229601,-0.005858020469514138,-0.0030663816296287666
SPLN44,tierA_p95,B cells,secondary_senescence,N1,55.0,60.0,-0.004620097883808215,-0.006471457024937636,-0.0026455513302754458
SPLN44,tierA_p95,B cells,secondary_senescence,N1,60.0,65.0,-0.004941740979245743,-0.007282532679915218,-0.0021915065484067507
SPLN44,tierA_p95,B cells,secondary_senescence,N1,65.0,70.0,-0.005362363274892225,-0.008807850631117414,-0.0017820400166383484
SPLN44,tierA_p95,B cells,secondary_senescence,N1,70.0,75.0,-0.005363031566526952,-0.009744093844346935,-0.0006143750220706523
SPLN44,tierA_p95,B cells,secondary_senescence,N1,75.0,80.0,-0.005540526478493072,-0.011259791722598797,0.0019481250392345828
SPLN44,tierA_p95,B cells,secondary_senescence,N1,80.0,85.0,-0.006138245986263429,-0.013856250036042184,0.0032212502555921674
SPLN44,tierA_p95,B cells,secondary_senescence,N1,85.0,90.0,-0.00592605988283617,-0.014969999785535038,0.007869999972172081
SPLN44,tierA_p95,B cells,secondary_senescence,N1,90.0,95.0,-0.006729785172661523,-0.014894000021740794,0.008559999987483025
SPLN44,tierA_p95,B cells,secondary_senescence,N1,95.0,100.0,-0.007830218364280862,-0.014189999550580978,0.0004002000577747741
SPLN44,tierA_p95,B cells,tnfa_nfkb_proximal,N1,0.0,5.0,-4.534936093460892e-06,-0.00038967241696289784,0.00041466477625890007
SPLN44,tierA_p95,B cells,tnfa_nfkb_proximal,N1,5.0,10.0,-0.00019901367124744218,-0.00041590812579720885,3.4586314894546127e-06
SPLN44,tierA_p95,B cells,tnfa_nfkb_proximal,N1,10.0,15.0,-0.00011191885344304667,-0.0003137512300232428,7.756926013981262e-05
SPLN44,tierA_p95,B cells,tnfa_nfkb_proximal,N1,15.0,20.0,-1.4765370998541526e-05,-0.00022333284150941843,0.00018858781301953179
SPLN44,tierA_p95,B cells,tnfa_nfkb_proximal,N1,20.0,25.0,0.00012467073198064324,-0.00011651337884183712,0.0003877552053866192
SPLN44,tierA_p95,B cells,tnfa_nfkb_proximal,N1,25.0,30.0,0.0002841909825376461,-4.998862424928866e-05,0.0005962345586379013
SPLN44,tierA_p95,B cells,tnfa_nfkb_proximal,N1,30.0,35.0,0.0004459089333604307,1.2351846991916673e-05,0.0008832486135673134
SPLN44,tierA_p95,B cells,tnfa_nfkb_proximal,N1,35.0,40.0,0.0005971559117914251,3.5631768884203452e-06,0.001194015879159139
SPLN44,tierA_p95,B cells,tnfa_nfkb_proximal,N1,40.0,45.0,0.0006991113530419737,-0.0001599926366478634,0.0015632005827514758
SPLN44,tierA_p95,B cells,tnfa_nfkb_proximal,N1,45.0,50.0,0.000808183186096453,-0.0002841560640351857,0.0019632369658491885
SPLN44,tierA_p95,B cells,tnfa_nfkb_proximal,N1,50.0,55.0,0.0008190423898245236,-0.0007714307279242272,0.0026571852293457415
SPLN44,tierA_p95,B cells,tnfa_nfkb_proximal,N1,55.0,60.0,0.0007342561726958908,-0.0015307405178916504,0.003155058512828483
SPLN44,tierA_p95,B cells,tnfa_nfkb_proximal,N1,60.0,65.0,0.0007042439608436923,-0.002453524556996417,0.003997073306880858
SPLN44,tierA_p95,B cells,tnfa_nfkb_proximal,N1,65.0,70.0,0.00036011026045972905,-0.0040128141448710665,0.005553169263612288
SPLN44,tierA_p95,B cells,tnfa_nfkb_proximal,N1,70.0,75.0,0.000500365615799622,-0.005569746896144352,0.007210583309060894
SPLN44,tierA_p95,B cells,tnfa_nfkb_proximal,N1,75.0,80.0,0.0005646795221538353,-0.00813989584275987,0.009932499953720253
SPLN44,tierA_p95,B cells,tnfa_nfkb_proximal,N1,80.0,85.0,-7.955674515276433e-05,-0.012043750088196248,0.013739999840860643
SPLN44,tierA_p95,B cells,tnfa_nfkb_proximal,N1,85.0,90.0,0.0001420804811815091,-0.014131249859929085,0.01761124956343944
SPLN44,tierA_p95,B cells,tnfa_nfkb_proximal,N1,90.0,95.0,0.001122416096121078,-0.018219999969005585,0.022527000680565838
SPLN44,tierA_p95,B cells,tnfa_nfkb_proximal,N1,95.0,100.0,0.0005788428666606786,-0.018219999969005585,0.016499999910593033
SPLN44,tierA_p95,B cells,downstream_arrest,N3,0.0,5.0,0.009744448883537288,0.0088075041966692,0.010558710443869336
SPLN44,tierA_p95,B cells,downstream_arrest,N3,5.0,10.0,0.009745366874188236,0.00894811455224262,0.010441020145948152
SPLN44,tierA_p95,B cells,downstream_arrest,N3,10.0,15.0,0.009751708886097474,0.009012108632217297,0.010308451716626837
SPLN44,tierA_p95,B cells,downstream_arrest,N3,15.0,20.0,0.009764928904093669,0.009078627118781919,0.010279155826219388
SPLN44,tierA_p95,B cells,downstream_arrest,N3,20.0,25.0,0.009769090077555578,0.009130560054338715,0.010252605324100002
SPLN44,tierA_p95,B cells,downstream_arrest,N3,25.0,30.0,0.009761543412459758,0.009045635042709183,0.01032275949136481
SPLN44,tierA_p95,B cells,downstream_arrest,N3,30.0,35.0,0.009769846690736701,0.009008975895659589,0.010353385089516984
SPLN44,tierA_p95,B cells,downstream_arrest,N3,35.0,40.0,0.009757104116924127,0.008940895040763303,0.010468858379324536
SPLN44,tierA_p95,B cells,downstream_arrest,N3,40.0,45.0,0.009742919435377967,0.008740098033643444,0.010556622407561443
SPLN44,tierA_p95,B cells,downstream_arrest,N3,45.0,50.0,0.009740283945976617,0.00863433238012907,0.010835621942400606
SPLN44,tierA_p95,B cells,downstream_arrest,N3,50.0,55.0,0.00969251549882894,0.00805233576504892,0.010955448053986239
SPLN44,tierA_p95,B cells,downstream_arrest,N3,55.0,60.0,0.009692347392845687,0.007822148177748452,0.011094038741623798
SPLN44,tierA_p95,B cells,downstream_arrest,N3,60.0,65.0,0.009625293846939706,0.007233510587471123,0.011307409750872506
SPLN44,tierA_p95,B cells,downstream_arrest,N3,65.0,70.0,0.00960777355299252,0.007056190273810533,0.01148724771125522
SPLN44,tierA_p95,B cells,downstream_arrest,N3,70.0,75.0,0.009566762229755903,0.006744729351177996,0.011641192591106386
SPLN44,tierA_p95,B cells,downstream_arrest,N3,75.0,80.0,0.009533845128485558,0.0061137953373226386,0.011697886653415101
SPLN44,tierA_p95,B cells,downstream_arrest,N3,80.0,85.0,0.009481096982194674,0.00644853934600881,0.011744409133740768
SPLN44,tierA_p95,B cells,downstream_arrest,N3,85.0,90.0,0.009506018326197466,0.006224733879191391,0.011836950118351884
SPLN44,tierA_p95,B cells,downstream_arrest,N3,90.0,95.0,0.00943539285308138,0.006112536129966401,0.011753300919269702
SPLN44,tierA_p95,B cells,downstream_arrest,N3,95.0,100.0,0.009322550863271349,0.006243800404117722,0.011315734903859967
SPLN44,tierA_p95,B cells,emt_ecm,N3,0.0,5.0,-0.006207030037737367,-0.007190689503282802,-0.004997233040194409
SPLN44,tierA_p95,B cells,emt_ecm,N3,5.0,10.0,-0.006201147944108462,-0.007019153068730517,-0.005124799207337441
SPLN44,tierA_p95,B cells,emt_ecm,N3,10.0,15.0,-0.006220202075258953,-0.006903114790804184,-0.005182801988287524
SPLN44,tierA_p95,B cells,emt_ecm,N3,15.0,20.0,-0.0062194589236693075,-0.006868638862981311,-0.005239613437112969
SPLN44,tierA_p95,B cells,emt_ecm,N3,20.0,25.0,-0.0062256554611652675,-0.006874773221621997,-0.005301155360764385
SPLN44,tierA_p95,B cells,emt_ecm,N3,25.0,30.0,-0.006232580416329599,-0.00688106835273763,-0.005320723707559452
SPLN44,tierA_p95,B cells,emt_ecm,N3,30.0,35.0,-0.006215536533126356,-0.00691930198333948,-0.005355682539808672
SPLN44,tierA_p95,B cells,emt_ecm,N3,35.0,40.0,-0.006213750824570921,-0.007064898659612357,-0.005208627869625074
SPLN44,tierA_p95,B cells,emt_ecm,N3,40.0,45.0,-0.006194845263098618,-0.007207062597986347,-0.0050106930187392915
SPLN44,tierA_p95,B cells,emt_ecm,N3,45.0,50.0,-0.006159963574329041,-0.007424985487113673,-0.004582722679349744
SPLN44,tierA_p95,B cells,emt_ecm,N3,50.0,55.0,-0.006112048341383953,-0.0076453497331547115,-0.00430466120603369
SPLN44,tierA_p95,B cells,emt_ecm,N3,55.0,60.0,-0.006120594324901708,-0.007913628886041402,-0.003955145818982305
SPLN44,tierA_p95,B cells,emt_ecm,N3,60.0,65.0,-0.006039051789606446,-0.008215280165883262,-0.0033303693936700615
SPLN44,tierA_p95,B cells,emt_ecm,N3,65.0,70.0,-0.006022210747057404,-0.00835289299436739,-0.0027923402481860576
SPLN44,tierA_p95,B cells,emt_ecm,N3,70.0,75.0,-0.005910303650218841,-0.008219841679543803,-0.002453317807949735
SPLN44,tierA_p95,B cells,emt_ecm,N3,75.0,80.0,-0.0059222124510914485,-0.008558547101404593,-0.0020159728116476553
SPLN44,tierA_p95,B cells,emt_ecm,N3,80.0,85.0,-0.0059184913994704495,-0.0085648222343331,-0.001758937828916624
SPLN44,tierA_p95,B cells,emt_ecm,N3,85.0,90.0,-0.005918168063946376,-0.008843673837163458,-0.0015070251849398906
SPLN44,tierA_p95,B cells,emt_ecm,N3,90.0,95.0,-0.005858392068923797,-0.008612411070586192,-0.0011558684101484922
SPLN44,tierA_p95,B cells,emt_ecm,N3,95.0,100.0,-0.005707796204778572,-0.008461144894886443,-0.001854840906851537
SPLN44,tierA_p95,B cells,il6_jak_stat3,N3,0.0,5.0,0.009229037084477292,0.00823711110101062,0.010354254154589926
SPLN44,tierA_p95,B cells,il6_jak_stat3,N3,5.0,10.0,0.00921748031961649,0.00849918895822934,0.010018814419029524
SPLN44,tierA_p95,B cells,il6_jak_stat3,N3,10.0,15.0,0.009201396583254978,0.008575632555368626,0.009996644763763437
SPLN44,tierA_p95,B cells,il6_jak_stat3,N3,15.0,20.0,0.009207060883524907,0.00862517175436291,0.009934728271988456
SPLN44,tierA_p95,B cells,il6_jak_stat3,N3,20.0,25.0,0.009197515725997378,0.008643877050826749,0.009885401335457478
SPLN44,tierA_p95,B cells,il6_jak_stat3,N3,25.0,30.0,0.009192662260909817,0.008524780537939073,0.009897950746116298
SPLN44,tierA_p95,B cells,il6_jak_stat3,N3,30.0,35.0,0.009202516100872521,0.008532969071648138,0.009968710481627275
SPLN44,tierA_p95,B cells,il6_jak_stat3,N3,35.0,40.0,0.009210556836666092,0.008391917744965742,0.010142821972831931
SPLN44,tierA_p95,B cells,il6_jak_stat3,N3,40.0,45.0,0.009207769099501188,0.008278006025904085,0.010340479230474554
SPLN44,tierA_p95,B cells,il6_jak_stat3,N3,45.0,50.0,0.00923817424930508,0.007982337498709118,0.01069795167180086
SPLN44,tierA_p95,B cells,il6_jak_stat3,N3,50.0,55.0,0.009237393674894076,0.0077214631114672135,0.011034676556572559
SPLN44,tierA_p95,B cells,il6_jak_stat3,N3,55.0,60.0,0.009252698275859433,0.0074550670474759695,0.011446766945541415
SPLN44,tierA_p95,B cells,il6_jak_stat3,N3,60.0,65.0,0.009377844240329163,0.007413362569746789,0.01202155177268566
SPLN44,tierA_p95,B cells,il6_jak_stat3,N3,65.0,70.0,0.009350394660609428,0.00716949970202455,0.012458509678489492
SPLN44,tierA_p95,B cells,il6_jak_stat3,N3,70.0,75.0,0.009405698181324326,0.006878599203721521,0.012681762031878324
SPLN44,tierA_p95,B cells,il6_jak_stat3,N3,75.0,80.0,0.009450025366121885,0.006794364742432643,0.013061090771220361
SPLN44,tierA_p95,B cells,il6_jak_stat3,N3,80.0,85.0,0.009562378723283995,0.006934025183255347,0.013222412272216802
SPLN44,tierA_p95,B cells,il6_jak_stat3,N3,85.0,90.0,0.009541480982468908,0.006787710677980258,0.013463177579801042
SPLN44,tierA_p95,B cells,il6_jak_stat3,N3,90.0,95.0,0.009492930698130937,0.006760751910886913,0.013761702012660249
SPLN44,tierA_p95,B cells,il6_jak_stat3,N3,95.0,100.0,0.009596565696573904,0.007920511713317707,0.012371385210693593
SPLN44,tierA_p95,B cells,interferon_response,N3,0.0,5.0,0.013166659112923732,0.012442218232645134,0.014004299135624574
SPLN44,tierA_p95,B cells,interferon_response,N3,5.0,10.0,0.013160844212782068,0.01266233210672379,0.013744334379622206
SPLN44,tierA_p95,B cells,interferon_response,N3,10.0,15.0,0.013165700245106769,0.012703960438587533,0.013669632019341859
SPLN44,tierA_p95,B cells,interferon_response,N3,15.0,20.0,0.013150146376509162,0.012715131384853447,0.013604611269590481
SPLN44,tierA_p95,B cells,interferon_response,N3,20.0,25.0,0.0131481349871957,0.012718798216942473,0.013633704541451904
SPLN44,tierA_p95,B cells,interferon_response,N3,25.0,30.0,0.013139119464364987,0.012678552087470063,0.013682068600877957
SPLN44,tierA_p95,B cells,interferon_response,N3,30.0,35.0,0.013163305635993144,0.01261922022184482,0.013779906044839774
SPLN44,tierA_p95,B cells,interferon_response,N3,35.0,40.0,0.01315418860219102,0.012546029894623894,0.013788932370618357
SPLN44,tierA_p95,B cells,interferon_response,N3,40.0,45.0,0.01314521488021531,0.01239078589035892,0.013967236212660689
SPLN44,tierA_p95,B cells,interferon_response,N3,45.0,50.0,0.013154712806243623,0.01221698962584148,0.0141390363718482
SPLN44,tierA_p95,B cells,interferon_response,N3,50.0,55.0,0.01318903892618442,0.012032556715178914,0.01455401725307725
SPLN44,tierA_p95,B cells,interferon_response,N3,55.0,60.0,0.01320363503904347,0.011824378617422748,0.014751562977823365
SPLN44,tierA_p95,B cells,interferon_response,N3,60.0,65.0,0.013256373262710302,0.011669413397122557,0.015177140215789114
SPLN44,tierA_p95,B cells,interferon_response,N3,65.0,70.0,0.013252214802981626,0.011635286716181364,0.015389576506451567
SPLN44,tierA_p95,B cells,interferon_response,N3,70.0,75.0,0.013267563159471155,0.011377693376777059,0.015805331317165282
SPLN44,tierA_p95,B cells,interferon_response,N3,75.0,80.0,0.013260694875281207,0.011335275052426859,0.015861988500982686
SPLN44,tierA_p95,B cells,interferon_response,N3,80.0,85.0,0.013346365782892103,0.01135799627740457,0.016133292255082775
SPLN44,tierA_p95,B cells,interferon_response,N3,85.0,90.0,0.013309674082891198,0.011191864879419757,0.016083457566989028
SPLN44,tierA_p95,B cells,interferon_response,N3,90.0,95.0,0.013303650359116058,0.011096900519667266,0.015967448419396853
SPLN44,tierA_p95,B cells,interferon_response,N3,95.0,100.0,0.013381547857860094,0.012276177752929012,0.015098518751770413
SPLN44,tierA_p95,B cells,oxidative_stress,N3,0.0,5.0,0.018754115003271184,0.01731921217963104,0.020132633603025796
SPLN44,tierA_p95,B cells,oxidative_stress,N3,5.0,10.0,0.0187349328171858,0.01785644625836996,0.019550517038166928
SPLN44,tierA_p95,B cells,oxidative_stress,N3,10.0,15.0,0.018718791302544276,0.01801450731658971,0.019434563033126816
SPLN44,tierA_p95,B cells,oxidative_stress,N3,15.0,20.0,0.018744890682582352,0.01807925016890661,0.01944046775880699
SPLN44,tierA_p95,B cells,oxidative_stress,N3,20.0,25.0,0.018750268955062318,0.018031214831198333,0.019486534253004794
SPLN44,tierA_p95,B cells,oxidative_stress,N3,25.0,30.0,0.01874143242673189,0.017942027997716326,0.019494434510965934
SPLN44,tierA_p95,B cells,oxidative_stress,N3,30.0,35.0,0.01874511021061765,0.017875003757854335,0.01958312307253387
SPLN44,tierA_p95,B cells,oxidative_stress,N3,35.0,40.0,0.018750369105856705,0.017699994309715215,0.019858628564294593
SPLN44,tierA_p95,B cells,oxidative_stress,N3,40.0,45.0,0.018771941036261397,0.017362377156298358,0.020137358696348005
SPLN44,tierA_p95,B cells,oxidative_stress,N3,45.0,50.0,0.01872799763460147,0.017054954964105622,0.020337874032716967
SPLN44,tierA_p95,B cells,oxidative_stress,N3,50.0,55.0,0.01875961455691666,0.01656204846373986,0.020907307737566657
SPLN44,tierA_p95,B cells,oxidative_stress,N3,55.0,60.0,0.01873503578918465,0.01635727794085269,0.021010893150026133
SPLN44,tierA_p95,B cells,oxidative_stress,N3,60.0,65.0,0.01878261814529057,0.016021223628215942,0.021592321244967214
SPLN44,tierA_p95,B cells,oxidative_stress,N3,65.0,70.0,0.01878460441149654,0.015576601352101854,0.02178825403582069
SPLN44,tierA_p95,B cells,oxidative_stress,N3,70.0,75.0,0.01870506472504488,0.01517281689820782,0.022024188947720142
SPLN44,tierA_p95,B cells,oxidative_stress,N3,75.0,80.0,0.01883342167795433,0.015287261441427464,0.02237618241947317
SPLN44,tierA_p95,B cells,oxidative_stress,N3,80.0,85.0,0.018638972807432357,0.014681295343620279,0.022423957852494694
SPLN44,tierA_p95,B cells,oxidative_stress,N3,85.0,90.0,0.018645836548914954,0.014630276720592885,0.02253092882669173
SPLN44,tierA_p95,B cells,oxidative_stress,N3,90.0,95.0,0.018673805116655492,0.014708274287058955,0.022721903440262183
SPLN44,tierA_p95,B cells,oxidative_stress,N3,95.0,100.0,0.018663823255535908,0.01727174941433106,0.019570473152812545
SPLN44,tierA_p95,B cells,secondary_senescence,N3,0.0,5.0,-0.005241015177463849,-0.005810256040028465,-0.004546324455444772
SPLN44,tierA_p95,B cells,secondary_senescence,N3,5.0,10.0,-0.005239875545819574,-0.005688760806821939,-0.0047005761090161205
SPLN44,tierA_p95,B cells,secondary_senescence,N3,10.0,15.0,-0.005253114851848073,-0.005621321474727101,-0.0047564595500541275
SPLN44,tierA_p95,B cells,secondary_senescence,N3,15.0,20.0,-0.005252130998115655,-0.005574856574231858,-0.004768579044650402
SPLN44,tierA_p95,B cells,secondary_senescence,N3,20.0,25.0,-0.005253378324950824,-0.005609901715981839,-0.00480346652904375
SPLN44,tierA_p95,B cells,secondary_senescence,N3,25.0,30.0,-0.005258170556398691,-0.005615199926212377,-0.0048061229597282625
SPLN44,tierA_p95,B cells,secondary_senescence,N3,30.0,35.0,-0.005245239289560308,-0.005635934793375961,-0.004758957157376817
SPLN44,tierA_p95,B cells,secondary_senescence,N3,35.0,40.0,-0.0052569108927958495,-0.005728888234577729,-0.004732844453217674
SPLN44,tierA_p95,B cells,secondary_senescence,N3,40.0,45.0,-0.005238757499256169,-0.005845528585712839,-0.004590744429202465
SPLN44,tierA_p95,B cells,secondary_senescence,N3,45.0,50.0,-0.005227382678795974,-0.005893498758092424,-0.004363956861176763
SPLN44,tierA_p95,B cells,secondary_senescence,N3,50.0,55.0,-0.00521575278769317,-0.006110553387727867,-0.004224672560052032
SPLN44,tierA_p95,B cells,secondary_senescence,N3,55.0,60.0,-0.005209880738200786,-0.006220030565017339,-0.0038860938961659953
SPLN44,tierA_p95,B cells,secondary_senescence,N3,60.0,65.0,-0.005169095524292423,-0.006398171209995533,-0.003691733034277811
SPLN44,tierA_p95,B cells,secondary_senescence,N3,65.0,70.0,-0.005165503876111895,-0.006579123967957016,-0.0034836465930948492
SPLN44,tierA_p95,B cells,secondary_senescence,N3,70.0,75.0,-0.005096672524635925,-0.006503502565722805,-0.003137585822515327
SPLN44,tierA_p95,B cells,secondary_senescence,N3,75.0,80.0,-0.005125529226238662,-0.00672040652511555,-0.0030033046606528536
SPLN44,tierA_p95,B cells,secondary_senescence,N3,80.0,85.0,-0.005115501604039931,-0.006663463990398923,-0.0028874600488059373
SPLN44,tierA_p95,B cells,secondary_senescence,N3,85.0,90.0,-0.005105584560562908,-0.006602485198818527,-0.002828775370258477
SPLN44,tierA_p95,B cells,secondary_senescence,N3,90.0,95.0,-0.005060309615175186,-0.006717033969699198,-0.002560466065892779
SPLN44,tierA_p95,B cells,secondary_senescence,N3,95.0,100.0,-0.004991515459131694,-0.006313099153511042,-0.0031091637145517366
SPLN44,tierA_p95,B cells,tnfa_nfkb_proximal,N3,0.0,5.0,8.55871248824927e-05,-0.00048774004351376753,0.0007798292977314304
SPLN44,tierA_p95,B cells,tnfa_nfkb_proximal,N3,5.0,10.0,6.705015768430628e-05,-0.0003363820811788707,0.000569447633317719
SPLN44,tierA_p95,B cells,tnfa_nfkb_proximal,N3,10.0,15.0,6.062912644130298e-05,-0.0002831464255980986,0.00045339356785162793
SPLN44,tierA_p95,B cells,tnfa_nfkb_proximal,N3,15.0,20.0,6.414573223018934e-05,-0.000265770494556557,0.00045015070629381864
SPLN44,tierA_p95,B cells,tnfa_nfkb_proximal,N3,20.0,25.0,6.28355317550869e-05,-0.00027356503155969396,0.0004520203008254708
SPLN44,tierA_p95,B cells,tnfa_nfkb_proximal,N3,25.0,30.0,6.48220862277921e-05,-0.000286397461551347,0.0004447327731554411
SPLN44,tierA_p95,B cells,tnfa_nfkb_proximal,N3,30.0,35.0,6.512238083675528e-05,-0.00034098561190309273,0.0005413592147935407
SPLN44,tierA_p95,B cells,tnfa_nfkb_proximal,N3,35.0,40.0,7.204799446816092e-05,-0.0004573888294210811,0.0005915480109586661
SPLN44,tierA_p95,B cells,tnfa_nfkb_proximal,N3,40.0,45.0,6.633483794794873e-05,-0.0005488347144755854,0.0007193318718300219
SPLN44,tierA_p95,B cells,tnfa_nfkb_proximal,N3,45.0,50.0,5.022272774069599e-05,-0.0007077239554139814,0.0009400384864354658
SPLN44,tierA_p95,B cells,tnfa_nfkb_proximal,N3,50.0,55.0,8.09337593186705e-05,-0.0008183310058875175,0.0011927939860504606
SPLN44,tierA_p95,B cells,tnfa_nfkb_proximal,N3,55.0,60.0,7.43585265376932e-05,-0.0010107856370306912,0.0012730043692074603
SPLN44,tierA_p95,B cells,tnfa_nfkb_proximal,N3,60.0,65.0,0.00012236820145635033,-0.0011236323082112636,0.001643261291567549
SPLN44,tierA_p95,B cells,tnfa_nfkb_proximal,N3,65.0,70.0,0.0001030999268068874,-0.0012383146201433825,0.0018326825906273098
SPLN44,tierA_p95,B cells,tnfa_nfkb_proximal,N3,70.0,75.0,0.0001222452585781574,-0.0013013981466139216,0.0018699388556914674
SPLN44,tierA_p95,B cells,tnfa_nfkb_proximal,N3,75.0,80.0,0.00014482354185440543,-0.0014212568047313266,0.0021703413204932557
SPLN44,tierA_p95,B cells,tnfa_nfkb_proximal,N3,80.0,85.0,0.00015632825708387476,-0.0013938979327240294,0.00220726745252876
SPLN44,tierA_p95,B cells,tnfa_nfkb_proximal,N3,85.0,90.0,0.0001927020057933555,-0.0015282534056780834,0.0022518115338635183
SPLN44,tierA_p95,B cells,tnfa_nfkb_proximal,N3,90.0,95.0,0.00018171601339960646,-0.0015184763339307745,0.002250118768441706
SPLN44,tierA_p95,B cells,tnfa_nfkb_proximal,N3,95.0,100.0,0.0002200411146277601,-0.0006598044308495601,0.001453428484818638
SPLN44,tierA_p95,B cells,downstream_arrest,N4,0.0,5.0,0.010004710225623761,0.009317398742278,0.010695188671759294
SPLN44,tierA_p95,B cells,downstream_arrest,N4,5.0,10.0,0.00998373683266054,0.009371603420162706,0.01047970488121093
SPLN44,tierA_p95,B cells,downstream_arrest,N4,10.0,15.0,0.009992495942628712,0.009455434005244666,0.010366360556924931
SPLN44,tierA_p95,B cells,downstream_arrest,N4,15.0,20.0,0.009989273744437336,0.009565170783161733,0.010312359744365597
SPLN44,tierA_p95,B cells,downstream_arrest,N4,20.0,25.0,0.00997165478631553,0.009586816003414201,0.010295131330685119
SPLN44,tierA_p95,B cells,downstream_arrest,N4,25.0,30.0,0.009927221244433864,0.009426699884755037,0.010319005773938931
SPLN44,tierA_p95,B cells,downstream_arrest,N4,30.0,35.0,0.009869154598782992,0.009126061029306026,0.010342972431177353
SPLN44,tierA_p95,B cells,downstream_arrest,N4,35.0,40.0,0.009791415893854034,0.008773106933318512,0.010508480045473148
SPLN44,tierA_p95,B cells,downstream_arrest,N4,40.0,45.0,0.0097191155443255,0.008510111658818207,0.010749696771764409
SPLN44,tierA_p95,B cells,downstream_arrest,N4,45.0,50.0,0.009575278834529218,0.008028601540581626,0.010887817966322835
SPLN44,tierA_p95,B cells,downstream_arrest,N4,50.0,55.0,0.009472435125158626,0.007818379722717057,0.011175350692980783
SPLN44,tierA_p95,B cells,downstream_arrest,N4,55.0,60.0,0.009327753258754144,0.007222969655964698,0.011409649767129269
SPLN44,tierA_p95,B cells,downstream_arrest,N4,60.0,65.0,0.009117345991638387,0.006641267202667312,0.011719898741396341
SPLN44,tierA_p95,B cells,downstream_arrest,N4,65.0,70.0,0.008796737102493403,0.005928473734720955,0.011874304358816517
SPLN44,tierA_p95,B cells,downstream_arrest,N4,70.0,75.0,0.008564955941256284,0.005091757965691079,0.012080104872010939
SPLN44,tierA_p95,B cells,downstream_arrest,N4,75.0,80.0,0.008352291147597661,0.004508074672973723,0.012351828959933201
SPLN44,tierA_p95,B cells,downstream_arrest,N4,80.0,85.0,0.008308870983029732,0.004241110626110479,0.012390429299061256
SPLN44,tierA_p95,B cells,downstream_arrest,N4,85.0,90.0,0.008155063955741327,0.0035800024225764782,0.012123893409547467
SPLN44,tierA_p95,B cells,downstream_arrest,N4,90.0,95.0,0.008215250060319916,0.0038856070868600262,0.012412985461730754
SPLN44,tierA_p95,B cells,downstream_arrest,N4,95.0,100.0,0.0074295191169060125,0.005860657629448372,0.010401728629903106
SPLN44,tierA_p95,B cells,emt_ecm,N4,0.0,5.0,-0.006391143730183609,-0.007239828211127644,-0.005509446008232178
SPLN44,tierA_p95,B cells,emt_ecm,N4,5.0,10.0,-0.006389192808551768,-0.007053908066418964,-0.005659944119161732
SPLN44,tierA_p95,B cells,emt_ecm,N4,10.0,15.0,-0.006393744929925968,-0.006904008961074788,-0.005818029544956565
SPLN44,tierA_p95,B cells,emt_ecm,N4,15.0,20.0,-0.006381250318034984,-0.006811076906663107,-0.005858731891845501
SPLN44,tierA_p95,B cells,emt_ecm,N4,20.0,25.0,-0.006362358786957812,-0.0067699582141275486,-0.0059041029930566626
SPLN44,tierA_p95,B cells,emt_ecm,N4,25.0,30.0,-0.0063188633391894344,-0.006787190737794802,-0.005693090788862341
SPLN44,tierA_p95,B cells,emt_ecm,N4,30.0,35.0,-0.0062550447173534765,-0.006844354059048573,-0.005273755988867054
SPLN44,tierA_p95,B cells,emt_ecm,N4,35.0,40.0,-0.006194122819027582,-0.007026426071493599,-0.0051114737689016854
SPLN44,tierA_p95,B cells,emt_ecm,N4,40.0,45.0,-0.006094009595825516,-0.007157592490476381,-0.004792338320847521
SPLN44,tierA_p95,B cells,emt_ecm,N4,45.0,50.0,-0.0060669364890579515,-0.007445341529925597,-0.004445015771767546
SPLN44,tierA_p95,B cells,emt_ecm,N4,50.0,55.0,-0.0059812066269521865,-0.007916636325365557,-0.0039656533121366555
SPLN44,tierA_p95,B cells,emt_ecm,N4,55.0,60.0,-0.005916594640305029,-0.008331027679264368,-0.003508469152869236
SPLN44,tierA_p95,B cells,emt_ecm,N4,60.0,65.0,-0.005828493306682338,-0.008767706305323886,-0.0026259481315658267
SPLN44,tierA_p95,B cells,emt_ecm,N4,65.0,70.0,-0.005698902975301844,-0.00898628965888912,-0.0017870725514306865
SPLN44,tierA_p95,B cells,emt_ecm,N4,70.0,75.0,-0.005497315776981988,-0.009369678064247067,-0.0009741460094034616
SPLN44,tierA_p95,B cells,emt_ecm,N4,75.0,80.0,-0.0055163069502969985,-0.00979102261007302,-0.0003415567867838265
SPLN44,tierA_p95,B cells,emt_ecm,N4,80.0,85.0,-0.005357277015042332,-0.00961001089782044,-0.00015311123303193502
SPLN44,tierA_p95,B cells,emt_ecm,N4,85.0,90.0,-0.005373526967486565,-0.009822337942691097,0.0007007124805107425
SPLN44,tierA_p95,B cells,emt_ecm,N4,90.0,95.0,-0.005423936610172323,-0.010217421313102274,0.0007102643199167284
SPLN44,tierA_p95,B cells,emt_ecm,N4,95.0,100.0,-0.004612692330329424,-0.007825271231542214,-0.0014129657310750687
SPLN44,tierA_p95,B cells,il6_jak_stat3,N4,0.0,5.0,0.00902853992972853,0.008098076440737342,0.010006767032262408
SPLN44,tierA_p95,B cells,il6_jak_stat3,N4,5.0,10.0,0.009043955137773008,0.008442445198945634,0.009718229964738706
SPLN44,tierA_p95,B cells,il6_jak_stat3,N4,10.0,15.0,0.009049815394385569,0.008514974941895286,0.009570115498488078
SPLN44,tierA_p95,B cells,il6_jak_stat3,N4,15.0,20.0,0.009065858673429105,0.008614983136626493,0.009551463119533135
SPLN44,tierA_p95,B cells,il6_jak_stat3,N4,20.0,25.0,0.009087336012366665,0.008677466159331165,0.009601656266828013
SPLN44,tierA_p95,B cells,il6_jak_stat3,N4,25.0,30.0,0.009115496800134137,0.008654193042991221,0.009670161271835941
SPLN44,tierA_p95,B cells,il6_jak_stat3,N4,30.0,35.0,0.009156741128372801,0.00854881459093915,0.010005500580286519
SPLN44,tierA_p95,B cells,il6_jak_stat3,N4,35.0,40.0,0.00926753336904314,0.008427276104512414,0.010289882252588249
SPLN44,tierA_p95,B cells,il6_jak_stat3,N4,40.0,45.0,0.009344417243585004,0.008246604418308367,0.010696156765549181
SPLN44,tierA_p95,B cells,il6_jak_stat3,N4,45.0,50.0,0.00941116018777346,0.007956932168658223,0.011145421482585705
SPLN44,tierA_p95,B cells,il6_jak_stat3,N4,50.0,55.0,0.009549679469566736,0.007741596341728518,0.011713912589731881
SPLN44,tierA_p95,B cells,il6_jak_stat3,N4,55.0,60.0,0.009599901814137255,0.007492858993648462,0.01228918902544152
SPLN44,tierA_p95,B cells,il6_jak_stat3,N4,60.0,65.0,0.00963173014699488,0.0070119018283196855,0.013057540223570464
SPLN44,tierA_p95,B cells,il6_jak_stat3,N4,65.0,70.0,0.009915348151363563,0.006486601136135613,0.013931876266496062
SPLN44,tierA_p95,B cells,il6_jak_stat3,N4,70.0,75.0,0.00992060952633591,0.006404260078189774,0.014643746322477813
SPLN44,tierA_p95,B cells,il6_jak_stat3,N4,75.0,80.0,0.010040907467629805,0.0060707563502860155,0.015555808114853445
SPLN44,tierA_p95,B cells,il6_jak_stat3,N4,80.0,85.0,0.010100949002349724,0.006033125863267798,0.015654969166331394
SPLN44,tierA_p95,B cells,il6_jak_stat3,N4,85.0,90.0,0.00993401663653166,0.0059074884945324434,0.015760109052886016
SPLN44,tierA_p95,B cells,il6_jak_stat3,N4,90.0,95.0,0.00976125543174317,0.005266613938415186,0.01564449799657627
SPLN44,tierA_p95,B cells,il6_jak_stat3,N4,95.0,100.0,0.010455791392849016,0.008513419241922142,0.012132608306014573
SPLN44,tierA_p95,B cells,interferon_response,N4,0.0,5.0,0.013075934639361826,0.012415813054436937,0.013845249081389914
SPLN44,tierA_p95,B cells,interferon_response,N4,5.0,10.0,0.013072317255142117,0.012613364571790757,0.013584772145440245
SPLN44,tierA_p95,B cells,interferon_response,N4,10.0,15.0,0.013070749069985104,0.01269009055104173,0.013515014570219546
SPLN44,tierA_p95,B cells,interferon_response,N4,15.0,20.0,0.013070840810889392,0.01274502993588003,0.013424785309585133
SPLN44,tierA_p95,B cells,interferon_response,N4,20.0,25.0,0.01307428483705118,0.012742362768071494,0.013436676500327442
SPLN44,tierA_p95,B cells,interferon_response,N4,25.0,30.0,0.013093116846468125,0.012706536231685021,0.013495196970340895
SPLN44,tierA_p95,B cells,interferon_response,N4,30.0,35.0,0.013117979449494714,0.01267802527962061,0.013691155907168493
SPLN44,tierA_p95,B cells,interferon_response,N4,35.0,40.0,0.013165138356305575,0.012587201173659718,0.013916994309614216
SPLN44,tierA_p95,B cells,interferon_response,N4,40.0,45.0,0.013217477878427813,0.0123924742999053,0.014174886874210377
SPLN44,tierA_p95,B cells,interferon_response,N4,45.0,50.0,0.013273069711596279,0.012216823598476548,0.014454213630998258
SPLN44,tierA_p95,B cells,interferon_response,N4,50.0,55.0,0.013307275848917237,0.012001167906984665,0.014714214290387708
SPLN44,tierA_p95,B cells,interferon_response,N4,55.0,60.0,0.01337383602795474,0.011783016566016278,0.015057049783637538
SPLN44,tierA_p95,B cells,interferon_response,N4,60.0,65.0,0.013418425239581781,0.01142157540958539,0.015597388357002322
SPLN44,tierA_p95,B cells,interferon_response,N4,65.0,70.0,0.01354019966895617,0.011244577391617862,0.016271321994603214
SPLN44,tierA_p95,B cells,interferon_response,N4,70.0,75.0,0.01371462709921499,0.01060466774051801,0.016979513405981493
SPLN44,tierA_p95,B cells,interferon_response,N4,75.0,80.0,0.013825120113062027,0.010647238323119992,0.017576763404009484
SPLN44,tierA_p95,B cells,interferon_response,N4,80.0,85.0,0.013701643150204461,0.010339055744249929,0.017846946408452836
SPLN44,tierA_p95,B cells,interferon_response,N4,85.0,90.0,0.013738793491499294,0.010015784209187846,0.017879579554163007
SPLN44,tierA_p95,B cells,interferon_response,N4,90.0,95.0,0.013683596898615527,0.010417301486422559,0.017981020361376065
SPLN44,tierA_p95,B cells,interferon_response,N4,95.0,100.0,0.013904835163315785,0.012552030123978056,0.015246123459060932
SPLN44,tierA_p95,B cells,oxidative_stress,N4,0.0,5.0,0.01884364950876481,0.017610408056401582,0.020045382331167944
SPLN44,tierA_p95,B cells,oxidative_stress,N4,5.0,10.0,0.018830806838022223,0.018110665009540765,0.01950992603264479
SPLN44,tierA_p95,B cells,oxidative_stress,N4,10.0,15.0,0.018835012729594713,0.0182599556294379,0.019423127596665736
SPLN44,tierA_p95,B cells,oxidative_stress,N4,15.0,20.0,0.0188242016446895,0.018235457365687158,0.019394286732791984
SPLN44,tierA_p95,B cells,oxidative_stress,N4,20.0,25.0,0.018828362661187124,0.018234025541221707,0.019416641777309257
SPLN44,tierA_p95,B cells,oxidative_stress,N4,25.0,30.0,0.018816119338618903,0.018135252125542855,0.01952739478682147
SPLN44,tierA_p95,B cells,oxidative_stress,N4,30.0,35.0,0.018818692710785165,0.018006029264345812,0.019588730669352086
SPLN44,tierA_p95,B cells,oxidative_stress,N4,35.0,40.0,0.018770818892617613,0.017740008632513134,0.01976110002304061
SPLN44,tierA_p95,B cells,oxidative_stress,N4,40.0,45.0,0.01875646682673102,0.017385441936390973,0.02008382754709742
SPLN44,tierA_p95,B cells,oxidative_stress,N4,45.0,50.0,0.01874518196615225,0.016859909514103738,0.020379793998912682
SPLN44,tierA_p95,B cells,oxidative_stress,N4,50.0,55.0,0.018767282406881584,0.01635082421530442,0.020923370984749695
SPLN44,tierA_p95,B cells,oxidative_stress,N4,55.0,60.0,0.01870018001116604,0.015678223429576036,0.021455060791338913
SPLN44,tierA_p95,B cells,oxidative_stress,N4,60.0,65.0,0.018642172672416506,0.014940883883925777,0.02226994180295731
SPLN44,tierA_p95,B cells,oxidative_stress,N4,65.0,70.0,0.018711773726937133,0.014333227100117637,0.02275545896866749
SPLN44,tierA_p95,B cells,oxidative_stress,N4,70.0,75.0,0.018314370287244117,0.0127008954980795,0.02367753621324305
SPLN44,tierA_p95,B cells,oxidative_stress,N4,75.0,80.0,0.0187736453848027,0.013051926176399668,0.024025407722119915
SPLN44,tierA_p95,B cells,oxidative_stress,N4,80.0,85.0,0.018657193241870828,0.01205334077187597,0.0243523814945338
SPLN44,tierA_p95,B cells,oxidative_stress,N4,85.0,90.0,0.018206180701044045,0.01095740301425344,0.024222215768723354
SPLN44,tierA_p95,B cells,oxidative_stress,N4,90.0,95.0,0.018467295605008812,0.01057419869171099,0.024820116224678262
SPLN44,tierA_p95,B cells,oxidative_stress,N4,95.0,100.0,0.017420180459822947,0.01527852517423201,0.01909208607022411
SPLN44,tierA_p95,B cells,secondary_senescence,N4,0.0,5.0,-0.005328654210193266,-0.0058655043480069355,-0.0047508209791496435
SPLN44,tierA_p95,B cells,secondary_senescence,N4,5.0,10.0,-0.005333978824636947,-0.00570878230909195,-0.004943251138130646
SPLN44,tierA_p95,B cells,secondary_senescence,N4,10.0,15.0,-0.005348511733893057,-0.005625248624169783,-0.005034058959641701
SPLN44,tierA_p95,B cells,secondary_senescence,N4,15.0,20.0,-0.005339534725336568,-0.005584351810556252,-0.005069422826063058
SPLN44,tierA_p95,B cells,secondary_senescence,N4,20.0,25.0,-0.0053298217206144746,-0.005563869497233376,-0.005075879811677464
SPLN44,tierA_p95,B cells,secondary_senescence,N4,25.0,30.0,-0.0053092314457300295,-0.005590504950041146,-0.004979214688367099
SPLN44,tierA_p95,B cells,secondary_senescence,N4,30.0,35.0,-0.005277283513437885,-0.005615139858187686,-0.00481019880698632
SPLN44,tierA_p95,B cells,secondary_senescence,N4,35.0,40.0,-0.005243944204448029,-0.005727429348675834,-0.0046268682282879095
SPLN44,tierA_p95,B cells,secondary_senescence,N4,40.0,45.0,-0.005200446221768459,-0.005788016235292979,-0.004467531333086932
SPLN44,tierA_p95,B cells,secondary_senescence,N4,45.0,50.0,-0.00517143546740822,-0.005961436431127928,-0.004293883988286063
SPLN44,tierA_p95,B cells,secondary_senescence,N4,50.0,55.0,-0.005134113489912411,-0.006138733244149149,-0.004028973684288882
SPLN44,tierA_p95,B cells,secondary_senescence,N4,55.0,60.0,-0.005068652931498635,-0.006436589643001212,-0.0036398327973479003
SPLN44,tierA_p95,B cells,secondary_senescence,N4,60.0,65.0,-0.005029338330554041,-0.006614372113362851,-0.003226640864948463
SPLN44,tierA_p95,B cells,secondary_senescence,N4,65.0,70.0,-0.004975077660208868,-0.006807213410337108,-0.0029187416800345216
SPLN44,tierA_p95,B cells,secondary_senescence,N4,70.0,75.0,-0.004846653172606025,-0.007045231259068155,-0.002043365317893063
SPLN44,tierA_p95,B cells,secondary_senescence,N4,75.0,80.0,-0.004776845370144334,-0.007337080355367306,-0.0018732321567378166
SPLN44,tierA_p95,B cells,secondary_senescence,N4,80.0,85.0,-0.004710160944083011,-0.007047379271509349,-0.0015873197097969482
SPLN44,tierA_p95,B cells,secondary_senescence,N4,85.0,90.0,-0.004778180137375744,-0.007367504158013938,-0.0014299744672266732
SPLN44,tierA_p95,B cells,secondary_senescence,N4,90.0,95.0,-0.0048132877683932235,-0.007362752429971865,-0.0014039243552456861
SPLN44,tierA_p95,B cells,secondary_senescence,N4,95.0,100.0,-0.004390865416366293,-0.005896606074565675,-0.003112652800267881
SPLN44,tierA_p95,B cells,tnfa_nfkb_proximal,N4,0.0,5.0,8.139703035757295e-06,-0.0005248109813488766,0.0005571728064683592
SPLN44,tierA_p95,B cells,tnfa_nfkb_proximal,N4,5.0,10.0,2.7924562205980676e-05,-0.00031759803896328203,0.0004144512012720393
SPLN44,tierA_p95,B cells,tnfa_nfkb_proximal,N4,10.0,15.0,2.678593993540361e-05,-0.00025137798396706625,0.0003562385855303827
SPLN44,tierA_p95,B cells,tnfa_nfkb_proximal,N4,15.0,20.0,1.4211361314264447e-05,-0.00024399552012583782,0.0002956402796132249
SPLN44,tierA_p95,B cells,tnfa_nfkb_proximal,N4,20.0,25.0,3.0617226315484536e-05,-0.0002375321883895644,0.0002873880933281069
SPLN44,tierA_p95,B cells,tnfa_nfkb_proximal,N4,25.0,30.0,2.5036538265116034e-05,-0.0002713710003515238,0.00033828143928860615
SPLN44,tierA_p95,B cells,tnfa_nfkb_proximal,N4,30.0,35.0,3.32310601850026e-05,-0.0003430513267450411,0.0004569896514421277
SPLN44,tierA_p95,B cells,tnfa_nfkb_proximal,N4,35.0,40.0,7.055965976647583e-05,-0.0003804983394104017,0.0006056491499669861
SPLN44,tierA_p95,B cells,tnfa_nfkb_proximal,N4,40.0,45.0,0.00010118322138983688,-0.0005762252681800242,0.0008110451953483364
SPLN44,tierA_p95,B cells,tnfa_nfkb_proximal,N4,45.0,50.0,0.0001120626712024217,-0.0007697700404043525,0.0010632879688196053
SPLN44,tierA_p95,B cells,tnfa_nfkb_proximal,N4,50.0,55.0,0.00012369916936877382,-0.0008869236475625439,0.001204099980036333
SPLN44,tierA_p95,B cells,tnfa_nfkb_proximal,N4,55.0,60.0,9.292718844587074e-05,-0.0012479097069758329,0.0015786111618617444
SPLN44,tierA_p95,B cells,tnfa_nfkb_proximal,N4,60.0,65.0,0.00014912782386840802,-0.00148599045232584,0.0019857275214176834
SPLN44,tierA_p95,B cells,tnfa_nfkb_proximal,N4,65.0,70.0,0.0001435826238824575,-0.0018231491659806733,0.0026752984849147334
SPLN44,tierA_p95,B cells,tnfa_nfkb_proximal,N4,70.0,75.0,0.00022599697315513746,-0.0018657926372659174,0.002776561355223119
SPLN44,tierA_p95,B cells,tnfa_nfkb_proximal,N4,75.0,80.0,0.00020336721464154418,-0.002117296940402172,0.0031116176609540533
SPLN44,tierA_p95,B cells,tnfa_nfkb_proximal,N4,80.0,85.0,0.00022372342128902184,-0.0021283735329463063,0.0034526356734937477
SPLN44,tierA_p95,B cells,tnfa_nfkb_proximal,N4,85.0,90.0,9.925371656243675e-05,-0.002469712943018064,0.003183687420567699
SPLN44,tierA_p95,B cells,tnfa_nfkb_proximal,N4,90.0,95.0,6.23012454729852e-05,-0.002668706477030632,0.0033450178447102575
SPLN44,tierA_p95,B cells,tnfa_nfkb_proximal,N4,95.0,100.0,0.0006260577838492211,-0.0004841272924357488,0.0014849836987688072
