section,arm,week,call,celltype,module,n,n_senders,design,lam_near,beta_near,rss_near,aic_near,railed_near,lam_sup,beta_sup,rss_sup,aic_sup,railed_sup,aic0,rss0,d_aic,d_aic_near_vs_cov,d_aic_sup_vs_cov,boot_win_sup,d_aic_per1k,d_aic_per1k_lo,d_aic_per1k_hi,r_regressors,sd_y,beta_sup_sd,beta_near_sd
SPLN07,?,,tierA_p95,B cells,downstream_arrest,35179,10355,naive,49.99999999999999,0.00128382249149422,1.8328731356827257,-346938.5495629186,1.0,49.99999999999999,0.0002320947446616767,1.8121172482266452,-347339.19767453446,1.0,-346927.37653947633,1.8336638410842152,-400.64811161585385,-11.173023442272097,-411.82113505812595,1.0,-11.388843105712324,-18.31992629759303,-6.053599745521681,0.3616741432211846,0.007219682773837678,0.10840003991340345,0.17782256250491346
SPLN07,?,,tierA_p95,B cells,downstream_arrest,35179,10355,ctrl,23.47241150476913,-0.00018192341673145968,1.726358956941199,-348998.7238108024,0.0,49.99999999999999,-6.465282468439899e-06,1.7263827763002275,-348998.23843350174,1.0,-349002.1086326017,1.7263891461928194,0.4853773006470874,3.3848217992926948,3.870199099939782,0.585,0.013797359238383336,-0.20348594337041195,0.11926183276848522,0.34474097852537094,0.007219682773837678,-0.0030196154533870157,-0.025198256267644655
SPLN07,?,,tierA_p95,B cells,downstream_arrest,35179,10355,ctrl+N2,6.999999999999999,-0.00020024378538625157,1.726296980831935,-348997.98675595963,,49.99999999999999,-1.2172395120549761e-05,1.726335090315306,-348997.21015799727,,,,0.7765979623293713,,,,,,,,0.007219682773837678,,
SPLN07,?,,tierA_p95,B cells,emt_ecm,35179,10355,naive,49.99999999999999,-0.0018753621075642745,2.202666749851876,-340473.2111660508,1.0,49.99999999999999,-0.0003045512028352186,2.167254433707323,-341043.38032377575,1.0,-340450.27452541183,2.204353982689095,-570.169157724944,-22.936640638974495,-593.1057983639184,1.0,-16.207656776057988,-25.727776425262004,-6.679134838967579,0.3616741432211846,0.007915874918046548,-0.12973096446035776,-0.23691153874247398
SPLN07,?,,tierA_p95,B cells,emt_ecm,35179,10355,ctrl,49.99999999999999,0.0002470386855107267,1.9510891688651275,-344693.7561874368,1.0,49.99999999999999,1.5230366880579475e-05,1.9510812807787172,-344693.8984134085,1.0,-344697.26191983337,1.9511165820076943,-0.1422259716782719,3.505732396559324,3.3635064248810522,0.64,-0.004042922529869294,-0.23274065054426968,0.10950763664110472,0.3616741432211846,0.007915874918046548,0.006487743821428035,0.031208007710723403
SPLN07,?,,tierA_p95,B cells,emt_ecm,35179,10355,ctrl+N2,49.99999999999999,0.0002450292215336577,1.951086955017481,-344691.796104111,,49.99999999999999,1.3819605493572627e-05,1.9510783391786881,-344691.9514520114,,,,-0.15534790048125144,,,,,,,,0.007915874918046548,,
SPLN07,?,,tierA_p95,B cells,il6_jak_stat3,35179,10355,naive,49.99999999999999,-0.00010714248028906804,4.380280410185272,-316289.6201811789,1.0,49.99999999999999,-0.0001424679819409555,4.3721672913209275,-316354.8388491466,1.0,-316293.57595194253,4.380285917350893,-65.21866796771064,3.955770763626788,-61.262897204083856,1.0,-1.8539090925754185,-3.505993038247073,-0.7005369070243949,0.3616741432211846,0.011158594216497576,-0.04305167357087445,-0.009601790171835442
SPLN07,?,,tierA_p95,B cells,il6_jak_stat3,35179,10355,ctrl,40.868941774896264,0.0009158910862422887,4.315072472229636,-316771.25674380467,0.0,49.99999999999999,-5.153085389490709e-05,4.3151473272836665,-316770.64648682234,1.0,-316771.3631712381,4.315550086078681,0.6102569823269732,0.10642743343487382,0.716684415761847,0.445,0.01734719526782948,-0.5080436919319953,0.3103891633077931,0.3584375986939682,0.011158594216497576,-0.015571846182473448,0.08207943298145007
SPLN07,?,,tierA_p95,B cells,il6_jak_stat3,35179,10355,ctrl+N2,27.304873519796445,0.0007352183800839236,4.314635673947716,-316772.8179596679,,40.868941774896264,-3.91464782190209e-05,4.3144629808745805,-316774.22602553054,,,,-1.4080658626523292,,,,,,,,0.011158594216497576,,
SPLN07,?,,tierA_p95,B cells,interferon_response,35179,10355,naive,17.345738419684505,-4.0689992915362394e-05,3.0920251224121533,-328541.99051669583,0.0,49.99999999999999,-2.676598116614378e-05,3.0917403507429766,-328545.2306080611,1.0,-328545.97017958015,3.0920269099243294,-3.240091365238186,3.979662884317804,0.7395715190796182,0.79,-0.0921029979600951,-0.49948946715071646,0.0852412459723948,0.3332083868733969,0.009375185886403842,-0.00962687940297232,-0.004340179853930361
SPLN07,?,,tierA_p95,B cells,interferon_response,35179,10355,ctrl,6.999999999999999,0.0002444565488736411,3.064358412848928,-328812.18060536514,1.0,20.177866835741543,-2.5276779986628033e-05,3.0643828096646817,-328811.90052971814,0.0,-328815.7581065794,3.0643952159269845,0.2800756469951011,3.577501214283984,3.8575768612790853,0.575,0.00796144424216439,-0.19984466832195386,0.10326581557442215,0.5668858532753606,0.009375185886403842,-0.002382254833889256,0.02607484820136569
SPLN07,?,,tierA_p95,B cells,interferon_response,35179,10355,ctrl+N2,49.99999999999999,0.00020569935062155853,3.064351737069772,-328810.2572437537,,21.2211739115045,-2.625126961479921e-05,3.064265779163617,-328811.2440611469,,,,-0.9868173932608387,,,,,,,,0.009375185886403842,,
SPLN07,?,,tierA_p95,B cells,oxidative_stress,35179,10355,naive,6.999999999999999,-0.0004223260040012238,12.504437759460236,-279387.8743278183,1.0,7.742591489922676,-0.0006177050187050397,12.503616737176419,-279390.1842030576,0.0,-279391.5529169191,12.504552006054624,-2.3098752393270843,3.678589100833051,1.3687138615059666,0.88,-0.06566062819656852,-0.2578431950016352,0.06424646751158289,0.8736155120339426,0.018853514684232398,-0.008648368235093786,-0.022400385872456123
SPLN07,?,,tierA_p95,B cells,oxidative_stress,35179,10355,ctrl,49.99999999999999,0.0003117784297416783,12.380232922323874,-279693.04941917775,1.0,8.563960425689007,-0.00036358567895902364,12.379893267401558,-279694.01457746665,0.0,-279696.9253103628,12.380276598913529,-0.9651582888909616,3.875891185074579,2.9107328961836174,0.73,-0.027435637422637413,-0.1930470406972038,0.11986633766265616,0.8222231149216181,0.018853514684232398,-0.0058025835281188525,0.016536886354982315
SPLN07,?,,tierA_p95,B cells,oxidative_stress,35179,10355,ctrl+N2,49.99999999999999,0.0003368844665569106,12.379883786601091,-279692.0415183457,,9.006764443646388,-0.00033852666839773095,12.37983933630693,-279692.1678296854,,,,-0.1263113396338719,,,,,,,,0.018853514684232398,,
SPLN07,?,,tierA_p95,B cells,secondary_senescence,35179,10355,naive,49.99999999999999,-0.0007335472879949917,1.2655925240535133,-359966.8932469509,1.0,49.99999999999999,-0.00015607007069532713,1.2561077898381598,-360231.52821295324,1.0,-359963.71850511385,1.2658506674247147,-264.63496600236977,-3.174741837021429,-267.8097078393912,1.0,-7.522526677914943,-10.678495666180716,-5.15376302086514,0.3616741432211846,0.005998594326904157,-0.08773085975570273,-0.12228653045975939
SPLN07,?,,tierA_p95,B cells,secondary_senescence,35179,10355,ctrl,49.99999999999999,0.000281306417468108,1.2178343800907856,-361274.09667723876,1.0,49.99999999999999,-7.794250641020266e-06,1.217860700579717,-361273.3363780638,1.0,-361277.0695673305,1.2178699373271742,0.7602991749881767,2.972890091710724,3.7331892666989006,0.58,0.021612302083293348,-0.1316218616282003,0.17117135670496234,0.3616741432211846,0.005998594326904157,-0.004381341706591657,0.04689538950142563
SPLN07,?,,tierA_p95,B cells,secondary_senescence,35179,10355,ctrl+N2,49.99999999999999,0.00026651611188917323,1.2177126620232117,-361275.61286463216,,49.99999999999999,4.974631373166492e-06,1.2176173233101837,-361278.36725160026,,,,-2.7543869681130877,,,,,,,,0.005998594326904157,,
SPLN07,?,,tierA_p95,B cells,tnfa_nfkb_proximal,35179,10355,naive,49.99999999999999,0.0006226138934737041,1.8061186780706777,-347455.8423031055,1.0,6.999999999999999,0.0001776919574967374,1.8062455009408735,-347453.3721746625,1.0,-347456.2202300198,1.8063046478437155,2.4701284430339,0.3779269143124111,2.848055357346311,0.24,0.07021599371880667,-0.13289867990935766,0.30341055594567123,0.8244519046126032,0.007165619691967037,0.005722298441986024,0.08688905079414018
SPLN07,?,,tierA_p95,B cells,tnfa_nfkb_proximal,35179,10355,ctrl,49.99999999999999,0.0005913552586653637,1.7992887018544477,-347543.12655945076,1.0,6.999999999999999,0.0001618119741213126,1.7994000811910251,-347540.9489809387,1.0,-347544.0561955192,1.7994457475982955,2.1775785120553337,0.9296360684675165,3.10721458052285,0.32,0.0618999548610061,-0.1996199846654536,0.29819857373901254,0.8244519046126032,0.007165619691967037,0.005210907800518045,0.08252674353423628
SPLN07,?,,tierA_p95,B cells,tnfa_nfkb_proximal,35179,10355,ctrl+N2,12.818224546846722,0.00037268964277730105,1.7992353450699863,-347542.16978622717,,6.999999999999999,0.00015720086016193246,1.799350506757467,-347539.91819453414,,,,2.2515916930024984,,,,,,,,0.007165619691967037,,
SPLN07,?,,tierA_p95,Endothelial,downstream_arrest,37381,10355,naive,49.99999999999999,-0.00022877447230865028,1.408798557675621,-380761.6162057583,1.0,21.2211739115045,-2.727097396717631e-05,1.4088205434239376,-380761.0328414153,0.0,-380764.67243288254,1.4088341266184161,0.5833643429796211,3.056227124237921,3.6395914672175422,0.59,0.015605905218683854,-0.1153821357291755,0.09432304841232989,0.7089144629114276,0.006139096695984498,-0.003105067372450577,-0.03726516841166934
SPLN07,?,,tierA_p95,Endothelial,downstream_arrest,37381,10355,ctrl,49.99999999999999,-0.0004116184886798338,1.3934099097679944,-381126.1843964667,1.0,45.204502969779604,-5.003325118727187e-05,1.3933052869591114,-381128.9912173613,0.0,-381127.29392671,1.3935176587560747,-2.8068208945915103,1.1095302432659082,-1.697290651325602,0.775,-0.0750868327383299,-0.34842688728875665,0.10113928715962128,0.44059279004087815,0.006139096695984498,-0.01640642303918312,-0.06704870585961274
SPLN07,?,,tierA_p95,Endothelial,downstream_arrest,37381,10355,ctrl+N2,49.99999999999999,-0.00042227331733368437,1.3933497807563047,-381125.7975119384,,45.204502969779604,-4.991533129997004e-05,1.3933052380360715,-381126.992529918,,,,-1.1950179795823053,,,,,,,,0.006139096695984498,,
SPLN07,?,,tierA_p95,Endothelial,emt_ecm,37381,10355,naive,49.99999999999999,-0.0003327789851036943,3.715461085139214,-344510.81090999633,1.0,49.99999999999999,0.0001015988178212546,3.7133874575727455,-344531.67935915897,1.0,-344514.05372601433,3.7155363457291486,-20.868449162633624,3.242816017998848,-17.625633144634776,0.92,-0.5582635339513021,-2.0329621938133635,0.14128245947927634,0.40679325954575063,0.009969773672847473,0.024048951644165553,-0.03337879033068063
SPLN07,?,,tierA_p95,Endothelial,emt_ecm,37381,10355,ctrl,6.999999999999999,0.000788844355773694,3.4254218954169993,-347503.0690476941,1.0,49.99999999999999,0.00017452827459685504,3.4223896430233443,-347536.17411593354,1.0,-347503.6220640443,3.4257377756148477,-33.10506823944161,0.5530163501971401,-32.55205188924447,1.0,-0.8856121623135178,-1.9806565893473944,-0.17517186423257866,0.28995971068786286,0.009969773672847473,0.04131172120234405,0.07912359714272911
SPLN07,?,,tierA_p95,Endothelial,emt_ecm,37381,10355,ctrl+N2,6.999999999999999,0.0007841001177706325,3.425408150121003,-347501.2190478857,,49.99999999999999,0.00014550944114989943,3.4202620317964834,-347557.42014440725,,,,-56.201096521637076,,,,,,,,0.009969773672847473,,
SPLN07,?,,tierA_p95,Endothelial,il6_jak_stat3,37381,10355,naive,6.999999999999999,-0.0010455923009374303,4.928103637117999,-333952.49245898693,1.0,6.999999999999999,-0.0004954783566309932,4.928398010683748,-333950.2596224984,1.0,-333952.1182411844,4.928680343465003,2.2328364885179326,-0.3742178025422618,1.8586186859756708,0.325,0.05973185544843457,-0.17118386853768675,0.1892471767385825,0.9257365159567283,0.011482590275855287,-0.007568596054502062,-0.09105892274541598
SPLN07,?,,tierA_p95,Endothelial,il6_jak_stat3,37381,10355,ctrl,6.999999999999999,-0.000405615502551121,4.7770745542134225,-335070.01029031095,1.0,49.99999999999999,-3.4793234444790665e-05,4.777025262486903,-335070.3960041018,1.0,-335073.35683292313,4.777158062999821,-0.3857137908344157,3.346542612183839,2.9608288213494234,0.73,-0.010318444954239205,-0.20035110742892911,0.08276864589244959,0.28995971068786286,0.011482590275855287,-0.007150686345836033,-0.035324390470388364
SPLN07,?,,tierA_p95,Endothelial,il6_jak_stat3,37381,10355,ctrl+N2,12.18803582947357,-0.0002432952990650678,4.77697742742809,-335068.7703230949,,49.99999999999999,-2.259296372326205e-05,4.776640093754827,-335071.4101336206,,,,-2.6398105257068916,,,,,,,,0.011482590275855287,,
SPLN07,?,,tierA_p95,Endothelial,interferon_response,37381,10355,naive,49.99999999999999,-0.00037191191960064487,2.3396314219737233,-361799.87404080294,1.0,49.99999999999999,-1.0939228415877594e-05,2.3397005116689624,-361798.7701901104,1.0,-361802.3721762304,2.339725423742911,1.1038506925688125,2.498135427478701,3.6019861200475134,0.57,0.02952972613276297,-0.19928113264385153,0.23142993962478883,0.40679325954575063,0.007911466427180727,-0.0032630407319457584,-0.04700922679465474
SPLN07,?,,tierA_p95,Endothelial,interferon_response,37381,10355,ctrl,18.24260882600192,0.00012673852180493736,2.315732455433834,-362137.6786755818,0.0,36.94920399670096,0.00010971246202182367,2.3151271656674397,-362147.45065691473,0.0,-362141.3814161196,2.3157508705677654,-9.771981332916766,3.7027405377593823,-6.069240795157384,0.975,-0.26141572812168656,-0.6961430132689257,-0.008884503422329595,0.4776045470469676,0.007911466427180727,0.020539381219190952,0.01601959926841039
SPLN07,?,,tierA_p95,Endothelial,interferon_response,37381,10355,ctrl+N2,6.999999999999999,0.00011109992003682757,2.3157041823062876,-362136.13506864663,,35.13265199376635,0.00011440707980427112,2.315084507910039,-362146.1394330407,,,,-10.004364394068157,,,,,,,,0.007911466427180727,,
SPLN07,?,,tierA_p95,Endothelial,oxidative_stress,37381,10355,naive,6.999999999999999,-0.002129171486185249,13.626688537881495,-295933.17427918414,1.0,9.006764443646388,-0.0015047525722675162,13.623981842138665,-295940.60007770464,0.0,-295930.6147337989,13.629079932571766,-7.425798520504031,-2.559545385243837,-9.985343905747868,0.995,-0.19865168188395257,-0.786081080476514,-0.05920350460111314,0.881783557177414,0.01909447894275698,-0.019340624723455317,-0.11150717924572594
SPLN07,?,,tierA_p95,Endothelial,oxidative_stress,37381,10355,ctrl,7.742591489922676,-0.0010244398727628603,13.236541011976293,-296973.05490153225,0.0,45.204502969779604,-0.00020095625307418852,13.233748796588431,-296980.9411622839,0.0,-296975.27548198844,13.237171116049876,-7.886260751634836,2.2205804561963305,-5.665680295438506,0.99,-0.2109697640949904,-0.5912624350279195,-0.042393946066522685,0.3310834830535928,0.01909447894275698,-0.021186214644788825,-0.05365110384946142
SPLN07,?,,tierA_p95,Endothelial,oxidative_stress,37381,10355,ctrl+N2,6.999999999999999,-0.001122312151883822,13.23642468397232,-296971.38342211937,,33.40540803599722,-0.0002797878152132833,13.233573673192858,-296979.43583171314,,,,-8.052409593774726,,,,,,,,0.01909447894275698,,
SPLN07,?,,tierA_p95,Endothelial,secondary_senescence,37381,10355,naive,49.99999999999999,-0.0007808790125203927,2.031352409736962,-367081.4961650267,1.0,49.99999999999999,-1.2617464349633637e-05,2.0317336710097047,-367074.4808434731,1.0,-367077.8710801886,2.0317668131594804,7.015321553568356,-3.625084838073235,3.3902367154951207,0.395,0.18767078338108548,-0.7690017460837322,0.5348425819551813,0.40679325954575063,0.0073724438492327755,-0.004038809848640396,-0.1059186110309592
SPLN07,?,,tierA_p95,Endothelial,secondary_senescence,37381,10355,ctrl,6.999999999999999,0.0005157708650905636,1.9540023891063603,-368486.7015949279,1.0,49.99999999999999,0.0001161251000960613,1.9526550773697766,-368512.4852027584,1.0,-368488.11835022125,1.9541374267122018,-25.783607830526307,1.4167552933795378,-24.36685253714677,0.99,-0.6897516875023757,-1.638649681791948,-0.03162005539709624,0.28995971068786286,0.0073724438492327755,0.03717127189314724,0.06995928020181241
SPLN07,?,,tierA_p95,Endothelial,secondary_senescence,37381,10355,ctrl+N2,7.361938632551805,0.00048260593517410357,1.9539673888166775,-368485.37117320154,,49.99999999999999,9.85593022428433e-05,1.9518736888038333,-368525.4468476189,,,,-40.075674417383254,,,,,,,,0.0073724438492327755,,
SPLN07,?,,tierA_p95,Endothelial,tnfa_nfkb_proximal,37381,10355,naive,6.999999999999999,0.0004332140611124303,2.022668867759162,-367241.63344940374,1.0,40.868941774896264,5.303978090044288e-05,2.022455641098161,-367245.57430502126,0.0,-367243.80387294496,2.022767867729937,-3.9408556175185367,2.1704235412180424,-1.7704320763004944,0.895,-0.1054240287182937,-0.6034804968725569,0.06893984083001437,0.3523415306198537,0.007356098999944792,0.012424014480193674,0.058891820386972736
SPLN07,?,,tierA_p95,Endothelial,tnfa_nfkb_proximal,37381,10355,ctrl,6.999999999999999,0.0005333442321328714,1.9980736741425984,-367652.96409951797,1.0,49.99999999999999,0.00010718167588481328,1.9969575733559446,-367673.8505266854,1.0,-367654.26356178656,1.9982180273771417,-20.886427167453803,1.2994622685946524,-19.58696489885915,0.99,-0.5587444735949761,-1.007485880668578,-0.013610612382996864,0.28995971068786286,0.007356098999944792,0.034384742134940485,0.07250367784125396
SPLN07,?,,tierA_p95,Endothelial,tnfa_nfkb_proximal,37381,10355,ctrl+N2,6.999999999999999,0.0005291136737248863,1.9980626096302718,-367651.1711007341,,49.99999999999999,0.00010342222724608112,1.9969217517470543,-367672.52107652085,,,,-21.34997578671028,,,,,,,,0.007356098999944792,,
SPLN07,?,,tierA_p95,Erythroid cells,downstream_arrest,9733,10355,naive,6.999999999999999,-0.0012800404532155249,2.2920970511978793,-81299.63575711763,1.0,49.99999999999999,6.201929925972631e-05,2.292141582991563,-81299.44666227221,1.0,-81302.61883614567,2.292336546043522,0.18909484542382415,2.9830790280393558,3.17217387346318,0.66,0.01942821796196693,-3.149088954248815,0.6441696419754013,0.28272360981860123,0.015346729114969634,0.009222251637729526,-0.08340803069779404
SPLN07,?,,tierA_p95,Erythroid cells,downstream_arrest,9733,10355,ctrl,49.99999999999999,0.0007998246196246907,1.2244673044169574,-87355.84955983497,1.0,49.99999999999999,0.00026594935184532596,1.2227235721140155,-87369.71995265114,1.0,-87359.00145011385,1.2245740061400423,-13.870392816170352,3.151890278881183,-10.718502537289169,0.99,-1.4250891622490858,-3.0184796174348785,-0.09015280445157886,0.40028783332016044,0.015346729114969634,0.03954659073681844,0.05211694385042622
SPLN07,?,,tierA_p95,Erythroid cells,downstream_arrest,9733,10355,ctrl+N2,49.99999999999999,0.000816190956182367,1.2244454489632963,-87354.02328519957,,49.99999999999999,0.00023122687162079446,1.2214202540658292,-87378.10002572986,,,,-24.076740530293392,,,,,,,,0.015346729114969634,,
SPLN07,?,,tierA_p95,Erythroid cells,emt_ecm,9733,10355,naive,7.361938632551805,-0.0010092761764628237,0.9803128403859175,-89566.36587480937,0.0,6.999999999999999,-0.0008214887659970616,0.9802554020083099,-89566.93616633743,1.0,-89568.75655037099,0.9804749457848481,-0.5702915280562593,2.390675561618991,1.820384033562732,0.84,-0.05859360197845056,-0.9465818993592179,0.13871784578459495,0.9237117873122903,0.010036791180949797,-0.014963814471129646,-0.10055765415125002
SPLN07,?,,tierA_p95,Erythroid cells,emt_ecm,9733,10355,ctrl,12.818224546846722,-0.0009502676764701726,0.9090143436431363,-90255.31319167775,0.0,8.563960425689007,-0.0008145852607932471,0.9089220671175887,-90256.30126520837,0.0,-90256.6276429148,0.9092651952991264,-0.9880735306214774,1.3144512370490702,0.3263777064275928,0.73,-0.10151788047071586,-0.5754859620860046,0.27536794373180923,0.8981683258301199,0.010036791180949797,-0.019286787191942652,-0.09467843449599087
SPLN07,?,,tierA_p95,Erythroid cells,emt_ecm,9733,10355,ctrl+N2,14.178039470333344,-0.0008861030599957436,0.9087032687169747,-90256.64450372016,,11.019082036984365,-0.0005427215156445043,0.9083310576779429,-90260.63202342845,,,,-3.9875197082892435,,,,,,,,0.010036791180949797,,
SPLN07,?,,tierA_p95,Erythroid cells,il6_jak_stat3,9733,10355,naive,6.999999999999999,0.0012312503755208253,1.9064789891039946,-83092.54255581072,1.0,14.178039470333344,0.0004441859996973581,1.9063424717086874,-83093.23953248415,0.0,-83095.41137769134,1.9067005747036534,-0.6969766734255245,2.8688218806200894,2.171845207194565,0.805,-0.07160964486032308,-1.1650755816969278,0.18217382368091822,0.7548292636048916,0.013996449677904558,0.013704485251967196,0.08796876377704306
SPLN07,?,,tierA_p95,Erythroid cells,il6_jak_stat3,9733,10355,ctrl,6.999999999999999,0.0012342477787776291,1.7905871547610892,-83656.94272693516,1.0,49.99999999999999,-0.00010771437977122965,1.7904976381569833,-83657.42931977409,1.0,-83659.77884701088,1.7908012874079546,-0.48659283893357497,2.836120075720828,2.349527236787253,0.86,-0.04999412708656888,-1.2675060576409725,0.15539708627677715,0.28272360981860123,0.013996449677904558,-0.0175623140403223,0.08818291831805652
SPLN07,?,,tierA_p95,Erythroid cells,il6_jak_stat3,9733,10355,ctrl+N2,6.999999999999999,0.0012159840901719802,1.7905271475336797,-83655.26891051665,,49.99999999999999,-7.381425287141334e-05,1.7892479553195648,-83662.22486612402,,,,-6.955955607373186,,,,,,,,0.013996449677904558,,
SPLN07,?,,tierA_p95,Erythroid cells,interferon_response,9733,10355,naive,6.999999999999999,0.00042122198729262667,0.8332546245703951,-91148.29448702652,1.0,36.94920399670096,3.828489049539516e-05,0.8332512625381869,-91148.3337580063,0.0,-91151.99156344768,0.8332805586504297,-0.03927097977430094,3.697076421158272,3.657805441383971,0.635,-0.004034827881876188,-0.6430529056419227,0.28162561642483597,0.38325531467793367,0.009252780570414062,0.005929381181773025,0.04552382757178615
SPLN07,?,,tierA_p95,Erythroid cells,interferon_response,9733,10355,ctrl,49.99999999999999,-0.00014773152533991508,0.7569553884658916,-92037.00263128142,1.0,49.99999999999999,-6.842023212127508e-05,0.7568365319682351,-92038.53101874134,1.0,-92040.95582094963,0.7569590290102339,-1.5283874599263072,3.9531896682165097,2.4248022082902025,0.795,-0.1570314866871784,-0.7762856506750384,0.12624516274785882,0.40028783332016044,0.009252780570414062,-0.01687478393774466,-0.015966176242882404
SPLN07,?,,tierA_p95,Erythroid cells,interferon_response,9733,10355,ctrl+N2,14.178039470333344,-8.199327652477241e-05,0.7569107103711818,-92035.57712316846,,49.99999999999999,-5.731407476337711e-05,0.7567033567391324,-92038.24381735058,,,,-2.6666941821110957,,,,,,,,0.009252780570414062,,
SPLN07,?,,tierA_p95,Erythroid cells,oxidative_stress,9733,10355,naive,6.999999999999999,0.003574320184294388,4.5179992718047775,-74694.80136735774,1.0,7.742591489922676,0.0028043350431064817,4.516525024220566,-74697.97781614338,0.0,-74694.77932612288,4.519866664641221,-3.1764487856416963,-0.02204123485716991,-3.198490020498866,0.975,-0.3263586546431415,-0.8994570332941542,-0.003556863127445243,0.9089599090015082,0.021549611746566173,0.027190490749808338,0.16586471376673756
SPLN07,?,,tierA_p95,Erythroid cells,oxidative_stress,9733,10355,ctrl,6.999999999999999,0.004406635281133576,4.343005064313006,-75033.28150882697,1.0,6.999999999999999,0.0036289710805880665,4.341661999075538,-75036.29188423115,1.0,-75031.1657964628,4.345734840965612,-3.0103754041774664,-2.115712364175124,-5.1260877683525905,0.95,-0.3092957365845542,-0.6799830733605984,0.05635225202216279,0.9230159513714092,0.021549611746566173,0.03078786914988761,0.2044879199102631
SPLN07,?,,tierA_p95,Erythroid cells,oxidative_stress,9733,10355,ctrl+N2,6.999999999999999,0.004363223228198296,4.342667757032818,-75032.03746909102,,6.999999999999999,0.0035911741688112557,4.341301215345602,-75035.10071134668,,,,-3.063242255647681,,,,,,,,0.021549611746566173,,
SPLN07,?,,tierA_p95,Erythroid cells,secondary_senescence,9733,10355,naive,49.99999999999999,0.00017539592817040854,0.5147572000731454,-95836.13489555105,1.0,7.742591489922676,-0.0001051951137755034,0.514757953220902,-95836.12065508633,0.0,-95840.03174874728,0.5147626553121523,0.014240464719478041,3.89685319623095,3.911093660950428,0.64,0.0014631115503419337,-0.5786394234539782,0.2686802083741393,0.8287763463126004,0.007272440128456346,-0.003022330891840162,0.024117892350874578
SPLN07,?,,tierA_p95,Erythroid cells,secondary_senescence,9733,10355,ctrl,49.99999999999999,-0.00022079761599875258,0.49157464692608277,-96238.64642246337,1.0,49.99999999999999,-6.753691095237642e-05,0.49146341357739043,-96240.84905170214,1.0,-96242.48537302784,0.4915827809520153,-2.2026292387745343,3.8389505644736346,1.6363213256991003,0.775,-0.22630527471227108,-0.8594483065645414,0.16566387127854693,0.40028783332016044,0.007272440128456346,-0.021192733594913776,-0.030360870913798556
SPLN07,?,,tierA_p95,Erythroid cells,secondary_senescence,9733,10355,ctrl+N2,6.999999999999999,-9.774159371755854e-05,0.49139505485087154,-96240.20293022617,,49.99999999999999,-6.080397916996185e-05,0.49141419549851845,-96239.82382121086,,,,0.3791090153147802,,,,,,,,0.007272440128456346,,
SPLN07,?,,tierA_p95,Erythroid cells,tnfa_nfkb_proximal,9733,10355,naive,49.99999999999999,0.0015422081985410696,0.7141078830779041,-92650.14718879515,1.0,14.178039470333344,0.0004166992103529376,0.7142144840600025,-92648.69436920124,0.0,-92648.40052931852,0.7145296386062177,1.4528195939055877,-1.7466594766301569,-0.2938398827245692,0.37,0.14926739894231866,-0.7315352411106223,0.7713412015831693,0.8061612789179535,0.008568144108025621,0.021001565257661323,0.17999326095793822
SPLN07,?,,tierA_p95,Erythroid cells,tnfa_nfkb_proximal,9733,10355,ctrl,49.99999999999999,0.0008911380487166174,0.6438443418577325,-93612.26267459296,1.0,14.178039470333344,0.0002308071512881104,0.6438899478110974,-93611.57327345198,0.0,-93614.26027955824,0.6439768152308694,0.689401140974951,1.9976049652759684,2.6870061062509194,0.515,0.07083131007653869,-0.6087609589189642,0.48602501773828577,0.8061612789179535,0.008568144108025621,0.011632638913826028,0.10400595944434443
SPLN07,?,,tierA_p95,Erythroid cells,tnfa_nfkb_proximal,9733,10355,ctrl+N2,18.24260882600192,0.0005699172455867776,0.643656189565807,-93613.10738995524,,9.472463873139185,0.000341888120388884,0.6436377025858171,-93613.38694348586,,,,-0.2795535306280195,,,,,,,,0.008568144108025621,,
SPLN07,?,,tierA_p95,Mono/Mac/DC,downstream_arrest,33620,10355,naive,49.99999999999999,0.0005117508670591984,1.2402786446110583,-343169.50620369957,1.0,14.911122358641625,0.00021414735258750046,1.240081112716041,-343174.8610900663,0.0,-343169.202778898,1.2404374128292726,-5.354886366752908,-0.3034248015610501,-5.658311168313958,0.965,-0.1592768104328646,-0.5544478580647635,0.0398170100227229,0.7806455420910905,0.006074192814448121,0.016948081815448674,0.08425002014386074
SPLN07,?,,tierA_p95,Mono/Mac/DC,downstream_arrest,33620,10355,ctrl,49.99999999999999,0.00023630942970388188,1.2113577176758095,-343916.7451071716,1.0,13.48099749887925,0.0001359579649926207,1.2112932460333317,-343918.5344995794,0.0,-343919.88055848127,1.2113888685144172,-1.7893924078089185,3.135451309673954,1.3460589018650353,0.905,-0.053224045443453855,-0.3030693369808358,0.035918901717882534,0.7984989537701144,0.006074192814448121,0.009495327812172785,0.03890384070503831
SPLN07,?,,tierA_p95,Mono/Mac/DC,downstream_arrest,33620,10355,ctrl+N2,6.999999999999999,0.00017700544251334394,1.211325791490411,-343915.6311976156,,12.818224546846722,0.00014231439735036858,1.211284408867933,-343916.7797800558,,,,-1.1485824402421845,,,,,,,,0.006074192814448121,,
SPLN07,?,,tierA_p95,Mono/Mac/DC,emt_ecm,33620,10355,naive,49.99999999999999,-0.0020866719339499374,3.9411474830132533,-304300.218843232,1.0,49.99999999999999,-0.00023704084284939953,3.931174481214067,-304385.40146187536,1.0,-304281.70838333433,3.943787184068999,-85.18261864333181,-18.510459897690453,-103.69307854102226,1.0,-2.5336888353162346,-3.9258423695258515,-1.131460573842187,0.4093205309728213,0.010830733783597767,-0.0565519189718533,-0.19266210170518308
SPLN07,?,,tierA_p95,Mono/Mac/DC,emt_ecm,33620,10355,ctrl,49.99999999999999,-0.000721889575189137,3.7156372550615555,-306235.1671069306,1.0,49.99999999999999,-0.0001202698721100071,3.714511852603073,-306245.35156767163,1.0,-306236.53685952036,3.715927957844798,-10.18446074106032,1.3697525897878222,-8.814708151272498,0.965,-0.30292863596253183,-0.6809351236636849,0.04798081334316638,0.4093205309728213,0.010830733783597767,-0.028693333944317393,-0.06665195447936555
SPLN07,?,,tierA_p95,Mono/Mac/DC,emt_ecm,33620,10355,ctrl+N2,49.99999999999999,-0.000747158276075204,3.7153773138656954,-306235.51920109685,,47.54182525407475,-0.0001100149646099043,3.713722323827925,-306250.49834223196,,,,-14.979141135207545,,,,,,,,0.010830733783597767,,
SPLN07,?,,tierA_p95,Mono/Mac/DC,il6_jak_stat3,33620,10355,naive,49.99999999999999,-0.0017274232266510758,7.643734538621042,-282029.8474732932,1.0,36.94920399670096,-0.00020475996417115548,7.641838023287364,-282038.19009122095,0.0,-282025.89165908145,7.645543560861134,-8.34261792775942,-3.9558142117457464,-12.298432139505167,0.88,-0.24814449517428377,-0.9106984658849052,0.07161437835898207,0.5063852228679226,0.015080138456702693,-0.0220151387583453,-0.11454956010491639
SPLN07,?,,tierA_p95,Mono/Mac/DC,il6_jak_stat3,33620,10355,ctrl,49.99999999999999,-0.00022414951808538293,7.323367146609177,-283423.3241766345,1.0,42.98209161773131,-6.0725372607787444e-05,7.323146229736432,-283424.3383736753,0.0,-283427.19556676404,7.323395161454544,-1.0141970408149064,3.871390129555948,2.8571930887410417,0.745,-0.03016647950074082,-0.25963145681476657,0.0560515748895337,0.45618715701822743,0.015080138456702693,-0.008215192867176379,-0.014863889924756688
SPLN07,?,,tierA_p95,Mono/Mac/DC,il6_jak_stat3,33620,10355,ctrl+N2,49.99999999999999,-0.0002570138107839964,7.322938579710817,-283423.29169245675,,17.345738419684505,-0.00011987469747602551,7.322281606236853,-283426.30802787933,,,,-3.016335422621303,,,,,,,,0.015080138456702693,,
SPLN07,?,,tierA_p95,Mono/Mac/DC,interferon_response,33620,10355,naive,15.682109678112967,-0.0002530525062936714,3.7762616582792004,-305737.04953441635,0.0,30.20149733539872,1.620043641927986e-05,3.77631728923295,-305736.55425653094,0.0,-305740.4393544024,3.7763301954684074,0.4952778854058124,3.3898199860705063,3.8850978714763187,0.51,0.014731644420160988,-0.17317945581147218,0.14795036323647429,0.5377830799282108,0.010598297983674348,0.0018486930619582927,-0.02387671177575848
SPLN07,?,,tierA_p95,Mono/Mac/DC,interferon_response,33620,10355,ctrl,6.999999999999999,0.00041382973832094675,3.528265358103967,-307974.7953084219,1.0,49.99999999999999,6.401636024239058e-05,3.52794531504456,-307977.84506080684,1.0,-307978.02462489455,3.528346238745196,-3.0497523849480785,3.229316472657956,0.17956408770987764,0.855,-0.09071244452552286,-0.39560772511636544,0.04711034298898002,0.2991746546896096,0.010598297983674348,0.01560762769150733,0.039046810999215587
SPLN07,?,,tierA_p95,Mono/Mac/DC,interferon_response,33620,10355,ctrl+N2,6.999999999999999,0.00043475445072438173,3.527758272345158,-307977.62755506206,,6.999999999999999,0.00043334056050999193,3.5277650933647973,-307977.5625499112,,,,0.06500515082725433,,,,,,,,0.010598297983674348,,
SPLN07,?,,tierA_p95,Mono/Mac/DC,oxidative_stress,33620,10355,naive,6.999999999999999,-0.003950787709274371,17.89594037288866,-253429.73054247984,1.0,6.999999999999999,-0.0025495796221734735,17.896407783875823,-253428.85245773837,1.0,-253419.21788054865,17.903667136615425,0.8780847414745949,-10.51266193119227,-9.634577189717675,0.43,0.026117928062896933,-0.3339948386996702,0.18214944197158825,0.9206064834621316,0.023076617037919477,-0.020136220227984943,-0.17120307116988756
SPLN07,?,,tierA_p95,Mono/Mac/DC,oxidative_stress,33620,10355,ctrl,49.99999999999999,-0.0019670594035742276,17.238144468082695,-254642.7747421041,1.0,35.13265199376635,-0.00017850979541477867,17.23895322604551,-254641.1974374855,0.0,-254642.56719452378,17.240301959213713,1.5773046186077408,-0.20754758032853715,1.3697570382792037,0.43,0.04691566384912971,-0.2393461900150972,0.2213048155364834,0.5235959649420185,0.023076617037919477,-0.01163867061811535,-0.08524037124924841
SPLN07,?,,tierA_p95,Mono/Mac/DC,oxidative_stress,33620,10355,ctrl+N2,6.999999999999999,-0.0013978276833327406,17.235686642401266,-254645.5686450089,,6.999999999999999,-0.0007696746653697647,17.237005406672072,-254642.9963565005,,,,2.5722885084209897,,,,,,,,0.023076617037919477,,
SPLN07,?,,tierA_p95,Mono/Mac/DC,secondary_senescence,33620,10355,naive,49.99999999999999,-0.00044879341627069913,2.213634129057065,-323693.45703050424,1.0,49.99999999999999,-3.0046219502586222e-05,2.2135535881142374,-323694.6802840328,1.0,-323695.6025629454,2.2137562357167924,-1.2232535285293125,2.1455324411508627,0.9222789126215503,0.65,-0.03638469745774279,-0.267700393514063,0.17981137228824728,0.4093205309728213,0.008114579962205177,-0.0095676622600912,-0.05530704217663908
SPLN07,?,,tierA_p95,Mono/Mac/DC,secondary_senescence,33620,10355,ctrl,49.99999999999999,-0.0002001601405327358,2.1781420089268932,-324190.8686341365,1.0,6.999999999999999,0.00011560284278560004,2.1781504246939716,-324190.7387355617,1.0,-324194.5238657307,2.178164345583601,0.1298985747853294,3.6552315941662528,3.785130168951582,0.61,0.003863729172674878,-0.16466022813795328,0.14680962991916502,0.8145631014386161,0.008114579962205177,0.0025964740451700887,-0.024666728461650966
SPLN07,?,,tierA_p95,Mono/Mac/DC,secondary_senescence,33620,10355,ctrl+N2,49.99999999999999,-0.00021020011324691503,2.1781012214600204,-324189.4982016624,,42.98209161773131,9.04767947329788e-06,2.1780753700024285,-324189.89723323786,,,,-0.39903157551360807,,,,,,,,0.008114579962205177,,
SPLN07,?,,tierA_p95,Mono/Mac/DC,tnfa_nfkb_proximal,33620,10355,naive,49.99999999999999,-0.00022998593935717287,2.119746845633433,-325150.5107863818,1.0,49.99999999999999,5.8899701660656165e-05,2.1190001800002056,-325162.35527660354,1.0,-325154.00220624544,2.119778911941999,-11.84449022175977,3.4914198636543006,-8.35307035810547,0.83,-0.35230488464484744,-0.9493394400244657,0.24321332338084414,0.4093205309728213,0.007940474019879462,0.019166760259419813,-0.028963754399601995
SPLN07,?,,tierA_p95,Mono/Mac/DC,tnfa_nfkb_proximal,33620,10355,ctrl,49.99999999999999,-0.00019508129467349817,2.0927389109100316,-325535.6192860719,1.0,49.99999999999999,5.6274864222362934e-05,2.092451045886973,-325540.24417631124,1.0,-325539.27823360363,2.092760140457656,-4.624890239327215,3.6589475317159668,-0.9659427076112479,0.8,-0.1375636597063419,-0.5020686039482649,0.17284904114048413,0.4093205309728213,0.007940474019879462,0.01831260262396065,-0.024567965862054612
SPLN07,?,,tierA_p95,Mono/Mac/DC,tnfa_nfkb_proximal,33620,10355,ctrl+N2,49.99999999999999,-0.0002039569478100449,2.0927067253757756,-325534.13635295356,,49.99999999999999,4.8774412015526966e-05,2.0923138892981203,-325540.4479820639,,,,-6.311629110382718,,,,,,,,0.007940474019879462,,
SPLN07,?,,tierA_p95,Neutrophils,downstream_arrest,23104,10355,naive,6.999999999999999,-0.0003103927122988293,1.4564937615980718,-223447.62744974782,1.0,9.472463873139185,-0.0002582464032405134,1.4564134920425746,-223448.90078092468,0.0,-223451.13206206542,1.4565249915497887,-1.2733311768679414,3.504612317599822,2.2312811407318804,0.805,-0.05511301838936727,-0.39909309529818265,0.10138543624111647,0.8621615534377319,0.007939906394531418,-0.008749384522101637,-0.03909274200934137
SPLN07,?,,tierA_p95,Neutrophils,downstream_arrest,23104,10355,ctrl,6.999999999999999,8.899772600693068e-05,1.2463289683498975,-227001.91474074256,1.0,49.99999999999999,2.0524796937245842e-05,1.2463050235352982,-227002.35862540297,1.0,-227005.86898793114,1.2463314364554523,-0.4438846604025457,3.9542471885797568,3.510362528177211,0.68,-0.019212459331827636,-0.23603941769313422,0.10390759821922008,0.28541015538491343,0.007939906394531418,0.006299679562771299,0.011208913754577589
SPLN07,?,,tierA_p95,Neutrophils,downstream_arrest,23104,10355,ctrl+N2,6.999999999999999,9.333718544105761e-05,1.2462881068289837,-227000.6722293987,,49.99999999999999,1.777144519613393e-05,1.2462892537185868,-227000.65096808277,,,,0.021261315942518025,,,,,,,,0.007939906394531418,,
SPLN07,?,,tierA_p95,Neutrophils,emt_ecm,23104,10355,naive,49.99999999999999,0.0005088567792090657,1.9524240801477448,-216677.23812145393,1.0,30.20149733539872,0.00013758483764930496,1.9519453667501305,-216682.90366850034,0.0,-216680.04938759937,1.952524537744296,-5.665547046402935,2.811266145436093,-2.8542809009668417,0.925,-0.24521931468156746,-0.8453517054196916,0.04156954463306153,0.5685433355962143,0.009192945009972812,0.01722285524783081,0.055352966715420136
SPLN07,?,,tierA_p95,Neutrophils,emt_ecm,23104,10355,ctrl,6.999999999999999,-0.0003474884066681558,1.8781529429522439,-217527.2782852629,1.0,28.716686174618605,6.326552645081103e-05,1.8781197147409716,-217527.6870439784,0.0,-217530.81540088798,1.878190571776685,-0.40875871549360454,3.5371156250766944,3.12835690958309,0.68,-0.017692118918525127,-0.29529431121006516,0.09592181848170805,0.4747494047662867,0.009192945009972812,0.007390015369402792,-0.03779946537843851
SPLN07,?,,tierA_p95,Neutrophils,emt_ecm,23104,10355,ctrl+N2,38.85968176362148,-1.9616557321861868e-05,1.8777521057471334,-217530.20968938625,,9.472463873139185,-6.354653702730845e-05,1.877908630655795,-217528.28387566365,,,,1.9258137226090086,,,,,,,,0.009192945009972812,,
SPLN07,?,,tierA_p95,Neutrophils,il6_jak_stat3,23104,10355,naive,22.318425721029357,0.0015312478522337396,7.556193849860163,-185410.6899752027,0.0,45.204502969779604,0.00028827912004536987,7.5495096705593285,-185431.13672744256,0.0,-185409.67682014167,7.557833586763703,-20.44675223986269,-1.0131550610240083,-21.459907300886698,0.995,-0.8849875450079073,-2.659323298328127,-0.08907276676271436,0.3995238293959661,0.01808652256781481,0.0331867854156221,0.08466236925355412
SPLN07,?,,tierA_p95,Neutrophils,il6_jak_stat3,23104,10355,ctrl,21.2211739115045,0.0007706453079358045,6.958858707629376,-187267.35340856173,0.0,6.999999999999999,0.0002649833533759403,6.9592053062528505,-187266.20270044735,1.0,-187270.03952618837,6.959254456494321,1.1507081143790856,2.686117626639316,3.8368257410184015,0.415,0.04980557974286209,-0.2291566265536634,0.2275046987416672,0.8757752510630279,0.01808652256781481,0.002629487907006108,0.042608815763433075
SPLN07,?,,tierA_p95,Neutrophils,il6_jak_stat3,23104,10355,ctrl+N2,24.6860647223019,0.0007829869602831328,6.958852034168346,-187265.3755650279,,49.99999999999999,3.17827299877302e-05,6.9585287028758,-187266.44907825935,,,,-1.073513231472758,,,,,,,,0.01808652256781481,,
SPLN07,?,,tierA_p95,Neutrophils,interferon_response,23104,10355,naive,8.563960425689007,0.0011734643351394923,2.2107288963471388,-213806.55318471935,0.0,42.98209161773131,0.00013068853471845518,2.2098747010942965,-213815.48197778224,0.0,-213804.1732260119,2.2113394532483834,-8.92879306289251,-2.3799587074609008,-11.30875177035341,0.95,-0.38646091858087384,-1.6950283832802717,0.05167389148335035,0.35134428383908695,0.009783271798489455,0.02573678920123739,0.11994600162296729
SPLN07,?,,tierA_p95,Neutrophils,interferon_response,23104,10355,ctrl,6.999999999999999,0.0008306969697348791,2.143374445699494,-214475.41052761776,1.0,6.999999999999999,0.0004697703516939073,2.1434349913424815,-214474.75789933736,1.0,-214477.09267714265,2.1435894851163786,0.6526282803970389,1.682149524887791,2.33477780528483,0.43,0.028247415183389843,-0.23540514691779188,0.19096110683905737,0.9195952969340814,0.009783271798489455,0.008618052696763362,0.08490993470898248
SPLN07,?,,tierA_p95,Neutrophils,interferon_response,23104,10355,ctrl+N2,6.999999999999999,0.0008277773717044589,2.1433561845358033,-214473.60737036917,,6.999999999999999,0.0004726634795686036,2.143423973226483,-214472.87666347405,,,,0.7307068951310216,,,,,,,,0.009783271798489455,,
SPLN07,?,,tierA_p95,Neutrophils,oxidative_stress,23104,10355,naive,6.999999999999999,-0.0035495109472643616,20.7771817862842,-162041.27698478117,1.0,6.999999999999999,-0.002743277798087631,20.775665085446185,-162042.96360116563,1.0,-162040.73607181705,20.78126578240448,-1.686616384453373,-0.5409129641193431,-2.227529348572716,0.885,-0.0730010554212852,-0.4632007263891185,0.07831957112595685,0.9195952969340814,0.02999110107396864,-0.016416668887352593,-0.11835213846906331
SPLN07,?,,tierA_p95,Neutrophils,oxidative_stress,23104,10355,ctrl,6.999999999999999,-0.0014939181510835212,18.95860776091454,-164111.54080124744,1.0,49.99999999999999,0.00029623001732361897,18.95380056300056,-164117.39985932945,1.0,-164114.69335179357,18.95930317107961,-5.859058082016418,3.152550546132261,-2.706507535884157,0.89,-0.25359496546123694,-0.7005657460069964,0.024293687820377,0.28541015538491343,0.02999110107396864,0.024070861068958463,-0.0498120474919937
SPLN07,?,,tierA_p95,Neutrophils,oxidative_stress,23104,10355,ctrl+N2,6.999999999999999,-0.0014541702044845836,18.95523189114154,-164113.65518777,,49.99999999999999,0.00028958103732895456,18.95370880740654,-164115.51170636344,,,,-1.8565185934486155,,,,,,,,0.02999110107396864,,
SPLN07,?,,tierA_p95,Neutrophils,secondary_senescence,23104,10355,naive,11.019082036984365,0.0007701458222303558,1.861828491587293,-217774.97047340355,0.0,6.999999999999999,0.0005361913958373066,1.8619607228275394,-217773.32963371044,1.0,-217774.67482100806,1.8621746875518745,1.6408396931074094,-0.29565239549265243,1.345187297614757,0.22,0.07101972355901183,-0.17031348019238826,0.3625728056402953,0.9144469856312037,0.00897773168376011,0.010719163115600006,0.08578400973351594
SPLN07,?,,tierA_p95,Neutrophils,secondary_senescence,23104,10355,ctrl,10.477345453252495,0.0006272857780360789,1.816075956872814,-218303.8201514111,0.0,6.999999999999999,0.00035137186351790064,1.8161989462714343,-218302.25554127415,1.0,-218305.15610393803,1.816285374787812,1.5646101369638927,1.3359525269188453,2.900562663882738,0.31,0.06772031409989147,-0.2757315267429504,0.30585769388738926,0.9163220813281424,0.00897773168376011,0.0070243803770837455,0.06987129935069343
SPLN07,?,,tierA_p95,Neutrophils,secondary_senescence,23104,10355,ctrl+N2,10.477345453252495,0.00062851163272472,1.8160731205583784,-218301.85623484672,,49.99999999999999,-1.2249145896974358e-05,1.8161145486836991,-218301.32919412383,,,,0.52704072289686,,,,,,,,0.00897773168376011,,
SPLN07,?,,tierA_p95,Neutrophils,tnfa_nfkb_proximal,23104,10355,naive,14.911122358641625,0.0006801583472727952,2.935672049067991,-207253.93241527898,0.0,49.99999999999999,0.0001659475704910706,2.9322151292276315,-207281.15471277884,1.0,-207255.40035489167,2.9359937988188136,-27.22229749985854,1.4679396126884967,-25.754357887170045,1.0,-1.1782504111780878,-2.644187062411986,-0.2085237165254439,0.34566711821593327,0.011272856511281624,0.03587499855941076,0.06033593584126365
SPLN07,?,,tierA_p95,Neutrophils,tnfa_nfkb_proximal,23104,10355,ctrl,7.361938632551805,0.00014024259747580343,2.6490092018693083,-209581.88506416924,0.0,49.99999999999999,-1.9002426683826094e-05,2.648993244110628,-209582.02424419424,1.0,-209585.82683442082,2.649015878260138,-0.13918002499849536,3.9417702515784185,3.802590226579923,0.67,-0.006024066178951496,-0.3345802022636852,0.10968598624826253,0.29022198263087073,0.011272856511281624,-0.004107996446650309,0.012440732952026048
SPLN07,?,,tierA_p95,Neutrophils,tnfa_nfkb_proximal,23104,10355,ctrl+N2,49.99999999999999,-1.6700365239247733e-05,2.64862259228841,-209583.25722294507,,33.40540803599722,-2.152938199947127e-05,2.64845781488064,-209584.69462503743,,,,-1.4374020923645392,,,,,,,,0.011272856511281624,,
SPLN07,?,,tierA_p95,Plasma cells,downstream_arrest,4497,10355,naive,49.99999999999999,-0.00038685321708929185,0.3248715554538106,-42873.10381635398,1.0,49.99999999999999,9.952684720590861e-05,0.32457920677049945,-42877.15244388394,1.0,-42876.92926266797,0.3248841657780414,-4.048627529962687,3.8254463139892323,-0.22318121597345453,0.775,-0.9002952034606819,-3.8563873396894506,0.8102703250444114,0.4111821879884121,0.008499684957706533,0.030637721223501706,-0.04551383009708192
SPLN07,?,,tierA_p95,Plasma cells,downstream_arrest,4497,10355,ctrl,49.99999999999999,-0.0010332488608771066,0.30199789840296576,-43155.42902997545,1.0,49.99999999999999,7.622525724295842e-05,0.3020081755345839,-43155.27599753791,1.0,-43158.195892268675,0.30208072163173527,0.1530324375416967,2.766862293225131,2.9198947307668277,0.505,0.03402989493922542,-1.4560309284857618,1.1042126300276223,0.4111821879884121,0.008499684957706533,0.02346470572676616,-0.12156319509450908
SPLN07,?,,tierA_p95,Plasma cells,downstream_arrest,4497,10355,ctrl+N2,49.99999999999999,-0.0010580615416834133,0.30191119316174303,-43154.72032854307,,9.962242533302096,-0.0001972283223294017,0.30197818740099247,-43153.7225527754,,,,0.9977757676741247,,,,,,,,0.008499684957706533,,
SPLN07,?,,tierA_p95,Plasma cells,emt_ecm,4497,10355,naive,49.99999999999999,-0.0013829195374649556,0.44218812070368113,-41486.65392098269,1.0,49.99999999999999,-0.00011409358651340297,0.4419485105767911,-41489.09138761145,1.0,-41489.01535345408,0.44234926971743993,-2.437466628762195,2.361432471392618,-0.07603415736957686,0.74,-0.5420205979013109,-5.199113473739858,0.7537983948186756,0.4111821879884121,0.00991793399141636,-0.030099484727681692,-0.13943625139292012
SPLN07,?,,tierA_p95,Plasma cells,emt_ecm,4497,10355,ctrl,49.99999999999999,-0.0017730585763503974,0.4003121234680084,-41888.0642846154,1.0,13.48099749887925,-0.0002882042659906836,0.40049938188207135,-41885.961165222725,0.0,-41889.32705133794,0.4005558595616625,2.1031193926755805,1.2627667225387995,3.36588611521438,0.315,0.4676716461364422,-1.2728707652370563,1.77594665602629,0.7935601634843343,0.00991793399141636,-0.012383755666670902,-0.17877297607608067
SPLN07,?,,tierA_p95,Plasma cells,emt_ecm,4497,10355,ctrl+N2,49.99999999999999,-0.0017577225096004202,0.4002791323196786,-41886.434913679994,,20.177866835741543,-0.00016091921072054354,0.4003473338118516,-41885.668758365326,,,,0.7661553146647172,,,,,,,,0.00991793399141636,,
SPLN07,?,,tierA_p95,Plasma cells,il6_jak_stat3,4497,10355,naive,6.999999999999999,-0.0032544060911066926,0.7831486606928557,-38916.22657764444,1.0,14.911122358641625,-0.0012519244438496334,0.7821762027726372,-38921.81409999446,0.0,-38916.31939641389,0.7838293886045458,-5.587522350018844,0.09281876945169643,-5.494703580567148,0.975,-1.24249996664862,-3.6797755880845595,-0.004433358678640279,0.7266199634058367,0.013202291805518719,-0.0459250952723195,-0.24650311770111064
SPLN07,?,,tierA_p95,Plasma cells,il6_jak_stat3,4497,10355,ctrl,11.58882939190469,-0.0019296070656118084,0.7487221307005951,-39072.387462111925,0.0,15.682109678112967,-0.001147555905385165,0.7478979308936293,-39077.3405253532,0.0,-39073.8128647055,0.7491509076557177,-4.953063241271593,1.4254025935733807,-3.5276606476982124,0.96,-1.1014149969472078,-3.0381524127473187,0.11962898647070576,0.7550133513984688,0.013202291805518719,-0.04487841881301289,-0.14615697743167985
SPLN07,?,,tierA_p95,Plasma cells,il6_jak_stat3,4497,10355,ctrl+N2,10.477345453252495,-0.0020215949119730937,0.7485854007214545,-39071.208769298326,,30.20149733539872,-0.0005146430183959506,0.7476927369698656,-39076.57449545048,,,,-5.365726152151654,,,,,,,,0.013202291805518719,,
SPLN07,?,,tierA_p95,Plasma cells,interferon_response,4497,10355,naive,6.999999999999999,-0.002617765002982049,0.4707117382474723,-41205.54428357657,1.0,22.318425721029357,-0.0004920840775158261,0.4704299933259425,-41208.236772725584,0.0,-41205.338410734854,0.47115218294371264,-2.6924891490125447,-0.20587284171779174,-2.8983619907303364,0.835,-0.5987300753863786,-4.2730046191537765,0.45058818981426324,0.5783004761078312,0.010235737979578897,-0.039151194464149566,-0.2557475589888046
SPLN07,?,,tierA_p95,Plasma cells,interferon_response,4497,10355,ctrl,8.563960425689007,-0.0020666445453150087,0.443731405894493,-41424.986221344145,0.0,23.47241150476913,-0.0005358524568864552,0.44342973590891005,-41428.04453829139,0.0,-41425.36303307006,0.44408905994467296,-3.058316947244748,0.376811725916923,-2.681505221327825,0.9,-0.6800793745262949,-4.031225821115435,0.3911050083087498,0.5839445531567169,0.010235737979578897,-0.04559163950601147,-0.20190479174400736
SPLN07,?,,tierA_p95,Plasma cells,interferon_response,4497,10355,ctrl+N2,6.999999999999999,-0.002408547216967161,0.4437046043277234,-41423.25785027156,,25.962470509255517,-0.00048316444248917964,0.44332714863319544,-41427.08503764129,,,,-3.8271873697385317,,,,,,,,0.010235737979578897,,
SPLN07,?,,tierA_p95,Plasma cells,oxidative_stress,4497,10355,naive,9.962242533302096,0.001465282267298384,1.8445276401917117,-35063.844708660494,0.0,6.999999999999999,0.001112702858298495,1.8445776525340012,-35063.722779094685,1.0,-35067.28894540452,1.8447556108465026,0.12192956580838654,3.444236744027876,3.5661663098362624,0.63,0.027113534758369254,-1.3339743071151502,0.6275734757783992,0.9191467976652112,0.020253868044064746,0.00982176908566612,0.07234579903641808
SPLN07,?,,tierA_p95,Plasma cells,oxidative_stress,4497,10355,ctrl,6.999999999999999,0.0024494344948937604,1.7704935737912315,-35202.06368486721,1.0,6.999999999999999,0.001461814879949374,1.7705782803865897,-35201.84853782976,1.0,-35205.129821116934,1.7708612792517864,0.21514703744469443,3.0661362497266964,3.281283287171391,0.615,0.04784234766393027,-1.1074072537890638,0.7934035101080278,0.9227023297195288,0.020253868044064746,0.012903362375476079,0.12093662748487262
SPLN07,?,,tierA_p95,Plasma cells,oxidative_stress,4497,10355,ctrl+N2,7.742591489922676,0.0022049188442203847,1.7704308366767696,-35200.22303805923,,11.58882939190469,0.0003447135573035089,1.7703045339817232,-35200.54386588758,,,,-0.3208278283497282,,,,,,,,0.020253868044064746,,
SPLN07,?,,tierA_p95,Plasma cells,secondary_senescence,4497,10355,naive,6.999999999999999,0.0009052311263593736,0.23718830846193617,-44287.749903282,1.0,49.99999999999999,-2.799616823290078e-05,0.23721684668218254,-44287.208862042404,1.0,-44290.75144385076,0.23724097672881475,0.5410412395940511,3.001540568759083,3.542581808353134,0.445,0.12031159430599314,-1.2579790170533416,1.0356036219530487,0.3087784784438236,0.007263290391348385,-0.010085193351768761,0.12463099744889755
SPLN07,?,,tierA_p95,Plasma cells,secondary_senescence,4497,10355,ctrl,6.999999999999999,0.0009929739683657262,0.23169758350073313,-44347.07582291017,1.0,6.999999999999999,0.00011931559878979243,0.2317561281035936,-44345.93967889462,1.0,-44349.90309552947,0.23175801346128658,1.1361440155524178,2.8272726193026756,3.9634166348550934,0.3,0.25264487781908335,-0.6702608574350007,1.1240374261958717,0.9227023297195288,0.007263290391348385,0.002936853676688038,0.13671131329291042
SPLN07,?,,tierA_p95,Plasma cells,secondary_senescence,4497,10355,ctrl+N2,6.999999999999999,0.0009954192617760505,0.2316689787567107,-44345.63104438928,,11.019082036984365,-4.744657402266103e-05,0.2316858089713988,-44345.30435962205,,,,0.326684767224213,,,,,,,,0.007263290391348385,,
SPLN07,?,,tierA_p95,Plasma cells,tnfa_nfkb_proximal,4497,10355,naive,6.999999999999999,-0.0004178471991324751,0.34471800975077377,-42606.44597389916,1.0,12.18803582947357,-0.0007334113574724752,0.34438934611771466,-42610.735582643996,0.0,-42610.29958204688,0.34472923161631736,-4.289608744838915,3.8536081477213884,-0.4360005971175269,0.89,-0.9538823092815022,-2.865048226933412,0.4924685560479552,0.7936792288810107,0.008755432655332263,-0.03139982748901357,-0.047724334768342036
SPLN07,?,,tierA_p95,Plasma cells,tnfa_nfkb_proximal,4497,10355,ctrl,6.999999999999999,-0.00027379102936637447,0.3374674546760675,-42656.04160208534,1.0,12.818224546846722,-0.0007032540928380737,0.33717266289383546,-42659.97163439307,0.0,-42659.980384288145,0.3374720486620174,-3.9300323077331996,3.938782202807488,0.00874989507428836,0.85,-0.8739231282484322,-2.4523450195065424,0.510926904532802,0.7776326828789208,0.008755432655332263,-0.032106054519081904,-0.03127098798120026
SPLN07,?,,tierA_p95,Plasma cells,tnfa_nfkb_proximal,4497,10355,ctrl+N2,6.999999999999999,-0.00027647308823508494,0.33742613895764373,-42654.592197876256,,14.911122358641625,-0.0005920841374964627,0.33715340006779065,-42658.228557367,,,,-3.63635949074867,,,,,,,,0.008755432655332263,,
SPLN07,?,,tierA_p95,Stromal,downstream_arrest,25721,10355,naive,36.94920399670096,0.0018895803194554012,0.9941120492262514,-261342.26849787662,0.0,49.99999999999999,0.00020143832170186257,0.9820013192585628,-261657.53784472487,1.0,-261281.10319927929,0.9966338695839149,-315.26934684824664,-61.165298597334186,-376.4346454455808,1.0,-12.257274089197413,-18.759510719914108,-6.359913905908397,0.48571415548870445,0.006224778415230905,0.12116918648045116,0.30355784465008145
SPLN07,?,,tierA_p95,Stromal,downstream_arrest,25721,10355,ctrl,8.14292620081837,9.60701412725069e-05,0.9567543666575609,-262281.46607051464,0.0,49.99999999999999,1.893722022645914e-05,0.9567229234427562,-262282.31139115914,1.0,-262285.34960832476,0.9567586987582163,-0.8453206444974057,3.8835378101211973,3.0382171656237915,0.71,-0.03286499920288503,-0.3440603564281509,0.09708701572264722,0.3785636566252807,0.006224778415230905,0.011391117388464532,0.015433503788987437
SPLN07,?,,tierA_p95,Stromal,downstream_arrest,25721,10355,ctrl+N2,49.99999999999999,-4.1893944276092004e-05,0.9567288191168531,-262280.1528895047,,49.99999999999999,1.2716010888829406e-05,0.9567008860677305,-262280.90386138996,,,,-0.7509718852869884,,,,,,,,0.006224778415230905,,
SPLN07,?,,tierA_p95,Stromal,emt_ecm,25721,10355,naive,49.99999999999999,-0.02611953821571721,10.74508352879431,-200117.19208877144,1.0,49.99999999999999,-0.0019294209247746265,9.772037008526652,-202558.71591392628,1.0,-199251.85373401188,11.114461311607428,-2441.5238251548435,-865.3383547595586,-3306.862179914402,1.0,-94.92336321118323,-122.18549425492348,-59.64924443306972,0.49270661454827847,0.020787405337377954,-0.34753671659654906,-1.2565078609159082
SPLN07,?,,tierA_p95,Stromal,emt_ecm,25721,10355,ctrl,49.99999999999999,0.000596223734356936,7.9163257562755325,-207929.50095210387,1.0,49.99999999999999,-0.0004471086930891408,7.896643519412563,-207993.5303025644,1.0,-207933.00780778553,7.916477536085537,-64.02935046053608,3.506855681654997,-60.52249477888108,0.99,-2.4893802908337963,-4.446214643452977,-0.4316997846786439,0.49270661454827847,0.020787405337377954,-0.0805354006286237,0.028681969906854166
SPLN07,?,,tierA_p95,Stromal,emt_ecm,25721,10355,ctrl+N2,11.019082036984365,-0.00016989615039825781,7.915457075586867,-207930.32354463846,,49.99999999999999,-0.00029765774934460996,7.883756834638787,-208033.53918514156,,,,-103.21564050307191,,,,,,,,0.020787405337377954,,
SPLN07,?,,tierA_p95,Stromal,il6_jak_stat3,25721,10355,naive,49.99999999999999,0.005539051249219861,4.628131041296552,-221781.86641311116,1.0,45.204502969779604,0.00034666476682548413,4.61362460188662,-221862.61306967848,0.0,-221693.71234421388,4.644742606221613,-80.74665656732395,-88.15406889727456,-168.9007254645985,0.975,-3.1393280419627523,-10.804379896569626,-0.004190750045268168,0.5130268492429872,0.013438070071085197,0.08185119840549053,0.4121909782808835
SPLN07,?,,tierA_p95,Stromal,il6_jak_stat3,25721,10355,ctrl,49.99999999999999,-0.0006060362493943245,4.254727443558523,-223899.57916279923,1.0,15.682109678112967,-9.318884452273347e-05,4.25483125264361,-223898.95161592567,0.0,-223902.63051000197,4.254884371108985,0.6275468735548202,3.0513472027378157,3.678894076292636,0.52,0.024398229989301357,-0.28778320787090705,0.1743019641626131,0.7634456321920363,0.013438070071085197,-0.004232360931186065,-0.045098458792326074
SPLN07,?,,tierA_p95,Stromal,il6_jak_stat3,25721,10355,ctrl+N2,6.999999999999999,-7.755115146815799e-05,4.254326174302476,-223900.0050604386,,6.999999999999999,-7.548895128947744e-05,4.2543823840138755,-223899.66522743646,,,,0.3398330021576852,,,,,,,,0.013438070071085197,,
SPLN07,?,,tierA_p95,Stromal,interferon_response,25721,10355,naive,49.99999999999999,0.0029413158938626804,2.319228352261203,-239552.98373011872,1.0,42.98209161773131,0.0002317516444555172,2.3121338891475913,-239631.78422939358,0.0,-239505.0882825228,2.3239124194992535,-78.80049927486107,-47.895447595918085,-126.69594687077915,1.0,-3.0636639040029965,-8.333744758866972,-0.7223710876779287,0.5237749099075206,0.009505302745141135,0.0711927344610918,0.30943947525046117
SPLN07,?,,tierA_p95,Stromal,interferon_response,25721,10355,ctrl,49.99999999999999,-0.000621217055262757,2.181001082285906,-241087.55307242143,1.0,49.99999999999999,1.832048967261281e-05,2.1811324929260825,-241086.00336605927,1.0,-241089.60951643047,2.181165891503109,1.5497063621587586,2.056444009038387,3.6061503711971454,0.45,0.0602506264203864,-0.3175393228107958,0.26396219928595177,0.49270661454827847,0.009505302745141135,0.007216807442139778,-0.06535478899027727
SPLN07,?,,tierA_p95,Stromal,interferon_response,25721,10355,ctrl+N2,49.99999999999999,-0.0006175438569161791,2.180990951208229,-241085.67255060794,,49.99999999999999,-7.819542910161881e-06,2.1807416802988233,-241088.61243602022,,,,-2.9398854122737497,,,,,,,,0.009505302745141135,,
SPLN07,?,,tierA_p95,Stromal,oxidative_stress,25721,10355,naive,49.99999999999999,0.0035785727289659977,8.047357206891967,-207553.25056788544,1.0,31.763081427768892,0.00028033904502396936,8.04788958347109,-207551.5490397045,0.0,-207535.09886997726,8.054290817965109,1.7015281809435692,-18.151697908178903,-16.450169727235334,0.485,0.06615326701697326,-1.3138873779285904,0.8465559824376542,0.5954353447982105,0.017695780745532828,0.028191502000138195,0.20222745637641082
SPLN07,?,,tierA_p95,Stromal,oxidative_stress,25721,10355,ctrl,6.999999999999999,0.0009420629210687149,7.638838188581948,-208847.26883798325,1.0,21.2211739115045,0.0002451947679047682,7.6384467856779095,-208848.58677819502,0.0,-208850.14552206738,7.639171807643984,-1.3179402117675636,2.8766840841271915,1.5587438723596279,0.795,-0.051239851163157095,-0.42153683876990455,0.07781281823107164,0.5944020553449142,0.017695780745532828,0.013132577625069305,0.05323658416446505
SPLN07,?,,tierA_p95,Stromal,oxidative_stress,25721,10355,ctrl+N2,22.318425721029357,0.0005693545295436101,7.638579879360555,-208846.13861472884,,12.18803582947357,0.00043618613103161495,7.638193787182605,-208847.43871606278,,,,-1.3001013339521885,,,,,,,,0.017695780745532828,,
SPLN07,?,,tierA_p95,Stromal,secondary_senescence,25721,10355,naive,6.999999999999999,-0.00287482012748996,2.478718143543687,-237842.35653037342,1.0,49.99999999999999,-0.00026478251676357917,2.456842455815703,-238070.36234137273,1.0,-237811.0325739373,2.4821246317544574,-228.0058109993115,-31.323956436128356,-259.32976743543986,1.0,-8.86457801015946,-22.97078054733312,-1.1008270773612028,0.3609720461228384,0.009823536598488013,-0.10092422715138756,-0.29264614615878676
SPLN07,?,,tierA_p95,Stromal,secondary_senescence,25721,10355,ctrl,49.99999999999999,-0.0009619922203847445,2.3252413213135035,-239440.3842368402,1.0,49.99999999999999,-0.00020005540033458922,2.3216870723186553,-239479.73016536742,1.0,-239440.0107137118,2.32563673211956,-39.34592852721107,-0.37352312842267565,-39.71945165563375,1.0,-1.5297200158318522,-2.7224452326870088,-0.3281981208829095,0.49270661454827847,0.009823536598488013,-0.07625290715193872,-0.09792728012382851
SPLN07,?,,tierA_p95,Stromal,secondary_senescence,25721,10355,ctrl+N2,49.99999999999999,-0.0009690750865459702,2.325203741510074,-239438.79993474047,,49.99999999999999,-0.000150447201387424,2.3202408817755873,-239493.75689759146,,,,-54.956962850956586,,,,,,,,0.009823536598488013,,
SPLN07,?,,tierA_p95,Stromal,tnfa_nfkb_proximal,25721,10355,naive,49.99999999999999,-0.0012691029625807148,2.7888795683969945,-234809.89235393467,1.0,49.99999999999999,-6.812023399325783e-05,2.788078247501147,-234817.2837582036,1.0,-234805.85110149026,2.78975160255536,-7.391404268913902,-4.0412524444109295,-11.432656713324832,0.775,-0.2873684642476538,-2.4200961348028427,0.37807015419218365,0.49270661454827847,0.010414510044210448,-0.024491268638012813,-0.12185911358973295
SPLN07,?,,tierA_p95,Stromal,tnfa_nfkb_proximal,25721,10355,ctrl,6.999999999999999,0.0006251310364921486,2.6466090310359736,-236110.66235897123,1.0,6.999999999999999,0.0006117981379390882,2.64642441372145,-236112.4566200498,1.0,-236113.2347247795,2.64675593412706,-1.7942610785830766,2.57236580827157,0.7781047296884935,0.865,-0.0697586049758204,-0.5178959688552841,0.10739967391237179,0.9152484724585452,0.010414510044210448,0.011746386954461823,0.06002500682013759
SPLN07,?,,tierA_p95,Stromal,tnfa_nfkb_proximal,25721,10355,ctrl+N2,6.999999999999999,0.000624315064301099,2.6466050643126047,-236108.70090949643,,6.999999999999999,0.0006116281795104552,2.646424125943573,-236110.45941700676,,,,-1.7585075103102243,,,,,,,,0.010414510044210448,,
SPLN07,?,,tierA_p95,T/NK cells,downstream_arrest,26704,10355,naive,49.99999999999999,0.002603409077963262,1.4752002483275508,-261792.00502964924,1.0,49.99999999999999,0.0002454156891740845,1.4572371136359286,-262119.1687433991,1.0,-261739.25634500472,1.4783385305637495,-327.1637137498474,-52.748684644524474,-379.91239839437185,1.0,-12.25148718356229,-20.365328231934505,-3.754573566229375,0.4084706117896332,0.007440442905449893,0.11947275020544584,0.34989974531038276
SPLN07,?,,tierA_p95,T/NK cells,downstream_arrest,26704,10355,ctrl,31.763081427768892,0.0006331822364805676,1.4273272142259268,-262626.97340123175,0.0,49.99999999999999,9.15530117697342e-05,1.4268572586753632,-262635.7672919244,1.0,-262626.1570698543,1.4275846700687018,-8.79389069264289,-0.8163313774275593,-9.61022207007045,0.885,-0.32930986716008426,-0.869231203448162,0.1560477803025575,0.40194018084111494,0.007440442905449893,0.044569644844355535,0.08510007326736976
SPLN07,?,,tierA_p95,T/NK cells,downstream_arrest,26704,10355,ctrl+N2,42.98209161773131,0.0007140716319852473,1.4272571963635925,-262626.28340417944,,49.99999999999999,8.145722439191766e-05,1.4267464821089773,-262635.8405842936,,,,-9.557180114159047,,,,,,,,0.007440442905449893,,
SPLN07,?,,tierA_p95,T/NK cells,emt_ecm,26704,10355,naive,9.006764443646388,-0.0011889779301309245,2.495217556146673,-247756.85849227445,0.0,49.99999999999999,-0.0001594123525669541,2.487227615442582,-247842.50461666068,1.0,-247751.08546361895,2.4961309135290715,-85.64612438622862,-5.773028655501548,-91.41915304173017,1.0,-3.2072395291427735,-6.044943518596264,-1.2069313676926559,0.34309573350387224,0.009668197639348777,-0.05972302234383566,-0.12297824003606452
SPLN07,?,,tierA_p95,T/NK cells,emt_ecm,26704,10355,ctrl,6.999999999999999,-0.0004817921481697297,2.320597326398968,-249648.2684459299,1.0,11.58882939190469,-0.00030658573082023463,2.32036736904805,-249650.91478414056,0.0,-249651.11033103828,2.3206979696209187,-2.6463382106740028,2.8418851083843037,0.19554689771030098,0.88,-0.0990989443781457,-0.30750409648524857,0.08660278179190678,0.7883965729724053,0.009668197639348777,-0.013026903243735793,-0.04983267472305719
SPLN07,?,,tierA_p95,T/NK cells,emt_ecm,26704,10355,ctrl+N2,49.99999999999999,-0.00031773304942125203,2.3205479516013385,-249646.836626634,,12.18803582947357,-0.00029169008029679655,2.3203396012515363,-249649.23435236272,,,,-2.397725728751363,,,,,,,,0.009668197639348777,,
SPLN07,?,,tierA_p95,T/NK cells,il6_jak_stat3,26704,10355,naive,49.99999999999999,-0.0019887233634909626,4.7177537235331,-230747.5625553694,1.0,49.99999999999999,-0.00016852420907100422,4.709634814029842,-230793.55777708135,1.0,-230741.19890632422,4.719585008458789,-45.99522171195713,-6.363649045175407,-52.358870757132536,0.99,-1.722409440981019,-3.5352096678473015,-0.19554098025121017,0.4084706117896332,0.013294247101990857,-0.045915982005684065,-0.14959277859695808
SPLN07,?,,tierA_p95,T/NK cells,il6_jak_stat3,26704,10355,ctrl,49.99999999999999,-0.0005313147808125808,4.624333140248344,-231235.6587275994,1.0,14.178039470333344,-0.00010641286084462761,4.6243875618846655,-231235.34446243278,0.0,-231238.9841214802,4.624449963302503,0.3142651666130405,3.325393880804768,3.6396590474178083,0.52,0.011768467892938905,-0.1685683562344608,0.14262413491243867,0.7671818173130885,0.013294247101990857,-0.00428752879331703,-0.03996576689875494
SPLN07,?,,tierA_p95,T/NK cells,il6_jak_stat3,26704,10355,ctrl+N2,49.99999999999999,-0.0005385562618974142,4.624293837621717,-231233.88568828104,,49.99999999999999,1.7855747669204517e-05,4.624138869666868,-231234.78059975366,,,,-0.8949114726012942,,,,,,,,0.013294247101990857,,
SPLN07,?,,tierA_p95,T/NK cells,interferon_response,26704,10355,naive,49.99999999999999,-0.002925500539343457,3.056977471630824,-242334.59123249602,1.0,49.99999999999999,-0.00033024811495882463,3.0227293855514317,-242635.45131873636,1.0,-242303.99647643662,3.0609403207174233,-300.86008624034,-30.59475605940679,-331.4548422997468,1.0,-11.26648016178625,-20.695521040603737,-2.6311004626955565,0.4084706117896332,0.010706296620430843,-0.11172912616885328,-0.27325046585085916
SPLN07,?,,tierA_p95,T/NK cells,interferon_response,26704,10355,ctrl,15.682109678112967,-0.00043727828719637533,2.955929177592812,-243186.2095949652,0.0,49.99999999999999,-0.00014560720415790298,2.954246630856041,-243201.4141271919,1.0,-243188.78900698415,2.9560864300327854,-15.204532226693118,2.5794120189384557,-12.625120207754662,1.0,-0.5693728365298502,-1.2077030140771927,-0.08943986912623902,0.3788723919046041,0.010706296620430843,-0.049261645858238085,-0.04084309473745323
SPLN07,?,,tierA_p95,T/NK cells,interferon_response,26704,10355,ctrl+N2,12.818224546846722,-0.0004438173010158128,2.955917216179591,-243184.31765514045,,49.99999999999999,-0.00010909861868388049,2.952789106665416,-243212.59221803336,,,,-28.274562892909703,,,,,,,,0.010706296620430843,,
SPLN07,?,,tierA_p95,T/NK cells,oxidative_stress,26704,10355,naive,6.999999999999999,-0.0018714244191992888,9.776296645274552,-211290.28135343816,1.0,49.99999999999999,-0.00022658449311151483,9.759928133064179,-211335.02949258048,1.0,-211289.85983890743,9.777915489509368,-44.748139142320724,-0.42151453072438017,-45.169653673045104,0.99,-1.6757092249221361,-4.632209041251089,-0.0620454987935625,0.3211606524563842,0.01913528698414136,-0.042890442884319126,-0.09779965258176994
SPLN07,?,,tierA_p95,T/NK cells,oxidative_stress,26704,10355,ctrl,49.99999999999999,0.0005343219640263425,9.459035918878557,-212125.25378148953,1.0,49.99999999999999,5.4025957411202156e-05,9.45890019975477,-212125.63693570456,1.0,-212128.92012818222,9.4591541056047,-0.383154215029208,3.6663466926838737,3.2831924776546657,0.64,-0.014348195589769621,-0.17959061991191955,0.15371766053977715,0.4084706117896332,0.01913528698414136,0.010226636469228289,0.02792338387405666
SPLN07,?,,tierA_p95,T/NK cells,oxidative_stress,26704,10355,ctrl+N2,49.99999999999999,0.0005692681406672052,9.458087372587123,-212125.9317764254,,12.18803582947357,0.0001567178522743534,9.458672786098806,-212124.2789688315,,,,1.6528075938805755,,,,,,,,0.01913528698414136,,
SPLN07,?,,tierA_p95,T/NK cells,secondary_senescence,26704,10355,naive,22.318425721029357,-0.0016192705615896924,1.9363197609589433,-254528.6398988768,0.0,49.99999999999999,-0.00026692560253938096,1.9136287352658117,-254843.42237824821,1.0,-254501.33261396026,1.938591198337872,-314.78247937140986,-27.30728491654736,-342.0897642879572,1.0,-11.787840000427272,-19.819629352223828,-3.9092042966557567,0.3929642316437264,0.008520301414093776,-0.11347510658803765,-0.1900485068193882
SPLN07,?,,tierA_p95,T/NK cells,secondary_senescence,26704,10355,ctrl,6.999999999999999,-0.0003543221449301447,1.8865025219136429,-255178.66747538577,1.0,49.99999999999999,-7.138509828270879e-05,1.8861182797676088,-255184.10709036037,1.0,-255181.89669171238,1.8865569746671353,-5.439614974602591,3.229216326610185,-2.210398647992406,0.875,-0.2037003810141773,-0.7273801472608079,0.07996863304455182,0.3211606524563842,0.008520301414093776,-0.030347151263741455,-0.0415856350225428
SPLN07,?,,tierA_p95,T/NK cells,secondary_senescence,26704,10355,ctrl+N2,49.99999999999999,-5.5614151757563926e-05,1.8859852136308375,-255183.99113098867,,49.99999999999999,-5.516715672259713e-05,1.8858208220192159,-255186.31888249976,,,,-2.327751511095537,,,,,,,,0.008520301414093776,,
SPLN07,?,,tierA_p95,T/NK cells,tnfa_nfkb_proximal,26704,10355,naive,11.019082036984365,-0.00026599530264460566,2.2803824044139263,-250161.09363890113,0.0,11.019082036984365,-0.00013843215488143428,2.280361494987563,-250161.33849602705,0.0,-250164.45209597462,2.280437189493867,-0.24485712591558695,3.3584570734819863,3.1135999475663994,0.645,-0.009169305194562124,-0.1995119356106904,0.11893766241475832,0.8311158747536304,0.009241041014484034,-0.005761334924847568,-0.028784127480757985
SPLN07,?,,tierA_p95,T/NK cells,tnfa_nfkb_proximal,26704,10355,ctrl,10.477345453252495,-0.0005031118394886759,2.2370862827102553,-250626.97988170493,0.0,17.345738419684505,-0.00024472140524251884,2.236751732878264,-250630.97368688922,0.0,-250628.8949242722,2.2372609536120374,-3.993805184290977,1.915042567270575,-2.078762617020402,0.93,-0.14955831277302942,-0.4966066737544825,0.05916884578868226,0.6890789053047766,0.009241041014484034,-0.01861975413059833,-0.05444319948863722
SPLN07,?,,tierA_p95,T/NK cells,tnfa_nfkb_proximal,26704,10355,ctrl+N2,7.742591489922676,-0.0005789388151587804,2.2370619312259397,-250625.27056587813,,18.24260882600192,-0.0002321373358708578,2.2367082422667637,-250629.4929150911,,,,-4.222349212963517,,,,,,,,0.009241041014484034,,
SPLN14,?,,tierA_p95,B cells,downstream_arrest,49003,9680,naive,49.99999999999999,0.00027723920781988845,1.5552746394604837,-507564.3219340912,1.0,49.99999999999999,8.072582303326365e-05,1.553015560583272,-507635.5518737605,1.0,-507566.24407814315,1.5553405885896474,-71.22993966925424,1.9221440519322641,-69.30779561732197,1.0,-1.4535832432556015,-2.8279714278767365,-0.6018268499230397,0.41648140183664306,0.0056337999093036,0.03866351563167798,0.04920998477650021
SPLN14,?,,tierA_p95,B cells,downstream_arrest,49003,9680,ctrl,49.99999999999999,-0.0001830145790712432,1.53858048284675,-508053.1583946709,1.0,6.999999999999999,7.57825619497534e-05,1.5385972062981335,-508052.62576420826,1.0,-508056.3199198378,1.538606809235964,0.5326304626651108,3.1615251668845303,3.694155629549641,0.54,0.01086934397210601,-0.15540480785380206,0.13176669602577584,0.8178118654599092,0.0056337999093036,0.002597635683962433,-0.03248510454489689
SPLN14,?,,tierA_p95,B cells,downstream_arrest,49003,9680,ctrl+N2,49.99999999999999,-0.00017714089692610568,1.5385455956059702,-508052.26954801107,,15.682109678112967,1.6731883807743953e-05,1.5385064498076313,-508053.5163657625,,,,-1.2468177514026635,,,,,,,,0.0056337999093036,,
SPLN14,?,,tierA_p95,B cells,emt_ecm,49003,9680,naive,49.99999999999999,-0.0009300962471801231,1.5572195153324861,-507503.0818095994,1.0,47.54182525407475,-0.0001401894325495686,1.5519057377638028,-507670.5831320198,0.0,-507483.72976574017,1.5579617744669503,-167.50132242037216,-19.352043859253172,-186.85336627962533,1.0,-3.418185058473403,-6.264452807235773,-1.2707013906958275,0.4298060937919294,0.005638545178721614,-0.062347041530640565,-0.1649532312918425
SPLN14,?,,tierA_p95,B cells,emt_ecm,49003,9680,ctrl,49.99999999999999,-0.00031889252623834016,1.4796476535077874,-509967.03129771736,1.0,36.94920399670096,-5.675509290338702e-05,1.4794625311266492,-509973.16256792267,0.0,-509968.3849237098,1.4797275630403646,-6.1312702053110115,1.3536259924294427,-4.777644212881569,0.915,-0.12512030294698306,-0.5210533842512072,0.023223393635844143,0.5026373239819216,0.005638545178721614,-0.01753076928792852,-0.05655581645159124
SPLN14,?,,tierA_p95,B cells,emt_ecm,49003,9680,ctrl+N2,6.999999999999999,-0.00015425787070420325,1.4796265894883296,-509965.7289012922,,47.54182525407475,-2.8796632493985856e-05,1.4793401944308446,-509975.21479151724,,,,-9.485890224948287,,,,,,,,0.005638545178721614,,
SPLN14,?,,tierA_p95,B cells,il6_jak_stat3,49003,9680,naive,11.58882939190469,-0.0005619469910754275,4.537850037182238,-455091.8510860761,0.0,49.99999999999999,-8.976434766967177e-05,4.535412718566019,-455118.1780932925,1.0,-455091.12683283875,4.5382875407259196,-26.327007216401398,-0.7242532373638824,-27.05126045376528,1.0,-0.5372529685203232,-1.4787800356815612,-0.07540527332214667,0.36651209280642255,0.009623535884822806,-0.02516862485151965,-0.05839298546216013
SPLN14,?,,tierA_p95,B cells,il6_jak_stat3,49003,9680,ctrl,11.019082036984365,-0.0004468424576586012,4.499529647480682,-455467.4196194715,0.0,11.019082036984365,-0.00025165284862071737,4.499452245575152,-455468.2625871809,0.0,-455468.70215497713,4.49977917610337,-0.8429677094100043,1.2825355056556873,0.439567796245683,0.725,-0.017202369434728575,-0.09103853852170488,0.05890399137917714,0.8434522775696948,0.009623535884822806,-0.009183077747311268,-0.04643225348355382
SPLN14,?,,tierA_p95,B cells,il6_jak_stat3,49003,9680,ctrl+N2,11.019082036984365,-0.00044304591676085574,4.499482445685951,-455465.9336824649,,9.962242533302096,-0.0002809143120072106,4.499427637980177,-455466.5305863079,,,,-0.5969038430410373,,,,,,,,0.009623535884822806,,
SPLN14,?,,tierA_p95,B cells,interferon_response,49003,9680,naive,6.999999999999999,-0.0001308861600849206,3.7276324026354413,-464729.7636878511,1.0,49.99999999999999,-9.219480925622085e-05,3.7246128917409833,-464769.4738945375,1.0,-464733.59152534703,3.7276454989694634,-39.71020668640267,3.827837495948188,-35.88236919045448,1.0,-0.8103627673081785,-2.551078085424529,-0.04503498744309572,0.3250117684960622,0.008721796868025234,-0.028522709640088833,-0.015006788400421517
SPLN14,?,,tierA_p95,B cells,interferon_response,49003,9680,ctrl,49.99999999999999,0.00025621818117315613,3.677872678126847,-465348.3041793115,1.0,21.2211739115045,0.0001003744800376397,3.6776944525520565,-465350.67886713316,0.0,-465351.61663526174,3.677924281441245,-2.374687821662519,3.312455950246658,0.937768128584139,0.86,-0.048460049826796706,-0.2138635977289583,0.03816416134828559,0.6774314163620654,0.008721796868025234,0.009341794323211009,0.029376765478578683
SPLN14,?,,tierA_p95,B cells,interferon_response,49003,9680,ctrl+N2,49.99999999999999,0.00027750937265735485,3.677416971744616,-465352.3762664597,,19.185852382096297,0.00010416060718401161,3.677268457484499,-465354.3553162395,,,,-1.9790497797716637,,,,,,,,0.008721796868025234,,
SPLN14,?,,tierA_p95,B cells,oxidative_stress,49003,9680,naive,12.818224546846722,0.0008939174379613133,12.8387539744478,-404128.0003892028,0.0,36.94920399670096,8.31650741139519e-05,12.838904251247074,-404127.4268155591,0.0,-404127.5030021466,12.83993234099041,0.5735736436909065,-0.49738705618074164,0.07618658751016483,0.465,0.011704867940552751,-0.22653092090469668,0.126773788675241,0.45871314958995313,0.016187136660998705,0.008948168335543771,0.0552239384041215
SPLN14,?,,tierA_p95,B cells,oxidative_stress,49003,9680,ctrl,6.999999999999999,0.0006818303399384505,12.786233024681335,-404288.87367787183,1.0,6.999999999999999,0.00028551654897622216,12.786433846109462,-404288.1040395316,1.0,-404291.5816727362,12.786570148867906,0.769638340221718,2.707994864380453,3.4776332046021707,0.43,0.01570594331411787,-0.08636341529642037,0.08553387751315862,0.91686718802742,0.016187136660998705,0.0034062116446507474,0.04212173864814097
SPLN14,?,,tierA_p95,B cells,oxidative_stress,49003,9680,ctrl+N2,49.99999999999999,0.00046938175637383113,12.78556701314932,-404289.426221147,,49.99999999999999,-1.0967981426731472e-05,12.785074949637153,-404291.3121799215,,,,-1.885958774504165,,,,,,,,0.016187136660998705,,
SPLN14,?,,tierA_p95,B cells,secondary_senescence,49003,9680,naive,17.345738419684505,-0.0004554789113316788,1.2801100087667285,-517105.5063472669,0.0,47.54182525407475,-7.89505861925931e-05,1.2785230891950379,-517166.291795407,0.0,-517096.7292522335,1.2804438295485672,-60.78544814011548,-8.777095033379737,-69.56254317349521,1.0,-1.2404434042837271,-2.039240029405016,-0.7172780463287861,0.4027723885326413,0.005111742064625371,-0.038730585686915855,-0.08910443944239886
SPLN14,?,,tierA_p95,B cells,secondary_senescence,49003,9680,ctrl,7.742591489922676,-0.00031285401034976233,1.2637159470896242,-517697.1292182252,0.0,8.563960425689007,-0.00019432589364535853,1.2636927299415235,-517698.02951576613,0.0,-517697.9107761988,1.2637989487442194,-0.9002975409384817,0.7815579735906795,-0.11873956734780222,0.775,-0.018372294368477066,-0.18963304532074401,0.041324980699070944,0.8859445639993999,0.005111742064625371,-0.009641453035782567,-0.06120301187604772
SPLN14,?,,tierA_p95,B cells,secondary_senescence,49003,9680,ctrl+N2,49.99999999999999,-0.00027387592192062174,1.2636035093166194,-517699.4894016442,,30.20149733539872,-3.5780177428092515e-05,1.2635842116611276,-517700.23777740134,,,,-0.7483757571558215,,,,,,,,0.005111742064625371,,
SPLN14,?,,tierA_p95,B cells,tnfa_nfkb_proximal,49003,9680,naive,49.99999999999999,-0.0002564162832890558,1.9065792379902644,-497584.443752031,1.0,49.99999999999999,-4.7551069773542175e-05,1.9058289306893101,-497603.7319853557,1.0,-497586.99380428024,1.906635652519509,-19.288233324710745,2.5500522492220625,-16.738181075488683,0.975,-0.39361331601556526,-0.9070835054769348,-0.015922312233502746,0.41648140183664306,0.0062376718034838985,-0.020569704355766764,-0.04110769070997501
SPLN14,?,,tierA_p95,B cells,tnfa_nfkb_proximal,49003,9680,ctrl,49.99999999999999,-0.00011518579352832038,1.9007572355329418,-497694.31010125985,1.0,9.962242533302096,-8.315468108822951e-05,1.9007395195392534,-497694.76683548564,0.0,-497698.0412227674,1.9007676649789362,-0.4567342257942073,3.7311215075314976,3.2743872817372903,0.68,-0.009320536003799916,-0.11188327511270824,0.06349101330394431,0.8239091988263842,0.0062376718034838985,-0.004115644180715039,-0.018466151657020497
SPLN14,?,,tierA_p95,B cells,tnfa_nfkb_proximal,49003,9680,ctrl+N2,6.999999999999999,-1.3284246704228813e-05,1.9007115760026774,-497693.4872536041,,6.999999999999999,-0.00011983250992527731,1.9007088501824665,-497693.55752910796,,,,-0.07027550379287996,,,,,,,,0.0062376718034838985,,
SPLN14,?,,tierA_p95,Endothelial,downstream_arrest,47531,9680,naive,49.99999999999999,-0.0002069204821401088,1.3326981108039373,-498208.7035560302,1.0,21.2211739115045,-1.0739528271389012e-05,1.3327380587272004,-498207.27882505173,0.0,-498211.2015213885,1.332740226272969,1.4247309784404933,2.4979653583141044,3.9226963367545977,0.36,0.029974773904199226,-0.07211219837744716,0.15311096809411326,0.7372813252796028,0.005295223279812802,-0.001275297138015925,-0.03907681908143202
SPLN14,?,,tierA_p95,Endothelial,downstream_arrest,47531,9680,ctrl,49.99999999999999,-0.0002557986257281737,1.325643963056874,-498420.95964214706,1.0,40.868941774896264,-2.6547343001145964e-05,1.325656059690141,-498420.52591901436,0.0,-498422.78708614974,1.3257045572283384,0.4337231327081099,1.8274440026725642,2.261167135380674,0.42,0.009125058019147713,-0.1368521039078379,0.11230640305266539,0.5183498092330505,0.005295223279812802,-0.007255457460925562,-0.0483074295762103
SPLN14,?,,tierA_p95,Endothelial,downstream_arrest,47531,9680,ctrl+N2,49.99999999999999,-0.00025635768888404337,1.325643606450866,-498418.97242826683,,45.204502969779604,-2.4957891224125347e-05,1.325650421102256,-498418.72808931995,,,,0.24433894682703095,,,,,,,,0.005295223279812802,,
SPLN14,?,,tierA_p95,Endothelial,emt_ecm,47531,9680,naive,6.999999999999999,-0.00019616569539010573,2.0982528340726447,-476634.4077223721,1.0,23.47241150476913,6.656673964573421e-05,2.0981716682407154,-476636.2463796175,0.0,-476637.8417298885,2.0982778199219574,-1.8386572453891858,3.4340075164218433,1.5953502710326575,0.72,-0.03868332762595329,-0.4163621819947401,0.0812787631125812,0.590037780370449,0.006644204931545296,0.007112658271436838,-0.02952432945426287
SPLN14,?,,tierA_p95,Endothelial,emt_ecm,47531,9680,ctrl,6.999999999999999,-0.00016319502032686797,2.044431338655852,-477829.51681551884,1.0,47.54182525407475,-1.1089426804524977e-05,2.0444358174641453,-477829.4126877843,0.0,-477833.1290811079,2.0444480161845004,0.10412773455027491,3.6122655890649185,3.7163933236151934,0.735,0.002190733091041108,-0.13745281020204067,0.05717972628355318,0.33916194217879064,0.006644204931545296,-0.0029842068568049452,-0.024562008845857557
SPLN14,?,,tierA_p95,Endothelial,emt_ecm,47531,9680,ctrl+N2,6.999999999999999,-0.0001670122163952065,2.0444014053952615,-477828.2127392205,,49.99999999999999,-1.5217800107696822e-06,2.0442570644250013,-477831.56869115966,,,,-3.3559519392130803,,,,,,,,0.006644204931545296,,
SPLN14,?,,tierA_p95,Endothelial,il6_jak_stat3,47531,9680,naive,6.999999999999999,-0.00027766699528753206,4.413395073759843,-441293.24426745845,1.0,35.13265199376635,3.445092669570696e-05,4.41336651355241,-441293.551853702,0.0,-441296.70513162744,4.413445134413213,-0.3075862435507588,3.460864168999251,3.153277925448492,0.595,-0.006471276504823353,-0.22505743981957482,0.06939976303898247,0.440003058694092,0.009636079852993596,0.0042206567220065124,-0.02881534809743769
SPLN14,?,,tierA_p95,Endothelial,il6_jak_stat3,47531,9680,ctrl,49.99999999999999,-0.0003337729994965375,4.293971382772785,-442557.12494039093,1.0,10.477345453252495,-6.193356784190478e-05,4.294062019526151,-442556.12167099916,0.0,-442559.9826927942,4.2940745751614955,1.0032693917746656,2.857752403244376,3.8610217950190417,0.415,0.021107685337456935,-0.09531916022367351,0.0919165201709637,0.8425175868971174,0.009636079852993596,-0.001750959049611552,-0.03463784075618758
SPLN14,?,,tierA_p95,Endothelial,il6_jak_stat3,47531,9680,ctrl+N2,6.999999999999999,-0.0002851887975465763,4.293672438335574,-442558.43414332176,,6.999999999999999,-0.00010619058578741323,4.29375552669617,-442557.5143631771,,,,0.9197801445811278,,,,,,,,0.009636079852993596,,
SPLN14,?,,tierA_p95,Endothelial,interferon_response,47531,9680,naive,49.99999999999999,0.00026498548207046907,2.645011181643571,-465627.64083390805,1.0,49.99999999999999,5.384169175820588e-05,2.6445714783060956,-465635.5429845031,1.0,-465630.39968866104,2.6450802499551616,-7.902150595036801,2.7588547529885545,-5.143295842048246,0.965,-0.1662525634856578,-0.5536751122368925,0.008201348187027028,0.44754478212841275,0.007459864698835241,0.013868900258556407,0.03552148634496301
SPLN14,?,,tierA_p95,Endothelial,interferon_response,47531,9680,ctrl,49.99999999999999,9.61973091760292e-05,2.625907036785816,-465932.1891831007,1.0,49.99999999999999,6.210582266981113e-05,2.625481826129703,-465939.8864564383,1.0,-465936.03403967933,2.6259156078839747,-7.697273337573279,3.844856578623876,-3.8524167589494027,0.975,-0.1619421711635202,-0.43236369821238174,1.3827787646880391e-05,0.44754478212841275,0.007459864698835241,0.015997629939849118,0.012895315538116101
SPLN14,?,,tierA_p95,Endothelial,interferon_response,47531,9680,ctrl+N2,6.999999999999999,2.1923396903853865e-05,2.6258976109487144,-465930.3597985342,,49.99999999999999,5.8492687489928445e-05,2.625452380522689,-465938.4195345885,,,,-8.059736054343839,,,,,,,,0.007459864698835241,,
SPLN14,?,,tierA_p95,Endothelial,oxidative_stress,47531,9680,naive,49.99999999999999,0.0008744106401869183,13.052083339735871,-389755.214007537,1.0,16.49296129703063,0.0002048673117949559,13.052401080235093,-389754.0569248361,0.0,-389756.4752716863,13.052835422343811,1.1570827008690685,1.2612641492742114,2.41834685014328,0.455,0.024343748308873547,-0.16539106792787872,0.10378293519415728,0.7966489243488548,0.016571581435631685,0.0057685084961835355,0.05276567257811755
SPLN14,?,,tierA_p95,Endothelial,oxidative_stress,47531,9680,ctrl,49.99999999999999,0.0009028747827767129,12.934656706668719,-390144.7748739861,1.0,14.178039470333344,0.0002338037542997134,12.935054615441466,-390143.3127005862,0.0,-390146.0002476376,12.935411790442137,1.462173399864696,1.2253736515413038,2.687547051406,0.38,0.03076252129904054,-0.11064380293299902,0.12693366061793115,0.8213643470302384,0.016571581435631685,0.005511034284902306,0.05448332051043102
SPLN14,?,,tierA_p95,Endothelial,oxidative_stress,47531,9680,ctrl+N2,49.99999999999999,0.0009239690295259627,12.93415285933687,-390144.6263985004,,12.18803582947357,0.00027740415865248533,12.934265287039182,-390144.21324597683,,,,0.41315252354550364,,,,,,,,0.016571581435631685,,
SPLN14,?,,tierA_p95,Endothelial,secondary_senescence,47531,9680,naive,33.40540803599722,-0.0002435813427243135,1.8463411343155898,-482713.5798049572,0.0,31.763081427768892,-3.966903114584532e-05,1.8463427472970142,-482713.5382814352,0.0,-482715.47525031347,1.8464228875258013,0.041523521998897195,1.8954453562619165,1.9369688782608137,0.56,0.0008736092655087668,-0.11673375204844061,0.11324198560345905,0.601594425482927,0.006232712748194514,-0.006588092700670588,-0.03908111163245776
SPLN14,?,,tierA_p95,Endothelial,secondary_senescence,47531,9680,ctrl,45.204502969779604,-0.0002251582458606839,1.8413010240703502,-482803.50652720744,0.0,33.40540803599722,-3.674554142185508e-05,1.841294590038209,-482803.6726143991,0.0,-482806.16807877296,1.84135287488714,-0.16608719166833907,2.661551565513946,2.495464373845607,0.57,-0.003494291970889295,-0.10350580008918726,0.09379869172076588,0.5893108889495018,0.006232712748194514,-0.006514484458403829,-0.03612524031205871
SPLN14,?,,tierA_p95,Endothelial,secondary_senescence,47531,9680,ctrl+N2,6.999999999999999,-0.00024884549239025973,1.8412595398520981,-482802.5774051163,,38.85968176362148,-3.47960743517752e-05,1.8412317388159123,-482803.29507744784,,,,-0.7176723315673676,,,,,,,,0.006232712748194514,,
SPLN14,?,,tierA_p95,Endothelial,tnfa_nfkb_proximal,47531,9680,naive,6.999999999999999,0.0005672879846375877,1.9955399398332405,-479020.00545770297,1.0,6.999999999999999,0.00038014468900123097,1.9955664629711078,-479019.37371745915,1.0,-479019.02867186273,1.9957488959854783,0.63174024381442,-0.9767858402337879,-0.34504559641936794,0.355,0.01329112040172561,-0.07898502640606297,0.10698509850036796,0.9370047069965445,0.006479842845273001,0.009560899830995903,0.08754656526336493
SPLN14,?,,tierA_p95,Endothelial,tnfa_nfkb_proximal,47531,9680,ctrl,7.361938632551805,0.0005507864839436147,1.9844070872445791,-479245.9170353846,0.0,6.999999999999999,0.0003862844110568591,1.9844358219128484,-479245.2287806218,1.0,-479244.94000269606,1.9846148879650964,0.6882547628483735,-0.9770326885627583,-0.28877792571438476,0.41,0.014480123768664104,-0.11019303962725825,0.12175760698020864,0.9376623353963884,0.006479842845273001,0.009715318054536643,0.08499997561829906
SPLN14,?,,tierA_p95,Endothelial,tnfa_nfkb_proximal,47531,9680,ctrl+N2,6.999999999999999,0.000577725464876497,1.9844012529386181,-479244.05678030185,,6.999999999999999,0.00038751726327385994,1.984432054665378,-479243.3190134262,,,,0.737766875640432,,,,,,,,0.006479842845273001,,
SPLN14,?,,tierA_p95,Mono/Mac/DC,downstream_arrest,32422,9680,naive,16.49296129703063,0.000238526445811664,1.2001197678445987,-330831.6362261217,0.0,22.318425721029357,0.00010885212225469878,1.1999927522387848,-330835.06781521684,0.0,-330834.01976026635,1.2001796037889563,-3.431589095154777,2.383534144668374,-1.048054950486403,0.865,-0.10584137607657693,-0.34948115236531696,0.045416971562850336,0.6936289705491384,0.0060841963365471955,0.012477432570328194,0.039204265046420966
SPLN14,?,,tierA_p95,Mono/Mac/DC,downstream_arrest,32422,9680,ctrl,10.477345453252495,0.00038001847504398866,1.1825490544509396,-331269.829411262,0.0,17.345738419684505,0.0001498926028466329,1.1824940432912374,-331271.3376897554,0.0,-331270.9604683943,1.1826536999319166,-1.508278493420221,1.1310571322683245,-0.3772213611518964,0.77,-0.04652021755043553,-0.21830627422259954,0.07713446071927897,0.7468967053258556,0.0060841963365471955,0.012599617123459753,0.062459929621073114
SPLN14,?,,tierA_p95,Mono/Mac/DC,downstream_arrest,32422,9680,ctrl+N2,12.818224546846722,0.0003483353755879237,1.182512191466176,-331268.840101107,,15.682109678112967,0.0001670963710483687,1.1824880222311196,-331269.50277752837,,,,-0.6626764213283671,,,,,,,,0.0060841963365471955,,
SPLN14,?,,tierA_p95,Mono/Mac/DC,emt_ecm,32422,9680,naive,49.99999999999999,-0.0008099600848738848,2.100324232068919,-312686.0034678043,1.0,49.99999999999999,-8.483310215582107e-05,2.099729375127156,-312695.1873752962,1.0,-312683.30813725066,2.1007580059595914,-9.183907491911668,-2.6953305536299013,-11.87923804554157,0.85,-0.28326159681425167,-1.658145086796818,0.11622819140082147,0.4498393894759437,0.008049485324494602,-0.022127979234263753,-0.10062259288908222
SPLN14,?,,tierA_p95,Mono/Mac/DC,emt_ecm,32422,9680,ctrl,49.99999999999999,-0.0004981371042362339,1.9912670308520826,-314374.76376597036,1.0,30.20149733539872,-6.362642113809253e-05,1.9913160642424204,-314373.96540945466,0.0,-314376.32398156484,1.9914168811095598,0.7983565157046542,1.5602155944798142,2.3585721101844683,0.525,0.024623913259658695,-0.25368095468029467,0.16168385186098697,0.6202407279153828,0.008049485324494602,-0.008141075737110665,-0.06188434217756968
SPLN14,?,,tierA_p95,Mono/Mac/DC,emt_ecm,32422,9680,ctrl+N2,6.999999999999999,-0.0003051105489257095,1.991238879510675,-314373.2221320402,,49.99999999999999,-2.22181099344188e-05,1.9912582215899008,-314372.9071995359,,,,0.31493250427839964,,,,,,,,0.008049485324494602,,
SPLN14,?,,tierA_p95,Mono/Mac/DC,il6_jak_stat3,32422,9680,naive,49.99999999999999,0.0007776381481748585,6.2085720559055435,-277545.7689973359,1.0,24.6860647223019,0.00019523434728496445,6.20819652789685,-277547.730114517,0.0,-277547.68102192733,6.20897190055435,-1.9611171810538508,1.9120245914091356,-0.04909258964471519,0.71,-0.0604872364768938,-0.4276790320946715,0.09722400466455232,0.6856779001030404,0.013838529582663427,0.011174944987024413,0.056193697709969924
SPLN14,?,,tierA_p95,Mono/Mac/DC,il6_jak_stat3,32422,9680,ctrl,6.999999999999999,-0.00042762651564902626,5.963471357460933,-278811.6679147471,1.0,49.99999999999999,8.54753688716497e-05,5.962917742678091,-278814.6779286501,1.0,-278815.2645170322,5.96354555602006,-3.0100139030255377,3.5966022851062007,0.586588382080663,0.76,-0.09283862510102825,-0.4580308197487397,0.06228586753670676,0.3227489678156977,0.013838529582663427,0.012968673509956874,-0.0309011526884941
SPLN14,?,,tierA_p95,Mono/Mac/DC,il6_jak_stat3,32422,9680,ctrl+N2,6.999999999999999,-0.00043219275323073405,5.9633660670697335,-278810.24035904935,,49.99999999999999,6.070721993288995e-05,5.962343685303815,-278815.79938444635,,,,-5.559025397075679,,,,,,,,0.013838529582663427,,
SPLN14,?,,tierA_p95,Mono/Mac/DC,interferon_response,32422,9680,naive,49.99999999999999,0.0008894636296111493,3.1323615009990364,-299727.0771272496,1.0,24.6860647223019,0.00025048809998004675,3.131608253253858,-299734.8746740035,0.0,-299725.6630527862,3.132884610444779,-7.797546753892675,-1.4140744634205475,-9.211621217313223,0.935,-0.24050171963150563,-0.7285745755155777,0.03553546907878118,0.6856779001030404,0.009829972411477667,0.020184310342686432,0.09048485512351076
SPLN14,?,,tierA_p95,Mono/Mac/DC,interferon_response,32422,9680,ctrl,6.999999999999999,0.00046923690464325803,2.941668475644031,-301723.5115112621,1.0,49.99999999999999,7.25590622781586e-05,2.941305897596784,-301727.5079609207,1.0,-301726.52655461,2.9417578427387343,-3.996449658588972,3.0150433478993364,-0.9814063106896356,0.86,-0.12326351423690618,-0.3808480352192385,0.05734190261575016,0.3227489678156977,0.009829972411477667,0.015498293537994087,0.047735322639118755
SPLN14,?,,tierA_p95,Mono/Mac/DC,interferon_response,32422,9680,ctrl+N2,49.99999999999999,0.00034103572385247384,2.9411978184571326,-301726.69933861814,,49.99999999999999,6.366126545819007e-05,2.941231812466397,-301726.3246112223,,,,0.3747273958338845,,,,,,,,0.009829972411477667,,
SPLN14,?,,tierA_p95,Mono/Mac/DC,oxidative_stress,32422,9680,naive,49.99999999999999,0.0006406755096780101,13.05583303559243,-253446.3640184397,1.0,49.99999999999999,-7.374244787491268e-05,13.055327181457525,-253447.6202477782,1.0,-253449.69004447618,13.05610443720234,-1.2562293384980876,3.3260260364913847,2.069796697993297,0.525,-0.038746201298442036,-0.4742259605967649,0.15585593483213353,0.4498393894759437,0.020067205908711232,-0.0077156969699624595,0.03192649303349026
SPLN14,?,,tierA_p95,Mono/Mac/DC,oxidative_stress,32422,9680,ctrl,49.99999999999999,0.0003687394294806891,12.38392001101037,-255119.41774004017,1.0,49.99999999999999,-4.6832428322285546e-05,12.383813700358528,-255119.69607022527,1.0,-255123.20252347973,12.384002215486191,-0.27833018510136753,3.784783439565217,3.5064532544638496,0.6,-0.008584608756442154,-0.2191582858900918,0.09891872529946044,0.4498393894759437,0.020067205908711232,-0.0049000926293521225,0.018375225287454843
SPLN14,?,,tierA_p95,Mono/Mac/DC,oxidative_stress,32422,9680,ctrl+N2,49.99999999999999,0.0003847061259609862,12.383329043845636,-255118.96497182,,19.185852382096297,4.423992941270168e-05,12.382831691388715,-255120.26716488358,,,,-1.3021930635825556,,,,,,,,0.020067205908711232,,
SPLN14,?,,tierA_p95,Mono/Mac/DC,secondary_senescence,32422,9680,naive,49.99999999999999,-0.0002861983311152131,1.4223772197766091,-325322.87217809,1.0,6.999999999999999,-0.00023748605395277025,1.4223826364880108,-325322.74870853475,1.0,-325325.63768940826,1.422431378742992,0.12346955522662029,2.7655113182845525,2.888980873511173,0.56,0.0038082029247615903,-0.17978904728504502,0.15415243440405627,0.8080493861597112,0.006623625377198514,-0.00585379010814896,-0.04320871347241757
SPLN14,?,,tierA_p95,Mono/Mac/DC,secondary_senescence,32422,9680,ctrl,49.99999999999999,-0.0003417351859737264,1.4090155228187042,-325588.88140683423,1.0,12.18803582947357,-0.00013541340862771345,1.4090276326126208,-325588.6027569224,0.0,-325591.25793843594,1.409086078288626,0.27864991180831566,2.376531601708848,2.6551815135171637,0.565,0.008594470168660651,-0.1503623000894135,0.17326663734317443,0.8293953874320146,0.006623625377198514,-0.006816293726609972,-0.05159337469455
SPLN14,?,,tierA_p95,Mono/Mac/DC,secondary_senescence,32422,9680,ctrl+N2,49.99999999999999,-0.00034042774726980644,1.4090115398068175,-325586.97305763,,35.13265199376635,-3.268147640305698e-05,1.4090077367327831,-325587.06056822115,,,,-0.08751059112126895,,,,,,,,0.006623625377198514,,
SPLN14,?,,tierA_p95,Mono/Mac/DC,tnfa_nfkb_proximal,32422,9680,naive,49.99999999999999,-0.0005737492896879208,1.8984660987457367,-315962.1001943875,1.0,6.999999999999999,-0.0004397493500252354,1.8985166353039222,-315961.2371426413,1.0,-315962.38319443655,1.8986837596830946,0.8630517462152056,0.2830000490648672,1.1460517952800728,0.575,0.026619324724421863,-0.4272684769563091,0.18066523273239443,0.8080493861597112,0.007652554251179224,-0.009381960185443806,-0.07497487385006565
SPLN14,?,,tierA_p95,Mono/Mac/DC,tnfa_nfkb_proximal,32422,9680,ctrl,49.99999999999999,-0.0004780193850222956,1.8648834970048274,-316500.7570469028,1.0,6.999999999999999,-0.0004665939402407953,1.8648463371543669,-316501.40309727384,1.0,-316502.35542125674,1.8650216414103788,-0.6460503710550256,1.5983743539545685,0.9523239828995429,0.71,-0.019926296066097884,-0.2657770096841373,0.09220838552299546,0.8080493861597112,0.007652554251179224,-0.009954683889486764,-0.062465337620595064
SPLN14,?,,tierA_p95,Mono/Mac/DC,tnfa_nfkb_proximal,32422,9680,ctrl+N2,6.999999999999999,-0.0005563513105729662,1.8647785958330472,-316500.5808613437,,6.999999999999999,-0.00047011992554515513,1.864735583986702,-316501.32869605627,,,,-0.7478347125270274,,,,,,,,0.007652554251179224,,
SPLN14,?,,tierA_p95,Plasma cells,downstream_arrest,15128,9680,naive,6.999999999999999,-0.0019137478887844002,1.4994298077646404,-139460.3254057506,1.0,49.99999999999999,0.00024749968160962175,1.4959170031684246,-139495.80826342868,1.0,-139456.80216955426,1.5001756677601148,-35.482857678085566,-3.523236196342623,-39.00609387442819,0.945,-2.3455088364678454,-8.018544907535734,0.09841082142001639,0.3239808160998282,0.009958187532201906,0.05328017710925236,-0.19217833389898645
SPLN14,?,,tierA_p95,Plasma cells,downstream_arrest,15128,9680,ctrl,8.563960425689007,-0.0004828247460859317,1.1672720599554123,-143208.61039250475,0.0,30.20149733539872,-0.00016638574421711349,1.1670041526716097,-143212.0829047852,0.0,-143211.80504772434,1.1673342017774244,-3.472512280452065,3.1946552195877302,-0.2778570608643349,0.865,-0.22954205978662515,-1.3368486803634816,0.10778998616115741,0.5153271285099312,0.009958187532201906,-0.0177918407320547,-0.04848520320350772
SPLN14,?,,tierA_p95,Plasma cells,downstream_arrest,15128,9680,ctrl+N2,49.99999999999999,-0.00030625560898126495,1.1670780713346007,-143209.12471957426,,27.304873519796445,-0.0001513725516901515,1.1663963041027265,-143217.9645637875,,,,-8.839844213269693,,,,,,,,0.009958187532201906,,
SPLN14,?,,tierA_p95,Plasma cells,emt_ecm,15128,9680,naive,6.999999999999999,0.0005629406834021321,0.6048495057857418,-153194.4392062725,1.0,6.999999999999999,0.00042734747069538936,0.6048361615615298,-153194.77296475097,1.0,-153196.82512962536,0.6049140434341913,-0.33375847846036777,2.385923352849204,2.0521648743888363,0.76,-0.02206230026840083,-0.703983641211466,0.16034538789868694,0.9313408906993959,0.00632347892677132,0.01134674667974514,0.08902388856390764
SPLN14,?,,tierA_p95,Plasma cells,emt_ecm,15128,9680,ctrl,6.999999999999999,0.00024672102821980115,0.5497647400170832,-154599.00035374594,1.0,49.99999999999999,4.454496612755194e-05,0.5496948777139715,-154600.92289261112,1.0,-154602.67898265552,0.5497764190473988,-1.9225388651830144,3.6786289095762186,1.7560900443932042,0.785,-0.1270848007127852,-0.6758691005962939,0.21885653224058677,0.3239808160998282,0.00632347892677132,0.015101283935154803,0.0390166601388133
SPLN14,?,,tierA_p95,Plasma cells,emt_ecm,15128,9680,ctrl+N2,49.99999999999999,-2.412320278444454e-05,0.5497397122772549,-154597.6890633685,,19.185852382096297,0.00010986708604283118,0.5496488149216643,-154600.19062703685,,,,-2.501563668327725,,,,,,,,0.00632347892677132,,
SPLN14,?,,tierA_p95,Plasma cells,il6_jak_stat3,15128,9680,naive,17.345738419684505,0.0014651348730578089,1.9249775433652627,-135680.90633024476,0.0,8.14292620081837,0.00130213727967058,1.9249737552461965,-135680.93610031757,0.0,-135676.3873540022,1.926061854320817,-0.029770072811516002,-4.518976242572535,-4.548746315384051,0.55,-0.0019678789536961925,-0.45469647507259037,0.5132203910359965,0.8938714444198578,0.011283513611621134,0.023768353904741125,0.12984739712805304
SPLN14,?,,tierA_p95,Plasma cells,il6_jak_stat3,15128,9680,ctrl,6.999999999999999,0.0013562656619377804,1.878238158067559,-136012.75430102716,1.0,7.742591489922676,0.0009024797448848416,1.8781738813694104,-136013.272017337,0.0,-136013.90968339882,1.878591368785015,-0.5177163098414894,1.1553823716531042,0.6376660618116148,0.605,-0.0342223895981947,-0.47191244333298876,0.2711919862845539,0.9181299154917064,0.011283513611621134,0.015405751027772,0.12019887674179204
SPLN14,?,,tierA_p95,Plasma cells,il6_jak_stat3,15128,9680,ctrl+N2,6.999999999999999,0.0013720136540838507,1.87793358425761,-136013.2076460407,,6.999999999999999,0.00104410497088902,1.877846903401569,-136013.90593391706,,,,-0.6982878763706533,,,,,,,,0.011283513611621134,,
SPLN14,?,,tierA_p95,Plasma cells,interferon_response,15128,9680,naive,6.999999999999999,0.0017969721119235485,1.2344827000675878,-142401.70619131767,1.0,6.999999999999999,0.0012752038870081268,1.2344468342119193,-142402.14571675335,1.0,-142397.6495988209,1.2351403132936931,-0.43952543567866087,-4.056592496781377,-4.496117932460038,0.505,-0.029053770206151564,-0.4851156246789493,0.35531581154299896,0.9313408906993959,0.009035816245970375,0.02369509936925013,0.19887213980541676
SPLN14,?,,tierA_p95,Plasma cells,interferon_response,15128,9680,ctrl,6.999999999999999,0.0008147408811393443,1.2059340091009758,-142715.66565902368,1.0,6.999999999999999,0.0006315340709006279,1.2059047572389574,-142716.03261735837,1.0,-142718.06695366645,1.2060614572127575,-0.36695833469275385,2.4012946427683346,2.0343363080755807,0.72,-0.024256896793545337,-0.4086844263127228,0.12545079854587182,0.9313408906993959,0.009035816245970375,0.011734799993565317,0.0901679337948599
SPLN14,?,,tierA_p95,Plasma cells,interferon_response,15128,9680,ctrl+N2,6.999999999999999,0.0008085360789785642,1.2058855578550371,-142714.2734743501,,49.99999999999999,7.141863472498432e-05,1.2057342416565693,-142716.17187595874,,,,-1.898401608652206,,,,,,,,0.009035816245970375,,
SPLN14,?,,tierA_p95,Plasma cells,oxidative_stress,15128,9680,naive,6.999999999999999,-0.0014269412519700166,3.7151071694183284,-125734.34884326845,1.0,49.99999999999999,8.828639031848318e-05,3.7149799463051063,-125734.86690751914,1.0,-125736.66040189695,3.7155218369691485,-0.5180642506893491,2.31155862849846,1.793494377809111,0.59,-0.03424538938983006,-0.702448617699822,0.25052686936451574,0.3239808160998282,0.015671809760331144,0.012076634577583319,-0.09105146589329285
SPLN14,?,,tierA_p95,Plasma cells,oxidative_stress,15128,9680,ctrl,6.999999999999999,-0.001510730666943467,3.649635061919553,-125963.32991681367,1.0,6.999999999999999,-0.0008055948275530177,3.649818307987743,-125962.57036774069,1.0,-125965.5135345447,3.6500732910577365,0.7595490729872836,2.1836177310324274,2.943166804019711,0.42,0.050208161884405314,-0.35133950743186404,0.28870266727941984,0.9313408906993959,0.015671809760331144,-0.008630656159606426,-0.09639797125862684
SPLN14,?,,tierA_p95,Plasma cells,oxidative_stress,15128,9680,ctrl+N2,49.99999999999999,-0.0008365990845045286,3.6486793507232584,-125965.29192728421,,49.99999999999999,-3.1190685618526016e-07,3.6493712329235453,-125962.42354651942,,,,2.868380764790602,,,,,,,,0.015671809760331144,,
SPLN14,?,,tierA_p95,Plasma cells,secondary_senescence,15128,9680,naive,6.999999999999999,0.0003816622051329851,0.4626751940691349,-157248.05326517878,1.0,6.999999999999999,0.0002378275473561703,0.4626807380206063,-157247.87199677178,1.0,-157251.08334151973,0.4627048591936381,0.1812684070027899,3.0300763409468345,3.2113447479496244,0.635,0.011982311409491665,-0.47869340066428157,0.18038296146747632,0.9313408906993959,0.005530460212632752,0.007220165985970199,0.0690109304452053
SPLN14,?,,tierA_p95,Plasma cells,secondary_senescence,15128,9680,ctrl,6.999999999999999,0.00017420488121810764,0.44790325431964056,-157698.92697677313,1.0,49.99999999999999,3.782415893442667e-05,0.44785028741321153,-157700.7160478157,1.0,-157702.73021356316,0.44790908003719954,-1.7890710425563157,3.803236790030496,2.0141657474741805,0.79,-0.11826223179245873,-0.5693685976773462,0.11447377969303213,0.3239808160998282,0.005530460212632752,0.014661531011214743,0.0314991654381108
SPLN14,?,,tierA_p95,Plasma cells,secondary_senescence,15128,9680,ctrl+N2,49.99999999999999,0.00010238885715491281,0.4478698936154635,-157698.05378155445,,28.716686174618605,8.080766589569141e-05,0.44780831192244736,-157700.13401047516,,,,-2.0802289207339144,,,,,,,,0.005530460212632752,,
SPLN14,?,,tierA_p95,Plasma cells,tnfa_nfkb_proximal,15128,9680,naive,49.99999999999999,-0.0004555441788223307,0.7650177498021802,-149640.57913434523,1.0,49.99999999999999,-0.00010243040220908655,0.7643530400121239,-149653.72928786473,1.0,-149643.2994224776,0.7650824671278383,-13.150153519498417,2.720288132375572,-10.429865387122845,0.895,-0.8692592226003714,-2.697506447372163,0.12483193904531381,0.4571392001668887,0.0071115352474234615,-0.030877122940325772,-0.06405707950661134
SPLN14,?,,tierA_p95,Plasma cells,tnfa_nfkb_proximal,15128,9680,ctrl,49.99999999999999,-0.0003672287923849355,0.7460298226458968,-149980.79811376572,1.0,6.999999999999999,0.00010938943212614393,0.7460630731738866,-149980.12387426101,1.0,-149984.02853289802,0.7460677751103248,0.674239504704019,3.230419132305542,3.904658637009561,0.46,0.04456897836488756,-0.37325075613849623,0.42510718444862083,0.8073480694322555,0.0071115352474234615,0.002582606845185407,-0.05163846898830256
SPLN14,?,,tierA_p95,Plasma cells,tnfa_nfkb_proximal,15128,9680,ctrl+N2,49.99999999999999,-0.00038032171138104644,0.7459461239127975,-149980.4954527055,,49.99999999999999,7.564869454437058e-06,0.7460535352399345,-149978.31727719484,,,,2.178175510653707,,,,,,,,0.0071115352474234615,,
SPLN14,?,,tierA_p95,Stromal,downstream_arrest,39172,9680,naive,11.58882939190469,0.0002522793807493009,1.112643755867092,-410082.82734433934,0.0,49.99999999999999,5.330127761534017e-05,1.1120901445685352,-410102.3227655494,1.0,-410084.42546963017,1.1127119809470152,-19.495421210071072,1.5981252908241004,-17.89729591924697,0.98,-0.49768766491552824,-1.2416894931390807,-0.04137476754157297,0.3775635869858179,0.005329709145429543,0.023639956904294112,0.0473345493756084
SPLN14,?,,tierA_p95,Stromal,downstream_arrest,39172,9680,ctrl,6.999999999999999,0.00021493053144403166,1.1052136919543407,-410305.2892556994,1.0,35.13265199376635,4.767200115894448e-05,1.1051326723768196,-410308.1609313275,0.0,-410308.4414220404,1.1052376133142159,-2.871675628121011,3.1521663410239853,0.28049071290297434,0.905,-0.07330939518332,-0.346384946325867,0.05722499009423389,0.4258541431233973,0.005329709145429543,0.0124329934487249,0.04032687817270799
SPLN14,?,,tierA_p95,Stromal,downstream_arrest,39172,9680,ctrl+N2,7.742591489922676,0.00019947244088106382,1.1051820495955689,-410304.4107693312,,31.763081427768892,5.2246424742662206e-05,1.1051299169952935,-410306.25859737466,,,,-1.8478280434919339,,,,,,,,0.005329709145429543,,
SPLN14,?,,tierA_p95,Stromal,emt_ecm,39172,9680,naive,49.99999999999999,-0.005701647091857228,7.757907773975915,-334011.8321726662,1.0,49.99999999999999,-0.0006236371408592733,7.700604538911854,-334302.2472604937,1.0,-333875.5954469453,7.785731049354444,-290.41508782748133,-136.2367257209262,-426.6518135484075,1.0,-7.413843761551142,-18.54471098570881,-0.7463087055660593,0.4689734552587707,0.014098140220532327,-0.10456412720057598,-0.4044254775639844
SPLN14,?,,tierA_p95,Stromal,emt_ecm,39172,9680,ctrl,16.49296129703063,0.000252234722145063,6.938702595612386,-338343.34393322485,0.0,9.006764443646388,0.0003630709496995566,6.938518797965557,-338344.38156478206,0.0,-338346.9131833216,6.938778896590259,-1.0376315572066233,3.569250096741598,2.531618539534975,0.87,-0.02648911358129846,-0.29064869445356395,0.07684670157771548,0.8934547903036174,0.014098140220532327,0.006083786417032417,0.017891347240242415
SPLN14,?,,tierA_p95,Stromal,emt_ecm,39172,9680,ctrl+N2,47.54182525407475,0.00025846803203198577,6.938610862187545,-338341.8618118083,,49.99999999999999,1.878030227639495e-05,6.935791443722935,-338357.7821028855,,,,-15.920291077169418,,,,,,,,0.014098140220532327,,
SPLN14,?,,tierA_p95,Stromal,il6_jak_stat3,39172,9680,naive,49.99999999999999,0.0021522834977814134,5.610156712207588,-346708.810297975,1.0,47.54182525407475,0.00021865830292148544,5.605155997128596,-346743.74254268955,0.0,-346685.13744844234,5.61412137760348,-34.93224471452413,-23.67284953268245,-58.60509424720658,0.925,-0.8917656671735967,-3.2645868289177895,0.25874275801445057,0.48321034297135207,0.011971622836278418,0.03996165476219555,0.1797821003080235
SPLN14,?,,tierA_p95,Stromal,il6_jak_stat3,39172,9680,ctrl,6.999999999999999,-0.0008514810992198168,5.395443013942722,-348197.4561772467,1.0,6.999999999999999,-0.00046269610441130725,5.395596462910798,-348196.34212275903,1.0,-348198.73022122815,5.3958184926550565,1.1140544876689091,1.2740439814515412,2.3880984691204503,0.44,0.02844007167540358,-0.33177362662855703,0.10865459035850288,0.9335002507139671,0.011971622836278418,-0.006531461689370066,-0.07112495196293614
SPLN14,?,,tierA_p95,Stromal,il6_jak_stat3,39172,9680,ctrl+N2,6.999999999999999,-0.0008490721850377117,5.395427933130021,-348195.565667129,,6.999999999999999,-0.0004609685628291611,5.395583698863843,-348194.4347897778,,,,1.1308773512194021,,,,,,,,0.011971622836278418,,
SPLN14,?,,tierA_p95,Stromal,interferon_response,39172,9680,naive,49.99999999999999,0.0012614830775929805,3.073959961317735,-370275.1568741648,1.0,47.54182525407475,0.00012811158987210175,3.072244330172443,-370297.0255598712,0.0,-370261.8047841381,3.075321940427999,-21.868685706402175,-13.352090026717633,-35.22077573311981,0.915,-0.5582734020831761,-2.382371231909543,0.12502991256926288,0.48321034297135207,0.008860483484528238,0.03163453950023688,0.14237181070912794
SPLN14,?,,tierA_p95,Stromal,interferon_response,39172,9680,ctrl,6.999999999999999,-0.00037981894908663527,2.934686803501112,-372051.4012588121,1.0,49.99999999999999,3.18849816254047e-05,2.9346445747071006,-372051.96492994006,1.0,-372054.40407852567,2.9347615111768928,-0.5636711279512383,3.002819713554345,2.4391485856031068,0.585,-0.014389643825978717,-0.376077178683423,0.10849443529183185,0.3192723993555187,0.008860483484528238,0.008506312260817803,-0.04286661667018405
SPLN14,?,,tierA_p95,Stromal,interferon_response,39172,9680,ctrl+N2,6.999999999999999,-0.0003765982677461002,2.934659573832547,-372049.7647202637,,49.99999999999999,3.242143775326814e-05,2.934644326720369,-372049.9682400978,,,,-0.20351983416271452,,,,,,,,0.008860483484528238,,
SPLN14,?,,tierA_p95,Stromal,oxidative_stress,39172,9680,naive,49.99999999999999,0.00020812177380753283,7.233090655530595,-336755.6842575354,1.0,49.99999999999999,5.72105394101418e-05,7.23241133153799,-336759.3634218647,1.0,-336759.4834900634,7.233127727241182,-3.679164329310879,3.7992325280210935,0.12006819871021435,0.91,-0.0939233209769958,-0.41925058588050856,0.028664433274639675,0.4689734552587707,0.01358861500133392,0.00995206993086055,0.015315893030436638
SPLN14,?,,tierA_p95,Stromal,oxidative_stress,39172,9680,ctrl,49.99999999999999,-0.00013277589787608304,7.034223272095045,-337807.7661647213,1.0,9.006764443646388,-0.00028108730400084654,7.034080315336412,-337808.5622666982,0.0,-337811.6936516038,7.034236293486098,-0.7961019769427367,3.927486882545054,3.1313849056023173,0.75,-0.020323240501958967,-0.2086057848954417,0.08156836018219472,0.8239418743639052,0.01358861500133392,-0.004886639704222068,-0.009771113380817549
SPLN14,?,,tierA_p95,Stromal,oxidative_stress,39172,9680,ctrl+N2,49.99999999999999,-0.00013900939336496408,7.034177932364717,-337806.01865224855,,49.99999999999999,5.328743437400938e-05,7.033722291728013,-337808.5561105391,,,,-2.537458290557935,,,,,,,,0.01358861500133392,,
SPLN14,?,,tierA_p95,Stromal,secondary_senescence,39172,9680,naive,49.99999999999999,0.0007031000563607886,2.989066386632848,-371372.18936666637,1.0,49.99999999999999,0.00010144832807193261,2.987236851281864,-371396.1729425173,1.0,-371370.64500816754,2.989489485491789,-23.983575850958005,-1.5443584988242947,-25.5279343497823,0.97,-0.6122632454548659,-1.7940584354078475,0.0013802174859481077,0.4689734552587707,0.00873596010847952,0.027450282764365983,0.08048343256488136
SPLN14,?,,tierA_p95,Stromal,secondary_senescence,39172,9680,ctrl,49.99999999999999,-0.00028451471946886527,2.9220235850183665,-372220.79476967454,1.0,15.682109678112967,-9.379597240156613e-05,2.922020314261153,-372220.83861674473,0.0,-372223.99365853035,2.922083344274837,-0.04384707019198686,3.198888855811674,3.1550417856196873,0.71,-0.0011193472427240595,-0.10661146343658014,0.08357790837756819,0.7928986223440534,0.00873596010847952,-0.005078979208347927,-0.03256822557604563
SPLN14,?,,tierA_p95,Stromal,secondary_senescence,39172,9680,ctrl+N2,49.99999999999999,-0.0002862425810563539,2.922020206204529,-372218.8400653295,,17.345738419684505,-8.21794656796656e-05,2.9220109079958583,-372218.96471539483,,,,-0.12465006531434902,,,,,,,,0.00873596010847952,,
SPLN14,?,,tierA_p95,Stromal,tnfa_nfkb_proximal,39172,9680,naive,49.99999999999999,-0.0005038404054458388,3.06199549065305,-370427.9196647441,1.0,35.13265199376635,-7.430079916339261e-05,3.061794932598371,-370430.48548087367,0.0,-370429.14027554344,3.0622127575562077,-2.5658161295577884,1.2206107993260957,-1.3452053302316926,0.765,-0.0655012797293421,-1.2990809619205756,0.14704489174073734,0.5756504244792773,0.008841578513393476,-0.011680986129226375,-0.0569853453911676
SPLN14,?,,tierA_p95,Stromal,tnfa_nfkb_proximal,39172,9680,ctrl,49.99999999999999,0.00011474213423264906,2.9336812794533897,-372064.825225348,1.0,38.85968176362148,-2.6938472698234584e-05,2.933647851986657,-372065.2715683765,0.0,-372068.69538725016,2.9336910033436254,-0.44634302851045504,3.8701619021594524,3.4238188736489974,0.73,-0.011394440633882749,-0.23134079276679104,0.048452362938364545,0.5438536031486215,0.008841578513393476,-0.004913744397742706,0.012977562100009271
SPLN14,?,,tierA_p95,Stromal,tnfa_nfkb_proximal,39172,9680,ctrl+N2,6.999999999999999,0.00012646070730894907,2.9335838553525098,-372064.1261029434,,49.99999999999999,-5.978004868601392e-06,2.9335408505544422,-372064.7003480922,,,,-0.574245148816394,,,,,,,,0.008841578513393476,,
SPLN14,?,,tierA_p95,T/NK cells,downstream_arrest,39107,9680,naive,6.999999999999999,0.00025317283232525724,1.5073843021316595,-397463.06737560616,1.0,49.99999999999999,2.0143785064802927e-05,1.5073321254421,-397464.42105104984,1.0,-397466.1881352315,1.507418192945009,-1.3536754436790943,3.1207596253370866,1.7670841816579923,0.695,-0.034614658339404566,-0.4563184164505846,0.10000771136358631,0.35109312668000037,0.006208542030369505,0.00755618748508568,0.04077814582651885
SPLN14,?,,tierA_p95,T/NK cells,downstream_arrest,39107,9680,ctrl,6.999999999999999,0.00027754854548382545,1.4814463242593947,-398101.84920925647,1.0,6.999999999999999,0.00015826567288326743,1.4814602862313204,-398101.4806449324,1.0,-398104.8389237946,1.481484596257161,0.36856432404601946,2.989714538154658,3.3582788622006774,0.58,0.009424510293451798,-0.11812533471461095,0.07060489323876731,0.9351336060043102,0.006208542030369505,0.004211704245587744,0.044704303213455525
SPLN14,?,,tierA_p95,T/NK cells,downstream_arrest,39107,9680,ctrl+N2,6.999999999999999,0.00027932658226409283,1.4814440362433732,-398099.9096080102,,6.999999999999999,0.00015687612218269004,1.4814582526765239,-398099.53432594077,,,,0.3752820694105652,,,,,,,,0.006208542030369505,,
SPLN14,?,,tierA_p95,T/NK cells,emt_ecm,39107,9680,naive,49.99999999999999,0.0006392136679695924,1.3738674191215792,-401090.0930968913,1.0,30.20149733539872,2.405646972626413e-05,1.374205319204018,-401080.4759871211,0.0,-401083.64882368856,1.374234385724339,9.617109770188108,-6.444273202738259,3.172836567449849,0.44,0.2459178604901452,-1.226262505358703,0.7261740689733377,0.6344147423070036,0.005927931204636193,0.004599028661731308,0.10783081749697719
SPLN14,?,,tierA_p95,T/NK cells,emt_ecm,39107,9680,ctrl,6.999999999999999,0.00015757148796858328,1.3082122878811349,-402965.09081432445,1.0,22.318425721029357,-5.146238832300134e-05,1.308184076075646,-402965.93417207594,0.0,-402968.72230356303,1.3082246154076047,-0.8433577514952049,3.6314892385853454,2.7881314870901406,0.71,-0.02156539114468522,-0.2892360316212222,0.12560021941123706,0.6044447898385497,0.005927931204636193,-0.006508060559715487,0.026581193759260654
SPLN14,?,,tierA_p95,T/NK cells,emt_ecm,39107,9680,ctrl+N2,49.99999999999999,8.136778437312427e-05,1.308209402094356,-402963.1770805895,,49.99999999999999,-3.181425553964521e-05,1.3079733382466294,-402970.23449961137,,,,-7.05741902180138,,,,,,,,0.005927931204636193,,
SPLN14,?,,tierA_p95,T/NK cells,il6_jak_stat3,39107,9680,naive,49.99999999999999,0.0021808390955593885,5.230150892399021,-348811.4475143334,1.0,27.304873519796445,0.00041848326212084796,5.227772133320233,-348829.23807038734,0.0,-348783.52150170936,5.234422404924145,-17.790556053922046,-27.926012624055147,-45.71656867797719,0.895,-0.45491999012765094,-2.2445056242776427,0.19562226055729928,0.6640794866690501,0.011569301322436146,0.03564390752083663,0.18850222970177313
SPLN14,?,,tierA_p95,T/NK cells,il6_jak_stat3,39107,9680,ctrl,6.999999999999999,-0.00014480064269389197,5.0790618799562965,-349917.8126605527,1.0,49.99999999999999,8.784097123377017e-05,5.078170563169621,-349924.6760903031,1.0,-349921.7324650578,5.0790722954394205,-6.86342975043226,3.9198045051307417,-2.9436252453015186,0.885,-0.17550386760509015,-0.6765399145101841,0.023875582276683273,0.35109312668000037,0.011569301322436146,0.017682402352927038,-0.012515936671177078
SPLN14,?,,tierA_p95,T/NK cells,il6_jak_stat3,39107,9680,ctrl+N2,6.999999999999999,-0.00016494445828410078,5.07876850855759,-349918.07158295123,,49.99999999999999,6.830148031996725e-05,5.0779847476897215,-349924.1070818055,,,,-6.035498854265286,,,,,,,,0.011569301322436146,,
SPLN14,?,,tierA_p95,T/NK cells,interferon_response,39107,9680,naive,49.99999999999999,0.0024673212067523325,3.7261482971421906,-362071.2646970161,1.0,28.716686174618605,0.0004614519429870148,3.7223209005636493,-362111.4549716076,0.0,-362017.92416018806,3.731615759718511,-40.190274591499474,-53.34053682803642,-93.5308114195359,0.93,-1.0277002733909395,-3.47441866784324,0.19532106018206488,0.6493283504299429,0.00976834992374131,0.04990831957550938,0.2525832126982975
SPLN14,?,,tierA_p95,T/NK cells,interferon_response,39107,9680,ctrl,6.999999999999999,-0.00028988325751572256,3.553328005069256,-363888.47339115257,1.0,49.99999999999999,9.078634932217121e-05,3.552412139455468,-363898.5544681489,1.0,-363892.0140422853,3.55336974252752,-10.081076996342745,3.540651132701896,-6.5404258636408485,0.905,-0.25778190595910566,-0.7746498749476839,0.09383875265011797,0.35109312668000037,0.00976834992374131,0.02164465241420149,-0.029675765072820052
SPLN14,?,,tierA_p95,T/NK cells,interferon_response,39107,9680,ctrl+N2,11.019082036984365,-0.0001513014717662604,3.5532977887049975,-363886.80594597996,,49.99999999999999,8.24045107645135e-05,3.5523776718565463,-363896.9339091815,,,,-10.12796320159021,,,,,,,,0.00976834992374131,,
SPLN14,?,,tierA_p95,T/NK cells,oxidative_stress,39107,9680,naive,49.99999999999999,0.0024804379547644913,7.820531932370557,-333078.2147157387,1.0,31.763081427768892,0.00030459296440336556,7.820690830330629,-333077.42014582315,0.0,-333054.5926601132,7.826057681605975,0.7945699155679904,-23.622055625543,-22.827485709975008,0.515,0.020317843750939483,-1.107285704199649,0.5023334266458584,0.619405585868146,0.014146345852172877,0.026187151329757914,0.1753412492886391
SPLN14,?,,tierA_p95,T/NK cells,oxidative_stress,39107,9680,ctrl,49.99999999999999,0.0011820644129045253,7.678754011560737,-333753.6881668199,1.0,49.99999999999999,0.00012316056699039358,7.678088345064184,-333757.07847572496,1.0,-333752.0527783576,7.679860613441547,-3.3903089050436392,-1.6353884623385966,-5.025697367382236,0.72,-0.08669314713589994,-0.34144780741946945,0.19307330587273397,0.488994495742742,0.014146345852172877,0.020275831802511284,0.08355969981035072
SPLN14,?,,tierA_p95,T/NK cells,oxidative_stress,39107,9680,ctrl+N2,49.99999999999999,0.001180043748851319,7.678285776504312,-333754.072906146,,47.54182525407475,9.087326410160598e-05,7.677336766021854,-333758.9066994855,,,,-4.83379333946975,,,,,,,,0.014146345852172877,,
SPLN14,?,,tierA_p95,T/NK cells,secondary_senescence,39107,9680,naive,49.99999999999999,0.0005884874046713963,1.4827129530445327,-398108.42721652176,1.0,33.40540803599722,9.863466622212227e-05,1.4823752443341145,-398117.3353998312,0.0,-398104.22444429813,1.4830239876995943,-8.908183309424203,-4.2027722236234695,-13.110955533047672,0.825,-0.22778999435968503,-1.2548039494997865,0.07543725205160759,0.6043644393901058,0.006158101420076334,0.020915217094135175,0.09556312318229705
SPLN14,?,,tierA_p95,T/NK cells,secondary_senescence,39107,9680,ctrl,6.999999999999999,-0.00026586689486741505,1.461785514134509,-398624.32707063924,1.0,47.54182525407475,1.5178121378290364e-05,1.4617970989369697,-398624.0171448189,0.0,-398627.38792864146,1.461820618863895,0.30992582032922655,3.06085800222354,3.3707838225527667,0.51,0.007925072757542806,-0.13618585411467604,0.08960171469028907,0.363483858656729,0.006158101420076334,0.0053375532379706485,-0.043173516752659444
SPLN14,?,,tierA_p95,T/NK cells,secondary_senescence,39107,9680,ctrl+N2,6.999999999999999,-0.00026075668669108194,1.4617663209519027,-398622.84054728306,,36.94920399670096,1.3278264117625e-05,1.4617749929141128,-398622.60854479723,,,,0.23200248585385924,,,,,,,,0.006158101420076334,,
SPLN14,?,,tierA_p95,T/NK cells,tnfa_nfkb_proximal,39107,9680,naive,49.99999999999999,0.0005810129860222829,2.398131421219958,-379305.1412983544,1.0,24.6860647223019,0.00014862456342673613,2.3977978054630085,-379310.58204229013,0.0,-379304.1975064152,2.3984346051055185,-5.440743935701903,-0.9437919392366894,-6.384535874938592,0.93,-0.13912455406198132,-0.6547458250616173,0.03475043084169962,0.6928148200103028,0.007831351012937941,0.016294365905740498,0.07419064539288535
SPLN14,?,,tierA_p95,T/NK cells,tnfa_nfkb_proximal,39107,9680,ctrl,49.99999999999999,-0.00020758623440062781,2.3523781287701007,-380018.4623124032,1.0,31.763081427768892,1.92642742715927e-05,2.352398987986249,-380018.11554087896,0.0,-380021.8949065352,2.3524122598166395,0.3467715242295526,3.432594132027589,3.7793656562571414,0.565,0.008867249449703444,-0.1810639940085832,0.10374130885024924,0.619405585868146,0.007831351012937941,0.0029917729039068055,-0.026507078284599132
SPLN14,?,,tierA_p95,T/NK cells,tnfa_nfkb_proximal,39107,9680,ctrl+N2,49.99999999999999,-0.00020790070623611474,2.3523692840526156,-380016.60935127106,,49.99999999999999,-7.0491541862769415e-06,2.352270900244603,-380018.2449686317,,,,-1.6356173606393212,,,,,,,,0.007831351012937941,,
SPLN21,?,,tierA_p95,B cells,downstream_arrest,27091,7529,naive,49.99999999999999,0.0016260798661677659,1.2261958668783852,-270984.3637574128,1.0,49.99999999999999,0.00011518374206451412,1.2194313190989303,-271134.23028841417,1.0,-270960.2440074042,1.2274692869170525,-149.86653100134572,-24.119750008627307,-173.98628100997303,1.0,-5.531967480024574,-11.301712960162677,-2.2323969758657194,0.43691539825022974,0.006731204716552835,0.080922224798771,0.24157337867432083
SPLN21,?,,tierA_p95,B cells,downstream_arrest,27091,7529,ctrl,49.99999999999999,0.00046359643076506553,1.1708323376968308,-272192.01374229003,1.0,49.99999999999999,1.0588689676167188e-05,1.1708999993447557,-272190.44821605505,1.0,-272193.94587582164,1.1709217111912134,1.5655262349755503,1.9321335316053592,3.4976597665809095,0.63,0.057787687238402066,-1.0365256648844416,0.32095873042947354,0.43691539825022974,0.006731204716552835,0.007439073526707455,0.06887272787234563
SPLN21,?,,tierA_p95,B cells,downstream_arrest,27091,7529,ctrl+N2,49.99999999999999,0.0004642942539242773,1.1708320952772475,-272190.0193514532,,49.99999999999999,6.7791802026404935e-06,1.1708904281038692,-272188.6696658345,,,,1.3496856186450341,,,,,,,,0.006731204716552835,,
SPLN21,?,,tierA_p95,B cells,emt_ecm,27091,7529,naive,6.999999999999999,-0.0016722183612854684,1.4262314335400628,-266890.39841997134,1.0,45.204502969779604,-0.00017092930724229506,1.4150147463372458,-267104.29952703253,0.0,-266868.0184793789,1.4276209069676515,-213.90110706118867,-22.37994059245102,-236.2810476536397,0.995,-7.895651953091014,-18.542975568476738,-0.7495455123274082,0.3653381966046772,0.0072592864107041645,-0.09396907862589628,-0.23035574937356745
SPLN21,?,,tierA_p95,B cells,emt_ecm,27091,7529,ctrl,6.999999999999999,-0.00040432649763118126,1.2350361986562344,-270745.75028599147,1.0,49.99999999999999,-5.636934605277074e-05,1.2344999717142264,-270757.515187019,1.0,-270748.0919866008,1.2351118002383121,-11.764901027549058,2.341700609307736,-9.423200418241322,0.94,-0.4342734128510966,-1.0828809400657882,0.019072824478215872,0.34733869567270304,0.0072592864107041645,-0.036721337797387045,-0.05569782960750587
SPLN21,?,,tierA_p95,B cells,emt_ecm,27091,7529,ctrl+N2,6.999999999999999,-0.0004064839428356428,1.234940394310749,-270745.8518731338,,49.99999999999999,-4.6405505898438735e-05,1.2344344638635079,-270756.9527895399,,,,-11.100916406127418,,,,,,,,0.0072592864107041645,,
SPLN21,?,,tierA_p95,B cells,il6_jak_stat3,27091,7529,naive,6.999999999999999,-0.0013302688274198131,3.32763822798749,-243938.16615286566,1.0,49.99999999999999,-0.00010022424304464566,3.322431855239578,-243980.58551722302,1.0,-243935.00843367408,3.3285175401872378,-42.41936435736716,-3.157719191571232,-45.57708354893839,0.975,-1.565810208459162,-3.2995891766972827,-0.024301677443926337,0.34733869567270304,0.011084418303181317,-0.04275917405896612,-0.12001250682843706
SPLN21,?,,tierA_p95,B cells,il6_jak_stat3,27091,7529,ctrl,6.999999999999999,-0.00034816054651103003,3.280164830488994,-244283.44044837743,1.0,9.006764443646388,-0.00026923109117904347,3.2800420474055216,-244284.4545372855,0.0,-244286.9775894626,3.280220873695367,-1.0140889080648776,3.5371410851657856,2.523052177100908,0.76,-0.03743268642962156,-0.21979100793904685,0.0965668843413943,0.8464692794279897,0.011084418303181317,-0.008055743550315983,-0.031409906858142954
SPLN21,?,,tierA_p95,B cells,il6_jak_stat3,27091,7529,ctrl+N2,6.999999999999999,-0.00034655077255989767,3.28011425096416,-244281.85818972357,,15.682109678112967,-0.00011310520460193115,3.2799506280674566,-244283.20961169188,,,,-1.3514219683014967,,,,,,,,0.011084418303181317,,
SPLN21,?,,tierA_p95,B cells,interferon_response,27091,7529,naive,6.999999999999999,-0.0014862967079465944,2.2093042741831184,-255034.23754937426,1.0,49.99999999999999,-0.00015972479312404984,2.1949455453647038,-255210.88225235548,1.0,-255024.78089990965,2.210401953047197,-176.64470298122615,-9.456649464613292,-186.10135244583944,1.0,-6.5204201757493685,-12.229026390025023,-2.9771775492303263,0.34733869567270304,0.009032814877061876,-0.08362163490407477,-0.16454413469231877
SPLN21,?,,tierA_p95,B cells,interferon_response,27091,7529,ctrl,49.99999999999999,0.0006133420216871489,2.161140713770397,-255587.3629422262,1.0,49.99999999999999,-2.015226637599095e-05,2.161218417843745,-255586.3888995855,1.0,-255589.40365076083,2.161297018730627,0.9740426407079212,2.0407085346232634,3.0147511753311846,0.49,0.03595447346749552,-0.560446792908764,0.23149868592658468,0.43691539825022974,0.009032814877061876,-0.010550431328929617,0.0679015378890119
SPLN21,?,,tierA_p95,B cells,interferon_response,27091,7529,ctrl+N2,49.99999999999999,0.0006087000698443462,2.1611296533066495,-255585.5015911296,,49.99999999999999,-1.1075353262953937e-06,2.1609766610397756,-255587.41950485142,,,,-1.9179137217688962,,,,,,,,0.009032814877061876,,
SPLN21,?,,tierA_p95,B cells,oxidative_stress,27091,7529,naive,49.99999999999999,-0.000255285610919895,9.005848315538659,-216966.0585926879,1.0,49.99999999999999,4.312358323418277e-05,9.004753040057167,-216969.35355297488,1.0,-216969.9641778483,9.005879701873813,-3.2949602869630326,3.905585160391638,0.6106248734286055,0.765,-0.12162564272131086,-0.6027592456598575,0.14576253876967554,0.43691539825022974,0.0182326817977133,0.011184941507164146,-0.014001539309368673
SPLN21,?,,tierA_p95,B cells,oxidative_stress,27091,7529,ctrl,49.99999999999999,-0.0005166585458729369,8.935429872019068,-217134.72079319623,1.0,49.99999999999999,4.301114225041945e-05,8.935181860025766,-217135.47274203962,1.0,-217138.38430515776,8.935540856624401,-0.7519488433899824,3.663511961523909,2.9115631181339268,0.675,-0.02775640778819469,-0.26193652722914806,0.13244865838863923,0.43691539825022974,0.0182326817977133,0.011155777747288927,-0.02833694744288238
SPLN21,?,,tierA_p95,B cells,oxidative_stress,27091,7529,ctrl+N2,49.99999999999999,-0.0004998344816647261,8.935288172049848,-217133.15041150895,,49.99999999999999,2.3642805577585052e-05,8.934934634486776,-217134.22232720084,,,,-1.0719156919429624,,,,,,,,0.0182326817977133,,
SPLN21,?,,tierA_p95,B cells,secondary_senescence,27091,7529,naive,7.361938632551805,-0.000803649546542387,0.8831679216738285,-279874.45177939476,0.0,36.94920399670096,-0.00010105201348793446,0.8812856517098079,-279932.2516509331,0.0,-279867.8522177154,0.8835135355093131,-57.799871538358275,-6.599561679351609,-64.39943321770988,0.955,-2.1335451455597165,-6.021705158564273,0.06785019549895896,0.4130261284611303,0.00571076232225868,-0.05021571652389866,-0.14072544102725112
SPLN21,?,,tierA_p95,B cells,secondary_senescence,27091,7529,ctrl,6.999999999999999,-0.00048596021922093244,0.8516172290288412,-280815.97332785,1.0,36.94920399670096,-6.367195043887063e-05,0.8513888975840105,-280823.2378081267,0.0,-280816.4985151592,0.8517264682648984,-7.264480276731774,0.5251873091910966,-6.739292967540678,0.825,-0.2681510566878954,-0.7486265057208908,0.13599090819531126,0.40800902376836107,0.00571076232225868,-0.031640464186731034,-0.08509550769460729
SPLN21,?,,tierA_p95,B cells,secondary_senescence,27091,7529,ctrl+N2,6.999999999999999,-0.00048673851551028074,0.8516042635265073,-280814.38577969524,,31.763081427768892,-7.29455924902388e-05,0.8513812075043905,-280821.48250580655,,,,-7.096726111308856,,,,,,,,0.00571076232225868,,
SPLN21,?,,tierA_p95,B cells,tnfa_nfkb_proximal,27091,7529,naive,49.99999999999999,0.00030253187348296736,1.3804510686780043,-267774.25034943153,1.0,49.99999999999999,-3.6174011728232036e-05,1.3797023591983975,-267788.94756793004,1.0,-267777.38532715105,1.3804951475232294,-14.697218498506118,3.1349777195136994,-11.562240778992418,0.75,-0.5425129562772182,-1.9985710753637986,0.3074826836439839,0.43691539825022974,0.0071384664721493105,-0.0239641031690437,0.04238051332466341
SPLN21,?,,tierA_p95,B cells,tnfa_nfkb_proximal,27091,7529,ctrl,49.99999999999999,0.00043693703105005275,1.3744602974845097,-267848.07355072827,1.0,49.99999999999999,-3.636445202405767e-05,1.3742852795511935,-267851.52342319186,1.0,-267850.5084786756,1.374539703617046,-3.449872463592328,2.4349279473535717,-1.0149445162387565,0.68,-0.12734385824046096,-0.6827222620062129,0.24548742836899484,0.43691539825022974,0.0071384664721493105,-0.02409026365494709,0.06120880901991366
SPLN21,?,,tierA_p95,B cells,tnfa_nfkb_proximal,27091,7529,ctrl+N2,49.99999999999999,0.0004229886881178928,1.374363631924552,-267847.9789231734,,49.99999999999999,-1.652105317972842e-05,1.3740225425389418,-267854.70319844363,,,,-6.724275270240252,,,,,,,,0.0071384664721493105,,
SPLN21,?,,tierA_p95,Endothelial,downstream_arrest,30001,7529,naive,49.99999999999999,0.0003221596727852447,0.9306972481315738,-311426.59794692916,1.0,30.20149733539872,4.334215919362552e-05,0.9306953954248106,-311426.6576689398,0.0,-311428.68718528695,0.9307565260634648,-0.05972201062832028,2.0892383577884175,2.029516347160097,0.62,-0.0019906673320329413,-0.2791048884129216,0.14782799234359872,0.6049286388280802,0.0055699356725192346,0.008104223721484855,0.05783902932970419
SPLN21,?,,tierA_p95,Endothelial,downstream_arrest,30001,7529,ctrl,49.99999999999999,0.00034292258029977314,0.9246945792272574,-311576.7204987916,1.0,33.40540803599722,3.782553207302274e-05,0.9247142351212722,-311576.08278529986,0.0,-311578.6241207936,0.9247591963100513,0.6377134917420335,1.9036220019916072,2.5413354937336408,0.45,0.02125640784447297,-0.1795467569194836,0.173173363933259,0.5698660690313432,0.0055699356725192346,0.008060782787667089,0.06156670389033513
SPLN21,?,,tierA_p95,Endothelial,downstream_arrest,30001,7529,ctrl+N2,49.99999999999999,0.000345376032634667,0.9246887825694079,-311574.908567459,,36.94920399670096,3.2130602644594295e-05,0.924700582967278,-311574.5257127253,,,,0.3828547336790448,,,,,,,,0.0055699356725192346,,
SPLN21,?,,tierA_p95,Endothelial,emt_ecm,30001,7529,naive,6.999999999999999,-0.0010209526719060808,2.786378974397369,-278528.5772183701,1.0,49.99999999999999,0.00015314667484806748,2.7837232762347037,-278557.1848104861,1.0,-278527.8063766709,2.7868221072939807,-28.60759211599361,-0.7708416992099956,-29.378433815203607,0.96,-0.9535546187124966,-2.9527342578074727,0.01714149130720387,0.30657558379940264,0.009637996362176984,0.03334604458734481,-0.10592997065310605
SPLN21,?,,tierA_p95,Endothelial,emt_ecm,30001,7529,ctrl,6.999999999999999,-0.0005000184714617242,2.663509453966297,-279837.57123943046,1.0,49.99999999999999,4.9997219373687045e-05,2.6634276472741463,-279838.49270049704,1.0,-279840.3992186555,2.663613508810842,-0.9214610665803775,2.8279792250250466,1.906518158444669,0.86,-0.0307143450745101,-0.48690262007097357,0.06549164957186002,0.30657558379940264,0.009637996362176984,0.010886357853555878,-0.05187991908485246
SPLN21,?,,tierA_p95,Endothelial,emt_ecm,30001,7529,ctrl+N2,6.999999999999999,-0.0004939469810477937,2.6634567188773124,-279836.1652380981,,49.99999999999999,5.649441089661333e-05,2.663322791476404,-279837.67382539663,,,,-1.5085872984578894,,,,,,,,0.009637996362176984,,
SPLN21,?,,tierA_p95,Endothelial,il6_jak_stat3,30001,7529,naive,49.99999999999999,0.00044561713042268685,3.7870085183724265,-269323.26526357856,1.0,49.99999999999999,9.122854446522372e-05,3.786022310307079,-269331.07910429966,1.0,-269326.3667856903,3.7871219344041234,-7.813840721093584,3.1015221117413603,-4.712318609352224,0.905,-0.2604526756139323,-0.7912749605510995,0.07471683801993068,0.4260831124115278,0.011235354468839397,0.017039917193377076,0.039662044630538185
SPLN21,?,,tierA_p95,Endothelial,il6_jak_stat3,30001,7529,ctrl,49.99999999999999,0.0002145813255017232,3.6909257254294685,-270050.26389068767,1.0,6.999999999999999,0.00024349549523631985,3.6908989023068246,-270050.4819182196,1.0,-270054.0581585609,3.6909510360725424,-0.2180275319260545,3.7942678732215427,3.576240341295488,0.675,-0.007267342152796724,-0.19921668265776013,0.0746811051434862,0.8168748536685111,0.011235354468839397,0.0037659527278784675,0.01909875884003066
SPLN21,?,,tierA_p95,Endothelial,il6_jak_stat3,30001,7529,ctrl+N2,49.99999999999999,0.00022709121039514923,3.690777267232331,-270049.47062966845,,47.54182525407475,-2.7558277221036345e-05,3.6908800497787877,-270048.63515897567,,,,0.835470692833428,,,,,,,,0.011235354468839397,,
SPLN21,?,,tierA_p95,Endothelial,interferon_response,30001,7529,naive,17.345738419684505,8.204906843536308e-05,1.8503892631193914,-290809.39250901854,0.0,49.99999999999999,-5.6808951320372394e-05,1.8499695265553082,-290816.1986148201,1.0,-290813.284486866,1.8503959256770086,-6.806105801544618,3.8919778474373743,-2.9141279541072436,0.93,-0.22686263129711068,-1.7129354102663832,0.044770396868814635,0.38434023902566894,0.007853522029146638,-0.015180141469042216,0.010447423222397337
SPLN21,?,,tierA_p95,Endothelial,interferon_response,30001,7529,ctrl,49.99999999999999,0.0001704377733169746,1.8284001854048835,-291124.04428093956,1.0,13.48099749887925,0.0001125922717275901,1.828360092380651,-291124.70214786474,0.0,-291127.7822848171,1.8284161527343252,-0.6578669251757674,3.738003877515439,3.0801369523396716,0.77,-0.021928166566973346,-0.2123967947411476,0.08760075952344035,0.8117260945469008,0.007853522029146638,0.005681262097321517,0.021702081265288338
SPLN21,?,,tierA_p95,Endothelial,interferon_response,30001,7529,ctrl+N2,17.345738419684505,0.00012096220135447476,1.8282249882800277,-291124.91911152634,,9.962242533302096,0.00015395278292695038,1.828292600424437,-291123.80962311535,,,,1.1094884110096646,,,,,,,,0.007853522029146638,,
SPLN21,?,,tierA_p95,Endothelial,oxidative_stress,30001,7529,naive,6.999999999999999,-0.00026765417174347435,10.396200911370103,-239026.33407541888,1.0,49.99999999999999,-5.89691202562892e-05,10.395771923786663,-239027.57205861504,1.0,-239030.24618708403,10.396231367225742,-1.2379831961588934,3.912111665151315,2.6741284689924214,0.695,-0.04126473104759486,-0.25247396068078093,0.06796911858600956,0.30657558379940264,0.01861530269942013,-0.0066478017421307675,-0.014378179933514252
SPLN21,?,,tierA_p95,Endothelial,oxidative_stress,30001,7529,ctrl,6.999999999999999,-3.886494836626801e-05,10.250157801927589,-239406.76847227753,1.0,49.99999999999999,-8.93106119766149e-05,10.249566935612357,-239408.49791797058,1.0,-239410.76663332817,10.25015843022404,-1.7294456930540036,3.998161050636554,2.2687153575825505,0.77,-0.05764626822619258,-0.3142567944065416,0.08179035560591608,0.30657558379940264,0.01861530269942013,-0.010068307604191942,-0.002087795669602024
SPLN21,?,,tierA_p95,Endothelial,oxidative_stress,30001,7529,ctrl+N2,49.99999999999999,1.6388936991641997e-05,10.248980912096304,-239408.2132874339,,49.99999999999999,-9.189039873399477e-05,10.249549934218548,-239406.5476819501,,,,1.6656054838068948,,,,,,,,0.01861530269942013,,
SPLN21,?,,tierA_p95,Endothelial,secondary_senescence,30001,7529,naive,49.99999999999999,0.00020806114511243755,1.6681114431061634,-293920.6136729876,1.0,49.99999999999999,0.00010449820600089385,1.6666933868606273,-293946.12827438454,1.0,-293924.16900065145,1.668136167898989,-25.514601396920625,3.5553276638383977,-21.959273733082227,0.99,-0.8504583646185335,-1.9669758963287385,-0.07168479260799598,0.4260831124115278,0.007456720828025953,0.029409284834805604,0.02790249895135418
SPLN21,?,,tierA_p95,Endothelial,secondary_senescence,30001,7529,ctrl,6.999999999999999,0.00014506185252056127,1.6552321569178066,-294109.14659514517,1.0,49.99999999999999,4.125013623218653e-05,1.6551144010157544,-294111.28099089925,1.0,-294112.98787721636,1.655240913816391,-2.134395754081197,3.841282071196474,1.706886317115277,0.805,-0.0711441536642511,-0.31822651801849594,0.07674409962539483,0.30657558379940264,0.007456720828025953,0.01160916586373293,0.01945383981064371
SPLN21,?,,tierA_p95,Endothelial,secondary_senescence,30001,7529,ctrl+N2,23.47241150476913,2.9979302770946202e-05,1.655188003375922,-294107.94688655593,,49.99999999999999,3.6683037052371e-05,1.6550627384341445,-294110.2174538411,,,,-2.2705672851872976,,,,,,,,0.007456720828025953,,
SPLN21,?,,tierA_p95,Endothelial,tnfa_nfkb_proximal,30001,7529,naive,6.999999999999999,-0.0002515699248452367,1.7980724276518085,-291669.8455460199,1.0,49.99999999999999,9.882282782782233e-05,1.7968090134492698,-291690.93313495547,1.0,-291673.3966295782,1.7980993330988053,-21.0875889355666,3.5510835582972504,-17.53650537726935,0.955,-0.7028962013121762,-2.0376687644703235,0.04197828582379545,0.30657558379940264,0.007741747000197889,0.02678809407535002,-0.03249523974450611
SPLN21,?,,tierA_p95,Endothelial,tnfa_nfkb_proximal,30001,7529,ctrl,10.477345453252495,-0.00018774739473602527,1.7862715852939572,-291823.39262827253,0.0,49.99999999999999,5.603836758617421e-05,1.7860637528735646,-291826.8834430259,1.0,-291826.9612438243,1.7862972702818667,-3.49081475334242,3.568615551746916,0.07780079840449616,0.8,-0.11635661322430652,-0.4271116336044111,0.1796444287027159,0.3463201659128219,0.007741747000197889,0.015190428119937354,-0.024251295567650932
SPLN21,?,,tierA_p95,Endothelial,tnfa_nfkb_proximal,30001,7529,ctrl+N2,6.999999999999999,-0.0002330421587441772,1.786159309418481,-291823.2783966138,,49.99999999999999,4.971330303402437e-05,1.78596433425707,-291826.55345112295,,,,-3.275054509188922,,,,,,,,0.007741747000197889,,
SPLN21,?,,tierA_p95,Mono/Mac/DC,downstream_arrest,30183,7529,naive,6.999999999999999,-0.00035727806043827086,0.8116038209114307,-317631.16403202375,1.0,49.99999999999999,-5.046450314118683e-05,0.8113064226654148,-317642.22609956015,1.0,-317633.18677500036,0.8116569899774279,-11.062067536404356,2.022742976609152,-9.039324559795205,0.91,-0.36649993494365557,-1.2708845148523693,0.05712256906736777,0.29397922716271135,0.005185672251442563,-0.020782579126345246,-0.06889715412885672
SPLN21,?,,tierA_p95,Mono/Mac/DC,downstream_arrest,30183,7529,ctrl,6.999999999999999,-0.00037193674775376923,0.7986992327546781,-318070.9332476407,1.0,49.99999999999999,-7.428952964285803e-05,0.7983411849733031,-318084.46697696444,1.0,-318072.82446502545,0.7987550370781653,-13.53372932370985,1.8912173847202212,-11.642511938989628,0.98,-0.4483891370542971,-0.965624406791567,-0.004362385887740565,0.29397922716271135,0.005185672251442563,-0.030594337246165892,-0.07172392115189676
SPLN21,?,,tierA_p95,Mono/Mac/DC,downstream_arrest,30183,7529,ctrl+N2,49.99999999999999,-0.00032387105836310996,0.79851427685507,-318075.9235766221,,49.99999999999999,-6.36789546529217e-05,0.7981320594907091,-318090.3744498885,,,,-14.45087326637543,,,,,,,,0.005185672251442563,,
SPLN21,?,,tierA_p95,Mono/Mac/DC,emt_ecm,30183,7529,naive,6.999999999999999,-0.0010414010277928108,3.165532755777298,-276550.159303585,1.0,49.99999999999999,7.631559318916194e-05,3.1651827632901886,-276553.49662721524,1.0,-276549.85238219507,3.165984489319481,-3.3373236302286386,-0.3069213899434544,-3.644245020172093,0.97,-0.11056964616600863,-1.1225669592598027,0.00484522462931857,0.29397922716271135,0.01024172686603867,0.01591323954963316,-0.10168217150414256
SPLN21,?,,tierA_p95,Mono/Mac/DC,emt_ecm,30183,7529,ctrl,11.019082036984365,-0.0007407925004480997,2.9691535053340328,-278439.2135880602,0.0,7.361938632551805,-0.0007589466047468582,2.9689957280775685,-278440.8175190986,0.0,-278439.10554093914,2.9695576484811768,-1.6039310383494012,-0.1080471210880205,-1.7119781594374217,0.765,-0.05314021264782829,-0.2383496956820117,0.06472506607226906,0.9161356829751145,0.01024172686603867,-0.013622989098983452,-0.0723308197987802
SPLN21,?,,tierA_p95,Mono/Mac/DC,emt_ecm,30183,7529,ctrl+N2,9.962242533302096,-0.0007755233096299692,2.9691371710939394,-278437.37963461987,,6.999999999999999,-0.0008102066378457473,2.9689795207555387,-278438.9822842181,,,,-1.6026495981779088,,,,,,,,0.01024172686603867,,
SPLN21,?,,tierA_p95,Mono/Mac/DC,il6_jak_stat3,30183,7529,naive,49.99999999999999,0.0006420993638513405,6.903760883902291,-253015.11747586814,1.0,49.99999999999999,0.00011086059290393301,6.902300392853352,-253021.503366907,1.0,-253018.10613664988,6.903992211507566,-6.385891038866248,2.988660781731596,-3.3972302571346518,0.88,-0.21157244272823272,-0.9699186437844356,0.055198280042432234,0.4164368258736044,0.015124079254612174,0.015654051497805112,0.042455435005279624
SPLN21,?,,tierA_p95,Mono/Mac/DC,il6_jak_stat3,30183,7529,ctrl,49.99999999999999,0.0003753303806881899,6.52316290275061,-254682.70342790533,1.0,49.99999999999999,8.415652142379247e-05,6.522706217916691,-254684.81660537483,1.0,-254686.35850542455,6.523237447971004,-2.1131774694949854,3.6550775192154106,1.5419000497204252,0.73,-0.0700121747173901,-0.2679531058147935,0.1078429359913405,0.4164368258736044,0.015124079254612174,0.011883307546314318,0.024816742516666858
SPLN21,?,,tierA_p95,Mono/Mac/DC,il6_jak_stat3,30183,7529,ctrl+N2,49.99999999999999,0.0003769899794630115,6.522740719648683,-254682.65695338562,,49.99999999999999,3.766889023998426e-05,6.518718427095715,-254701.27524733724,,,,-18.618293951574707,,,,,,,,0.015124079254612174,,
SPLN21,?,,tierA_p95,Mono/Mac/DC,interferon_response,30183,7529,naive,49.99999999999999,-0.00016131595523451042,2.6479858802083984,-281938.49072741787,1.0,49.99999999999999,-9.434978937865614e-05,2.646775071421499,-281952.29525705986,1.0,-281942.32430065254,2.6480004810413105,-13.804529641987756,3.8335732346749865,-9.97095640731277,0.955,-0.4573610854450438,-1.5042546022832808,0.007130156308501197,0.4164368258736044,0.0093665105790136,-0.02151204079455017,-0.017222630974092826
SPLN21,?,,tierA_p95,Mono/Mac/DC,interferon_response,30183,7529,ctrl,7.742591489922676,0.00020052267185726832,2.5450589394725025,-283091.1107679068,0.0,49.99999999999999,1.711703343891524e-05,2.5450561834992667,-283091.14345225214,1.0,-283094.88289244287,2.5450781542184178,-0.03268434532219544,3.77212453604443,3.7394401907222345,0.63,-0.0010828726542157984,-0.22207807870708338,0.09821452609687326,0.3049236380431886,0.0093665105790136,0.003902736021400419,0.02140847118511205
SPLN21,?,,tierA_p95,Mono/Mac/DC,interferon_response,30183,7529,ctrl+N2,6.999999999999999,0.00021984419409378417,2.5450332826383613,-283089.41504538985,,10.477345453252495,6.054676113099225e-05,2.5450444078543915,-283089.2831054016,,,,0.1319399882883752,,,,,,,,0.0093665105790136,,
SPLN21,?,,tierA_p95,Mono/Mac/DC,oxidative_stress,30183,7529,naive,14.178039470333344,-0.0003946240957639785,12.863149128764556,-234232.22909352093,0.0,49.99999999999999,-5.6040499258077126e-05,12.862858388728101,-234232.91131415035,1.0,-234235.89688662707,12.863290706816242,-0.6822206294164062,3.6677931061421987,2.9855724767257925,0.815,-0.022602810503144357,-0.3237426156949221,0.06592897723197808,0.36027183484922254,0.020644047063283242,-0.0057972984794204966,-0.019115636315648936
SPLN21,?,,tierA_p95,Mono/Mac/DC,oxidative_stress,30183,7529,ctrl,49.99999999999999,-0.0006660131681614186,12.331371280377455,-235462.55658214563,1.0,49.99999999999999,-0.00012256365590715355,12.330481720279584,-235464.734001048,1.0,-235465.98214792827,12.331605969739575,-2.177418902370846,3.425565782643389,1.248146880272543,0.75,-0.07214057258625206,-0.33520310131594905,0.08374120546702989,0.4164368258736044,0.020644047063283242,-0.012679010812351893,-0.03226175401012837
SPLN21,?,,tierA_p95,Mono/Mac/DC,oxidative_stress,30183,7529,ctrl+N2,33.40540803599722,-0.0005195165638295098,12.330122290496744,-235463.6138391194,,14.911122358641625,-0.00022453484761953934,12.328928845432,-235466.53542375125,,,,-2.9215846318463385,,,,,,,,0.020644047063283242,,
SPLN21,?,,tierA_p95,Mono/Mac/DC,secondary_senescence,30183,7529,naive,49.99999999999999,0.0004176044525309801,1.5873837231761085,-297383.49710070185,1.0,25.962470509255517,-2.447863458802352e-05,1.5874679609115794,-297381.89542111283,0.0,-297385.6366407762,1.5874815714623687,1.6016795890172943,2.1395400743349455,3.74121966335224,0.385,0.05306561935583919,-0.2969908333928996,0.2874827393985953,0.6467390239534411,0.0072522563061947435,-0.002928083814667143,0.05758269355658147
SPLN21,?,,tierA_p95,Mono/Mac/DC,secondary_senescence,30183,7529,ctrl,49.99999999999999,0.0004509760210174637,1.5529768022660349,-298000.9152041656,1.0,49.99999999999999,-2.892924714741597e-05,1.5530216498516356,-298000.0435780543,1.0,-298002.823341213,1.5530844366037673,0.8716261113295332,1.9081370473722927,2.779763158701826,0.385,0.028878047620499392,-0.26329649134574945,0.26639522325749654,0.4164368258736044,0.0072522563061947435,-0.008518879852606112,0.062184236452049284
SPLN21,?,,tierA_p95,Mono/Mac/DC,secondary_senescence,30183,7529,ctrl+N2,49.99999999999999,0.00045155237965554683,1.5529291115093555,-297999.842115765,,49.99999999999999,-3.344116503238292e-05,1.5529840795587113,-297998.77376611583,,,,1.0683496490824913,,,,,,,,0.0072522563061947435,,
SPLN21,?,,tierA_p95,Mono/Mac/DC,tnfa_nfkb_proximal,30183,7529,naive,35.13265199376635,0.0001857546148733354,1.60936856755808,-296968.3388654598,0.0,12.818224546846722,9.480339128790223e-05,1.6093579631318329,-296968.5377474676,0.0,-296971.8393924068,1.6093951998637788,-0.198882007796783,3.500526947027538,3.301644939230755,0.72,-0.006589206102666501,-0.19845975691894183,0.06964169388092156,0.8243461760588519,0.007302139895612102,0.0048101035780402195,0.025438380735422234
SPLN21,?,,tierA_p95,Mono/Mac/DC,tnfa_nfkb_proximal,30183,7529,ctrl,28.716686174618605,7.853654631233168e-05,1.5720458985003942,-297632.55328769586,0.0,49.99999999999999,-1.635405454206937e-05,1.5720309633580434,-297632.84004111914,1.0,-297636.454716917,1.5720510324513512,-0.2867534232791513,3.9014292211504653,3.614675797871314,0.615,-0.009500494426635898,-0.15504346231577754,0.07065309512015469,0.3999459707536837,0.007302139895612102,-0.004782927508154105,0.010755278236831572
SPLN21,?,,tierA_p95,Mono/Mac/DC,tnfa_nfkb_proximal,30183,7529,ctrl+N2,49.99999999999999,9.382093539707966e-05,1.5720433403703356,-297630.6024033753,,8.563960425689007,4.547858590031587e-05,1.5720107208377219,-297631.2287000825,,,,-0.6262967072121753,,,,,,,,0.007302139895612102,,
SPLN21,?,,tierA_p95,Neutrophils,downstream_arrest,18873,7529,naive,49.99999999999999,0.0004219103729539403,0.5723181786657479,-196338.15751776766,1.0,49.99999999999999,3.945970333506359e-05,0.5722516740546296,-196340.35072864778,1.0,-196340.12588516792,0.5723797906434149,-2.1932108801265713,1.9683674002590124,-0.22484347986755893,0.785,-0.11620891644818372,-0.8502809214100066,0.18154629234858033,0.3942071487526397,0.00550708368194892,0.014960997057782562,0.07661230466866933
SPLN21,?,,tierA_p95,Neutrophils,downstream_arrest,18873,7529,ctrl,49.99999999999999,0.000185659798787911,0.569520657702501,-196386.63592557533,1.0,12.818224546846722,6.14817183505471e-05,0.5695226044720755,-196386.57141286822,0.0,-196390.25679348526,0.5695320986883587,0.06451270711841062,3.620867909921799,3.6853806170402095,0.49,0.0034182539669586507,-0.30313753635971513,0.15633614145805752,0.8179137775825756,0.00550708368194892,0.004206252342398742,0.03371290677182779
SPLN21,?,,tierA_p95,Neutrophils,downstream_arrest,18873,7529,ctrl+N2,49.99999999999999,0.00018473869416729742,0.5694999508737721,-196385.32212910088,,20.177866835741543,3.0230697864059987e-05,0.5695129540698384,-196384.89121331702,,,,0.4309157838398188,,,,,,,,0.00550708368194892,,
SPLN21,?,,tierA_p95,Neutrophils,emt_ecm,18873,7529,naive,9.472463873139185,-7.729833510453566e-05,2.2238280932274304,-170722.01838346885,0.0,40.868941774896264,4.655900007382135e-05,2.2237309957212283,-170722.84244052946,0.0,-170725.99655069123,2.2238306658111395,-0.8240570606139954,3.9781672223762143,3.154110161762219,0.77,-0.0436632787905471,-0.9182078640503242,0.12564971557402815,0.38649339406522426,0.010855013987120455,0.006694706894565936,-0.007120979778481138
SPLN21,?,,tierA_p95,Neutrophils,emt_ecm,18873,7529,ctrl,13.48099749887925,-0.00011634804860158285,2.0910408555971163,-171839.99347732577,0.0,49.99999999999999,9.753277713065585e-05,2.0906047990838084,-171843.92958061385,1.0,-171843.92574781782,2.091048359725893,-3.9361032880842686,3.9322704920487013,-0.0038327960355672985,0.83,-0.20855737233530805,-0.9156143370630849,0.11879487073109485,0.3421817677415008,0.010855013987120455,0.018760681069742664,-0.010718369292652427
SPLN21,?,,tierA_p95,Neutrophils,emt_ecm,18873,7529,ctrl+N2,49.99999999999999,-9.64377940277138e-05,2.0909869447522405,-171838.4800639407,,49.99999999999999,8.03255037413846e-05,2.0900710075842257,-171846.749015314,,,,-8.268951373331467,,,,,,,,0.010855013987120455,,
SPLN21,?,,tierA_p95,Neutrophils,il6_jak_stat3,18873,7529,naive,11.019082036984365,-0.0016875396493968302,7.126004067541509,-148744.02183956132,0.0,49.99999999999999,-0.00023934671334475112,7.122714800571567,-148752.73537194286,1.0,-148744.24991635192,7.1274283999888866,-8.71353238154552,0.2280767906049732,-8.485455590940546,0.855,-0.4616930207993175,-2.236618344586758,0.3881282935089586,0.3273132336652553,0.01943327344479044,-0.025716384120641166,-0.0868376423613994
SPLN21,?,,tierA_p95,Neutrophils,il6_jak_stat3,18873,7529,ctrl,9.472463873139185,-0.0014402834741958726,6.968909759189788,-149120.73582087096,0.0,49.99999999999999,-0.0001222090925990234,6.969079765833977,-149120.2754194063,1.0,-149122.39088242926,6.969775688276062,0.46040146466111764,1.6550615582964383,2.115463022957556,0.51,0.024394715448583567,-0.3388667522919029,0.36132052483769767,0.3147945676074598,0.01943327344479044,-0.01313064183916613,-0.07411430082603306
SPLN21,?,,tierA_p95,Neutrophils,il6_jak_stat3,18873,7529,ctrl+N2,49.99999999999999,-0.0013830656547162514,6.968008480741008,-149121.17679496505,,49.99999999999999,-8.270337548351442e-05,6.966229061178066,-149125.99700640366,,,,-4.820211438613255,,,,,,,,0.01943327344479044,,
SPLN21,?,,tierA_p95,Neutrophils,interferon_response,18873,7529,naive,49.99999999999999,-0.0005616585086395368,2.0162781282127544,-172571.1340783076,1.0,49.99999999999999,-8.234741133210823e-05,2.015829361807959,-172575.3351411085,1.0,-172574.11208472124,2.0163873148343265,-4.201062800886575,2.9780064136430155,-1.2230563872435596,0.87,-0.22259645000193795,-1.018293687053954,0.14950859495079988,0.3942071487526397,0.010336333381973784,-0.016634580016108493,-0.05433827333440231
SPLN21,?,,tierA_p95,Neutrophils,interferon_response,18873,7529,ctrl,49.99999999999999,-0.0003840537052500701,1.9848354087630429,-172823.76683058497,1.0,21.2211739115045,5.9704697295409994e-05,1.9848570097560772,-172823.56143656519,0.0,-172827.30135077183,1.984884362941431,0.20539401978021488,3.53452018686221,3.7399142066424247,0.555,0.010882955533312927,-0.30956575512022405,0.20584187809626417,0.7050722742492789,0.010336333381973784,0.003928641062159544,-0.037155700287559525
SPLN21,?,,tierA_p95,Neutrophils,interferon_response,18873,7529,ctrl+N2,49.99999999999999,-0.000384448635695742,1.9848313612981072,-172821.80531633712,,49.99999999999999,7.2033471271899925e-06,1.9846342132014752,-172823.68001506466,,,,-1.8746987275564564,,,,,,,,0.010336333381973784,,
SPLN21,?,,tierA_p95,Neutrophils,oxidative_stress,18873,7529,naive,49.99999999999999,-0.0013887329654537672,11.888656795198386,-139084.17692594527,1.0,49.99999999999999,-0.00016319393804304524,11.887132992161675,-139086.59608720205,1.0,-139087.11728631824,11.88932431204853,-2.4191612567810807,2.940360372973373,0.5211991161922924,0.725,-0.12818106590266945,-0.7059324658626391,0.1705710624752541,0.3942071487526397,0.025099098151661406,-0.013576077332862577,-0.05532999460805375
SPLN21,?,,tierA_p95,Neutrophils,oxidative_stress,18873,7529,ctrl,49.99999999999999,-0.0005326072049246951,11.750233048154884,-139261.2110994108,1.0,49.99999999999999,-5.6752171370564605e-05,11.750177090750825,-139261.30097733895,1.0,-139265.05988759894,11.75032719223093,-0.08987792814150453,3.848788188130129,3.7589102599886246,0.63,-0.004762249146479337,-0.2527078095643249,0.1465975439090689,0.3942071487526397,0.025099098151661406,-0.004721203964888875,-0.02122017299925255
SPLN21,?,,tierA_p95,Neutrophils,oxidative_stress,18873,7529,ctrl+N2,6.999999999999999,0.0005886205595086618,11.750096269541398,-139259.43079188725,,49.99999999999999,-4.1091712028415866e-05,11.749729639669168,-139260.01968183104,,,,-0.5888899437727073,,,,,,,,0.025099098151661406,,
SPLN21,?,,tierA_p95,Neutrophils,secondary_senescence,18873,7529,naive,49.99999999999999,-0.0003435329822253636,1.6472492726596364,-176386.2451965095,1.0,49.99999999999999,-5.884779723772195e-05,1.6470051766884508,-176389.0420802011,1.0,-176389.77720512997,1.647290119796687,-2.7968836915970314,3.532008620473789,0.7351249288767576,0.84,-0.14819497120738787,-0.7187813415132707,0.12977907209630113,0.3942071487526397,0.009342531629588641,-0.013152067582643196,-0.03677086637850845
SPLN21,?,,tierA_p95,Neutrophils,secondary_senescence,18873,7529,ctrl,49.99999999999999,-0.00018237263235957885,1.6348698692118862,-176484.6151587834,1.0,25.962470509255517,-2.8177074818835445e-05,1.6348715345410194,-176484.59593417027,0.0,-176488.48774439978,1.6348809064947654,0.01922461311914958,3.8725856163946446,3.891810229513794,0.625,0.0010186304837148084,-0.2125252411856766,0.1518869436282824,0.6391959390016425,0.009342531629588641,-0.0026131401695512046,-0.019520686637278014
SPLN21,?,,tierA_p95,Neutrophils,secondary_senescence,18873,7529,ctrl+N2,49.99999999999999,-0.0001829892385387226,1.6348604604606742,-176482.72377407807,,49.99999999999999,-4.089713268790576e-06,1.6348217895038444,-176483.17020092477,,,,-0.44642684670197813,,,,,,,,0.009342531629588641,,
SPLN21,?,,tierA_p95,Neutrophils,tnfa_nfkb_proximal,18873,7529,naive,49.99999999999999,-0.001333934885823851,2.5538342870536717,-168110.64074152336,1.0,49.99999999999999,-0.00020124994721431151,2.5511176707780203,-168130.72739629837,1.0,-168110.0899193055,2.55445016408071,-20.08665477501927,-0.5508222178614233,-20.637476992880693,0.955,-1.0643064046531696,-2.6600529097674492,0.13192922201010496,0.3942071487526397,0.011633978240237078,-0.036119017270475305,-0.11465853366440622
SPLN21,?,,tierA_p95,Neutrophils,tnfa_nfkb_proximal,18873,7529,ctrl,35.13265199376635,-0.00045108977072911703,2.4824056689442027,-168602.02536296283,0.0,6.999999999999999,-0.0004974678303123455,2.4823587800046125,-168602.381849143,1.0,-168605.3101373657,2.4824997458646596,-0.35648618018603884,3.284774402884068,2.928288222698029,0.715,-0.01888868649319339,-0.45044082680648656,0.12685528480114788,0.8424283912837497,0.011633978240237078,-0.007571749855750683,-0.038773475536529045
SPLN21,?,,tierA_p95,Neutrophils,tnfa_nfkb_proximal,18873,7529,ctrl+N2,7.361938632551805,-0.00048404357743489545,2.4822670124362602,-168601.07955704292,,6.999999999999999,-0.00048422880305936213,2.4821347341200095,-168602.0853131403,,,,-1.0057560973679536,,,,,,,,0.011633978240237078,,
SPLN21,?,,tierA_p95,Plasma cells,downstream_arrest,6117,7529,naive,6.999999999999999,0.0031858190087020698,0.8320853751226511,-54449.49346276278,1.0,49.99999999999999,0.0007965977400889666,0.8113499627351662,-54603.85943730018,1.0,-54447.10677144349,0.8329545998560519,-154.3659745374025,-2.3866913192905486,-156.75266585669306,1.0,-25.235568830701734,-64.33855372922604,-4.135813453004233,0.29080243738395106,0.011669209185034583,0.1610507763194207,0.2730107034600749
SPLN21,?,,tierA_p95,Plasma cells,downstream_arrest,6117,7529,ctrl,6.999999999999999,0.0020237397293825328,0.4757882446040239,-57824.66498884056,1.0,49.99999999999999,0.00043673898663846265,0.47289820937492294,-57861.9342048375,1.0,-57824.37457714754,0.47612207548522256,-37.26921599693742,-0.29041169302217895,-37.5596276899596,1.0,-6.092727807248229,-11.822389660513823,-1.9312653651575356,0.29080243738395106,0.011669209185034583,0.0882969525362023,0.1734256106921533
SPLN21,?,,tierA_p95,Plasma cells,downstream_arrest,6117,7529,ctrl+N2,6.999999999999999,0.0020089983362755084,0.47572498028150073,-57823.47840446384,,49.99999999999999,0.000404806563876218,0.4726505244301389,-57863.13888120737,,,,-39.66047674352675,,,,,,,,0.011669209185034583,,
SPLN21,?,,tierA_p95,Plasma cells,emt_ecm,6117,7529,naive,49.99999999999999,0.0016592756855384914,0.6618728469656541,-55849.43978719007,1.0,6.999999999999999,0.0005798981634391431,0.6621357385300726,-55847.010637200714,1.0,-55850.4530939233,0.662196092650477,2.429149989358848,1.0133067332280916,3.4424567225869396,0.47,0.3971145969198705,-2.646156770209707,1.5014528057850756,0.8174224222645906,0.010404568329363711,0.009546851242515156,0.15947568729941614
SPLN21,?,,tierA_p95,Plasma cells,emt_ecm,6117,7529,ctrl,11.019082036984365,0.0012142549228612196,0.5718626131691839,-56699.59035157716,0.0,6.999999999999999,0.000793108534610128,0.5719772698364965,-56698.36403512024,1.0,-56701.23445092196,0.5720829026866754,1.2263164569158107,1.6440993448049994,2.87041580172081,0.26,0.20047677896285937,-0.4138513541148019,0.942696774603015,0.9230160363799452,0.010404568329363711,0.013056929089389468,0.11670401734184901
SPLN21,?,,tierA_p95,Plasma cells,emt_ecm,6117,7529,ctrl+N2,12.818224546846722,0.0011663689208335996,0.5716373403930736,-56700.00048475644,,10.477345453252495,0.0004245166974263788,0.5716852110099344,-56699.48825036878,,,,0.5122343876621145,,,,,,,,0.010404568329363711,,
SPLN21,?,,tierA_p95,Plasma cells,il6_jak_stat3,6117,7529,naive,10.477345453252495,-0.0013251365103981018,0.9617249479353266,-53563.791971994775,0.0,49.99999999999999,-0.00022023018301595972,0.9603378961708026,-53572.620608521895,1.0,-53566.111549896574,0.9619891829946607,-8.82863652711967,2.319577901798766,-6.509058625320904,0.965,-1.443295165460139,-5.457034998597771,0.03718374102806235,0.3300169868665395,0.012540528921043532,-0.041431071321421147,-0.10566831101268775
SPLN21,?,,tierA_p95,Plasma cells,il6_jak_stat3,6117,7529,ctrl,20.177866835741543,-0.000857597458602445,0.9170227270754733,-53810.93815229463,0.0,12.818224546846722,-0.0008310291262074972,0.9166450585179982,-53813.4579092723,0.0,-53814.00709307635,0.9171623163258733,-2.519756977671932,3.068940781718993,0.5491838040470611,0.845,-0.4119269213130508,-1.8978805701067147,0.24177433911000548,0.8404028439910685,0.012540528921043532,-0.02459479618075774,-0.06838606759998571
SPLN21,?,,tierA_p95,Plasma cells,il6_jak_stat3,6117,7529,ctrl+N2,6.999999999999999,-0.0010105170852959978,0.9164796950441706,-53812.56152032789,,9.006764443646388,-0.0011912425367729743,0.9160838592617587,-53815.20407808582,,,,-2.642557757935288,,,,,,,,0.012540528921043532,,
SPLN21,?,,tierA_p95,Plasma cells,interferon_response,6117,7529,naive,6.999999999999999,-0.0010848252872349819,0.5054646084312936,-57498.55509613757,1.0,49.99999999999999,-0.0003276398432386957,0.5019106080368843,-57541.71659198112,1.0,-57501.335505982184,0.5055653965820893,-43.161495843552984,2.7804098446140415,-40.38108599893894,0.99,-7.055990819609773,-15.32044816977798,-1.8415720804143616,0.29080243738395106,0.009091162701474814,-0.08502418094667441,-0.11932745268541597
SPLN21,?,,tierA_p95,Plasma cells,interferon_response,6117,7529,ctrl,6.999999999999999,-0.0006690770889187527,0.4888969889463476,-57658.41153667146,1.0,49.99999999999999,-0.00018056101902911084,0.4883829901795731,-57664.845989056514,1.0,-57661.95473942261,0.48893349951335474,-6.434452385052282,3.543202751148783,-2.8912496339034988,0.945,-1.0518967443276577,-4.121605435184767,0.10549060342302155,0.29080243738395106,0.009091162701474814,-0.046856489131764725,-0.07359642664151365
SPLN21,?,,tierA_p95,Plasma cells,interferon_response,6117,7529,ctrl+N2,49.99999999999999,-0.0004115101041696826,0.4888726229589192,-57656.71640755989,,49.99999999999999,-0.00017427139062907508,0.48837327072959125,-57662.967726439565,,,,-6.251318879665698,,,,,,,,0.009091162701474814,,
SPLN21,?,,tierA_p95,Plasma cells,oxidative_stress,6117,7529,naive,49.99999999999999,0.0012810669208653384,2.156665846493296,-48623.762561672535,1.0,49.99999999999999,-0.00015697093391148147,2.1560196332134205,-48625.59570562944,1.0,-48627.216080137936,2.156858527662002,-1.8331439569083159,3.45351846540143,1.6203745084931143,0.63,-0.2996802283649364,-2.234514380890694,0.6262792897338941,0.40927894159541817,0.0187776651232553,-0.019721631070864023,0.06822290803400106
SPLN21,?,,tierA_p95,Plasma cells,oxidative_stress,6117,7529,ctrl,49.99999999999999,0.0025860526458785227,2.0661063066003713,-48842.167272004284,1.0,11.58882939190469,0.0007731872246210646,2.0664796457884624,-48841.06204837623,0.0,-48844.01504769993,2.0668333797693794,1.1052236280520447,1.8477756956490339,2.9529993237010785,0.465,0.18068066504038657,-0.7970276675916428,0.8419642896513579,0.8313451239449247,0.0187776651232553,0.013505135655492901,0.13771960617926307
SPLN21,?,,tierA_p95,Plasma cells,oxidative_stress,6117,7529,ctrl+N2,49.99999999999999,0.0025697400929176255,2.066020901829449,-48840.4201301364,,14.911122358641625,0.0005699937965759653,2.065991446004382,-48840.50734250015,,,,-0.08721236374437942,,,,,,,,0.0187776651232553,,
SPLN21,?,,tierA_p95,Plasma cells,secondary_senescence,6117,7529,naive,49.99999999999999,-0.0006780111322960394,0.2837153549933119,-61031.16271517772,1.0,49.99999999999999,-9.431195930895123e-05,0.28346649466707996,-61036.530583399035,1.0,-61033.999169007686,0.2837693270896334,-5.367868221313984,2.8364538299647393,-2.5314143913492444,0.905,-0.8775328136854641,-5.752289812032915,0.2638263394626029,0.40927894159541817,0.006811040848374559,-0.03266769259171671,-0.09954589133881049
SPLN21,?,,tierA_p95,Plasma cells,secondary_senescence,6117,7529,ctrl,49.99999999999999,-0.0010183790422033014,0.2648138202699497,-61408.89591796011,1.0,49.99999999999999,-9.161724458762085e-05,0.2647847078286845,-61409.568430416046,1.0,-61410.29175830624,0.2649265821272417,-0.6725124559379765,1.3958403461292619,0.7233278901912854,0.665,-0.10994154911524873,-1.7685229333643009,0.6705892661592155,0.40927894159541817,0.006811040848374559,-0.03173429970301188,-0.14951885691550604
SPLN21,?,,tierA_p95,Plasma cells,secondary_senescence,6117,7529,ctrl+N2,49.99999999999999,-0.001013841919089205,0.2648063028081851,-61407.069568135434,,22.318425721029357,-0.0002389796190314486,0.26454504141851704,-61413.107660105146,,,,-6.0380919697049995,,,,,,,,0.006811040848374559,,
SPLN21,?,,tierA_p95,Plasma cells,tnfa_nfkb_proximal,6117,7529,naive,6.999999999999999,0.001473740171081809,0.2849007903457936,-61005.65757039422,1.0,6.999999999999999,0.0008218785072813866,0.28496556598673545,-61004.26695453159,1.0,-61005.66516335435,0.28508679838740875,1.3906158626341494,0.007592960129841231,1.3982088227639906,0.31,0.2273362534958557,-0.5008072514402392,0.8915255931084168,0.9301849572332023,0.006826833534214518,0.02062152595771678,0.2158746311126363
SPLN21,?,,tierA_p95,Plasma cells,tnfa_nfkb_proximal,6117,7529,ctrl,6.999999999999999,0.0011694169009477703,0.28108367183587685,-61044.167496035996,1.0,6.999999999999999,0.0006042570252851896,0.28113386728311157,-61043.07523003507,1.0,-61045.74034405509,0.28119522458390384,1.0922660009237006,1.5728480190955452,2.665114020019246,0.405,0.17856236732445654,-0.5709040554453838,0.6984045219621091,0.9301849572332023,0.006826833534214518,0.015161245636254473,0.17129711672558365
SPLN21,?,,tierA_p95,Plasma cells,tnfa_nfkb_proximal,6117,7529,ctrl+N2,8.14292620081837,0.0010093053912061775,0.2810374475967905,-61043.173520045246,,16.49296129703063,6.196071393858898e-05,0.280985967674356,-61044.2941234858,,,,-1.1206034405542296,,,,,,,,0.006826833534214518,,
SPLN21,?,,tierA_p95,Stromal,downstream_arrest,23970,7529,naive,49.99999999999999,0.0003245915712211601,0.6753573911975755,-251127.40594557094,1.0,33.40540803599722,5.047537829152364e-05,0.6753111744916096,-251129.04633977357,0.0,-251129.67906270054,0.675406048065415,-1.6403942026372533,2.2731171296036337,0.6327229269663803,0.775,-0.06843530257143318,-0.48685587472171743,0.08733990356700481,0.572165314266005,0.005308214397941217,0.011851959464631296,0.06114891879384215
SPLN21,?,,tierA_p95,Stromal,downstream_arrest,23970,7529,ctrl,49.99999999999999,7.509845028662643e-05,0.6689614778795663,-251311.49349615528,1.0,6.999999999999999,6.299372467013735e-05,0.6689612395035028,-251311.5020375668,1.0,-251315.40794896884,0.6689638653586815,-0.008541411516489461,3.914452813565731,3.9059114020492416,0.61,-0.00035633756848099543,-0.12800674989455585,0.08223878679518956,0.8167900920349923,0.005308214397941217,0.0020219906476958292,0.014147591759218628
SPLN21,?,,tierA_p95,Stromal,downstream_arrest,23970,7529,ctrl+N2,6.999999999999999,4.296741521905512e-05,0.6689554741605732,-251309.70862033629,,49.99999999999999,8.022019105983814e-06,0.6689095646728543,-251311.35370468948,,,,-1.6450843532201036,,,,,,,,0.005308214397941217,,
SPLN21,?,,tierA_p95,Stromal,emt_ecm,23970,7529,naive,49.99999999999999,-0.002791174916766089,7.132052591341408,-194627.4233053991,1.0,23.47241150476913,-0.000756031196175878,7.127203560006817,-194643.72587887658,0.0,-194619.33437834095,7.135650447362817,-16.302573477471014,-8.088927058153786,-24.3915005356248,0.955,-0.680124049957072,-2.5469978628135186,0.07458452325823546,0.6891322894671092,0.017253720823141926,-0.03440579265121347,-0.1617723472643995
SPLN21,?,,tierA_p95,Stromal,emt_ecm,23970,7529,ctrl,6.999999999999999,0.001244323291562221,6.133768413273778,-198197.8539387051,1.0,49.99999999999999,8.651878773262185e-05,6.133804042759638,-198197.71470353386,1.0,-198199.9149263059,6.134264614111096,0.1392351712565869,2.0609876007947605,2.2002227720513474,0.735,0.0058087263769957,-0.49394501747583025,0.14027994339823263,0.30169008825358745,0.017253720823141926,0.01126347861367268,0.07211912747661516
SPLN21,?,,tierA_p95,Stromal,emt_ecm,23970,7529,ctrl+N2,6.999999999999999,0.0012381434476073554,6.133686481233624,-198196.17412101183,,49.99999999999999,3.1791649031179055e-05,6.130454790993313,-198208.8066592603,,,,-12.632538248494244,,,,,,,,0.017253720823141926,,
SPLN21,?,,tierA_p95,Stromal,il6_jak_stat3,23970,7529,naive,49.99999999999999,0.002473729819684684,4.011332998880527,-208421.57030252813,1.0,47.54182525407475,0.00030133608630209625,4.004750683953459,-208460.93569104106,0.0,-208408.68920876482,4.014159012179151,-39.36538851293153,-12.881093763309764,-52.246482276241295,1.0,-1.64227736808225,-3.9474211184557446,-0.4440286117009903,0.44691506034362743,0.012940863879776662,0.04841265984973588,0.19115646702376254
SPLN21,?,,tierA_p95,Stromal,il6_jak_stat3,23970,7529,ctrl,49.99999999999999,0.0004001458353530982,3.8824090179905575,-209160.61657826588,1.0,49.99999999999999,0.0001558654088521291,3.88098219123578,-209169.4274282605,1.0,-209164.19805757966,3.8824768061704353,-8.810849994624732,3.5814793137833476,-5.2293706808413845,0.945,-0.3675782225542233,-0.9680430618621195,0.03736467822582946,0.4297538452837441,0.012940863879776662,0.02705399178021124,0.03092110689360585
SPLN21,?,,tierA_p95,Stromal,il6_jak_stat3,23970,7529,ctrl+N2,6.999999999999999,0.00018185179737485052,3.8823851845093325,-209158.7637266719,,49.99999999999999,0.00016793490364983292,3.8808190936746314,-209168.43478425892,,,,-9.671057587008907,,,,,,,,0.012940863879776662,,
SPLN21,?,,tierA_p95,Stromal,interferon_response,23970,7529,naive,49.99999999999999,0.0019711962756644203,1.856700790313586,-226886.199684714,1.0,19.185852382096297,0.0004564466291683612,1.8566294478564944,-226887.1207332537,0.0,-226867.04463366445,1.8584952322591866,-0.9210485396906734,-19.155051049543545,-20.076099589234218,0.53,-0.03842505380436685,-0.8186615960268647,0.6115441333041726,0.7451257915520643,0.008805351731647653,0.031684729470670296,0.2238634339109708
SPLN21,?,,tierA_p95,Stromal,interferon_response,23970,7529,ctrl,31.763081427768892,0.0006680102392318389,1.8141643859693177,-227397.73261835892,0.0,31.763081427768892,0.0001601450229293844,1.8138597402530166,-227401.75814717726,0.0,-227398.04086768828,1.8144438168566714,-4.025528818339808,0.30824932936229743,-3.7172794889775105,0.85,-0.16794029279682135,-0.7402494408897659,0.16979060206779126,0.5801099711069959,0.008805351731647653,0.021164560930389882,0.07586411758601913
SPLN21,?,,tierA_p95,Stromal,interferon_response,23970,7529,ctrl+N2,15.682109678112967,0.0006220293313501002,1.813615148208691,-227402.99062789272,,9.962242533302096,0.0004613352094326368,1.8136851515983987,-227402.06543223048,,,,0.925195662231394,,,,,,,,0.008805351731647653,,
SPLN21,?,,tierA_p95,Stromal,oxidative_stress,23970,7529,naive,49.99999999999999,0.002301099232602236,6.843048938452673,-195618.9589047022,1.0,30.20149733539872,0.00030840588196153325,6.842797547768228,-195619.8394983451,0.0,-195614.3948157319,6.845494284735317,-0.8805936429125722,-4.564088970277226,-5.444682613189798,0.675,-0.036737323442326754,-0.879688561241891,0.2462619126578586,0.6073423987782223,0.0168992872902761,0.019848006255370223,0.13616546029075025
SPLN21,?,,tierA_p95,Stromal,oxidative_stress,23970,7529,ctrl,6.999999999999999,0.0009977214331426177,6.533991915681509,-196682.73982892846,1.0,6.999999999999999,0.0007664881598848083,6.533922324271942,-196682.99512691356,1.0,-196685.5682430635,6.534311286547338,-0.25529798510251567,2.828414135030471,2.573116149927955,0.685,-0.010650729457760353,-0.35522372262579677,0.09454309657467047,0.9292589975599219,0.0168992872902761,0.007728004598004743,0.05903926100230691
SPLN21,?,,tierA_p95,Stromal,oxidative_stress,23970,7529,ctrl+N2,6.999999999999999,0.0009991070096946983,6.53398728931927,-196680.7568007802,,6.999999999999999,0.0007658975658379345,6.5339182487318626,-196681.01007822782,,,,-0.2532774476121822,,,,,,,,0.0168992872902761,,
SPLN21,?,,tierA_p95,Stromal,secondary_senescence,23970,7529,naive,49.99999999999999,0.0012946857318184197,2.19062320499549,-222921.922966513,1.0,49.99999999999999,0.0001547553131131459,2.188500971445798,-222945.15589625825,1.0,-222917.4541636333,2.191397307364033,-23.232929745252477,-4.468802879709983,-27.70173262496246,0.995,-0.9692503022633491,-2.6695962785507814,-0.04845617660443915,0.4297538452837441,0.009561511348330262,0.036354979422559205,0.13540597134877702
SPLN21,?,,tierA_p95,Stromal,secondary_senescence,23970,7529,ctrl,49.99999999999999,0.00017922310077229215,2.1260863223112576,-223594.70242087365,1.0,49.99999999999999,0.00010192895802722342,2.125460694072354,-223601.75693958742,1.0,-223598.54909956735,2.1260999216176755,-7.054518713761354,3.8466786936915014,-3.2078400200698525,0.955,-0.2943061624431103,-0.8202312664417858,0.030124644496306353,0.4297538452837441,0.009561511348330262,0.02394505944318256,0.018744222981531666
SPLN21,?,,tierA_p95,Stromal,secondary_senescence,23970,7529,ctrl+N2,49.99999999999999,0.00018210756245303985,2.126024936120481,-223593.39451329721,,49.99999999999999,0.00010223215629893734,2.125460591190328,-223599.7580998452,,,,-6.363586547955928,,,,,,,,0.009561511348330262,,
SPLN21,?,,tierA_p95,Stromal,tnfa_nfkb_proximal,23970,7529,naive,49.99999999999999,0.0008592594361762977,1.8560308486940449,-226894.85018917057,1.0,49.99999999999999,0.00012095072501121816,1.8546026292630722,-226913.30225222363,1.0,-226894.4470618106,1.8563718203610717,-18.452063053060556,-0.4031273599539418,-18.855190413014498,0.985,-0.7697982083045706,-2.0530324927897214,-0.08752441829315714,0.4297538452837441,0.008800320044719388,0.030871297933700748,0.09763956671033285
SPLN21,?,,tierA_p95,Stromal,tnfa_nfkb_proximal,23970,7529,ctrl,6.999999999999999,-0.00011255511661644103,1.8071077481710467,-227491.1516246418,1.0,49.99999999999999,7.742688110446506e-05,1.8067429736293372,-227495.99058810074,1.0,-227495.09771193532,1.8071118126758112,-4.838963458954822,3.9460872935305815,-0.8928761654242408,0.84,-0.20187582223424375,-0.807743631773046,0.09994937805912285,0.30169008825358745,0.008800320044719388,0.019762331432337164,-0.012789889007637804
SPLN21,?,,tierA_p95,Stromal,tnfa_nfkb_proximal,23970,7529,ctrl+N2,49.99999999999999,-7.986381248189139e-06,1.8069628473309867,-227491.0737083678,,49.99999999999999,7.858823409954613e-05,1.8067414660167957,-227494.01058955546,,,,-2.93688118764718,,,,,,,,0.008800320044719388,,
SPLN21,?,,tierA_p95,T/NK cells,downstream_arrest,26231,7529,naive,9.962242533302096,4.638309221675112e-05,1.1322715568348445,-263625.914092304,0.0,49.99999999999999,7.289784673108464e-05,1.1313943698071818,-263646.243500282,1.0,-263629.88179982157,1.1322729507535603,-20.329407977988012,3.967707517556846,-16.361700460431166,0.9,-0.7750146002054062,-3.382246368747476,0.06516353722749585,0.3426833246639223,0.006570041949062561,0.027855780012530106,0.007059786310239534
SPLN21,?,,tierA_p95,T/NK cells,downstream_arrest,26231,7529,ctrl,6.999999999999999,-0.0003511194982188991,1.0966213447338056,-264421.0934623444,1.0,35.13265199376635,-6.070970056499073e-05,1.0965427384002486,-264422.9737801485,0.0,-264423.956440082,1.0966688804704063,-1.8803178041125648,2.862977737619076,0.9826599335065112,0.85,-0.07168303930893084,-0.42507664065697787,0.03611860166831355,0.41743191890634745,0.006570041949062561,-0.013648495659209685,-0.05344250476445674
SPLN21,?,,tierA_p95,T/NK cells,downstream_arrest,26231,7529,ctrl+N2,6.999999999999999,-0.0003462364797535649,1.096573616619885,-264420.2351357282,,49.99999999999999,-4.235731789775221e-05,1.0965368848943038,-264421.11380544695,,,,-0.8786697187787862,,,,,,,,0.006570041949062561,,
SPLN21,?,,tierA_p95,T/NK cells,emt_ecm,26231,7529,naive,6.999999999999999,-0.0012961930394449262,2.348128660963201,-244493.21013281407,1.0,12.18803582947357,-0.0005712552564855121,2.3475873857401925,-244499.25742796413,0.0,-244489.70846102055,2.348800286504761,-6.047295150056016,-3.501671793521382,-9.548966943577398,0.945,-0.2305400156324965,-3.332895518357071,0.05847674636178405,0.7945666518473261,0.009462711988088991,-0.022724251609023367,-0.1369790226036157
SPLN21,?,,tierA_p95,T/NK cells,emt_ecm,26231,7529,ctrl,18.24260882600192,-0.0004895195460104994,2.0967705051118672,-247419.09418649974,0.0,49.99999999999999,7.909913942791421e-05,2.096499082768977,-247422.48995170734,1.0,-247420.58750671454,2.096970885706594,-3.3957652075914666,1.4933202147949487,-1.902444992796518,0.775,-0.12945618571886192,-0.8086642618090644,0.27325399099701286,0.38508094957224304,0.009462711988088991,0.020985769718066934,-0.05173142187725267
SPLN21,?,,tierA_p95,T/NK cells,emt_ecm,26231,7529,ctrl+N2,6.999999999999999,-0.0006841528495791757,2.096407595785087,-247421.63464452248,,49.99999999999999,5.652995426902121e-05,2.0959525954757106,-247427.328388675,,,,-5.693744152518615,,,,,,,,0.009462711988088991,,
SPLN21,?,,tierA_p95,T/NK cells,il6_jak_stat3,26231,7529,naive,6.999999999999999,-0.0011983397322665496,4.7927461698669145,-225777.78866993246,1.0,49.99999999999999,-0.00019350921058585148,4.787129290556182,-225808.5482301568,1.0,-225778.64706070922,4.793320217263891,-30.759560224338202,0.8583907767606433,-29.90116944757756,0.995,-1.1726415395653311,-3.068370704614815,-0.15626750605411133,0.30931594235072524,0.013517948817533673,-0.035938472128951224,-0.08864804478498807
SPLN21,?,,tierA_p95,T/NK cells,il6_jak_stat3,26231,7529,ctrl,6.999999999999999,-0.0006874131275133613,4.698455384373377,-226254.99200840577,1.0,49.99999999999999,-7.791666027476563e-05,4.698180067606044,-226256.52911903712,1.0,-226257.97511154605,4.6986375328670835,-1.5371106313541532,2.9831031402864028,1.4459925089322496,0.77,-0.058599010001683244,-0.3447168583936612,0.08900302838540534,0.30931594235072524,0.013517948817533673,-0.01447065860683307,-0.050851881209291835
SPLN21,?,,tierA_p95,T/NK cells,il6_jak_stat3,26231,7529,ctrl+N2,6.999999999999999,-0.0006862663348484125,4.698452831223293,-226253.0062623877,,49.99999999999999,-7.963580387227081e-05,4.698176891286109,-226254.5468531544,,,,-1.5405907667130898,,,,,,,,0.013517948817533673,,
SPLN21,?,,tierA_p95,T/NK cells,interferon_response,26231,7529,naive,40.868941774896264,-0.0010806141469243804,3.03662475935349,-237748.48751559874,0.0,49.99999999999999,-0.0002094192246496295,3.030086324803604,-237805.02877517254,1.0,-237746.33474054647,3.037337117268395,-56.54125957380165,-2.152775052265497,-58.69403462606715,1.0,-2.155512926453496,-3.7978456387663795,-0.7142836683069576,0.41428831123905835,0.01076066410274031,-0.04885918727524508,-0.10042262601141583
SPLN21,?,,tierA_p95,T/NK cells,interferon_response,26231,7529,ctrl,13.48099749887925,-0.00034130325335673115,2.9851727649065336,-238152.7490540269,0.0,49.99999999999999,-6.199277570238558e-05,2.98497361391532,-238154.49907130317,1.0,-238155.9541921534,2.9852632241329324,-1.7500172762665898,3.2051381265046075,1.4551208502380177,0.71,-0.0667156142071057,-0.5239163513689924,0.0953211320672839,0.36638826023807586,0.01076066410274031,-0.01446341252968859,-0.031717675606851924
SPLN21,?,,tierA_p95,T/NK cells,interferon_response,26231,7529,ctrl+N2,8.563960425689007,-0.00039388042186799035,2.985108923436054,-238151.31004116274,,49.99999999999999,-5.5998314843270326e-05,2.9849347295800954,-238152.84077671595,,,,-1.5307355532108275,,,,,,,,0.01076066410274031,,
SPLN21,?,,tierA_p95,T/NK cells,oxidative_stress,26231,7529,naive,49.99999999999999,0.0010875522380550562,8.533497254698908,-210645.23725103957,1.0,6.999999999999999,0.000633199494198683,8.533732154320901,-210644.51520625572,1.0,-210647.4191575306,8.534088739341083,0.722044783848105,2.1819064910232555,2.9039512748713605,0.49,0.027526391820674203,-0.2657294561184302,0.20362384315279836,0.811617503897383,0.018037284420567973,0.006464024148308148,0.060294676994427296
SPLN21,?,,tierA_p95,T/NK cells,oxidative_stress,26231,7529,ctrl,14.178039470333344,0.000753384076538765,8.350609631738068,-211169.52468350035,0.0,6.999999999999999,0.0009140924554574957,8.35035983791296,-211170.3093495449,1.0,-211172.10917360176,8.351060269896418,-0.7846660445502494,2.584490101406118,1.7998240568558685,0.81,-0.029913691607268093,-0.2825054707024703,0.0636110939030125,0.9014022427169992,0.018037284420567973,0.009331523098168374,0.04176815417058626
SPLN21,?,,tierA_p95,T/NK cells,oxidative_stress,26231,7529,ctrl+N2,23.47241150476913,0.0007399753259224148,8.350463198799837,-211167.9846638192,,9.472463873139185,0.000604350093683062,8.350097463975134,-211169.13355820448,,,,-1.1488943852884974,,,,,,,,0.018037284420567973,,
SPLN21,?,,tierA_p95,T/NK cells,secondary_senescence,26231,7529,naive,6.999999999999999,-0.0009417151890191822,1.6331398789120923,-254018.05946044528,1.0,17.345738419684505,-0.00032647174017112773,1.632546617448567,-254027.58997823272,0.0,-254016.36606544402,1.6334943876828478,-9.530517787439749,-1.6933950012607966,-11.223912788700545,0.98,-0.3633303262338359,-1.4447828265922038,-0.019989804914057954,0.6734525136405185,0.007891351704808182,-0.024087554437224542,-0.11933509291267075
SPLN21,?,,tierA_p95,T/NK cells,secondary_senescence,26231,7529,ctrl,8.14292620081837,-0.0005990717001374294,1.60743719002707,-254390.17137892294,0.0,9.006764443646388,-0.0004549327014084524,1.6072799719432815,-254392.73707123823,0.0,-254391.31909533654,1.6076119876327641,-2.5656923152855597,1.1477164136013016,-1.4179759016842581,0.915,-0.09781145649367388,-0.3776210796177564,0.036021717630515135,0.8851427412345982,0.007891351704808182,-0.01483277272201958,-0.07591496646848239
SPLN21,?,,tierA_p95,T/NK cells,secondary_senescence,26231,7529,ctrl+N2,8.14292620081837,-0.0005971231141975091,1.6074280671385281,-254388.32025140757,,9.006764443646388,-0.0004543520063944613,1.607267457033261,-254390.94131685104,,,,-2.6210654434233227,,,,,,,,0.007891351704808182,,
SPLN21,?,,tierA_p95,T/NK cells,tnfa_nfkb_proximal,26231,7529,naive,49.99999999999999,-0.00026408122013771935,2.1378707937492982,-246953.8961459103,1.0,49.99999999999999,-5.0285225825489314e-05,2.1374876142972523,-246958.5980582527,1.0,-246957.46824017595,2.1379056690736675,-4.701912342425203,3.5720942656625994,-1.1298180767626036,0.865,-0.17925021319908516,-0.6212997913141306,0.06993047443245948,0.4182182144219053,0.00902790220091447,-0.013983707313919342,-0.02925167045802932
SPLN21,?,,tierA_p95,T/NK cells,tnfa_nfkb_proximal,26231,7529,ctrl,49.99999999999999,-0.0001720282490583692,2.1147743649309474,-247194.82393019006,1.0,49.99999999999999,-5.1436121363381286e-05,2.1145885746448143,-247197.12851604295,1.0,-247198.65402809207,2.11478806268418,-2.3045858528930694,3.8300979020132218,1.5255120491201524,0.81,-0.08785733875540655,-0.39338170515826176,0.09006855203452213,0.4182182144219053,0.00902790220091447,-0.014303757310445744,-0.019055174193389982
SPLN21,?,,tierA_p95,T/NK cells,tnfa_nfkb_proximal,26231,7529,ctrl+N2,49.99999999999999,-0.00016956978761196662,2.1146767239984094,-247194.03506574786,,49.99999999999999,-4.68509592879436e-05,2.1145660258268366,-247195.408230596,,,,-1.373164848156796,,,,,,,,0.00902790220091447,,
SPLN24,?,,tierA_p95,B cells,downstream_arrest,79894,16116,naive,38.85968176362148,0.004417988410519379,37.679021378888166,-611928.3132364416,0.0,49.99999999999999,0.0006403656287403608,37.39568432927188,-612531.3668883069,1.0,-611873.9833516388,37.706540535188495,-603.0536518653389,-54.32988480280619,-657.3835366681451,1.0,-7.5481719761851815,-13.920850294260276,-2.6664807212799158,0.3386673123536679,0.02172457364016966,0.09079698476970464,0.20336364172169377
SPLN24,?,,tierA_p95,B cells,downstream_arrest,79894,16116,ctrl,10.477345453252495,0.002131537766086725,27.193677046658948,-637941.2640403595,0.0,49.99999999999999,0.00034479450719834376,27.147093153447077,-638078.2431248392,1.0,-637916.8297923572,27.20335698970885,-136.97908447962254,-24.434248002362438,-161.41333248198498,0.995,-1.7145102821190896,-4.4803612792630005,-0.08300595154256295,0.3058094963660569,0.02172457364016966,0.048888166718671786,0.09811643723342421
SPLN24,?,,tierA_p95,B cells,downstream_arrest,79894,16116,ctrl+N2,11.58882939190469,0.00208159586145738,27.19320080608777,-637940.6632294911,,49.99999999999999,0.0003241070318927701,27.133701260525367,-638115.665241864,,,,-175.0020123729266,,,,,,,,0.02172457364016966,,
SPLN24,?,,tierA_p95,B cells,emt_ecm,79894,16116,naive,19.185852382096297,-0.0062623992468788,28.013896980117963,-635609.1161193089,0.0,49.99999999999999,-0.000811122809345163,27.608118312074616,-636774.8364149203,1.0,-635348.4264397977,28.106861232240263,-1165.7202956114197,-260.68967951112427,-1426.409975122544,1.0,-14.590836553576235,-26.725076045028214,-6.840789957549804,0.3272871051383771,0.018756382991514598,-0.133208579495769,-0.33388096464963596
SPLN24,?,,tierA_p95,B cells,emt_ecm,79894,16116,ctrl,6.999999999999999,-0.0028295435291689898,21.10218403659306,-658203.0168618413,1.0,6.999999999999999,-0.0017948970534828162,21.10047586993376,-658209.4843341502,1.0,-658163.554524506,21.113666748076145,-6.467472308897413,-39.462337335338816,-45.92980964423623,0.8,-0.08095066349034237,-0.2523283968585939,0.06451594865415625,0.8910188317279449,0.018756382991514598,-0.022382198645704492,-0.15085763232165925
SPLN24,?,,tierA_p95,B cells,emt_ecm,79894,16116,ctrl+N2,6.999999999999999,-0.0028276077360384327,21.102121394016503,-658201.2540303464,,6.999999999999999,-0.0017907833452659161,21.100335915765648,-658208.0142527861,,,,-6.7602224397480954,,,,,,,,0.018756382991514598,,
SPLN24,?,,tierA_p95,B cells,il6_jak_stat3,79894,16116,naive,6.999999999999999,-0.0032783003607102738,34.54762406188089,-618860.2919970112,1.0,6.999999999999999,-0.001711859483971985,34.55080156560969,-618852.944116628,1.0,-618827.3332898676,34.5636093786225,7.347880383138545,-32.9587071435526,-25.610826760414056,0.24,0.09197036552355052,-0.29460868480604935,0.22718254658362433,0.8910188317279449,0.02079947923695884,-0.019249876388784865,-0.15761454040288705
SPLN24,?,,tierA_p95,B cells,il6_jak_stat3,79894,16116,ctrl,12.18803582947357,-0.001611078295618458,33.10491571620183,-622226.3301410198,0.0,6.999999999999999,-0.0010156846036129465,33.106619397118976,-622222.2186555214,1.0,-622216.0245915636,33.110843901181056,4.111485498375259,-10.305549456155859,-6.1940639577806,0.15,0.05146175555580218,-0.059456941740160224,0.14543278182740138,0.8857071638609033,0.02079947923695884,-0.011421383152415998,-0.07745762656779677
SPLN24,?,,tierA_p95,B cells,il6_jak_stat3,79894,16116,ctrl+N2,6.999999999999999,-0.002034035547085858,33.103173789270166,-622228.534144227,,6.999999999999999,-0.0010281675300052868,33.105309745353516,-622223.3792134305,,,,5.154930796537429,,,,,,,,0.02079947923695884,,
SPLN24,?,,tierA_p95,B cells,interferon_response,79894,16116,naive,45.204502969779604,-0.0009980871605391316,22.625864966678236,-652675.0328457991,0.0,49.99999999999999,-0.00018836906507009094,22.600149414942155,-652765.8884535686,1.0,-652674.8570334672,22.627047581581945,-90.85560776945204,-0.17581233195960522,-91.03142010141164,0.995,-1.1372018896218994,-3.235615530393483,-0.043046636514535,0.33999462292504595,0.01682894389026793,-0.03447842310305931,-0.0593077715980152
SPLN24,?,,tierA_p95,B cells,interferon_response,79894,16116,ctrl,6.999999999999999,0.0001888570066589316,21.556781570248088,-656500.1630877252,1.0,31.763081427768892,3.782396933499028e-05,21.556620545442442,-656500.7598820023,0.0,-656503.9734811961,21.556832729426286,-0.5967942770803347,3.8103934709215537,3.213599193841219,0.855,-0.007469825982931568,-0.16833519891211665,0.02118083409230252,0.408454824902374,0.01682894389026793,0.0036101443433937197,0.011222154395376186
SPLN24,?,,tierA_p95,B cells,interferon_response,79894,16116,ctrl+N2,6.999999999999999,0.00018323239976646323,21.556253333417363,-656500.1208693313,,49.99999999999999,2.0722070570831414e-05,21.5563261517056,-656499.8509831686,,,,0.26988616269386895,,,,,,,,0.01682894389026793,,
SPLN24,?,,tierA_p95,B cells,oxidative_stress,79894,16116,naive,49.99999999999999,0.0012642601184320505,75.75212571727903,-556133.2974137311,1.0,49.99999999999999,0.0003288155262310933,75.67184087513893,-556218.0168663162,1.0,-556135.529449747,75.7538020448109,-84.71945258509368,2.232036015833728,-82.48741656925995,1.0,-1.060398184908675,-2.162642715333236,-0.30963154314744,0.3407390246792013,0.030792513092520058,0.03289287665061641,0.0410573867287922
SPLN24,?,,tierA_p95,B cells,oxidative_stress,79894,16116,ctrl,49.99999999999999,0.00048500920789188107,74.50409307141305,-557418.531841923,1.0,49.99999999999999,0.00017794261867545594,74.48936553912995,-557434.3263805428,1.0,-557422.2791581601,74.50432870868698,-15.794538619811647,3.7473162370733917,-12.047222382738255,0.98,-0.19769367686949768,-0.4596354778891256,-0.009676556038785361,0.3407390246792013,0.030792513092520058,0.017800390006115142,0.01575088095014713
SPLN24,?,,tierA_p95,B cells,oxidative_stress,79894,16116,ctrl+N2,49.99999999999999,0.00047780895056265406,74.50373029880184,-557416.9208598194,,49.99999999999999,0.0001857359210513178,74.48743852680688,-557434.3932354939,,,,-17.47237567451516,,,,,,,,0.030792513092520058,,
SPLN24,?,,tierA_p95,B cells,secondary_senescence,79894,16116,naive,31.763081427768892,-0.0044244266918561795,17.135527176910784,-674880.755106019,0.0,49.99999999999999,-0.0005595407301295449,16.931900075353884,-675835.847915125,1.0,-674727.7341215137,17.169237882652137,-955.0928091059905,-153.0209845053032,-1108.1137936112937,1.0,-11.954499826094455,-20.585568296351465,-4.1976145184700755,0.3364151211244286,0.014659475308474569,-0.11757309585112599,-0.3018134413717132
SPLN24,?,,tierA_p95,B cells,secondary_senescence,79894,16116,ctrl,19.185852382096297,-0.0010322812530580803,14.015833652316148,-690894.7531014287,0.0,49.99999999999999,-9.002442855702134e-05,14.01443065994945,-690902.7509334142,1.0,-690884.9689234622,14.01825202431615,-7.997831985470839,-9.784177966532297,-17.782009952003136,0.715,-0.10010553965843291,-0.35158122181707624,0.09250367179929259,0.3272871051383771,0.014659475308474569,-0.018916318683765882,-0.0704173397250382
SPLN24,?,,tierA_p95,B cells,secondary_senescence,79894,16116,ctrl+N2,14.911122358641625,-0.0010118844940499446,14.015705607563065,-690893.4829940976,,49.99999999999999,-8.994019042154969e-05,14.014430433627957,-690900.7522236364,,,,-7.269229538673782,,,,,,,,0.014659475308474569,,
SPLN24,?,,tierA_p95,B cells,tnfa_nfkb_proximal,79894,16116,naive,10.477345453252495,-0.0015330602160978477,16.723497988250195,-676825.3051860994,0.0,49.99999999999999,-8.987926650296927e-05,16.7225846750253,-676829.6685220117,1.0,-676804.4166403009,16.72870849696444,-4.3633359123487025,-20.88854579848703,-25.251881710835733,0.54,-0.0546140625372206,-1.3431462317942888,0.22995207179864766,0.3058094963660569,0.01447018635161093,-0.019132867784906,-0.10594612804148369
SPLN24,?,,tierA_p95,B cells,tnfa_nfkb_proximal,79894,16116,ctrl,9.962242533302096,-0.0010444824629238976,16.152330819828677,-679559.6562909494,0.0,6.999999999999999,-0.0004983373642382272,16.15356334563685,-679553.5601020335,1.0,-679552.5271001876,16.154580987449826,6.0961889158934355,-7.129190761828795,-1.0330018459353596,0.095,0.0763034635378556,-0.034512616438255705,0.18218258763608328,0.8910570804279979,0.01447018635161093,-0.008054927207713131,-0.0721816870544612
SPLN24,?,,tierA_p95,B cells,tnfa_nfkb_proximal,79894,16116,ctrl+N2,11.58882939190469,-0.0010046224182520722,16.151947117800425,-679559.5542123272,,6.999999999999999,-0.0005049513327820099,16.153195641821327,-679553.3787511062,,,,6.175461221008732,,,,,,,,0.01447018635161093,,
SPLN24,?,,tierA_p95,Endothelial,downstream_arrest,58698,16116,naive,6.999999999999999,-0.00033434473612483056,8.538932334831562,-518619.6436936089,1.0,27.304873519796445,8.360653091076729e-05,8.538589745682886,-518621.99875399255,0.0,-518622.8881508875,8.53904224606696,-2.3550603836774826,3.24445727863349,0.8893968949560076,0.805,-0.040121646115327314,-0.4877533755162132,0.0790242530069701,0.47555525463035564,0.012061266933480292,0.007279556060943746,-0.02772053200887367
SPLN24,?,,tierA_p95,Endothelial,downstream_arrest,58698,16116,ctrl,6.999999999999999,0.0003398372087127789,8.136577491023843,-521410.7815944768,1.0,49.99999999999999,3.435885990774561e-05,8.136444053135692,-521411.74423526693,1.0,-521413.9912223668,8.136687051268074,-0.9626407901523635,3.2096278900280595,2.246987099875696,0.78,-0.016399890799556432,-0.1419861662574148,0.024474009470428524,0.2693336833086435,0.012061266933480292,0.006861912516307524,0.028175913074377383
SPLN24,?,,tierA_p95,Endothelial,downstream_arrest,58698,16116,ctrl+N2,6.999999999999999,0.00034277480832930953,8.136502909140953,-521409.319637337,,49.99999999999999,3.782724583677235e-05,8.136038043181028,-521412.67334862315,,,,-3.353711286151645,,,,,,,,0.012061266933480292,,
SPLN24,?,,tierA_p95,Endothelial,emt_ecm,58698,16116,naive,6.999999999999999,-0.0013899900709747899,18.224395963823643,-474119.2134377681,1.0,6.999999999999999,-0.0006664362030365575,18.225207177139442,-474116.60070154525,1.0,-474117.0952326593,18.226295626566042,2.612736222858075,-2.1182051087962463,0.4945311140618287,0.315,0.04451150333670781,-0.15188811711315767,0.14370691624434648,0.9095067742256241,0.017621284097694517,-0.007727783070824754,-0.07888131552670263
SPLN24,?,,tierA_p95,Endothelial,emt_ecm,58698,16116,ctrl,6.999999999999999,-0.000516851875726129,17.62954949043055,-476025.08846326004,1.0,49.99999999999999,-4.3559079713473636e-05,17.62941273076859,-476025.5438095397,1.0,-476028.2447235918,17.62980290378609,-0.45534627966117114,3.156260331743397,2.7009140520822257,0.6,-0.007757441133619053,-0.15570724446526024,0.06770385783049934,0.2693336833086435,0.017621284097694517,-0.005954434247950121,-0.029331113035310538
SPLN24,?,,tierA_p95,Endothelial,emt_ecm,58698,16116,ctrl+N2,6.999999999999999,-0.0005181726359971217,17.62953444399206,-476023.1385607525,,49.99999999999999,-4.394438987990474e-05,17.62940770664621,-476023.56053760566,,,,-0.42197685313744443,,,,,,,,0.017621284097694517,,
SPLN24,?,,tierA_p95,Endothelial,il6_jak_stat3,58698,16116,naive,49.99999999999999,0.0004455985987996497,24.659586888701526,-456368.66756709456,1.0,6.999999999999999,-0.000341630888714659,24.65947203372797,-456368.9409606825,1.0,-456372.2601249124,24.659758059623247,-0.2733935879659839,3.592557817872148,3.319164229906164,0.79,-0.004657630378649765,-0.2834806998119054,0.09370336867687314,0.830912711185813,0.02049664379575101,-0.0034057147567646555,0.02174007623971506
SPLN24,?,,tierA_p95,Endothelial,il6_jak_stat3,58698,16116,ctrl,49.99999999999999,0.0013215228545376161,24.212237512379033,-457401.28458513966,1.0,49.99999999999999,-4.516150199971998e-05,24.21325854282966,-457398.8093417128,1.0,-457401.7917716546,24.213678299899236,2.475243426859379,0.5071865149657242,2.982429941825103,0.37,0.042169127173998754,-0.19614098953354117,0.16943843751265486,0.34582149903701426,0.02049664379575101,-0.005307438678089686,0.06447508517209512
SPLN24,?,,tierA_p95,Endothelial,il6_jak_stat3,58698,16116,ctrl+N2,6.999999999999999,0.0010414323723541379,24.209834372645783,-457405.1108329926,,6.999999999999999,0.00025268842842481813,24.211543051270326,-457400.9681991692,,,,4.142633823365855,,,,,,,,0.02049664379575101,,
SPLN24,?,,tierA_p95,Endothelial,interferon_response,58698,16116,naive,24.6860647223019,-0.00033754472006852006,16.274888253777508,-480760.17673401814,0.0,49.99999999999999,-0.0001871536065759606,16.26314420417528,-480802.54882608465,1.0,-480763.50825896737,16.275073599423024,-42.37209206650732,3.331524949229788,-39.04056711727753,0.985,-0.7218660272327391,-2.6734965401870894,-0.01448940476355779,0.3336743917618943,0.016651364537966094,-0.027073707549778604,-0.02027129484064966
SPLN24,?,,tierA_p95,Endothelial,interferon_response,58698,16116,ctrl,9.962242533302096,-0.0005561197754640852,15.489784388452634,-483620.3577065946,0.0,49.99999999999999,-0.00010291357826703854,15.488050181716037,-483626.929790702,1.0,-483622.673630633,15.490228804748797,-6.57208410743624,2.3159240384120494,-4.25616006902419,0.95,-0.11196436177444273,-0.3921665504896455,0.004241917865863568,0.29463407959383725,0.016651364537966094,-0.014887514977020696,-0.03339785001779893
SPLN24,?,,tierA_p95,Endothelial,interferon_response,58698,16116,ctrl+N2,9.962242533302096,-0.000554158986002384,15.48975571750593,-483618.46635425184,,49.99999999999999,-9.419468641816464e-05,15.4854196190789,-483634.9001793629,,,,-16.433825111025058,,,,,,,,0.016651364537966094,,
SPLN24,?,,tierA_p95,Endothelial,oxidative_stress,58698,16116,naive,6.999999999999999,-0.002281395107408145,59.009842084306996,-405152.4027135229,1.0,49.99999999999999,-0.00014590811636265932,59.007708823787965,-405154.52473901823,1.0,-405151.3125217875,59.01495954034838,-2.1220254953368567,-1.090191735420376,-3.2122172307572328,0.89,-0.03615158089435512,-0.4870314766634443,0.04154315878976477,0.2693336833086435,0.031708040548648536,-0.011084328986430829,-0.07195005014062382
SPLN24,?,,tierA_p95,Endothelial,oxidative_stress,58698,16116,ctrl,6.999999999999999,-0.0007222521292747823,57.58182076164645,-406548.34751068475,1.0,6.999999999999999,-0.0006947470085847698,57.58118779947565,-406548.9927458859,1.0,-406551.84339795844,57.58231529047706,-0.645235201169271,3.495887273689732,2.850652072520461,0.795,-0.010992456321668048,-0.10560957508843224,0.024678500649039748,0.9095067742256241,0.031708040548648536,-0.004477042062910922,-0.0227782012623542
SPLN24,?,,tierA_p95,Endothelial,oxidative_stress,58698,16116,ctrl+N2,6.999999999999999,-0.0007078477739154758,57.580124403800916,-406548.0767765925,,49.99999999999999,-4.72033773145056e-05,57.57932455163318,-406548.89216296276,,,,-0.8153863702635165,,,,,,,,0.031708040548648536,,
SPLN24,?,,tierA_p95,Endothelial,secondary_senescence,58698,16116,naive,49.99999999999999,0.0003503527583233903,13.035215589882737,-493789.2975637525,1.0,49.99999999999999,8.210388554497429e-05,13.033025525004772,-493799.1603257196,1.0,-493792.82107049343,13.035321406393862,-9.862761967116967,3.5235067409230396,-6.339255226193927,0.935,-0.168025519900456,-0.602112493540774,0.013759698399994169,0.34582149903701426,0.014902159931217672,0.013271311772567617,0.02351019985807201
SPLN24,?,,tierA_p95,Endothelial,secondary_senescence,58698,16116,ctrl,12.18803582947357,0.0003703511985942727,12.825823535946247,-494697.85205023363,0.0,49.99999999999999,-5.398497271082547e-05,12.825448633380196,-494699.56783498527,1.0,-494700.8238786289,12.826048198848937,-1.7157847516355105,2.9718283952679485,1.256043643632438,0.675,-0.02923071913243229,-0.26937951209370264,0.07104050749222336,0.3064545086095991,0.014902159931217672,-0.00872615710113338,0.024852182521111803
SPLN24,?,,tierA_p95,Endothelial,secondary_senescence,58698,16116,ctrl+N2,49.99999999999999,0.0005017476181509408,12.8255531943939,-494697.0892944258,,49.99999999999999,-5.42453445057304e-05,12.825446352827019,-494697.5782723528,,,,-0.48897792706203214,,,,,,,,0.014902159931217672,,
SPLN24,?,,tierA_p95,Endothelial,tnfa_nfkb_proximal,58698,16116,naive,6.999999999999999,0.0004957648420702199,13.373893489870971,-492283.6954442792,1.0,45.204502969779604,6.90458210574714e-05,13.372931742253108,-492287.91670502385,0.0,-492286.63480897504,13.374135149752826,-4.221260744670872,2.9393646958633326,-1.281896048807539,0.805,-0.07191489905398603,-0.5329365036118366,0.03826618405934655,0.29971210354634387,0.015094585851350704,0.009485789938843024,0.03284388501411011
SPLN24,?,,tierA_p95,Endothelial,tnfa_nfkb_proximal,58698,16116,ctrl,49.99999999999999,-0.0006256779022574041,12.833419751526957,-494663.09789398767,1.0,49.99999999999999,-0.00010221014573237604,12.831592421294358,-494671.45640396635,1.0,-494665.6208238949,12.833742694370093,-8.358509978686925,2.5229299072525464,-5.835580071434379,0.945,-0.14239854813940722,-0.4212222614406614,0.01580032412150479,0.34582149903701426,0.015094585851350704,-0.016310683742441795,-0.041450484854472926
SPLN24,?,,tierA_p95,Endothelial,tnfa_nfkb_proximal,58698,16116,ctrl+N2,49.99999999999999,-0.0006331686837147245,12.833258336035827,-494661.83618715254,,49.99999999999999,-9.807201845365788e-05,12.831013966159793,-494672.10260123736,,,,-10.266414084771684,,,,,,,,0.015094585851350704,,
SPLN24,?,,tierA_p95,Mono/Mac/DC,downstream_arrest,42175,16116,naive,49.99999999999999,0.004140430955173326,9.492954519507792,-354221.21734336676,1.0,49.99999999999999,0.0005633099477132921,9.41488870379758,-354569.4796435254,1.0,-354178.369983088,9.503505010226315,-348.262300158618,-42.84736027877079,-391.1096604373888,1.0,-8.25755305651732,-13.914779315250811,-4.314386539159566,0.3555000882921758,0.01501116360728661,0.09656392680867117,0.27582345134708175
SPLN24,?,,tierA_p95,Mono/Mac/DC,downstream_arrest,42175,16116,ctrl,49.99999999999999,0.0006739427886828449,7.468444172556455,-364295.4475187646,1.0,7.742591489922676,0.00048583055677804677,7.468159798606076,-364297.05343552877,0.0,-364297.95218937605,7.468708973553232,-1.6059167641797103,2.504670611466281,0.8987538472865708,0.82,-0.038077457360514766,-0.18779272821670204,0.0266368187676396,0.8302537099323887,0.01501116360728661,0.007830170395700225,0.044896105742982396
SPLN24,?,,tierA_p95,Mono/Mac/DC,downstream_arrest,42175,16116,ctrl+N2,49.99999999999999,0.0006764277482139471,7.46841744348077,-364293.5984606151,,9.962242533302096,0.0003523394417476041,7.46810949420698,-364295.33752093057,,,,-1.7390603154414923,,,,,,,,0.01501116360728661,,
SPLN24,?,,tierA_p95,Mono/Mac/DC,emt_ecm,42175,16116,naive,49.99999999999999,-0.00784947029550333,27.640499086578096,-309147.438433091,1.0,49.99999999999999,-0.001126418028236859,27.324080345995196,-309633.027805162,1.0,-309093.61901088536,27.678418557286413,-485.5893720710301,-53.81942220561905,-539.4087942766491,1.0,-11.51367805740439,-17.244931987018028,-6.430838410907211,0.3555000882921758,0.025617874315883596,-0.11314577929133748,-0.3064059960013971
SPLN24,?,,tierA_p95,Mono/Mac/DC,emt_ecm,42175,16116,ctrl,49.99999999999999,-0.00010259005917336387,23.083561898726526,-316703.7411473165,1.0,49.99999999999999,-8.57621425714642e-05,23.082462704545883,-316705.7494863484,1.0,-316707.72993922787,23.08356803322904,-2.0083390318905003,3.9887919113389216,1.9804528794484213,0.865,-0.047619182735992895,-0.2644566513884853,0.04000799309096518,0.3555000882921758,0.025617874315883596,-0.008614585537246627,-0.004004628093040153
SPLN24,?,,tierA_p95,Mono/Mac/DC,emt_ecm,42175,16116,ctrl+N2,49.99999999999999,-0.00011172301937885559,23.083211294987475,-316702.38172544976,,49.99999999999999,-7.70170585873994e-05,23.079202249955745,-316709.70722954086,,,,-7.325504091058369,,,,,,,,0.025617874315883596,,
SPLN24,?,,tierA_p95,Mono/Mac/DC,il6_jak_stat3,42175,16116,naive,6.999999999999999,-0.0012237830818371083,29.210813091061336,-306816.9788169089,1.0,35.13265199376635,0.0002746882234794779,29.20436717461363,-306826.2865525368,0.0,-306819.41083291866,29.21189911213294,-9.307735627924558,2.4320160097558983,-6.8757196181686595,0.86,-0.22069319805393142,-0.964850880907649,0.08311175819641292,0.38642196136429285,0.026317967749961934,0.0160573346398705,-0.04649990810146724
SPLN24,?,,tierA_p95,Mono/Mac/DC,il6_jak_stat3,42175,16116,ctrl,6.999999999999999,-0.0006659372246854647,27.823010942682238,-308827.86980062764,1.0,49.99999999999999,0.00013227840059075804,27.820688936210114,-308831.3897183625,1.0,-308831.40090897033,27.823320274045194,-3.519917734840419,3.5311083426931873,0.011190607852768153,0.805,-0.08345981588240473,-0.3589794183352325,0.07223046227271326,0.2754188737742184,0.026317967749961934,0.012933570675259161,-0.025303520050902275
SPLN24,?,,tierA_p95,Mono/Mac/DC,il6_jak_stat3,42175,16116,ctrl+N2,6.999999999999999,-0.0006275704641361435,27.813646230422655,-308840.06751714565,,49.99999999999999,0.00011702947434114074,27.811041046476827,-308844.01805200253,,,,-3.9505348568940817,,,,,,,,0.026317967749961934,,
SPLN24,?,,tierA_p95,Mono/Mac/DC,interferon_response,42175,16116,naive,49.99999999999999,0.001145193071903896,20.28203815980602,-322202.5570418404,1.0,22.318425721029357,0.0004542569205883325,20.276434494482967,-322214.21105990553,0.0,-322204.87872541626,20.282845281443397,-11.65401806513546,2.3216835758648813,-9.332334489270579,0.96,-0.27632526532627055,-1.159530651618134,0.004448183923681796,0.6420984149081441,0.021929912219279604,0.01777834106202969,0.052220595340317096
SPLN24,?,,tierA_p95,Mono/Mac/DC,interferon_response,42175,16116,ctrl,6.999999999999999,-0.00018542470565647003,17.571441293107597,-328211.0139341644,1.0,31.763081427768892,6.788027553550258e-05,17.571217160260918,-328211.55190159346,0.0,-328214.95637224044,17.571465275245302,-0.5379674290306866,3.9424380760174245,3.404470646986738,0.76,-0.012755599977016873,-0.2349834220070931,0.055834701245660985,0.42189947345303613,0.021929912219279604,0.004154385890953258,-0.00845533277990047
SPLN24,?,,tierA_p95,Mono/Mac/DC,interferon_response,42175,16116,ctrl+N2,9.962242533302096,-7.491314779975231e-05,17.568902986630185,-328215.10682130395,,31.763081427768892,6.153086002272544e-05,17.564729057152555,-328225.1277309741,,,,-10.020909670133015,,,,,,,,0.021929912219279604,,
SPLN24,?,,tierA_p95,Mono/Mac/DC,oxidative_stress,42175,16116,naive,6.999999999999999,-0.002776341937252737,52.82139346108591,-281833.464680687,1.0,14.178039470333344,-0.0005609476232070596,52.82362993888316,-281831.6790130223,0.0,-281833.00198237953,52.826982990787606,1.7856676647206768,-0.4626983074704185,1.3229693572502583,0.405,0.042339482269607036,-0.2274997162914214,0.1993747509190529,0.7203961010936621,0.03539161317494274,-0.007966952611738428,-0.07844632352446541
SPLN24,?,,tierA_p95,Mono/Mac/DC,oxidative_stress,42175,16116,ctrl,6.999999999999999,0.00032337914140198555,50.93939055081622,-283321.56450408796,1.0,49.99999999999999,0.0001367584575524373,50.936650762985124,-283323.8329579917,1.0,-283325.5040631657,50.939463552024364,-2.268453903729096,3.9395590777276084,1.6711051739985123,0.745,-0.05378669599831882,-0.24861199354038385,0.10647395646163241,0.2754188737742184,0.03539161317494274,0.009943417877883144,0.009137168735269766
SPLN24,?,,tierA_p95,Mono/Mac/DC,oxidative_stress,42175,16116,ctrl+N2,19.185852382096297,7.22278064155431e-05,50.937142814122154,-283321.4255469004,,49.99999999999999,0.0001456743863966419,50.93332261635439,-283324.5887177027,,,,-3.1631708022571927,,,,,,,,0.03539161317494274,,
SPLN24,?,,tierA_p95,Mono/Mac/DC,secondary_senescence,42175,16116,naive,49.99999999999999,-0.0051565918045632445,13.882220482490865,-338192.227944144,1.0,49.99999999999999,-0.0006680537506909488,13.773949687098037,-338522.4503933291,1.0,-338146.5404178947,13.898585145789268,-330.22244918509386,-45.68752624926856,-375.9099754343624,1.0,-7.829815036990963,-12.494017307588212,-4.290552383666185,0.3555000882921758,0.018153390518949188,-0.09469684548470646,-0.28405667794655465
SPLN24,?,,tierA_p95,Mono/Mac/DC,secondary_senescence,42175,16116,ctrl,49.99999999999999,-0.0007178366061434363,12.14841443098122,-343776.80556033645,1.0,49.99999999999999,-3.518915268134688e-05,12.148528638352735,-343776.40907458274,1.0,-343779.76298505603,12.148714746171079,0.3964857537066564,2.9574247195851058,3.353910473291762,0.565,0.00940096630009855,-0.12662543333413023,0.13417659841329396,0.3555000882921758,0.018153390518949188,-0.00498807431401552,-0.0395428394136395
SPLN24,?,,tierA_p95,Mono/Mac/DC,secondary_senescence,42175,16116,ctrl+N2,49.99999999999999,-0.0007159350929820811,12.148398956276992,-343774.85928307293,,49.99999999999999,-3.2944241847430566e-05,12.148319922321406,-343775.13366226736,,,,-0.2743791944533135,,,,,,,,0.018153390518949188,,
SPLN24,?,,tierA_p95,Mono/Mac/DC,tnfa_nfkb_proximal,42175,16116,naive,6.999999999999999,-0.000902839317593739,14.566880172564145,-336161.8580276373,1.0,49.99999999999999,-5.8997746235878894e-05,14.566499205710631,-336162.96104262496,1.0,-336164.146712382,14.567471258041927,-1.103014987660572,2.2886847446789034,1.1856697570183314,0.82,-0.026153289571086473,-0.8372103417254131,0.05832924158021616,0.2754188737742184,0.018585084469626173,-0.008168696077815642,-0.04857870401507625
SPLN24,?,,tierA_p95,Mono/Mac/DC,tnfa_nfkb_proximal,42175,16116,ctrl,6.999999999999999,-0.0007163577256650123,13.129307212850893,-340501.9901325324,1.0,6.999999999999999,-0.0004251440390404842,13.12934098478189,-340501.8816478016,1.0,-340504.8396269979,13.129665376375398,0.10848473076475784,2.849494465510361,2.9579791962751187,0.66,0.0025722520631833515,-0.15137478652360506,0.04780356800960692,0.9047901144408413,0.018585084469626173,-0.004849221934061647,-0.038544765658569895
SPLN24,?,,tierA_p95,Mono/Mac/DC,tnfa_nfkb_proximal,42175,16116,ctrl+N2,6.999999999999999,-0.00071288843418759,13.129225950062267,-340500.2511721029,,35.13265199376635,5.247412378252886e-05,13.12921896426814,-340500.2736125687,,,,-0.022440465780324482,,,,,,,,0.018585084469626173,,
SPLN24,?,,tierA_p95,Neutrophils,downstream_arrest,11361,16116,naive,49.99999999999999,0.001998971595525024,1.9581813447919356,-98445.58028022718,1.0,49.99999999999999,0.00017423305068764805,1.9563033743396339,-98456.4811397151,1.0,-98445.70354472398,1.9588496527308417,-10.900859487926937,0.12326449679676443,-10.777594991130172,0.87,-0.9594982385289091,-3.325641761502922,0.35568017554492887,0.37371118094052114,0.013130832821839297,0.03605391165520736,0.15223494370045476
SPLN24,?,,tierA_p95,Neutrophils,downstream_arrest,11361,16116,ctrl,49.99999999999999,0.0008804390668206985,1.7742076538322864,-99524.4818312058,1.0,49.99999999999999,-0.00016461886971864587,1.7731209625113624,-99531.44250602253,1.0,-99527.70538033496,1.7743289135940574,-6.9606748167279875,3.223549129150342,-3.7371256875776453,0.815,-0.6126815259860917,-1.72710535143018,0.4211612842353663,0.37371118094052114,0.013130832821839297,-0.03406445655512426,0.06705127379957915
SPLN24,?,,tierA_p95,Neutrophils,downstream_arrest,11361,16116,ctrl+N2,49.99999999999999,0.0008880072452729644,1.7740534598576259,-99523.46924317528,,49.99999999999999,-0.000168800219378041,1.773016534582341,-99530.11163162914,,,,-6.642388453883542,,,,,,,,0.013130832821839297,,
SPLN24,?,,tierA_p95,Neutrophils,emt_ecm,11361,16116,naive,49.99999999999999,0.0012754418521731799,6.099229472456682,-85537.82227919763,1.0,49.99999999999999,-0.00023595439594052944,6.094831716306582,-85546.01690919236,1.0,-85541.31550254098,6.09950154499076,-8.194629994730349,3.4932233433501096,-4.701406651380239,0.94,-0.7212947799252133,-2.264533038333646,0.1360648441361196,0.37371118094052114,0.023170686055440735,-0.027669626790544213,0.05504549364944879
SPLN24,?,,tierA_p95,Neutrophils,emt_ecm,11361,16116,ctrl,11.58882939190469,0.0014602454507682274,5.47447743854686,-86723.55580025223,0.0,9.472463873139185,0.0007029687286287321,5.474621627030725,-86723.25657465284,0.0,-86726.07002042327,5.475193431861255,0.29922559938859195,2.514220171040506,2.813445770429098,0.64,0.026337963153647736,-0.6574107917309295,0.29746754531275,0.8592535958855938,0.023170686055440735,0.01003898808194175,0.06302124361839188
SPLN24,?,,tierA_p95,Neutrophils,emt_ecm,11361,16116,ctrl+N2,7.742591489922676,0.0015877205744735932,5.473134963111489,-86724.34213629302,,6.999999999999999,0.0009471921027900611,5.4732739780082875,-86724.05357622715,,,,0.28856006588251454,,,,,,,,0.023170686055440735,,
SPLN24,?,,tierA_p95,Neutrophils,il6_jak_stat3,11361,16116,naive,6.999999999999999,-0.0009517009879795004,8.174992974897188,-82209.98758153901,1.0,23.47241150476913,0.0002369052433543475,8.174619069454929,-82210.50721952415,0.0,-82213.7037333782,8.175197225025551,-0.5196379851404345,3.7161518391949357,3.1965138540545013,0.685,-0.04573875408330556,-1.1998677691872346,0.2944389922429444,0.5370719844792159,0.026825068487511827,0.00840955931013729,-0.03547804503787486
SPLN24,?,,tierA_p95,Neutrophils,il6_jak_stat3,11361,16116,ctrl,6.999999999999999,-0.0009867896392652582,7.908749684418935,-82544.15206234368,1.0,49.99999999999999,0.00033107210738672735,7.904068405426141,-82550.87875860852,1.0,-82547.84851499963,7.90896099610214,-6.726696264842758,3.6964526559459046,-3.0302436088968534,0.87,-0.5920866354055768,-2.1435943697791293,0.1643799685721724,0.2808709373889577,0.026825068487511827,0.033534811943996136,-0.036786099528053895
SPLN24,?,,tierA_p95,Neutrophils,il6_jak_stat3,11361,16116,ctrl+N2,17.345738419684505,-0.00010056449134915221,7.904760645789255,-82547.88380284743,,49.99999999999999,0.0003590847466602191,7.899131972240309,-82555.97641198355,,,,-8.092609136117902,,,,,,,,0.026825068487511827,,
SPLN24,?,,tierA_p95,Neutrophils,interferon_response,11361,16116,naive,27.304873519796445,0.0016562511284938465,4.723917606272666,-88440.8303357706,0.0,11.58882939190469,0.0008848416145994404,4.723193501730046,-88442.57193733129,0.0,-88442.82999407858,4.7247494240063945,-1.7416015606868314,1.99965830797737,0.2580567472905386,0.89,-0.15329650212893509,-1.4416261791227483,0.11073440337699271,0.8148020568035859,0.020392999587623906,0.018146988288754506,0.0812166509049397
SPLN24,?,,tierA_p95,Neutrophils,interferon_response,11361,16116,ctrl,16.49296129703063,0.000630571352391987,4.4623657311979406,-89045.94605939857,0.0,49.99999999999999,0.00013327597587685803,4.46171389332531,-89047.60573308945,1.0,-89049.58720201385,4.462506685179718,-1.65967369088321,3.6411426152772037,1.9814689243939938,0.865,-0.14608517655868408,-1.051392573076884,0.10689016113568182,0.34100603255543804,0.020392999587623906,0.01775762507093039,0.030920971172075488
SPLN24,?,,tierA_p95,Neutrophils,interferon_response,11361,16116,ctrl+N2,11.58882939190469,0.0005836371836824699,4.461457533774145,-89046.25852809298,,49.99999999999999,0.00014325265595193713,4.4611067888664335,-89047.15172712287,,,,-0.8931990298916034,,,,,,,,0.020392999587623906,,
SPLN24,?,,tierA_p95,Neutrophils,oxidative_stress,11361,16116,naive,49.99999999999999,-0.004264157386407406,17.313337120196717,-73684.72409654032,1.0,9.472463873139185,-0.0004049502973235667,17.316174225579147,-73682.86254244561,0.0,-73686.72870805975,17.316378214065487,1.861554094706662,2.0046115194272716,3.8661656141339336,0.47,0.16385477464190318,-0.7346875573416921,0.6346258284372929,0.8226001672111255,0.03904093871890951,-0.0034322135082990807,-0.10922271662061331
SPLN24,?,,tierA_p95,Neutrophils,oxidative_stress,11361,16116,ctrl,49.99999999999999,-0.0036700327914763243,16.96859951146733,-73871.22320614978,1.0,49.99999999999999,0.00034892314339892745,16.965272267226425,-73873.45111708128,1.0,-73873.81262647409,16.970706460466054,-2.227910931498627,2.5894203243078664,0.3615093928092392,0.615,-0.19610165755643227,-1.4732395202839932,0.6181074278790294,0.37371118094052114,0.03904093871890951,0.024284191348329542,-0.09400472713543478
SPLN24,?,,tierA_p95,Neutrophils,oxidative_stress,11361,16116,ctrl+N2,49.99999999999999,-0.0036403234311257744,16.966474368808594,-73870.64614371947,,49.99999999999999,0.000353397293488659,16.965146316825294,-73871.53546160557,,,,-0.8893178860963573,,,,,,,,0.03904093871890951,,
SPLN24,?,,tierA_p95,Neutrophils,secondary_senescence,11361,16116,naive,49.99999999999999,0.001517353937603187,4.256044730385813,-89625.76212601413,1.0,49.99999999999999,-6.8437091205648e-05,4.256036947130359,-89625.78290249834,1.0,-89628.73428037752,4.256429798152515,-0.020776484205271117,2.9721543633932015,2.9513778791879304,0.665,-0.0018287548811962958,-0.8340171591254439,0.36514991232321636,0.37371118094052114,0.019355948482920944,-0.00960707555556573,0.07839212523548812
SPLN24,?,,tierA_p95,Neutrophils,secondary_senescence,11361,16116,ctrl,6.999999999999999,0.0019636469583064007,4.124085325354767,-89941.58825077402,1.0,19.185852382096297,0.0003599908929161073,4.124230477372437,-89941.18839409723,0.0,-89943.2803193876,4.1249231981482115,0.3998566767841112,1.692068613585434,2.091925290369545,0.485,0.03519555292528045,-0.4986260380733187,0.3222362598773495,0.6119458835627356,0.019355948482920944,0.013899833946772248,0.10144927591317002
SPLN24,?,,tierA_p95,Neutrophils,secondary_senescence,11361,16116,ctrl+N2,6.999999999999999,0.001958065195471344,4.12407452118836,-89939.61801405136,,17.345738419684505,0.0004046699966642713,4.124067768019134,-89939.63661769636,,,,-0.018603645012883124,,,,,,,,0.019355948482920944,,
SPLN24,?,,tierA_p95,Neutrophils,tnfa_nfkb_proximal,11361,16116,naive,49.99999999999999,0.0019194235215655258,4.117321171854528,-90002.23738916998,1.0,6.999999999999999,0.000726270317207061,4.117622809539804,-90001.40510524632,1.0,-90004.53728975262,4.117937348167597,0.8322839236643631,2.2999005826422945,3.1321845063066576,0.53,0.07325798113408706,-1.092218891486665,0.5287297120123424,0.8226334679746014,0.01903844998829565,0.008739712099009134,0.10081826633180327
SPLN24,?,,tierA_p95,Neutrophils,tnfa_nfkb_proximal,11361,16116,ctrl,6.999999999999999,0.001388241959761883,4.05610525265676,-90130.41988703949,1.0,6.999999999999999,0.0006333753949395467,4.056297297242716,-90129.88199002857,1.0,-90133.24688095207,4.056524061017006,0.5378970109159127,2.826993912574835,3.364890923490748,0.465,0.04734592121432204,-0.38467201052856675,0.37816106158493484,0.904017786697127,0.01903844998829565,0.007621843370461827,0.07291780373625063
SPLN24,?,,tierA_p95,Neutrophils,tnfa_nfkb_proximal,11361,16116,ctrl+N2,49.99999999999999,0.001593737219034449,4.055600362476137,-90129.83415368614,,49.99999999999999,5.779155774352694e-05,4.0558115847818135,-90129.2424696166,,,,0.591684069540175,,,,,,,,0.01903844998829565,,
SPLN24,?,,tierA_p95,Plasma cells,downstream_arrest,8945,16116,naive,49.99999999999999,0.0012406405431551614,1.6631423771872798,-76830.81289742887,1.0,49.99999999999999,0.0002510253600854269,1.6599256357468675,-76848.13048530837,1.0,-76833.72762725991,1.6633441735325274,-17.317587879500934,2.914729831041768,-14.402858048459166,1.0,-1.9360075885411887,-5.347575918129624,-0.17201491453877,0.3315841126028922,0.013636436302377175,0.04533453146539312,0.09097982167437005
SPLN24,?,,tierA_p95,Plasma cells,downstream_arrest,8945,16116,ctrl,15.682109678112967,0.0007266451360667109,1.5103438434608236,-77650.85574492521,0.0,49.99999999999999,8.178580515342438e-05,1.510285899970889,-77651.19892138943,1.0,-77654.0025757868,1.5104879060890586,-0.3431764642155031,3.1468308615876595,2.8036543973721564,0.635,-0.038365172075517394,-0.8139115564374605,0.3537333531552551,0.3041947963998101,0.013636436302377175,0.014770305103391333,0.05328702601622912
SPLN24,?,,tierA_p95,Plasma cells,downstream_arrest,8945,16116,ctrl+N2,14.911122358641625,0.0007264132710925758,1.510343469324729,-77648.85796074367,,49.99999999999999,8.050186259977697e-05,1.5102772045289494,-77649.25042220265,,,,-0.39246145898052165,,,,,,,,0.013636436302377175,,
SPLN24,?,,tierA_p95,Plasma cells,emt_ecm,8945,16116,naive,6.999999999999999,-0.006093474530446941,6.347217532132753,-64850.705326400355,1.0,49.99999999999999,-0.0006384047558959053,6.33111306711771,-64873.429850880784,1.0,-64846.24523222787,6.353223508612762,-22.724524480428954,-4.460094172485697,-27.18461865291465,0.995,-2.540472272826043,-6.355669912226512,-0.31676290748930147,0.2584434039967434,0.02665059408907194,-0.05899315730044471,-0.22864310303374902
SPLN24,?,,tierA_p95,Plasma cells,emt_ecm,8945,16116,ctrl,6.999999999999999,-0.0009353422186839345,5.735579534646846,-65715.08191806111,1.0,6.999999999999999,-0.0008527532908644884,5.735401688985655,-65715.35928394787,1.0,-65718.87059542336,5.7357150373985135,-0.2773658867517952,3.7886773622449255,3.5113114754931303,0.655,-0.031007924734689232,-0.5228136244638144,0.3737764399941463,0.8955768395901622,0.02665059408907194,-0.007241460637269052,-0.03509648661199544
SPLN24,?,,tierA_p95,Plasma cells,emt_ecm,8945,16116,ctrl+N2,6.999999999999999,-0.00094695521788812,5.735528432505966,-65713.16161544545,,6.999999999999999,-0.0008495044306809695,5.735391211828549,-65713.37562426037,,,,-0.21400881491721993,,,,,,,,0.02665059408907194,,
SPLN24,?,,tierA_p95,Plasma cells,il6_jak_stat3,8945,16116,naive,49.99999999999999,-0.0026815161852796238,5.369402601814152,-66347.20273475224,1.0,38.85968176362148,-0.0002586976676252875,5.368588759707921,-66348.5586340837,0.0,-66349.63237752893,5.370345320689682,-1.35589933146548,2.42964277669671,1.07374344523123,0.765,-0.1515818145852968,-1.5201925408034993,0.4632911865063991,0.4289765170380405,0.02450253023219704,-0.01808549956885544,-0.10943833799035967
SPLN24,?,,tierA_p95,Plasma cells,il6_jak_stat3,8945,16116,ctrl,6.999999999999999,0.001210543656944091,5.127772603988496,-66717.0777675614,1.0,36.94920399670096,-0.0001070510382121604,5.127823057391409,-66716.98975596188,0.0,-66720.68197664802,5.127999498421537,0.08801159950962756,3.6042090866249055,3.692220686134533,0.565,0.009839195026230024,-0.5455552968064737,0.43597237577223397,0.36454826337949314,0.02450253023219704,-0.006986680483762624,0.04940484290491749
SPLN24,?,,tierA_p95,Plasma cells,il6_jak_stat3,8945,16116,ctrl+N2,6.999999999999999,0.0012496961788068448,5.1272156936440885,-66716.04930704852,,6.999999999999999,0.0006176985534732246,5.127567416176719,-66715.4357088823,,,,0.6135981662244929,,,,,,,,0.02450253023219704,,
SPLN24,?,,tierA_p95,Plasma cells,interferon_response,8945,16116,naive,45.204502969779604,-0.0015047545559353926,3.5640790378921974,-70012.96185154321,0.0,23.47241150476913,0.00020234287474900592,3.5641117859638958,-70012.87966196422,0.0,-70016.12310159414,3.5644132482073165,0.08218957898498047,3.16125005093636,3.2434396299213404,0.595,0.009188326325878196,-1.452918789611176,0.8360254164256984,0.6220065933107728,0.019961990847973274,0.009196497111228,-0.07538098616114676
SPLN24,?,,tierA_p95,Plasma cells,interferon_response,8945,16116,ctrl,49.99999999999999,-0.0013676046089862225,3.316785519957601,-70614.193125834,1.0,7.361938632551805,0.0007050592292292872,3.316775664995737,-70614.21970360464,0.0,-70617.56308513934,3.3170191458322895,-0.02657777063723188,3.3699593053315766,3.3433815346943447,0.545,-0.0029712432238381084,-0.6661296888337097,0.7738754181564811,0.8151235906529224,0.019961990847973274,0.00852487285471019,-0.06851043161642187
SPLN24,?,,tierA_p95,Plasma cells,interferon_response,8945,16116,ctrl+N2,49.99999999999999,-0.0013609643385496042,3.316782024270031,-70612.20255331781,,7.742591489922676,0.0006718094172953043,3.3166663311783258,-70612.51457043167,,,,-0.3120171138619979,,,,,,,,0.019961990847973274,,
SPLN24,?,,tierA_p95,Plasma cells,oxidative_stress,8945,16116,naive,49.99999999999999,0.0023235218498756077,10.470956378377238,-60372.93822064886,1.0,13.48099749887925,0.00041585248794355413,10.471295739334218,-60372.64832023667,0.0,-60376.333584378575,10.471664185419314,0.28990041218639817,3.395363729716337,3.685264141902735,0.535,0.03240921321256547,-0.9657075409836765,0.3823581944340607,0.7729830732029169,0.0342150895313741,0.005931699204737359,0.06790927282762496
SPLN24,?,,tierA_p95,Plasma cells,oxidative_stress,8945,16116,ctrl,49.99999999999999,0.0034098436375007025,10.203112126942528,-60562.72625869917,1.0,6.999999999999999,0.0016293426814378233,10.203419872678747,-60562.4564641441,1.0,-60565.45167085252,10.20456608885356,0.26979455506807426,2.725412153347861,2.9952067084159353,0.545,0.030161493020466657,-0.4702457763707938,0.3938426809499917,0.8126622990119171,0.0342150895313741,0.010777162179601297,0.09965905932452201
SPLN24,?,,tierA_p95,Plasma cells,oxidative_stress,8945,16116,ctrl+N2,6.999999999999999,0.0022576147183692224,10.19760305247404,-60565.557331716474,,6.999999999999999,0.001559290081486342,10.19858863838021,-60564.69285014353,,,,0.8644815729495158,,,,,,,,0.0342150895313741,,
SPLN24,?,,tierA_p95,Plasma cells,secondary_senescence,8945,16116,naive,6.999999999999999,-0.0020962758141916185,2.800213140376792,-72170.58664555533,1.0,49.99999999999999,-0.0002214553939313829,2.798263356858071,-72176.81720284665,1.0,-72172.31633841529,2.800923945376784,-6.230557291317382,1.7296928599535022,-4.50086443136388,0.865,-0.6965407815894222,-2.9774157849994185,0.3743032536130594,0.2584434039967434,0.017695404137781565,-0.030820394834502992,-0.11846442148203798
SPLN24,?,,tierA_p95,Plasma cells,secondary_senescence,8945,16116,ctrl,49.99999999999999,0.0003721937904615112,2.680088114321763,-72520.7878935489,1.0,49.99999999999999,-5.0368260070168346e-05,2.68002893864561,-72520.98539909514,1.0,-72524.73010723089,2.6801054282316916,-0.19750554623897187,3.9422136819921434,3.7447081357531715,0.48,-0.022079993989823573,-0.7065972647531701,0.4946427442376421,0.3315841126028922,0.017695404137781565,-0.007009852570899744,0.021033359144694785
SPLN24,?,,tierA_p95,Plasma cells,secondary_senescence,8945,16116,ctrl+N2,49.99999999999999,0.0005063357404412492,2.678705424779237,-72523.40391696616,,15.682109678112967,-9.296221459409029e-06,2.678553468183468,-72523.91135996144,,,,-0.507442995262184,,,,,,,,0.017695404137781565,,
SPLN24,?,,tierA_p95,Plasma cells,tnfa_nfkb_proximal,8945,16116,naive,36.94920399670096,-0.0007372087454053946,2.7206070578236314,-72428.5648949551,0.0,49.99999999999999,-4.91764169259718e-05,2.7205751803824465,-72428.66970442439,1.0,-72432.23835612192,2.7207063758862,-0.10480946929601487,3.673461166821653,3.568651697525638,0.725,-0.01171710109513861,-0.889643773859619,0.2721717756337711,0.32737496542576877,0.017440168023605217,-0.006944142726041912,-0.04227073640376136
SPLN24,?,,tierA_p95,Plasma cells,tnfa_nfkb_proximal,8945,16116,ctrl,49.99999999999999,-0.00029377936313205544,2.5987460002328495,-72796.4786201751,1.0,49.99999999999999,-4.3077534445102575e-05,2.5987007456078683,-72796.63438997525,1.0,-72800.4415104525,2.5987567815568515,-0.15576980015612207,3.962890277398401,3.807120477242279,0.615,-0.01741417553450219,-0.5015830250280561,0.33125592060899467,0.3315841126028922,0.017440168023605217,-0.0060829268615297276,-0.016844984676614407
SPLN24,?,,tierA_p95,Plasma cells,tnfa_nfkb_proximal,8945,16116,ctrl+N2,6.999999999999999,-4.459881118243096e-05,2.5981535382800063,-72796.51813321623,,49.99999999999999,-3.5381436918847726e-05,2.598390257027105,-72795.70318802277,,,,0.8149451934480328,,,,,,,,0.017440168023605217,,
SPLN24,?,,tierA_p95,Stromal,downstream_arrest,42921,16116,naive,49.99999999999999,0.0024323391007893295,6.4187689135913235,-378035.4533139152,1.0,45.204502969779604,0.0002541832310826764,6.408153702801127,-378106.4938245608,0.0,-378011.96870918607,6.422880509854387,-71.0405106456019,-23.48460472910665,-94.52511537470855,1.0,-1.6551457478996738,-4.0207548153170505,-0.27487597050687546,0.428440492509172,0.0122329163316054,0.047883884779515065,0.19883558708778346
SPLN24,?,,tierA_p95,Stromal,downstream_arrest,42921,16116,ctrl,12.818224546846722,3.299937381127903e-05,5.90783324749881,-381553.6301666805,0.0,49.99999999999999,-6.570423080829559e-05,5.907170986196465,-381558.44183103973,1.0,-381557.6205313612,5.907834573746238,-4.811664359236602,3.990364680706989,-0.8212996785296127,0.89,-0.11210513173590088,-0.41597220448690564,0.023006579461975773,0.33398942341298454,0.0122329163316054,-0.014458954316725206,0.002697588450214695
SPLN24,?,,tierA_p95,Stromal,downstream_arrest,42921,16116,ctrl+N2,38.85968176362148,2.719445681235701e-05,5.907556996066073,-381553.6372079212,,49.99999999999999,-6.982699649001152e-05,5.906965278076112,-381557.936514703,,,,-4.299306781779622,,,,,,,,0.0122329163316054,,
SPLN24,?,,tierA_p95,Stromal,emt_ecm,42921,16116,naive,49.99999999999999,-0.023661686795005393,52.59197647616716,-287758.1161369261,1.0,49.99999999999999,-0.001890857057294129,51.868993986930924,-288352.24477223406,1.0,-287445.7409868696,52.98106965996547,-594.1286353079486,-312.37515005649766,-906.5037853644462,1.0,-13.84237634975766,-36.876191492355325,-3.0634685214905795,0.39613051655425524,0.0351338259232291,-0.14487945684862621,-0.6734731038411547
SPLN24,?,,tierA_p95,Stromal,emt_ecm,42921,16116,ctrl,6.999999999999999,0.0006840770138473031,41.82792295616909,-297545.00109335274,1.0,49.99999999999999,0.00025106539865050656,41.8185555291398,-297554.61439314694,1.0,-297548.66875802656,41.828246829103904,-9.613299794204067,3.6676646738196723,-5.945635120384395,0.835,-0.2239766033923736,-0.7623717459150886,0.08012842113338074,0.2823845400203892,0.0351338259232291,0.01923689495705284,0.01947060975717842
SPLN24,?,,tierA_p95,Stromal,emt_ecm,42921,16116,ctrl+N2,6.999999999999999,0.000685174754279687,41.827905167481504,-297543.0193469108,,49.99999999999999,0.0002589389656776659,41.817808009982095,-297553.3816256858,,,,-10.362278774950152,,,,,,,,0.0351338259232291,,
SPLN24,?,,tierA_p95,Stromal,il6_jak_stat3,42921,16116,naive,49.99999999999999,0.01255011274573117,26.317347813401387,-317473.83676783915,1.0,28.716686174618605,0.001524248737417657,26.282637750048327,-317530.48282313603,0.0,-317299.6876904871,26.426808325296363,-56.64605529687833,-174.14907735207817,-230.7951326489565,0.88,-1.319774825770097,-7.648342432662019,0.29204591883302267,0.5825272355157136,0.024813466555234517,0.07386113180807725,0.5057782924964946
SPLN24,?,,tierA_p95,Stromal,il6_jak_stat3,42921,16116,ctrl,28.716686174618605,0.0008331530121463662,23.99975104710333,-321388.50388020754,0.0,49.99999999999999,0.00012006681585356863,23.998262368031654,-321391.1663068335,1.0,-321391.2044982378,24.000477621876396,-2.6624266259605065,2.7006180302705616,0.03819140431005508,0.76,-0.062030861954765884,-0.29515814813533103,0.06430559965724848,0.37922208816316266,0.024813466555234517,0.013025941021008347,0.03357664719108069
SPLN24,?,,tierA_p95,Stromal,il6_jak_stat3,42921,16116,ctrl+N2,20.177866835741543,0.0007615766922436148,23.999495219374865,-321386.9614033058,,49.99999999999999,0.00010668261541110682,23.99606998120987,-321393.0875796271,,,,-6.126176321285867,,,,,,,,0.024813466555234517,,
SPLN24,?,,tierA_p95,Stromal,interferon_response,42921,16116,naive,49.99999999999999,0.011953697806197584,18.02890395506992,-333708.79468463856,1.0,21.2211739115045,0.001751758277990887,18.041139796860886,-333679.674975815,0.0,-333477.03260644013,18.128207960257317,29.119708823563997,-231.76207819842966,-202.64236937486567,0.3,0.6784489835643157,-4.258302869865323,1.7242112170851456,0.6790852193403433,0.020551452488706764,0.06930303504979216,0.5816473464434992
SPLN24,?,,tierA_p95,Stromal,interferon_response,42921,16116,ctrl,14.178039470333344,0.0012760361582655002,15.254889230570573,-340837.87176461,0.0,12.818224546846722,0.0004316093627289052,15.255572818945593,-340835.9484704559,0.0,-340836.1143741957,15.256935647101049,1.9232941541122273,-1.7573904143064283,0.16590373980579898,0.38,0.044810096552089354,-0.3372393700876723,0.16706097061554087,0.8052881046456329,0.020551452488706764,0.009254098699055783,0.062089828390699174
SPLN24,?,,tierA_p95,Stromal,interferon_response,42921,16116,ctrl+N2,12.18803582947357,0.0013068624205752506,15.254778795688864,-340836.1824841861,,49.99999999999999,7.230805856208663e-05,15.253645831127098,-340839.3703231239,,,,-3.1878389377838947,,,,,,,,0.020551452488706764,,
SPLN24,?,,tierA_p95,Stromal,oxidative_stress,42921,16116,naive,6.999999999999999,-0.001301196075311482,39.25556084557891,-300311.24065809627,1.0,30.20149733539872,0.00012348448840622192,39.255706734261324,-300311.08114753605,0.0,-300313.8954995362,39.25679114732339,0.15951056021731347,2.6548414399148896,2.814352000132203,0.59,0.003716375671986055,-0.6141468435853927,0.11915094155755336,0.44680654911633366,0.03024283379964845,0.005255813805372143,-0.04302493886282517
SPLN24,?,,tierA_p95,Stromal,oxidative_stress,42921,16116,ctrl,6.999999999999999,-0.0011734778481410427,37.93046047853284,-301743.0883928852,1.0,49.99999999999999,-0.0001581955035009419,37.92756602926722,-301746.3637920146,1.0,-301746.00931525236,37.931414100909315,-3.27539912937209,2.920922367135063,-0.3544767622370273,0.805,-0.07631227439649799,-0.39989213820114045,0.08602339338544332,0.2823845400203892,0.03024283379964845,-0.014081379652415535,-0.03880184826184779
SPLN24,?,,tierA_p95,Stromal,oxidative_stress,42921,16116,ctrl+N2,6.999999999999999,-0.0011704662038397133,37.93032746749622,-301741.2389045489,,49.99999999999999,-0.00014705367031341525,37.92608271772814,-301746.04242489854,,,,-4.803520349589912,,,,,,,,0.03024283379964845,,
SPLN24,?,,tierA_p95,Stromal,secondary_senescence,42921,16116,naive,49.99999999999999,0.0058688415244675125,17.912021312381942,-333987.9604298276,1.0,16.49296129703063,0.0010238205513887551,17.91994096235467,-333968.9874637697,0.0,-333934.640956031,17.93595816164848,18.972966057946905,-53.31947379664052,-34.34650773869362,0.175,0.4420438959471332,-0.5691642491681118,0.9563581116762995,0.7461658250895372,0.02044218786485094,0.029883468155126956,0.28709458904208207
SPLN24,?,,tierA_p95,Stromal,secondary_senescence,42921,16116,ctrl,9.962242533302096,0.0007708185253465947,16.260580788791902,-338097.63351005653,0.0,49.99999999999999,0.00012229132468242844,16.25890445733757,-338102.05853842775,1.0,-338099.9952385565,16.26120145826581,-4.425028371217195,2.3617284999927506,-2.0632998712244444,0.795,-0.10309704739445015,-0.3679855915835634,0.08086652125129631,0.3141108264469427,0.02044218786485094,0.01610429916466401,0.03770724202345589
SPLN24,?,,tierA_p95,Stromal,secondary_senescence,42921,16116,ctrl+N2,6.999999999999999,0.0009041317834522198,16.260258099078715,-338096.48528176075,,49.99999999999999,0.00011519546534285737,16.258289490425256,-338101.68198692636,,,,-5.196705165619101,,,,,,,,0.02044218786485094,,
SPLN24,?,,tierA_p95,Stromal,tnfa_nfkb_proximal,42921,16116,naive,49.99999999999999,0.004309517717066076,18.707577158498164,-332122.76106188266,1.0,11.019082036984365,0.0012706010313809854,18.71114538238138,-332114.5752272333,0.0,-332097.1589922771,18.720483987641618,8.18583464936819,-25.60206960554933,-17.416234956181142,0.375,0.1907186377150623,-1.284614126739117,0.7486663172236904,0.8131399657161958,0.020884477789504006,0.0223348208279335,0.20635027412682436
SPLN24,?,,tierA_p95,Stromal,tnfa_nfkb_proximal,42921,16116,ctrl,14.178039470333344,0.0009600894213475793,16.36961330387642,-337810.7947628564,0.0,49.99999999999999,0.00017560733991663243,16.36603043149653,-337820.1900548674,1.0,-337811.7573444591,16.37077178396725,-9.395292011031415,0.9625816027401015,-8.432710408291314,0.84,-0.2188973232457635,-0.8712720791342055,0.10362198264504986,0.34118727461793685,0.020884477789504006,0.02263563068171937,0.045971435387487825
SPLN24,?,,tierA_p95,Stromal,tnfa_nfkb_proximal,42921,16116,ctrl+N2,19.185852382096297,0.000952823688252269,16.368999040778093,-337810.4053861882,,49.99999999999999,0.00016002878599833572,16.36311465884932,-337825.83754323144,,,,-15.432157043289989,,,,,,,,0.020884477789504006,,
SPLN24,?,,tierA_p95,T/NK cells,downstream_arrest,69477,16116,naive,49.99999999999999,0.004900251858005624,13.703438524946437,-592707.5301832845,1.0,49.99999999999999,0.0007475542699773684,13.358512216478179,-594478.7064896533,1.0,-592595.0106865341,13.726439768995604,-1771.1763063687831,-112.51949675043579,-1883.695803119219,1.0,-25.49298769907715,-45.438885478305686,-9.593510506603577,0.3437630020216399,0.014055892456271967,0.1637201754362584,0.3486261632195703
SPLN24,?,,tierA_p95,T/NK cells,downstream_arrest,69477,16116,ctrl,6.999999999999999,0.0005958967382980712,11.480861571755806,-604960.5518527975,1.0,49.99999999999999,9.920864929191397e-05,11.478094999469656,-604977.2959189364,1.0,-604961.887779112,11.481301810217605,-16.74406613886822,1.335926314466633,-15.408139824401587,0.91,-0.24100157086328167,-0.6489513122145517,0.03221339482072585,0.27696936577445525,0.014055892456271967,0.021727462632723796,0.04239479919966075
SPLN24,?,,tierA_p95,T/NK cells,downstream_arrest,69477,16116,ctrl+N2,6.999999999999999,0.0006030678111572592,11.480211135354082,-604962.4881122634,,49.99999999999999,9.540380080772587e-05,11.47787673052751,-604976.6171151352,,,,-14.12900287185773,,,,,,,,0.014055892456271967,,
SPLN24,?,,tierA_p95,T/NK cells,emt_ecm,69477,16116,naive,18.24260882600192,-0.005161066856324691,28.14893280193332,-542693.6325587333,0.0,49.99999999999999,-0.0009285970436784058,27.638252019368036,-543965.665193205,1.0,-542557.000034296,28.20596843472796,-1272.0326344716595,-136.63252443738747,-1408.665158909047,1.0,-18.308686824008802,-39.09123545312126,-5.29360347395075,0.32528335723156754,0.020148836792418325,-0.14187151882408247,-0.25614713689132507
SPLN24,?,,tierA_p95,T/NK cells,emt_ecm,69477,16116,ctrl,6.999999999999999,-0.0015242177509568171,23.716091949603445,-554556.9083448006,1.0,10.477345453252495,-0.0007607684033477761,23.71371643396887,-554563.8678373857,0.0,-554552.4771649326,23.71897012180346,-6.959492585156113,-4.431179867940955,-11.390672453097068,0.98,-0.1001697336551105,-0.3713994421762699,-0.0030210818705087173,0.8015662018951919,0.020148836792418325,-0.014362935837555612,-0.07564792779773308
SPLN24,?,,tierA_p95,T/NK cells,emt_ecm,69477,16116,ctrl+N2,6.999999999999999,-0.0015234035037860875,23.71608410924083,-554554.931313381,,10.477345453252495,-0.0007611388294539487,23.713700181901046,-554561.9154530898,,,,-6.984139708875702,,,,,,,,0.020148836792418325,,
SPLN24,?,,tierA_p95,T/NK cells,il6_jak_stat3,69477,16116,naive,49.99999999999999,0.00033534636681566154,35.617655897946996,-526343.4695023996,1.0,49.99999999999999,0.0003411074757990864,35.541158228252804,-526492.8489070461,1.0,-526347.2593778479,35.617763619283465,-149.3794046465773,3.789875448332168,-145.58952919824515,0.955,-2.150055480901267,-6.68903202731565,0.016013227418422833,0.3437630020216399,0.022641896193484255,0.04637632631659101,0.014810878202743223
SPLN24,?,,tierA_p95,T/NK cells,il6_jak_stat3,69477,16116,ctrl,49.99999999999999,-0.0005398944606907756,34.41713680059039,-528683.617949648,1.0,49.99999999999999,0.00023674442121308112,34.39921144585438,-528719.8128344652,1.0,-528687.0815623335,34.41740251423434,-36.19488481723238,3.4636126855621114,-32.731272131670266,0.95,-0.5209621143289488,-1.212899401382856,0.021289433930231687,0.3437630020216399,0.022641896193484255,0.032187323089562514,-0.02384493136322647
SPLN24,?,,tierA_p95,T/NK cells,il6_jak_stat3,69477,16116,ctrl+N2,6.999999999999999,-0.00037090537700902376,34.4170730724917,-528681.7465960614,,49.99999999999999,0.00023068090914669053,34.398641535610906,-528718.9639068394,,,,-37.21731077795651,,,,,,,,0.022641896193484255,,
SPLN24,?,,tierA_p95,T/NK cells,interferon_response,69477,16116,naive,21.2211739115045,-0.001577760825501295,27.1316730107425,-545250.9177639326,0.0,49.99999999999999,-0.00032649807149043124,27.06655497281308,-545417.8681704873,1.0,-545241.9464001645,27.136738970059085,-166.95040655473713,-8.971363768097945,-175.92177032283507,0.985,-2.4029593470463193,-6.720019930440584,-0.022081786741382253,0.3296375175096402,0.019763247063242555,-0.050855768449804654,-0.07983307704308985
SPLN24,?,,tierA_p95,T/NK cells,interferon_response,69477,16116,ctrl,49.99999999999999,0.0003241720523257012,24.388907448209974,-552613.316143302,1.0,49.99999999999999,0.00020881881379587064,24.374795294850756,-552653.5292547417,1.0,-552617.0431840707,24.389003266833505,-40.213111439719796,3.7270407687174156,-36.48607067100238,0.995,-0.5787974644806165,-1.1719336356428625,-0.06989268377638826,0.3437630020216399,0.019763247063242555,0.03252589270707806,0.01640277284759661
SPLN24,?,,tierA_p95,T/NK cells,interferon_response,69477,16116,ctrl+N2,49.99999999999999,0.0003307917706312914,24.388484434645786,-552612.521198032,,49.99999999999999,0.00019552419484954653,24.37204869812485,-552659.3584918901,,,,-46.837293858223056,,,,,,,,0.019763247063242555,,
SPLN24,?,,tierA_p95,T/NK cells,oxidative_stress,69477,16116,naive,49.99999999999999,0.0007529932021073777,62.356630102887266,-487434.36689120205,1.0,42.98209161773131,-0.0001410656910837292,62.34894364010451,-487442.93158256914,0.0,-487437.76175496244,62.35717322393431,-8.564691367093474,3.3948637603898533,-5.16982760670362,0.835,-0.12327376494513974,-1.6506079181906326,0.07215114058720466,0.3870337944322566,0.029958680475946256,-0.011488034389652957,0.02513439143912962
SPLN24,?,,tierA_p95,T/NK cells,oxidative_stress,69477,16116,ctrl,49.99999999999999,0.0016484849131946225,60.89275152950565,-489042.85265131004,1.0,49.99999999999999,6.719774082060824e-05,60.8937536799164,-489041.709233918,1.0,-489044.0256055488,60.895229329317175,1.1434173920424655,1.1729542387765832,2.3163716308190487,0.455,0.01645749517167502,-0.17222912388526074,0.10689326467344562,0.3437630020216399,0.029958680475946256,0.0069047807346882244,0.055025284390050534
SPLN24,?,,tierA_p95,T/NK cells,oxidative_stress,69477,16116,ctrl+N2,49.99999999999999,0.0016445819681939577,60.89260752095228,-489041.01696141006,,49.99999999999999,6.339416488715399e-05,60.893530658371745,-489039.96369181055,,,,1.053269599518419,,,,,,,,0.029958680475946256,,
SPLN24,?,,tierA_p95,T/NK cells,secondary_senescence,69477,16116,naive,33.40540803599722,-0.005165655399728634,21.1346847151938,-562605.3187902527,0.0,49.99999999999999,-0.0009536963192635358,20.57556126209156,-564468.1007654311,1.0,-562478.9414410973,21.1743823301446,-1862.7819751783973,-126.37734915537294,-1989.1593243337702,1.0,-26.8114912154871,-52.5592579799053,-6.5239885831739,0.3389059491702162,0.017457612385654596,-0.16816792304355874,-0.2958970153145054
SPLN24,?,,tierA_p95,T/NK cells,secondary_senescence,69477,16116,ctrl,6.999999999999999,-0.00024195474146375783,17.059444987342122,-577446.0917101239,1.0,6.999999999999999,-9.05555403282609e-05,17.059489758385734,-577445.9093739626,1.0,-577449.7961333526,17.059517563682437,0.18233616137877107,3.704423228628002,3.886759390006773,0.59,0.002624410400258662,-0.14527201588038297,0.0453123967453823,0.8953409268456083,0.017457612385654596,-0.001181875362906687,-0.013859555138749627
SPLN24,?,,tierA_p95,T/NK cells,secondary_senescence,69477,16116,ctrl+N2,49.99999999999999,3.4356491984254125e-05,17.059414687681443,-577444.2151098825,,49.99999999999999,-8.905827680355973e-06,17.056464090818494,-577456.2328931611,,,,-12.017783278521012,,,,,,,,0.017457612385654596,,
SPLN24,?,,tierA_p95,T/NK cells,tnfa_nfkb_proximal,69477,16116,naive,23.47241150476913,-0.0007698247506203304,20.846640218735388,-563558.7323169456,0.0,49.99999999999999,-5.1673664237403516e-05,20.846029577591917,-563560.7674715632,1.0,-563558.9085892775,20.84778756344714,-2.0351546176243573,0.1762723319698125,-1.8588822856545448,0.74,-0.02929249417252267,-0.6939851377776857,0.07463910853550894,0.33214948501360275,0.01732245563665956,-0.009182854470520939,-0.04444085565713371
SPLN24,?,,tierA_p95,T/NK cells,tnfa_nfkb_proximal,69477,16116,ctrl,23.47241150476913,-0.000241478676413032,19.64689100951564,-567634.8902839207,0.0,49.99999999999999,0.00011081531933243727,19.642990350755763,-567648.6854932809,1.0,-567638.5088100592,19.646998884005875,-13.79520936019253,3.618526138481684,-10.176683221710846,0.935,-0.19855793082879988,-0.5400883188530391,0.026955031128191576,0.33214948501360275,0.01732245563665956,0.01969283513278502,-0.013940210410356015
SPLN24,?,,tierA_p95,T/NK cells,tnfa_nfkb_proximal,69477,16116,ctrl+N2,31.763081427768892,-0.0002661282461168453,19.646803665809472,-567633.1991568187,,49.99999999999999,0.00010229650073831686,19.641856839616256,-567650.69482304,,,,-17.49566622128571,,,,,,,,0.01732245563665956,,
SPLN30,?,,tierA_p95,B cells,downstream_arrest,58343,11691,naive,23.47241150476913,0.0003368885579787746,1.6391646792215793,-611421.266297844,0.0,11.58882939190469,0.00015541162242234264,1.6391323388629884,-611422.4174037571,0.0,-611417.6435093725,1.6393788578192003,-1.1511059131007642,-3.6227884715190157,-4.77389438461978,0.735,-0.01972997468592229,-0.253788681891584,0.10921832259429089,0.8251115728962256,0.005300847211533515,0.012262682816673654,0.06355371971148746
SPLN30,?,,tierA_p95,B cells,downstream_arrest,58343,11691,ctrl,12.18803582947357,0.0002237693321898144,1.630427098976258,-611691.0959648972,0.0,7.361938632551805,0.00018620487293472164,1.630415254999049,-611691.5197898401,0.0,-611692.1149977113,1.630510405865647,-0.4238249429035932,1.0190328140743077,0.5952078711707145,0.7,-0.007264366640446895,-0.12657150489949867,0.08540125541444471,0.897429219808632,0.005300847211533515,0.008071306403641633,0.042213880766215274
SPLN30,?,,tierA_p95,B cells,downstream_arrest,58343,11691,ctrl+N2,12.18803582947357,0.0002236195426763896,1.6304267244975805,-611689.1093651969,,7.361938632551805,0.00018620532833412258,1.6304152469357605,-611689.5200783778,,,,-0.4107131809125696,,,,,,,,0.005300847211533515,,
SPLN30,?,,tierA_p95,B cells,emt_ecm,58343,11691,naive,49.99999999999999,-0.00034805751967528,1.4668143093676924,-617902.815224317,1.0,49.99999999999999,-4.4581560873874e-05,1.4656046453207845,-617950.9498425844,1.0,-617901.7711112883,1.4669411300147779,-48.134618267416954,-1.0441130286781117,-49.178731296095066,1.0,-0.8250281656311289,-1.7832783197968318,-0.2321640779853393,0.4374109589867536,0.005014319057357738,-0.030183920746505777,-0.06941271898028639
SPLN30,?,,tierA_p95,B cells,emt_ecm,58343,11691,ctrl,6.999999999999999,0.0002472032796373713,1.4159093612845963,-619921.5442338034,1.0,6.999999999999999,0.00010715890995793834,1.4159400709604553,-619920.2788454687,1.0,-619923.1403877784,1.415967700729071,1.2653883347520605,1.5961539749987423,2.861542309750803,0.38,0.021688777312652084,-0.14173711557566696,0.08570876129574699,0.9091909750443067,0.005014319057357738,0.004581361434442934,0.04929947152551835
SPLN30,?,,tierA_p95,B cells,emt_ecm,58343,11691,ctrl+N2,6.999999999999999,0.0002447429769403159,1.4158019286913417,-619923.971196265,,6.999999999999999,0.0001069445197694368,1.4158091814125942,-619923.6723236446,,,,0.2988726202653648,,,,,,,,0.005014319057357738,,
SPLN30,?,,tierA_p95,B cells,il6_jak_stat3,58343,11691,naive,15.682109678112967,-0.0003157006381902406,4.727122487214618,-549628.4509162463,0.0,49.99999999999999,-4.221598192819898e-05,4.726121745708531,-549640.8035563492,1.0,-549630.0112451314,4.727320160719852,-12.352640102966689,1.560328885097988,-10.7923112178687,0.975,-0.21172445885481872,-0.4913984576796755,-0.007167350367181926,0.3957956178926443,0.009001463601023909,-0.015921944731123575,-0.03507214516973193
SPLN30,?,,tierA_p95,B cells,il6_jak_stat3,58343,11691,ctrl,14.911122358641625,-0.00015517333610245903,4.714541822251544,-549741.9307440128,0.0,49.99999999999999,-3.446143347448521e-05,4.714301939971924,-549744.8993904758,1.0,-549745.3993550267,4.714584762570138,-2.968646463006735,3.4686110138427466,0.49996455083601177,0.845,-0.05088265024093267,-0.16236363909083038,0.03757379045463281,0.39250816522565785,0.009001463601023909,-0.012997282405257406,-0.01723867839309704
SPLN30,?,,tierA_p95,B cells,il6_jak_stat3,58343,11691,ctrl+N2,17.345738419684505,-0.000153569026919427,4.714534294918916,-549740.0238956985,,49.99999999999999,-2.2896229796747155e-05,4.7140175572215925,-549746.4189451138,,,,-6.395049415421963,,,,,,,,0.009001463601023909,,
SPLN30,?,,tierA_p95,B cells,interferon_response,58343,11691,naive,13.48099749887925,-0.0002372091490880957,3.7611658938230543,-562964.9417114268,0.0,49.99999999999999,-2.3546453925390065e-05,3.7609001968761118,-562969.0633335437,1.0,-562967.2799779406,3.761273021401707,-4.121622116887011,2.338266513776034,-1.7833556031109765,0.91,-0.07064467231522223,-0.360328492161807,0.01800408217044717,0.38547296035064804,0.008029214330539594,-0.0099559981546902,-0.029543257819923095
SPLN30,?,,tierA_p95,B cells,interferon_response,58343,11691,ctrl,13.48099749887925,-8.644521030255746e-05,3.741362559615796,-563230.9415059289,0.0,9.962242533302096,-6.282123920829049e-05,3.741352817240037,-563231.0934292349,0.0,-563234.7391803385,3.7413755341748947,-0.15192330605350435,3.7976744095794857,3.6457511035259813,0.725,-0.002603968017645722,-0.12033160461250526,0.028483790101590866,0.8584321067432277,0.008029214330539594,-0.0026875298313329254,-0.010766334878244766
SPLN30,?,,tierA_p95,B cells,interferon_response,58343,11691,ctrl+N2,6.999999999999999,-7.417412781254084e-05,3.7413302915427566,-563229.4446980879,,49.99999999999999,1.1967510335713342e-06,3.7412686312939574,-563230.4062473925,,,,-0.9615493046960922,,,,,,,,0.008029214330539594,,
SPLN30,?,,tierA_p95,B cells,oxidative_stress,58343,11691,naive,6.999999999999999,-0.00013061682737024253,14.037845901370869,-486125.5786525541,1.0,49.99999999999999,-1.929315073442008e-05,14.037612953938199,-486126.54681853385,1.0,-486129.506535811,14.037863253312883,-0.9681659797788598,3.92788325692527,2.95971727714641,0.725,-0.016594381155903188,-0.10841732551639946,0.04404325653942633,0.3254701320823366,0.015511583154494923,-0.004222594508120147,-0.00842059937150722
SPLN30,?,,tierA_p95,B cells,oxidative_stress,58343,11691,ctrl,6.999999999999999,-0.00022211629121187594,14.01133624157272,-486193.86019546917,1.0,49.99999999999999,-4.085019883944226e-05,14.010985542347116,-486195.32052021154,1.0,-486197.66399936756,14.011383359036177,-1.4603247423656285,3.803803898394108,2.3434791560284793,0.71,-0.025029990613537674,-0.13948377219193803,0.04138159197934282,0.3254701320823366,0.015511583154494923,-0.008940676805437801,-0.014319382424429839
SPLN30,?,,tierA_p95,B cells,oxidative_stress,58343,11691,ctrl+N2,49.99999999999999,-0.00014736326770430018,14.011243738179454,-486192.2453795227,,49.99999999999999,-2.59801799410976e-05,14.010516484073001,-486195.2737536152,,,,-3.028374092546168,,,,,,,,0.015511583154494923,,
SPLN30,?,,tierA_p95,B cells,secondary_senescence,58343,11691,naive,49.99999999999999,-0.00027063097483772335,1.1507233966689607,-632062.7854475258,1.0,49.99999999999999,-2.5524619652740386e-05,1.1503619710076307,-632081.1130227027,1.0,-632062.8981635157,1.1508000697519905,-18.32757517695427,0.11271598993334919,-18.21485918702092,0.995,-0.31413494638524364,-0.7876628643416084,-0.03377737411842482,0.4374109589867536,0.004441253485873892,-0.019511293611335627,-0.06093571907966346
SPLN30,?,,tierA_p95,B cells,secondary_senescence,58343,11691,ctrl,49.99999999999999,-6.164999159491442e-05,1.1422434459338418,-632452.3207075326,1.0,14.911122358641625,2.083840174467377e-05,1.1422406726895362,-632452.4623582372,0.0,-632456.1429356117,1.142246926370587,-0.14165070466697216,3.8222280790796503,3.680577374412678,0.615,-0.002427895457329451,-0.12049672616804438,0.05661688707301059,0.7638801431736816,0.004441253485873892,0.002732723978260512,-0.01388121434120361
SPLN30,?,,tierA_p95,B cells,secondary_senescence,58343,11691,ctrl+N2,49.99999999999999,-6.162314735746652e-05,1.1422433580113542,-632450.3251983983,,15.682109678112967,1.960514291595527e-05,1.1422406324528467,-632450.4644134339,,,,-0.13921503558058507,,,,,,,,0.004441253485873892,,
SPLN30,?,,tierA_p95,B cells,tnfa_nfkb_proximal,58343,11691,naive,15.682109678112967,0.00015099108560843544,1.8453448716512635,-604508.8219524706,0.0,49.99999999999999,-1.4199023031076087e-05,1.8452545163693588,-604511.6787232327,1.0,-604511.3923804061,1.8453900884861525,-2.8567707621259615,2.5704279355704784,-0.28634282655548304,0.755,-0.048965098848635855,-0.2966277094744972,0.06594015869515663,0.3957956178926443,0.005624056997761442,-0.00857118949228654,0.026847360480465873
SPLN30,?,,tierA_p95,B cells,tnfa_nfkb_proximal,58343,11691,ctrl,18.24260882600192,0.0001847859383677283,1.8429547459800366,-604542.4378926125,0.0,11.58882939190469,7.664352763424206e-05,1.8429681785977203,-604542.0126535451,0.0,-604544.4936882938,1.8430161610645872,0.42523906740825623,2.0557956813136116,2.481034748721868,0.615,0.007288604758210175,-0.13400697300524037,0.09767439611833201,0.8288215424913206,0.005624056997761442,0.00569997642544248,0.032856341677977796
SPLN30,?,,tierA_p95,B cells,tnfa_nfkb_proximal,58343,11691,ctrl+N2,33.40540803599722,0.0002045626730925863,1.8429186395029031,-604541.5809379509,,15.682109678112967,5.5923801440516944e-05,1.8428557318143999,-604543.5724995068,,,,-1.9915615558360416,,,,,,,,0.005624056997761442,,
SPLN30,?,,tierA_p95,Endothelial,downstream_arrest,46561,11691,naive,6.999999999999999,0.0001086123091708906,1.2411985919258608,-490392.98729567294,1.0,49.99999999999999,-1.331414198021953e-05,1.2411665506523581,-490394.18927334336,1.0,-490396.7313458608,1.241205414919774,-1.2019776704255491,3.744050187873654,2.542072517448105,0.75,-0.025815117167276243,-0.22475838799465592,0.056918182910913856,0.2995275235571356,0.005163101718717811,-0.005595686976410257,0.021036252056801777
SPLN30,?,,tierA_p95,Endothelial,downstream_arrest,46561,11691,ctrl,6.999999999999999,0.00041030340149873556,1.2244305182365594,-490984.29448086215,1.0,6.999999999999999,0.00034638325072841245,1.2244008942810711,-490985.4209945001,1.0,-490984.74573613016,1.2245238443452011,-1.1265136379515752,0.45125526800984517,-0.67525836994173,0.845,-0.024194360901861542,-0.2641871522256495,0.052852883240022144,0.9385376278009682,0.005163101718717811,0.010256835088319849,0.07946839395625167
SPLN30,?,,tierA_p95,Endothelial,downstream_arrest,46561,11691,ctrl+N2,6.999999999999999,0.00040924684556878767,1.2244262859609047,-490982.4554204372,,6.999999999999999,0.0003455134793541446,1.2243961661280156,-490983.60079505434,,,,-1.1453746171161028,,,,,,,,0.005163101718717811,,
SPLN30,?,,tierA_p95,Endothelial,emt_ecm,46561,11691,naive,25.962470509255517,0.0006973206552427269,2.0627558923787843,-466741.6111715031,0.0,38.85968176362148,0.0002594334637411871,2.0567637504670766,-466877.06401091546,0.0,-466728.0376600025,2.0635345849787954,-135.45283941237722,-13.573511500610039,-149.02635091298725,1.0,-2.9091479867781453,-5.088377444844768,-1.095056533473811,0.4957995488922157,0.006657247855733415,0.0572816109773701,0.10474608580742986
SPLN30,?,,tierA_p95,Endothelial,emt_ecm,46561,11691,ctrl,49.99999999999999,-3.9826264475386146e-05,1.8672651823238595,-471335.59726155485,1.0,11.019082036984365,3.6983969227763885e-05,1.867262308215582,-471335.66892864305,0.0,-471339.55801958445,1.8672667560700424,-0.07166708819568157,3.960758029599674,3.8890909414039925,0.59,-0.0015392085263564264,-0.09612688599292667,0.04640402527263809,0.8368486515011353,0.006657247855733415,0.0015445264982830178,-0.0059823917228955525
SPLN30,?,,tierA_p95,Endothelial,emt_ecm,46561,11691,ctrl+N2,6.999999999999999,2.5482259297190806e-05,1.8671826038892725,-471335.6564331988,,8.563960425689007,4.902320755754745e-05,1.8671723903754938,-471335.9111231871,,,,-0.2546899883831065,,,,,,,,0.006657247855733415,,
SPLN30,?,,tierA_p95,Endothelial,il6_jak_stat3,46561,11691,naive,25.962470509255517,0.00020406431354220243,3.174778249974427,-446664.74604651454,0.0,9.962242533302096,0.0002036051714992173,3.174729354476059,-446665.463148829,0.0,-446667.76804516214,3.174844936042838,-0.7171023144619539,3.0219986476004124,2.3048963331384584,0.8,-0.015401351226604968,-0.24176369249525576,0.03484966800649259,0.8721349236584002,0.008257529040320682,0.006033690502265514,0.024712515393050926
SPLN30,?,,tierA_p95,Endothelial,il6_jak_stat3,46561,11691,ctrl,18.24260882600192,0.00023127395695896554,3.0644086112379614,-448270.2225527181,0.0,49.99999999999999,-6.071981391271678e-05,3.064055063778339,-448275.5947060534,1.0,-448272.99425081385,3.064489452899039,-5.372153335250914,2.77169809571933,-2.600455239531584,0.89,-0.11537882208824798,-0.4319203483350341,0.059831652086810586,0.3855286336025704,0.008257529040320682,-0.015956264674056562,0.028007646815611603
SPLN30,?,,tierA_p95,Endothelial,il6_jak_stat3,46561,11691,ctrl+N2,49.99999999999999,0.0002632981293964434,3.064126143614588,-448272.51459822245,,49.99999999999999,-3.9852970666867756e-05,3.0634668565578123,-448282.5338879397,,,,-10.019289717230853,,,,,,,,0.008257529040320682,,
SPLN30,?,,tierA_p95,Endothelial,interferon_response,46561,11691,naive,11.58882939190469,0.0003338659495508105,1.7983915758940854,-473127.4618236367,0.0,7.361938632551805,0.0002698393428925162,1.7984354970216554,-473126.3247038479,0.0,-473127.96350756066,1.7985267013964124,1.1371197888511233,0.5016839239397086,1.638803712790832,0.45,0.024422151346644688,-0.26859285932437166,0.10544389687801109,0.9254656947716252,0.006215088187515265,0.0071211378066005915,0.05371861821168597
SPLN30,?,,tierA_p95,Endothelial,interferon_response,46561,11691,ctrl,13.48099749887925,0.0003448287956426031,1.7943074305061282,-473191.3220557268,0.0,12.18803582947357,0.00018367234216461566,1.7943239287069452,-473190.893941133,0.0,-473191.28238254815,1.7944631129452902,0.4281145937857218,-0.03967317863134667,0.38844141515437514,0.495,0.00919470358853379,-0.1171538088294787,0.07634885665802735,0.8645347206802693,0.006215088187515265,0.00932029764033781,0.05548252658422534
SPLN30,?,,tierA_p95,Endothelial,interferon_response,46561,11691,ctrl+N2,12.18803582947357,0.0003573407732010017,1.7942975580843832,-473189.5782387452,,9.962242533302096,0.00023083519027304,1.7943159776574056,-473189.10026376625,,,,0.4779749788986994,,,,,,,,0.006215088187515265,,
SPLN30,?,,tierA_p95,Endothelial,oxidative_stress,46561,11691,naive,36.94920399670096,-0.0008117346613078819,8.814253869317303,-399119.8012272864,0.0,49.99999999999999,-0.00025477805602116036,8.800919590541044,-399190.2924403423,1.0,-399119.0623636908,8.815151007962436,-70.49121305590961,-0.7388635955867358,-71.23007665149635,1.0,-1.5139540185114069,-2.4612139664925623,-0.7342647786563798,0.4147498544197992,0.013759534091636272,-0.040179932270124195,-0.05899434209347976
SPLN30,?,,tierA_p95,Endothelial,oxidative_stress,46561,11691,ctrl,6.999999999999999,0.00014159544032237101,8.726584069213379,-399543.2325330649,1.0,49.99999999999999,-0.00012762496902662309,8.724681426985073,-399553.3852552458,1.0,-399547.17322894454,8.726595184153387,-10.15272218087921,3.940695879631676,-6.212026301247533,0.925,-0.21805206462230642,-0.6871545217379945,0.037759923649336925,0.2995275235571356,0.013759534091636272,-0.020127175360190812,0.010290714741435107
SPLN30,?,,tierA_p95,Endothelial,oxidative_stress,46561,11691,ctrl+N2,6.999999999999999,0.0001322692625366764,8.726252049599447,-399543.0040692371,,49.99999999999999,-9.951739789165631e-05,8.72361077839399,-399557.0993352858,,,,-14.095266048643472,,,,,,,,0.013759534091636272,,
SPLN30,?,,tierA_p95,Endothelial,secondary_senescence,46561,11691,naive,11.019082036984365,0.00033414858217598574,1.425938802685839,-483932.5141446457,0.0,49.99999999999999,8.599980272275667e-05,1.4244457190426245,-483981.29315908405,1.0,-483932.32091739046,1.4260672267897756,-48.779014438332524,-0.1932272552512586,-48.97224169358378,1.0,-1.0476367440203715,-2.1998261660061154,-0.2824728113759461,0.3468164140642477,0.005534250972283943,0.03372015127471958,0.06037828493667082
SPLN30,?,,tierA_p95,Endothelial,secondary_senescence,46561,11691,ctrl,49.99999999999999,-0.00019100163949874272,1.3895721085078507,-485093.39623412804,1.0,28.716686174618605,-5.755069715277167e-05,1.3895115880268496,-485095.42416449945,0.0,-485096.1833754829,1.3896083056792126,-2.027930371405091,2.7871413548709825,0.7592109834658913,0.835,-0.04355427012746915,-0.2695285185785006,0.04438023696685651,0.6269645456696636,0.005534250972283943,-0.009865844973525066,-0.03451264505725969
SPLN30,?,,tierA_p95,Endothelial,secondary_senescence,46561,11691,ctrl+N2,49.99999999999999,-0.00019452914624219658,1.3895262953872876,-485092.9313396888,,28.716686174618605,-5.729184252764658e-05,1.389511246699087,-485093.4356020175,,,,-0.5042623287350606,,,,,,,,0.005534250972283943,,
SPLN30,?,,tierA_p95,Endothelial,tnfa_nfkb_proximal,46561,11691,naive,49.99999999999999,0.00010092691385442825,1.4254778151181329,-483947.56914726645,1.0,49.99999999999999,5.983765466609454e-05,1.4247036518586915,-483972.8628465112,1.0,-483951.21497166296,1.4254886583428423,-25.293699244735762,3.6458243965171278,-21.647874848218635,0.985,-0.543237886745039,-1.2804619064462284,-0.08471049935315278,0.42105988504582476,0.005533128210411267,0.023466846837231305,0.018240479887359422
SPLN30,?,,tierA_p95,Endothelial,tnfa_nfkb_proximal,46561,11691,ctrl,6.999999999999999,-0.00018010364173826347,1.4066007156954612,-484526.2790842005,1.0,49.99999999999999,2.9245927146226064e-05,1.4065179116033042,-484529.0201284626,1.0,-484529.6838863804,1.406618696645845,-2.7410442620748654,3.4048021798953414,0.663757917820476,0.85,-0.058869961170826775,-0.33620290240240647,0.025739083146289657,0.2995275235571356,0.005533128210411267,0.011469528623457093,-0.032550057554572125
SPLN30,?,,tierA_p95,Endothelial,tnfa_nfkb_proximal,46561,11691,ctrl+N2,49.99999999999999,-2.0476768863055557e-05,1.4065775490040104,-484525.04594944627,,49.99999999999999,2.8173790949246175e-05,1.4065163692172926,-484527.07118723256,,,,-2.025237786316685,,,,,,,,0.005533128210411267,,
SPLN30,?,,tierA_p95,Mono/Mac/DC,downstream_arrest,33758,11691,naive,27.304873519796445,-8.328221728573202e-05,1.0526851083242028,-350252.4689030364,0.0,49.99999999999999,-4.417330793139125e-05,1.0522828241771545,-350265.3720054464,1.0,-350256.2286654378,1.052692599746753,-12.903102410025895,3.759762401401531,-9.143340008624364,0.97,-0.3822235443458112,-1.0926131680975764,0.0042131388761359094,0.4136723333796428,0.005584218853148257,-0.019729780166689127,-0.014913852673210598
SPLN30,?,,tierA_p95,Mono/Mac/DC,downstream_arrest,33758,11691,ctrl,6.999999999999999,0.0004406012138158309,1.0345064619714013,-350798.5225060626,1.0,6.999999999999999,0.0003019824033141339,1.0345111928082964,-350798.368129814,1.0,-350800.2137142493,1.0345772168066487,0.1543762485962361,1.691208186734002,1.8455844353302382,0.585,0.004573027092725757,-0.14587077186822564,0.11997749736361456,0.9305947956161561,0.005584218853148257,0.008346265722460255,0.07890113645680787
SPLN30,?,,tierA_p95,Mono/Mac/DC,downstream_arrest,33758,11691,ctrl+N2,6.999999999999999,0.00044223041337957173,1.034502099357422,-350796.6648671194,,49.99999999999999,-2.5256360865625735e-07,1.0344111181669755,-350799.6339070995,,,,-2.9690399800830343,,,,,,,,0.005584218853148257,,
SPLN30,?,,tierA_p95,Mono/Mac/DC,emt_ecm,33758,11691,naive,36.94920399670096,-0.00034601641611647997,1.4260262634676908,-340005.3092450747,0.0,49.99999999999999,-7.881547323109676e-05,1.4248329109249027,-340033.57103917113,1.0,-340006.67781553464,1.4261374262703201,-28.261794096441008,1.368570459948387,-26.89322363649262,1.0,-0.8371880471722557,-1.4647674075942843,-0.2175342297732875,0.42100380771564083,0.006499685369003191,-0.030244325775731017,-0.05323587164901646
SPLN30,?,,tierA_p95,Mono/Mac/DC,emt_ecm,33758,11691,ctrl,20.177866835741543,-0.00024227628433574314,1.3488480376345822,-341841.63193453767,0.0,42.98209161773131,-7.719142987766396e-05,1.3485468829196179,-341849.16985998757,0.0,-341844.1374809777,1.3489077519355335,-7.5379254498984665,2.505546440021135,-5.0323790098773316,0.935,-0.22329301054264075,-0.5875343692087055,0.05013645851007947,0.4504245580543402,0.006499685369003191,-0.02337597662223273,-0.03727507879902565
SPLN30,?,,tierA_p95,Mono/Mac/DC,emt_ecm,33758,11691,ctrl+N2,23.47241150476913,-0.0002444607862409519,1.3488312982401738,-341840.050878679,,38.85968176362148,-7.917958142309966e-05,1.3484494935151978,-341849.6078844095,,,,-9.557005730526335,,,,,,,,0.006499685369003191,,
SPLN30,?,,tierA_p95,Mono/Mac/DC,il6_jak_stat3,33758,11691,naive,42.98209161773131,-0.0002699019508606306,4.038207245544374,-304866.2997466085,0.0,49.99999999999999,-4.377321438919606e-05,4.037865236508216,-304869.15894359443,1.0,-304869.7950182755,4.038267622724549,-2.85919698595535,3.4952716670231894,0.6360746810678393,0.79,-0.08469687143655874,-0.45598644835478835,0.05812517772243141,0.42357970354287344,0.010937276566115811,-0.009982147877054849,-0.02467725390360175
SPLN30,?,,tierA_p95,Mono/Mac/DC,il6_jak_stat3,33758,11691,ctrl,14.178039470333344,-0.00011561199983341969,3.9616904786129203,-305470.0909506117,0.0,49.99999999999999,-4.6483041310337545e-05,3.9615066918881015,-305471.6570538208,1.0,-305473.98857278185,3.9617024932431906,-1.5661032091011293,3.8976221701595932,2.331518961058464,0.8,-0.046392061410662044,-0.35358029531474117,0.042299022257347794,0.38292682652675947,0.010937276566115811,-0.01060010325057512,-0.010570455919622673
SPLN30,?,,tierA_p95,Mono/Mac/DC,il6_jak_stat3,33758,11691,ctrl+N2,6.999999999999999,-0.00017395095784644498,3.961685431691726,-305468.1339560093,,49.99999999999999,-2.0137508412161953e-05,3.960836953949773,-305475.36471165204,,,,-7.230755642741352,,,,,,,,0.010937276566115811,,
SPLN30,?,,tierA_p95,Mono/Mac/DC,interferon_response,33758,11691,naive,49.99999999999999,0.0008986672230174271,2.1198368644042875,-326622.0380654619,1.0,18.24260882600192,0.00028583422876917326,2.1195319828803907,-326626.89359508065,0.0,-326616.7330701714,2.1204212530168136,-4.8555296187405474,-5.304995290527586,-10.160524909268133,0.87,-0.14383345040406859,-0.519410803020527,0.1018074527066369,0.750380910726213,0.00792542790760953,0.02047886012573097,0.11339037253006734
SPLN30,?,,tierA_p95,Mono/Mac/DC,interferon_response,33758,11691,ctrl,49.99999999999999,0.0006324038852611395,2.0653765752416327,-327458.6428228063,1.0,20.177866835741543,0.00016930870145387644,2.0653545026907114,-327459.0035943792,0.0,-327458.38351586286,2.0656371839205363,-0.3607715728576295,-0.25930694345152006,-0.6200785163091496,0.6,-0.010686994871071435,-0.24939039935369808,0.17170763513407997,0.7237556279400689,0.00792542790760953,0.013910233118006907,0.07979428903443159
SPLN30,?,,tierA_p95,Mono/Mac/DC,interferon_response,33758,11691,ctrl+N2,49.99999999999999,0.0006333420095282439,2.0653713754078944,-327456.72781273525,,19.185852382096297,0.00017935824125540393,2.065354418956441,-327457.004963007,,,,-0.27715027172832546,,,,,,,,0.00792542790760953,,
SPLN30,?,,tierA_p95,Mono/Mac/DC,oxidative_stress,33758,11691,naive,49.99999999999999,-0.0031155210582557956,9.523159632229413,-275904.43905432685,1.0,49.99999999999999,-0.00045061451198012144,9.487541420280252,-276030.93633631576,1.0,-275883.5504317322,9.530183322028499,-126.49728198890807,-20.88862259464804,-147.3859045835561,1.0,-3.7471793941853213,-5.872198054746379,-2.4116928813129386,0.4255995007555915,0.016802050008039887,-0.06689099485483067,-0.18542505566758666
SPLN30,?,,tierA_p95,Mono/Mac/DC,oxidative_stress,33758,11691,ctrl,49.99999999999999,-0.0005499616551584381,9.192040550589637,-277057.09199863597,1.0,49.99999999999999,-0.00015056405771113302,9.190183192726256,-277063.9138813244,1.0,-277060.36813956324,9.192237653892146,-6.8218826884403825,3.2761409272789024,-3.54574176116148,0.93,-0.20208195652705677,-0.506753103711329,0.02643794869004448,0.4255995007555915,0.016802050008039887,-0.02235032237515271,-0.032731818728223415
SPLN30,?,,tierA_p95,Mono/Mac/DC,oxidative_stress,33758,11691,ctrl+N2,49.99999999999999,-0.000539985090088803,9.191471860072273,-277057.18059346615,,49.99999999999999,-0.00014968667810400752,9.190182451718862,-277061.91660324286,,,,-4.7360097766534155,,,,,,,,0.016802050008039887,,
SPLN30,?,,tierA_p95,Mono/Mac/DC,secondary_senescence,33758,11691,naive,6.999999999999999,0.00032179269388124776,0.926784250046126,-354552.5165757087,1.0,38.85968176362148,7.296104736606617e-05,0.9263148127967404,-354569.62010063237,0.0,-354555.04775682365,0.9268245755341296,-17.10352492367383,2.531181114958599,-14.572343808715232,0.995,-0.5066510137944733,-1.30797805288343,-0.06717966665331421,0.3932661930777702,0.005239748186897232,0.023452290904030143,0.06141377072747968
SPLN30,?,,tierA_p95,Mono/Mac/DC,secondary_senescence,33758,11691,ctrl,49.99999999999999,-0.00022523653741565714,0.9164992704750448,-354887.23989548587,1.0,6.999999999999999,-6.573706862940125e-05,0.9165291858574007,-354886.1380211814,1.0,-354890.0228068354,0.916532313930478,1.1018743044696748,2.782911349553615,3.8847856540232897,0.445,0.03264039055837653,-0.21210962928586535,0.17005004390008613,0.798558997112883,0.005239748186897232,-0.001936301218212635,-0.042986137756754875
SPLN30,?,,tierA_p95,Mono/Mac/DC,secondary_senescence,33758,11691,ctrl+N2,49.99999999999999,-0.00022571227215235006,0.9164979964822826,-354885.2868213034,,49.99999999999999,-9.383130297587707e-07,0.9164918900053706,-354885.5117461097,,,,-0.224924806312912,,,,,,,,0.005239748186897232,,
SPLN30,?,,tierA_p95,Mono/Mac/DC,tnfa_nfkb_proximal,33758,11691,naive,38.85968176362148,0.0008713500749972708,1.3154317627689944,-342730.4842541687,0.0,47.54182525407475,0.00016538110958336637,1.311209972012686,-342839.0025444193,0.0,-342717.02422935504,1.31611229513947,-108.51829025062034,-13.460024813655764,-121.9783150642761,1.0,-3.214594770146938,-4.833759336909048,-1.7855344604497914,0.4374449741052391,0.006243931339245518,0.061031563178458606,0.13955151450512399
SPLN30,?,,tierA_p95,Mono/Mac/DC,tnfa_nfkb_proximal,33758,11691,ctrl,6.999999999999999,-0.00010248354360823483,1.289752665808135,-343354.00568305625,1.0,49.99999999999999,4.803760461506584e-05,1.2895470226118815,-343359.38861941296,1.0,-343357.9055004458,1.2897564933743595,-5.382936356705613,3.8998173895524815,-1.483118967153132,0.87,-0.15945661344586803,-0.5654002834866138,0.0408228494555924,0.3202297310299889,0.006243931339245518,0.019188807169775928,-0.016413304058562093
SPLN30,?,,tierA_p95,Mono/Mac/DC,tnfa_nfkb_proximal,33758,11691,ctrl+N2,6.999999999999999,-0.0001125449951949569,1.2895850423623987,-343356.3933460374,,49.99999999999999,4.1161555770211144e-05,1.2895019193928063,-343358.56936045655,,,,-2.1760144191194604,,,,,,,,0.006243931339245518,,
SPLN30,?,,tierA_p95,Plasma cells,downstream_arrest,15596,11691,naive,19.185852382096297,0.0009041402169233715,1.1334570627616365,-148614.04207552588,0.0,49.99999999999999,0.0003882323188708531,1.1114031147848669,-148920.48827851168,1.0,-148612.07331463447,1.1338909322754485,-306.44620298579684,-1.9687608914100565,-308.4149638772069,1.0,-19.649025582572254,-35.24411199350912,-8.929558659373859,0.3922440464527519,0.008526661610036504,0.14082767611377872,0.10603683577088313
SPLN30,?,,tierA_p95,Plasma cells,downstream_arrest,15596,11691,ctrl,6.999999999999999,0.00043856414211041785,0.9177982032001278,-151863.57857373095,1.0,49.99999999999999,0.00014948448301740423,0.9167801440689682,-151880.8878937314,1.0,-151866.9176944476,0.9178370956514184,-17.309320000436855,3.3391207166423555,-13.9701992837945,0.97,-1.1098563734570952,-2.983876647057217,0.007531545021562478,0.3212312268919448,0.008526661610036504,0.05422411101589287,0.05143444903955862
SPLN30,?,,tierA_p95,Plasma cells,downstream_arrest,15596,11691,ctrl+N2,6.999999999999999,0.00044304199120229475,0.9177882328677592,-151861.74799893543,,49.99999999999999,0.00010171313174334229,0.9155423214301623,-151899.95960482486,,,,-38.21160588945428,,,,,,,,0.008526661610036504,,
SPLN30,?,,tierA_p95,Plasma cells,emt_ecm,15596,11691,naive,49.99999999999999,-0.0006052529125110639,0.3522351596205527,-166841.53284322895,1.0,38.85968176362148,-8.744490537159455e-05,0.35183055039470895,-166859.4581194955,0.0,-166840.4941869417,0.3523489758956688,-17.925276266556466,-1.038656287244521,-18.963932553800987,0.97,-1.1493508762860007,-2.8414754191584333,0.07377980945091628,0.4813867635054727,0.004753132199136332,-0.03835806326695402,-0.1273376979697101
SPLN30,?,,tierA_p95,Plasma cells,emt_ecm,15596,11691,ctrl,6.999999999999999,0.00031557029529408323,0.329284853810888,-167850.32623220136,1.0,6.999999999999999,0.00023261806138396817,0.32928099397650973,-167850.50904756348,1.0,-167853.3731611088,0.3293049770132931,-0.18281536211725324,3.0469289074244443,2.864113545307191,0.505,-0.011721939094463531,-0.29586584187928777,0.3772139574279766,0.9143406960177851,0.004753132199136332,0.008861403465127671,0.06639207200780821
SPLN30,?,,tierA_p95,Plasma cells,emt_ecm,15596,11691,ctrl+N2,6.999999999999999,0.00030573558510462936,0.3292365426721359,-167850.61457249025,,30.20149733539872,-4.879046008685473e-06,0.3292209999927878,-167851.35084965755,,,,-0.7362771673243446,,,,,,,,0.004753132199136332,,
SPLN30,?,,tierA_p95,Plasma cells,il6_jak_stat3,15596,11691,naive,6.999999999999999,-0.0012026426541180218,1.3899666902627452,-145432.34152668537,1.0,49.99999999999999,-7.505137660290064e-05,1.38944428573454,-145438.20422291002,1.0,-145432.77399813553,1.3902846764798305,-5.862696224648971,0.4324714501562994,-5.430224774492672,0.915,-0.3759102477974462,-1.092854438616128,0.13774531551568572,0.3212312268919448,0.009441592553490601,-0.024586050113013475,-0.12737709736754335
SPLN30,?,,tierA_p95,Plasma cells,il6_jak_stat3,15596,11691,ctrl,6.999999999999999,-0.0010115305783807704,1.3803597868773472,-145498.50918636913,1.0,49.99999999999999,-6.712398532197454e-05,1.3803531630018424,-145498.58402642983,1.0,-145500.17168026345,1.3805666887266008,-0.07484006069716997,1.6624938943132292,1.5876538336160593,0.615,-0.004798670216540778,-0.4235026609969336,0.31856212769096004,0.3212312268919448,0.009441592553490601,-0.021989119208873576,-0.10713558888957427
SPLN30,?,,tierA_p95,Plasma cells,il6_jak_stat3,15596,11691,ctrl+N2,6.999999999999999,-0.0010268714855427943,1.3802422163791193,-145497.8376136392,,49.99999999999999,-5.488109750313641e-05,1.380271681626181,-145497.5046756355,,,,0.33293800370013676,,,,,,,,0.009441592553490601,,
SPLN30,?,,tierA_p95,Plasma cells,interferon_response,15596,11691,naive,49.99999999999999,-0.0009180073103449908,0.8607850409655834,-152905.79267818955,1.0,49.99999999999999,-8.804012186273397e-05,0.859890427460377,-152922.01002276197,1.0,-152905.0494355229,0.8610468730551073,-16.21734457241837,-0.7432426666491665,-16.960587239067536,0.965,-1.039839995666733,-2.5365452486685043,0.004338385813951073,0.41313251207552704,0.007430307439759142,-0.036647909477325935,-0.123549034500139
SPLN30,?,,tierA_p95,Plasma cells,interferon_response,15596,11691,ctrl,49.99999999999999,-0.0006388178023491906,0.8581482660145809,-152911.63999631832,1.0,49.99999999999999,-0.00010120040263697267,0.8577738954515557,-152918.44529731004,1.0,-152913.6145466058,0.8582597208125617,-6.805300991720287,1.9745502874720842,-4.830750704248203,0.92,-0.4363491274506468,-1.0818739495202387,0.1620981429273977,0.41313251207552704,0.007430307439759142,-0.0421260570344415,-0.08597461241575809
SPLN30,?,,tierA_p95,Plasma cells,interferon_response,15596,11691,ctrl+N2,49.99999999999999,-0.0006409751291457034,0.8581392226463109,-152909.8043515006,,49.99999999999999,-7.599782622206689e-05,0.8574316126501708,-152922.6699072662,,,,-12.865555765553784,,,,,,,,0.007430307439759142,,
SPLN30,?,,tierA_p95,Plasma cells,oxidative_stress,15596,11691,naive,6.999999999999999,-0.0018201602149752621,3.053370642621193,-133158.81470441422,1.0,49.99999999999999,-0.00022458179679757476,3.0465739031858448,-133193.56977187595,1.0,-133159.09476187837,3.0540990164370236,-34.75506746172323,0.28005746414419264,-34.475009997579036,1.0,-2.2284603399412175,-4.366408139069222,-0.7559284820428979,0.3212312268919448,0.013993776821061767,-0.04963807873395517,-0.13006926136664582
SPLN30,?,,tierA_p95,Plasma cells,oxidative_stress,15596,11691,ctrl,6.999999999999999,-0.0004168225523252528,3.031374660737319,-133229.5723666228,1.0,49.99999999999999,-8.239686610100897e-05,3.031088104477209,-133231.04672831672,1.0,-133233.39162099527,3.031409792238358,-1.4743616939231288,3.819254372472642,2.344892678549513,0.695,-0.09453460463728705,-0.4300242445031958,0.26755975340929133,0.3212312268919448,0.013993776821061767,-0.018211725906884423,-0.02978627983176885
SPLN30,?,,tierA_p95,Plasma cells,oxidative_stress,15596,11691,ctrl+N2,6.999999999999999,-0.0004250502865615343,3.0313410143738913,-133227.7454734324,,49.99999999999999,-8.010022867019864e-05,3.031085262761458,-133229.06134993714,,,,-1.3158765047324676,,,,,,,,0.013993776821061767,,
SPLN30,?,,tierA_p95,Plasma cells,secondary_senescence,15596,11691,naive,11.019082036984365,-0.0006403234992637066,0.33829639364502967,-167471.2463614296,0.0,49.99999999999999,-6.993944452252909e-05,0.33773461099753976,-167497.16696012075,1.0,-167467.50207466,0.33846441844932573,-25.920598691154737,-3.7442867695936,-29.664885460748337,1.0,-1.6620029937903782,-3.2948517559658352,-0.30707438355082806,0.3609298940267984,0.004658540726011145,-0.04643523383116054,-0.13745151900271765
SPLN30,?,,tierA_p95,Plasma cells,secondary_senescence,15596,11691,ctrl,8.14292620081837,-0.0006462887045239943,0.3319314250358882,-167725.47708202142,0.0,6.999999999999999,-0.0005542662523024877,0.33190327631699745,-167726.7997227908,1.0,-167724.3967487394,0.3320395679540769,-1.3226407693873625,-1.0803332820069045,-2.402974051394267,0.73,-0.08480640993763545,-0.3580581061463862,0.21263036084057643,0.9150866532583829,0.004658540726011145,-0.021543066005566176,-0.13873200695159407
SPLN30,?,,tierA_p95,Plasma cells,secondary_senescence,15596,11691,ctrl+N2,8.563960425689007,-0.0006305782274834566,0.33189391574972427,-167725.2395782435,,6.999999999999999,-0.0005614015796564642,0.3318705005133623,-167726.3399205261,,,,-1.1003422826086566,,,,,,,,0.004658540726011145,,
SPLN30,?,,tierA_p95,Plasma cells,tnfa_nfkb_proximal,15596,11691,naive,6.999999999999999,0.00034157123575326515,0.5137737473174797,-160954.29286915026,1.0,49.99999999999999,-4.856005357046732e-05,0.5134475765276517,-160964.19718030706,1.0,-160957.51424450023,0.5137993979259837,-9.904311156802578,3.221375349967275,-6.682935806835303,0.965,-0.6350545753271722,-1.4577310612012044,0.030772454665277414,0.3212312268919448,0.005739713067687567,-0.026167626337001353,0.059510158724949684
SPLN30,?,,tierA_p95,Plasma cells,tnfa_nfkb_proximal,15596,11691,ctrl,6.999999999999999,0.0007694882949688174,0.5085831849955176,-161070.65772779848,1.0,6.999999999999999,0.0005350681122890732,0.5085759076479226,-161070.88089350366,1.0,-161070.9879734064,0.5087028692077582,-0.22316570518887602,0.3302456079109106,0.1070799027220346,0.625,-0.014309162938501924,-0.3834136588876499,0.22027664492740254,0.9143406960177851,0.005739713067687567,0.016879433216625564,0.1340638958359581
SPLN30,?,,tierA_p95,Plasma cells,tnfa_nfkb_proximal,15596,11691,ctrl+N2,6.999999999999999,0.0007621556855203306,0.5085557050919102,-161069.5004378373,,6.999999999999999,0.0005281623750882004,0.508544757034822,-161069.83618814853,,,,-0.33575031122488147,,,,,,,,0.005739713067687567,,
SPLN30,?,,tierA_p95,Stromal,downstream_arrest,30334,11691,naive,49.99999999999999,0.0009099469962953235,0.7245960275684064,-322811.44698441384,1.0,27.304873519796445,0.00017785754523292027,0.7236517626870835,-322851.0028327454,0.0,-322791.7985189816,0.7251611447741626,-39.55584833153989,-19.648465432226658,-59.20431376376655,1.0,-1.3040102964178772,-2.6592201409978307,-0.3195457565156274,0.6194186884364279,0.004889364576516473,0.045622841718456604,0.18610741372808945
SPLN30,?,,tierA_p95,Stromal,downstream_arrest,30334,11691,ctrl,9.006764443646388,0.00022968261448884508,0.7171189636754365,-323084.0879377695,0.0,11.019082036984365,0.00015324214579551964,0.7170875236085873,-323085.4178759568,0.0,-323086.81874778477,0.7171489689252427,-1.3299381873221137,2.730810015287716,1.4008718279656023,0.87,-0.0438431524797954,-0.35071525200634174,0.05073765374581855,0.8479556865647133,0.004889364576516473,0.010575018971601952,0.04697596402302058
SPLN30,?,,tierA_p95,Stromal,downstream_arrest,30334,11691,ctrl+N2,8.14292620081837,0.0002440414127988814,0.7171131600396125,-323082.33343148866,,11.019082036984365,0.00015323901951578222,0.7170874022809538,-323083.4230083188,,,,-1.0895768301338697,,,,,,,,0.004889364576516473,,
SPLN30,?,,tierA_p95,Stromal,emt_ecm,30334,11691,naive,49.99999999999999,-0.005731742288660775,4.4410722056381555,-267814.78815254476,1.0,47.54182525407475,-0.0005413620271563355,4.382311906961723,-268218.81935612304,0.0,-267666.0218896032,4.463494479332263,-404.0312035782845,-148.76626294158632,-552.7974665198708,1.0,-13.319417273629739,-22.152371132832155,-7.4107765989610686,0.4666533489054418,0.012130331227698845,-0.1348633375274979,-0.4725132546339864
SPLN30,?,,tierA_p95,Stromal,emt_ecm,30334,11691,ctrl,7.361938632551805,-0.0006584049559118176,4.123234446911152,-270025.32789036364,0.0,45.204502969779604,-0.00016099246041565985,4.121364272390446,-270039.08959710406,0.0,-270027.98576178297,4.1234168835572165,-13.761706740420777,2.657871419331059,-11.103835321089718,0.99,-0.4536726689662022,-1.346670675910958,-0.026648614084356353,0.37485721649431414,0.012130331227698845,-0.03699904079042874,-0.05427757441232222
SPLN30,?,,tierA_p95,Stromal,emt_ecm,30334,11691,ctrl+N2,49.99999999999999,-0.00026999942293346835,4.123038570517325,-270024.76895701734,,42.98209161773131,-0.0001443111236647664,4.120716326647033,-270041.8589720174,,,,-17.0900150000754,,,,,,,,0.012130331227698845,,
SPLN30,?,,tierA_p95,Stromal,il6_jak_stat3,30334,11691,naive,49.99999999999999,0.0013064639277211622,2.757485038185126,-282271.26846334717,1.0,6.999999999999999,0.0007172005821215392,2.758152416288911,-282263.9277896114,1.0,-282262.4561962969,2.758649971820372,7.340673735772725,-8.812267050263472,-1.4715933144907467,0.14,0.24199491447790353,-0.2523422288486688,0.7688868056947346,0.790663926274378,0.009536378024654587,0.013429890752098468,0.1369979172602572
SPLN30,?,,tierA_p95,Stromal,il6_jak_stat3,30334,11691,ctrl,6.999999999999999,0.0007229442438825848,2.7161898897908245,-282686.9758771845,1.0,49.99999999999999,-7.294085865532675e-05,2.715839353279942,-282690.8908688239,1.0,-282688.7257053093,2.716391383850069,-3.9149916394380853,1.7498281248263083,-2.165163514611777,0.72,-0.1290628218974776,-0.621872417733413,0.17066496784856602,0.3468590945681775,0.009536378024654587,-0.025049619747761667,0.07580910089110704
SPLN30,?,,tierA_p95,Stromal,il6_jak_stat3,30334,11691,ctrl+N2,6.999999999999999,0.000720457339630053,2.7161641269986054,-282685.2635935361,,49.99999999999999,-5.606568646264438e-05,2.715620147122613,-282691.33934499486,,,,-6.0757514587352155,,,,,,,,0.009536378024654587,,
SPLN30,?,,tierA_p95,Stromal,interferon_response,30334,11691,naive,49.99999999999999,0.0009371084420234521,1.4550017283196839,-301664.15739117115,1.0,22.318425721029357,0.00020160472681885136,1.4545523311209687,-301673.5279094401,0.0,-301655.6645051257,1.4556010859508615,-9.370518268959131,-8.492886045423802,-17.863404314382933,0.93,-0.30891139542952234,-0.8574511553443198,0.15937783606591938,0.6781284897064522,0.006927177950258538,0.026842057443355483,0.1352799723952807
SPLN30,?,,tierA_p95,Stromal,interferon_response,30334,11691,ctrl,6.999999999999999,-0.0006439693887880277,1.4258111775986675,-302236.9119765758,1.0,49.99999999999999,-5.487871071654352e-05,1.4256583886547203,-302240.162721304,1.0,-302237.5107724682,1.4259710558447996,-3.250744728196878,0.5987958923797123,-2.6519488358171657,0.705,-0.10716505334597738,-0.5391009200568957,0.22326557472987843,0.3468590945681775,0.006927177950258538,-0.025945454329728466,-0.09296273220049595
SPLN30,?,,tierA_p95,Stromal,interferon_response,30334,11691,ctrl+N2,6.999999999999999,-0.0006451903294184582,1.4258047365725623,-302235.0490091157,,49.99999999999999,-3.885906957327111e-05,1.4254608835492506,-302242.3653654637,,,,-7.316356347928686,,,,,,,,0.006927177950258538,,
SPLN30,?,,tierA_p95,Stromal,oxidative_stress,30334,11691,naive,6.999999999999999,-0.00023354451873278917,4.500107585444644,-267414.2134461897,1.0,49.99999999999999,-2.1641434390722376e-05,4.4999782738568355,-267415.0851129195,1.0,-267418.0579457533,4.500130654294349,-0.8716667297994718,3.8444995635654777,2.972832833766006,0.63,-0.02873563426516357,-0.21228293722105915,0.10604938741230542,0.3468590945681775,0.012180012115645995,-0.00581904943286411,-0.019174407750679662
SPLN30,?,,tierA_p95,Stromal,oxidative_stress,30334,11691,ctrl,28.716686174618605,-0.0002837070842321126,4.432416043906128,-267831.97031087655,0.0,35.13265199376635,-0.00011644032105193438,4.431929085229467,-267835.3030792418,0.0,-267835.4948689071,4.432485516218664,-3.3327683652751148,3.5245580305345356,0.19178966525942087,0.84,-0.1098690698646771,-0.37418745970575507,0.06148793786334611,0.5382696367635542,0.012180012115645995,-0.017812458199724594,-0.02329284088678205
SPLN30,?,,tierA_p95,Stromal,oxidative_stress,30334,11691,ctrl+N2,49.99999999999999,-0.00035890468764327864,4.431938852292666,-267833.2362293977,,25.962470509255517,-0.0001480227980018981,4.4315195198784805,-267836.10644752864,,,,-2.8702181309608465,,,,,,,,0.012180012115645995,,
SPLN30,?,,tierA_p95,Stromal,secondary_senescence,30334,11691,naive,49.99999999999999,0.00029121445338424603,1.463908701557686,-301479.0301176204,1.0,49.99999999999999,-5.8457599751264365e-05,1.462854750249202,-301500.8771584899,1.0,-301481.83078596956,1.463966582046522,-21.84704086947022,2.8006683491403237,-19.046372520329896,0.85,-0.7202162876465424,-2.359533280954909,0.21574275925229358,0.45480565221123553,0.006947055050813319,-0.027558397716171093,0.041919122737948254
SPLN30,?,,tierA_p95,Stromal,secondary_senescence,30334,11691,ctrl,6.999999999999999,-0.00033429622540225235,1.4456151615595727,-301818.48329068103,1.0,49.99999999999999,-8.93089000715797e-05,1.444829101527558,-301834.98203165556,1.0,-301821.57922544563,1.4456582468726613,-16.49874097452266,3.0959347645984963,-13.402806209924165,0.995,-0.5439025837186874,-1.1838873177273521,-0.05672537034311375,0.3468590945681775,0.006947055050813319,-0.04210248450567185,-0.04812056661548902
SPLN30,?,,tierA_p95,Stromal,secondary_senescence,30334,11691,ctrl+N2,49.99999999999999,-0.00016428888864344557,1.445583194248484,-301817.1540827162,,49.99999999999999,-6.097768001360402e-05,1.4442161655053107,-301845.85327447753,,,,-28.699191761284776,,,,,,,,0.006947055050813319,,
SPLN30,?,,tierA_p95,Stromal,tnfa_nfkb_proximal,30334,11691,naive,17.345738419684505,0.0004349870376591394,1.4674395597338783,-301405.95445811644,0.0,10.477345453252495,0.0003107372286805552,1.467349575216658,-301407.81461925287,0.0,-301405.81593452796,1.4676397788783673,-1.86016113642836,-0.13852358848089352,-1.9986847249092534,0.815,-0.06132264575817103,-0.35181246116823045,0.0824618690610154,0.8625554697982023,0.0069557649197427435,0.014061825580001856,0.06253619014092429
SPLN30,?,,tierA_p95,Stromal,tnfa_nfkb_proximal,30334,11691,ctrl,23.47241150476913,0.0003855325111109511,1.4581748348636814,-301556.0762252114,0.0,10.477345453252495,0.000275992320796155,1.4581353206547851,-301556.8982392968,0.0,-301557.22763243306,1.4583117749752497,-0.8220140854245983,1.1514072216814384,0.3293931362568401,0.705,-0.02709876987619827,-0.26434593770121734,0.09611733231084374,0.8503460127819811,0.0069557649197427435,0.012489510487477378,0.05542632844897575
SPLN30,?,,tierA_p95,Stromal,tnfa_nfkb_proximal,30334,11691,ctrl+N2,6.999999999999999,0.0004784673135960323,1.458144789932743,-301554.70124787855,,6.999999999999999,0.00043113582793569247,1.4581271425869202,-301555.06837042444,,,,-0.36712254589690424,,,,,,,,0.0069557649197427435,,
SPLN30,?,,tierA_p95,T/NK cells,downstream_arrest,36065,11691,naive,49.99999999999999,0.0003325808276519633,1.1099966994325012,-374661.2265833803,1.0,49.99999999999999,2.916973720217479e-05,1.1095764845678497,-374674.8824063862,1.0,-374662.62908297265,1.1100766473240944,-13.655823005887214,1.4024995923391543,-12.25332341354806,0.97,-0.37864475269339287,-0.9334556990595423,0.0011884312137014764,0.4598358623571835,0.005547962475410425,0.021226539171874174,0.05994648108491637
SPLN30,?,,tierA_p95,T/NK cells,downstream_arrest,36065,11691,ctrl,27.304873519796445,-9.577529041848274e-05,1.100602125072807,-374925.76557208755,0.0,20.177866835741543,-6.712138517304607e-05,1.1005397914032742,-374927.8082062089,0.0,-374929.4678757149,1.100611209964327,-2.0426341213751584,3.7023036273312755,1.659669505956117,0.84,-0.0566375744177224,-0.2582026710257593,0.0822742538693786,0.6876511397242373,0.005547962475410425,-0.011507026067388326,-0.017263146754455
SPLN30,?,,tierA_p95,T/NK cells,downstream_arrest,36065,11691,ctrl+N2,49.99999999999999,-0.00010686580385560026,1.1005491437481882,-374925.50172852515,,18.24260882600192,-7.474288980132611e-05,1.1005380581021162,-374925.8650070225,,,,-0.3632784973280437,,,,,,,,0.005547962475410425,,
SPLN30,?,,tierA_p95,T/NK cells,emt_ecm,36065,11691,naive,30.20149733539872,-0.0007359264599238799,0.8174943793443635,-385692.366588086,0.0,45.204502969779604,-8.855978331664656e-05,0.8147625601824442,-385813.0867365866,0.0,-385669.8966080427,0.8180946012455397,-120.72014850057894,-22.469980043300893,-143.19012854387984,1.0,-3.3472937335527226,-6.300852621048282,-1.4432263292430738,0.47328620495543194,0.004762761069543644,-0.06381950171359645,-0.15451677063445002
SPLN30,?,,tierA_p95,T/NK cells,emt_ecm,36065,11691,ctrl,6.999999999999999,-8.96149968199251e-05,0.7972569797460821,-386554.40674208687,1.0,12.18803582947357,-8.420037427358271e-05,0.7972250675432937,-386555.8503627231,0.0,-386558.20680167375,0.7972613996637812,-1.4436206362443045,3.8000595868797973,2.356438950635493,0.915,-0.040028299909727005,-0.19645879417974152,0.028142933839931963,0.7777235584477435,0.004762761069543644,-0.008086541049731754,-0.0188157657905976
SPLN30,?,,tierA_p95,T/NK cells,emt_ecm,36065,11691,ctrl+N2,16.49296129703063,-5.6575919682136876e-05,0.7972299763266345,-386553.6282990508,,12.18803582947357,-8.7848073932637e-05,0.7971490304964453,-386557.2903033243,,,,-3.66200427350129,,,,,,,,0.004762761069543644,,
SPLN30,?,,tierA_p95,T/NK cells,il6_jak_stat3,36065,11691,naive,6.999999999999999,-0.0012774641490670797,3.4063398460250416,-334222.21599178266,1.0,49.99999999999999,-8.776165348927108e-05,3.402806165221734,-334259.64864762576,1.0,-334215.6956369112,3.407333638656801,-37.4326558430912,-6.520354871463496,-43.95301071455469,1.0,-1.0379219698625037,-1.576283257136383,-0.4481995925612769,0.362008734387743,0.009719957413699479,-0.03645193816870027,-0.13142692859283234
SPLN30,?,,tierA_p95,T/NK cells,il6_jak_stat3,36065,11691,ctrl,6.999999999999999,-0.000310066957771038,3.3875122549851557,-334380.1081292723,1.0,13.48099749887925,-7.352462984321442e-05,3.3875303526440996,-334379.91545385827,0.0,-334383.54484099755,3.387565163922775,0.19267541402950883,3.436711725255009,3.6293871392845176,0.495,0.0053424487461391605,-0.11830112224417137,0.07631728858658557,0.7447081964440452,0.009719957413699479,-0.003987055663952006,-0.03190003253534055
SPLN30,?,,tierA_p95,T/NK cells,il6_jak_stat3,36065,11691,ctrl+N2,6.999999999999999,-0.0003008112608303139,3.3874407660973263,-334378.8692405985,,49.99999999999999,5.229743953056e-06,3.387440446599051,-334378.87264219485,,,,-0.0034015962626810178,,,,,,,,0.009719957413699479,,
SPLN30,?,,tierA_p95,T/NK cells,interferon_response,36065,11691,naive,49.99999999999999,-0.0011456483717572157,2.2080294017551374,-349857.7607721134,1.0,49.99999999999999,-0.00010732022026851951,2.2022077483964426,-349952.97472237627,1.0,-349846.2689292012,2.208978072001547,-95.21395026287064,-11.491842912219,-106.70579317508964,1.0,-2.6400651674163496,-4.014310692220681,-1.1014016594907268,0.4598358623571835,0.007826232291554365,-0.05536164820332707,-0.1463856845709972
SPLN30,?,,tierA_p95,T/NK cells,interferon_response,36065,11691,ctrl,6.999999999999999,-8.722377976453489e-05,2.1885054433824678,-350136.074934126,1.0,49.99999999999999,-5.196008716263676e-05,2.1881398424800214,-350142.10027806694,1.0,-350140.00592753175,2.1885096308620633,-6.025343940942548,3.9309934057528153,-2.094350535189733,0.935,-0.1670690126422445,-0.5625712474028284,0.021956040613169477,0.362008734387743,0.007826232291554365,-0.02680385913218169,-0.011145053776070113
SPLN30,?,,tierA_p95,T/NK cells,interferon_response,36065,11691,ctrl+N2,6.999999999999999,-7.238326389783487e-05,2.1883217141570293,-350137.1027870801,,49.99999999999999,-3.689928024635886e-05,2.187763442934895,-350146.3046426258,,,,-9.201855545644305,,,,,,,,0.007826232291554365,,
SPLN30,?,,tierA_p95,T/NK cells,oxidative_stress,36065,11691,naive,33.40540803599722,-0.0004961416873061574,5.621328793277445,-316156.18563468993,0.0,49.99999999999999,-0.00012381444028521741,5.612572843834241,-316212.4053508341,1.0,-316158.54721325834,5.62158417425007,-56.219716144143604,2.3615785684087314,-53.85813757573487,1.0,-1.5588442019726494,-3.230807031643311,-0.3715933253734377,0.454548807406575,0.012484938020160754,-0.04003732911754808,-0.03973921908665029
SPLN30,?,,tierA_p95,T/NK cells,oxidative_stress,36065,11691,ctrl,49.99999999999999,0.0007599060182807101,5.576762360518511,-316401.2518607821,1.0,6.999999999999999,0.00013590168576619615,5.577086273280762,-316399.1571732608,1.0,-316402.99648094445,5.577111122772191,2.094687521283049,1.7446201623533852,3.8393076836364344,0.35,0.058080896195287654,-0.11881752165362519,0.2577327072112334,0.7984968662653822,0.012484938020160754,0.00230055190903057,0.06086582224058649
SPLN30,?,,tierA_p95,T/NK cells,oxidative_stress,36065,11691,ctrl+N2,49.99999999999999,0.0007677181112425103,5.576734194196201,-316399.4340132415,,49.99999999999999,-2.74452052727085e-07,5.576941267185541,-316398.0948874283,,,,1.339125813230542,,,,,,,,0.012484938020160754,,
SPLN30,?,,tierA_p95,T/NK cells,secondary_senescence,36065,11691,naive,6.999999999999999,-0.0007856067471216126,0.9645657299373044,-379725.99111169996,1.0,49.99999999999999,-3.436507828105299e-05,0.9642473806878452,-379737.89611765696,1.0,-379715.94104937674,0.9649415749053237,-11.905005956999958,-10.050062323221937,-21.955068280221894,0.86,-0.3300985985581577,-1.1322045479251197,0.11945379258474476,0.362008734387743,0.005172583867946123,-0.026821927638116107,-0.15187897712747467
SPLN30,?,,tierA_p95,T/NK cells,secondary_senescence,36065,11691,ctrl,6.999999999999999,-0.0004788218466985444,0.9602266982010097,-379846.5930030641,1.0,6.999999999999999,-0.0002713220946918826,0.9602538380607697,-379845.5736758448,1.0,-379845.85345787316,0.9603528963677646,1.0193272192846052,-0.7395451909396797,0.2797820283449255,0.345,0.02826361345583267,-0.12768019935119312,0.1872961160026627,0.9103064332029531,0.005172583867946123,-0.011085906313024212,-0.09256917989733841
SPLN30,?,,tierA_p95,T/NK cells,secondary_senescence,36065,11691,ctrl+N2,6.999999999999999,-0.00048167179005328785,0.9602199263501816,-379844.8473468162,,6.999999999999999,-0.0002747390844349224,0.9602381792081663,-379844.16179234214,,,,0.6855544740395658,,,,,,,,0.005172583867946123,,
SPLN30,?,,tierA_p95,T/NK cells,tnfa_nfkb_proximal,36065,11691,naive,6.999999999999999,-0.0004551293032061649,1.7191925427624544,-358882.872506037,1.0,6.999999999999999,-0.00010777867266049436,1.719299974348847,-358880.618890451,1.0,-358884.2263624142,1.7193186871484099,2.2536155860289,1.353856377187185,3.607471963216085,0.3,0.06248760809729378,-0.1155105907900253,0.20192094397231217,0.9103064332029531,0.006904547528563829,-0.0032990674212130633,-0.06591732495973072
SPLN30,?,,tierA_p95,T/NK cells,tnfa_nfkb_proximal,36065,11691,ctrl,6.999999999999999,-0.00031310270097052885,1.670039468050131,-359887.02687565493,1.0,49.99999999999999,3.208259328229102e-05,1.669952427042849,-359888.9066011315,1.0,-359889.8618537841,1.6700934168628585,-1.8797254765522666,2.8349781291908585,0.9552526526385918,0.705,-0.052120490130383106,-0.3703981270330092,0.1614416405520045,0.362008734387743,0.006904547528563829,0.018759205121583498,-0.04534731633461694
SPLN30,?,,tierA_p95,T/NK cells,tnfa_nfkb_proximal,36065,11691,ctrl+N2,6.999999999999999,-0.00031606579303809106,1.6700321406113843,-359885.1851142255,,49.99999999999999,3.597510472093013e-05,1.6699276365699434,-359887.44199065946,,,,-2.256876433991255,,,,,,,,0.006904547528563829,,
SPLN43,?,,tierA_p95,B cells,downstream_arrest,43573,9138,naive,49.99999999999999,0.0012009558673599598,1.4424815035084357,-449483.5766973446,1.0,49.99999999999999,0.0001848699998367534,1.4271345329317735,-449949.64596660505,1.0,-449456.13651601213,1.4435227043861067,-466.0692692604498,-27.440181332465727,-493.5094505929155,1.0,-10.696285985827227,-15.35722735501078,-6.762489066504593,0.4197979982415788,0.0057557653244871875,0.10654999651904386,0.20865268117203975
SPLN43,?,,tierA_p95,B cells,downstream_arrest,43573,9138,ctrl,6.999999999999999,0.0001335927491357066,1.353880443453564,-452203.67025582714,1.0,49.99999999999999,1.8044620432913462e-05,1.3538282451784438,-452205.35022638796,1.0,-452207.24006024556,1.3538938103610523,-1.6799705608282238,3.56980441842461,1.8898338575963862,0.645,-0.03855531087664893,-0.1797104320210844,0.08109361190875691,0.3231259827010166,0.0057557653244871875,0.010400033785969424,0.023210249477014396
SPLN43,?,,tierA_p95,B cells,downstream_arrest,43573,9138,ctrl+N2,6.999999999999999,0.00013333164754623155,1.3538802897088595,-452201.6752039143,,49.99999999999999,1.663366036901781e-05,1.3538263228168783,-452203.4120976927,,,,-1.736893778470819,,,,,,,,0.0057557653244871875,,
SPLN43,?,,tierA_p95,B cells,emt_ecm,43573,9138,naive,8.14292620081837,-0.0006140985509655824,1.4251473674204151,-450010.36000530154,0.0,49.99999999999999,-7.955068440262242e-05,1.4224786347516933,-450092.031350155,1.0,-450003.178689652,1.4255131229866833,-81.67134485347196,-7.181315649533644,-88.85266050300561,0.975,-1.8743567083623336,-7.045526376845084,-0.011652832587365526,0.33701329433266985,0.005719747784834071,-0.046137825176202116,-0.10736462060206604
SPLN43,?,,tierA_p95,B cells,emt_ecm,43573,9138,ctrl,6.999999999999999,-0.0003787194588939251,1.3052813435303676,-453796.536406441,1.0,28.716686174618605,-6.942329967653724e-05,1.3051253088666284,-453801.7454786788,0.0,-453796.95012811024,1.3053887792093943,-5.209072237776127,0.4137216692324728,-4.795350568543654,0.94,-0.119548166015104,-0.6608793406117033,0.026134676975966276,0.4723495990685521,0.005719747784834071,-0.017755041805666925,-0.06621261514920086
SPLN43,?,,tierA_p95,B cells,emt_ecm,43573,9138,ctrl+N2,6.999999999999999,-0.0003771339672217822,1.3052753679920646,-453794.7358827667,,28.716686174618605,-6.0240975133909444e-05,1.305013070086777,-453803.4928511529,,,,-8.756968386203217,,,,,,,,0.005719747784834071,,
SPLN43,?,,tierA_p95,B cells,il6_jak_stat3,43573,9138,naive,49.99999999999999,-0.0001648668723998802,3.4557593981036354,-411414.83426127967,1.0,33.40540803599722,-6.717918764267482e-05,3.455127281052473,-411422.80523161264,0.0,-411418.58684973605,3.455779020282378,-7.970970332971774,3.752588456380181,-4.218381876591593,0.87,-0.18293370511490542,-0.539243794185974,0.09342443337663284,0.525161435298268,0.008905621862449883,-0.013732953503319273,-0.018512673783794998
SPLN43,?,,tierA_p95,B cells,il6_jak_stat3,43573,9138,ctrl,6.999999999999999,0.00010212988505042979,3.4190640361329487,-411837.99302715005,1.0,49.99999999999999,-5.553301465393417e-05,3.418455125132439,-411845.7537597987,1.0,-411841.89337863674,3.419071855310823,-7.76073264866136,3.9003514866926707,-3.8603811619686894,0.85,-0.17810875194871503,-0.4604465608574638,0.13604678080038327,0.3231259827010166,0.008905621862449883,-0.020686026506452484,0.011468023975909802
SPLN43,?,,tierA_p95,B cells,il6_jak_stat3,43573,9138,ctrl+N2,7.361938632551805,8.030785976445955e-05,3.41826919232279,-411846.1237984139,,9.962242533302096,-0.00010240315770443132,3.4178719814672234,-411851.1873768828,,,,-5.063578468929072,,,,,,,,0.008905621862449883,,
SPLN43,?,,tierA_p95,B cells,interferon_response,43573,9138,naive,36.94920399670096,0.00017307388095458187,2.5577028764752257,-424527.3742810171,0.0,14.178039470333344,6.973345055804039e-05,2.557664542635646,-424528.02734080935,0.0,-424530.8687545323,2.557732550678171,-0.653059792239219,3.4944735151948407,2.841413722955622,0.75,-0.01498771698618913,-0.2224241983670796,0.05329992157422904,0.7637856094277659,0.007661588705554779,0.005156470910155115,0.02258981623569934
SPLN43,?,,tierA_p95,B cells,interferon_response,43573,9138,ctrl,27.304873519796445,0.0003176044474597628,2.542543280954572,-424744.401386964,0.0,27.304873519796445,8.98403239518099e-05,2.5422642412149385,-424749.1837109887,0.0,-424746.42546172417,2.542658581469888,-4.782324024708942,2.024074760149233,-2.7582492645597085,0.87,-0.10975429795306593,-0.42620667452417044,0.04919352390310807,0.5772786123463007,0.007661588705554779,0.015966400181888617,0.04145412389313461
SPLN43,?,,tierA_p95,B cells,interferon_response,43573,9138,ctrl+N2,31.763081427768892,0.0003282183888996533,2.5423333039183853,-424746.00003060856,,18.24260882600192,0.0001484228988288759,2.5419272470222425,-424752.9599875172,,,,-6.959956908572474,,,,,,,,0.007661588705554779,,
SPLN43,?,,tierA_p95,B cells,oxidative_stress,43573,9138,naive,49.99999999999999,0.0003638633250644642,10.555203695162337,-362762.23554868606,1.0,49.99999999999999,0.00015545808656955537,10.543710852256329,-362809.7050706225,1.0,-362765.84099521005,10.55529927295507,-47.46952193643665,3.605446523986757,-43.86407541244989,1.0,-1.0894251471424197,-1.9939355275898614,-0.3250744885477651,0.4197979982415788,0.015564190744427005,0.033134227584862154,0.023378236042974013
SPLN43,?,,tierA_p95,B cells,oxidative_stress,43573,9138,ctrl,11.019082036984365,-0.0005834095739938972,10.471400755015356,-363067.56360676436,0.0,6.999999999999999,-0.0004532365123367207,10.471393203633685,-363067.59502915764,1.0,-363069.8626202761,10.47180954162324,-0.03142239328008145,2.2990135117433965,2.267591118463315,0.59,-0.0007211436733775837,-0.11138265297684694,0.1264032660412394,0.8943330307486242,0.015564190744427005,-0.00655512011102389,-0.037484093040000284
SPLN43,?,,tierA_p95,B cells,oxidative_stress,43573,9138,ctrl+N2,17.345738419684505,-0.0005239682216393812,10.471017222161606,-363067.15957118996,,21.2211739115045,-3.0252938344289874e-05,10.47024662494113,-363070.3663721689,,,,-3.2068009789783445,,,,,,,,0.015564190744427005,,
SPLN43,?,,tierA_p95,B cells,secondary_senescence,43573,9138,naive,14.178039470333344,-0.0004111716322086125,0.9092588583902298,-469592.0956931282,0.0,49.99999999999999,-6.395498344207463e-05,0.9075404430559552,-469674.5225562712,1.0,-469584.457349948,0.9095017537616876,-82.42686314298771,-7.638343180180527,-90.06520632316824,1.0,-1.8916958470380216,-3.455365928937856,-0.34869660059288315,0.3785558360395243,0.004568704186447231,-0.046437777778405125,-0.08999742932324868
SPLN43,?,,tierA_p95,B cells,secondary_senescence,43573,9138,ctrl,6.999999999999999,-0.00034191330245545863,0.8762475214656392,-471161.4782426908,1.0,31.763081427768892,-5.589785254131956e-05,0.8761198925779653,-471167.8252832577,0.0,-471161.1205649002,0.8763351581972515,-6.347040566906799,-0.3576777905691415,-6.70471835747594,0.85,-0.1456645300279255,-0.5531264098149096,0.05644851762948393,0.44062055322006993,0.004568704186447231,-0.020695758583751,-0.07483813537214434
SPLN43,?,,tierA_p95,B cells,secondary_senescence,43573,9138,ctrl+N2,6.999999999999999,-0.00034422143188374,0.8762349496382091,-471160.10340413544,,28.716686174618605,-5.354092783176388e-05,0.8760136570408917,-471171.10912827455,,,,-11.005724139166466,,,,,,,,0.004568704186447231,,
SPLN43,?,,tierA_p95,B cells,tnfa_nfkb_proximal,43573,9138,naive,49.99999999999999,0.0005681850498978119,1.4467066126870136,-449356.1354882077,1.0,9.006764443646388,0.00019959006059827619,1.4467663346702058,-449354.33677363774,0.0,-449353.1167014102,1.4469396685504066,1.7987145699444227,-3.018786797474604,-1.2200722275301814,0.335,0.04128048493205477,-0.1338849950941256,0.24830884253555205,0.8123355071450357,0.005762573537118031,0.010945018951228862,0.09859918422548626
SPLN43,?,,tierA_p95,B cells,tnfa_nfkb_proximal,43573,9138,ctrl,14.911122358641625,0.0003006951424861352,1.4415122918492675,-449470.8634879631,0.0,6.999999999999999,0.0002047744990298398,1.4415490251181269,-449469.75315519655,1.0,-449471.18310748076,1.4416340538983816,1.110332766547799,0.3196195176569745,1.4299522842047736,0.535,0.025482128073527163,-0.2181401234031409,0.20366841107490843,0.8800771539996617,0.005762573537118031,0.007999110587346857,0.05218070372501271
SPLN43,?,,tierA_p95,B cells,tnfa_nfkb_proximal,43573,9138,ctrl+N2,6.999999999999999,0.0003695372979980456,1.4414917767958104,-449469.4836067024,,49.99999999999999,-9.845842395942964e-06,1.4414446269155528,-449470.9088630695,,,,-1.425256367086802,,,,,,,,0.005762573537118031,,
SPLN43,?,,tierA_p95,Endothelial,downstream_arrest,53632,9138,naive,38.85968176362148,0.00028227121009868466,1.466470641073412,-563505.7084191977,0.0,36.94920399670096,6.596526659866981e-05,1.4661779766596659,-563516.41285736,0.0,-563505.5491579138,1.466584373007308,-10.70443816226907,-0.15926128393039107,-10.863699446199462,0.98,-0.19959050869385947,-0.6113401520909767,-0.026385658601548116,0.5328917207032823,0.005229275588841759,0.01664644006549684,0.053979027352663654
SPLN43,?,,tierA_p95,Endothelial,downstream_arrest,53632,9138,ctrl,6.999999999999999,0.00020998609029936117,1.4564151468510764,-563832.7261864824,1.0,6.999999999999999,0.00016284829142674645,1.4564099360050746,-563832.9180744846,1.0,-563835.4340195128,1.4564502369878953,-0.19188800221309066,2.70783303049393,2.5159450282808393,0.66,-0.0035778640030782118,-0.09221123399170847,0.045804966063354054,0.9374284862986737,0.005229275588841759,0.005335179090040322,0.04015586608349236
SPLN43,?,,tierA_p95,Endothelial,downstream_arrest,53632,9138,ctrl+N2,8.563960425689007,0.00017781954180259147,1.456398666492629,-563831.3330735964,,6.999999999999999,0.00016363203535749103,1.4563970190494475,-563831.3937408605,,,,-0.06066726419792253,,,,,,,,0.005229275588841759,,
SPLN43,?,,tierA_p95,Endothelial,emt_ecm,53632,9138,naive,49.99999999999999,0.000213775236500939,2.50673152539749,-534752.4597635923,1.0,49.99999999999999,7.457172128980028e-05,2.5055000718915488,-534778.8134204325,1.0,-534755.355280872,2.5067831488715835,-26.35365684016142,2.8955172796268016,-23.45813956053462,0.99,-0.4913793414409573,-1.4758630314546026,-0.02160673829594425,0.42755832870214716,0.006836697857213929,0.02262392608686979,0.03126878515540941
SPLN43,?,,tierA_p95,Endothelial,emt_ecm,53632,9138,ctrl,49.99999999999999,-4.377392969044829e-05,2.43811527186316,-536198.9843981222,1.0,35.13265199376635,-5.069146847541841e-05,2.437964099975122,-536202.3098775016,0.0,-536202.938822286,2.4381173437454198,-3.325479379389435,3.9544241637922823,0.6289447844028473,0.865,-0.06200550752143189,-0.2555277963344236,0.05283771702137614,0.5569470741450266,0.006836697857213929,-0.009110963165002496,-0.006402788392623822
SPLN43,?,,tierA_p95,Endothelial,emt_ecm,53632,9138,ctrl+N2,49.99999999999999,-4.2770053498537494e-05,2.4380820537169816,-536197.7151132663,,31.763081427768892,-6.0868057458918124e-05,2.437912471578484,-536201.4456462717,,,,-3.730533005475573,,,,,,,,0.006836697857213929,,
SPLN43,?,,tierA_p95,Endothelial,il6_jak_stat3,53632,9138,naive,6.999999999999999,-0.0002507125016628207,4.705243720498536,-500980.5047495327,1.0,18.24260882600192,5.563668535840267e-05,4.705247551610832,-500980.4610812036,0.0,-500983.9195774077,4.705295059111443,0.04366832907544449,3.4148278750362806,3.458496204111725,0.51,0.0008142215295988308,-0.1232503973445648,0.07337303334021186,0.6794805321403169,0.009366588369481869,0.003177515371056874,-0.02676668299558494
SPLN43,?,,tierA_p95,Endothelial,il6_jak_stat3,53632,9138,ctrl,6.999999999999999,-0.00025104910900355666,4.618266517837218,-501939.17864603177,1.0,49.99999999999999,-8.676146545880963e-05,4.6172410279975855,-501951.0889976897,1.0,-501942.5958096666,4.618316706312312,-11.910351657948922,3.417163634847384,-8.493188023101538,0.985,-0.22207547094922664,-0.5652613508176616,-0.012432108697530187,0.30428502786428013,0.009366588369481869,-0.01921257768798848,-0.026802620022752348
SPLN43,?,,tierA_p95,Endothelial,il6_jak_stat3,53632,9138,ctrl+N2,49.99999999999999,-0.00014382402998284758,4.618243201389188,-501937.4494209844,,49.99999999999999,-7.64261946752567e-05,4.617044919823494,-501951.3669591161,,,,-13.917538131665465,,,,,,,,0.009366588369481869,,
SPLN43,?,,tierA_p95,Endothelial,interferon_response,53632,9138,naive,49.99999999999999,-7.98356844009091e-05,2.600415108208168,-532784.6284311737,1.0,49.99999999999999,-6.782258191095826e-05,2.599360971816828,-532806.37376899,1.0,-532788.479937739,2.600422308109453,-21.745337816304527,3.85150656523183,-17.893831251072697,0.995,-0.4054545386393296,-0.8748644494070011,-0.0644857698733423,0.42755832870214716,0.0069632172498085435,-0.020202474443833458,-0.011465344470135391
SPLN43,?,,tierA_p95,Endothelial,interferon_response,53632,9138,ctrl,49.99999999999999,-0.00011713562445348654,2.5861308926097752,-533038.0439110703,1.0,49.99999999999999,-5.190320974393423e-05,2.585759018471826,-533045.756509035,1.0,-533041.7362156124,2.586145729703524,-7.712597964680754,3.6923045420553535,-4.0202934226254,0.97,-0.14380589880445915,-0.43674972953391145,0.0009776667292347627,0.42755832870214716,0.0069632172498085435,-0.015460533038706661,-0.016822055126871873
SPLN43,?,,tierA_p95,Endothelial,interferon_response,53632,9138,ctrl+N2,49.99999999999999,-0.00011765766542523695,2.5861229592130477,-533036.208436612,,49.99999999999999,-4.347786403250489e-05,2.585629970594864,-533046.4331963828,,,,-10.224759770764212,,,,,,,,0.0069632172498085435,,
SPLN43,?,,tierA_p95,Endothelial,oxidative_stress,53632,9138,naive,6.999999999999999,-0.00042869308275191384,17.29593987065001,-431162.6775507515,1.0,49.99999999999999,-0.00011065378022269,17.293264852249234,-431170.9730052614,1.0,-431166.2121114599,17.29608997217397,-8.29545450990554,3.534560708445497,-4.760893801460043,0.925,-0.15467359990128168,-0.42115920915229993,0.02909837183377311,0.30428502786428013,0.017958165579943865,-0.012780400870885958,-0.02387176356179817
SPLN43,?,,tierA_p95,Endothelial,oxidative_stress,53632,9138,ctrl,6.999999999999999,-0.0001641850393871274,17.178459793722055,-431486.2076795868,1.0,49.99999999999999,-0.0001749125681672663,17.17410207567054,-431499.81441649806,1.0,-431490.14068113285,17.178481253502905,-13.606736911286134,3.9330015460727736,-9.67373536521336,0.975,-0.25370556591747717,-0.5551081218347699,-0.009913675313744654,0.30428502786428013,0.017958165579943865,-0.02020222656681946,-0.009142639800657076
SPLN43,?,,tierA_p95,Endothelial,oxidative_stress,53632,9138,ctrl+N2,49.99999999999999,-4.748675899354199e-05,17.178158264196597,-431485.14907792135,,49.99999999999999,-0.0001928796835233889,17.173519905804763,-431499.632471574,,,,-14.483393652651724,,,,,,,,0.017958165579943865,,
SPLN43,?,,tierA_p95,Endothelial,secondary_senescence,53632,9138,naive,23.47241150476913,0.00027736367159134697,1.906831457049849,-549422.7844526554,0.0,49.99999999999999,2.67297466577191e-05,1.9068107905480756,-549423.3657268028,1.0,-549422.7292116656,1.9069756424882993,-0.5812741474946961,-0.055240989779122174,-0.6365151372738183,0.605,-0.010838196365876643,-0.19074400626191299,0.07708769617299098,0.40339281092211926,0.005962941883965576,0.009297677078426917,0.04651456897318867
SPLN43,?,,tierA_p95,Endothelial,secondary_senescence,53632,9138,ctrl,12.818224546846722,0.0002476593910445204,1.8935921010784462,-549754.4564926171,0.0,6.999999999999999,0.00022467098987918296,1.8936147552375469,-549753.8148652082,1.0,-549755.6412994299,1.8936915000845378,0.6416274089133367,1.1848068127874285,1.8264342217007652,0.55,0.01196351821512039,-0.1396969929802543,0.07578695747564687,0.9197428951692067,0.005962941883965576,0.006454962867353592,0.04153308816725959
SPLN43,?,,tierA_p95,Endothelial,secondary_senescence,53632,9138,ctrl+N2,6.999999999999999,0.0003284384079572612,1.8934894305515058,-549755.364497452,,49.99999999999999,-6.702894527265775e-06,1.8934778373409251,-549755.6928694849,,,,-0.3283720327538819,,,,,,,,0.005962941883965576,,
SPLN43,?,,tierA_p95,Endothelial,tnfa_nfkb_proximal,53632,9138,naive,6.999999999999999,-0.00047738266884553044,2.002751674135067,-546790.5725246405,1.0,6.999999999999999,-0.00031861245708376663,2.002778012667523,-546789.8672056026,1.0,-546789.588247821,2.00293780802172,0.705319037893787,-0.9842768195085227,-0.2789577816147357,0.38,0.013151085879582842,-0.09611979302623201,0.09233381652794836,0.9374284862986737,0.0061111330045622745,-0.008931992341831344,-0.07811688412132789
SPLN43,?,,tierA_p95,Endothelial,tnfa_nfkb_proximal,53632,9138,ctrl,6.999999999999999,-0.000557196047725805,1.9851932063631863,-547220.8467695877,1.0,49.99999999999999,-4.08749592148532e-05,1.9852001453791455,-547220.6593053892,1.0,-547218.170714219,1.9854403365219253,0.18746419856324792,-2.6760553687345237,-2.4885911701712757,0.555,0.003495379597315929,-0.24496782894422184,0.08282405083883337,0.30428502786428013,0.0061111330045622745,-0.013873172581460225,-0.09117720841923295
SPLN43,?,,tierA_p95,Endothelial,tnfa_nfkb_proximal,53632,9138,ctrl+N2,6.999999999999999,-0.0005556453836693046,1.9851607994067135,-547219.7222834019,,49.99999999999999,-3.083456507518719e-05,1.985017268957689,-547223.6001069719,,,,-3.877823570069117,,,,,,,,0.0061111330045622745,,
SPLN43,?,,tierA_p95,Mono/Mac/DC,downstream_arrest,37100,9138,naive,7.361938632551805,0.0005947523385269625,1.0044306742279376,-390170.89548968605,0.0,49.99999999999999,6.739807000504674e-05,1.0037747467694893,-390195.130968108,1.0,-390167.9400908448,1.0046189995882102,-24.235478421964217,-2.9553988412371837,-27.1908772632014,0.99,-0.6532473968184425,-1.361185054347482,-0.06897312912408411,0.31804572229972594,0.005203717828070961,0.028989155634932706,0.11429373345424954
SPLN43,?,,tierA_p95,Mono/Mac/DC,downstream_arrest,37100,9138,ctrl,6.999999999999999,0.0006009441928391764,0.9821750934799532,-390960.1792840462,1.0,6.999999999999999,0.0004715698448544944,0.9821412624008086,-390961.4572177483,1.0,-390957.8348365375,0.9823430689830706,-1.2779337021056563,-2.3444475086871535,-3.6223812107928097,0.84,-0.03444565234786136,-0.33009901438335165,0.07556078563222163,0.9351437690600045,0.005203717828070961,0.014641921959208846,0.11548362393555556
SPLN43,?,,tierA_p95,Mono/Mac/DC,downstream_arrest,37100,9138,ctrl+N2,6.999999999999999,0.0005986634448981502,0.982136875184131,-390959.6229435033,,49.99999999999999,2.7076745391976474e-05,0.9819570601608195,-390966.4160375234,,,,-6.793094020037907,,,,,,,,0.005203717828070961,,
SPLN43,?,,tierA_p95,Mono/Mac/DC,emt_ecm,37100,9138,naive,49.99999999999999,9.071413516132717e-05,2.0517952622821305,-363670.57844640035,1.0,49.99999999999999,-4.8735837853004804e-05,2.0513601204280394,-363678.4473966796,1.0,-363674.4645139677,2.051801563262844,-7.868950279254932,3.886067567334976,-3.982882711919956,0.88,-0.21210108569420302,-1.038474553828823,0.06975902322038947,0.43243579632995743,0.007436707897094479,-0.014667954623979669,0.012198157626248976
SPLN43,?,,tierA_p95,Mono/Mac/DC,emt_ecm,37100,9138,ctrl,14.178039470333344,-0.00029786238118195105,1.9660394456880603,-365212.5281525302,0.0,49.99999999999999,-0.00011163392223503329,1.9648234197736487,-365235.4821778462,1.0,-365214.7565540972,1.966133330204592,-22.95402531599393,2.2284015670302324,-20.7256237489637,1.0,-0.6187068818327205,-1.1781754258821646,-0.135814217829738,0.3809204979739435,0.007436707897094479,-0.03359830010061861,-0.040052989207532655
SPLN43,?,,tierA_p95,Mono/Mac/DC,emt_ecm,37100,9138,ctrl+N2,27.304873519796445,-0.0002784274076141279,1.9659532046326167,-365212.1555935974,,47.54182525407475,-0.0001104169869067893,1.9647624848549237,-365234.6327751558,,,,-22.477181558471102,,,,,,,,0.007436707897094479,,
SPLN43,?,,tierA_p95,Mono/Mac/DC,il6_jak_stat3,37100,9138,naive,49.99999999999999,0.0007055210573027494,5.926066245215509,-324320.63113042794,1.0,21.2211739115045,0.0002798926210774509,5.925163752668806,-324326.28159431287,0.0,-324322.24512391735,5.926447379644966,-5.650463884929195,1.6139934894163162,-4.036470395512879,0.95,-0.15230360875819932,-0.5531325373231191,0.027547776243273734,0.7252384383404619,0.012638928632267945,0.014717098661895366,0.05582127075594765
SPLN43,?,,tierA_p95,Mono/Mac/DC,il6_jak_stat3,37100,9138,ctrl,8.14292620081837,-0.0011404118863732541,5.234856140240358,-328879.82003442576,0.0,49.99999999999999,-0.0001914201400941482,5.231835444876499,-328901.2342129557,1.0,-328878.28952673153,5.235636559921394,-21.414178529928904,-1.5305076942313462,-22.94468622416025,0.98,-0.577201577626116,-1.031091246149174,-0.01301131244941267,0.32934716957516597,0.012638928632267945,-0.033898400983487106,-0.0902301072712353
SPLN43,?,,tierA_p95,Mono/Mac/DC,il6_jak_stat3,37100,9138,ctrl+N2,8.14292620081837,-0.0011401429601410233,5.234855586913689,-328877.82395591284,,49.99999999999999,-0.0001742284372140668,5.23153801897272,-328901.3433799602,,,,-23.519424047424245,,,,,,,,0.012638928632267945,,
SPLN43,?,,tierA_p95,Mono/Mac/DC,interferon_response,37100,9138,naive,30.20149733539872,0.0014601139648229204,2.659031677624208,-354052.51927499246,0.0,23.47241150476913,0.0004706916599346383,2.656724817064203,-354084.7195957687,0.0,-354023.0107028013,2.661434389338171,-32.200320776260924,-29.508572191174608,-61.70889296743553,1.0,-0.867933174562289,-2.2747353102692656,-0.19884121989993794,0.6916872600521283,0.008469756548623026,0.042066158207536966,0.17239149156983827
SPLN43,?,,tierA_p95,Mono/Mac/DC,interferon_response,37100,9138,ctrl,13.48099749887925,0.0002240308299165013,2.354999713493891,-358515.2539473531,0.0,49.99999999999999,-2.5728090539678204e-05,2.35498215513054,-358515.5305578788,1.0,-358518.44081559306,2.3550513292903057,-0.27661052567418665,3.1868682399508543,2.9102577142766677,0.815,-0.007455809317363522,-0.25329146405378855,0.04735231038066924,0.37705940077242756,0.008469756548623026,-0.006798897166455288,0.02645068115050751
SPLN43,?,,tierA_p95,Mono/Mac/DC,interferon_response,37100,9138,ctrl+N2,9.006764443646388,0.0002613088179941374,2.354922214148568,-358514.4748702286,,6.999999999999999,0.00027580935090378407,2.3549271303775132,-358514.3974188791,,,,0.07745134951219725,,,,,,,,0.008469756548623026,,
SPLN43,?,,tierA_p95,Mono/Mac/DC,oxidative_stress,37100,9138,naive,49.99999999999999,0.0019544528275218264,13.233386294067643,-294515.148792543,1.0,20.177866835741543,0.00043855879910788904,13.233539623083765,-294514.7189348016,0.0,-294510.94974251627,13.23631117779919,0.42985774140106514,-4.199050026712939,-3.769192285311874,0.625,0.011586462032373724,-0.4335434181251026,0.19610438260723134,0.7391944964250725,0.01888845907410258,0.014470323623013535,0.10347338656640587
SPLN43,?,,tierA_p95,Mono/Mac/DC,oxidative_stress,37100,9138,ctrl,6.999999999999999,-0.0011549432913644333,11.976532093038333,-298175.499700446,1.0,49.99999999999999,-0.0001825591538992297,11.97367697340014,-298184.34512962657,1.0,-298177.57893027185,11.97715216746257,-8.84542918059742,2.0792298258747905,-6.76619935472263,0.975,-0.2384212717142162,-0.5775989624559349,-0.0018361778221789202,0.3122251622695362,0.01888845907410258,-0.02163261042254997,-0.06114544795699069
SPLN43,?,,tierA_p95,Mono/Mac/DC,oxidative_stress,37100,9138,ctrl+N2,6.999999999999999,-0.0011498101543107268,11.976341020093146,-298174.0915965607,,49.99999999999999,-0.00017001364757063576,11.973521872535503,-298182.8257070933,,,,-8.734110532535293,,,,,,,,0.01888845907410258,,
SPLN43,?,,tierA_p95,Mono/Mac/DC,secondary_senescence,37100,9138,naive,49.99999999999999,-0.0003816306498142069,1.5494245122807264,-374089.4296201329,1.0,28.716686174618605,-0.0001398042846928949,1.5488246200328037,-374103.7964458629,0.0,-374090.759489103,1.5495360302147096,-14.36682573001599,1.329868970089592,-13.036956759926397,0.985,-0.3872459765502962,-0.9325260680306346,-0.028058007805546358,0.6285646935949047,0.006462698338705597,-0.021426892895051314,-0.05905128628231652
SPLN43,?,,tierA_p95,Mono/Mac/DC,secondary_senescence,37100,9138,ctrl,49.99999999999999,-2.6483706417594553e-05,1.5130458391677752,-374928.88289464806,1.0,22.318425721029357,-4.3222718436050906e-05,1.5130189180580813,-374929.5430081947,0.0,-374932.87072184024,1.5130463356103443,-0.6601135466480628,3.9878271921770647,3.327713645529002,0.78,-0.017792817968950478,-0.17575257240292785,0.03918713456240643,0.7105642367039023,0.006462698338705597,-0.0047420869703121,-0.004097933251020501
SPLN43,?,,tierA_p95,Mono/Mac/DC,secondary_senescence,37100,9138,ctrl+N2,49.99999999999999,-2.6562628966595157e-05,1.5130457727448838,-374926.8845233425,,22.318425721029357,-4.2667865817949464e-05,1.513017656737036,-374927.5739364467,,,,-0.6894131041837863,,,,,,,,0.006462698338705597,,
SPLN43,?,,tierA_p95,Mono/Mac/DC,tnfa_nfkb_proximal,37100,9138,naive,6.999999999999999,-0.00011630748091622498,1.5165432711280133,-374885.2245570701,1.0,49.99999999999999,-1.617814743833142e-05,1.5165012013310997,-374886.253747034,1.0,-374889.0637130544,1.5165498459915854,-1.0291899638832547,3.839155984285753,2.8099660204024985,0.61,-0.027740969376907135,-0.2100305108997139,0.07731823387294337,0.3122251622695362,0.006393540047532027,-0.005663556580454833,-0.018191405705346206
SPLN43,?,,tierA_p95,Mono/Mac/DC,tnfa_nfkb_proximal,37100,9138,ctrl,49.99999999999999,0.0001257418237995763,1.5020468944083658,-375199.56290137017,1.0,49.99999999999999,-3.877930655443802e-05,1.5019010081599444,-375203.16641248035,1.0,-375203.2864876992,1.502058085455337,-3.603511110180989,3.7235863290261477,0.12007521884515882,0.755,-0.09712967951970321,-0.3008959668223005,0.06988336726584671,0.43243579632995743,0.006393540047532027,-0.013575645645402446,0.01966701120898538
SPLN43,?,,tierA_p95,Mono/Mac/DC,tnfa_nfkb_proximal,37100,9138,ctrl+N2,49.99999999999999,0.0001245549329431626,1.5020317077244318,-375197.9380087149,,49.99999999999999,-2.430397684104165e-05,1.5016922546331462,-375206.32340624015,,,,-8.38539752529439,,,,,,,,0.006393540047532027,,
SPLN43,?,,tierA_p95,Neutrophils,downstream_arrest,2553,9138,naive,6.999999999999999,0.0018315171851254759,0.12701328413338614,-25288.369904234496,1.0,11.58882939190469,0.0009386996550259166,0.12692473550932445,-25290.15037528574,0.0,-25290.188732345054,0.12712184511386304,-1.7804710512427846,1.8188281105576607,0.038357059314876096,0.895,-0.697403466996782,-3.3703134819655274,0.5309251090259857,0.8338821978427482,0.007056424294254815,0.03937710641767088,0.25955315447189076
SPLN43,?,,tierA_p95,Neutrophils,downstream_arrest,2553,9138,ctrl,6.999999999999999,0.0014344310773437715,0.11354204925559586,-25532.60826656746,1.0,17.345738419684505,0.0005951342981045796,0.11342469902410059,-25535.24825828409,0.0,-25535.187707886922,0.11360524472208532,-2.6399917166309024,2.5794413194635126,-0.06055039716738975,0.895,-1.0340743112537807,-4.644897651918,0.35365833252841,0.7028199631750135,0.007056424294254815,0.040560328506962104,0.2032801624908487
SPLN43,?,,tierA_p95,Neutrophils,downstream_arrest,2553,9138,ctrl+N2,6.999999999999999,0.0013892202324740522,0.11352139632507802,-25531.072691227473,,16.49296129703063,0.0006284111072438211,0.11341767782897277,-25533.40629851815,,,,-2.3336072906818406,,,,,,,,0.007056424294254815,,
SPLN43,?,,tierA_p95,Neutrophils,emt_ecm,2553,9138,naive,49.99999999999999,0.0006515932374889656,0.11570496177120851,-25526.432462803743,1.0,49.99999999999999,0.0001685484117664163,0.11543724238467563,-25532.346466280127,1.0,-25529.92708672173,0.11572786827659748,-5.914003476384096,3.494623917988065,-2.419379558396031,0.95,-2.3164917651328225,-7.9300908364841165,0.16110902495764542,0.46308600338173106,0.006732766754421746,0.05011274295030744,0.09677941642108011
SPLN43,?,,tierA_p95,Neutrophils,emt_ecm,2553,9138,ctrl,6.999999999999999,-0.0008231760111882925,0.1086440700907563,-25645.185658908365,1.0,49.99999999999999,8.222504446317841e-05,0.10862279992663292,-25645.68553014208,1.0,-25648.697198955495,0.10866485871370943,-0.49987123371465714,3.511540047129529,3.0116688134148717,0.72,-0.19579758469042582,-2.699150922692635,0.8924607857913376,0.32269961615473597,0.006732766754421746,0.024447115662954495,-0.12226415099340955
SPLN43,?,,tierA_p95,Neutrophils,emt_ecm,2553,9138,ctrl+N2,6.999999999999999,-0.0006766883445847934,0.10842006527281263,-25648.454926466235,,6.999999999999999,-0.0005980814182078054,0.10846099632729243,-25647.49129245821,,,,0.963634008028405,,,,,,,,0.006732766754421746,,
SPLN43,?,,tierA_p95,Neutrophils,il6_jak_stat3,2553,9138,naive,49.99999999999999,-0.0012299775361216357,0.22843204865628902,-23789.893943678264,1.0,49.99999999999999,-0.00010354318748090825,0.22840398915887333,-23790.207561217438,1.0,-23792.98189868365,0.22851366930855083,-0.3136175391737197,3.0879550053869025,2.774337466213183,0.635,-0.12284274938257725,-1.4719502145181742,1.0662611940852298,0.46308600338173106,0.009460861495570419,-0.021908261959805712,-0.13000692765320632
SPLN43,?,,tierA_p95,Neutrophils,il6_jak_stat3,2553,9138,ctrl,49.99999999999999,-0.0021388516542289564,0.22227002636445328,-23817.707792362195,1.0,49.99999999999999,-0.0002036322959146573,0.2222364919556279,-23818.092998618416,1.0,-23819.14983270325,0.22249283979458565,-0.38520625622186344,1.4420403410549625,1.056834084833099,0.6,-0.15088376663606087,-2.252925086587495,1.9730139358220788,0.46308600338173106,0.009460861495570419,-0.043085690047909415,-0.2260736672875186
SPLN43,?,,tierA_p95,Neutrophils,il6_jak_stat3,2553,9138,ctrl+N2,49.99999999999999,-0.002155842895549801,0.2222640066139874,-23815.776936327788,,49.99999999999999,-0.00014425706348433203,0.22197746590420533,-23819.070363793606,,,,-3.293427465817271,,,,,,,,0.009460861495570419,,
SPLN43,?,,tierA_p95,Neutrophils,interferon_response,2553,9138,naive,6.999999999999999,0.000390031435272586,0.11485494796491216,-25545.257028462136,1.0,33.40540803599722,4.627268260211918e-05,0.11485324501611978,-25545.29488195104,0.0,-25549.147596854105,0.11485987120463916,-0.037853488902328536,3.890568391969282,3.8527149030669534,0.595,-0.014827061849717405,-1.1622227861007375,1.3810450590921781,0.4619711095418308,0.0067074702496746075,0.007595348950455549,0.05814881329266549
SPLN43,?,,tierA_p95,Neutrophils,interferon_response,2553,9138,ctrl,6.999999999999999,0.0003926900713073613,0.1115984991297431,-25576.68745859898,1.0,49.99999999999999,-4.6661132934072996e-05,0.11158970706882006,-25576.88859943819,1.0,-25580.579106027035,0.11160323561270785,-0.20114083920998382,3.891647428055876,3.690506588845892,0.575,-0.07878607097923378,-1.893347444165963,1.4531209399188287,0.32269961615473597,0.0067074702496746075,-0.013925589977757264,0.05854518270399578
SPLN43,?,,tierA_p95,Neutrophils,interferon_response,2553,9138,ctrl+N2,49.99999999999999,0.00013297668875619342,0.1115435877850382,-25575.94395545979,,49.99999999999999,-1.5298472265361652e-05,0.11151859865863134,-25576.515968502434,,,,-0.5720130426471913,,,,,,,,0.0067074702496746075,,
SPLN43,?,,tierA_p95,Neutrophils,oxidative_stress,2553,9138,naive,6.999999999999999,0.0016554651076827525,2.0010221413191243,-18249.438155153694,1.0,33.40540803599722,-0.0002540162602058051,2.000911153492345,-18249.579762672343,0.0,-18253.324998233136,2.0011108348254245,-0.14160751864983467,3.8868430794427695,3.745235560792935,0.65,-0.05546710483738138,-1.8493340892087382,1.1852968033930193,0.4619711095418308,0.02799691406827591,-0.009989256432313295,0.059130270700065345
SPLN43,?,,tierA_p95,Neutrophils,oxidative_stress,2553,9138,ctrl,49.99999999999999,-0.0017978367344117078,1.743159869177,-18559.64655704187,1.0,20.177866835741543,-0.000593989481711976,1.743065011451372,-18559.78548770864,0.0,-18563.41602422362,1.7433172815159652,-0.1389306667697383,3.769467181751679,3.630536514981941,0.65,-0.05441859254592178,-2.1262472647350217,1.085646443069546,0.7577114615936057,0.02799691406827591,-0.012243199352260162,-0.06421553211054327
SPLN43,?,,tierA_p95,Neutrophils,oxidative_stress,2553,9138,ctrl+N2,6.999999999999999,0.00012458438833741882,1.7430596391813764,-18557.793356277136,,49.99999999999999,-4.336083911037877e-05,1.7408541950218206,-18561.02564040321,,,,-3.232284126077919,,,,,,,,0.02799691406827591,,
SPLN43,?,,tierA_p95,Neutrophils,secondary_senescence,2553,9138,naive,49.99999999999999,-0.0016151365500333206,0.08993253398056904,-26169.746979857435,1.0,8.14292620081837,-0.0005470098397704659,0.09004587764759128,-26166.53141175074,0.0,-26169.754722152105,0.09007327613411281,3.2155681066942634,0.007742294670606498,3.22331040136487,0.13,1.2595253061865506,-1.2254018146968462,3.545526866402265,0.8279532099356293,0.005939810259607474,-0.017440756029725415,-0.27191719586479485
SPLN43,?,,tierA_p95,Neutrophils,secondary_senescence,2553,9138,ctrl,49.99999999999999,-0.0018251558124404662,0.08614309749280114,-26237.653448555506,1.0,6.999999999999999,-0.0006456561420582087,0.08628151055885862,-26233.554629511735,1.0,-26236.85255468433,0.08630524123124642,4.098819043771073,-0.8008938711755036,3.297925172595569,0.085,1.605491203983969,-0.24515062051625633,4.347039660789316,0.8096572398775262,0.005939810259607474,-0.016769885178186377,-0.30727510347339015
SPLN43,?,,tierA_p95,Neutrophils,secondary_senescence,2553,9138,ctrl+N2,49.99999999999999,-0.0018082524588069948,0.08613701393356205,-26235.833751744485,,6.999999999999999,-0.0005966846306543623,0.08623079840764683,-26233.055602126948,,,,2.778149617534826,,,,,,,,0.005939810259607474,,
SPLN43,?,,tierA_p95,Neutrophils,tnfa_nfkb_proximal,2553,9138,naive,6.999999999999999,0.0001951205058144856,0.08752700106296155,-26238.9650326586,1.0,49.99999999999999,-5.181444598713445e-05,0.08750076774766867,-26239.73032441658,1.0,-26242.92909388136,0.0875282331959557,-0.7652917579798668,3.964061222759483,3.198769464779616,0.72,-0.29976175400699834,-2.561568531784067,0.5573423278351811,0.32269961615473597,0.0058552935596588905,-0.01771410704807979,0.033323778525039295
SPLN43,?,,tierA_p95,Neutrophils,tnfa_nfkb_proximal,2553,9138,ctrl,49.99999999999999,-0.000528146274201354,0.085343841308105,-26261.45136376609,1.0,31.763081427768892,-0.00015956859466575147,0.08530657481383626,-26262.56640776707,0.0,-26265.044933194455,0.08535742889421562,-1.1150440009805607,3.5935694283652992,2.4785254273847386,0.78,-0.43675832392501396,-2.6993393054219057,0.5418958387502806,0.6248800520960285,0.0058552935596588905,-0.02800686834763246,-0.09019979420842601
SPLN43,?,,tierA_p95,Neutrophils,tnfa_nfkb_proximal,2553,9138,ctrl+N2,8.14292620081837,-0.00011236204784223489,0.08533570748600613,-26259.694692834873,,35.13265199376635,-0.00012410195353769246,0.08526452854922917,-26261.82505138958,,,,-2.130358554703596,,,,,,,,0.0058552935596588905,,
SPLN43,?,,tierA_p95,Plasma cells,downstream_arrest,9366,9138,naive,49.99999999999999,0.004854866592768238,1.8430627879690593,-79915.9428170177,1.0,49.99999999999999,0.0012469176457832237,1.7467783421943253,-80418.48118971034,1.0,-79897.34658323125,1.8475146943938412,-502.5383726926375,-18.596233786447556,-521.134606479085,1.0,-53.65560246558162,-81.27508102629434,-32.03595673576403,0.40754019525240986,0.014044842518376198,0.2335065995925973,0.34566899458434563
SPLN43,?,,tierA_p95,Plasma cells,downstream_arrest,9366,9138,ctrl,6.999999999999999,0.002647775267829978,1.0093172484829385,-85513.72313583248,1.0,49.99999999999999,0.0004292891956982107,1.0048190605961123,-85555.55754157934,1.0,-85508.96730034628,1.010261253171393,-41.83440574686392,-4.755835486197611,-46.59024123306153,0.99,-4.466624572588503,-8.477713663261937,-0.7155437338273144,0.2877587034464405,0.014044842518376198,0.0803917248812094,0.1885229588140358
SPLN43,?,,tierA_p95,Plasma cells,downstream_arrest,9366,9138,ctrl+N2,49.99999999999999,0.0020309193313839085,1.009225237981495,-85512.57698990086,,49.99999999999999,0.00032561380324431615,1.0023954815715908,-85576.17520570828,,,,-63.59821580742302,,,,,,,,0.014044842518376198,,
SPLN43,?,,tierA_p95,Plasma cells,emt_ecm,9366,9138,naive,49.99999999999999,-0.0002940090921238241,0.33297702524960887,-95942.204051147,1.0,49.99999999999999,-0.00013947622986066008,0.33173294470876924,-95977.26316708517,1.0,-95945.74480852752,0.33299335249606976,-35.05911593817291,3.5407573805277934,-31.518358557645115,1.0,-3.743232536640285,-6.607809182907795,-1.43633906762653,0.40754019525240986,0.005962669051544251,-0.061523035756071535,-0.04930830296515809
SPLN43,?,,tierA_p95,Plasma cells,emt_ecm,9366,9138,ctrl,23.47241150476913,-0.00019335627934560594,0.28878616955490916,-97233.800485566,0.0,49.99999999999999,-6.96896348367608e-05,0.2886534601458607,-97238.10554633115,1.0,-97237.44351243637,0.28879717648073866,-4.30506076515303,3.643026870369795,-0.6620338947832352,0.935,-0.45964774345003523,-1.178682475250065,0.04827326186991955,0.383616012938102,0.005962669051544251,-0.030740133284165562,-0.03242780668216048
SPLN43,?,,tierA_p95,Plasma cells,emt_ecm,9366,9138,ctrl+N2,28.716686174618605,-0.00020329227154443965,0.28878010517153224,-97231.99716953872,,49.99999999999999,-6.846348987764723e-05,0.2886531237899901,-97236.11646014772,,,,-4.119290609007459,,,,,,,,0.005962669051544251,,
SPLN43,?,,tierA_p95,Plasma cells,il6_jak_stat3,9366,9138,naive,19.185852382096297,-0.0018475574149755109,0.920355472287146,-86419.91844217763,0.0,49.99999999999999,-0.0002932405501832266,0.9158976595661009,-86465.39360597054,1.0,-86412.59359998185,0.9214689875988717,-45.47516379291483,-7.324842195783276,-52.8000059886981,1.0,-4.85534526936951,-8.715190584778357,-1.6159664300058902,0.37315475482150334,0.00991889481945148,-0.07775691169410788,-0.18626645895731106
SPLN43,?,,tierA_p95,Plasma cells,il6_jak_stat3,9366,9138,ctrl,11.58882939190469,-0.0013624766376780853,0.890247466144832,-86689.43630777008,0.0,49.99999999999999,-0.00014455351882833398,0.8901017001017504,-86690.96998980103,1.0,-86688.51779076348,0.8907150987768184,-1.5336820309457835,-0.9185170066048158,-2.4521990375505993,0.595,-0.16374994991947292,-1.8598869856071576,0.6985247394571157,0.3371477580914493,0.00991889481945148,-0.0383304259645679,-0.13736173861515644
SPLN43,?,,tierA_p95,Plasma cells,il6_jak_stat3,9366,9138,ctrl+N2,9.962242533302096,-0.001457057743835736,0.8902374243778176,-86687.54195448503,,49.99999999999999,-0.00014340366486447606,0.8901013957359586,-86688.9731924581,,,,-1.4312379730609557,,,,,,,,0.00991889481945148,,
SPLN43,?,,tierA_p95,Plasma cells,interferon_response,9366,9138,naive,49.99999999999999,-0.0014199548485796997,0.537779655012932,-91452.37387923744,1.0,49.99999999999999,-0.00019499918472901738,0.5356968587481381,-91488.71839920548,1.0,-91449.74352777119,0.5381604932064727,-36.34451996804273,-2.6303514662431553,-38.97487143428589,1.0,-3.8804740516808383,-7.26528230603579,-1.3503103278018398,0.40754019525240986,0.007580167975097468,-0.06766003662191657,-0.18732498449338342
SPLN43,?,,tierA_p95,Plasma cells,interferon_response,9366,9138,ctrl,49.99999999999999,-0.0010055951116185345,0.5245561234487235,-91643.55437898611,1.0,49.99999999999999,-0.0001460010123317949,0.5241015798496058,-91651.67381701164,1.0,-91644.4305246826,0.5247311085226527,-8.119438025532872,0.8761456964857643,-7.243292329047108,0.93,-0.8669056187842059,-2.632934747531424,0.12308280414392116,0.40754019525240986,0.007580167975097468,-0.05065884688150774,-0.1326613229138821
SPLN43,?,,tierA_p95,Plasma cells,interferon_response,9366,9138,ctrl+N2,49.99999999999999,-0.0010221673656808433,0.5243810659797715,-91644.68056859204,,49.99999999999999,-0.00010101457500820578,0.5236445490438648,-91657.84478644788,,,,-13.164217855835338,,,,,,,,0.007580167975097468,,
SPLN43,?,,tierA_p95,Plasma cells,oxidative_stress,9366,9138,naive,14.911122358641625,-0.0012148101310292146,2.5553427834220117,-76855.53085435898,0.0,42.98209161773131,-0.00011191209869690332,2.5552898162303186,-76855.7249949894,0.0,-76857.85045231141,2.555801291693744,-0.194140630424954,2.31959795243165,2.125457322006696,0.59,-0.020728233015690156,-0.9843276117793968,0.5249128513971234,0.4019542347631471,0.016519103183481838,-0.014146495298752927,-0.07353971444227166
SPLN43,?,,tierA_p95,Plasma cells,oxidative_stress,9366,9138,ctrl,49.99999999999999,-0.0011059940446546902,2.521167346016624,-76939.63795323,1.0,49.99999999999999,-8.433943557745813e-05,2.5211690772473467,-76939.63152180392,1.0,-76942.85304452768,2.5213786388963517,0.006431426081690006,3.2150912976794643,3.2215227237611543,0.605,0.0006866779929201373,-0.6446058475601829,0.4994486054988047,0.40754019525240986,0.016519103183481838,-0.013428344886040895,-0.06695242667251264
SPLN43,?,,tierA_p95,Plasma cells,oxidative_stress,9366,9138,ctrl+N2,49.99999999999999,-0.0010742509528264927,2.5205473774968548,-76939.94138589285,,8.14292620081837,-0.00022824291104290155,2.520960927942826,-76938.40481657628,,,,1.5365693165561376,,,,,,,,0.016519103183481838,,
SPLN43,?,,tierA_p95,Plasma cells,secondary_senescence,9366,9138,naive,49.99999999999999,-0.001127200954824855,0.24509057411323704,-98812.3741202369,1.0,49.99999999999999,-0.000207944846123362,0.24252895902971308,-98910.77997131663,1.0,-98807.2075024189,0.24533056465295977,-98.40585107973311,-5.166617818002123,-103.57246889773523,1.0,-10.506710557306546,-15.710609231012414,-6.1531847556668575,0.40754019525240986,0.00511798198052252,-0.10686307598810499,-0.22024324409394075
SPLN43,?,,tierA_p95,Plasma cells,secondary_senescence,9366,9138,ctrl,6.999999999999999,-0.0007425419454655797,0.22310531541430803,-99650.62738453469,1.0,49.99999999999999,-0.00010851134600272459,0.22283145068143362,-99662.13133579232,1.0,-99651.5035361361,0.2231797402938545,-11.503951257633162,0.8761516014055815,-10.62779965622758,0.99,-1.2282672707274356,-3.096028468268182,-0.05460121748547325,0.2877587034464405,0.00511798198052252,-0.055764095286023774,-0.14508490810369853
SPLN43,?,,tierA_p95,Plasma cells,secondary_senescence,9366,9138,ctrl+N2,20.177866835741543,-0.00042144145464122597,0.2230130589932952,-99652.50112612927,,49.99999999999999,-8.739476151871818e-05,0.2227317033746946,-99664.32483016913,,,,-11.823704039868444,,,,,,,,0.00511798198052252,,
SPLN43,?,,tierA_p95,Plasma cells,tnfa_nfkb_proximal,9366,9138,naive,30.20149733539872,-0.001143422226824309,0.37569262962289685,-94811.74807878095,0.0,49.99999999999999,-0.00020406515708570972,0.37336838191186567,-94869.87144547462,1.0,-94806.43408527612,0.37606642197538215,-58.12336669367505,-5.313993504823884,-63.437360198498936,1.0,-6.205783332658024,-9.575617337962825,-2.7576054472421028,0.3939555121825055,0.006336584086346689,-0.08470165926251502,-0.18044773194244676
SPLN43,?,,tierA_p95,Plasma cells,tnfa_nfkb_proximal,9366,9138,ctrl,12.818224546846722,-0.0009629280790329446,0.36241019126014706,-95106.87387061557,0.0,49.99999999999999,-0.0001803538410908934,0.36170094720969825,-95125.22128042011,1.0,-95104.40312075111,0.36266065847753093,-18.347409804540803,-2.470749864456593,-20.818159668997396,0.995,-1.9589376259385867,-4.015884837625424,-0.28598639709669066,0.3455150270527093,0.006336584086346689,-0.0748597644641041,-0.15196327638984278
SPLN43,?,,tierA_p95,Plasma cells,tnfa_nfkb_proximal,9366,9138,ctrl+N2,18.24260882600192,-0.0009065332499022785,0.3623453542675586,-95106.54964468296,,49.99999999999999,-0.00016527777741264055,0.3616496422611117,-95124.54988139524,,,,-18.00023671227765,,,,,,,,0.006336584086346689,,
SPLN43,?,,tierA_p95,Stromal,downstream_arrest,27296,9138,naive,6.999999999999999,0.0009308890691819399,0.7242413627650649,-287613.3917998757,1.0,42.98209161773131,0.00012908374013810618,0.7228954843722281,-287664.1639259196,0.0,-287603.29670535645,0.7246154427248466,-50.772126043913886,-10.095094519259874,-60.86722056317376,1.0,-1.8600573726521792,-3.3374863375543145,-0.765159498135711,0.36016297353943316,0.005152337316060154,0.04871976364545001,0.18067316091662475
SPLN43,?,,tierA_p95,Stromal,downstream_arrest,27296,9138,ctrl,6.999999999999999,0.0003634225642202044,0.7142036885820359,-287952.3487250116,1.0,49.99999999999999,3.4465685842171375e-05,0.714158255211826,-287954.0851886286,1.0,-287954.2794048368,0.7142578346885637,-1.7364636170095764,1.9306798252509907,0.19421620824141428,0.82,-0.06361604693030394,-0.4284964406054271,0.09336011720339117,0.31597774996538147,0.005152337316060154,0.016411325207420217,0.07053547581538544
SPLN43,?,,tierA_p95,Stromal,downstream_arrest,27296,9138,ctrl+N2,6.999999999999999,0.0003634986547412889,0.7141360251957236,-287952.93486019544,,6.999999999999999,0.000308736090474982,0.7141250767169481,-287953.35334064875,,,,-0.4184804532739771,,,,,,,,0.005152337316060154,,
SPLN43,?,,tierA_p95,Stromal,emt_ecm,27296,9138,naive,49.99999999999999,-0.003072213738485294,5.59692811863954,-231797.20809493054,1.0,8.14292620081837,-0.0017374191800420917,5.598314989488582,-231790.44521778292,0.0,-231774.2304150215,5.602462511059496,6.762877147615654,-22.977679909032304,-16.21480276141665,0.36,0.24776073958146447,-1.075218390485311,0.9345355009838369,0.8170505266314408,0.014326495734682795,-0.027208515490933893,-0.21444279153578188
SPLN43,?,,tierA_p95,Stromal,emt_ecm,27296,9138,ctrl,6.999999999999999,0.0005237895125510328,5.0367335058022995,-234633.84804773427,1.0,49.99999999999999,0.00015867329660837782,5.034718454139951,-234644.7705743229,1.0,-234637.24064617022,5.036845586467894,-10.922526588634355,3.3925984359520953,-7.52992815268226,0.96,-0.40015117924363847,-1.1601472770514074,0.02726348902494116,0.31597774996538147,0.014326495734682795,0.027172205122473723,0.03656089543561151
SPLN43,?,,tierA_p95,Stromal,emt_ecm,27296,9138,ctrl+N2,49.99999999999999,0.00039421995181481686,5.036625202228274,-234632.43499285207,,49.99999999999999,0.00012512092535635013,5.033876577017821,-234647.33523858996,,,,-14.900245737938997,,,,,,,,0.014326495734682795,,
SPLN43,?,,tierA_p95,Stromal,il6_jak_stat3,27296,9138,naive,49.99999999999999,0.003657641854668454,3.3435962825819545,-245859.31401716618,1.0,28.716686174618605,0.000543757083219556,3.3419167729852886,-245873.02841560767,0.0,-245799.34853673825,3.351440858183,-13.714398441486992,-59.965480427927105,-73.6798788694141,0.76,-0.5024325337590486,-3.446553537975925,0.8006342918843624,0.6231702085310659,0.011080676484136458,0.05330842553931936,0.33009192711065877
SPLN43,?,,tierA_p95,Stromal,il6_jak_stat3,27296,9138,ctrl,15.682109678112967,0.000493927790327411,3.2424806743600256,-246655.52728141885,0.0,49.99999999999999,-5.203247057545334e-05,3.2424701970472594,-246655.61548215774,1.0,-246657.71022408345,3.242696529042111,-0.08820073888637125,2.1829426645999774,2.094741925713606,0.55,-0.003231269742320166,-0.42374704086591986,0.35755165738180544,0.3905208171950266,0.011080676484136458,-0.011520443186595763,0.044575598880624505
SPLN43,?,,tierA_p95,Stromal,il6_jak_stat3,27296,9138,ctrl+N2,13.48099749887925,0.0005105681022247875,3.2424046858016737,-246654.1669792928,,49.99999999999999,-5.61517973716127e-05,3.242457168224128,-246653.7251625708,,,,0.4418167219534718,,,,,,,,0.011080676484136458,,
SPLN43,?,,tierA_p95,Stromal,interferon_response,27296,9138,naive,49.99999999999999,0.0014400273920163185,1.6379079215685737,-265338.48177163035,1.0,42.98209161773131,0.00017276394857233614,1.6360429268851142,-265369.5799174136,0.0,-265322.22561831673,1.639123851649275,-31.09814578323858,-16.256153313617688,-47.354299096856266,0.975,-1.1392931485653055,-2.9671076194481043,-0.015086081700776313,0.4860181470851929,0.007749191264692569,0.04335454787058699,0.1858293778851023
SPLN43,?,,tierA_p95,Stromal,interferon_response,27296,9138,ctrl,9.472463873139185,-0.0003910218189918669,1.5812165837579335,-266257.9896345101,0.0,8.563960425689007,-0.0002924000754697284,1.5811902227226131,-266258.4446998221,0.0,-266260.340936593,1.5813120932545766,-0.4550653120386414,2.3513020829414017,1.8962367709027603,0.72,-0.01667150175991506,-0.2659170912746613,0.07537046310765906,0.9036442040947359,0.007749191264692569,-0.009029807028747009,-0.050459693868056835
SPLN43,?,,tierA_p95,Stromal,interferon_response,27296,9138,ctrl+N2,6.999999999999999,-0.0004766107447980358,1.5811959892073475,-266256.3451534943,,8.563960425689007,-0.0002902955068574628,1.5811624546932364,-266256.92406199785,,,,-0.5789085035437317,,,,,,,,0.007749191264692569,,
SPLN43,?,,tierA_p95,Stromal,oxidative_stress,27296,9138,naive,6.999999999999999,-0.0019193828007564788,6.267596393052809,-228707.9823732116,1.0,6.999999999999999,-0.0010374518688272593,6.268192705507927,-228705.38549723368,1.0,-228705.0571356921,6.2691867396321355,2.5968759779061656,-2.9252375194919296,-0.3283615415857639,0.205,0.09513760176971592,-0.20862717094174577,0.2298166009434171,0.9259046730808933,0.015155005503446737,-0.012592009526736387,-0.12665008931823213
SPLN43,?,,tierA_p95,Stromal,oxidative_stress,27296,9138,ctrl,9.472463873139185,-0.0017283663433982626,6.108744460026855,-229366.71622421208,0.0,49.99999999999999,-0.00013717896841350965,6.10902555915757,-229365.46020419183,1.0,-229362.37882755295,6.11061062374058,1.2560200202569831,-4.3373966591316275,-3.0813766388746444,0.41,0.04601480144552254,-0.3159216816163765,0.2688426972120745,0.34793637456475496,0.015155005503446737,-0.022207130703970714,-0.11404590667361555
SPLN43,?,,tierA_p95,Stromal,oxidative_stress,27296,9138,ctrl+N2,9.006764443646388,-0.0017790577228439077,6.10872211424717,-229364.81607312895,,49.99999999999999,-0.00013735949014432187,6.10902553467602,-229363.46031357886,,,,1.355759550055426,,,,,,,,0.015155005503446737,,
SPLN43,?,,tierA_p95,Stromal,secondary_senescence,27296,9138,naive,49.99999999999999,0.0005028838329769414,1.7467261211780931,-263582.7081157128,1.0,49.99999999999999,4.8894881291628334e-05,1.7464816293495986,-263586.5290444626,1.0,-263584.390944073,1.746874407961178,-3.820928749802988,1.6828283601789735,-2.1381003896240145,0.72,-0.13998127014225484,-1.7710250159912422,0.12156551333698253,0.4377128424423338,0.007999840652632458,0.014994882744995726,0.0628617312206836
SPLN43,?,,tierA_p95,Stromal,secondary_senescence,27296,9138,ctrl,6.999999999999999,-0.0002413237609918246,1.7053443377233424,-264195.16247020767,1.0,49.99999999999999,1.830054807651928e-05,1.705339980024595,-264195.2322202836,1.0,-264198.7802611475,1.7053682167759519,-0.06975007592700422,3.61779093981022,3.548040863883216,0.62,-0.002555322242343355,-0.23411479332027943,0.13963067878321936,0.31597774996538147,0.007999840652632458,0.005612337433439035,-0.030166070980707296
SPLN43,?,,tierA_p95,Stromal,secondary_senescence,27296,9138,ctrl+N2,49.99999999999999,-0.00017522735698621855,1.7053298247180795,-264193.39476855856,,49.99999999999999,1.8917586609447092e-05,1.705339693082945,-264193.23681312724,,,,0.15795543130733503,,,,,,,,0.007999840652632458,,
SPLN43,?,,tierA_p95,Stromal,tnfa_nfkb_proximal,27296,9138,naive,49.99999999999999,0.0003255136696358496,1.544858980413459,-266934.9467052619,1.0,49.99999999999999,7.721550453894346e-05,1.5439415532185548,-266951.16147418326,1.0,-266937.84894629614,1.5449211110149599,-16.214768921374343,2.9022410342586227,-13.31252788711572,0.96,-0.5940346175767272,-1.9903465696332832,0.02872044081835185,0.4377128424423338,0.00752321804501855,0.02518035675226253,0.04326787654494721
SPLN43,?,,tierA_p95,Stromal,tnfa_nfkb_proximal,27296,9138,ctrl,15.682109678112967,-0.0003757098770876854,1.508110548089819,-267550.09945348726,0.0,6.999999999999999,-0.00026321453007060563,1.5081760782933027,-267548.91341737326,1.0,-267551.8382033645,1.5082354878766069,1.1860361139988527,1.7387498772586696,2.9247859912575223,0.36,0.04345091273442456,-0.22240992999192055,0.1977011011824579,0.8927794648923053,0.00752321804501855,-0.006435605218756259,-0.049940048897894065
SPLN43,?,,tierA_p95,Stromal,tnfa_nfkb_proximal,27296,9138,ctrl+N2,15.682109678112967,-0.0003752816320131664,1.5081081851688545,-267548.1422211353,,49.99999999999999,3.4959024770993386e-06,1.5081715049823678,-267546.99618840136,,,,1.1460327340078977,,,,,,,,0.00752321804501855,,
SPLN43,?,,tierA_p95,T/NK cells,downstream_arrest,24796,9138,naive,30.20149733539872,0.0009818394511705096,0.9422521610952889,-252363.70387644088,0.0,49.99999999999999,0.00023253624623429447,0.9337939825510463,-252587.29157117085,1.0,-252348.2442220728,0.9429919214671875,-223.58769472996937,-15.459654368081829,-239.0473490980512,1.0,-9.017087220921495,-13.660338075188688,-5.234959173286869,0.4323033840486074,0.0061668469798052995,0.09876231797547119,0.15921255290208217
SPLN43,?,,tierA_p95,T/NK cells,downstream_arrest,24796,9138,ctrl,11.019082036984365,7.160338556582871e-05,0.8842578382914247,-253896.85076553014,0.0,49.99999999999999,3.665366377355398e-05,0.8841568653724714,-253899.6823688819,1.0,-253900.75979398083,0.8842610824619808,-2.831603351776721,3.9090284506964963,1.0774250989197753,0.845,-0.11419597321248269,-0.345829959470508,0.0827360942744926,0.37744461137965624,0.0061668469798052995,0.015567468965343044,0.011611020313735489
SPLN43,?,,tierA_p95,T/NK cells,downstream_arrest,24796,9138,ctrl+N2,6.999999999999999,7.072128805084223e-05,0.8841750647134378,-253897.17197730788,,49.99999999999999,3.209267711176348e-05,0.8841409644148179,-253898.1283120249,,,,-0.9563347170462839,,,,,,,,0.0061668469798052995,,
SPLN43,?,,tierA_p95,T/NK cells,emt_ecm,24796,9138,naive,49.99999999999999,0.0004947822996353697,0.9913953834775118,-251103.06275625777,1.0,49.99999999999999,-2.0243943169223527e-05,0.9914503647368194,-251101.6876464618,1.0,-251103.94425542754,0.9915200754338103,1.3751097959757317,0.8814991697727237,2.2566089657484554,0.525,0.05545692030874866,-0.8896480536392213,0.30611342797860447,0.44252072469331233,0.006323535224450714,-0.008384920639310326,0.07824457079704238
SPLN43,?,,tierA_p95,T/NK cells,emt_ecm,24796,9138,ctrl,49.99999999999999,0.0005037484176098325,0.9218518557015336,-252864.448448414,1.0,49.99999999999999,5.436005510111181e-05,0.9217392587717504,-252867.47726912424,1.0,-252865.3075754931,0.9219686327187,-3.028820710227592,0.859127079078462,-2.16969363114913,0.755,-0.12214956889125633,-0.6208522472815957,0.1492718207078861,0.44252072469331233,0.006323535224450714,0.022515610924274378,0.07966246721965994
SPLN43,?,,tierA_p95,T/NK cells,emt_ecm,24796,9138,ctrl+N2,40.868941774896264,0.00045741425111249073,0.9215957141214205,-252869.3391099824,,49.99999999999999,3.7375693214536033e-05,0.9215200262782673,-252871.3756134083,,,,-2.036503425958807,,,,,,,,0.006323535224450714,,
SPLN43,?,,tierA_p95,T/NK cells,il6_jak_stat3,24796,9138,naive,49.99999999999999,0.00037428326892102677,3.0263299437113425,-223430.91283402473,1.0,49.99999999999999,-3.262649251567816e-05,3.0262202250499546,-223431.81182167528,1.0,-223434.3282173614,3.026401296500936,-0.8989876505511347,3.4153833366872277,2.516395686136093,0.57,-0.03625534967539663,-0.3739890730726741,0.18654393915089051,0.44252072469331233,0.011047714521502178,-0.0077350252130832685,0.03387879621243652
SPLN43,?,,tierA_p95,T/NK cells,il6_jak_stat3,24796,9138,ctrl,49.99999999999999,0.00017962107339265535,2.984596577625704,-223733.23152426278,1.0,42.98209161773131,-7.32279943645157e-05,2.984326466812623,-223735.47570388307,0.0,-223737.1080925134,2.984611434654804,-2.2441796202911064,3.876568250620039,1.6323886303289328,0.725,-0.09050571141680538,-0.4106523586061349,0.13548092091906186,0.48613234978456493,0.011047714521502178,-0.013813996472440717,0.016258663547722926
SPLN43,?,,tierA_p95,T/NK cells,il6_jak_stat3,24796,9138,ctrl+N2,9.006764443646388,0.00012976618673305425,2.9844656762029893,-223732.3190758882,,49.99999999999999,-6.731465981347176e-05,2.984292252664685,-223733.75998205598,,,,-1.4409061678308617,,,,,,,,0.011047714521502178,,
SPLN43,?,,tierA_p95,T/NK cells,interferon_response,24796,9138,naive,6.999999999999999,-0.0005880112634963938,1.9798949632816107,-233952.02551704293,1.0,49.99999999999999,-7.850554532413908e-05,1.9789766725816398,-233963.52876276505,1.0,-233954.3966132017,1.9800250312136911,-11.50324572212412,2.3710961587785278,-9.132149563345592,0.955,-0.46391537837248426,-1.4200041892724755,0.03010334749654794,0.33226512914442285,0.008936028113872252,-0.023010157820673897,-0.06580230678972074
SPLN43,?,,tierA_p95,T/NK cells,interferon_response,24796,9138,ctrl,6.999999999999999,-0.0005109227735039481,1.9338501436757174,-234493.49735626907,1.0,49.99999999999999,-2.946747829222534e-05,1.933875636310674,-234493.17048957152,1.0,-234496.30702939266,1.9339429799821102,0.32686669754912145,2.809673123585526,3.1365398211346474,0.525,0.013182234939067651,-0.32688469433143985,0.13449929686629347,0.33226512914442285,0.008936028113872252,-0.008636986384615282,-0.05717560049454389
SPLN43,?,,tierA_p95,T/NK cells,interferon_response,24796,9138,ctrl+N2,49.99999999999999,-5.5117250750939524e-05,1.9333610953596219,-234497.768770661,,6.999999999999999,-0.00030105822124472387,1.9334988073426311,-234496.00263151035,,,,1.7661391506602215,,,,,,,,0.008936028113872252,,
SPLN43,?,,tierA_p95,T/NK cells,oxidative_stress,24796,9138,naive,49.99999999999999,0.0007491065563877981,6.599457381794595,-204099.03911081966,1.0,24.6860647223019,9.93198605049043e-05,6.599526161916358,-204098.78068608665,0.0,-204101.9652170568,6.599743204894742,0.2584247330087237,2.9261062371369917,3.1845309701457154,0.365,0.01042203311053088,-0.25776641699369507,0.12837551054448323,0.659270741699377,0.01631446005567332,0.005734682145836839,0.04591672380118894
SPLN43,?,,tierA_p95,T/NK cells,oxidative_stress,24796,9138,ctrl,6.999999999999999,-0.0005034199875722303,6.507199806253188,-204406.12226653544,1.0,49.99999999999999,4.8031101756663196e-05,6.507111139996182,-204406.4601359037,1.0,-204409.77889019047,6.50728991893091,-0.33786936826072633,3.6566236550279427,3.3187542867672164,0.46,-0.013625962585123663,-0.25039296959538404,0.0926427404971785,0.33226512914442285,0.01631446005567332,0.007711052021272871,-0.030857287695911815
SPLN43,?,,tierA_p95,T/NK cells,oxidative_stress,24796,9138,ctrl+N2,6.999999999999999,-0.0005274202573012597,6.506532485519509,-204406.66525490436,,6.999999999999999,-0.00020529904720738114,6.507019481786984,-204404.8094111679,,,,1.855843736480444,,,,,,,,0.01631446005567332,,
SPLN43,?,,tierA_p95,T/NK cells,secondary_senescence,24796,9138,naive,6.999999999999999,-0.000291792938317647,0.9277899278073617,-252747.2382239243,1.0,49.99999999999999,-5.408196431542624e-05,0.9273244330874372,-252759.68210076643,1.0,-252750.38222547527,0.9278219571849904,-12.443876842124155,3.1440015509724617,-9.299875291151693,0.91,-0.5018501710809871,-1.3523529498499975,0.06622531188589567,0.33226512914442285,0.006117042658691185,-0.023156596981446002,-0.047701635340953785
SPLN43,?,,tierA_p95,T/NK cells,secondary_senescence,24796,9138,ctrl,49.99999999999999,0.0005363136887484096,0.9134667331826429,-253091.0237644525,1.0,28.716686174618605,0.0001082039774731283,0.9133564845721905,-253094.01663702118,0.0,-253091.4287138493,0.9135991818519534,-2.992872568691382,0.40494939681957476,-2.5879231718718074,0.72,-0.12069981322355954,-0.7328911932161901,0.21088806367003424,0.6122944833799577,0.006117042658691185,0.020530640650048497,0.08767532263302623
SPLN43,?,,tierA_p95,T/NK cells,secondary_senescence,24796,9138,ctrl+N2,49.99999999999999,0.0005385605890799143,0.9134433945378752,-253089.65729866628,,25.962470509255517,0.00011746424313347979,0.9133422959299601,-253092.40183635068,,,,-2.744537684418285,,,,,,,,0.006117042658691185,,
SPLN43,?,,tierA_p95,T/NK cells,tnfa_nfkb_proximal,24796,9138,naive,6.999999999999999,0.00070417069771486,1.3507830604961562,-243433.00734842886,1.0,42.98209161773131,5.080697129633294e-05,1.350691584987401,-243434.68659921855,0.0,-243433.58344993743,1.3509695931389247,-1.6792507896898314,0.576101508573629,-1.1031492811162025,0.68,-0.06772264839852522,-0.548103769939982,0.21898016880461038,0.3713782782944163,0.007381284983558514,0.01434517920140584,0.09539947301695702
SPLN43,?,,tierA_p95,T/NK cells,tnfa_nfkb_proximal,24796,9138,ctrl,6.999999999999999,0.0004894028930913086,1.331458571082906,-243748.3042636352,1.0,49.99999999999999,-2.1222014009015506e-05,1.3315088783412736,-243747.3673999278,1.0,-243750.71857205985,1.3315437199032083,0.9368637073785067,2.414308424660703,3.35117213203921,0.475,0.03778285640339194,-0.22687839438968055,0.26589347786916506,0.33226512914442285,0.007381284983558514,-0.007530406364456769,0.06630321063542848
SPLN43,?,,tierA_p95,T/NK cells,tnfa_nfkb_proximal,24796,9138,ctrl+N2,9.472463873139185,0.0003583361342840164,1.3313506596713531,-243748.31399931692,,8.563960425689007,0.00014164952613829728,1.3313718088046549,-243747.92010628784,,,,0.39389302908767737,,,,,,,,0.007381284983558514,,
SPLN44,?,,tierA_p95,B cells,downstream_arrest,38355,10657,naive,49.99999999999999,0.005369887065744423,4.090763215387153,-350783.3250632634,1.0,49.99999999999999,0.0006826756213137043,3.8802633086050893,-352809.5638492103,1.0,-350613.62453288975,4.109331307334583,-2026.2387859468581,-169.70053037366597,-2195.939316320524,1.0,-52.828543500113625,-66.07038454074488,-36.34802593657259,0.4274705925107275,0.01035081591476149,0.23610035077880592,0.5187887708028446
SPLN44,?,,tierA_p95,B cells,downstream_arrest,38355,10657,ctrl,6.999999999999999,-0.00014927356199606468,3.454788424303331,-357218.1824566309,1.0,49.99999999999999,-9.020491240639267e-06,3.454789131845168,-357218.1746015147,1.0,-357222.01665185613,3.454803359035558,0.007855116215068847,3.834195225208532,3.842050341423601,0.675,0.0002048003184739629,-0.150162468805331,0.06452036285636657,0.3355503406135283,0.01035081591476149,-0.003119697085438203,-0.014421429499945165
SPLN44,?,,tierA_p95,B cells,downstream_arrest,38355,10657,ctrl+N2,49.99999999999999,-9.764171310027896e-05,3.4547739274577305,-357216.34340069216,,22.318425721029357,1.0956920525241829e-05,3.454778719041443,-357216.29020442814,,,,0.053196263979548145,,,,,,,,0.01035081591476149,,
SPLN44,?,,tierA_p95,B cells,emt_ecm,38355,10657,naive,49.99999999999999,-0.005863545056133346,5.626302400789055,-338558.7848926546,1.0,49.99999999999999,-0.0007693941553561359,5.35748130139579,-340436.58819934225,1.0,-338412.1577052113,5.648441375648979,-1877.8033066876233,-146.62718744331505,-2024.4304941309383,1.0,-48.95850102170834,-67.6338028573763,-25.21145432319908,0.4274705925107275,0.012135378299947264,-0.22696160113029135,-0.48317777251951416
SPLN44,?,,tierA_p95,B cells,emt_ecm,38355,10657,ctrl,16.49296129703063,-0.00012971064708141932,4.341945050216298,-348451.7177011345,0.0,49.99999999999999,-7.447011992014883e-05,4.340999922626003,-348460.0674877523,1.0,-348455.5412528587,4.341965024938756,-8.349786617793143,3.8235517241992056,-4.526234893593937,0.94,-0.21769747406578394,-0.5621626129071308,0.01233065399141033,0.39759454574821235,0.012135378299947264,-0.02196774895647378,-0.010688636469725411
SPLN44,?,,tierA_p95,B cells,emt_ecm,38355,10657,ctrl+N2,49.99999999999999,-0.0001409560477506811,4.341555048407151,-348453.1629753281,,49.99999999999999,-7.363007546060659e-05,4.340872734473125,-348459.19127792906,,,,-6.028302601039789,,,,,,,,0.012135378299947264,,
SPLN44,?,,tierA_p95,B cells,il6_jak_stat3,38355,10657,naive,42.98209161773131,-0.00578281845059455,9.856443030311468,-317054.1759324828,0.0,49.99999999999999,-0.0006000117031924047,9.704954589845332,-317648.2495673528,1.0,-316959.2163795053,9.8819064269381,-594.0736348700011,-94.95955297752516,-689.0331878475263,1.0,-15.488818533959096,-21.43091280746748,-7.5528426182713,0.4255042228364332,0.016051269073567555,-0.13381573050995468,-0.3602717282807963
SPLN44,?,,tierA_p95,B cells,il6_jak_stat3,38355,10657,ctrl,7.742591489922676,-0.0013298615167390245,9.376115721383398,-318924.38333428785,0.0,49.99999999999999,-8.48250232697307e-05,9.376226970668588,-318923.9282480724,1.0,-318922.8328970096,9.3774726581043,0.45508621545741335,-1.5504372782306746,-1.0953510627732612,0.565,0.011865107950916786,-0.5108425426991289,0.16630253346937074,0.34482442650746814,0.016051269073567555,-0.018917835092164926,-0.08285086434979304
SPLN44,?,,tierA_p95,B cells,il6_jak_stat3,38355,10657,ctrl+N2,31.763081427768892,-0.0009934384382484748,9.375401745963135,-318925.3041141453,,13.48099749887925,-0.00037166006770495254,9.376069153308508,-318922.57383139787,,,,2.730282747425719,,,,,,,,0.016051269073567555,,
SPLN44,?,,tierA_p95,B cells,interferon_response,38355,10657,naive,40.868941774896264,-0.0028144058601469514,6.300782567240396,-334216.1787286002,0.0,49.99999999999999,-0.0003651932189643931,6.241583698371206,-334578.2458901815,1.0,-334181.5290507735,6.307134958182763,-362.0671615813044,-34.64967782673193,-396.7168394080363,1.0,-9.439894709459116,-14.009124122428226,-4.8537464093101,0.42474845555915997,0.012823455482508206,-0.10194700211730456,-0.2194732818908647
SPLN44,?,,tierA_p95,B cells,interferon_response,38355,10657,ctrl,49.99999999999999,0.0006829485727152956,6.063790050589928,-335640.66406341706,1.0,14.911122358641625,8.63868638241043e-05,6.063978305209406,-335639.4733239968,0.0,-335642.97834106605,6.0640565631971945,1.1907394202426076,2.314277648983989,3.5050170692265965,0.415,0.031045220186223636,-0.17741930284376087,0.1536133858860717,0.7518989594894957,0.012823455482508206,0.004156352888209832,0.05325776453886487
SPLN44,?,,tierA_p95,B cells,interferon_response,38355,10657,ctrl+N2,49.99999999999999,0.0006880101703839126,6.063736580244946,-335639.00227831356,,49.99999999999999,1.2828198832163318e-05,6.0639308881618215,-335637.77324063226,,,,1.2290376812866377,,,,,,,,0.012823455482508206,,
SPLN44,?,,tierA_p95,B cells,oxidative_stress,38355,10657,naive,6.999999999999999,-0.0010358913070728812,23.41049994815073,-283874.82719602843,1.0,49.99999999999999,0.00010804768642506564,23.405532640660564,-283882.96633422386,1.0,-283877.56440873403,23.411270720372073,-8.13913819543086,2.737212705600541,-5.401925489830319,0.935,-0.21220540204486663,-0.7075984483321921,0.06154655256844454,0.3355503406135283,0.02470594669023692,0.015655638874391233,-0.041928824667961696
SPLN44,?,,tierA_p95,B cells,oxidative_stress,38355,10657,ctrl,6.999999999999999,-0.0006689912248210628,23.10851719019423,-284326.8046726613,1.0,6.999999999999999,-0.0005432778864325148,23.10830063299369,-284327.16411114356,1.0,-284330.3068235478,23.10881714142514,-0.35943848226452246,3.5021508865174837,3.1427124042529613,0.625,-0.00937135920387231,-0.12756816292704276,0.0769648880428231,0.9059574660112316,0.02470594669023692,-0.004994369552969397,-0.027078145726686556
SPLN44,?,,tierA_p95,B cells,oxidative_stress,38355,10657,ctrl+N2,49.99999999999999,0.0004556629893571534,23.10805756362029,-284325.56755815586,,49.99999999999999,2.7604807304280133e-05,23.105008190291013,-284330.6292744608,,,,-5.061716304946761,,,,,,,,0.02470594669023692,,
SPLN44,?,,tierA_p95,B cells,secondary_senescence,38355,10657,naive,49.99999999999999,-0.0030012792703572647,2.902078886632233,-363950.7584306842,1.0,49.99999999999999,-0.0003737419042953992,2.8392230632784066,-364790.6137292581,1.0,-363878.17603989085,2.9078791777436783,-839.8552985739079,-72.58239079336636,-912.4376893672743,1.0,-21.89689215418871,-29.326629514294524,-14.191752727841019,0.4274705925107275,0.008707173238175554,-0.1536566752003017,-0.344690427985724
SPLN44,?,,tierA_p95,B cells,secondary_senescence,38355,10657,ctrl,31.763081427768892,-0.00028128920663814355,2.6520627084406616,-367360.1458008552,0.0,49.99999999999999,-4.951453423942854e-05,2.651706496927016,-367365.29779450246,1.0,-367363.1190199781,2.652133706321595,-5.151993647275958,2.973219122912269,-2.178774524363689,0.92,-0.13432391206559663,-0.4140153387675622,0.024148311572623805,0.4200567311685845,0.008707173238175554,-0.020356932465642567,-0.03230545653698026
SPLN44,?,,tierA_p95,B cells,secondary_senescence,38355,10657,ctrl+N2,17.345738419684505,-0.00023669651617345305,2.6520507246312772,-367358.3191150253,,49.99999999999999,-4.904978604386126e-05,2.6516633132653107,-367363.9224197517,,,,-5.603304726423839,,,,,,,,0.008707173238175554,,
SPLN44,?,,tierA_p95,B cells,tnfa_nfkb_proximal,38355,10657,naive,49.99999999999999,-0.0020603907341542244,3.9857104333380327,-351781.1681545037,1.0,49.99999999999999,-0.000238555484343986,3.960472625337767,-352024.8069867904,1.0,-351758.87131805596,3.9884440407920905,-243.63883228669874,-22.2968364477274,-265.93566873442614,1.0,-6.352205247991103,-9.726489741486407,-2.5967555805249254,0.4274705925107275,0.010197430592399087,-0.08374434117596899,-0.2020499885027841
SPLN44,?,,tierA_p95,B cells,tnfa_nfkb_proximal,38355,10657,ctrl,49.99999999999999,-0.0004718447027587611,3.909232003359001,-352478.2823604423,1.0,49.99999999999999,-6.510704435494184e-05,3.9086204702112406,-352484.28282003384,1.0,-352481.03416199156,3.9093592247572144,-6.000459591567051,2.7518015492823906,-3.24865804228466,0.85,-0.15644530286969235,-0.5301083121304049,0.0935386880863164,0.4274705925107275,0.010197430592399087,-0.02285567464698134,-0.04627094035473912
SPLN44,?,,tierA_p95,B cells,tnfa_nfkb_proximal,38355,10657,ctrl+N2,49.99999999999999,-0.0004778359943094523,3.909156908886767,-352477.019148677,,49.99999999999999,-6.541625976379294e-05,3.908604493578096,-352482.43959785893,,,,-5.4204491819520015,,,,,,,,0.010197430592399087,,
SPLN44,?,,tierA_p95,Endothelial,downstream_arrest,51124,10657,naive,49.99999999999999,0.00018085151968690077,3.0424373367950213,-497395.3090082558,1.0,49.99999999999999,-5.011482687509947e-05,3.0419238701001308,-497403.93784223835,1.0,-497398.74686836527,3.042470790452683,-8.628833982569631,3.4378601094940677,-5.1909738730755635,0.935,-0.16878245017153648,-0.5254470295299709,0.019874510659742727,0.4030059344284686,0.007714375875602632,-0.013407531740422822,0.023443441514875568
SPLN44,?,,tierA_p95,Endothelial,downstream_arrest,51124,10657,ctrl,49.99999999999999,0.0002543477166182234,3.0262665446171537,-497621.76175997354,1.0,6.999999999999999,0.00018149918931978669,3.0262831123760727,-497621.48187458474,1.0,-497624.6880357544,3.026330103998364,0.2798853887943551,2.926275780890137,3.206161169684492,0.58,0.005474637915545636,-0.0862132334872655,0.06685242284125656,0.8166590916151947,0.007714375875602632,0.004015832801284718,0.03297061495145045
SPLN44,?,,tierA_p95,Endothelial,downstream_arrest,51124,10657,ctrl+N2,14.178039470333344,0.00015096463771530308,3.026242257904813,-497620.1720473179,,6.999999999999999,0.0001762984729592187,3.02621118822657,-497620.69692743296,,,,-0.5248801150321171,,,,,,,,0.007714375875602632,,
SPLN44,?,,tierA_p95,Endothelial,emt_ecm,51124,10657,naive,6.999999999999999,-0.001286334354987583,6.524288798613953,-458394.189695997,1.0,49.99999999999999,8.438146994258619e-05,6.523961992625638,-458396.7505954796,1.0,-458388.6013980623,6.525512542676253,-2.5608994826325215,-5.588297934678849,-8.14919741731137,0.58,-0.050091923218694184,-0.730244817500635,0.17795075085762088,0.29647868795147864,0.01129782650716568,0.015414717867596557,-0.11385679839019168
SPLN44,?,,tierA_p95,Endothelial,emt_ecm,51124,10657,ctrl,6.999999999999999,-0.0008750688551899491,6.289122956297908,-460224.96832612366,1.0,6.999999999999999,-0.0004448353732127187,6.289388523036777,-460222.8095915258,1.0,-460224.5155418609,6.289670748475915,2.158734597847797,-0.45278426277218387,1.7059503350756131,0.15,0.042225463536652005,-0.027662443706298733,0.11782862827810724,0.9340068398479896,0.01129782650716568,-0.00672057051812634,-0.07745461966135517
SPLN44,?,,tierA_p95,Endothelial,emt_ecm,51124,10657,ctrl+N2,6.999999999999999,-0.0008719829396969756,6.2890888837106855,-460223.24530141574,,6.999999999999999,-0.0004398317529213024,6.289321458624419,-460221.3547350298,,,,1.890566385959957,,,,,,,,0.01129782650716568,,
SPLN44,?,,tierA_p95,Endothelial,il6_jak_stat3,51124,10657,naive,49.99999999999999,0.0004405899650839478,14.744105801952553,-416712.20736201596,1.0,49.99999999999999,0.00010023504112068159,14.742116434716698,-416719.1057981671,1.0,-416715.51891273673,14.74430435131014,-6.898436151153874,3.3115507207694463,-3.5868854303844273,0.94,-0.13493537577564108,-0.5511956453412356,0.007764378193049032,0.4030059344284686,0.016982425982652823,0.01218156922366168,0.025943876658615028
SPLN44,?,,tierA_p95,Endothelial,il6_jak_stat3,51124,10657,ctrl,49.99999999999999,-0.000648205718959264,14.025391398722894,-419221.08008266304,1.0,49.99999999999999,-0.00018560779900131665,14.021179456250001,-419236.43535370246,1.0,-419223.5757665991,14.025804099841729,-15.35527103941422,2.4956839360529557,-12.859587103361264,0.98,-0.3003534746775334,-0.6162709273326091,-0.009408129209244763,0.4030059344284686,0.016982425982652823,-0.02255692447179042,-0.03816920618898753
SPLN44,?,,tierA_p95,Endothelial,il6_jak_stat3,51124,10657,ctrl+N2,49.99999999999999,-0.0006435899740086187,14.025253385550368,-419219.5831574042,,49.99999999999999,-0.00017527853305422967,14.019283060204332,-419241.3504572982,,,,-21.7672998940237,,,,,,,,0.016982425982652823,,
SPLN44,?,,tierA_p95,Endothelial,interferon_response,51124,10657,naive,6.999999999999999,-0.0005731336957611691,8.150999113320086,-447013.5497030145,1.0,49.99999999999999,-8.7871662513257e-05,8.149560580229453,-447022.57314359554,1.0,-447016.02599324175,8.151242050924507,-9.023440581047907,2.4762902272632346,-6.547150353784673,0.98,-0.17650106762084164,-0.42156816596603736,-0.006551464055264242,0.29647868795147864,0.012626979685239537,-0.014362589781220651,-0.045389610976071436
SPLN44,?,,tierA_p95,Endothelial,interferon_response,51124,10657,ctrl,6.999999999999999,-0.00046976150990017023,7.960764847621918,-448174.86488016095,1.0,49.99999999999999,-8.90456413659083e-05,7.959859438142422,-448180.6797468959,1.0,-448177.8509659815,7.960922730659201,-5.814866734959651,2.9860858205356635,-2.8287809144239873,0.905,-0.11374044939675398,-0.375908807741962,0.021793927431634545,0.29647868795147864,0.012626979685239537,-0.014554476177701598,-0.037202998783002775
SPLN44,?,,tierA_p95,Endothelial,interferon_response,51124,10657,ctrl+N2,6.999999999999999,-0.00047121505464931045,7.960757325013331,-448172.91319034604,,49.99999999999999,-8.801619886705858e-05,7.95984021518248,-448178.80321085884,,,,-5.890020512852609,,,,,,,,0.012626979685239537,,
SPLN44,?,,tierA_p95,Endothelial,oxidative_stress,51124,10657,naive,6.999999999999999,-0.0005598438596702007,31.33149789242702,-378175.9321745922,1.0,27.304873519796445,-0.0001304734198671673,31.331058124119906,-378176.6497551176,0.0,-378179.55394216464,31.3317296941707,-0.7175805253791623,3.621767572418321,2.9041870470391586,0.78,-0.014036079441733086,-0.14480233734096784,0.02735527482750789,0.5195485620283355,0.024755960010146946,-0.004629706656657564,-0.02261450815957523
SPLN44,?,,tierA_p95,Endothelial,oxidative_stress,51124,10657,ctrl,9.472463873139185,0.00038734700611110713,30.302507826796617,-379837.13831595774,0.0,49.99999999999999,-5.063096552023086e-05,30.30233169648469,-379837.43546998495,1.0,-379840.85490446637,30.30267581253208,-0.2971540272119455,3.7165885086287744,3.419434481416829,0.615,-0.005812417401063014,-0.10013803727021958,0.05195784009649196,0.3255915467576457,0.024755960010146946,-0.004221043539966302,0.01564661624662082
SPLN44,?,,tierA_p95,Endothelial,oxidative_stress,51124,10657,ctrl+N2,49.99999999999999,0.00028176768643387186,30.30216133970728,-379835.72288497526,,17.345738419684505,-7.082262538173751e-06,30.302183902397445,-379835.68481856375,,,,0.03806641148647779,,,,,,,,0.024755960010146946,,
SPLN44,?,,tierA_p95,Endothelial,secondary_senescence,51124,10657,naive,49.99999999999999,0.00025803715612850273,4.994216643062847,-472057.14921139035,1.0,49.99999999999999,3.9382540666587595e-05,4.9939469927839335,-472059.909598858,1.0,-472060.4520741794,4.994284745676094,-2.7603874676278792,3.3028627890744247,0.5424753214465454,0.745,-0.05399396501893199,-0.19406038640085152,0.09941897730700586,0.4030059344284686,0.009883806553472511,0.008223617240952595,0.026107062568089073
SPLN44,?,,tierA_p95,Endothelial,secondary_senescence,51124,10657,ctrl,49.99999999999999,0.0001304698446439831,4.963340485956808,-472328.1984021709,1.0,40.868941774896264,-6.077317521990059e-05,4.963056635549806,-472331.1222360723,0.0,-472332.0261800036,4.963357206062733,-2.9238339014118537,3.827777832688298,0.9039439312764443,0.745,-0.05719102381292258,-0.19455065055500187,0.07079785979828795,0.47900517353145905,0.009883806553472511,-0.009367579422037852,0.013200364042429009
SPLN44,?,,tierA_p95,Endothelial,secondary_senescence,51124,10657,ctrl+N2,49.99999999999999,0.00013702363377618524,4.963066472076155,-472329.02091099956,,45.204502969779604,-5.178933694380638e-05,4.963014783291234,-472329.5533542412,,,,-0.5324432416614099,,,,,,,,0.009883806553472511,,
SPLN44,?,,tierA_p95,Endothelial,tnfa_nfkb_proximal,51124,10657,naive,24.6860647223019,-0.0003526126932527886,5.827493487234894,-464168.38867722487,0.0,49.99999999999999,9.965821758110414e-05,5.825541228351019,-464185.51851276535,1.0,-464170.54159014,5.827704035752352,-17.129835540486965,2.152912915160414,-14.976922625326551,0.96,-0.33506446171048754,-0.8718663034813925,0.050983073871553326,0.3855364213309733,0.010676682567927809,0.01926460814791785,-0.03302642847872916
SPLN44,?,,tierA_p95,Endothelial,tnfa_nfkb_proximal,51124,10657,ctrl,49.99999999999999,-0.0012574556213721852,5.690415478396131,-465339.32953769324,1.0,30.20149733539872,-0.0002087652779841288,5.69021436782606,-465341.13639318786,0.0,-465329.37620603887,5.6919687819484315,-1.8068554946221411,-9.953331654367503,-11.760187148989644,0.655,-0.03534260806318248,-0.28265808234173695,0.16142716552012168,0.5989564430539267,0.010676682567927809,-0.019570199657378547,-0.11777587403710396
SPLN44,?,,tierA_p95,Endothelial,tnfa_nfkb_proximal,51124,10657,ctrl+N2,49.99999999999999,-0.001264221816945495,5.690135284619091,-465339.8469249373,,33.40540803599722,-0.0001842414252650569,5.689990038757262,-465341.1519280421,,,,-1.3050031048901731,,,,,,,,0.010676682567927809,,
SPLN44,?,,tierA_p95,Erythroid cells,downstream_arrest,6152,10657,naive,49.99999999999999,-0.00047859311430303945,0.8517916075797807,-54652.18708635529,1.0,49.99999999999999,-8.209782792178088e-05,0.8516368584536741,-54653.304851668494,1.0,-54655.97861309372,0.8518204727916481,-1.117765313203563,3.791526738430548,2.673761425226985,0.695,-0.18169137080682102,-1.3899610052442795,0.4021384118763509,0.43945315014538916,0.011767003252243297,-0.014681798477511901,-0.04067247233666962
SPLN44,?,,tierA_p95,Erythroid cells,downstream_arrest,6152,10657,ctrl,16.49296129703063,0.00022651516358228622,0.7675653129256561,-55246.723057154646,0.0,49.99999999999999,-0.00011101179919745181,0.7673769017735865,-55248.23334907607,1.0,-55250.63826781513,0.7675758918925638,-1.51029192142596,3.9152106604815344,2.4049187390555744,0.825,-0.24549608605753576,-1.628975142281015,0.12080503599446481,0.40373583812308494,0.011767003252243297,-0.019852569863308144,0.019250029825550755
SPLN44,?,,tierA_p95,Erythroid cells,downstream_arrest,6152,10657,ctrl+N2,7.361938632551805,0.00022990558277322207,0.7674204826668006,-55245.88397441876,,49.99999999999999,-0.00010556826080863698,0.7673137402861429,-55246.739730571244,,,,-0.8557561524912966,,,,,,,,0.011767003252243297,,
SPLN44,?,,tierA_p95,Erythroid cells,emt_ecm,6152,10657,naive,49.99999999999999,0.0009142360401601592,1.0641338331218404,-53282.908515466144,1.0,49.99999999999999,0.00022053070522071595,1.0629142699041496,-53289.963131416494,1.0,-53286.29959984557,1.0642391646858602,-7.054615950350126,3.3910843794292305,-3.6635315709208953,0.96,-1.1467191076641947,-3.0045489859954877,0.053326610256042115,0.43945315014538916,0.013152595237819009,0.03528345263988086,0.06950993500216994
SPLN44,?,,tierA_p95,Erythroid cells,emt_ecm,6152,10657,ctrl,15.682109678112967,-0.00020099833408430292,0.9957516770396067,-53645.515365813306,0.0,11.019082036984365,-0.0003677197113011454,0.9956814918534838,-53645.94900252475,0.0,-53649.464568417716,0.9957598990488206,-0.4336367114447057,3.9492026044099475,3.515565892965242,0.69,-0.07048711174328767,-0.8991805609200098,0.46905411282125403,0.8736928243547231,0.013152595237819009,-0.00893174842675142,-0.015282028408436817
SPLN44,?,,tierA_p95,Erythroid cells,emt_ecm,6152,10657,ctrl+N2,8.563960425689007,-0.0002139008188489892,0.995610937888722,-53644.38494853139,,8.14292620081837,-0.00048128751267483076,0.995549001236714,-53644.76767447498,,,,-0.3827259435961185,,,,,,,,0.013152595237819009,,
SPLN44,?,,tierA_p95,Erythroid cells,il6_jak_stat3,6152,10657,naive,7.742591489922676,-0.0009823724110587242,2.1965457776607393,-48824.40118054882,0.0,8.14292620081837,-0.0011051159105916132,2.196281830547772,-48825.14047777865,0.0,-48828.088945651296,2.1966572626494276,-0.7392972298330278,3.6877651024769875,2.9484678726439597,0.745,-0.12017185140328801,-0.7595086129298304,0.301714750685462,0.9118907429863795,0.018896135169865807,-0.013073279671292092,-0.05198800718643
SPLN44,?,,tierA_p95,Erythroid cells,il6_jak_stat3,6152,10657,ctrl,9.472463873139185,-0.00033390118873001816,2.1513493090982894,-48906.30614821059,0.0,8.563960425689007,-0.0006061240819222139,2.151245629454092,-48906.60263773858,0.0,-48910.260249926934,2.1513653597499767,-0.29648952798743267,3.954101716342848,3.657612188355415,0.69,-0.04819400649990778,-0.6929236525943335,0.3710182762856622,0.9081322285100975,0.018896135169865807,-0.007624754187295685,-0.017670342941070265
SPLN44,?,,tierA_p95,Erythroid cells,il6_jak_stat3,6152,10657,ctrl+N2,6.999999999999999,-0.00039051993435324954,2.15118960156091,-48904.76286494962,,49.99999999999999,3.28340384271798e-05,2.151054016051432,-48905.15062637306,,,,-0.38776142344455045,,,,,,,,0.018896135169865807,,
SPLN44,?,,tierA_p95,Erythroid cells,interferon_response,6152,10657,naive,6.999999999999999,0.0005355321027794443,1.1136572600206598,-53003.06472704033,1.0,49.99999999999999,0.00012152568516622473,1.113283109008109,-53005.13193735532,1.0,-53006.90907967346,1.113685436225615,-2.0672103149918257,3.8443526331320754,1.7771423181402497,0.75,-0.33602248293105097,-1.6880544733335057,0.556101697638385,0.33238139725110843,0.013454671747917736,0.01900677513072544,0.039802688075427875
SPLN44,?,,tierA_p95,Erythroid cells,interferon_response,6152,10657,ctrl,49.99999999999999,-0.00029217830544906706,1.0863401963991755,-53109.84964277365,1.0,49.99999999999999,7.693658870847819e-05,1.0862547140290102,-53110.33375284775,1.0,-53113.79209870954,1.0863503577649551,-0.48411007409595186,3.9424559358885745,3.4583458617926226,0.645,-0.07869149448893886,-0.9638978062200223,0.5730361459345671,0.43945315014538916,0.013454671747917736,0.012032982483554616,-0.02171575129453227
SPLN44,?,,tierA_p95,Erythroid cells,interferon_response,6152,10657,ctrl+N2,6.999999999999999,0.0003004218094033711,1.0862119779298878,-53108.57579336584,,49.99999999999999,7.340819974045055e-05,1.0862280363443721,-53108.484843682294,,,,0.09094968354538979,,,,,,,,0.013454671747917736,,
SPLN44,?,,tierA_p95,Erythroid cells,oxidative_stress,6152,10657,naive,33.40540803599722,-0.0033434187302702795,4.592869900309921,-44286.568760978465,0.0,12.818224546846722,-0.0012524861348699237,4.59349358828174,-44285.733407922104,0.0,-44287.87583148913,4.594880788181721,0.8353530563617824,1.3070705106656533,2.1424235670274356,0.415,0.13578560734099193,-0.5234600796143064,0.8234163115535637,0.8370540181174768,0.027329328490437725,-0.017375303537741728,-0.12233812226003915
SPLN44,?,,tierA_p95,Erythroid cells,oxidative_stress,6152,10657,ctrl,49.99999999999999,-0.0038450869378144287,4.389535388292649,-44519.14172962453,1.0,21.2211739115045,-0.0007842852936955583,4.389852376094088,-44518.69748248392,0.0,-44520.67584312193,4.391295184399683,0.44424714060733095,1.53411349740054,1.9783606380078709,0.535,0.07221182389586003,-0.990494096883069,0.8133269747854638,0.7337925265369996,0.027329328490437725,-0.01923796546819855,-0.14069452672498317
SPLN44,?,,tierA_p95,Erythroid cells,oxidative_stress,6152,10657,ctrl+N2,49.99999999999999,-0.0038485748534090422,4.3894379314931875,-44517.278318314,,49.99999999999999,-0.00026451297879025946,4.389646587320175,-44516.985884485584,,,,0.29243382840612014,,,,,,,,0.027329328490437725,,
SPLN44,?,,tierA_p95,Erythroid cells,secondary_senescence,6152,10657,naive,6.999999999999999,-0.0012501734283041923,0.6451056864902852,-56361.99858265466,1.0,6.999999999999999,-0.0006359214192553595,0.6451743387213766,-56361.3439208482,1.0,-56364.534431948734,0.6452592372628064,0.6546618064603535,2.53584929407225,3.1905111005326035,0.47,0.1064144678901745,-1.0563276986712204,0.7064851506983277,0.9276979574646753,0.010241391110721768,-0.011470517168308887,-0.12207066546587682
SPLN44,?,,tierA_p95,Erythroid cells,secondary_senescence,6152,10657,ctrl,49.99999999999999,-0.0016816493348734878,0.6324885711901587,-56437.51293108964,1.0,30.20149733539872,-0.000213067804671693,0.6325985780167578,-56436.443025353314,0.0,-56438.23965980465,0.6328251865259784,1.0699057363235625,0.7267287150098127,1.7966344513333752,0.37,0.17391185570929169,-1.2588476675593745,0.9715509177381831,0.6216364919542384,0.010241391110721768,-0.0214803859629032,-0.16420126099361235
SPLN44,?,,tierA_p95,Erythroid cells,secondary_senescence,6152,10657,ctrl+N2,38.85968176362148,-0.0014925661530420283,0.6324301054807747,-56436.081633332746,,6.999999999999999,-0.0010056817536032436,0.632598337257339,-56434.44536673105,,,,1.6362666016971414,,,,,,,,0.010241391110721768,,
SPLN44,?,,tierA_p95,Erythroid cells,tnfa_nfkb_proximal,6152,10657,naive,25.962470509255517,-0.0005761095489771129,0.7962529864033342,-55066.98536279034,0.0,28.716686174618605,-0.0003615230644325896,0.7955683684701949,-55072.27712467238,0.0,-55070.45558475226,0.7963215584951243,-5.291761882035644,3.4702219619139214,-1.8215399201217224,0.975,-0.8601693566377835,-2.043939644955574,-0.002448392291787401,0.6287362070719673,0.011377217831312366,-0.03075445555463388,-0.050637120381127596
SPLN44,?,,tierA_p95,Erythroid cells,tnfa_nfkb_proximal,6152,10657,ctrl,15.682109678112967,-0.0008384509869886152,0.7767651246752192,-55173.42538714719,0.0,38.85968176362148,-0.0003473428893838892,0.7758479854110306,-55180.69344558736,0.0,-55176.291718429624,0.7769082773839507,-7.268058440175082,2.866331282435567,-4.401727157739515,0.99,-1.1814139207046623,-2.683262045820415,-0.24221155694481766,0.4906304726455484,0.011377217831312366,-0.044338001178037593,-0.07369560813078006
SPLN44,?,,tierA_p95,Erythroid cells,tnfa_nfkb_proximal,6152,10657,ctrl+N2,17.345738419684505,-0.0008302200726238724,0.7767583283397363,-55171.479214536535,,42.98209161773131,-0.0003001936319407114,0.7756442006796832,-55180.30954612038,,,,-8.830331583839708,,,,,,,,0.011377217831312366,,
SPLN44,?,,tierA_p95,Mono/Mac/DC,downstream_arrest,51921,10657,naive,20.177866835741543,0.0019507299296870075,5.602875981409737,-474248.7243462244,0.0,49.99999999999999,0.00045147590035782715,5.5516200899458665,-474725.8908366828,1.0,-474191.53204225807,5.609483231016713,-477.1664904584177,-57.19230396632338,-534.3587944247411,1.0,-9.190240759199893,-16.754198089337375,-3.552721999370743,0.38195801712004124,0.010394172088682896,0.10156394827330627,0.18767535430967835
SPLN44,?,,tierA_p95,Mono/Mac/DC,downstream_arrest,51921,10657,ctrl,6.999999999999999,0.0006349919476303152,4.541048316031039,-485112.4760813088,1.0,9.472463873139185,0.00032221111949701264,4.541011659281502,-485112.8952054057,0.0,-485113.1826955788,4.5413363670710805,-0.4191240969230421,0.7066142699914053,0.2874901730683632,0.73,-0.008072342538145299,-0.26862198957403866,0.060219853074799025,0.8708121865787961,0.010394172088682896,0.007950423273071588,0.06109115205631422
SPLN44,?,,tierA_p95,Mono/Mac/DC,downstream_arrest,51921,10657,ctrl+N2,9.472463873139185,0.0005040246032987557,4.540993102230588,-485111.1073833699,,23.47241150476913,9.293848217654309e-05,4.54079022319221,-485113.4271221648,,,,-2.319738794886905,,,,,,,,0.010394172088682896,,
SPLN44,?,,tierA_p95,Mono/Mac/DC,emt_ecm,51921,10657,naive,49.99999999999999,-0.0011781314407202327,9.604362158678192,-446266.55805257644,1.0,49.99999999999999,-0.0002811651919118691,9.583313526018976,-446380.47143246,1.0,-446263.02764268854,9.605755237179492,-113.91337988356827,-3.5304098878987134,-117.44378977146698,1.0,-2.1939750752791407,-4.135458304738799,-0.5781658321371581,0.40732888521179905,0.013601732638861067,-0.04833505599511821,-0.08661627690487132
SPLN44,?,,tierA_p95,Mono/Mac/DC,emt_ecm,51921,10657,ctrl,6.999999999999999,0.0001651125439513556,8.641237633422119,-451707.1316194252,1.0,49.99999999999999,-7.049126398162957e-05,8.640532184940938,-451711.37048974884,1.0,-451711.01473847067,8.641257085998912,-4.238870323635638,3.883119045465719,-0.3557512781699188,0.87,-0.08164076816000534,-0.37790430634022343,0.042048125872784343,0.3018322913790222,0.013601732638861067,-0.012118140117382338,0.012139081712831118
SPLN44,?,,tierA_p95,Mono/Mac/DC,emt_ecm,51921,10657,ctrl+N2,49.99999999999999,6.427498355285021e-05,8.641095052278027,-451705.98832733807,,38.85968176362148,-7.680830897803554e-05,8.63958423275922,-451715.06705151807,,,,-9.078724179992829,,,,,,,,0.013601732638861067,,
SPLN44,?,,tierA_p95,Mono/Mac/DC,il6_jak_stat3,51921,10657,naive,6.999999999999999,-0.004230276184841716,26.643636172070092,-393289.8513447615,1.0,28.716686174618605,-0.0005308416146676048,26.641178310851362,-393294.6412502408,0.0,-393267.9159038805,26.656948455469717,-4.789905479294248,-21.93544088100316,-26.725346360297408,0.75,-0.09225372160193848,-0.9290689063071496,0.15359368024906536,0.48291578034294935,0.022658632304473243,-0.024322746970707704,-0.18669600741170436
SPLN44,?,,tierA_p95,Mono/Mac/DC,il6_jak_stat3,51921,10657,ctrl,6.999999999999999,-0.0019077286270444724,20.942885906067115,-405743.9003964895,1.0,49.99999999999999,-0.00018218604802251325,20.940642250770495,-405749.46310010564,1.0,-405741.45550791407,20.94548568156393,-5.562703616160434,-2.4448885754100047,-8.007592191570438,0.81,-0.10713783663951838,-0.4473216367261056,0.06356818943336605,0.3018322913790222,0.022658632304473243,-0.018800799980763533,-0.08419434153506504
SPLN44,?,,tierA_p95,Mono/Mac/DC,il6_jak_stat3,51921,10657,ctrl+N2,6.999999999999999,-0.0019224283844721302,20.942217577024397,-405743.5573250557,,49.99999999999999,-0.0001723781634701612,20.939548321434184,-405750.17549965816,,,,-6.618174602431927,,,,,,,,0.022658632304473243,,
SPLN44,?,,tierA_p95,Mono/Mac/DC,interferon_response,51921,10657,naive,49.99999999999999,-0.002504382163036782,13.254650231008032,-429541.191032294,1.0,40.868941774896264,-0.00031587157689486685,13.245643267916728,-429576.48502242967,0.0,-429520.53853210184,13.260945137766814,-35.29399013565853,-20.6525001921691,-55.94649032782763,0.995,-0.6797632968482605,-1.9479289611490218,-0.07439612913006334,0.47361373897130077,0.015981432873147884,-0.03396917603862289,-0.15670573363217993
SPLN44,?,,tierA_p95,Mono/Mac/DC,interferon_response,51921,10657,ctrl,49.99999999999999,-0.0010620594437244148,10.291757754900306,-442631.46855791175,1.0,49.99999999999999,-0.0001442570706828821,10.28978810672596,-442641.4062082573,1.0,-442630.11120829714,10.292819741170003,-9.937650345556904,-1.3573496146127582,-11.294999960169662,0.94,-0.1913994404105642,-0.7603863823660221,0.01817883013569675,0.40732888521179905,0.015981432873147884,-0.02110650377674954,-0.06645583359690099
SPLN44,?,,tierA_p95,Mono/Mac/DC,interferon_response,51921,10657,ctrl+N2,49.99999999999999,-0.0010672860268119324,10.291190066883898,-442632.3325723146,,49.99999999999999,-0.00013160736161845423,10.28794472533436,-442648.70851636585,,,,-16.37594405126854,,,,,,,,0.015981432873147884,,
SPLN44,?,,tierA_p95,Mono/Mac/DC,oxidative_stress,51921,10657,naive,6.999999999999999,-0.006249411876489241,41.55913024187993,-370207.49286575953,1.0,49.99999999999999,-0.000551723936847044,41.50177091529697,-370279.20299717964,1.0,-370175.20860779297,41.588183403941265,-71.71013142011361,-32.28425796655938,-103.99438938667299,1.0,-1.3811392581058457,-2.9903394591191397,-0.2918979929347416,0.3018322913790222,0.028301760473227872,-0.04558303953546111,-0.22081353851397606
SPLN44,?,,tierA_p95,Mono/Mac/DC,oxidative_stress,51921,10657,ctrl,6.999999999999999,-0.001854300840426001,36.35670120077113,-377105.3398617329,1.0,49.99999999999999,-0.00019721408197991613,36.35347519115728,-377109.9471300296,1.0,-377105.8327257954,36.35915708952268,-4.607268296706025,0.49286406248575076,-4.114404234220274,0.86,-0.08873612404818906,-0.2992338324464433,0.055062834860560864,0.3018322913790222,0.028301760473227872,-0.01629368728718472,-0.06551892212198472
SPLN44,?,,tierA_p95,Mono/Mac/DC,oxidative_stress,51921,10657,ctrl+N2,6.999999999999999,-0.001845703844731811,36.35647595234691,-377103.6615399731,,49.99999999999999,-0.00017883369975505025,36.34969175357143,-377113.35101740697,,,,-9.68947743385624,,,,,,,,0.028301760473227872,,
SPLN44,?,,tierA_p95,Mono/Mac/DC,secondary_senescence,51921,10657,naive,9.006764443646388,-0.0007238520960756055,5.93086989532928,-471294.89388906554,0.0,6.999999999999999,-0.0006891163507678142,5.930709566035913,-471296.2974891963,1.0,-471293.8929528893,5.931441173429771,-1.4036001307540573,-1.0009361762204207,-2.404536306974478,0.76,-0.027033380149728576,-0.43025637050201143,0.09470962688999207,0.9287290645629693,0.010688298879122258,-0.011106032222147582,-0.06772378880813311
SPLN44,?,,tierA_p95,Mono/Mac/DC,secondary_senescence,51921,10657,ctrl,6.999999999999999,-0.0006798306156413432,5.679650293260446,-473496.0988128977,1.0,6.999999999999999,-0.00042773960835711474,5.679715822345324,-473495.4997767224,1.0,-473497.0826453839,5.6799802421114,0.5990361752919853,0.9838324862066656,1.582868661498651,0.51,0.011537454503803573,-0.19097046019070504,0.10347595952376983,0.9286872254608878,0.010688298879122258,-0.006893596223351691,-0.06360512774447855
SPLN44,?,,tierA_p95,Mono/Mac/DC,secondary_senescence,51921,10657,ctrl+N2,6.999999999999999,-0.0006784043117321234,5.679643881146025,-473494.1574298131,,49.99999999999999,1.5046992691832786e-05,5.679318947354872,-473497.127927671,,,,-2.970497857907869,,,,,,,,0.010688298879122258,,
SPLN44,?,,tierA_p95,Mono/Mac/DC,tnfa_nfkb_proximal,51921,10657,naive,6.999999999999999,-0.000572455783297639,8.91517562830446,-450132.7221590363,1.0,49.99999999999999,5.075421387475724e-05,8.914688139983017,-450135.56131490116,1.0,-450135.30242755736,8.915419408827377,-2.839155864843633,2.580268521036487,-0.25888734380714595,0.635,-0.05468222616751667,-0.8542407014674418,0.10830250226849487,0.3018322913790222,0.013103863638230075,0.009056651284294575,-0.04368603024712748
SPLN44,?,,tierA_p95,Mono/Mac/DC,tnfa_nfkb_proximal,51921,10657,ctrl,40.868941774896264,-0.0009579002008552961,7.429821440435545,-459549.486674498,0.0,49.99999999999999,-0.00012120034808449511,7.42873116941303,-459557.1062540557,1.0,-459546.12958897126,7.430874303529395,-7.619579557678662,-3.357085526746232,-10.976665084424894,0.82,-0.1467533282810166,-0.5862892694643852,0.09360556529979946,0.403907490983175,0.013103863638230075,-0.021627155744053824,-0.07310059286541676
SPLN44,?,,tierA_p95,Mono/Mac/DC,tnfa_nfkb_proximal,51921,10657,ctrl+N2,49.99999999999999,-0.001054452861784002,7.429665554587303,-459548.57604577026,,49.99999999999999,-0.00012298059496509864,7.428696367837085,-459555.34949032526,,,,-6.773444554949204,,,,,,,,0.013103863638230075,,
SPLN44,?,,tierA_p95,Neutrophils,downstream_arrest,6024,10657,naive,6.999999999999999,-0.0017750937763060316,0.8242595712801057,-53586.18196412331,1.0,6.999999999999999,-0.0005249198390379793,0.8244895512083179,-53584.501418456726,1.0,-53588.131828741854,0.824540137563921,1.680545666582475,1.9498646185456892,3.630410285128164,0.355,0.2789750442533989,-0.7534982183141002,1.1117591482861273,0.9283153154335315,0.011699395405287253,-0.007832687422333678,-0.1517252571318426
SPLN44,?,,tierA_p95,Neutrophils,downstream_arrest,6024,10657,ctrl,49.99999999999999,0.00034493762145405225,0.6616732503070223,-54863.73692848737,1.0,28.716686174618605,0.00035525458411717027,0.6611517006422862,-54868.48708887845,0.0,-54867.61646176724,0.6616864824456802,-4.75016039107868,3.879533279869065,-0.8706271112096147,0.88,-0.7885392415469256,-2.566351088844398,0.481694446777461,0.6309033115318136,0.011699395405287253,0.028690894157714655,0.029483371531206032
SPLN44,?,,tierA_p95,Neutrophils,downstream_arrest,6024,10657,ctrl+N2,49.99999999999999,0.00033628213114887884,0.6614806897165076,-54863.49029212914,,49.99999999999999,0.00019312652356987298,0.6604895803341817,-54872.522937072856,,,,-9.032644943716623,,,,,,,,0.011699395405287253,,
SPLN44,?,,tierA_p95,Neutrophils,emt_ecm,6024,10657,naive,13.48099749887925,-0.00038663388761801636,0.9094052751889862,-52993.990547065325,0.0,49.99999999999999,7.354716270683435e-05,0.9092930189994963,-52994.73419023969,1.0,-52997.805183963676,0.9094332587175401,-0.7436431743626599,3.8146368983507273,3.0709937239880674,0.665,-0.12344674209207503,-1.6583115935125499,0.5715918176718984,0.36039350064305353,0.012286917287932507,0.012417955482427278,-0.031467118930334013
SPLN44,?,,tierA_p95,Neutrophils,emt_ecm,6024,10657,ctrl,19.185852382096297,-0.0008747944911190069,0.8336355705754688,-53472.04542099999,0.0,18.24260882600192,-0.00020625819948360454,0.833716904744409,-53471.457714391654,0.0,-53474.96605474133,0.8337849528336989,0.5877066083339741,2.9206337413415895,3.5083403496755636,0.47,0.09756085795716703,-0.5999602881797985,0.6966175634395804,0.7664104641873163,0.012286917287932507,-0.009200345889207547,-0.07119723121331513
SPLN44,?,,tierA_p95,Neutrophils,emt_ecm,6024,10657,ctrl+N2,19.185852382096297,-0.0008746446739881144,0.83363553740579,-53470.04566069004,,20.177866835741543,-0.00018547235366510943,0.8336813008214207,-53469.71497511246,,,,0.33068557757959227,,,,,,,,0.012286917287932507,,
SPLN44,?,,tierA_p95,Neutrophils,il6_jak_stat3,6024,10657,naive,30.20149733539872,0.001947351205376351,1.6412037219084479,-49437.45476427879,0.0,49.99999999999999,0.00021205000260653777,1.6407204746650965,-49439.22877320807,1.0,-49438.95007288702,1.6418862523764526,-1.7740089292856283,1.4953086082314258,-0.2787003210542025,0.675,-0.29449019410452,-2.089208753449652,0.5420725709032731,0.40050805138535994,0.016509314910502865,0.026646264871525095,0.11795469502005407
SPLN44,?,,tierA_p95,Neutrophils,il6_jak_stat3,6024,10657,ctrl,11.58882939190469,0.0018254705989956045,1.5262393875940172,-49828.936657330465,0.0,6.999999999999999,0.0011897251218637556,1.526529955189355,-49827.78990891743,1.0,-49830.81800778644,1.5267762626063461,1.1467484130334924,1.8813504559730063,3.0280988690064987,0.335,0.19036328237607775,-0.6826457090805366,0.9370428917121476,0.9188543814902705,0.016509314910502865,0.012580526247249165,0.11057215934040412
SPLN44,?,,tierA_p95,Neutrophils,il6_jak_stat3,6024,10657,ctrl+N2,10.477345453252495,0.0019150494559719278,1.5262051946009625,-49827.07161708789,,6.999999999999999,0.0012083142021508974,1.5264840999215352,-49825.970865918214,,,,1.1007511696780496,,,,,,,,0.016509314910502865,,
SPLN44,?,,tierA_p95,Neutrophils,interferon_response,6024,10657,naive,18.24260882600192,0.0006429660510242774,0.7552077505190778,-54113.237484981706,0.0,49.99999999999999,0.0002321454481154136,0.753895534957027,-54123.71362483789,1.0,-54116.55961072968,0.7552927380180633,-10.476139856182272,3.3221257479744963,-7.154014108207775,0.995,-1.7390670411989162,-4.561833470411564,-0.20778931665312284,0.37926967017873175,0.01119734792710346,0.043010264133914414,0.05742128003458218
SPLN44,?,,tierA_p95,Neutrophils,interferon_response,6024,10657,ctrl,49.99999999999999,-0.00020803782334167384,0.7015264466175808,-54511.41277999067,1.0,49.99999999999999,3.824723347572165e-05,0.7015086923008199,-54511.56523804565,1.0,-54515.371431280975,0.7015312619085737,-0.15245805498125264,3.9586512903042603,3.8061932353230077,0.605,-0.02530844206196093,-0.6773176343007922,0.44515837434929617,0.4124171495035016,0.01119734792710346,0.0070861764791719725,-0.01857920506511492
SPLN44,?,,tierA_p95,Neutrophils,interferon_response,6024,10657,ctrl+N2,6.999999999999999,-0.0002076496597468408,0.7012150693515067,-54512.08716676869,,6.999999999999999,2.6774652933474216e-05,0.7013234392658344,-54511.15625419666,,,,0.9309125720230169,,,,,,,,0.01119734792710346,,
SPLN44,?,,tierA_p95,Neutrophils,oxidative_stress,6024,10657,naive,6.999999999999999,0.0019999542514339053,7.499099872863882,-40284.87200910354,1.0,31.763081427768892,0.0008148361070996187,7.4948136294738035,-40288.31611739204,0.0,-40288.58592184706,7.499456022905937,-3.4441082884950447,3.713912743514811,0.26980445501976646,0.815,-0.5717311235881548,-2.2758510643441205,0.6709588082958885,0.47004091745586674,0.035283560175757275,0.024880327356864823,0.05668232574646356
SPLN44,?,,tierA_p95,Neutrophils,oxidative_stress,6024,10657,ctrl,6.999999999999999,0.004719168419077014,7.078707285006344,-40586.40676301914,1.0,35.13265199376635,0.0009582173789040926,7.074516847493931,-40589.97389317635,0.0,-40588.7885532392,7.080609073192791,-3.56713015720743,2.381790220060793,-1.1853399371466367,0.84,-0.5921530805457221,-2.8869421399523443,0.44546733468117505,0.4306090340831609,0.035283560175757275,0.033534336638739067,0.1337497802216037
SPLN44,?,,tierA_p95,Neutrophils,oxidative_stress,6024,10657,ctrl+N2,6.999999999999999,0.004704435331571006,7.078655592791897,-40584.45075340104,,25.962470509255517,0.001264199755381156,7.073707084130494,-40588.66345174289,,,,-4.2126983418489194,,,,,,,,0.035283560175757275,,
SPLN44,?,,tierA_p95,Neutrophils,secondary_senescence,6024,10657,naive,11.58882939190469,-0.00026018933267358716,0.5233948026757128,-56321.978153778655,0.0,11.019082036984365,-0.00033360566568954234,0.5233431176703347,-56322.57305048889,0.0,-56325.846506303315,0.5234062409820355,-0.5948967102376628,3.868352524659713,3.27345581442205,0.805,-0.09875443397039554,-0.8686848843569814,0.22598932061496563,0.8730544415409339,0.009321310325927198,-0.01098184827926865,-0.027913385945531485
SPLN44,?,,tierA_p95,Neutrophils,secondary_senescence,6024,10657,ctrl,19.185852382096297,-0.0008551815443906353,0.5049243348367609,-56492.40525761119,0.0,14.911122358641625,-0.0006077664365838545,0.5046846427135057,-56495.26558355861,0.0,-56494.699862800124,0.5050672991860623,-2.8603259474184597,2.2946051889302908,-0.5657207584881689,0.915,-0.474821704418735,-1.6218522375577402,0.09752779903505739,0.8192686274294332,0.009321310325927198,-0.028373108528741805,-0.09174477776157773
SPLN44,?,,tierA_p95,Neutrophils,secondary_senescence,6024,10657,ctrl+N2,9.962242533302096,-0.0010029816158456174,0.5045943054510538,-56494.34396069401,,11.58882939190469,-0.0008039735943749381,0.5045363081869454,-56495.03638943346,,,,-0.6924287394550879,,,,,,,,0.009321310325927198,,
SPLN44,?,,tierA_p95,Neutrophils,tnfa_nfkb_proximal,6024,10657,naive,49.99999999999999,0.0010291324382193687,0.5915028532802061,-55585.059540494956,1.0,49.99999999999999,8.678958075861368e-05,0.5914327640456084,-55585.77338754381,1.0,-55587.78462809049,0.5916280515090403,-0.7138470488571329,2.7250875955360243,2.0112405466788914,0.65,-0.11850050611838196,-1.5779308124102427,0.6700018972858087,0.4124171495035016,0.009910188088010627,0.018168237708055965,0.10384590372816133
SPLN44,?,,tierA_p95,Neutrophils,tnfa_nfkb_proximal,6024,10657,ctrl,49.99999999999999,0.00047514219994928284,0.5508624385025166,-55967.8562164939,1.0,49.99999999999999,-5.7737819484364285e-05,0.5508362077528577,-55968.143071772356,1.0,-55971.581616793104,0.5508875497423136,-0.2868552784566418,3.725400299204921,3.438545020748279,0.51,-0.047618738123612524,-1.2287212319772665,0.7581196054082612,0.4124171495035016,0.009910188088010627,-0.012086640123937287,0.04794482159992163
SPLN44,?,,tierA_p95,Neutrophils,tnfa_nfkb_proximal,6024,10657,ctrl+N2,49.99999999999999,0.000480173986348056,0.5507909154950034,-55966.63841281055,,49.99999999999999,-5.383991668255468e-05,0.5508257408885011,-55966.25753953802,,,,0.3808732725393675,,,,,,,,0.009910188088010627,,
SPLN44,?,,tierA_p95,Plasma cells,downstream_arrest,11801,10657,naive,31.763081427768892,0.0036032672401292948,2.3592645021082026,-100508.07526860083,0.0,49.99999999999999,0.0005758107153842892,2.3344946775101203,-100632.62849019124,1.0,-100490.38320442822,2.3636051835527416,-124.55322159040952,-17.692064172617393,-142.2452857630269,1.0,-10.554463315855395,-16.759736093642648,-5.0729319751230335,0.3974132161244523,0.014152333744790123,0.11097813205010469,0.25460586959385084
SPLN44,?,,tierA_p95,Plasma cells,downstream_arrest,11801,10657,ctrl,9.472463873139185,0.0024608247279521143,1.9532747301769497,-102690.60686153627,0.0,6.999999999999999,0.0017956529239469493,1.9535769013675037,-102688.78139051095,1.0,-102684.86815352968,1.954887324318598,1.8254710253240773,-5.7387080065964255,-3.913236981272348,0.5,0.15468782521176827,-1.117157090893425,0.9041285555297282,0.9109028359071903,0.014152333744790123,0.024693213206871352,0.1738811967096333
SPLN44,?,,tierA_p95,Plasma cells,downstream_arrest,11801,10657,ctrl+N2,9.006764443646388,0.0025265453917257107,1.9532534056111375,-102688.73569777778,,49.99999999999999,0.00017233467008825144,1.9534920122112078,-102687.29419279611,,,,1.4415049816586192,,,,,,,,0.014152333744790123,,
SPLN44,?,,tierA_p95,Plasma cells,emt_ecm,11801,10657,naive,20.177866835741543,-0.003141731612755655,2.599739880172039,-99362.6528007117,0.0,49.99999999999999,-0.0005526999001034437,2.5768811508654763,-99466.874305925,1.0,-99348.68221463606,2.6037017850217907,-104.22150521329604,-13.970586075636675,-118.19209128893272,1.0,-8.831582511083472,-16.875770929633838,-3.754450471986615,0.3829165418419219,0.014853753594618971,-0.1014936568772634,-0.21151095529700253
SPLN44,?,,tierA_p95,Plasma cells,emt_ecm,11801,10657,ctrl,6.999999999999999,-0.002207810536305645,2.1511596083615094,-101551.81346977108,1.0,6.999999999999999,-0.0016988383026980318,2.1508479044103956,-101553.52356363893,1.0,-101551.0931238219,2.1520202344639063,-1.7100938678486273,-0.7203459491720423,-2.4304398170206696,0.76,-0.1449109285525487,-0.7792525291561622,0.21959334043375847,0.9133417419987457,0.014853753594618971,-0.022258664313056464,-0.14863653971995508
SPLN44,?,,tierA_p95,Plasma cells,emt_ecm,11801,10657,ctrl+N2,13.48099749887925,-0.001485460881325655,2.150933668914961,-101551.05301119397,,6.999999999999999,-0.0016902785013679597,2.1507135191591833,-101552.2609146582,,,,-1.2079034642377884,,,,,,,,0.014853753594618971,,
SPLN44,?,,tierA_p95,Plasma cells,il6_jak_stat3,11801,10657,naive,6.999999999999999,-0.005080784217969027,3.707248192416215,-95174.73185401468,1.0,45.204502969779604,-0.0004912783237667463,3.6964835317786524,-95209.04802170729,0.0,-95163.4047994405,3.7120662680730967,-34.31616769261018,-11.327054574183421,-45.6432222667936,0.98,-2.90790337196934,-7.171857831118098,-0.07800632946740811,0.33161908567269016,0.017735704945165433,-0.06479089814034399,-0.2864720761532247
SPLN44,?,,tierA_p95,Plasma cells,il6_jak_stat3,11801,10657,ctrl,6.999999999999999,-0.0030347027962774366,3.5495717773219657,-95641.63758632826,1.0,24.6860647223019,-0.0005383703645516047,3.549093771288581,-95643.22688481539,0.0,-95640.23011889521,3.551198638778744,-1.5892984871316003,-1.4074674330477137,-2.996765920179314,0.685,-0.13467489934171684,-1.0913230718804017,0.5051507021932354,0.5268897411985504,0.017735704945165433,-0.02988970231991282,-0.1711069735028242
SPLN44,?,,tierA_p95,Plasma cells,il6_jak_stat3,11801,10657,ctrl+N2,6.999999999999999,-0.003033695131908208,3.5495687074904216,-95639.64779237565,,23.47241150476913,-0.0005684625128705697,3.5490844153563286,-95641.257994025,,,,-1.610201649354406,,,,,,,,0.017735704945165433,,
SPLN44,?,,tierA_p95,Plasma cells,interferon_response,11801,10657,naive,49.99999999999999,-0.00528760367362148,2.4441247410500564,-100091.06143280343,1.0,38.85968176362148,-0.0005397705610118933,2.4384151649783896,-100118.66130468619,0.0,-100064.9305168903,2.4503731786883693,-27.599871882761363,-26.13091591313423,-53.730787795895594,0.985,-2.3387739922685675,-8.425818767922705,-0.06188070247528115,0.47837540003098006,0.014409758750556768,-0.06985755935309473,-0.36694602350995154
SPLN44,?,,tierA_p95,Plasma cells,interferon_response,11801,10657,ctrl,49.99999999999999,-0.002549638463216764,2.2144409881866527,-101209.66770645966,1.0,20.177866835741543,-0.0003656098831435606,2.215141186234218,-101205.93686372877,0.0,-101206.60312558823,2.215767043689737,3.7308427308889804,-3.064580871432554,0.6662618594564265,0.25,0.31614632072612325,-0.49937023482733855,1.431332735522047,0.6844195536485094,0.014409758750556768,-0.019158622501062945,-0.17693831709301253
SPLN44,?,,tierA_p95,Plasma cells,interferon_response,11801,10657,ctrl+N2,49.99999999999999,-0.002517757581774851,2.2142723131894524,-101208.56662833942,,49.99999999999999,-0.0001018155125756603,2.2143250809598274,-101208.28540500715,,,,0.28122333226644103,,,,,,,,0.014409758750556768,,
SPLN44,?,,tierA_p95,Plasma cells,oxidative_stress,11801,10657,naive,38.85968176362148,-0.000948871713392908,7.302409228519196,-87174.66342109353,0.0,14.911122358641625,-0.0005773375076655879,7.301628303094088,-87175.92549686272,0.0,-87178.24699985067,7.302666912781475,-1.2620757691911422,3.5835787571413675,2.3215029879502254,0.815,-0.10694651039667334,-0.5877890790539358,0.1050998013935547,0.7639039158784263,0.024876045408824314,-0.011925742790441365,-0.03814399345879026
SPLN44,?,,tierA_p95,Plasma cells,oxidative_stress,11801,10657,ctrl,6.999999999999999,0.0010935018934340628,7.071209471692593,-87508.33450138857,1.0,25.962470509255517,-0.00019669956590512866,7.071106568682066,-87508.50623541343,0.0,-87511.98207736088,7.071420648824562,-0.17173402485786937,3.647575972310733,3.4758419474528637,0.62,-0.014552497657645061,-0.5236884850256439,0.23388519655393833,0.5086315638835949,0.024876045408824314,-0.008333097702366399,0.043958027709750255
SPLN44,?,,tierA_p95,Plasma cells,oxidative_stress,11801,10657,ctrl+N2,6.999999999999999,0.0010838101121019611,7.070959720890205,-87506.75131286624,,42.98209161773131,-0.00011180159110074329,7.0705357406694995,-87507.45893117996,,,,-0.7076183137263257,,,,,,,,0.024876045408824314,,
SPLN44,?,,tierA_p95,Plasma cells,secondary_senescence,11801,10657,naive,16.49296129703063,-0.0016437481864939594,1.0232660817634205,-110366.0449400092,0.0,47.54182525407475,-0.00024290442098922095,1.019904372136228,-110404.87828456318,0.0,-110357.60981069005,1.0243449015675472,-38.83334455397562,-8.435129319157568,-47.26847387313319,1.0,-3.2906825314783172,-6.4203400076774715,-1.0083092597967709,0.3871958961132657,0.009316734079126466,-0.06584067449506315,-0.17642965575246375
SPLN44,?,,tierA_p95,Plasma cells,secondary_senescence,11801,10657,ctrl,6.999999999999999,-0.0016474368192260736,0.9589917890424152,-111085.60317369466,1.0,6.999999999999999,-0.0011416596886782608,0.9589413012006799,-111086.22447484796,1.0,-111083.7081311916,0.9594709611133205,-0.6213011532963719,-1.8950425030634506,-2.5163436563598225,0.56,-0.05264817839982815,-0.3566060278378901,0.4110910039813553,0.9133417419987457,0.009316734079126466,-0.023848234726543988,-0.17682557053337206
SPLN44,?,,tierA_p95,Plasma cells,secondary_senescence,11801,10657,ctrl+N2,49.99999999999999,-0.0013868785389295989,0.9589089807599286,-111084.6222259393,,6.999999999999999,-0.001137281624457634,0.9589034813274724,-111084.68990596922,,,,-0.06768002992880873,,,,,,,,0.009316734079126466,,
SPLN44,?,,tierA_p95,Plasma cells,tnfa_nfkb_proximal,11801,10657,naive,49.99999999999999,-0.0018178970003098916,1.2771157427941886,-107750.88838504843,1.0,49.99999999999999,-0.00019373068815119562,1.27455907323086,-107774.53659243272,1.0,-107748.06570197499,1.277854313698009,-23.64820738429262,-2.822683073434746,-26.470890457727364,0.975,-2.0039155481986795,-5.00905953856147,-0.007166716841682099,0.40516475562205295,0.010405938779175259,-0.050781191237121326,-0.1746980295303327
SPLN44,?,,tierA_p95,Plasma cells,tnfa_nfkb_proximal,11801,10657,ctrl,49.99999999999999,-0.001401459191783453,1.2454622145245078,-108001.06388538165,1.0,17.345738419684505,-0.00031798597117266297,1.245520145372048,-108000.5149919467,0.0,-108001.25718370876,1.2458640336802784,0.5488934349559713,0.19329832711082418,0.7421917620667955,0.585,0.046512451059738266,-0.7499726474068185,0.5949179431932295,0.7250447170893857,0.010405938779175259,-0.019007250691781757,-0.13467878500817484
SPLN44,?,,tierA_p95,Plasma cells,tnfa_nfkb_proximal,11801,10657,ctrl+N2,49.99999999999999,-0.0013918372728352181,1.245446760941067,-107999.21031203953,,49.99999999999999,-0.00010421668530748286,1.2450649143883792,-108002.82898305258,,,,-3.6186710130420017,,,,,,,,0.010405938779175259,,
SPLN44,?,,tierA_p95,Stromal,downstream_arrest,30666,10657,naive,49.99999999999999,0.0025816198716125116,1.9628687293484612,-296118.31447854557,1.0,49.99999999999999,0.0003566273548731548,1.9362301799615433,-296537.3397377999,1.0,-296053.8708427383,1.9672545608146834,-419.02525925432565,-64.44363580725621,-483.46889506158186,1.0,-13.664164196645329,-22.06340071164282,-5.680235860397283,0.45785445096196964,0.008009431929351165,0.1255802320133846,0.3223224685672962
SPLN44,?,,tierA_p95,Stromal,downstream_arrest,30666,10657,ctrl,31.763081427768892,-0.00037266865392493557,1.8080213926217032,-298592.26072159584,0.0,49.99999999999999,3.201743950158559e-05,1.8080368180760953,-298591.9990903074,1.0,-298594.2958288955,1.8081372434614749,0.26163128844927996,2.035107299685478,2.296738588134758,0.54,0.008531640528574969,-0.44773529962565434,0.17128770038954869,0.44696595781657456,0.008009431929351165,0.011274394479676769,-0.046528724779186216
SPLN44,?,,tierA_p95,Stromal,downstream_arrest,30666,10657,ctrl+N2,33.40540803599722,-0.0003805461292341166,1.8080028499341911,-298590.5752272613,,49.99999999999999,2.7428295771307212e-05,1.8079880253503993,-298590.82667185954,,,,-0.25144459830948906,,,,,,,,0.008009431929351165,,
SPLN44,?,,tierA_p95,Stromal,emt_ecm,30666,10657,naive,49.99999999999999,-0.021585684939908385,22.68745753600309,-221066.18662331466,1.0,49.99999999999999,-0.002123581070898684,21.894028823371002,-222157.8440038438,1.0,-220658.51400107602,22.99407650305355,-1091.6573805291555,-407.6726222386351,-1499.3300027677906,1.0,-35.598297154149726,-46.77078961256199,-19.045482096813906,0.45785445096196964,0.027382898732493343,-0.21872466934533497,-0.7882907193278955
SPLN44,?,,tierA_p95,Stromal,emt_ecm,30666,10657,ctrl,49.99999999999999,0.0023668926808282247,16.585041330992134,-230628.18407580332,1.0,30.20149733539872,0.00025689038120294087,16.58637202283759,-230625.72370453607,0.0,-230626.28386592667,16.58823263859847,2.4603712672542315,-1.9002098766504787,0.5601613906037528,0.365,0.08023124200268152,-0.389719994381493,0.3376963631815309,0.6012986141181759,0.027382898732493343,0.012195592102300703,0.08643689274332247
SPLN44,?,,tierA_p95,Stromal,emt_ecm,30666,10657,ctrl+N2,49.99999999999999,0.00238484330273106,16.583891017898644,-230628.3110964121,,49.99999999999999,0.00011198412621370148,16.586016536152304,-230624.38095926898,,,,3.930137143114845,,,,,,,,0.027382898732493343,,
SPLN44,?,,tierA_p95,Stromal,il6_jak_stat3,30666,10657,naive,49.99999999999999,0.0008738856050356301,9.676744895355403,-247196.27634544997,1.0,49.99999999999999,-0.00017378474908948647,9.669880332396856,-247218.03814566505,1.0,-247198.68379542994,9.6772474421642,-21.761800215084804,2.407449979975354,-19.35435023510945,0.82,-0.7096393469994392,-3.1423502661506677,0.6994166062076397,0.45785445096196964,0.017764269666777195,-0.027591330755281716,0.049193443996224676
SPLN44,?,,tierA_p95,Stromal,il6_jak_stat3,30666,10657,ctrl,49.99999999999999,-0.0009912991221669187,8.967868369105313,-249483.2709775493,1.0,49.99999999999999,-0.00024509089365284844,8.962602433368902,-249501.2833534333,1.0,-249485.35289054067,8.968429305966055,-18.0123758839909,2.0819129913579673,-15.930462892632931,1.0,-0.587372852148663,-1.2527880642949827,-0.1662382316695804,0.45785445096196964,0.017764269666777195,-0.038912412897642606,-0.055802976463763504
SPLN44,?,,tierA_p95,Stromal,il6_jak_stat3,30666,10657,ctrl+N2,49.99999999999999,-0.0009875740943800558,8.967812904458397,-249481.46064180977,,49.99999999999999,-0.0002466990896872212,8.962596033837555,-249499.3052497631,,,,-17.84460795328501,,,,,,,,0.017764269666777195,,
SPLN44,?,,tierA_p95,Stromal,interferon_response,30666,10657,naive,49.99999999999999,0.0005685501042430641,5.310373193042116,-265597.82239864493,1.0,40.868941774896264,-9.46061704208078e-05,5.309427092875326,-265603.286363505,0.0,-265600.59403140383,5.310585911333243,-5.463964860071428,2.771632758900523,-2.692332101170905,0.67,-0.17817664058147226,-1.7581110032109375,0.47909946866602154,0.5117119227446953,0.013159598944962818,-0.014771904202609836,0.04320421211753473
SPLN44,?,,tierA_p95,Stromal,interferon_response,30666,10657,ctrl,49.99999999999999,-0.0011906370507090143,4.871520835796827,-268196.94702418265,1.0,22.318425721029357,-0.00028233723436727517,4.871210272328245,-268198.9020692773,0.0,-268195.85552658566,4.872329724983576,-1.955045094655361,-1.0914975969935767,-3.0465426916489378,0.73,-0.06375285640955329,-0.5176594908658391,0.18303844010313453,0.6902711064432726,0.013159598944962818,-0.018142570763130122,-0.09047669732171322
SPLN44,?,,tierA_p95,Stromal,interferon_response,30666,10657,ctrl+N2,49.99999999999999,-0.001190721164888021,4.8715208105571195,-268194.94718306547,,21.2211739115045,-0.000299796449135338,4.871206808227474,-268196.92387703067,,,,-1.976693965183811,,,,,,,,0.013159598944962818,,
SPLN44,?,,tierA_p95,Stromal,oxidative_stress,30666,10657,naive,49.99999999999999,0.0011686507682540494,15.50500980089141,-232739.17056443304,1.0,6.999999999999999,0.0010566313274987195,15.50474093178434,-232739.7023416865,1.0,-232741.39306551157,15.505908546634267,-0.5317772534617689,2.2225010785332415,1.6907238250714727,0.76,-0.01734093958983137,-0.39273958515023893,0.11066422095007493,0.7929083686424218,0.022486405776551806,0.008677631342728247,0.05197143464433584
SPLN44,?,,tierA_p95,Stromal,oxidative_stress,30666,10657,ctrl,6.999999999999999,0.001162560465254855,14.410236744256453,-234938.6683473136,1.0,6.999999999999999,0.0012673849808430082,14.409321688545425,-234940.61571222616,1.0,-234941.41003808257,14.4108280475218,-1.947364912572084,2.741690768976696,0.7943258564046118,0.825,-0.06350241024496459,-0.31117017797583857,0.11612284515509516,0.9237455054054852,0.022486405776551806,0.010408455008712255,0.05170059087057123
SPLN44,?,,tierA_p95,Stromal,oxidative_stress,30666,10657,ctrl+N2,49.99999999999999,-0.00038156525403163394,14.410141403787922,-234936.8712392252,,49.99999999999999,-1.0741612903238791e-05,14.408073975265497,-234941.2712176655,,,,-4.399978440270042,,,,,,,,0.022486405776551806,,
SPLN44,?,,tierA_p95,Stromal,secondary_senescence,30666,10657,naive,10.477345453252495,-0.001760044013538692,5.614612454766762,-263889.40567096643,0.0,30.20149733539872,-0.0006167448619577528,5.597395618780607,-263983.58539396885,0.0,-263879.7789629236,5.617107911815863,-94.179723002424,-9.626708042807877,-103.80643104523188,1.0,-3.0711446880070437,-6.846782673690123,-0.9978111519159372,0.5288729150731863,0.013534051289624116,-0.05923960984945046,-0.13004561426170924
SPLN44,?,,tierA_p95,Stromal,secondary_senescence,30666,10657,ctrl,49.99999999999999,-0.0004402280426463696,5.170752551179372,-266368.88346558897,1.0,15.682109678112967,-0.000301961724154901,5.170283670407182,-266371.66436635394,0.0,-266372.2282621918,5.170863029586413,-2.7809007649775594,3.3447966028470546,0.5638958378694952,0.875,-0.09068351806487834,-0.3349605518658108,0.047514904243503686,0.7732679833777506,0.013534051289624116,-0.011775911652884784,-0.032527440098541895
SPLN44,?,,tierA_p95,Stromal,secondary_senescence,30666,10657,ctrl+N2,49.99999999999999,-0.0004395725738857194,5.170750810977842,-266366.8937861426,,16.49296129703063,-0.00027925237747656494,5.170144779746502,-266370.48816606816,,,,-3.594379925514864,,,,,,,,0.013534051289624116,,
SPLN44,?,,tierA_p95,Stromal,tnfa_nfkb_proximal,30666,10657,naive,49.99999999999999,-0.00480206523869725,6.297397775202136,-260370.05498326858,1.0,49.99999999999999,-0.00039778568567969325,6.273973941685113,-260484.3330630336,1.0,-260300.2481230079,6.312572592125135,-114.27807976503391,-69.80686026066542,-184.08494002569932,0.975,-3.7265401345148996,-11.815625140999282,-0.020432775129796164,0.45785445096196964,0.014347446930454156,-0.07819569922102843,-0.3346982401565535
SPLN44,?,,tierA_p95,Stromal,tnfa_nfkb_proximal,30666,10657,ctrl,49.99999999999999,0.0009423245739710068,5.371236465643487,-265202.3519767597,1.0,49.99999999999999,0.00017904124412531714,5.368599620691559,-265217.41021196375,1.0,-265203.4576271106,5.371743443079502,-15.05823520408012,1.1056503509171307,-13.952584853162989,0.95,-0.49104008361312595,-1.4913406683928685,0.025077137463162515,0.45785445096196964,0.014347446930454156,0.035195472782938116,0.06567890290676959
SPLN44,?,,tierA_p95,Stromal,tnfa_nfkb_proximal,30666,10657,ctrl+N2,24.6860647223019,0.000735297927655329,5.371154592907046,-265200.81941633095,,49.99999999999999,0.0001546343923874149,5.367208244537855,-265223.35892749665,,,,-22.539511165655508,,,,,,,,0.014347446930454156,,
SPLN44,?,,tierA_p95,T/NK cells,downstream_arrest,33179,10657,naive,49.99999999999999,0.00242007934144251,3.5708006848315503,-303144.62687440036,1.0,49.99999999999999,0.0004506885214256546,3.524922237841402,-303573.6803257476,1.0,-303112.5598574882,3.574684411080408,-429.053451347223,-32.06701691215858,-461.1204682593816,1.0,-12.931476275572592,-24.424997829383628,-5.2368188008229986,0.416953590693948,0.010379757492115008,0.11798609193102806,0.23315374593749147
SPLN44,?,,tierA_p95,T/NK cells,downstream_arrest,33179,10657,ctrl,6.999999999999999,-0.0005445624709509794,3.231563934901288,-306410.67548188334,1.0,24.6860647223019,-7.66192057872475e-05,3.2315939104001283,-306410.3677199193,0.0,-306413.18119158305,3.2317094788713994,0.30776196403894573,2.505709699704312,2.8134716637432575,0.53,0.009275805902496933,-0.149548745978862,0.11454283415287733,0.5441314683619616,0.010379757492115008,-0.007112422382095549,-0.052463891503456886
SPLN44,?,,tierA_p95,T/NK cells,downstream_arrest,33179,10657,ctrl+N2,6.999999999999999,-0.0005610566037291338,3.231294243102387,-306411.44456762046,,49.99999999999999,-1.958451860933012e-05,3.2312828367169835,-306411.56168884214,,,,-0.11712122165528387,,,,,,,,0.010379757492115008,,
SPLN44,?,,tierA_p95,T/NK cells,emt_ecm,33179,10657,naive,24.6860647223019,-0.0014016874462442494,5.954128000208079,-286180.3731072592,0.0,47.54182525407475,-0.00034280795793872724,5.931685546685671,-286305.66853569355,0.0,-286172.23399599135,5.9563068195201865,-125.29542843432864,-8.13911126786843,-133.43453970219707,1.0,-3.7763473412197066,-8.864442331653644,-0.8424824446345757,0.4161656844699295,0.013398521708134669,-0.06429344839272741,-0.10461508192270384
SPLN44,?,,tierA_p95,T/NK cells,emt_ecm,33179,10657,ctrl,16.49296129703063,-0.00031706272548806546,5.1963749787210665,-290650.8146321408,0.0,42.98209161773131,-7.119474917153183e-05,5.19613022502883,-290652.377428136,0.0,-290654.13621825766,5.196481230536033,-1.562795995210763,3.321586116857361,1.758790121646598,0.805,-0.04710196194010558,-0.30562485679119367,0.041306965294455,0.42910997247713273,0.013398521708134669,-0.01143196246097869,-0.02366400804290988
SPLN44,?,,tierA_p95,T/NK cells,emt_ecm,33179,10657,ctrl+N2,31.763081427768892,-0.0003125898031408096,5.196228510211945,-290649.74985086045,,38.85968176362148,-7.565374128920668e-05,5.195980055912824,-290651.33632117417,,,,-1.586470313728231,,,,,,,,0.013398521708134669,,
SPLN44,?,,tierA_p95,T/NK cells,il6_jak_stat3,33179,10657,naive,49.99999999999999,-0.0015753007207258572,11.733410369467673,-263673.212689894,1.0,49.99999999999999,-0.00039044724304271517,11.697707619877422,-263774.32459125237,1.0,-263672.5597769726,11.735055939405834,-101.11190135835204,-0.6529129214468412,-101.76481427979888,1.0,-3.0474668120905406,-5.122063617340956,-1.1507032306740077,0.416953590693948,0.0188066280723963,-0.0564147867386775,-0.08376306026672929
SPLN44,?,,tierA_p95,T/NK cells,il6_jak_stat3,33179,10657,ctrl,6.999999999999999,0.00096124810639717,11.269856018577098,-264964.61860266904,1.0,49.99999999999999,-7.180260354112386e-05,11.269790725211752,-264964.8108300445,1.0,-264967.2836013511,11.27030948538819,-0.1922273754607886,2.664998682041187,2.4727713065803982,0.515,-0.005793645844081757,-0.3411895705252641,0.21531585959650132,0.3188248972529652,0.0188066280723963,-0.010374586165565934,0.05111219845714627
SPLN44,?,,tierA_p95,T/NK cells,il6_jak_stat3,33179,10657,ctrl+N2,49.99999999999999,0.0005899812072535696,11.269809743706512,-264962.754838401,,49.99999999999999,-6.542227685468767e-05,11.269536827815486,-264963.5583289831,,,,-0.8034905821285291,,,,,,,,0.0188066280723963,,
SPLN44,?,,tierA_p95,T/NK cells,interferon_response,33179,10657,naive,49.99999999999999,-0.002033899283320248,8.200471671707238,-275559.5458406366,1.0,49.99999999999999,-0.00047065042337158104,8.148946884231826,-275768.6721257623,1.0,-275552.44898030325,8.20321481369741,-209.12628512573428,-7.09686033334583,-216.22314545908011,1.0,-6.302971310941689,-10.6982641163086,-3.1271993473481388,0.416953590693948,0.015723904446186522,-0.08133539567168711,-0.1293507786282798
SPLN44,?,,tierA_p95,T/NK cells,interferon_response,33179,10657,ctrl,49.99999999999999,0.0010657198562239371,7.63726224413298,-277874.31396152085,1.0,49.99999999999999,-4.341119733411962e-05,7.637761914806989,-277872.1432843256,1.0,-277875.3199946302,7.637951437357287,2.1706771952449344,1.0060331093263812,3.1767103045713156,0.32,0.06542322539090793,-0.28981421354193593,0.29127579044013535,0.416953590693948,0.015723904446186522,-0.007502100787370735,0.06777704989263188
SPLN44,?,,tierA_p95,T/NK cells,interferon_response,33179,10657,ctrl+N2,36.94920399670096,0.0009246414161747353,7.636294230894367,-277876.51962394646,,49.99999999999999,-6.214720600605103e-05,7.635606288450082,-277879.5088055936,,,,-2.989181647100321,,,,,,,,0.015723904446186522,,
SPLN44,?,,tierA_p95,T/NK cells,oxidative_stress,33179,10657,naive,49.99999999999999,0.0011279956714861543,19.508817381395442,-246804.1405538881,1.0,49.99999999999999,0.00013165487546450437,19.505414719391354,-246809.92802768116,1.0,-246806.70563541865,19.509661112903807,-5.787473793054232,2.5650815305416472,-3.222392262512585,0.875,-0.17443183317924688,-0.6337258834479356,0.046308011544346356,0.416953590693948,0.024248965554786537,0.014753166915213754,0.0465172697322332
SPLN44,?,,tierA_p95,T/NK cells,oxidative_stress,33179,10657,ctrl,11.019082036984365,0.0008734933254181783,18.658998338803674,-248235.86759873692,0.0,49.99999999999999,0.00020857056146324508,18.655261375128624,-248242.51324676207,1.0,-248238.69633218631,18.659657039981425,-6.6456480251508765,2.828733449394349,-3.8169145757565275,0.89,-0.20029681500801338,-0.6370049745261276,0.06696257672634809,0.35866246391750817,0.024248965554786537,0.023372292868080822,0.03602187991931625
SPLN44,?,,tierA_p95,T/NK cells,oxidative_stress,33179,10657,ctrl+N2,31.763081427768892,0.0008183776313107427,18.65891362406672,-248234.01823686803,,49.99999999999999,0.00020142706567192456,18.65495438078628,-248241.05925085658,,,,-7.041013988562661,,,,,,,,0.024248965554786537,,
SPLN44,?,,tierA_p95,T/NK cells,secondary_senescence,33179,10657,naive,23.47241150476913,-0.0009731243265708296,3.904072480242126,-300184.0520331857,0.0,40.868941774896264,-0.00031381835488755776,3.892169824786741,-300285.3619968162,0.0,-300178.98723340995,3.905139253507338,-101.30996363045415,-5.064799775776919,-106.37476340623107,1.0,-3.053436319070923,-6.56938123987498,-0.8324690013473343,0.4607184886295241,0.01084892273693086,-0.057629142935299145,-0.0896977838332755
SPLN44,?,,tierA_p95,T/NK cells,secondary_senescence,33179,10657,ctrl,6.999999999999999,0.00021568598909466814,3.763823600771418,-301351.9017077003,1.0,18.24260882600192,-9.34709625330821e-05,3.763757792725743,-301352.48182634223,0.0,-301355.70055371185,3.7638464197359456,-0.580118641955778,3.7988460115739144,3.2187273696181364,0.635,-0.01748451255178812,-0.23796329413255524,0.10813299538851874,0.6568391321009848,0.01084892273693086,-0.005565885962265644,0.01988086691230363
SPLN44,?,,tierA_p95,T/NK cells,secondary_senescence,33179,10657,ctrl+N2,7.361938632551805,0.0002072692952168149,3.7636725539063653,-301351.2332484499,,49.99999999999999,-1.9954024988482833e-05,3.7636484858341133,-301351.4454234229,,,,-0.21217497301987717,,,,,,,,0.01084892273693086,,
SPLN44,?,,tierA_p95,T/NK cells,tnfa_nfkb_proximal,33179,10657,naive,49.99999999999999,-0.0012622714545680994,4.913644399109959,-292553.0256115676,1.0,38.85968176362148,-0.00017896758654960233,4.911079241273078,-292570.351162274,0.0,-292549.89202715695,4.914700960955901,-17.325550706416834,-3.1335844106506556,-20.45913511706749,1.0,-0.5221842341968363,-1.262270652161679,-0.06781737066871962,0.4926455781854621,0.012170737700433648,-0.027146188950169826,-0.10371363556864845
SPLN44,?,,tierA_p95,T/NK cells,tnfa_nfkb_proximal,33179,10657,ctrl,49.99999999999999,-0.0006157076744342598,4.801948478760651,-293269.9481164885,1.0,36.94920399670096,-7.006672665533282e-05,4.80194051008721,-293270.0031759788,0.0,-293272.3581064854,4.802178604112977,-0.055059490259736776,2.4099899968714453,2.3549305066117086,0.66,-0.0016594680448397113,-0.2510577572016159,0.09290719511979251,0.5089161927527486,0.012170737700433648,-0.009855027244762721,-0.05058918280374514
SPLN44,?,,tierA_p95,T/NK cells,tnfa_nfkb_proximal,33179,10657,ctrl+N2,49.99999999999999,-0.0006158200775874869,4.801948222340289,-293267.9498882217,,49.99999999999999,-5.11333607468934e-05,4.801816432448723,-293268.8605012926,,,,-0.9106130709621608,,,,,,,,0.012170737700433648,,
