oxidative_stress	0	Chrna6,Scin,Aldh1l2,Whrn,Chmp4c,Atm,Pbx3,Sirt5,Mki67,Cyp17a1,Phtf1,Pitpnm1,Ripk1,Pirb,Abhd4,Tnxb,Laptm4b,Zfhx3,Cd68,Pip5k1c,Glg1,Srsf1,Cdc42bpb,Psmb6,Rnaset2a,Vim,Cth,Adipor1,Orm1,Abcb4,Fcgr2b
oxidative_stress	1	Atp2b3,C1ql1,Ephb3,Cd226,Prdm9,Mbd5,Ube2n,Map2k4,Tecpr2,Cd93,Prkci,Zscan21,Nr2c2,Scamp4,Dnttip1,Timmdc1,Lyve1,Saa2,Ogt,Clec1b,Ubtf,Cpt2,Kyat1,Clec14a,Slco1a1,Ctsl,Il6st,Vtn,Gcgr,Vdac1,Gm2a
oxidative_stress	2	Tmprss15,Ccl20,Dmp1,Mtcl1,Trim32,Pald1,Ss18l1,Pim2,Hmcn1,Il17ra,Slc4a7,Clec9a,Tirap,Ftsj1,Slc25a17,Odr4,Camta2,Aebp2,Rhod,Cct3,Aif1,Map1lc3a,Mfn2,Rab1a,Fgl1,Fdx1,Lifr,Fga,Hamp,Igfbp2,Mpc2
oxidative_stress	3	Stoml3,Nrip3,Tnfrsf13b,Sertad1,Rhpn2,Dixdc1,Cdc25a,Pld2,Selenon,Col6a1,Agpat4,Apaf1,Sap18,Cln8,Rtf1,Glmp,Atp6v0a1,Jak2,Scarb1,Gdf2,Calu,Notch1,Plxnc1,Cul4a,Pdia3,Tgfbi,Sdhc,Igf1,Mpc2,Sult2a8,Spop
oxidative_stress	4	Slc17a7,Pcdh8,Slc6a4,Cspg5,Traf3ip3,Robo2,Naaa,Hist1h4h,Cd2bp2,Rapgef3,Plxna2,Rcc2,Hps5,Polr2j,Kdm4a,Ptpn1,Klhl21,Smad1,Podxl,Lats1,Cdk9,Irf1,Ddb1,Selenof,Ndrg2,G6pc,Glyat,Tgfbi,Fcgrt,Canx,Hacl1
oxidative_stress	5	Cer1,Cfap52,Satb2,Ifit1,Ifi44,Vangl1,Mlph,Ciita,Vhl,Kdm4b,Nfu1,Ranbp1,Akip1,Nod1,Dnttip1,Rybp,Ube2g2,Nosip,Gtf2a2,Mlec,Tmem109,Hgf,Itga9,Gk,Bnip3,Caprin1,Slc2a2,Rnaset2a,Pzp,Pik3r1,C1rb
oxidative_stress	6	Mc5r,Piwil2,Msx1,Slc12a5,Tbxa2r,Batf,Pafah1b3,Ldlrad4,Cdk5rap2,Nfkb2,Rab4b,Dmd,Klhl3,Snta1,Wdr59,Eif2b1,Plcg1,Vcam1,Arhgef7,Mlycd,Spag9,Vps28,Srebf1,Fh1,Rsrp1,Lamp2,Pink1,Hrg,Pdia3,Lyz2,Pygl
oxidative_stress	7	Greb1,Ccl1,Cd19,Dut,Pknox2,Ly75,Mettl14,Dlg4,Tmem173,Prmt5,Slc9a1,Sema3d,Gosr1,Jade2,Trim2,Wdr61,Ntn4,Fgfr4,Lpar6,Wasl,Klc1,Sema6a,Ncoa2,Rab5a,Nbr1,Pon1,Serpinf2,Rac1,Lamtor4,Lifr,Got2
oxidative_stress	8	Hoxc8,Mep1b,Fzd2,Il18rap,Jade3,Casp4,Plgrkt,Sfxn3,Nup62,Mtrex,Smad6,Ptpn23,Brd8,Mtif2,Cmklr1,Ccn1,Trim65,Grb7,Tie1,Mavs,Mapk3,F11r,Bcl7b,Nrp1,C6,Aox3,Acox1,Prkar1a,Ptp4a1,Cyb5a,Hist1h2bc
oxidative_stress	9	Opalin,Myl2,Stmn2,Birc5,Ssbp2,Fbxl7,Mlst8,Cep164,Bloc1s5,Emc2,Mapk8ip1,Bcl7a,Folr2,Atf6,Spsb2,Entpd1,Ppfibp1,Gcat,Sos1,Cdipt,Crebbp,Pdap1,Srebf1,Slc25a22,Fcgrt,Hacl1,Gjb2,Sdha,Cd47,Plin2,Lamtor4
oxidative_stress	10	Gpr50,Grik1,Sh2d1a,Thpo,Atp1b2,Wnt9b,Tent5c,Batf3,Fosl2,Lrig1,Tsc1,Lyar,Gosr1,Ddx41,Slc17a8,Ptpn1,Sidt2,Mapk1,Cldn12,Wrnip1,Smarcd2,Cdkn1b,Ggnbp2,Ehhadh,Grn,Rxra,Fasn,Sdhc,Amfr,Gpd1,Sema4g
oxidative_stress	11	Ccnb3,Amelx,Sh2d1a,Tnc,Mafk,Wdr37,Syt1,Cav1,Eln,Wtip,Cenpa,Pycrl,Zdhhc8,Cnot2,Folr2,Med1,Nr0b2,Slc22a5,Ppp4r3a,Pbrm1,Dapk1,Sec22b,Cd151,Ccnd3,Sdhb,Atp2a2,Iqgap2,Cpox,Cth,Pklr,Tmem106b
oxidative_stress	12	Gh,Nxph2,Hoxb7,Panx1,Tigar,Prr5,Nlgn2,Zc3hc1,Nid2,Nsf,Eif2ak2,Fbxl12,Irs1,Rnf19a,Edc4,Nfkbib,Lipg,Laptm4b,Arhgef7,Spag9,Ep300,Nedd4l,Clk1,Amd1,Rnf10,Plpp3,Slc2a2,Por,Fcgr2b,Ppp2r5c,Cd47
oxidative_stress	13	Gcm2,Krt78,Mmp25,Ttn,Ikzf2,Vangl1,Hras,Itga4,Ikzf1,Dync1i2,Grb10,Lmo2,Pgam5,Edc4,Hdac4,Bin1,Stat5b,Tbx2,Ppp5c,Ap1g1,Ppp3cb,Akt1s1,Stk11,Arrdc3,Cideb,Ephx2,Mpc2,Mbl2,Ctnnb1,Vwa8,Hmgcr
oxidative_stress	14	Acan,Cdh7,Ly6g5b,Thpo,Tlr7,Meaf6,Cxcl10,Bak1,Cav1,Atg14,Unc13b,Epha2,Elovl1,Slc22a18,Col6a3,Mecp2,Hcfc1,Siah2,Nid1,Atg5,Kdm2a,Creg1,Dio1,Plk3,Pink1,Pltp,Chchd3,Aox3,Ghr,Fn1,Coq8a
oxidative_stress	15	Pgr,Nxph2,Gpr141b,Mmp28,Rad50,Xrcc5,Nup205,D1Ertd622e,Gata2,Tnfaip3,Daglb,Crtc2,Supt16,Pgam5,Vps26b,Zdhhc7,Sidt2,Hic1,Ppif,Smarcd2,Nampt,Anxa2,Dlg1,Acaca,Pik3r1,Hpd,Mfsd2a,Rnf13,Eng,Paip1,Rab43
oxidative_stress	16	Krt5,Myf5,Lypd6,Runx3,Amer1,Sirt4,Camk2g,Foxq1,Snai2,Epb41l1,Ap2a1,Psmd11,Cd2ap,Crlf2,Snta1,Camk1d,Slc25a28,Tcf12,Adgre1,Map3k7,Tec,Ncl,Mertk,Pard3,Lsr,Sqstm1,Ctnnb1,Lyz2,Orm1,Cyb5r3,Igfbp2
oxidative_stress	17	Kcnh5,Ly6h,Vcan,Nos1ap,Tlr7,Krt19,Grk3,C1qtnf5,Cep104,Xrcc6,Axin2,Ap1s1,Dysf,Agps,Mycbp2,Tor2a,Pik3r2,Prep,Ube2i,Sept4,Trrap,Cflar,Ryk,Tardbp,Apoa4,Fgb,Cpn1,Fn1,Sema4g,Fcgr2b,Mcl1
oxidative_stress	18	Mos,Cbln1,Large2,Ereg,Fbln2,Inhba,Galc,Yif1a,Hmcn1,Cd9,Cxcr4,Pitpnm1,Zbtb46,Csk,Traf2,Mapre2,Fcgr3,Nmt1,Rmdn3,Fbxo31,Gnai3,Hnrnpk,Adgre5,Slc9a3r1,Lyz2,Fgb,Acaa2,Actr2,Nr1h3,Hao1,Atf4
oxidative_stress	19	Kcnh5,Npsr1,Snai3,E2f2,Hey1,Vasp,Chil3,Cib2,S1pr3,Cit,Selenoi,Ggps1,Dock2,Rcan1,Slc25a17,Itgal,Ndufs4,Borcs8,Pbrm1,Man2b2,Gatm,Retreg3,Dag1,Tgm2,Hnf4a,Hyou1,Paip1,Sdha,Lamtor4,Hibadh,Nfkbia
oxidative_stress	20	Ccdc184,Cfap53,Lefty1,Metrnl,Frzb,Hoxb5,Foxp2,Gar1,Cdk2,Foxj2,Pdgfra,Lipe,Plekha1,Sp1,Pgam5,Rela,Zkscan1,Hgs,Pa2g4,Kat6a,Dnajb6,Vdac2,Ino80d,Fh1,C3,Nr1h3,A1cf,Ctsl,Cpt1a,Pigr,Fgg
oxidative_stress	21	Cbln2,a,Ccl7,Itga7,Rab7b,Gja5,Trmt13,Leo1,Pard6b,Yipf1,Plcb4,Fermt3,Set,Pex3,Tbck,Mob2,Sema3f,Eif2ak3,Rab32,Eif4enif1,Emilin1,Dync1h1,Fam107b,Fam210b,Got2,Nr1h3,Tsc22d3,Epas1,Echs1,Fasn,Otc
oxidative_stress	22	Sdr16c5,Cacna2d2,Fzd2,Col4a5,Kcnma1,Gpr4,Ube2n,Gyg,Fmod,Zfp750,Map3k8,Terf2,Snapin,Ptpra,Yeats4,Cavin1,Mindy1,Nfatc1,Psen1,Ikbkg,Psmd13,Isca1,Gck,Xiap,Aldh4a1,Eif4g1,Cyp2e1,Idi1,Hnf4a,Mknk2,Saa4
oxidative_stress	23	Fgf10,Gper1,Msx1,Atp6v0d2,Spry2,Myh10,Stat5a,Hist1h4h,Btbd2,Stam2,Zbtb7b,Crtc2,Atf6,Pip4k2c,Fgf21,Rab28,Il11ra1,Dicer1,Ext1,Rmdn3,Ddit4,Marcks,Cd151,Dsg2,Pltp,Serpinc1,Tgfbi,Rxra,Cd36,Plxnb2,F9
oxidative_stress	24	Cer1,Neurod1,Egr3,Sulf1,Rfx3,Gja5,Faap100,Lmnb1,Rgmb,Itga8,Pik3cd,Arhgap17,Ppp1r1b,Cnr2,Fzd4,Bad,Smad7,Slc16a1,Prpf4b,Glg1,Becn1,Sp3,Smarcc2,Cd55,Rad23b,Fgb,Arg1,Hsd17b4,Coq8a,Hao1,Prkar1a
oxidative_stress	25	Fgf10,Scn4a,Colgalt2,Gfra2,Hap1,Ogn,Mlst8,Pithd1,Aldh18a1,Unc13b,Pmm2,Hat1,Plekha1,Mta3,Yeats4,Rcor1,Ankrd11,Hsf1,Kras,Nampt,Lmo4,Rbms1,Otud5,Rnh1,Rab7,Spop,Cd47,C3,Vtn,Rac1,Mknk2
oxidative_stress	26	En1,Rln1,Nkx3-1,Gmds,Erbb2,Cbx1,Tlr3,Hira,Fmod,Unc13b,Sufu,Nagk,Ric8b,Nae1,Ruvbl1,Nfil3,Fbxo21,Sema3f,Ddit4,Pdk1,Mapkap1,Pdzk1,Ube3a,Emc6,Plxnb2,C1rb,Sema4g,Cebpa,Fcgrt,Phb2,Maf
oxidative_stress	27	Zcchc12,Amelx,Olr1,Tbx21,Rfx3,Fzd8,Vipas39,Zc3hc1,Ppargc1b,Mtmr12,Kdm6a,Agrn,Cnot2,Ifi204,Hsf2,Arf6,Hopx,Ppfibp1,Calu,Setd1a,Mapk9,Abi1,Lrpprc,Igfbp3,Ldha,Chchd3,Igf1,Atp5o,Gnai2,Abcd3,Pik3r1
oxidative_stress	28	Cyp19a1,Sim1,Actn2,Pcgf1,Zbp1,Cks1b,Tiam1,Pithd1,Rad9a,Socs3,Ppp1r7,Rnf144a,Col6a3,Rnf19a,Ppp1r1b,Sap130,Psmd6,Leprot,Lin7c,Crebrf,Tmem109,Ncl,Fkbp5,Snrk,Pcx,Scarb2,Acox1,Angptl3,Serpinc1,Nfe2l1,Vtn
oxidative_stress	29	Gcm2,Il17a,Rcor2,Ppm1d,Tmprss2,Sgsh,Pald1,Tfrc,C1qtnf5,Rhbdf2,Fbxl4,Tbpl1,Tgfbr1,Cnot2,Myo9a,Smim7,Pkd2,Adgrl2,Il13ra1,Lta4h,Tpr,Anxa2,Tmem120a,Amd1,Glyat,Atf5,Actr2,Eif4ebp2,Nrn1,Hsph1,Arg1
oxidative_stress	30	Npffr2,a,Il7,Wnt5b,Tlr7,Riox1,P2ry1,Fosl2,Mkks,Rab4b,Wls,Acvr1,Mta3,Tead1,Pfkfb2,Dnm1l,Camsap2,Micu2,Als2,Gphn,Brd7,Fyb,Ecpas,Spast,Clu,Ldha,Agt,Chchd3,Hspd1,Col18a1,Fcgr2b
oxidative_stress	31	Gsc,Neurod1,Mkx,Ache,Saysd1,Traf3ip2,Pde4c,Fmod,Scmh1,Grb10,Lratd2,Rad51b,Lbr,Crlf2,Tirap,Mast2,Cyld,Nsun2,Samhd1,Ep300,Ubtf,Cflar,Flot2,Vipr1,Fgl1,Ghr,Fcgr2b,Eif4ebp2,Egfr,Furin,Col18a1
oxidative_stress	32	Cntn4,Pcdh8,Slc1a3,Scimp,Trib2,Fbxl7,Adamts5,D1Ertd622e,Hoxb3,Tnfsf10,Ap4s1,Zscan21,Alpl,Kit,Hivep2,Arhgef11,Sox18,Palmd,Emc10,Tpr,Nfat5,Fyb,Ldah,Nrp1,Fasn,Adh5,Rnf10,Sema4g,Glyat,Hsd17b4,Lamp2
oxidative_stress	33	Foxn4,Nlrp4f,Trdn,Arhgap44,Rhpn2,Gnao1,Bmp4,Thbs2,Msh2,Tnfaip3,Pcsk4,Cblc,Stat1,Kdm4a,Fubp1,Prkaa1,Limd1,Ctcf,Cd68,Bcar1,Ppp3r1,Eif4a3,March5,Cd55,Rsrp1,Serpina3n,Rab7,Chchd3,Slco1a1,Tgfbi,Maf
oxidative_stress	34	Vsig1,Agr3,Arc,Fgf2,S1pr5,Mapk7,Ess2,Lmnb1,Ccp110,Plcb4,Rragd,Katna1,Rab11fip1,Pcm1,Dgat1,Rtcb,Sema3f,Fbxl17,Mxd4,Aif1,Cttn,Cpsf6,Tnpo1,Ehmt2,Paip1,Hmgcr,Fdx1,Cyp1a2,Prelp,Nr1h3,Nedd4
oxidative_stress	35	Smcp,Il23a,Gdf11,Arid3a,Synpo2,Gpat2,Mcph1,Hk1,Setdb1,Hps4,Med6,Srf,Nr1h2,Sh3gl1,Hjv,Snx6,Appl2,Tet3,Csnk1a1,Sigmar1,Tnfrsf1b,Vdac2,Abca1,Etnppl,Tgfbi,Pklr,Hacl1,Aldh1l1,Mbl2,Nfe2l1,Bnip3
oxidative_stress	36	Pgr,Chrna7,Cxcl5,Ticam1,Bbc3,Cers6,Foxo4,Hist1h4h,Wnt2,Pdgfra,Wls,Stxbp1,Nelfe,Ftsj1,Tbck,Sema4a,Ppp2r1a,Shc1,Emc3,Derl2,Trim27,Itga1,Fam136a,Setd1b,Pon1,Gjb2,Col18a1,Rab43,Lsr,Atp5o,Mpc1
oxidative_stress	37	Pgk2,Epha5,Cxcr5,Ncam2,Lpar2,Pdgfb,Arl13b,Eln,Dbn1,Yipf1,Glis3,Myo1d,Nf2,Ric8b,Itgb2,Odr4,Ctcf,Tsc2,Ppp4r3a,Twf1,Anapc16,Cyp7a1,Ets2,Eva1a,Idh1,Lamp2,Otc,Cd1d1,Scarb2,Rdx,Nfe2l1
oxidative_stress	38	Cemip,Plppr4,Diaph3,Hspb2,Ttll3,Fam104a,Ifit3,Idua,Tecpr2,Klc2,Cyp17a1,Egln1,Etv3,Smurf1,Pdk4,Esr1,Adgra3,Tsc2,Sgms2,Acp2,Samhd1,Coro1c,Dio1,Sdcbp,Cxcl12,Itgb1,Cd36,C3,G6pc,Coq8a,Gcgr
oxidative_stress	39	Wap,Gpr37l1,Lrp8,Metrnl,Gbp2b,Fbxl7,Ctnnal1,Chd6,Itga3,Ripk2,Nr2f1,Braf,Slc17a8,Agps,Anapc4,Ndst2,Arhgap31,Letmd1,Setd1a,Neu1,Arhgef7,Agtr1a,Fyn,Myh9,Col18a1,Gfra1,F9,Hsd17b4,Plxnb2,Gpc4,Fah
oxidative_stress	40	Mepe,Isl2,Etv4,Arhgap44,Prdm9,Ap3m2,Atp2a3,Pard6b,Nfkbie,Rab3d,Kcnj8,Smad3,Snapin,Rubcn,Evl,Adamts9,Hnf1a,Atg7,Stag2,Pkm,Myo6,Sp3,Srr,Sirt2,Cfb,Pink1,Hrg,Txnip,Idi1,Nrn1,Cideb
oxidative_stress	41	Arr3,Sema3e,Pde6g,Slamf9,Cldn7,Mthfr,Hras,Rundc1,Nup62,Exoc3l2,Dync1i2,Togaram1,Cd53,Kdm4a,Taf12,Naa15,Gtpbp2,Palmd,Becn1,Ppp3r1,Pdk1,Mafb,Map4k4,Lamtor2,Actr2,Rgs5,Hnrnpa1,Pltp,Lyz2,Rab5c,Ctnnb1
oxidative_stress	42	Krt5,Sostdc1,Olr1,Fmo4,Cdh4,Dgka,Ajuba,Yif1a,Pld2,Rab3d,Sort1,Ndufa12,Birc3,Myo9a,Rab29,Gna11,Dcaf7,Med15,Myo6,Ppif,Il13ra1,Ino80d,Dpy30,Ets1,Pigr,Fcgr2b,Acsl1,Hspa1b,Serpinc1,Fgb,Aldh1l1
oxidative_stress	43	Tmprss15,Lypd1,Rad54l,Ccl21b,Plaur,Stat5a,Ankrd13b,Rcn2,Ren1,Exoc3l2,Mlkl,Tceal9,Dnttip1,Kdm7a,Snapin,Sacm1l,Col4a1,Ndufaf6,Ikbkg,Pak2,Tie1,Sgta,Dag1,Mbl1,Agt,Cpt1a,Hadhb,Hspa9,Cct5,Fcgr2b,Aldh1l1
oxidative_stress	44	Galr1,Hoxb13,Sidt1,Arid3a,Casp12,Epm2a,Ss18l1,Uba6,Inpp4b,Sox17,Fbxl4,Elob,Foxa1,Pdk4,Ddit3,Il15ra,Sharpin,Cpeb2,Podxl,Prpf19,Fxr1,Dlg1,Plod1,Nlrp6,Lpin2,Adgrf5,Gjb2,Eng,Pcx,Mpc2,Kif1c
oxidative_stress	45	Doc2a,Aqp3,Blk,Ahi1,Cxcr2,Trmt2a,Ogn,Chrna2,Cadm3,Tcf7,Eloc,Cry1,Ric8a,Tbck,Bcl3,Ash2l,Akt2,Dctn1,Lats1,Atp6v1b2,Alkbh5,Dek,Jup,Smoc1,Phb2,Neat1,Sardh,Abcd3,Echs1,Egfr,Hrg
oxidative_stress	46	Fgf8,Krt79,Plk4,Ighd,Mef2c,Cwc27,Ccdc130,Mxd1,Zc3hc1,Hdac6,Cd300a,Bace2,Creld1,Yars,Trim2,Ngf,Tufm,Dnajc7,Mfn1,Abl1,Lta4h,Igfbp1,Mapre3,Rbbp4,Ppp2r5c,Pgk1,Serpina3n,Igf1,Hmgcr,Bdh1,Sf1
oxidative_stress	47	Gcm2,Rtkn2,Cux2,Rasd1,Mmp9,Fam104a,Trmt2a,Fmod,Abracl,Cd300a,Hif1an,Dact2,Rnf220,Sp1,Set,Apobec1,Adgra3,Ssr2,Fbxo31,Neu1,Erbb3,Azi2,Kyat1,Lrp6,Mpc1,Mprip,Hsd17b4,Hibadh,Adgrf5,Mbd2,Scarb2
oxidative_stress	48	Hoxc8,Htr2a,Nkx3-1,Dagla,Tlr8,Mmp7,Sept6,Plxna1,Zfp503,Scnn1a,Nt5e,Bmp10,Timm50,Plekha2,Mark2,Cygb,Nr3c1,Rala,Rbck1,Sigmar1,Ep400,Nploc4,Ap1b1,Prkd3,Scarb2,Adipor1,Ctsl,Rxra,Csde1,Cps1,Sf1
oxidative_stress	49	Krt5,Lhx4,Abca4,Il12rb1,Saysd1,Cers6,Alg13,Daam2,Daxx,Nr2f1,Dctn3,Tfeb,Pirb,Atf2,Ifi204,Polr2f,Itga5,Lgr4,Mavs,Max,Rab32,Ryk,Zeb2,Flt4,Ctdsp1,Mknk2,Hnf4a,Hyou1,Rab43,Gfra1,Agt
oxidative_stress	50	Kcnh5,Gap43,Gdf7,Star,Icosl,Setbp1,Stat5a,Ikzf1,Cish,Lrig1,Rragd,Rhoj,Mycbp2,Slc3a1,Spry1,Med1,Kcnk5,Dcaf7,Ap1g1,Samhd1,Myo10,Itga9,Usp25,Zdhhc6,Acox1,Itgb1,Nfe2l1,Fga,Abcd3,Dpyd,Nfkbia
oxidative_stress	51	Nr5a1,Trem1,Nkain1,Ccna2,Ciart,Abcb8,Ankrd13b,Nid2,Dsg1b,Lamb1,Btbd9,Polb,Smarcb1,Pcnt,Nbn,Odr4,Acss3,Rlim,Slc20a2,Ikbkg,Zeb1,Fkbp5,Tns2,Snrk,Aldh1l1,Pdia3,Cyp3a11,Prelp,Comt,Hrg,Kif1c
oxidative_stress	52	Slurp2,Onecut3,Pcp4,Metrnl,Peg3,Ankrd13b,Kdm1a,Gata2,Rsad1,Kif21b,Lama5,Hck,Kit,Cnr2,Zdhhc8,Usp32,Tlcd1,Rbbp7,Map3k7,Sept4,Mme,Retreg3,Ulk1,Adtrp,Egfr,Slco1a1,Picalm,C3,Cfb,Sqstm1,Rnf13
oxidative_stress	53	Tmprss15,Lin28a,Slc39a5,Angptl8,Prkar2b,Tiam1,Dpysl3,Rsad1,Hira,Il17ra,Rel,Zscan21,Ncbp2,Ahr,Hnrnpdl,Rb1,Ambra1,Zc3h14,Nceh1,Emc10,Slc9a9,Ncl,Slk,Litaf,Aox3,Comt,Raf1,Cpn1,Mpc1,Mbl2,Lrp1
oxidative_stress	54	Cntn4,Frmd7,Aldh1l2,Tmem119,Smpd4,Pdgfb,Bmp4,Inpp1,Lhx6,Phtf1,Exoc3l2,Lmo2,Stat1,Pcm1,Ric8a,G3bp1,Capn10,Dlgap4,Ppp5c,Scarb1,Derl2,Marcks,Pecam1,Erbin,Cideb,Rnf13,Rab43,Cers2,Pklr,Plxnb2,Apoa1
oxidative_stress	55	Lhx3,Dnah12,Prf1,Hist2h2be,Irf7,Nlgn2,Eif2ak4,Neo1,Rph3al,Cd93,Slc8a1,Pnkd,Pla2g6,Slco3a1,Bcam,Nfkbib,Ntn1,Nfatc3,Gphn,Ep400,Cldn12,Ybx3,Isca1,Eif3i,Fdx1,Cd5l,Slc2a2,Cpt1a,Idh1,Csde1,Spop
oxidative_stress	56	Six2,Far2,Efna2,Ccl21b,Hap1,Cxcl10,Lancl2,Sema4d,Ldlrad4,Fbxl4,Atxn1,Camk2d,Sf3b6,Pik3c3,Rbpj,Cited2,Ptk2,Mast3,Nfat5,Foxo1,Alkbh5,Plxnc1,Cyp7a1,Cnppd1,Cth,Tpi1,Fgg,Rgs5,Mia2,Lrp1,Serpina3n
oxidative_stress	57	Dync1i1,Hoxb13,Upk1b,Angptl8,Mmp9,Phykpl,Dync2h1,Prkcq,Mtf2,Mtmr12,Unc13b,Abi3bp,Spry1,Ripk1,Cops5,Jpt1,Sox18,Stat5b,Ikbkg,Socs2,Lsm14a,Azi2,Gck,Gjb1,Aldh2,Pigr,Rnf10,Ephx2,Gfra1,Epas1,Cp
oxidative_stress	58	Ccdc184,Grik1,Aldh1a2,Slc18a2,Cxcl14,Cdc5l,Yeats2,Rif1,Chrna2,Prmt5,Robo1,Cers4,Babam2,Mtf1,Ric8a,Lztr1,Clcn7,Letmd1,Ephb4,Sec23a,Cldn12,Sumo1,Calcrl,Gtf2i,Arhgef12,Chchd3,Nedd4,Rnaset2a,Clu,G6pc,Ywhaz
oxidative_stress	59	Nr5a1,Spdye4a,Fbxo2,Angpt1,Inhbb,Vegfc,Fbxl7,Arntl,Cep104,Axin1,Zfand2a,Sox9,Slc22a18,Pirb,Adarb1,Csnk2a2,Kcnk5,Kat14,Ltf,Kdm2a,Pacsin3,Srebf2,Map4k4,Selenof,G6pc,Acaa2,Lsr,Aldoa,Slc25a20,Bmp1,Nr1h3
oxidative_stress	60	Muc5b,Sostdc1,Blk,Tdrkh,Enah,Gpsm1,Fbxl7,D1Ertd622e,Idua,Blnk,Utp25,Fbxo33,Nod1,Mta3,Ifi204,Gab1,Ranbp2,Cic,Max,Podxl,Ap3b1,Mta2,Ncoa2,Smarca2,Mcl1,Egfr,Apob,Hspa5,Cd81,Fah,Neat1
oxidative_stress	61	Fgf5,Nkx6-1,Fbxl13,Sept5,Trib2,Cyp2r1,Zscan2,Arntl,Nid2,Klf4,H2afv,H2afx,Zbtb46,Glb1,Hivep2,Abraxas2,Hnf1a,Nmt1,Elf2,Stub1,F2r,Arrb2,H2afy,Ehmt2,Lamp2,Sardh,Adgrf5,Acaa2,Idh1,Cyp27a1,Paip1
oxidative_stress	62	Pou6f2,Htr2a,Cklf,Fst,Ripk3,Mlph,Epm2a,Topbp1,D1Ertd622e,Mlkl,Tjp3,Ctr9,Herc6,Pip4k2c,Ripk1,Pafah1b2,Taf15,Slc25a28,Kdm2a,Atp6v1b2,Dnajb6,Nploc4,Cct7,Psma4,Tsc22d3,C6,Bmp1,Plpp3,Plxnb2,Aldh2,Phb2
oxidative_stress	63	Gcm1,Nkain3,Kcnj9,Slamf9,Frzb,Inpp5e,Trmt2a,Pard6b,Tdg,C5ar2,Sulf2,Smc3,Rcan1,Nelfe,Dglucy,Dcdc2a,Plcg1,Adgrl2,Sirt7,Psmd13,Rhot2,Tns2,Cct7,Insr,Glyat,Bhmt,Idh1,Ndrg2,Amfr,Ctsl,Sdhb
oxidative_stress	64	Otp,Rab3b,Cd5,Ksr2,Lrp12,Runx1,Faap100,Il2rb,Tmem173,Zbtb7b,Stk39,Nuak2,Elovl1,Irf8,Erap1,Arid1b,Med15,Tmem94,Emc3,Pa2g4,Bcl2l1,S1pr1,Nectin3,Klf15,Pik3r1,Sult2a8,Cyp3a11,Mpc1,Nbr1,Cyb5a,Eng
oxidative_stress	65	Stoml3,Cpa4,Lrp8,Slc24a3,Runx2,Chil3,Itgam,Myc,Cd37,Ptar1,Gorasp1,Traf6,Atf6,Mtfp1,Cux1,Kat8,Saa2,Atp6v0a1,Ctbp1,Map3k7,Nceh1,Dag1,Vcp,Mib1,Atf5,Tsc22d3,Hspa1b,Mbd2,Bmpr2,Hadhb,Cd5l
oxidative_stress	66	Slc5a7,Gdf1,Cldn10,Ccr2,Rfx5,Ubash3b,Alg13,Fosl2,Phf6,Mtx1,Pxn,Actl6a,Mtfp1,Rnf19a,Ncbp2,Bap1,Acacb,Pkd1,Cttn,Plk2,Atg5,Irak1,Srebf2,Etnppl,Cyp3a11,Arhgef12,Gpd1,Por,Atp5o,Cfh,Gpt2
oxidative_stress	67	Pifo,Pvalb,Mybl2,Star,Trib2,Wnt9b,Meaf6,Batf3,Ndc1,Dock5,Prkci,Appbp2,Fam129a,Anapc4,Cxxc1,Il1r1,Hgs,Nfatc3,Fto,Tmem109,Prkce,Sgta,Lin7a,Spast,Bnip3,Igf1,Agt,Sema4g,C1rb,Fah,Chchd3
oxidative_stress	68	Pgk2,Pcdh20,Gdf11,Tbx6,Irf7,Meaf6,Phykpl,Meis1,Cadm3,Zfp750,Tet2,Elmo1,Mllt10,Csk,Ruvbl1,Lztr1,Adgrl2,Nr1i2,Mapkap1,Usp7,Pak2,Srr,Arhgef1,Sdcbp,Sult2a8,Lrp1,Mcl1,Rxra,Ppp2r5c,Acaa2,Pltp
oxidative_stress	69	Retn,Sox10,Tfap2a,Gmds,Heyl,Ezh2,Trmt13,Nid2,Pcif1,Emd,Col6a1,Epc2,Lbr,Setd6,Tead1,Ifnar2,Smad7,Rspo3,Smad4,Bax,Ogt,March2,Stat2,Ern1,Caprin1,Adh5,Nfe2l1,Fgl1,Sardh,Cpt1a,Hadhb
oxidative_stress	70	Trpm5,Lypd1,Nmu,Nmb,Ccl21a,Bcl2,Ppargc1a,Fzd7,Epha7,Wdr36,Med6,Cd48,Cmklr1,Gbf1,Fzd4,Hdac5,Khdrbs1,Setd5,Me1,Mlycd,Ero1lb,Per1,Dhfr,Cul3,Acsl1,Prkar1a,Hspa9,Comt,Grn,Pygl,Lpin2
oxidative_stress	71	D1Pas1,Cdh12,Nmu,Flt3,Fzd6,Afap1l2,Map2,Ick,Nid2,Lama5,Rnf31,Rnf2,Frs2,Cux1,Hsf2,Tbx20,Gsk3b,Mdm4,Cxxc5,Zfp148,Dpp9,Isca1,Slk,Erbin,Lsr,Scarb2,Aox3,Pgk1,Hipk2,Sf1,Otc
oxidative_stress	72	Grxcr2,Khdrbs2,Smpd3,Sept5,Lmnb2,Mlh1,Wnt4,Eln,Hmcn1,Mtrex,Tmem41b,Pias1,Hivep2,Fubp1,Postn,Phc2,Ntn4,Limd1,Map3k7,Psmd9,Ube2i,Dusp1,Rock2,Esd,Aox3,Pdia3,Mbl2,Ywhaz,Plpp3,Cyp1a2,Slc40a1
oxidative_stress	73	Gnb3,Phex,Ank2,Pard6a,Lrp12,Naaa,Bco1,P3h1,Pcif1,P3h3,Appl1,Mapk8,Babam2,Tbck,Nfyc,Mob2,Memo1,Map3k5,Prpf4b,Prkce,Clec1b,Acsl4,Arid5b,Ap2a2,Ywhaz,Gjb2,Bmpr2,Eng,Gm2a,Fah,Adh5
oxidative_stress	74	Npc1l1,Spatc1l,Sez6l2,F3,Tmprss2,Ifit3,Pdzrn3,Praf2,Cdk2,Lratd2,Camsap1,Fpr1,Adra1b,Pja1,Plekhg2,Hes1,Ranbp2,Usp47,Abcf1,Arhgef7,Mlec,Azi2,Ppp1r10,Plvap,Raf1,Abcb4,Gnai2,Amfr,Mpc2,Hist1h2bc,Agt
oxidative_stress	75	Aire,Ccr10,Il7,Angpt1,Runx2,Traf3ip2,Naip5,Bloc1s5,Ints11,Maip1,Snx4,Terf2,Baz1a,Ifi204,Atg16l1,Fli1,Abca8b,Zc3h14,Shoc2,Spred1,Gtf2a2,Ipmk,Cpsf6,Grk2,Cd47,Csde1,Cd5l,Fcgrt,Gfra1,Coq8a,Hibadh
oxidative_stress	76	Zfp42,Scel,Ncr1,Cdk5r1,Cxcr2,Robo2,Ube2n,Plau,Bex3,Vps51,Hif1an,Klf10,Ppp1r1b,Chd7,Slco3a1,Blmh,Lyve1,Sall1,Sumo3,Cdk9,Ppp4r3a,Cd163,Ldah,Id2,Pgk1,Mprip,Ghr,Orm1,Sdha,Comt,Hspa1b
oxidative_stress	77	Dll3,Gpr17,Meiob,Hoxa4,Olig1,Cxcl10,Cdkn2c,Dgcr8,Pcif1,Tcf7,Btbd9,Lyplal1,Ccnt1,Slc25a51,E2f4,Pdpk1,Cyfip1,Atg7,Gaa,Stub1,Aif1,Sema6a,Sec22b,Ap2a2,Qsox1,Fgl1,Aldoa,Cd36,Sf1,Agpat3,Fn1
oxidative_stress	78	Col10a1,Mesp2,Lox,Suv39h1,Rhpn2,Ly75,Camk2b,Etv5,Ren1,Mlkl,Psmd5,Tyk2,Edc4,Nfyc,Cln8,Cetn3,Jak2,Atrx,Klc1,Myo6,Psmd9,Fmc1,Dync1h1,Tle1,Serpinc1,Agpat3,Slc40a1,Pon1,Atp5o,Idh1,Cpn1
oxidative_stress	79	Mnx1,Epha5,F2rl2,Ninl,Mturn,Faap100,Smarcd3,Plxna1,Rnaseh2b,Taf9,Usp14,Ngfr,Pja1,Cyp26b1,Ddx41,Zdhhc18,Cic,Aebp2,Trrap,Rhoc,Ikbkg,Fbxo3,Otud5,Esd,C4b,Rab43,Hyou1,Il6st,Fgb,Egfl7,Pltp
oxidative_stress	80	Tac1,Foxp3,L1cam,Adamts6,Il33,Hoxb5,Cln3,Hmga1,Rgmb,Rapgef3,Cit,Rnd2,Herc6,Carmil1,Cr1l,Ptprc,Foxp4,Gata4,Kansl2,Lpar6,Ctbp1,Adamts1,Sp3,Hnrnph1,Ephx2,Hsd17b4,Atp2a2,Slco1a1,Pgk1,Amfr,Agpat3
oxidative_stress	81	Htr1a,Gpa33,Evpl,Il13ra2,Stau2,Grk3,Rpl11,Setdb1,Wrap73,Kmt5c,Cdc42,Elob,Aifm1,Irak2,Tead1,Itgav,Esam,Rheb,Clec1b,Slc20a2,Sema6d,Ube3a,Ets2,Hnrnph1,Iqgap2,Cpt1a,Fcgrt,Lamp2,Arg1,Cth,Prkar1a
oxidative_stress	82	Hoxc8,Hapln1,Clic6,Ccna2,Atp1b2,Pde4c,Hoxb5,Cnot4,Elac2,Ints4,Itpa,Gfpt1,Jade2,Nrip1,Wdr5,Tbx20,Thrap3,Actn1,Abcf1,Rhoc,Me1,Abi1,Cpt2,Asph,Hamp,Ptp4a1,Pgk1,Lyz2,Bmpr2,C4b,Actr2
oxidative_stress	83	Atp2b3,Lvrn,Spta1,Tnfsf14,Bbs7,Csf2rb2,Igtp,Pard6b,Ap5z1,Rhbdf2,Tet2,Smarce1,Cd53,Rras2,Smarca5,Polr2e,Nf1,Tfpi,Myo6,Rbck1,Gnaq,Srsf1,Smurf2,Ncor1,Cd1d1,Cyp1a2,Rnaset2a,Atf5,Rab5c,Nrn1,Eif4ebp2
oxidative_stress	84	Foxh1,Ntf5,Dmp1,Metrnl,Pik3cg,Bcl2a1a,Tjp2,Stimate,Diablo,Abcd2,Ptpn6,Ddx58,Klb,Clock,Rras2,Smap1,Mdm4,Tufm,Sgms2,Mllt6,Spred1,Sec24c,Stk11,Gk,Mfsd2a,Nfe2l1,Rnf10,Idi1,Pzp,Mknk2,Cct5
oxidative_stress	85	Npbwr1,Il5ra,Taf6l,Ror1,Selenoh,Smo,Mplkip,Selenon,Grk5,Dhx33,Sumf1,Dcaf1,Etv3,Slc9a8,Nfyc,She,Dab2,Map3k5,Gimap4,Mavs,Ppif,Apcs,Pias2,Csf1r,Ppp2r5c,Fgl1,Sardh,Fga,Mprip,Prkar1a,Aox3
oxidative_stress	86	Pdyn,Sim1,Ffar2,Spaca6,Fbxo17,Gnao1,Slc2a1,Mctp2,Batf3,Cblb,Hps4,Smad3,Akip1,Ppp1r1b,Spry1,Msr1,Kdm5a,Stk38,Rhot2,Wasl,Eif4enif1,Ncoa3,Pde3b,Hspg2,Tsc22d3,Serpinc1,Gcgr,Arg1,Atf4,Furin,Aldoa
oxidative_stress	87	Msx2,Pou4f1,Rhbdl3,Gjc1,Smyd3,Dmap1,Adamts14,Srpx2,Nipsnap2,Wtip,Wdr36,Vav1,Tbk1,Flot1,Cops5,Copg1,Fcgr3,Sema3f,Pacsin3,Bcl2l1,Maob,Plxnc1,Foxp1,Jak1,Rac1,Gpt2,Atp5o,Mfsd2a,F9,Rad23b,Adipor1
oxidative_stress	88	Zcchc12,Kcnmb2,Rab38,Cd8a,Cd80,Gtf2e2,Hps6,Leo1,Stimate,Scnn1a,Ldhb,Apip,Nbn,Pcnt,Birc3,Gucy1a1,Col13a1,Klf6,Myo6,Lrp5,Ep400,Pdzk1,Lima1,Bbox1,Vim,Kif1c,Pon1,Iqgap2,Got2,Acly,Rab5c
oxidative_stress	89	Mos,Grik1,Pclaf,Tmem119,Pmaip1,Arl13b,Map2,Itgb7,Cdk5rap2,Axin2,Cd300a,Adgra2,Smarcb1,Ddx42,Sh3bp1,Fzd1,Cyld,Akt2,Stat6,Ltf,Ep400,Dek,Cct7,Sntb1,Mfsd2a,Adipor1,Serpinf2,Neat1,Got2,Itgb1,Rac1
oxidative_stress	90	Mfrp,S100b,Pgf,Klrc1,Casp12,Dgka,Map3k14,Ilf2,Polr2h,Dock7,Micu1,Ndufa12,Kcnq1,Abhd4,Dnmt3a,Bin1,Maz,Acvr2a,Ephb4,Kmt2b,Usp7,Fabp4,Echdc1,Ube2r2,Lgals9,Kif1c,Spop,Bdh1,Rnaset2a,Cyp27a1,Hspa9
oxidative_stress	91	Glra1,Spatc1l,Tnnc1,Ccna2,Usp18,Cers6,Prkcz,Fancl,Ublcp1,Ighm,Capn1,Smc3,Nf2,Elovl1,Brd8,Dyrk1a,Hnf1a,Sidt2,Erbb3,Eif4enif1,Pacsin3,Anxa2,Mta2,Lasp1,Col18a1,Mfsd2a,Pcx,Cpt1a,Gpd1,Pigr,Sdha
oxidative_stress	92	Slc6a3,Lvrn,Psmb9,Shld1,Akt3,Mmp7,Ppl,Tfrc,Agtrap,Prpsap2,Xrcc1,Pitpnm1,Ldb2,Rcan1,Ftsj1,Smim7,Map3k11,Memo1,Me1,Ikbkb,Gtf2a2,Ecpas,Rapgef1,Gtf2i,Pon1,Sf1,Eng,Txnip,Mprip,Rnaset2a,Cers2
oxidative_stress	93	Pcdh10,Apln,Cdh6,Wnt5b,Fbxo32,Pdgfb,Rpl11,Lmnb1,Cep104,Pcna,Epb41l1,Dkk3,Trim2,Tcf7l2,Bmpr1a,Fam20a,Letmd1,Adamts13,Lats1,Sigmar1,Rbck1,Bmi1,Gas6,Gpam,Plpp3,Fdx1,Caprin1,Mpc1,Hc,Aox3,G6pc
oxidative_stress	94	Noto,Gal,Spta1,Cldn14,Olfm3,Tcof1,Mlph,Acvr1b,Large1,Hnf1b,Kdm4b,Vav1,Bcl3,Slco3a1,Yeats4,Fmr1,Foxp4,Cyfip1,Mark3,Eif2a,Phf10,Ptgs1,Plxnc1,Tle1,Adh5,Sult2a8,Ndrg2,C4b,Rtn3,Gpc4,Gjb2
oxidative_stress	95	Tpsab1,Cdh9,Hoxb8,Kcnj10,Tlr7,Wdr37,Prr5,Plau,Mre11a,Adora1,Selenoi,Cybc1,Pja1,Nr2c2,Hps5,Plin5,Ednrb,Hsf1,Pacsin3,Kmt2b,Pak2,Ryk,Baiap2,Chuk,Cd5l,Hrg,Lsr,C3,Acox1,Cyp2c29,Rad23b
oxidative_stress	96	Mnx1,Hmx2,Slc39a5,Mpp2,Cnot11,Pip,Polr3e,Birc2,Cdk5,Bach2,Ighm,Mapk8,Pex3,Fbh1,E2f4,Ubap1,Cyld,Map7,Max,Mllt6,Ltf,Sumo1,Ppp1r10,Wapl,Hsph1,Fgg,Hc,Coq8a,Aldh2,Pygl,Scarb2
oxidative_stress	97	Hoxd3,Htr2a,Pdpn,Tnc,Mturn,Med24,Itgam,Ada,Disp2,Unc13b,Pik3cd,Sema3d,Ripk1,Etv3,Rras2,Odr4,Tcf12,Onecut1,Crebbp,Socs2,Twf1,Anxa2,Unc93b1,Decr1,Cfb,Neat1,Aldh2,Apob,Scarb2,Pik3r1,Fn1
oxidative_stress	98	Evx1,Khdrbs2,Vil1,Cdk5r1,Selp,Twnk,Wrap53,Adgrg6,Ggnbp1,Hnf1b,Cnot9,Katna1,Nr5a2,Dennd1a,Nr2c2,Eed,Tbl1xr1,Zyx,Sept11,Prpf19,Wasl,Smarca4,Fyb,Igfbp3,Txnip,Idh1,Nr1h3,Saa4,Rsrp1,Lgals9,Adgrf5
oxidative_stress	99	Grin1,Piwil4,Wnt2b,Spib,Saysd1,Gja5,Pafah1b3,Tiparp,Trp53bp1,Arf2,Casp7,Sgpl1,Nelfe,Ptk2b,Plekhg2,Lpl,Arhgap31,Sema3f,Lrp5,Tmem109,Stub1,Usp25,Agtr1a,Psma4,Por,Ctdsp1,Hspa5,Nfe2l1,Cyp2e1,Pklr,Cpt1a
oxidative_stress	100	Hcrtr1,Nts,Rflna,Runx3,Prdm9,Trmt13,Tlr4,Bloc1s5,Tecpr2,Ap2a1,Ptar1,Socs6,Gosr1,Ubac1,Adarb1,Il1r1,Abca8b,Ccn2,Gak,Ikbkg,Pi4ka,Lpp,Arhgap35,Msrb1,Sdhb,Slco1a1,Eng,C4b,Bmp1,Lpin2,Actr2
oxidative_stress	101	Gpr101,Barhl2,Cldn4,Hikeshi,Tox,Mapk7,Adra1a,Pithd1,Rnf20,Nfkb2,Ppm1h,Dxo,Spsb2,Sh3bp1,Yes1,Icam1,Slc25a28,Casp8,Ndel1,Esyt2,Arhgef15,Sumo1,Ptgs1,Cops2,Serpinc1,Csde1,Gpd1,Slc40a1,Eng,Plpp3,Mia2
oxidative_stress	102	Fgf8,Amhr2,Kcnj9,Fen1,Anapc15,Prpf3,P2ry1,P3h1,Scmh1,Pick1,Etv6,Slc30a10,Dock2,Smarcb1,Pcnt,Itgal,Kdm5a,Atg7,Thap12,Npr1,Cct3,Marcks,Selenoo,Wapl,C4b,Amfr,Gpc4,Atf4,Cxcl12,Slco1a1,Caprin1
oxidative_stress	103	Sntn,Apln,Smpd3,Gla,Tnnt2,Camk2b,Mlph,Prps1,Birc2,Spsb1,Tmem41b,Yap1,Eepd1,Gem,Erap1,Ago1,Zyx,Mapk1,Psmd9,Slc20a2,Plxnd1,Acsl4,Dcaf11,Chuk,Cfb,Nfe2l1,Gjb2,Pdia3,Prelp,Fah,Cyb5r3
oxidative_stress	104	Ppp3r2,Grik1,Cxcr5,Kcnj10,Trib3,Ogn,Ifit3,Disp2,Pim2,Gorasp1,Cdc42,Eps15l1,Mtfp1,Oasl2,Cr1l,Atg9a,Rheb,Palmd,Nid1,Pkm,Atn1,Sec22b,Hlf,Brd2,Echs1,Atp5o,Adipor1,Atf4,Por,Egfl7,Spop
oxidative_stress	105	Wap,Adora2b,Pou2af1,Gfi1,Srgap1,Bcl2,Dffb,Rif1,Smn1,Pcgf2,Klc2,Mapk8,Dysf,Cr1l,Rab29,Glmp,Dlgap4,Ranbp2,Esyt2,Eea1,Hes6,Isca1,Abca1,Npc1,Rhoa,Acox1,Apoa4,Pklr,Hspa1b,Cxcl12,C3
oxidative_stress	106	Hcn1,Myl2,Ffar2,Sdk2,S1pr5,Mmp7,Gtf2e2,Idua,Wnt2,Dlg5,Sin3b,Ubr7,Scamp4,Baz1a,Cyp26b1,Lepr,Mapk1,Taf15,Per2,Emc10,Map4,Arid5b,Dhfr,Skp1a,C6,Cers2,Atp5f1,Lamtor4,Lamp2,Ghr,Rnf10
oxidative_stress	107	Slitrk1,Slc6a14,Efna2,Cysltr1,Pde12,Tlr5,Setbp1,Adora2a,Ift27,Vps51,Nras,Epc2,Zbtb46,Smarca5,Col6a3,Fli1,Abca8b,Arhgap31,Ppp4r3a,Ep400,Rab32,Ash1l,Zeb2,Xiap,Got2,Aplp2,Cxcl12,Pklr,Iqgap2,Atf5,Hspa9
oxidative_stress	108	Hcn1,Il17a,Sez6l2,Mrnip,Ace,Adamts5,Nlgn2,Cish,Wnt2,Micu1,Nsf,Slc30a10,Myd88,Sp1,Fbh1,Ndst2,Prkacb,Tufm,Gatm,Ppp6r3,Vcl,Marcks,Prrc2b,Nr2f2,Rab5c,Rgs5,Nbr1,Aplp2,Aldh1l1,Sdhb,Aldh4a1
oxidative_stress	109	Dkk4,Krt79,Rgcc,Xcl1,Zfpm2,Klf1,Myh10,Plagl2,Ctdspl2,Stk3,Pxn,Klf10,Snrpa,Carmil1,Dusp7,Ifnar2,Dcaf7,Rlim,Fto,Ubtf,Smtn,Srebf1,Meis2,Col14a1,Cyp2e1,Slc25a20,Ctdsp1,Slc2a2,Apob,Pdia3,Dpyd
oxidative_stress	110	Glra1,Scnn1b,Etv4,Fos,Sinhcaf,C1qtnf12,Champ1,Epb41l2,Notch4,Nsf,Ighm,Lmo2,Epha1,Nf2,Fubp1,Mknk1,Actn1,Il4ra,Emilin1,Abcc9,Eif4enif1,Ptgs1,Mafb,Sec61a1,Sult2a8,Rnaset2a,Chchd3,Actr2,Slc40a1,Cd1d1,Bhmt
oxidative_stress	111	Hpcal4,Hoxb13,Large2,Gli3,Hpgds,Clec4n,Afap1l2,Homer3,Leo1,Klc2,Tmem98,Cnot8,Edc4,Dnttip1,Birc3,Lcp2,Col4a1,Ext2,Ephb4,Ep300,Nfat5,Tnks2,Cdc42bpb,Mtch2,Coq8a,Rnaset2a,Hsph1,Gjb2,Plpp3,Abcb4,Rab7
oxidative_stress	112	Gpr50,Celsr3,Kif19a,Itk,Ikzf2,Pafah1b3,Cd180,Trex1,Parp2,Bach2,Nmrk1,Bace2,Med14,Slc25a17,Stat1,Apobec1,Tufm,Zyx,Podxl,Trappc10,Sept11,Usp2,Cpsf6,Mttp,Vdac1,Gfra1,Pah,Sdhb,Adipor1,Cpn1,Acly
oxidative_stress	113	Dll3,Aplnr,Igdcc4,Ugt8a,Dusp5,Maoa,Igtp,Parp2,Asf1a,Blnk,Atp7b,Sox5,Sox6,Sf3b6,Gosr1,Gja4,Nosip,Appl2,Ogt,Ddit4,Map2k1,H2afz,Axl,Ogdh,Cyp2e1,Nbr1,Slc40a1,Aldoa,Cth,Amfr,Spop
oxidative_stress	114	Il9,Six6,Cdh6,Themis,Cep152,Vasp,Dffb,Gna14,Ube2d1,Pygb,Slc8a1,Yap1,Nbn,Tbck,Slc22a18,Ssrp1,Chtop,Ptk2,Fbxo31,Vcl,Abl1,Itsn1,Slc8b1,Tmem259,Apob,Epas1,Adgrf5,Bhmt,A1cf,Sdhc,Tmem106b
oxidative_stress	115	Pifo,Ptx3,Efna2,Wfdc18,Tlr13,Hras,Prr5,Chrna2,Ikzf1,Sort1,Lamb1,Virma,Klhl3,Tbc1d22a,Cln8,Jpt1,Tmem94,Pik3r2,Elf2,Actr1b,Mapkap1,Nedd4l,Pde8a,Lrp6,Fdx1,Pklr,Cct8,Glud1,Hspa9,Pcx,Gpd1
oxidative_stress	116	Nanog,Mesp2,Gata1,Trem2,Pnpla3,Tnfrsf11a,P2ry1,Efna5,Cep164,Arf2,Prpsap2,Acta2,Zdhhc8,Sap18,Des,Bcl7c,Tecr,Zyx,Vat1,Mlec,Lin7c,Retreg3,Nek7,Cyp7b1,Ephx2,Lifr,Ywhaz,Got2,Hspa1b,Fcgr2b,Lrp1
oxidative_stress	117	Kcnq3,Ntf5,Aldh1a2,Mmp28,Rbfox3,Kat6b,Tgs1,Ehd4,Nid2,Maml1,Map3k8,Cdh13,Lfng,Gem,Chd7,Stra6l,Cops9,Kdm5a,Emc10,Ctbp1,Pdk1,Akt1s1,Ppp6c,Csf1r,Atf4,Ephx2,Idi1,Cpt1a,Pzp,Slco1a1,Pgk1
oxidative_stress	118	Myod1,Car4,Cklf,Cxcl1,Fbln2,Mettl14,Atp2a3,Trpv2,Vav2,Twf2,Il17ra,Nuak2,Ccnt1,Ric8a,Hdac4,Dbnl,Cgn,Ncstn,Mapk14,Eif4enif1,Emc3,March5,Dlg1,Rorc,Aplp2,Rsrp1,Adh5,Gpc4,Mbl2,Mettl7b,Mfsd2a
oxidative_stress	119	Kndc1,Arnt2,Klk1b4,Dut,Polr1e,Bcl2,Plcg2,Wsb1,Chrna2,Maip1,Itga8,Acta2,Yes1,Slco3a1,Ifi204,Igf2r,Klf6,Fbxo21,Bcl2l1,Mtor,Lta4h,Ap1b1,Adgre5,Fam210b,Aox3,Iqgap2,Vdac1,Coq8a,Qsox1,Lgals9,Nedd4
oxidative_stress	120	Muc5b,Celsr3,Bhlha15,Ppm1d,Chek2,Wdr37,C1qtnf12,Ndor1,Tlr2,Tbp,Emd,Cnp,Gem,Cmklr1,Hdac4,Rhog,Slc11a1,Igsf5,Mlec,Psmd1,Mapk9,Map4k4,Apcs,Plk3,Bhmt,Arg1,Aldh2,Fcgr2b,Got2,Acsl1,Amfr
oxidative_stress	121	Cpa1,Il2,Pclaf,Haspin,Lpar2,Hace1,Arl13b,Hist1h4h,Batf3,Snx4,Arf2,Cybc1,Rbpj,Foxa1,Hdgfl2,Mapre2,Zfhx3,Lyn,Socs2,Slc9a9,Pdk1,Bach1,Adamts1,Atg3,Cpox,Abcb4,Canx,Dpyd,Cd47,Iqgap2,Aldh2
oxidative_stress	122	Cpa1,Cnpy1,Tnfrsf13b,Ninl,Usp18,Dvl2,Prpf3,Phf6,Thbs2,Emd,Agpat4,Lrrk1,Otud7b,Rtf1,Emsy,Siglec1,Chtop,Atp6v0a1,Smarcd2,Pip5k1c,Ewsr1,Tnks2,Ash1l,Clic4,Gcgr,C1rb,Rab7,Ctsl,Col18a1,Comt,Gpt2
oxidative_stress	123	H1foo,Ms4a2,Adcy2,Ksr2,Gbp2b,Trmt2a,Pafah1b3,Myc,Eln,Stam2,Mettl3,Igf1r,Erap1,Rab11fip1,Herc6,Myo7a,Slc12a7,Anapc2,Lin7c,Calu,Atn1,Srr,Ptgs1,Srsf2,Fga,Cd36,Bdh1,Hspd1,Arhgef12,Mbl2,Comt
oxidative_stress	124	Cryge,Il23a,Pdpn,Plppr3,Tbxa2r,Hras,Dvl2,Adora2a,Wrap73,Pkhd1,Mest,Prmt3,Hdgfl2,Eepd1,Pkig,Tfam,Stat5b,Cic,Ndel1,Ewsr1,Derl2,Fkbp5,Arhgef1,Rap1a,Hibadh,Idh1,Cebpa,Paip1,Nfe2l1,Pklr,Pink1
oxidative_stress	125	Dll3,Asic3,Aldh1a2,Syp,Psmd10,Casp4,Ocln,Sfxn3,Prps1,Relb,Casp7,Gusb,Pgam5,Ric8b,Cldn1,Atg9a,Ptk2,Cpeb2,Ndel1,Apc,Rmdn3,Usp2,Bcl7b,Hspg2,Rab7,Cers2,Cyb5r3,Apoa4,Caprin1,Gpd1,Cpn1
oxidative_stress	126	Fgf10,Cpa4,Gata5,Timeless,Selenoh,Faap100,Gja5,Tlr2,Adgrg6,Ptpn6,Klc2,Sox5,Pja1,Marco,Elovl1,Mybbp1a,Hecw2,Zkscan1,Tpr,Lmo4,Kdm2a,Tgfbr2,Luc7l3,Cmip,Aldoa,Pdia3,Lrp1,Itgb1,Adh5,Cers2,Nbr1
oxidative_stress	127	Cacng2,Prl2c2,Plk4,Grm8,Mturn,Cers6,Hace1,Ehd4,Mycl,Axin1,Pcna,Gpr107,Pja1,Lbr,Atf6,Cd14,Cd82,Cops9,Spred1,Derl2,Mxd4,Ddb1,Ppt1,Psmb6,Actr2,A1cf,Tsc22d3,Tpi1,Hacl1,Agpat3,Cyp27a1
oxidative_stress	128	Foxd3,Brsk2,Rfx4,Fen1,Trib3,Plgrkt,Cdc5l,Gbp2,L3hypdh,Snx30,Itpa,Stxbp1,Mcam,Adarb1,Cops5,Kmt2c,Nr1i2,Zmpste24,Prkce,Irf9,Actr1b,Ulk1,Fgfr3,Col14a1,G6pc,Prkar1a,Cd5l,Acox1,Sema4g,Cideb,A1cf
oxidative_stress	129	Npbwr1,Piwil2,Gnal,Zfpl1,Rabep2,Ccdc130,Alg13,Aldh18a1,Hira,Cdc42,Bid,Enpp6,Ripk1,Rras2,Myd88,Gldc,Fgfr4,Ednrb,Csnk2a1,Fbxl20,Abcc9,S1pr1,Tnks2,Abhd17c,Lamp1,Iqgap2,Nfe2l1,Hspa9,Adh5,Rab5c,Ptp4a1
oxidative_stress	130	Vsx1,Moxd1,Large2,Pdlim4,Ntmt1,Adm,Fign,Gnai1,Dusp11,Bid,Pdgfra,Fermt3,Gabbr2,Kcnn2,Yeats4,Zzef1,Trp53,Atg101,Ifngr1,Chd1,Erg28,Tpcn1,Hgf,Nsmf,Cpn1,Hspa1b,Furin,Gnai2,G6pc,Rab7,Itgb1
oxidative_stress	131	Drd4,Sstr1,Rhbdl3,Grid1,Fancc,Tent5c,Gpat2,Ap3s2,Myc,Kdm4c,Htt,Usp22,Washc5,Dnmt3a,Cln8,Afdn,Pfkl,Pfkfb1,Gphn,F2r,Mapkap1,H2afz,Rabep1,Mbl1,Hspa1b,Hao1,Cd5l,G6pc,Slc2a2,Cd81,Sqstm1
oxidative_stress	132	Mos,Havcr1,Rhbdl3,Klrc1,Malt1,Mecom,Ogn,C1qtnf5,Epha7,Pcgf2,Hps4,Rnd2,Nr1i3,Nelfe,Vps25,Copg1,Gtpbp2,Hecw2,Tpr,Rmdn3,Kdm2a,Dpy30,Bcl6,Vegfa,Adgrf5,Rab43,Itgb1,Rgs5,Picalm,Mia2,Aldh1l1
oxidative_stress	133	Cacng2,Ccl20,Nkd2,Gadd45a,Ace,Pald1,Pdzrn3,Elac2,Pak1,Cd59b,Ap2a1,Cbx5,Rubcn,Ccnt1,Timm50,Bad,Kif2a,Ppp1r16b,Irf9,Mavs,Max,Ldah,Ecpas,Mlxipl,Pon1,G6pc,Ctnnb1,Agpat3,Cyp1a2,Cyp3a11,Fasn
oxidative_stress	134	Hcrtr1,Kcnc4,Nkd2,Peg10,Gpm6a,Trmt2a,Foxp2,Nipsnap2,Wrap73,Nt5e,Dync1i2,Arfip2,Supt16,Pdk4,Myo9a,Nfkbib,Klf6,Cav2,Stom,Erbb3,Rab8a,Coro1c,Mapre3,Hnrnpm,Glyat,Sqstm1,Hadhb,Cxcl12,Lamp2,Pgk1,Fah
oxidative_stress	135	Avpr2,Cubn,Kif24,Spib,Miga1,Tlr3,Dixdc1,Thbs1,Ppargc1b,Tnfsf10,Ccr5,Lyar,Ripk1,Anapc4,Sh3bp1,Actr1a,Nfatc3,Ccn2,Ltbr,Bicd2,Map3k7,Hgf,Itga1,Cbx3,F9,Chchd3,Mknk2,Mbl2,Canx,Aldh1l1,Gpt2
oxidative_stress	136	Epha10,Sox10,Efna2,Syce2,Rfx3,Champ1,Foxp2,Mpi,Itga3,Dctn3,Wdr83,Crtc2,Crlf2,Rev1,Plekha2,Itgav,Mdm4,Cyld,Eif2a,Abl1,Sumo3,Zbtb7a,Ncor2,Ncor1,Hsph1,Slc40a1,Pgk1,Fgg,Echs1,Serpinf2,Glyat
oxidative_stress	137	Oc90,Ly6i,Rgcc,Cdk5r1,Casp12,Cxcl10,Ift122,S1pr3,Aldh18a1,Kmt5c,Smad6,Drosha,Mcam,Setd6,Cdc16,Pdpk1,Cic,Cdk8,Ptpn11,Sec23a,Sema6d,Anxa2,Pecam1,Rab6a,Ptp4a1,Paip1,Rgs5,Cyp27a1,Sdc1,Cd81,Gnai2
oxidative_stress	138	Gucy2e,Dkk2,Gria4,Sulf1,Mfsd2b,Gpat2,Champ1,Grk5,Lamtor3,Pcna,Frrs1,Smad9,Zfp281,Scamp4,Dgat1,Itpr2,Ntn1,Memo1,Cxxc5,Asna1,Jak3,Pde8a,Jun,Tgfbr3,Hibadh,Aox3,Aldh2,Rab7,Atf4,Sdc1,Cxcl12
oxidative_stress	139	D1Pas1,Sstr4,Ptges,Pcgf1,Pik3cg,Robo2,Prkcz,Galnt18,Ap3s2,Per3,C5ar2,Lrrk1,Hjv,Dnttip1,Atf2,Ifnar1,Ube2g2,Nsun2,Ap1g1,Sept11,Ccnd1,F11r,Ldah,Lpin1,Hrg,Gfra1,Mpc1,Col18a1,Pon1,Hist1h2bc,Csde1
oxidative_stress	140	Foxn4,Prap1,Arc,Mmp28,Jade3,Amy2a5,Fpr2,Zfp111,P2ry2,Itga8,Ccr5,Usp22,Rtf1,Tbck,Cd53,Tshz1,Mdm4,Banp,Sirt7,Stat6,Rbck1,Srr,Unc93b1,Gk,Amfr,Kif1c,Caprin1,Saa4,Aox3,Fah,Fga
oxidative_stress	141	Pcdha7,Nxph2,En2,Rgs9,Lag3,Wnt9b,Ankrd13b,Large1,Epor,Adam17,Itpa,Dot1l,Rnf19a,Rubcn,Mta3,Crbn,Mcur1,Sidt2,Supt5,Utrn,Sos1,Cd59a,Abcg2,Flnb,Slc40a1,C4b,Por,Ldha,Mbl2,Qsox1,Plpp3
oxidative_stress	142	Slc7a10,Kcnc4,Actn2,Gmds,Mcm2,Mecom,Cln3,C1qtnf5,Nfya,Map3k8,Kif21b,Bmp10,Plekhg2,Sox6,Emsy,Adamts9,Cyfip1,Arhgap31,Ap2b1,Scarb1,Smarcd2,Arhgef1,Fmc1,Gsk3a,Scarb2,Caprin1,Lyz2,Pigr,Neat1,Hadhb,Dpyd
oxidative_stress	143	Drd5,Rad21l,Bdkrb2,B3glct,Cd34,Rpl11,Ift122,Rarb,Slc12a2,Eloc,Cdkn1c,Ndufa12,Lbr,Tirap,Dusp7,Chmp3,Fat1,Hecw2,Ppif,Rhoc,Stip1,Bmi1,Echdc1,Decr1,Sult2a8,Fgl1,Rdx,Cyb5a,Hspa9,Ece1,Pink1
oxidative_stress	144	Kcnc2,Il12a,Mag,Ndn,Rab39,Stxbp4,Stat5a,Fbln1,Lamtor3,Ap4s1,Smg9,Sgpl1,Tcf7l2,Kcnq1,Sp1,Ngf,Lyst,Ppp1r16b,Mtor,Gnaq,Ppp3r1,Cpeb4,Ybx3,Msmo1,Rnf10,Echs1,Cyp3a11,Pgk1,Ctdsp1,Cfh,Fdx1
oxidative_stress	145	Fgf8,Arnt2,Rad51,Cd2,Arid3b,Gpr4,Smo,Lat,Trpm2,Foxj2,Atxn1,Ddx58,Tstd1,Stk4,Csk,Hip1r,Psmc2,Plcg1,Rhoc,Clec1b,Rbck1,Ppp1cc,Ube3a,Myh9,Cyp3a11,Sf1,Saa4,Adgrf5,Hrg,Lrp1,Hyou1
oxidative_stress	146	Irx4,Celsr3,Dmp1,Ccl21b,Gpr65,Cdc5l,Lama3,Scmh1,Daxx,Fbxl4,Micu1,Bcl7a,Ncbp2,Flot1,Cr1l,Dll4,Prep,Akt2,Nceh1,Als2,Plxnd1,Mafb,Dtnbp1,Srrm1,Pink1,Cd5l,Caprin1,Sdc1,Apoa1,Hrg,Qsox1
oxidative_stress	147	Krt82,Cited1,Meox1,Pdlim4,Icos,Galc,Cers6,Lhx2,Nipsnap2,Cdkn1c,Eloc,Dxo,Mllt10,Zbtb46,Cd53,Dcdc2a,Lss,Atp6v0a1,Atp6v1b2,Abl1,Erg28,Cpeb4,Ncoa2,Amd1,Aldh4a1,Pklr,Ghr,Igfbp2,Tmem106b,Aldh2,Pdia3
oxidative_stress	148	Ern2,Amhr2,Egr3,Hells,Zup1,Tnfrsf11a,Prr5,Grk5,Phf3,Pxn,Hps4,Mlx,Slc3a1,Pdk4,Zbtb46,Vwf,Cops9,Ranbp2,Adgre1,Rmdn3,Csnk1a1,Cpeb4,Gas6,Pkp4,Arhgef12,Rhoa,Mpc2,Hc,Sult2a8,Cyp1a2,Col18a1
oxidative_stress	149	Gabrg3,Aplnr,Cd5,Syne4,Itgb4,Xrcc4,Vipas39,Gpsm2,Exosc9,Sept10,H2afv,Dnmt1,Sh3bp2,Tcf7l2,Oasl2,Brpf1,Hsf1,Pkd2,Stag2,Sept4,Mtor,Flna,Plxnc1,Csf1r,Cfh,Pigr,Iqgap2,Cd5l,C4bp,Vdac1,Mfsd2a
oxidative_stress	150	Neurod4,Rad21l,Nmu,Plppr3,Casp2,Inpp5e,Prune1,Hist1h4h,Tdg,Snx4,Trim33,Kdm1b,Pip4k2c,Atg16l1,Rubcn,Plod3,Pfkl,Tlcd1,Polg,Atp6v1b2,Ewsr1,Bach1,Itga9,Ndst1,Rab5c,Hamp,C1rb,Clu,Atp2a2,Cyb5r3,Pten
oxidative_stress	151	Ghrh,Syt4,Sez6l2,Bbs4,Gpnmb,Nes,Mplkip,Taf11,Cdk2,Stam2,Slc6a8,Pycrl,Nfyc,Traf2,Il1a,Kat2a,Kmt2a,Micu2,Kdm2a,Apc,Slc20a2,Srsf4,Bcl7b,Sptan1,Prkar1a,Abcb4,Neat1,Slc40a1,Hibadh,Lamtor4,Orm1
oxidative_stress	152	Gja8,Cfap57,Fbxl13,Mmp12,Enah,Nlgn2,Kirrel,Vhl,Exosc9,Invs,Sirt1,Egln1,Lbr,Rbpj,Smurf1,Dst,Mdm4,Vps54,Mapk9,Sept11,Pbrm1,Ap1b1,Rara,Flnb,Ywhaz,Mpc2,Eif4ebp2,Cth,Plg,Ctdsp1,Lgals9
oxidative_stress	153	Dkk4,Sct,Cspg4,Flt3,Malt1,Adra1a,Tnfrsf11a,Uba6,Coa7,Rhbdf2,Ighm,Rpa1,Stat1,Tstd1,Erap1,Washc4,Prep,Foxp4,Gimap4,Washc2,Kras,Ulk1,Creg1,Brd2,Cers2,Cd81,Fcgr2b,Pink1,Abcb4,Itgb1,Fga
oxidative_stress	154	Reg1,Cfap53,Gsdma,Chrna4,Dusp5,Gtf2e2,Dffb,Pithd1,Mre11a,Kdm4b,Pld1,Magoh,Nr2c2,Ddx41,Myd88,Agl,Nmt1,Smad1,Kmt2b,Pa2g4,Lsm14a,Foxp1,Jup,Mlxipl,Sema4g,Ghr,Lamp2,Txnip,Lamtor4,Bmpr2,Lifr
oxidative_stress	155	Musk,Gpr17,Il7,Hspb2,Casp12,Ppargc1a,Cdkn2c,Idua,Asf1a,Nos3,Psmd5,Bcl2l11,Dglucy,Mtfp1,Thy1,Slc6a9,Dicer1,Csf1,Lats1,Chd1,Ikbkb,Itsn2,Mef2d,Cxadr,Hrg,Adipor1,Kif1c,Agpat3,Scarb2,Plg,G6pc
oxidative_stress	156	Rfx6,Sox10,Hoxb8,Bbs4,Phc1,Fbxl7,Cdc25a,Dgcr8,Cdk5,Cnot9,Taf9,Lyplal1,Rab24,Csnk1e,Sh3bp1,Zdhhc7,Ext2,Stk38,Shoc2,Rhoc,Gja1,Pias2,Marcks,Dsg2,Mpc1,Vdac1,Rsrp1,C4bp,Saa4,Egfl7,Lyz2
oxidative_stress	157	Ly6m,Meox2,Tceal5,Kcnj10,Hey1,Lama3,Galc,Hira,Nipsnap2,Xrcc6,Pxn,Pik3cb,Snta1,Smurf1,Pla2g6,Kmt5b,Atg7,Cd84,Abcc9,Emc3,Ap3b1,Sec22b,Rbp1,Prkd3,Cps1,Slc40a1,Orm1,Rgs5,Fgg,Acsl1,Hspa1b
oxidative_stress	158	Trpm5,Adipoq,Tnfrsf13b,B3glct,Synpo2,Maoa,Prr5,Galnt18,Slc39a8,Camsap3,Sumf1,Bcl7a,Aifm1,Csk,Rras2,Carm1,Parva,Ubxn7,Cadm1,Nfkb1,Tpr,Ldah,Plxnc1,Amd1,Adipor1,Serpina3n,Pigr,Paip1,Vwa8,C6,Mfsd2a
oxidative_stress	159	Gip,Nrip3,Mlf1,Chrd,Casp12,Galc,Il17rb,Bloc1s5,Eln,Itpa,Nt5e,Taf5l,Babam2,Postn,Csk,Hdac5,Fbxl17,Gcat,Wrnip1,Pi4ka,Scarb1,Rbms1,Cd59a,Pard3,Cfb,Angptl3,Mettl7b,Mbl2,Idh1,Gm2a,Aldh1l1
oxidative_stress	160	Crhr2,Fosl1,Epha4,Timeless,Plaur,Nxn,Ppp2r1b,Ap5z1,Sema4d,Pmm2,Per3,Smad3,Cnot2,Tbck,Anapc4,Mecp2,Stk38,Itpkb,Ltf,Eif4g3,Eea1,Lin7a,Itga9,Slc47a1,Gjb2,C4b,Pcx,Canx,Hsd17b4,Hspa5,Nfe2l1
oxidative_stress	161	Gcm2,Cd109,Pclaf,Gmds,Adcyap1r1,Ocln,Atp2a3,Bcl2l12,Csf2rb,Ldhb,Prmt5,Tfeb,Stk4,Plekha2,Mycbp2,Taf4,Ppp2r1a,Khdrbs1,Pbrm1,Gatm,Derl2,Fmc1,Ctnna1,Tmem259,Plxnb2,Cyp2c29,Smdt1,Apob,Atf4,Nr1h3,Mia2
oxidative_stress	162	Drd4,Crmp1,Evpl,Ncam2,Lrp12,Gtf2e1,Maoa,L3hypdh,Plxna1,Fcgr1,Kcnj8,Apip,Sp1,Cops5,Creld1,Ndufv2,Tmem94,Ilkap,Gak,Prpf4b,Cops8,Agtr1a,Arhgap35,Myo1c,Hpd,Coq8a,Saa4,Cyp1a2,Eif4g1,Fcgr2b,Mpc2
oxidative_stress	163	D1Pas1,Lypd1,Twist2,Cd226,Cep152,Gpr4,Aqp4,Adora2a,Cd2bp2,Cenpa,Kdm4b,Cd24a,Gosr1,Csk,Atf2,Jam2,Sox18,Gatad2b,Sgms2,Psmd13,Kansl2,Usp25,Plod1,Psmb6,Sema4g,Cyp2c29,Bmpr2,Pdia3,Furin,Vdac1,Plin2
oxidative_stress	164	Mei4,Sostdc1,Clca3a2,Prkca,Ccl2,Champ1,Tlr4,P2ry2,Map2k4,Kif3b,Cd300a,Fas,Cry2,Zbtb46,Fgf21,Wiz,Stat5b,Pfkfb1,Map3k7,Stag2,Ewsr1,Usp25,Irf1,Wdtc1,Hspa1b,Txnip,C4b,Apoa4,Csde1,Pah,Glyat
oxidative_stress	165	Vsx2,Aqp3,Fam83d,Cited4,Zdhhc2,Clec4n,Ar,Snai2,Il22ra1,Fam192a,Hdac2,Arhgap17,Frs2,Med14,Kcnn2,Arid2,Thrb,Tet3,Ogt,Eif2a,Nfkb1,Zc3h11a,Plod1,Mtch1,Epas1,Plin2,Dpyd,Bmp1,Cyb5r3,Neat1,Mknk2
oxidative_stress	166	Drd4,Prl8a1,Mkx,Cercam,Wdr34,Atr,Tgs1,Hk1,Trex1,Dock7,Ccr5,Nup98,Carmil1,Slc9a8,Tbk1,Tbc1d1,Tle4,Ccnd2,Dpm1,Mark3,Mlycd,Fkbp5,Ube2g1,Angptl4,Prelp,Egfl7,Raf1,Gjb2,Ldha,G6pc,Amfr
oxidative_stress	167	Kcnq3,Nkain3,Bdkrb2,Knstrn,Myh1,Ppargc1a,Pip,Mre11a,Pard6b,Rel,Zbtb4,Itgb3,Gabbr2,Wee1,Pfkfb2,Tnfsf12,Kmt2a,Kat14,Sgms2,Ndel1,Ccnd1,Fam107b,Abca3,Gys2,Sema4g,Fcgr2b,Sdc1,Hist1h2bc,Sdhb,Ctsl,Aox3
oxidative_stress	168	Evx1,Il5ra,Kif24,Tlr9,Pawr,Casp4,Jam3,Casp1,Il2rg,Arf2,Gorasp1,Ezh1,Tcf3,Itgb2,Tbck,Stra6l,Nipbl,Atg101,Mapk14,Smap2,Pak2,Mfn2,Arrb2,Rab10,Rxra,Hadhb,Sdc1,Rhoa,Paip1,Dpyd,Acox1
oxidative_stress	169	Fscn2,Sox10,Gdpd2,Lpin3,Eipr1,Slc19a1,Naip5,Gna14,Vav2,Zfp24,Cd93,Smad9,Rev1,Setd6,Rai14,Supt20,Bclaf1,Fcgr3,Usp7,Pak2,Smtn,Mertk,Ncor2,Lrp6,C1rb,Arg1,C4bp,Hrg,Gpd1,Serpina3n,Ghr
oxidative_stress	170	Il1f5,Gpr37l1,Rab38,Cspg5,Tlr12,Stxbp4,Eif2ak4,Igsf8,Large1,Wtip,Invs,Pias1,Cldn1,Nrep,Cd2ap,Thra,Tsc2,Prkab1,Psmd3,Atn1,Lin7c,Polr2a,Itgb5,Mrc1,Hspa1b,Ece1,Rdx,Eng,Tmem106b,Rac1,Serpinc1
oxidative_stress	171	Krt76,Trhr,Gnat1,Itga7,Diras1,Epm2a,Myh10,Ick,Sucnr1,Gabpb1,Rel,Sox4,Pvr,Ptpra,Postn,Dst,Igsf11,Saa2,Pacsin3,Ltf,Ankrd13a,Amy1,Crk,Dsg2,Atp5f1,Raf1,Angptl3,Qsox1,Prelp,Gpt2,Cyp27a1
oxidative_stress	172	Sprr2d,Far2,Aph1c,Runx3,Orai1,Cln3,Supt3,Epha7,Limk1,Sin3b,Htt,Ufl1,Kit,Mtfp1,Ldb2,Flt1,Foxp4,Prkab1,Aif1,Psmd13,Crebbp,Slc8b1,Dnm2,Mlxipl,Ephx2,Bhmt,Fasn,Cyp1a2,Prelp,Sema4g,Arg1
oxidative_stress	173	Fgf8,Nxph2,Cxcr5,Urm1,Akt3,Hps6,Itga2b,Gna14,Casp3,Mtmr12,Wls,Acvr1,Ubac1,Slc17a8,Sf3b6,Tnxb,Arap1,Klhl21,Tnfrsf1b,Atn1,Mlec,Akt1s1,Arid5b,Prkaca,Glyat,Hrg,Lsr,Cideb,C3,Mprip,Arhgef12
oxidative_stress	174	Vsx1,Asxl3,Actn2,Ppm1d,Lrp12,Prune1,P2ry1,Plxna4,Mki67,Ptar1,Klhl36,Vstm4,Golga5,Smarcb1,Cbl,Ash2l,Sall1,Atg7,Ppp1r2,Il13ra1,Ppp4r3a,Irf3,H2afy,Asph,Hc,Ldha,Cltc,Glul,Slc40a1,C4bp,Cth
oxidative_stress	175	Tmprss15,Sypl2,Prkcg,Ddc,Heyl,Chil3,Cyb561,Limk1,Dlg4,Rapgef3,Cxcr4,Sox9,Edc4,Lbr,Postn,Dbnl,Ubxn7,Anapc2,Ppp3r1,Lats1,Prodh,Adgre5,Sema6a,Clec14a,Egfr,Ndrg2,Mcl1,Fah,Atp5f1,Lsr,Rab7
oxidative_stress	176	Hspb3,Efna3,Slc30a3,Cd200r1,Ace,Pdzrn3,Mbd5,S1pr3,Fmod,Cd83,Twf2,Hck,Pla2g6,Klb,Vps26b,Phb,Pbx2,Ankle2,Samhd1,Arnt,Kmt2b,Cdc42bpb,Plod1,Ptbp1,Ece1,C4bp,Por,Cpt1a,Hrg,Prkar1a,Cebpa
oxidative_stress	177	Myod1,Rhpn1,Rad54l,Fbxo5,Pawr,Wnt9b,Nes,Itga4,P3h1,Prmt5,Dctn3,Epcam,Aifm1,Dysf,Dennd1a,Mdm2,Ppfibp1,Nfatc1,Clec1b,Cd68,Gak,Mkln1,Amy1,Nrp1,Eng,Plg,Hyou1,Gpc4,Por,Lamp1,Smdt1
oxidative_stress	178	Htr3a,Cxcr1,Prok1,Zfpl1,Edn1,Atm,Atr,Cdk2,Birc2,Eif4e,Taf9,Ubr7,Mtfp1,Cdc16,Gem,Washc4,Cyfip1,Mmp15,Zeb1,Acp2,Rhod,Bcl7b,Gas6,Yy1,Itgb1,Neat1,Got2,Angptl3,Sdhb,Pon1,Egfr
oxidative_stress	179	Npbwr1,Gal,Camk4,Ache,Mcm2,Naip5,Pias3,Abracl,Hmcn1,Sirt1,Pmm2,Id1,Jade2,Sp1,Sox6,Igf2r,Camsap2,Atp6v0a1,Foxo1,Ppif,Trappc10,Prrc2b,Sp3,Gckr,Mcl1,Lyz2,Hnf4a,Rsrp1,Cltc,Gpd1,Txnip
oxidative_stress	180	Oprk1,Cpne4,Lrp8,Thpo,Jade3,Tiam1,Trmt13,Diablo,Efna5,Vps9d1,Il17ra,Fbxo11,Folr2,Nae1,Clock,Phb,Ppfibp1,Smad2,Fto,Lin7c,Map4,Ldah,Cisd2,Myo18a,Aldh1l1,Idh1,Smdt1,Itgb1,Aldoa,Igf1,Hmgcr
oxidative_stress	181	Tcam1,Nrcam,Wnt2b,Nos1ap,Orai1,Cd300lf,Lama3,Rcn2,Limk2,Prmt5,Ano1,Jade1,Hdac4,Fam129a,Epha1,Sema4a,Rlim,Dcaf7,Fxr1,Arnt,Lin7c,Gps1,Per1,Lasp1,Clu,Eif4g1,Hibadh,Abcb4,Qsox1,Atp5f1,Gm2a
oxidative_stress	182	Krt5,Scnn1b,Dmp1,Ace2,Hoxa3,Myh10,Amy2a5,Ctdspl2,Slc39a8,Ldhb,Tnfsf10,Myh11,Tbk1,Hnrnpdl,Ric8b,Tbx20,Pbx2,Prkacb,Becn1,Ppp3r1,Ewsr1,Foxp1,Grpel1,Rap1a,Hadhb,Hspd1,Caprin1,Cth,Apoa4,Hacl1,Ephx2
oxidative_stress	183	Zcchc12,Npsr1,Fstl4,Sema3a,Psmd10,Lancl2,Atp2a3,Fancl,Adgrg6,Mest,Med12,Acvr1,Rab11fip1,Dnmt3a,Atf2,Gab1,Tjp1,Prkcd,Lrp5,Rmdn3,Gnaq,Dpy30,Selenoo,Nfib,Ctsl,Hacl1,Hamp,Echs1,Tpi1,Neat1,Rab7
oxidative_stress	184	Slc17a7,Frmd7,Mzb1,Nfe2,Lrp12,C1qtnf12,Naip5,Patz1,Rnaseh2b,Atp7b,Exoc3l2,Rab11a,Ddx41,Ddx42,Ifi204,Hdac3,Borcs8,Siah2,Zeb1,Trrap,Rab8a,Cebpg,Ecpas,Snx5,Slc25a20,Sult2a8,Mpc2,Vim,Vtn,Cideb,Hacl1
oxidative_stress	185	Reg1,Fosl1,Zmynd10,Syce2,Jade3,Ppl,Ccl24,Adora2a,Chrna2,Blnk,Isg15,Tfeb,Tstd1,Nr1i3,Fzd4,Wdr82,Atp6v0a1,Sidt2,Irf9,Araf,Tie1,Jup,Irf3,Cul3,Cltc,Hspa5,Atf5,Cyb5a,Ghr,Pon1,Coq8a
oxidative_stress	186	Clcnka,Bmp8b,Nkain1,Treh,Prickle3,Tlr3,Stxbp4,Tecpr2,Sucnr1,Setx,Lama5,Wwox,Cops5,Rab24,Babam2,Fstl1,Nmt1,Sidt2,Wasl,Smtn,Ppp3cb,Cdc42bpb,Baz1b,Id2,Cideb,Slc40a1,Ephx2,Hadhb,Lamp2,Por,Eng
oxidative_stress	187	Frmpd1,Cfap57,Klra8,Il12rb1,Fbln2,Epm2a,Fpr2,Map2k4,Disp2,Glis3,Dock7,Fundc1,Slc25a51,Vsir,Myd88,Lamb2,Pkd2,Nr3c1,Atp6ap2,Fbxl20,Pdk1,Srebf2,Rabep1,Grk2,Aox3,Hmgcr,Por,Pink1,Slc2a2,Gpd1,Pygl
oxidative_stress	188	Foxn4,Sept3,Nkain1,Ereg,Tnfsf13b,Gpc6,Ccdc130,Gba2,Rundc1,Fcgr1,Cbfb,Ifngr2,Wdr59,Sf3b6,Stk4,Mbtd1,Stat5b,Pth1r,Ppp6r3,Lamc1,Wasl,Etfbkmt,Mef2a,Cxcl16,Rsrp1,Rac1,Coq8a,Idi1,Cfh,Smdt1,Cyp27a1
oxidative_stress	189	Oc90,Cbln1,Gnal,Rgs9,Phc1,Runx1,Mbd5,Epb41l2,Zc3hc1,Klc2,Itga8,Srf,Crlf2,Dnmt3a,Stk4,Bcl7c,Adgra3,Onecut1,Mlycd,Crebbp,Ap1g1,Adam10,Lin7a,Lamtor2,Cd36,Atf5,Fdx1,Saa4,Cct8,Abcd3,Cyb5r3
oxidative_stress	190	Mov10l1,Krt78,Epb42,Hbegf,Bbc3,Cd300lf,Wipf1,Hira,Zap70,Elp2,Pick1,Gas1,Glb1,Pvr,Evl,Tnxb,Map3k5,Lyst,Tie1,Aif1,Ndel1,Nedd4l,Creg1,Gna12,Mettl7b,Mia2,Lrp1,Fdx1,F9,Apoa1,Cth
oxidative_stress	191	Lhx1,Frmd7,En2,Tnfsf14,Tesmin,Zc3h12a,Adamts14,Pard6b,Chrna2,Med6,Cxcr4,Arhgap17,Brd8,Snap29,Akip1,Siglec1,Zmpste24,Slc22a5,Ppp5c,Erg28,Abcf1,Notch1,Vegfb,Acp5,Mcl1,Rab43,Neat1,Prkar1a,Fasn,Il6st,Vdac1
oxidative_stress	192	Npc1l1,Rtkn2,Amigo3,Ang,Cdh4,Tlr5,Dffb,Taf11,Birc2,Tet2,Casp7,Gata6,Lfng,Atg16l1,Mark2,Dock8,Klhl21,Atrx,Dnajb6,Ikbkg,F2r,Lin7a,Dusp3,Rab1a,Adipor1,Iqgap2,Slc25a20,Prkar1a,Sdhc,Hipk2,Angptl3
oxidative_stress	193	Hoxd3,Plin1,Cldn4,Epn3,Ddr1,Champ1,Ptgr1,Srpx2,Btbd2,Med12,Mlkl,Lama1,Dnmt3a,Jade2,Fryl,Ndufv2,Parva,Gtpbp2,Mlycd,Lamc1,Prkce,Mafb,Irf3,Ivd,Prelp,Hmgcr,Picalm,Angptl3,Fgb,Plin2,Bnip3
oxidative_stress	194	Il1f5,Sema3e,Fut4,Angpt2,C5ar1,Mplkip,Tgs1,Casp1,Vhl,C5ar2,Snx30,Vav1,Hjv,Efcab14,Myd88,Ngf,Ambra1,Parva,Rab32,Ppp3cb,Rmdn3,Arid5b,Rbms1,Msrb1,Acsl1,Fga,Hpd,Rnaset2a,Chchd3,Il6st,Slc2a2
oxidative_stress	195	Greb1,Reg3b,Prok1,Xcl1,Cyp26a1,Nova2,Fopnl,Asf1a,Zmynd19,Cxcl9,Adora1,Ranbp1,Kdm7a,Slc22a18,Carmil1,Flt1,Fat1,Laptm4b,Ppp6r3,Myo6,Abcf1,Mapre3,Stk11,Dpp4,Hnrnpa1,Cct5,Epas1,Acsl1,Atp5o,Col18a1,Adgrf5
oxidative_stress	196	Grin1,a,Lingo1,Adamts6,Hk2,Dync2h1,Ly75,Erg,Lat,Rapgef3,Appl1,Sptbn2,Parvb,Tnfsf13,Slco3a1,Tnfsf12,Rsf1,Bcl2l2,Psmd3,Tec,Huwe1,Dcaf11,Gas6,Wdtc1,Prelp,Apoa1,Mpc1,Scarb2,Cpt1a,Pten,Aldh2
oxidative_stress	197	Gpr149,Spatc1l,Rgcc,Cdk4,Ccl25,Smo,Plcb2,C1qtnf5,Nup62,Htt,Slc8a1,Senp3,Plekha2,Dgat1,Pla2g6,Ago1,Hist2h2bb,Rala,Tpr,Pacsin3,Noct,Plxnc1,Sumo1,Ywhae,Rab43,Cp,Sema4g,Cxcl12,Nbr1,Cfh,Hyou1
oxidative_stress	198	Vsx2,Ly6h,Taf6l,Hist2h2be,Pla2g4a,Adrb1,Casp4,Adgrg6,Ift88,Nt5e,Coro2b,Clec9a,Tbc1d22a,Nr5a2,Cops5,Dync1li1,Pik3r2,Nfatc1,Sigmar1,Ankrd13a,Trappc10,Sgta,Mboat7,Ube2b,Cers2,Plin2,Adipor1,Eng,Sema4g,Cebpa,Mcl1
oxidative_stress	199	Cbln2,Tas1r2,Prkcg,Lif,Cd3g,Gmnn,Prune1,Rbm8a,Lhx6,Trim33,P3h3,Enpp6,Nf2,Etv3,Frs2,Copg1,Ranbp2,Zc3h14,Spag9,Samhd1,Polg,Echdc1,Cflar,Wapl,Cyp27a1,Mbl2,Sdhb,Serpina3n,Gcgr,Cd36,Rsrp1
oxidative_stress	200	Nanog,Il23a,Insl3,Plagl1,Ifi208,Cxcl10,Piezo2,P2ry13,Plxna4,Galnt15,Mest,Pom121,Irak2,Ubac1,Mtif2,Gopc,Ptk2,Ranbp2,Neu1,Prodh,Mtor,Lima1,Pon3,S100a1,Cct5,Paip1,Rac1,Pon1,Eng,Hnrnpa1,Smdt1
oxidative_stress	201	En1,Otof,Colgalt2,Samd14,Mrm3,Stat5a,Gtf2e1,Rnaseh2b,Il2rb,Col6a1,Emd,Rap1gap,Mark2,Shank3,Rai14,Polr2e,Ptk2,Pfkfb1,Cops8,Tec,Gatm,Apcs,Mboat7,Galnt2,Aplp2,Cct5,Sult2a8,Rnf13,Egfr,Maf,Ldha
oxidative_stress	202	Muc5b,Gal,Twist2,Ppm1d,Nrarp,Twnk,Polr3e,Coprs,Dlg4,Pmm2,Htt,Chka,Mtf1,Dysf,Rev1,Wdr61,Hcfc1,Hif1a,Sept11,P2rx4,Vcl,Luc7l3,Ppt1,Angptl4,Sdhc,Cyp1a2,Ctnnb1,Neat1,Gnai2,Sdhb,Mbd2
oxidative_stress	203	Gja8,Il11,Cklf,Sass6,Ddr1,Cyb561,Inpp5e,Vav2,Id4,Ly86,Cyfip2,Esrra,Hsf2,Pkig,Kcnn2,Clcn4,Fbxl17,Ankle2,Cadm1,Actr1b,Mlec,Usp25,Foxp1,Nrp1,Raf1,Sqstm1,Gpc4,Pten,Nr1h3,Tgfbi,Gcgr
oxidative_stress	204	Trpm5,Cubn,Knl1,Grm8,Ecscr,Dpysl3,Ajuba,Piezo1,Inpp4b,Ptpn2,Dhx33,Srf,Otud7b,Ahr,Slco3a1,Abca7,Zfhx3,Brpf3,Samhd1,Smarcd2,Abcf1,Sept9,Dpysl2,Hspg2,Lsr,Cd47,Ctdsp1,Pink1,F9,Hipk2,Bnip3
oxidative_stress	205	Ccnb3,Ptchd1,Vil1,Lpin3,Pde10a,Gpr4,Batf,Selenon,Cse1l,Rbl2,Grb10,Ring1,Pex3,Kdm7a,Gabbr2,Ago2,Aebp2,Kat14,Lsm14a,Gatm,Setd1a,Hsd17b7,Fam20c,Myh9,C3,Maf,Hrg,Mia2,Hyou1,Sema4g,Pten
oxidative_stress	206	Cryge,G6pc2,Nkd2,Cpt1c,Akt3,Map2,Prpf3,Hk1,Lhx2,Etv6,Rab3d,Gna13,Cnr2,Washc5,Pfkfb2,Ash2l,Hnf1a,Ilkap,Stat6,Psmd9,Stag2,Ddb1,Cd59a,Mbd3,Cd5l,Cd81,Csde1,Picalm,Idh1,Ndrg2,Maf
oxidative_stress	207	Kndc1,Ap3b2,Kcnk10,Gfi1,Rbfox3,Inpp5e,Lancl2,Uba6,Neil1,Slc9a1,Snx4,Pcsk9,Adarb1,Rab29,Tcf7l2,Lpl,Cdk8,Svil,Per2,Gimap4,Atg5,Srsf1,Anxa2,Clec14a,Cd5l,Fgl1,Pten,Abcd3,Sdha,Atf4,Caprin1
oxidative_stress	208	Doc2a,Gfra3,Rcor2,Cd79a,Cd3g,Mplkip,Prpf3,Mkks,Limk1,Pik3cd,Kif3b,Inpp5d,Ahr,Srd5a3,Snapin,Jpt1,Prkacb,Acss3,Mxd4,Ep400,Tnfrsf1b,Prrc2b,Zc3h11a,Sdc2,Cxcl12,Fn1,Prkar1a,Orm1,Plg,Hpd,Hacl1
oxidative_stress	209	Msx2,Ly6h,Gria4,Sema5b,Rfx5,Kdm1a,Cd86,Srpx2,Vav2,Wls,Lamb1,Actl6a,Vps26b,Tcf7l2,Stk4,Crbn,Map3k11,Fat1,Maob,Crebrf,Gatm,Ube3a,Dpy30,Plk3,Mpc1,Igfbp2,Cers2,Plxnb2,Hao1,Hyou1,Pzp
oxidative_stress	210	Vsx1,Sstr4,Knl1,Sept5,Aim2,Fam104a,Ptgr1,Trpm2,Pik3ca,Cd9,Gorasp1,Stk38l,Edc4,Nae1,Carmil1,Polr2e,Rlim,Tsc2,Stub1,Sos1,Tie1,Nploc4,Coro1c,Brd2,Atp5o,Picalm,Slc40a1,Hrg,Gcgr,Rgs5,Serpinf2
oxidative_stress	211	Mc5r,Rad21l,Gsdma,Sptb,Lamb3,Fzd5,Plgrkt,Il2rg,Isg20,Cd300a,Gorasp1,Nagk,Eepd1,Sh3gl1,Ddit3,Myo7a,Setd5,Pkn1,Rhod,Map2k1,Eif4g3,Notch1,Ank,Chd4,Hc,Ywhaz,Txnip,Cyp3a11,Hspa5,Lyz2,Aldh4a1
oxidative_stress	212	Oprk1,Il23a,Snai3,Wfdc18,Kcnma1,Piezo2,Tcf21,Myc,Ipo9,Col6a1,Atp7b,Ruvbl2,Rbpj,Gosr1,Itgb2,Agl,Acvr2a,Gata4,Prpf19,Adgre1,Ep300,Emc1,Ash1l,Dsg2,Cers2,Vim,Chchd3,Ndrg2,Mcl1,Gnai2,Itgb1
oxidative_stress	213	Cntn2,Ly6i,Rad51,Mrnip,Gpr65,Pyroxd1,Synpo,Adora2a,Ift27,Golga2,Relb,Elmo3,Cops5,Fzd4,Nr2c2,Cygb,Hopx,Vps54,Mapkap1,Anapc16,Tmem109,Bmi1,Baz1b,Plk3,Rnf10,Aplp2,Vim,Arhgef12,Rnaset2a,Cers2,Amfr
oxidative_stress	214	Myog,Pax2,Diaph3,Etv1,Nlrc4,Adamts14,Ctnnal1,Thbs2,Ada,Lrrk2,Dll1,Taf5l,Myo9a,Tcf3,Tgfa,Fam214a,Aebp2,Zkscan1,Eif4enif1,Sirt7,Pdk1,Azi2,Rabep1,Reln,Sdha,Fdx1,Lgals9,Sardh,Lamtor4,Rab43,Lamp2
oxidative_stress	215	Tac1,Kcnc4,Upk1b,Wnt5a,Nr4a1,Nup205,Foxj3,Hist1h4h,Epha7,Pmm2,C5ar2,Rnd2,Itgb2,Setd6,Sox6,Ngf,Fbxl17,Dnajc7,Socs2,P2rx4,Lrp5,Cd59a,Cpt2,Rab10,Cd1d1,Atp2a2,Cd36,Hamp,Egfr,Hmgcr,Sult2a8
oxidative_stress	216	Six3,Gpr17,Timp1,Grm8,Cxcr2,Ly75,Mthfr,Cnot4,Itga3,Lrrk2,Foxj2,Epc2,Smurf1,Myo9a,Ptpra,Ptprf,Ntn1,Actn1,Mark3,Bicd2,Pkm,Sumo1,Wdr45,Dbp,Aldoa,Atf5,Cebpa,Comt,Ctnnb1,Pcx,Pigr
oxidative_stress	217	Cpa1,Sema3e,Col7a1,Fst,Edn1,Il17rb,Vipas39,Ren1,Fbln1,Dctn3,Nos3,Camk2d,Myo9a,Aip,Jade2,Timmdc1,Hist2h2bb,Nosip,Myo6,Vat1,Lpar6,Ash1l,Asap1,Rab5b,Por,C1rb,Mcl1,Adipor1,Eif4g1,Lifr,Gjb2
oxidative_stress	218	Slitrk1,Piwil4,Nlgn3,Slc16a3,Ifi44,Adrb1,P2ry1,Myc,Plxna1,Shroom3,Fat4,Cfap36,Ric8b,Kdm4a,Fzd4,Spi1,Maz,Setd5,Abl1,Socs2,Nceh1,Itsn2,F11r,Etnppl,Cyp1a2,Spop,Aldh2,Hyou1,Plg,Cpox,Gm2a
oxidative_stress	219	Opalin,Sox8,Insl3,Ticam2,Amer1,Ss18l1,Epb41l3,Cib2,L3hypdh,Fgfr1,Sept10,Appbp2,Ftsj1,Bcl3,Zfp281,Numb,Psmd6,Khsrp,Spred1,Gdf2,Brd7,Ecpas,Baz1b,Tmem63b,Rxra,Cpt1a,Rsrp1,Got2,Nedd4,Atf5,Cxcl12
oxidative_stress	220	Matn1,Ptpn5,Fbxo2,Spn,Slc2a5,Bmp4,Dgka,Adora2a,Dsg1b,Bach2,Zbtb4,Cdk6,Zdhhc8,Mtif2,Gosr1,Ntng2,Csf1,Maz,Sec23a,Rhot2,Psmd1,Nedd4l,Ptgs1,Mbl1,Eif4ebp2,Rnaset2a,Gjb2,Maf,Hadh,Aldh1l1,Hnrnpa1
oxidative_stress	221	Npc1l1,Rtkn2,Tceal5,Tnfsf14,Bbc3,Itga2b,Ess2,Neo1,Igsf8,Btbd9,Hdac6,Epha2,Rcan1,Rai14,Crlf2,Pafah1b1,Mmp15,Rbbp7,Eif4enif1,Emc10,Calu,Adamts1,Fgfr2,Rab5a,Apoa1,Tsc22d3,Ephx2,Qsox1,Bnip3,Actr2,Il6st
oxidative_stress	222	Mc5r,Mas1,Mmp25,Msi1,Myh4,Polk,Synpo,Nrf1,Selenon,Pcsk4,Yipf1,Senp3,Tbk1,Nr1i3,Ubac1,Rela,Slc22a5,Pip4p1,Kansl2,Psmd3,Bcar1,Odc1,Fgfr2,Cyp8b1,Acsl1,Eng,Acaa2,Comt,Coq8a,Plpp3,Egfr
oxidative_stress	223	Neurog2,Rln1,Esrrg,Klrc1,Olfm3,Nup155,Prpf31,Cdk5,Abracl,Stk3,Pdgfra,Esrra,Lbr,Dgat1,Ripk1,Samd8,Svil,Adgrl2,Cttn,Noct,Rab32,Mef2a,Jun,Sh3bp5,Gcgr,Cd36,Cpn1,Bdh1,Vwa8,Hspa5,Cd5l
oxidative_stress	224	Foxb1,Gpr22,Pde6g,Mtcl1,Cnot11,Kcnn4,Stat5a,Dusp11,Ap5z1,Btbd9,Ano1,Pou6f1,Hps5,Cr1l,Crlf2,Pafah1b2,Eif2ak3,Inpp5b,Rhot2,Cttn,Rmdn3,Rapgef1,Dtnbp1,Ndufs1,Bhmt,Acaa2,Dpyd,Prkar1a,Ldha,Lrp1,Hacl1
oxidative_stress	225	Ecel1,Lypd1,Galnt17,Cdk5r1,E2f3,Hace1,Fopnl,Pik3ca,Abracl,Per3,Trim33,Dxo,Nae1,Rev1,Cxxc1,Tshz1,Suz12,Fat1,Ppp6r3,Mlycd,Irf9,Srr,Mef2a,Tardbp,Spop,Cp,Pigr,Rac1,Adipor1,Apob,Cyp2e1
oxidative_stress	226	Slc22a2,Serpinb5,Olr1,Bub1b,Zup1,Fopnl,Adrb1,Igsf8,Id4,Cd300a,Kat5,Parp1,Snapin,Med14,Tbck,Il15ra,Ndufaf6,Hif1a,Cxxc5,Ap2b1,Smc1a,Dnm2,Vdac2,Psmb6,Slc25a20,Apob,Chchd3,Bdh1,Spop,Sdhc,Hyou1
oxidative_stress	227	Sdr16c5,Gper1,Galnt17,Epn3,Pkib,Gtf2e2,Vangl1,Inpp1,Rnf20,Nmrk1,Spopl,Cd44,Nf2,Snap29,Aip,Pcmtd2,Ednrb,Kdm5b,Csnk2a1,Rock1,Supt5,Pias2,Sirt3,Tmem259,Nfe2l1,Rgs5,Lamp2,Gjb2,Cebpa,Cyp2c29,Lifr
oxidative_stress	228	Gucy2e,Sept3,Ncr1,Syt9,Inhbb,Naip5,Cbx1,Ren1,Sema4d,Cd300a,Plxna2,Lrrk1,Wee1,Erap1,Ptpra,Pla2r1,Col4a1,Cops9,Ltbr,Spag9,Psmd12,Rock2,Per1,Cops2,Raf1,Lamp2,Lamtor4,Rab43,Glul,Cd81,Agt
oxidative_stress	229	Hcn1,Nrip3,Snai3,Gabrb3,Edn1,Dip2a,Mlph,Rgmb,Lamtor3,Elp2,Usp14,Stxbp1,Plekha2,Cmklr1,Nr5a2,Kmt5b,Trim65,Lyve1,Eif2a,Bcar1,Ppp4r3a,Ireb2,Abcg8,Yy1,Hist1h2bc,Tsc22d3,Adipor1,Actr2,Amfr,Hibadh,Mpc2
oxidative_stress	230	Frmpd1,Spdye4a,Pdzd7,Angpt1,Erbb4,Nxn,Nlgn2,Tdg,Rsad1,Ripk2,Pygb,Pisd,Nbn,Creld1,Ldb2,Nde1,Anapc2,Arhgap31,P2rx4,Gtf2a2,Mllt6,Sirpa,Myo1e,Cbx3,Il6st,Rac1,Cltc,C1rb,Amfr,Eif4g1,Pdia3
oxidative_stress	231	Grm3,Nrcam,Trpv3,Xcl1,Bbs2,Mbd5,Il17rb,Rab8b,Rsad1,Cit,Kitl,Il34,Atf6,Pcnt,Otud7b,Cdh1,Tet3,Ccn2,Lrp5,Bax,Rab32,Dio1,Notch2,Anapc5,Igf1,Hyou1,Vwa8,Ndrg2,Por,Mbl2,Rad23b
oxidative_stress	232	Sh3gl3,Dio2,Tfap2a,Ror1,Diras1,Vangl1,Sept6,Elac2,Slc39a8,Ighm,Psmd5,Clec9a,Kdm7a,Tgfbr1,Cnr2,Ago3,Adgra3,Gmfb,Spag9,Prpf4b,Nceh1,Tmem120a,Cd163,Rtn4,Mfsd2a,Egfl7,Hyou1,Eif4g1,Fgg,Fah,Fcgr2b
oxidative_stress	233	Il9,Piwil4,Ntrk3,Tdrkh,Ebi3,Aqp4,Gja5,Nipsnap2,Chrna2,Sufu,Blnk,Lmo2,Rras2,Irak2,Pja1,Jpt1,Hecw2,Inpp5b,Map2k1,Mlec,Atg5,Atg13,Srebf1,Pard3,Lifr,Lgals9,Rad23b,Ndrg2,Mpc2,C4bp,A1cf
oxidative_stress	234	Foxn4,Celsr3,Fgf7,Cacna2d1,Nrarp,Dixdc1,Cyp2r1,Nipsnap2,Thbs1,Cd83,Prkci,Dnmt1,Bmpr1a,Parvb,Babam2,Nde1,Pdxk,Anapc2,Mtor,Shoc2,Sos1,Gck,Atg13,Faah,Tsc22d3,Cct8,Sdc1,Glyat,Fn1,Neat1,Phb2
oxidative_stress	235	Tyrp1,Far2,Slit2,Klrc1,Hk2,Gja5,Atr,Yif1a,Rad9a,Ptpn2,Eif4e,Cblc,Dock2,Wee1,Efcab14,Spi1,Tlcd1,Tfpi,Ltf,Utrn,Ndufa9,Ireb2,Nr1h4,Nfia,Mknk2,Fdx1,Cpt1a,Serpinf2,Cd47,Abcb4,Atp2a2
oxidative_stress	236	Myh7,Hoxb13,Nlgn3,Kif3a,Sell,Batf,Hps6,Ggnbp1,Rnf20,Pick1,Kcnj8,Pias1,Ric8a,Pik3c3,Klb,Sacm1l,Foxp4,Lgr4,Bcar1,Crebbp,Spred1,Ldah,Ncor2,Pnpla2,Prelp,Ctsl,Pygl,Acly,Acaa2,Lsr,Cd36
oxidative_stress	237	Cryge,Amelx,Fstl4,Abcb1b,Cnot11,Snai1,Tcf21,Plagl2,Msh2,Tjp3,Camsap3,Acta2,Dgat1,Set,Pik3c3,Bcl7c,Sox18,Adgra3,Dnajb6,Cadm1,Mme,Ireb2,Ncoa2,Nfia,Eng,Cct5,Hrg,Furin,Serpinf2,Igf1,Rab43
oxidative_stress	238	Cblif,Serpinb5,Trdn,Col4a5,Nrarp,Adamts14,Med24,C1qtnf5,Tdg,Tet2,Spopl,Terf2,Med14,Tcf3,Rtf1,Sra1,Ankrd11,Acvr2a,Tpr,Ankrd13a,Pdk1,Prox1,Dnm2,Tgfbr3,Atf5,Smdt1,Kif1c,Cp,Phb2,Aldh1l1,Bnip3
oxidative_stress	239	Gcm1,Gnaz,Bcl11b,Twist1,Ttll3,Fopnl,Gmnn,Fbln1,Vhl,Pygb,Atg14,Stxbp1,Spsb2,Ddit3,Brd8,Ndufv2,Limd1,Cpeb2,Als2,Gak,Gja1,Otud5,Met,Ern1,Rab5c,Mfsd2a,Lifr,Cxcl12,Qsox1,Epas1,Fgg
oxidative_stress	240	Pgk2,Kiss1,Ephb2,Ccna2,Btk,Grk3,Pyroxd1,Plxna4,Zfp111,Cd9,Klf4,Adar,Slco3a1,Frs2,Polr2j,Rela,Grb7,Slc25a28,Cttn,Ep400,Pdk1,March2,Emc1,Lrp6,Fga,Vtn,Sdhb,Hibadh,Coq8a,Lpin2,Hc
oxidative_stress	241	Gad2,Insrr,Sh2d1a,Skp2,Ntf3,Gmnn,Klf1,Btbd2,Agtrap,Sart3,Zfp24,Parp1,Kcnn2,Eepd1,Cry2,Carm1,Cav2,Thrb,Nampt,Abl1,Rab32,Smurf2,Vdac2,Nrp1,Tmem106b,C1rb,Gjb2,Hpd,Aplp2,Lsr,Adgrf5
oxidative_stress	242	Sntn,Il5ra,Disc1,Cd244a,Cep152,Pafah1b3,Zfp979,Pcif1,Tead3,Usp14,Maip1,Arhgap17,Scamp4,Rab29,Ric8b,Rybp,Ppp2r1a,Il11ra1,Rhoc,Ifngr1,Gnaq,Srr,Mfn2,Cyp3a13,Ldha,Ctsl,Cltc,Tmem106b,Cct5,Hacl1,Abcb4
oxidative_stress	243	Fscn2,Dio2,Wt1,Gadd45a,Olig1,Cbx1,Gpc6,Cep164,P3h1,Golga2,Slc6a8,Efemp1,Creld1,Fgf21,Nae1,Mdm2,Nipbl,Kif2a,Ppp4r3a,Pi4ka,Tmem109,Fam20c,Dusp3,Map2k2,Hnrnpa1,Aldoa,Furin,Cfh,Cct8,Clu,Nfe2l1
oxidative_stress	244	Sst,Krt78,Ngb,Cd40,Pmaip1,Pdgfb,Smarcd3,Vhl,Efna5,H2afv,Med6,Cdc27,Cux1,Polr2j,Timm50,Hprt,Banp,Lyst,Plk2,Tmem109,Smtn,Notch2,Bmi1,Flt4,Rsrp1,Nr1h3,Rgs5,Tsc22d3,Prelp,Pten,Gpt2
oxidative_stress	245	Cartpt,Trp53cor1,Cyp1a1,Cd209a,Hk2,Itgam,Dffb,Srpx2,Arntl,Traf3,Hif1an,Fbxw7,Mtfp1,Col6a3,Sh3gl1,Fam13b,Syk,Tecr,Supt5,Bcar1,Smarcd2,Stat3,Ggnbp2,Atg3,Acsl1,F9,Hspd1,Serpinf2,Cth,Mbd2,Aldh2
oxidative_stress	246	Matn1,Pax2,Sycp1,Hoxa1,Tead2,Piezo2,Traf3ip2,Id4,Lhx2,Mtx1,Trim33,Dctn4,Eif2s2,Tbck,Irs1,Usp32,Brpf3,Slc22a5,Gdf2,Eif2a,Kmt2b,Pde3b,Azi2,Chuk,Aldh1l1,Picalm,Fn1,Eif4g1,Hpd,Pltp,Apoa4
oxidative_stress	247	Chrnb4,Gpr22,Cldn4,Grhl3,Malt1,C1qtnf12,Setbp1,Elk1,Homer3,Mettl3,Cyp17a1,Sox5,Nbn,Sf3b6,Gosr1,Ago1,Mapk1,Cldn2,Ctbp1,Clec1b,Ap3b1,Agtr1a,Fmc1,Gch1,Pltp,Atf4,Aldoa,Rtn3,Ndrg2,Nrn1,Rad23b
oxidative_stress	248	Vsx1,Cngb3,Fam83d,Ang,Ptger2,Kirrel,Itga2b,Msh2,Tiparp,Spsb1,Pxn,Crtc2,Tnfsf13,Ddx42,Jade2,Paxbp1,Eif2ak3,Dpf2,Slc20a2,Trim27,Max,Ank,Smarcc2,Cdc37,Bmpr2,Hspa9,Mia2,Nbr1,Sdha,Atf5,Furin
oxidative_stress	249	Rorb,Rab3b,Itgb6,Sass6,Inhbb,Adamts14,C1qtnf12,Nipsnap2,Hira,Eif2ak2,Maip1,Fbl,Nr1i3,Gem,Timm50,Syncrip,Pml,Plcg1,Gnaq,Setd1a,Ptpn11,Abcg2,Pdap1,Hnrnph1,Plpp3,Lamp1,Agt,Acsl1,Chchd3,Itgb1,Adh5
oxidative_stress	250	Il9,Ly6i,Cldn10,Bub1b,Dpf3,Snu13,Pde4c,Abracl,Epor,Nt5e,Prkci,Cblc,Tirap,Myo9a,Epc1,Ufd1,Pfkfb1,Ranbp2,Myo6,Gnai3,Lamc1,Fam107b,Pecam1,Npc1,Slc2a2,Cltc,Il6st,Spop,Clu,Cyp27a1,Aldh1l1
oxidative_stress	251	Gcm2,Sema3e,Fam83d,Angptl8,Wdr4,Tubgcp2,Pdgfb,Birc2,Leo1,Exoc3l2,Tmem98,Eps15l1,Gem,Cnot2,Glb1,Itgal,Ccn2,Bclaf1,Ap3b1,Thap12,Kras,Dhfr,F11r,Lamtor2,Cfh,Ndrg2,Paip1,Sqstm1,Cyp2e1,C4bp,Neat1
oxidative_stress	252	Grin1,Chrm1,Tfap2a,Cd209a,Cldn7,Mlph,Ppargc1a,Rad9a,P3h1,Ptpn2,Micu1,Mlx,Sp1,Mtif2,Cldn1,Itpr1,Klhl21,Dnajc7,Emc10,Eif4g3,Atg5,Rbp1,Hlf,Il1rap,Hmgcr,Iqgap2,Lifr,Fgb,Cyp2e1,Egfl7,Cyp3a11
oxidative_stress	253	Pnpla1,Chrna7,Bub1,Cited4,Pmaip1,Tlr3,Tnfrsf11a,Scmh1,Dbn1,Selplg,Ano1,Exph5,Col6a3,Polr2j,Flot1,Esr1,Sidt2,Lss,Rhot2,Utrn,Ppp6r3,Lima1,Ncl,Kdr,Bmpr2,Mettl7b,Tmem106b,Itgb1,Sdha,Mcl1,Cth
oxidative_stress	254	Stoml3,Ly6i,Mlf1,Sertad1,Abitram,Cyp2r1,Ptgr1,Rif1,Ada,Tcf7,Casp9,Adgra2,Aifm1,Rnf19a,Lfng,Enpp1,Pkn1,Sept7,Mapk9,Clec1b,Trpm7,Cct7,Rbms1,Insr,Cct8,Vwa8,Pah,Hspa1b,Mettl7b,Cpt1a,Nfkbia
oxidative_stress	255	Zfp536,Spdye4a,Gpr141b,Gjc1,C7,Casp4,Ly75,Plxna4,Hpse,Itpa,Ighm,Apaf1,Wdr59,Epha1,Smurf1,Taf4,Ppp2r1a,Gcat,Kat6a,Fxr1,Cadm1,Cd151,Diaph1,Cdc37,Actr2,Cct5,Saa4,Cfb,Acaa2,Cd81,Glud1
oxidative_stress	256	Crhr2,Fbxo41,Selenok,Nfe2,Cdk7,Mbd5,Pafah1b3,Ggnbp1,Cse1l,Cdc42,Coro2b,Atp2b4,Nf2,Fzd4,Rab24,Psmd14,Adgrl2,Gcat,Twf1,Ltf,Sept4,Irak1,Axl,Ogdh,Bmp1,Hspa9,Ephx2,Ctdsp1,Agpat3,Acly,Serpinc1
oxidative_stress	257	Foxb1,Crmp1,Pou2af1,Cd22,Cyp26a1,Clec4n,Afap1l2,Eln,Plxna4,Cbfb,Ap4s1,Cnp,Stk4,Spry1,Anapc4,Arid2,Cldn2,Cdk8,Kdm6b,Arnt,Plk2,Fam136a,Calcrl,Sirt2,Sdha,Gfra1,Hnrnpa1,Prkar1a,Igfbp2,Pgk1,Cpn1
oxidative_stress	258	Cdh8,Havcr1,Gdf7,Slc24a3,Lama2,Ajuba,Foxp2,Anp32e,Map3k1,Brcc3,Tmem98,Adar,Rtf1,Creld1,Slc22a18,Nfkbib,Gars,Mapk1,Ext1,Apc,Sigmar1,H2afy,Mef2d,Prkaca,Serpina3n,Pltp,Sema4g,Csde1,Sdhb,Gpd1,Egfr
oxidative_stress	259	Cemip,Piwil2,Rcor2,Cd300lb,Akt3,Ogn,Ube2n,Neo1,Snai2,Nt5e,Pygb,Dxo,Epha1,Elovl1,Plekha2,Bmp6,Siah2,Sharpin,Nampt,Ep300,Lta4h,Tgfbr2,Cd163,Smarca2,Glud1,Comt,Bnip3,Hnrnpa1,Adgrf5,Angptl3,Cd36
oxidative_stress	260	Pnoc,Pcdh20,Cltrn,Cysltr1,Gbp2b,Plod2,Supt3,Id4,Gpsm2,Tmem98,Ddx19b,Mdp1,Otud7b,Snapin,Timm50,Pdpk1,Trim65,Pbx2,Atraid,F2r,Ankrd13a,Retreg3,Rock2,Gtf2i,Rgs5,Hc,Lamp1,Actr2,Glud1,Itgb1,Pgk1
oxidative_stress	261	Dkk4,Frrs1l,Adcy2,Star,Srgap1,Anapc11,Mplkip,Zmynd19,Dlg3,Pick1,Cd83,Fbl,Rarg,Hivep2,Rev1,Thra,Rsf1,Acss3,Npr1,Sumo3,Fxr1,Tns2,Jup,Rap1a,Cxcl12,Glyat,Cct8,Qsox1,Pah,Angptl3,Eng
oxidative_stress	262	Gh,Ap3b2,Fut1,Chrd,Map1b,Camk2g,Tgs1,Stx8,Sfxn3,Trim33,Cdc42,Parp1,Slc17a8,Rnf220,Snrpa,Atf6b,Ifi27,Slc31a1,Ext1,Slc9a9,Sumo3,Nploc4,Sema6a,Ppara,Fcgr2b,Slco1a1,Cyp2e1,Fah,Ywhaz,Egfl7,Arhgef12
oxidative_stress	263	Ccdc184,Ctnna3,Aif1l,Mdk,Polr1e,Ppp2r1b,Dvl2,Meis3,Casp3,Ighm,Cblb,Actl6a,Foxa1,Cldn1,Cbl,Pja2,Smpd1,Prep,Anapc16,Emc3,Sos1,Plod1,F11r,Jak1,Cd5l,Cltc,Ndrg2,Gm2a,Grn,Spop,Atp5f1
oxidative_stress	264	Muc5b,Ddx4,Lurap1,Klrc1,Flt3l,Inhba,Wrap53,Asf1a,Uba6,Rab4b,Invs,Mad2l2,Celsr1,Tbk1,Tgfa,Supt20,Smad7,Letmd1,Per2,Dapk1,Gtf2a2,Dusp3,Ino80d,Jak1,Rab7,Prelp,Aldh1l1,Plxnb2,Cd1d1,Paip1,Hnrnpa1
oxidative_stress	265	Dync1i1,Crmp1,Ephb2,Clec10a,Zdhhc2,Ccl24,Stxbp4,Il2rb,Snai2,Ptpn6,Yipf1,Ifngr2,Efcab14,Gosr1,Fam129a,Gtf2h1,Cyld,Tln1,Gstk1,Ap3b1,Fxr1,Diaph1,Calcrl,Smoc1,Comt,Otc,Hspa5,Clu,Neat1,Hpd,Cp
oxidative_stress	266	Sdr16c5,Rad21l,Ccl7,Ptafr,Usp18,Clec4n,Gpc6,Gtf2b,Csf2rb,Kcnj8,Rbfox2,Cd24a,Mta3,Gbf1,Hnrnpdl,Arid1b,Ctcf,Nipbl,Abcf1,Lpar6,Cldn12,Foxp1,Vcp,Kmt2e,Lifr,Hspa1b,Eif4ebp2,Hnf4a,Cp,Pcx,Hibadh
oxidative_stress	267	Hcrtr1,Tpbpa,Aif1l,Mrnip,Stau2,Ezh2,Atm,Rab8b,P2ry13,Htt,Kat5,Ckb,Babam2,Oasl2,Tbck,Pla2r1,Igsf11,Camta2,Tmem109,Map2k1,Abcc9,Mmp14,Vdac2,App,Cyp27a1,Adh5,A1cf,Tsc22d3,Hipk2,Pdia3,Gnai2
oxidative_stress	268	Npc1l1,Trem1,Rflna,Pde1c,E2f1,Ess2,Tlr3,Mre11a,Fbln1,Terf1,Fcgr1,Socs6,Plekha1,Slc25a17,Srd5a3,Eif2b1,Zc3h14,Slc11a1,Scarb1,Spag9,Cd68,Zbtb7a,Cpt2,Lect2,Gfra1,Hspd1,Sqstm1,Nfkbia,G6pc,Adh5,Apob
oxidative_stress	269	Tex19.1,Acvr1c,Mmp25,Cldn14,Icos,Prpf31,Tlr5,Rab3a,Rab27a,Rab3d,Wdr36,Exph5,Wee1,Rtf1,Kdm7a,Tfam,Casp8,Tet3,Kmt2b,Prodh,Cd68,Ecpas,Usp25,Ceacam1,C1rb,Cd47,Atp5o,Hyou1,Lpin2,Sdha,Aplp2
oxidative_stress	270	Cldn9,Epha5,Rcor2,Mdk,Extl1,Anapc11,Cwc27,Csf3r,Trp53bp1,Spopl,Mlkl,Egln1,Ptk2b,E2f4,Supt16,Abraxas2,Kmt2a,Pip4p1,Ndufa9,Hes6,Bcl2l1,Ppp1r10,Fgfr2,Tcp1,Nbr1,Fcgrt,Pon1,Pah,Ndrg2,Canx,Cct5
oxidative_stress	271	Rph3a,Sostdc1,Rhbdl3,Lpin3,Cd3e,Cxcl10,Tubgcp2,Dgcr8,Rad9a,Rab3d,Pmm2,Rp2,Wdr5,Epha1,Sf3b6,Rab28,Khdrbs1,Stat5b,Trrap,Csnk2a1,Kansl2,Ppp1r10,Akt1,Col14a1,Gpt2,Por,Hspa9,Phb2,Hsd17b4,Kif1c,Rnaset2a
oxidative_stress	272	Slc7a10,Il17a,Prf1,Ahi1,Pnpla3,Ogn,Ezh2,Rnaseh2b,Ppargc1b,Nr2f1,Dctn3,Pitpnm1,Cr1l,Dock2,Atf6,Tcf7l1,Zc3h14,Hopx,Dapk1,Pacsin3,Max,Itch,Usp2,Sfpq,Plg,Idi1,Fcgr2b,Ece1,Slco1a1,Gpd1,Cyp2c29
oxidative_stress	273	En1,Opn1sw,Sycp1,Ang,Actg2,Inhba,Camk2b,Ppargc1b,Bloc1s5,Cit,Nfkb2,Rad51b,Agps,Lfng,Smurf1,Zdhhc7,Ndufaf6,Ext2,Asna1,Ppp1r2,Washc2,Fam136a,Itch,Mrc1,Serpina3n,Gfra1,Amfr,Bdh1,Acsl1,Sdc1,C6
oxidative_stress	274	Gsdma3,Scel,Socs1,Ksr2,Inhbb,Gpat2,Slc2a1,Zfp111,Nrf1,Ldhb,Unc13b,Wwtr1,Sap18,Gem,Mtfp1,Vwf,Banp,Svil,Stip1,Kansl2,Smarcd2,Dnm2,Itsn2,Gnb1,Hao1,Coq8a,Hyou1,Prkar1a,Aox3,Gpt2,Pklr
oxidative_stress	275	Mesp1,Rad21l,Tslp,Zswim9,Bbc3,Fbxl7,Dync2h1,Mkks,Fbln1,Sesn1,Lratd2,Dxo,Mcam,Fbh1,Zbtb46,Lepr,Fbxl17,Ctcf,Podxl,Stag2,Emilin1,Ppp6c,Map4k4,Tmem259,Gpd1,Tpi1,Lpin2,Ctdsp1,Maf,Bmpr2,Atf4
oxidative_stress	276	Nox3,Rhox5,Dmp1,Cdk4,Cyp26a1,Marveld2,Sept6,Rab20,Zfp503,Kdm6a,Abcd2,Efnb2,Irs1,Parvb,Vps72,Zfyve9,Kmt2a,Ilkap,Cdipt,Miga2,Stub1,Uri1,Nr1d1,Rab6a,Atf4,Ppp2r5c,Acsl1,Ptp4a1,Comt,Fdx1,Nedd4
oxidative_stress	277	Six2,Cubn,Cltrn,Thpo,Hey1,Wipf1,Nxn,S1pr3,Trex1,Smad6,Usp14,Cdk6,Carmil1,Cnr2,Cr1l,Ufd1,Ppp2r1a,Zfhx3,Pkm,Csnk1a1,Ero1lb,Smarca4,Dio1,Ceacam1,Ndrg2,Tsc22d3,Acly,Hadhb,Furin,Dpyd,Chchd3
oxidative_stress	278	Bmp15,Scn2a,Lypd6,Grhl3,Mmp2,Bmf,Tent5c,Pld2,Btrc,Vps51,Dync1i2,Efnb2,Snta1,Cd2ap,Atf6,Cited2,Limd1,Tjp1,Glg1,Cldn12,Crebrf,Kyat1,Tgfbr2,Tor1a,Apob,Gm2a,Mpc1,Lgals9,Igf1,Rnaset2a,Pik3r1
oxidative_stress	279	Gpr101,Ap3b2,Bcl11b,Prkdc,Eif2s1,Twnk,Synpo,Rarb,Ctdspl2,Pik3cd,Ddx19b,Ddx58,Kcnn2,Zfp281,Tbk1,Fli1,Nipbl,Cd82,Ltf,Dpm1,Bcar1,Ldlr,Retreg3,Cxcl16,Hpd,Vdac1,Sdc1,Tsc22d3,Atf5,Hibadh,Mfsd2a
oxidative_stress	280	Foxi2,Bmp3,Cd19,Slc16a3,Rfx5,Map3k14,Bmp4,Diablo,Rarb,E2f5,Adora1,Cblc,Snrpa,Sap18,Irf8,Timmdc1,Nr1i2,Dab2,Pak2,Mllt6,Pacsin3,Creg1,Dpy30,Eno1,Pklr,Lgals9,Lrp1,Cpn1,Kif1c,Abcb4,C6
oxidative_stress	281	Clgn,G6pc2,Dmrta1,Syn1,Cnot11,Prkcz,Casc4,Gbp3,Bak1,Xrcc1,Kcnj8,Eps15l1,Plekhg2,Med14,Ric8a,Pla2r1,Ndufaf6,Mdm4,Nceh1,Sept11,Sgms2,Itch,Ldah,Cyp2a5,Fdx1,Paip1,Serpinf2,Fcgr2b,Maf,Plg,Hadhb
oxidative_stress	282	Hspb3,Cntn6,Twist2,Il21r,Map3k15,Prkcz,Adm,Cdk5,Tdg,Psmd5,Ing3,Atp2b4,Ftsj1,Med14,Anapc4,Stim1,Bcl2l2,Micu2,Twf1,Neu1,Map2k1,Ap1b1,Amy1,B4galnt1,Abcd3,Phb2,C6,Cct8,Cers2,Tpi1,Cideb
oxidative_stress	283	Sntn,Nkx6-1,Cd96,Pim1,Smyd3,Slc2a1,Nup155,Ercc6,Plau,Pcna,Thumpd1,Ccser2,Hivep2,Aatf,Rnf220,Bad,Dnajc7,Rgs3,Bcr,Rab21,Lta4h,Ybx3,Kyat1,Nr2f2,Hnf4a,Canx,Neat1,Csde1,Acly,Orm1,Hsph1
oxidative_stress	284	Aicda,Il12a,Lhx9,Tnc,Extl1,Itgam,Ar,Limk2,Gtf2b,Pld1,Hdac2,Rictor,Flot1,Hivep2,Epha1,Syncrip,Klf6,Smad2,Cxxc5,Twf1,Ddit4,Ppp6c,Otud5,Sfxn1,Rnf13,Por,Lamp2,Echs1,Prelp,Plin2,Cpn1
oxidative_stress	285	Slc22a2,Opn1sw,Meiob,Syne4,Ace,Sox13,Nxn,Gata2,Diablo,Klc2,Pcna,Wwox,Parvb,Bcl3,Rab29,Ago1,Cpeb2,Lss,Slc9a9,Rora,Ext1,Wdr45,Azi2,Slc47a1,Vdac1,Plin2,Itgb1,Cebpa,Nbr1,Kif1c,Sqstm1
oxidative_stress	286	Hoxd3,Foxl2,Cgas,Spaca6,Atp1b2,Tgs1,Ocln,Mre11a,Nfkbie,Ano1,Exoc3l2,Fundc1,Snrpa,Kcnq1,Chd7,Lcp2,Smpd1,Pth1r,Kansl2,Trpm7,Ccnd1,Mta2,Cct7,Gnb1,Hibadh,Idi1,Gpt2,Acly,Hspa1b,Slc2a2,Plpp3
oxidative_stress	287	Slurp2,Celsr3,Fbxo2,Nrg1,Chek2,Klf1,Fpr2,Mus81,Tead3,Dhx33,Nos3,Gas1,Cdc16,Kcnq1,Oasl2,Cltb,Slc11a1,Ptk2,Eif4enif1,Rbck1,Fto,Commd1,Unc93b1,Preb,Cyp2e1,C1rb,Tsc22d3,Hnf4a,Angptl3,Rtn3,Idh1
oxidative_stress	288	Ppp3r2,Tas1r1,Cxcr5,Lgr5,Pknox2,Piezo2,Fgr,Wsb1,Neo1,Sesn1,Htt,Ilk,Pfkfb2,Cdc16,Kcnn2,Abca7,Kdm5b,Smad7,Twf1,Ltf,Zeb1,Mef2d,Notch2,Flnb,Rnf13,Hmgcr,Hamp,Fdx1,Lrp1,Cd81,Amfr
oxidative_stress	289	Pnpla1,Krt79,Cux2,Spn,Speg,Adrb1,Atm,Hoxb3,Grk5,Mapk8ip1,Sesn1,Klf10,Pla2g6,Snrpa,Zdhhc8,Blmh,Hopx,Lgr4,Glg1,Psmd12,Nfkb1,Ank,Ncl,Psmb6,Ctdsp1,Ece1,Bmp1,Ephx2,Atp5f1,Nedd4,Atp5o
oxidative_stress	290	Kcnc2,Sox10,Bmp7,Tmem119,Irak3,Wipf1,Stat5a,Pik3ca,Rgmb,Etv6,Eif4e,Tagln,Nod1,Tubg1,Nf2,Ccn1,Hcfc1,Pth1r,Vcl,Prpf4b,Gtf2a2,Amy1,Rbp1,Snf8,Sdhc,Rnaset2a,Atp5f1,Pzp,Atp2a2,Amfr,Phb2
oxidative_stress	291	Cartpt,Car4,Opn3,E2f2,Frzb,Gnao1,Ppl,Cep164,Srpx2,Taf9,Maml1,Ranbp1,Snapin,Golga3,Rnf220,Apmap,Nipbl,Mapk1,Ap3b1,Fto,Srp72,Dnm2,Abcc6,Ogdh,Lyz2,Maf,Hipk2,Bnip3,Cth,A1cf,Cd5l
oxidative_stress	292	Nox3,Pak3,Gnal,Casz1,Orai1,Cdc25a,Anapc11,Rnaseh2b,Rad9a,Vps51,Lama5,Pik3cb,Rab24,Wdr59,Spsb2,Gdf10,Stat5b,Tecr,Crebrf,Glg1,Fbxl20,Ncl,S1pr1,Vipr1,Gnai2,Hamp,Bhmt,Fcgrt,Plxnb2,Ctnnb1,Cyp27a1
oxidative_stress	293	Clcnka,Mettl21c,Hoxb7,Mmp28,Hoxa3,Ppl,Cd274,Dlg4,Il18,Mtmr12,Adam17,Smad5,Nrip1,Smurf1,Emsy,Il1r1,Actn1,Gars,Cd68,Crebbp,Dpp9,Bmp2,Mmut,Kpnb1,Grn,Rhoa,Rtn3,Fgb,Cpn1,Agpat3,Fgg
oxidative_stress	294	Greb1,Ms4a2,Pou2af1,Cd226,Usp54,Camk2b,Il17rb,Polr2h,L3hypdh,Dll1,Etv6,Fbxl19,Aatf,Ubac1,Edc4,Rb1,Dnajc7,Arhgap31,Stat6,Ctbp1,Lamtor1,Cyp7a1,Tmem120a,Galnt2,Apob,Por,Nedd4,Otc,Pten,Sdhb,Hc
oxidative_stress	295	Cartpt,Cacna1g,Trpv3,Bub1b,Eif2s1,Tnfrsf11a,Lnpk,Bloc1s5,Rarb,Shroom3,Pcna,Pitpnm1,Ripk1,Srd5a3,Fam49b,Rtcb,Tle4,Hgs,Crebbp,Calu,Bcar1,Meis2,Flna,Plvap,Cyp27a1,Adh5,Mia2,Rnf10,Pgk1,Slc2a2,Lsr
oxidative_stress	296	Bdkrb1,Cd109,Diaph3,Il21r,Lrp12,Egr1,Itgam,Casp3,Zmynd19,Rhbdf2,Galnt15,Klf10,Tgfbr1,Snapin,Otud7b,Cited2,Psmd6,Ednrb,Wrnip1,Esyt2,Cadm1,Ank,Lin7a,Hnrnph1,Scarb2,Nbr1,Hibadh,Slc40a1,Fdx1,Ndrg2,Txnip
oxidative_stress	297	Ccnb3,Ppp1r1c,Fgf7,Myo5a,Il7r,Cdc5l,Atm,Plagl2,Cib2,Fam192a,Rel,Gfpt1,Polr2j,Med14,Cr1l,Mob2,Sphk2,Pik3r2,Csnk2a1,Foxo1,Trpm7,Kmt2d,Kyat1,Srsf2,Prkar1a,Hnf4a,Cltc,Cyp3a11,Otc,Sdc1,Fdx1
oxidative_stress	298	Otp,Prl8a1,Aldh1a2,Plagl1,Jade3,Anapc11,Ap3m2,Nipsnap2,Thbs2,Ccr5,Brcc3,Igf1r,Ddx41,Tstd1,Lbr,Vwf,Lyn,Leprot,Trim27,Gstk1,Rbck1,Lpp,Echdc1,Litaf,Sdhc,Maf,Rsrp1,Rdx,Hnrnpa1,Lamp2,Atp2a2
oxidative_stress	299	Ly6m,Aplnr,Hoxb7,Ache,Cntnap1,Inpp5e,Synpo,Tgfb1i1,Vhl,Dhx33,Nfkb2,Mlx,Pirb,Smarca5,Mcam,Sptlc2,Itpkb,Memo1,Rhoc,Smc1a,Nrp2,Ddb1,Lpp,Mtus1,C4bp,Ctnnb1,Cyp2c29,Aldh1l1,Pah,Cyp2e1,G6pc
oxidative_stress	300	Olig2,Slc6a14,Cd96,Wfdc18,Cxcl14,Csf2rb2,Dgka,Fzd7,Casp1,Stk3,Atxn1,Ndufa12,Cyp26b1,Vsir,Cxxc1,Actr1a,Col13a1,Sema3f,Ndufa9,Sirt7,Ppp1r2,Itgb5,Irf1,Mttp,Lamp1,Hspa9,Rhoa,Adh5,Furin,Caprin1,Hyou1
oxidative_stress	301	Aire,Neurod1,Disc1,Cd209a,Myb,Sox13,Epm2a,Rab3a,Phf3,Rel,Foxj2,Osgep,Mark2,Itgb2,Fbh1,Zfyve9,Ankle2,Ndufaf6,Kat6a,Emilin1,Jak3,Map4k4,Retreg3,Ddah1,Plg,Dpyd,Hamp,Pah,Fgb,Mpc1,Nbr1
oxidative_stress	302	Myod1,Frmd7,Cspg4,Arid3a,Rabep2,Phykpl,Il27ra,Pak1,Aldh18a1,H2afv,Kif21b,Mad2l2,Nr2c2,Tstd1,Nf2,Eed,Ankrd11,Kif2a,Pbrm1,Irf9,Pa2g4,Notch2,Bmi1,Cdh2,C6,Lamtor4,Lamp2,Aldh2,Comt,Atf4,Abcd3
oxidative_stress	303	Drd5,Pcsk1,Gria1,Msi1,Gsta1,Polr3e,Riox1,Chrna2,Sfxn3,Tnfaip3,Cd9,Ly96,Dglucy,Cnr2,Atg16l1,Ndufv2,Stk38,Pkd2,Jak3,Prpf19,Stat6,Ank,Grpel1,Lect2,Col18a1,Nfkbia,Ctnnb1,Arg1,Bmp1,Gjb2,Cct5
oxidative_stress	304	Hoxc11,Slc6a14,Bcl11b,Star,C5ar1,Ptgr1,Mlh1,Grk5,Etv5,Kif21b,Casp9,Hat1,Fubp1,Rarg,Smurf1,Nectin2,Letmd1,Abca8b,Alkbh5,Brd7,Lmo4,Usp2,H2afy,Anapc5,Cyb5a,Slco1a1,Bmpr2,Apob,Aox3,Eif4ebp2,Arhgef12
oxidative_stress	305	Fshr,Reg3b,Lefty1,Def6,Dusp5,Igha,Bmp4,Map3k1,Gar1,Il17ra,Blnk,Polb,Slc25a17,Flot1,Pkig,Lama4,Mmp15,Leprot,Lamtor1,Dapk1,Sirt7,Commd1,Coro1c,Tmem63b,Atf4,Rad23b,Pltp,Hspd1,Rnaset2a,Rdx,Pdia3
oxidative_stress	306	Mei4,Hoxa11,Cxcr5,Skp2,Pik3cg,Zscan2,Hras,Gpsm2,D1Ertd622e,Pik3cd,Nr2f1,Ly96,Pakap,Slc25a51,Rnf19a,Sptlc2,Ambra1,Gatad2b,Ppif,Mfn1,Psen1,Dnm2,Gas6,Psmb6,Aldh2,Serpina3n,Sema4g,Rac1,Fasn,Apoa1,Igf1
oxidative_stress	307	Smcp,Mmp3,Klk1b4,Adcy3,Rab39,Snu13,Mlh1,Nipsnap2,Cep164,Etv6,H2afv,Tceal9,Yes1,Rubcn,Ddx41,Fam20a,Trim24,Zyx,Tek,Kdm2a,Foxo1,March2,Ube2m,Fh1,Rab5c,Hist1h2bc,Gpc4,C4b,Aldh4a1,Ephx2,Eif4g1
oxidative_stress	308	Sntn,Chrna7,Hoxb8,Plppr3,C7,Plgrkt,Arl13b,Nipsnap2,Trp53bp1,Igkc,Gabpb1,Nck1,Dnmt3a,Mtf1,Pdk4,Ifnar2,Capn10,Igsf11,Trrap,Vcl,Pip5k1c,Eloa,Irf1,Immt,Idh1,Agt,Mbl2,Ldha,Igfbp2,Cyp27a1,Iqgap2
oxidative_stress	309	Cldn17,Dnmt3l,Snai3,Suv39h1,Gprc5b,Prr5,Galc,Cse1l,Birc2,Ednra,Prmt5,Egln3,Rcan1,Shank3,Zdhhc8,Pdpk1,Borcs8,Mapk1,Ero1lb,Per2,Ap2b1,Ybx3,Fam136a,Rab1a,Rac1,Ephx2,Il6st,Hspa5,Rtn3,Hnf4a,Plg
oxidative_stress	310	Acan,Adam28,Dtl,Grhl3,Atp1b2,Phykpl,Traf3ip2,Zfp503,Tcaf1,Pxn,Krit1,Eps15l1,Ddx41,Rnf19a,Agxt2,Hfe,Acvr2a,Rxrb,Dapk1,Emc10,Me1,Dcaf11,Lima1,Gatd3a,Slco1a1,Nedd4,Igf1,Cd47,Cyp2c29,Lrp1,Nr1h3
oxidative_stress	311	Dkk4,Frrs1l,Igdcc4,Zswim5,Kdm2b,Ctnnal1,Kdm1a,Pithd1,Sorl1,Mtmr12,Spsb1,Smad3,Parvb,Wee1,Elovl1,Cetn3,Gars,Stat5b,Jak3,Scarb1,Dpp9,Srebf1,Abi1,Rab6a,Lamp1,Epas1,Vdac1,Hnf4a,Lamp2,Csde1,Scarb2
oxidative_stress	312	Mov10l1,Cpne4,Bmp7,Grm8,Rab7b,Plcg2,Igtp,Dbn1,Mctp2,Kdm4b,Kdm6a,Bcor,Irak2,Myd88,Pcnt,Stim1,Sphk2,Fat1,Nfat5,Wasl,Srp72,Amy1,Hlf,Gk,Coq8a,Hadhb,Aldh2,Pygl,Mknk2,Vim,Atp5o
oxidative_stress	313	Pifo,Zic4,Mmp25,Ache,Mfsd2b,Ankrd13b,Dusp4,Hist1h4h,Sorl1,Glis3,Bach2,Bcor,Dglucy,Bmpr1a,Babam2,Hdac5,Map7,Gcat,Abcc9,Ikbkg,Twf1,Ptgs1,Ppp6c,Fam210b,Hadh,Nfkbia,Apoa1,Serpinc1,Vim,Acsl1,Abcd3
oxidative_stress	314	Mfrp,Slc30a8,Kif2c,Xcl1,Myh1,P2ry1,Lama3,Sfxn3,Rnf20,Casp9,Invs,Rnf2,Gabbr2,Pgam5,Creld1,Dyrk1a,Ndufaf6,Acacb,Arhgef7,Ndufa9,Mme,Ppt1,Pdap1,Faah,Lamp2,Pten,Bnip3,Ldha,Fasn,Hist1h2bc,Vdac1
oxidative_stress	315	Il1f5,Adora2b,Cyp1a1,Grhl3,Cacnb1,Bmf,Yeats2,Exosc9,Chrna2,Gorasp1,Tmem41b,Pcsk9,Mllt10,Nr1i3,Tirap,Naa15,Acvr2a,Trim24,Jak3,Rab21,Ube2i,Flot2,Clk1,Plvap,Agt,Hspa5,Cxcl12,Cd36,Lamp1,Canx,Aldh2
oxidative_stress	316	Camkv,Dkk2,Arc,Cited4,Pnpla3,Cdc25a,Galc,Nrf1,Tecpr2,Tjp3,Fgfr1op,Atad3a,Cxxc1,Tcf3,Epc1,Sf3a1,Nr1i2,Zkscan1,Mavs,Actr1b,Slc9a9,F8,Axl,Ldb1,Cyb5r3,Tsc22d3,Hspd1,Cps1,Tmem106b,Cyp3a11,Gfra1
oxidative_stress	317	Vgll2,Trp53cor1,Npas4,Nlrp12,Diras1,Nxn,Bcl2,Hk1,Cdk5rap2,Psmd5,Camsap3,Tepsin,Stat1,Scamp4,Srd5a3,Klf11,Sall1,Tlcd1,Gatm,Mapk9,Rmdn3,Ulk1,Dusp1,Tmem259,Eng,Rad23b,Sqstm1,Cps1,Gcgr,Cd47,Eif4g1
oxidative_stress	318	Kcnc2,Scin,Fbxl13,Cd79a,Icosl,Kcnt2,Dvl2,Myc,Zfp111,Fbxl4,Cyfip2,Adgra2,Vps72,Zbtb46,Cxxc1,Fmr1,Tecr,Kif2a,Ccnd1,Psmd12,Psmd3,Emc1,Ppp1r10,Gtf2i,Raf1,Hpd,Phb2,Sult2a8,Picalm,Plg,Rdx
oxidative_stress	319	Wap,Cldn23,Muc1,Etv1,Mfsd2b,Setbp1,Ackr4,Zc3hc1,Ift88,Per3,Selenoi,Cdc23,Mta3,Ddx42,Cdc16,Tor2a,Grb7,Cd84,Srp72,Eif2a,Cops8,Akt1s1,Itgb5,Nfib,Cebpa,Apob,Amfr,Got2,Rab43,Hpd,Idi1
oxidative_stress	320	Serpinb13,Scnn1b,Ccr9,Pdlim4,Trib2,Adamts5,Fpr2,Epb41l2,Pld2,Pparg,Pick1,Drosha,Ptpra,Slc17a8,Nf2,Snx6,Saa2,Mcur1,Jak3,Ppp3cb,Prodh,Itga1,Srr,Mlxipl,Clu,Adh5,Cct5,Por,Fcgrt,Sdc1,Angptl3
oxidative_stress	321	Cox7a1,Efna3,Klra8,Nek2,Nrarp,Bmf,Lama3,Ehd4,Rnaseh2b,Tcf7,Kif21b,Efnb2,E2f4,Jade2,Setd6,Cited2,Tle4,Rsf1,Wasl,Erbb3,Stom,Sec24c,Brd4,Gys2,Mettl7b,Bmpr2,Spop,Adipor1,Adgrf5,Vdac1,Serpina3n
oxidative_stress	322	Clcnka,Epha5,Bhlha15,Ddc,Rab7b,Csf2rb2,Ppp2r1b,Sema4d,Fbln1,Lrrk2,Cenpa,Tagln,Plekhg2,Irs1,Zfp281,Itgal,Nelfb,Tjp1,Plk2,Klc1,Spag9,Sgta,Dio1,Eps15,Mpc1,Rab43,Col18a1,Ndrg2,Ctsl,Iqgap2,Nbr1
oxidative_stress	323	Hand1,Amhr2,Mkx,Cd226,Wdr4,Tgs1,Hace1,Pcif1,Cse1l,Hnf1b,Prmt5,Dot1l,Hjv,Snta1,Myd88,Sf3a1,Supt6,Tsc2,Mavs,Gak,Ube2i,Dpy30,Ncl,Pnpla2,Paip1,Serpina3n,Lyz2,Itgb1,Ndrg2,Ptp4a1,Canx
oxidative_stress	324	Ccnb3,Dio2,Aqp5,Fxn,Sirt6,Plgrkt,Gpsm1,Btrc,Gar1,Mtx1,Rassf5,Bace1,Sp1,Kdm4a,Cops5,Maf1,Atf1,Mcur1,Usp7,Lpar6,Fto,Ppp6c,Ash1l,Amacr,Nfkbia,Rac1,Lyz2,Egfr,Raf1,Itgb1,Gcgr
oxidative_stress	325	Fgf10,Arnt2,Sgo1,Atl1,Pla2g4a,Klhl18,Nes,Ipo9,Gata2,Btbd9,Zfp24,Drosha,Spry1,Glb1,Elovl1,Tnfrsf14,Lgr4,Ppfibp1,Eif4g3,Prodh,Spred1,Kif5b,Stat2,Afg3l2,Igfbp2,Idi1,Cpt1a,Rgs5,Phb2,Scarb2,Rab7
oxidative_stress	326	Htr2b,Npy4r,Mkx,Col23a1,Bbs7,Adamts14,Acvr2b,Ccp110,Uba6,Fam192a,Unc13b,Acvr1,Chd7,Folr2,Bmpr1a,Icam1,Tcf12,Nr3c1,Dpp9,Ppp1r2,Rmdn3,Lima1,Tns2,Nfix,Ece1,Apob,Tmem106b,Mknk2,Nedd4,Glyat,Rab5c
oxidative_stress	327	Alk,Ly6i,Igdcc4,Pcgf1,Erbb4,Ubash3b,Plod2,Piezo1,Ccp110,Mapk8ip1,Appl1,Ifih1,Gabbr2,Cln8,Hsf2,Gab1,Rgs3,Il4ra,Bicd2,Shoc2,Csnk2a1,Ube2g1,Pdzk1,Vegfa,Aldoa,Col18a1,Sult2a8,Vtn,Igfbp2,C6,Atp2a2
oxidative_stress	328	Gabra1,a,Klk1b4,Ccl21b,Hap1,Adrb1,Lck,Pard6b,Csf3r,Tmem98,Adam17,Efnb2,Cbl,Irs1,Pex3,Brpf1,Nr3c1,Mmp15,Crebbp,Cadm1,Lamc1,Diaph1,Stk11,Ctnnd1,Arg1,Idh1,Mbd2,Pah,Lsr,Hist1h2bc,Slc2a2
oxidative_stress	329	Fgf10,Rhox5,Fgf7,Thpo,Fzd6,Prom1,Lck,Sema4d,Ung,Scnn1a,Fam192a,Pnkd,Cbl,Alpl,Pirb,Osmr,Pdxk,Hgs,Ap1g1,Stub1,Lpar6,Sirt3,Gck,Cbs,Nfkbia,Rxra,Comt,Glul,Hacl1,Pah,Neat1
oxidative_stress	330	Cox7a1,Tacstd2,Sh2d1a,Col23a1,Phc1,Tubgcp2,Xrcc5,Casp1,Ggnbp1,Ptar1,Frrs1,Polr2b,Itgb2,Tcf7l2,Irf8,Apobec1,Khsrp,Prkacb,Kat6a,Asna1,Eif2a,Ncoa3,March2,Nsmf,C6,Fgb,Cltc,Pdia3,Nedd4,Slc2a2,Ywhaz
oxidative_stress	331	Htr1a,Gpr22,Tnfrsf18,Shld1,C5ar1,Tgs1,Wipf1,Disp2,Btbd2,Frrs1,Ccr5,Cd24a,Mllt10,Ric8b,Epha1,Lpl,Dlgap4,Lyn,Ewsr1,Rab8a,Brd7,Marcksl1,Atp6v1a,Mib1,Hspa1b,Aldh2,Rtn3,Cers2,Cebpa,Acox1,Mia2
oxidative_stress	332	Mei4,Dnmt3l,Sstr2,Prkca,Lamb3,Prkcz,Pde4c,Mkks,Ciita,Lrig1,Tmem98,Tfeb,Gabbr1,Sh3bp1,Epha1,Pdpk1,Leprot,Dpf2,Fbxl20,Nid1,Smarcd2,Ybx3,Ctnna1,Afg3l2,Hspa5,Clu,Phb2,Cfb,Canx,Hadh,Prelp
oxidative_stress	333	Slc6a3,Ccr3,Psmb9,Cd40,C5ar1,Kdm1a,Cers6,Foxq1,Thbs1,Hif1an,Prmt5,Atp2b4,Epc1,Pja1,Cux1,Polr2e,Hist2h2bb,Zkscan1,Plxnd1,Emc3,Pak2,Isca1,Uri1,Afg3l2,Atp5f1,Hrg,C4b,Fga,Grn,Ptp4a1,Adh5
oxidative_stress	334	Kcnc2,Ly6h,Gata5,Flt3,Pknox2,Igtp,Champ1,Piezo1,Chrna2,Gorasp1,Golga2,Acvrl1,Tbk1,Nrip1,Csnk1e,Ptprf,Nosip,Map3k11,Lpar6,Kras,Chd1,Ncoa2,Mmp14,Snx5,Mbl2,Mettl7b,Mpc1,Ywhaz,Grn,Plg,Gjb2
oxidative_stress	335	Mepe,Aldh3a1,Rab38,Sdk2,Edn1,Fpr2,Champ1,Acvr1b,Lamtor3,Elp2,Coro2b,Yap1,Cr1l,Lfng,Wee1,Wiz,Casp8,Klhl21,Mapk14,Twf1,Ewsr1,Gck,Bcl6,Rab5b,Cyp2e1,Rxra,Cyp27a1,Lrp1,Hspd1,Ephx2,Igf1
oxidative_stress	336	Ccnb3,Slc1a1,Ly6g6d,Nek2,Plxdc2,Gpr4,Adm,Lhx6,Itgb7,Ppm1h,Klc2,Homer1,Trim2,Elovl1,Snap29,Jmjd6,Rspo3,Col4a1,Utrn,Trrap,Supt5,Notch1,Ppp1cc,Tcp1,Ghr,Eng,Hspd1,Ppp2r5c,Sf1,Cltc,Rab5c
oxidative_stress	337	Il9,Sypl2,Slit2,Rita1,Usp18,Bcl2a1a,Mlst8,Ctdspl2,Myc,Relb,Scnn1a,Serpine2,Des,Tbk1,Sh3gl1,Pafah1b1,Limd1,Nr0b2,Brd7,Gphn,Jak3,Vps28,Flot2,Clic4,Eif4g1,Epas1,Hibadh,Hao1,Hrg,Cideb,Prelp
oxidative_stress	338	Sntn,Gnaz,Ccr9,Gmds,Col8a1,Pyroxd1,Pdzrn3,Rad9a,Rnf20,Tjp3,Rab4b,Cd48,Ptpra,Ubac1,Tead1,Tbx20,Inpp5b,Suz12,Gnaq,Usp7,Maob,Diaph1,Ube3a,Pkp4,Ece1,Neat1,Il6st,Maf,Ctsl,Pklr,Hadhb
oxidative_stress	339	Ryr3,Spdef,Hoxb8,Fen1,C7,Pde8b,Clec4n,Map3k1,Ciita,Sort1,Ighm,Dnmt1,Elovl1,Rcan1,Nelfe,Arhgef11,Mapk1,Actn1,Scarb1,F2r,Cd68,Retreg3,Nek7,Cops2,Pcx,Egfr,Otc,Hsd17b4,Pklr,Chchd3,Neat1
oxidative_stress	340	Lyg1,Il23r,Dmrta1,Tnfsf14,Gpm6a,Snrpn,Pdgfb,Bex3,Birc2,Zfp24,Lratd2,Fbl,Atf2,Nrip1,Sox6,Rb1,Tln1,Inpp5b,Gnaq,Lsm14a,Ppp3cb,Tns2,F11r,Acp5,Txnip,Pdia3,Mfsd2a,Arg1,Glud1,Prelp,Sqstm1
oxidative_stress	341	Ryr3,Scn10a,Tubg2,Adamts6,Arid3b,Wnt4,Cd180,Elk1,Aldh18a1,Cit,Slc9a1,Nck1,Spsb2,Atg16l1,Slc25a51,Il1r1,Nr0b2,Ube2g2,Mfn1,Cops8,Smtn,Rock2,Mef2d,Asph,Rnf10,Rsrp1,Kif1c,Plin2,Ephx2,Hnf4a,C3
oxidative_stress	342	Kcnf1,Cfap53,Aqp5,Pde1c,Cd80,Nxn,Lck,Gpsm2,Rsad1,Setx,Lratd2,Gpr107,Slc22a18,Dgat1,Ftsj1,Syncrip,Strn,Hif1a,Ppp6r3,Mapk3,Lmo4,Pias2,Ireb2,Tor1a,Hyou1,Rnf13,Rab7,Aldh4a1,Hpd,Lgals9,Bmpr2
oxidative_stress	343	Myh7,Mettl21c,Col9a3,Tgfb2,Hmga1b,Wrap53,Marveld2,L3hypdh,Leo1,Wdr83,Krit1,Smad9,Ptk2b,Dgat1,Stk4,Nfil3,Lss,Thrap3,Ap1g1,Trrap,Mlec,Fyb,Sirpa,Srrm1,Sema4g,Pgk1,Serpina3n,Atp5f1,Hpd,Orm1,Hacl1
oxidative_stress	344	Nanog,Ntsr2,Epha4,Tle6,Ogg1,Alg13,Adamts5,S1pr3,Scmh1,Ap4s1,Ctnnbip1,Bace2,Ddx41,Washc5,Fubp1,Kat2a,Dnajc5,Capn10,Ikbkb,Prkce,Ppp3cb,Nedd4l,Flot2,Dgcr2,G6pc,Ywhaz,Atp5o,Ptp4a1,Hacl1,Glud1,Actr2
oxidative_stress	345	Neurog2,Ctnna3,Egr3,Il18rap,Zup1,Cd300lf,Kat6b,Il22ra1,Ilf2,Rab3d,Ccr5,Stxbp1,Pgam5,Smarcb1,Slc22a18,Akap9,Tlcd1,Mdm4,Tek,Nfat5,Gak,Adgre5,Ppt1,Ccnd3,Cyp2e1,Hnrnpa1,Cltc,Bhmt,Cpt1a,Grn,Glud1
oxidative_stress	346	Cbln2,Csf2,Sez6l2,Itga7,Adcyap1r1,Gmnn,Ube2n,Rnf20,Meis3,Ddx19b,Tsc1,Acvr1,Cldn1,Gosr1,Jade2,Mdm2,Maz,Dnajc5,Pbrm1,Noct,Fto,Mmp14,Ash1l,Mbnl1,Hspd1,Aldoa,Hist1h2bc,Aplp2,Il6st,Gnai2,Ctnnb1
oxidative_stress	347	Six3,Tmem108,Smarca1,Tgfb2,Mfsd2b,Stxbp4,Myh10,Rab3a,Notch3,Slc9a1,Itpa,Nr3c2,Rarg,Aatf,Irf8,Zdhhc7,Kmt2a,Kdm5b,Actr1b,Tpr,Bcl2l1,Mfn2,Gprc5c,Capn2,Rnaset2a,C4bp,G6pc,Nrn1,Adgrf5,Cth,Rxra
oxidative_stress	348	Olig2,Khdrbs2,Meiob,Ttn,Map1b,Nxn,Ss18l1,Chrna2,Pld2,Bid,Bach2,Ncoa1,Mta3,Folr2,Kcnn2,Irs2,Pfkl,Cops9,Rab32,Derl2,Map4,Slc16a2,Asap1,Jak1,Cd1d1,Egfl7,Rtn3,Vim,Prkar1a,Fasn,Cfb
oxidative_stress	349	Hoxd11,Spatc1l,Upk1b,Fos,Zbp1,Cbx1,Jam3,Setdb1,Mki67,Dock7,Snx30,Agrn,Fbh1,Ddx42,Emsy,Ptch1,Capn10,Rxrb,Tie1,Ap3b1,Lmo4,Bcl7b,Ppp1cc,Hnrnph1,Ndrg2,Eif4g1,Nfkbia,Saa4,Cyb5a,Clu,G6pc
oxidative_stress	350	Greb1,Npsr1,Kcnab3,Etv1,Igf2,Cln3,Inhba,Cd37,Il2rg,Atg14,Ripk2,Bcl7a,Adra1b,Rev1,Pla2g6,Hes1,Prkab1,Ctcf,Lamc1,Lsm14a,Eif4enif1,Apcs,Nek7,Cdh2,Agt,Lpin2,Fasn,Plpp3,Cyb5r3,Mettl7b,Nr1h3
oxidative_stress	351	Crygc,Robo3,Aldh1a2,Gabrb3,Ddr1,Abcb8,Cdkn2c,Lmnb1,Pak1,Taf9,C5ar2,Cry1,Glb1,Fadd,Slc22a18,Mapre2,Atg7,Dnajc7,Lrp5,Cldn12,Kansl2,Bmi1,Fgfr2,Ehmt2,Nr1h3,Acly,Slc40a1,Plg,Hadh,Glyat,Bhmt
oxidative_stress	352	Gnb3,Isl2,Rad51,Ticam2,Pknox2,Snrpn,Nlgn2,Brwd3,Batf3,Unc13b,Itga8,Ngfr,Tbk1,Sh3bp2,Nrep,Hip1r,Gcat,Ankrd11,Rhod,Pbrm1,Als2,Ptgs1,Emc1,Cs,Gfra1,Ghr,Pink1,Hmgcr,Cpn1,Ldha,Cfb
oxidative_stress	353	Myod1,Prl2c2,Nkd2,Itpr3,Sytl5,Cbx1,Pdzrn3,Cep164,Foxq1,Epb41l1,Dlg5,Jarid2,Timm50,Snapin,Abhd4,Psmd14,Top2b,Pkd2,Atg5,Lats1,Prpf4b,F11r,Baz1b,Kat2b,Aldh4a1,Vdac1,Hamp,Mia2,Rad23b,Hipk2,Fgl1
oxidative_stress	354	Dpp10,Hoxa11,Ephb2,Ccl19,Ifi209,Nup155,Cxcl10,Thbs2,Phf6,Bbs9,Kdm4c,Osgep,E2f4,Fbh1,Atf6,Vps13a,Smad2,Lyve1,Npr1,Gnai3,Arid1a,Atxn10,Cflar,Ptprk,Phb2,Por,G6pc,Fcgrt,Prelp,Ctnnb1,Nedd4
oxidative_stress	355	Zfp536,Dner,Sez6l2,Ticam1,Kdm8,Bmp4,Klhl22,Yif1a,Cdk2,Nos3,Hps4,Myh11,Ripk1,Stat1,Etv3,Atg9a,Palmd,Atrx,Cldn12,Emilin1,Prkce,Smarcc2,Hgf,Wapl,Aldh2,Bmpr2,Lgals9,Atp5f1,Furin,Aldh4a1,Igfbp2
oxidative_stress	356	Drd1,Il11,Sstr2,Tbx6,Tesmin,Hras,Foxp2,Stimate,Pcif1,Rhbdf2,Sesn1,Odf2,Foxa1,Hivep2,Nelfe,Hdac5,Atrx,Map3k11,Smap2,Ext1,Cct3,Ddb1,Nr1h4,Tgfbr3,Hadh,Mprip,Pygl,Hsph1,Mcl1,Hspd1,Glyat
oxidative_stress	357	Crb1,Ntsr2,Kcnj9,Cyp1b1,Myb,Igha,Mcph1,Elk1,Cse1l,Etv6,Pygb,Cers4,Ptpra,Irak2,Fubp1,Ago3,Thrap3,Zc3h14,Mfn1,Ankrd13a,Sept4,Fyn,Ctnna1,Riok3,Egfl7,Ndrg2,Cp,Hspa1b,Sdhc,Rab7,Tgfbi
oxidative_stress	358	Cox7a1,Scnn1b,Bcl11b,Angptl8,Fgf12,Il17rb,Fpr2,Polr2h,Ren1,Sufu,Dll1,Senp3,Snap29,Cmklr1,Tbk1,Akap9,Adamts13,Camta2,Ext1,Cadm1,Vat1,Irf1,Hlf,Prpf8,Egfr,Picalm,Sardh,Sdhb,Actr2,C4bp,Lifr
oxidative_stress	359	Foxn4,Tff1,Pin1,Ddc,Ccl2,Ezh2,Bco1,Pak1,Msh2,Vps9d1,Fam192a,Cptp,Ptk2b,Babam2,Adarb1,Mbtd1,Nf1,Trim24,Lpar6,Myo10,Per2,Ash1l,Mef2a,Jak1,Cyp2c29,Cers2,Rnf13,Raf1,Lamp2,Idi1,Fcgrt
oxidative_stress	360	Dmrt1,Il2,Col9a3,Syn1,Hap1,Cdkn2c,Lnpk,Asf1a,Efna5,Coro2b,Setx,Tceal9,Slc25a17,Mtf1,Creld1,Ifnar1,Slc22a5,Nf1,Gnaq,Bcr,Rhot2,Bcl6,Notch1,Myh9,Adh5,Canx,Aldh4a1,Eng,Phb2,Cpn1,Cxcl12
oxidative_stress	361	Klk11,Adora2b,Aqp5,Ptafr,Gbp2b,Cdc5l,Ppp2r1b,Zmynd19,Cep164,Kif3b,Bid,Hand2,Birc3,Sdccag8,Eif2s2,Tcf7l1,Rspo3,Nelfb,Kat6a,Prodh,Tnfrsf1b,Cd59a,Ncl,Ctnnd1,C1rb,Sdha,Prelp,Cd1d1,Mcl1,Hmgcr,C6
oxidative_stress	362	Clgn,Ntsr2,Gsdme,Slc18a2,Prorp,Plcg2,Wnt4,Hmcn1,Ercc6,Emd,Gramd1b,Ufl1,Csk,Cdc16,Hsf2,Smim7,Suz12,Atf1,Polg,Me1,Ndufa9,Dnm2,Irf1,Amd1,Nfe2l1,Hipk2,Lamtor4,Picalm,Pzp,Neat1,Adgrf5
oxidative_stress	363	Fscn2,Kiss1,Epha4,Ofd1,Kcnma1,Hace1,Commd10,Ccp110,Birc2,Tmem41b,Yipf1,Apip,Ahr,Klb,Atg16l1,Il1r1,Nr1i2,Adgra3,Arhgef7,Atraid,Psen1,Pde3b,Kif5b,Id2,Sqstm1,Cyb5r3,Cyp3a11,Acsl1,Sardh,Egfl7,Pink1
oxidative_stress	364	Tnp1,Scin,Osr1,Fen1,Rbfox3,Fgr,Tcof1,Gbp3,Hk1,Zfand2a,Ighm,Bace1,Srd5a3,Ccnt1,Gem,Csnk2a2,Fcgr3,Camta2,Nfat5,Ep300,Stub1,Pde3b,Marcks,Npc1,Bhmt,Ctdsp1,Nedd4,Bdh1,Sema4g,Hnf4a,Arhgef12
oxidative_stress	365	Gnb3,Nlrp4f,Boc,Mrnip,Ccl2,Krt19,Fam104a,Dsg1b,Bex3,Krit1,Sulf2,Efnb2,Ubac1,Timm50,Hivep2,Ndufv2,Parva,Smad7,Erbb3,Tie1,Psmd12,Stat3,Pias2,Chd4,Sf1,Hsph1,Grn,Pcx,Apob,Csde1,Agt
oxidative_stress	366	Ccnb3,Eya1,Gdpd2,Cd244a,Trim32,Cdc5l,Tlr4,Vhl,Leo1,Axin2,Wdr36,Mdp1,Chd7,Nr5a2,Hdgfl2,Mapre1,Cldn2,Slc22a5,Sept4,Myo6,Supt5,Srr,Mta2,Rorc,Angptl3,Hspa1b,Spop,Nr1h3,Rac1,Hacl1,Tpi1
oxidative_stress	367	Slc6a3,Nphs2,Sh2d1a,Cnmd,Tnnt2,Kcnn4,Stat5a,Ipo9,Aldh18a1,Cdkn1c,Casp9,Osgep,Kcnn2,Klhl3,Birc3,Col4a2,Dcaf7,Fbxo21,Samhd1,Bicd2,Gja1,Cyp7a1,Dusp3,Sept2,Ghr,Gcgr,Tpi1,Por,Rdx,Otc,Kif1c
oxidative_stress	368	Hoxc8,Mas1,Rad54l,Urm1,Mrm3,Grk3,Il17rb,S1pr3,Daxx,Tsc1,Lrig1,Stxbp1,Cux1,Carmil1,Cops5,Irs2,Lss,Ppp2r1a,Spag9,Kmt2b,Dpm1,Fbxo3,Cdkn1b,Plk3,Agt,Pltp,Igf1,Atp5f1,Paip1,Tsc22d3,Hspa5
oxidative_stress	369	Acan,Hoxa11,Ly6g6e,Cdk4,Cldn7,Traf3ip2,Sirt4,Hira,Agtrap,Micu1,Ano1,Pde7b,Evl,Agxt2,Zdhhc8,Abhd5,Sept7,Lyst,Mllt6,Emc3,Etnk1,Cd151,Meis2,Hnrnpm,Rab43,Gcgr,Rnaset2a,Fgb,Igfbp2,Aox3,Pcx
oxidative_stress	370	Grp,Eya1,Gdf11,Lig4,Ifi209,Piezo2,Cdc5l,Daam2,Zap70,Nras,Tnfsf10,Gba,Nfyc,Stat1,Gosr1,Lamb2,Cldn2,Aebp2,Bicd2,Rock1,Spag9,Ulk1,Vcp,Nfix,Orm1,Ece1,Grn,Cpn1,Hnf4a,Slco1a1,Egfr
oxidative_stress	371	Ecel1,Nxph4,Crisp1,Gabrb3,Erc2,Twnk,Pwp1,Vav2,Nrf1,Col6a1,Sort1,Ezh1,Cops5,Nod1,Dysf,Abraxas2,Pth1r,Mast3,Myo10,Ppp1r2,Ero1lb,Irf3,Mapre3,Zfp106,Ptp4a1,Pik3r1,Tpi1,Cd47,Egfr,Fasn,Acaa2
oxidative_stress	372	Nox3,Asxl3,Eno2,Syn3,Eif4ebp1,Ly75,Vangl1,Mctp2,Mpi,Arhgef6,Adora1,Smad9,Akip1,Rarg,Kcnn2,Maf1,Mindy1,Ppp2r1a,Ext1,Atn1,Ppp3cb,Cd59a,Mmut,Elavl1,Pzp,Pltp,Fdx1,Saa4,Pygl,Fga,Ctdsp1
oxidative_stress	373	Grin1,Ms4a2,Adcy2,Hikeshi,Bloc1s6,Spry4,Wnt9b,Leo1,Tiparp,Atg14,Kdm4c,Atxn3,Elovl1,Rarg,Nrep,Hfe,Dpf2,Nelfb,Dapk1,Scarb1,Usp7,Arrb2,Nectin3,Elavl1,Bmp1,C6,Sdc1,Gpt2,C1rb,Hsph1,Rnaset2a
oxidative_stress	374	Hoxd3,Csf2,Blk,Zswim9,Ttc8,Mplkip,Krt19,Abracl,Pithd1,Dnttip2,Nras,Cblc,Ddx56,Spsb2,Pla2g6,Sf3a1,Capn10,Med15,Dpm1,Mme,Gimap4,Unc93b1,Sec24c,Gpi1,Arg1,Spop,Lamp1,Atp5o,Ywhaz,Aplp2,Vim
oxidative_stress	375	D1Pas1,Havcr1,Ankrd13d,Pde1c,Pde1b,Tjp2,Ogn,Eya3,Cd2bp2,Etv6,Hnf1b,Bmp10,Hps5,Atg16l1,Alpl,Timmdc1,Pth1r,Dlgap4,Cxxc5,Ikbkg,Ep300,Cd151,Pon3,Sh3bp5,Cltc,Scarb2,Cps1,Actr2,Bhmt,Slc2a2,Mknk2
oxidative_stress	376	Tpsab1,Ddx4,Olr1,Ccna2,Cep290,Robo2,Synpo,P3h1,Id4,Fat4,Per3,Polr2b,Cyp26b1,Hivep2,Gem,Itgal,Dctn1,Sharpin,Aif1,Mllt6,Ewsr1,Zeb2,Sumo1,Ccnd3,Sqstm1,Pklr,Ndrg2,Abcb4,Comt,Cyp27a1,Gcgr
oxidative_stress	377	Cldn9,Il4,Pde6g,Whrn,Tesmin,Wipf1,Marveld2,Setdb1,Ercc6,Casp9,Kat5,Zfp219,Otud7b,Vps25,Hdgfl2,Lztr1,Klhl21,Grb7,Prpf19,Stom,Ndel1,Bach1,Arrb2,Prkaca,Dpyd,Adgrf5,Slco1a1,Cfh,Otc,Gpt2,Glul
oxidative_stress	378	Six2,Csf2,Pomc,Ifit1,Lpar2,Cers5,Adamdec1,Idua,Ikzf1,Smoc2,Cd9,Virma,Fzd4,Tbk1,Cux1,Lepr,Psmc2,Fbxo21,Ppp4r3a,P2rx4,Per2,Slc16a2,Bcl7b,Asph,Gpd1,Picalm,Arg1,Angptl3,Hao1,Sdc1,Mprip
oxidative_stress	379	Ros1,Cldn23,Cspg4,Fxn,Lpar2,Cers6,Slc19a1,Tcaf1,Aldoc,Ednra,Tnfaip3,Ufl1,Nbn,Tstd1,Hjv,Siglec1,Tmem94,Atg101,Stub1,Npr1,Foxo1,Itch,Vdac2,Cops2,Itgb1,Hist1h2bc,Prelp,Agpat3,Abcb4,Lamp1,Rac1
oxidative_stress	380	Pifo,Ptpn5,Mcub,Birc5,Cdh4,Zscan2,Nup155,Sema4d,Anp32e,Grb10,Maip1,Magoh,Vps25,Washc5,Tgfbr1,Zfand2b,Nmt1,Eif2ak3,Dnajb6,Prpf4b,Lsm14a,Marcks,Stat2,Ccnd3,Slc40a1,Lyz2,Acaa2,Plg,Ctdsp1,Fdx1,Rac1
oxidative_stress	381	Frmpd1,Rtkn2,Kcnj9,Xcl1,Cldn7,Tppp,Ccdc130,Rgmb,Wrap73,Rnf31,Nfkb2,Wwox,Cyp26b1,Adra1b,Pgam5,Rela,Rheb,Casp8,Ikbkg,Ppp6r3,Mapk14,Atxn10,Map4k4,Ube2b,Hamp,Rtn3,Kif1c,Cyp2e1,Pcx,Comt,Fcgrt
oxidative_stress	382	Rxfp1,Sox8,Fut1,Lpin3,Tgfb3,Cln3,Pde4c,Ehd4,Ipo9,Bid,Mest,Nuak2,Zfp281,Pja1,Glb1,Ago2,Prkacb,Atp6v0a1,Noct,Podxl,Pbrm1,Zc3h11a,Foxp1,Decr1,Tgfbi,Maf,Lamtor4,Sdha,Sqstm1,Fga,Aldh1l1
oxidative_stress	383	Fgf8,Tas1r2,Tbx1,Sema5b,Kdm2b,Fzd5,Mplkip,Elac2,Il22ra1,Rab3d,Mtx1,Washc3,Epha1,Tgfa,Yeats4,Pdpk1,Ubxn7,Pfkl,Glg1,Smc1a,Neu1,Sgta,Flna,Hspg2,Raf1,Aldh2,F9,Eif4ebp2,Bdh1,Mprip,Cd1d1
oxidative_stress	384	Fscn2,Pak3,Smarca1,Atl1,Kdm2b,Grk3,Tcof1,Gbp2,Cep104,Rel,Eif2ak2,Xpa,Kdm4a,Hps5,Vsir,Myo7a,Pip4p1,Slc25a28,Psmd12,Irf9,Ikbkb,Ipmk,Slk,Myh9,Plg,Sult2a8,Spop,Mcl1,Cd1d1,Coq8a,Hist1h2bc
oxidative_stress	385	Hand1,Adora2b,Bmp7,Hdc,Klf5,Ezh2,Setbp1,Elac2,Eln,Cnot9,Pld1,Fbxo33,Tgfa,Epc1,Hps5,Mdm2,Lgr4,Maz,Gimap4,Max,Ikbkg,Atp6v1a,Lin7a,Snf8,Sdhc,Paip1,Mknk2,Kif1c,Pzp,Acly,Ctsl
oxidative_stress	386	Pou6f2,Nkx6-1,Pin1,Tlr9,Pde1b,Klhl22,Dmap1,Gar1,Sucnr1,Bach2,Adam17,Tfeb,Aatf,Pja1,Nr5a2,Cavin1,Ppp1r16b,Hecw2,Pip5k1c,Rhod,Stip1,Prrc2b,Cpt2,Ndufs1,Aplp2,Acly,Plg,Mpc2,Hmgcr,Cd5l,Cct8
oxidative_stress	387	Madcam1,Prap1,Gata1,Cd244a,Cntf,Lnpk,Lacc1,Itga4,Elk1,Ints4,Tnfaip3,Dxo,Pkig,Sf3b6,Pex3,Ago2,Gata4,Akt2,Hes6,Ephb4,Gstk1,Abcc6,Arrb2,Aldh9a1,C1rb,Got2,Nfkbia,Ndrg2,Pcx,Rab5c,Vwa8
oxidative_stress	388	Slc32a1,Tdrd1,Disc1,Prrx1,Lama2,Ajuba,Plcb2,Exosc9,Snai2,Dctn3,Cdc42,Cybc1,Tead1,Timm50,Tirap,Crbn,Tlcd1,Lyn,Lmo4,Plk2,Washc2,Rabep1,Echdc1,Ppp2ca,Fcgr2b,Pik3r1,Lsr,Fcgrt,Cd47,Mfsd2a,Hacl1
oxidative_stress	389	Pcdha7,Pcdh20,Hoxb7,Ccl19,Cd34,Stat5a,Mlst8,Wnt2,Phf3,Cxcl9,Casp9,Sox4,Pfkfb2,Cd2ap,Vsir,Rb1,Cul1,Mdm4,Gdf2,Tec,Etnk1,Ino80d,Ank,Prkd3,Agt,Apoa4,Lifr,Vim,Eng,C3,Rgs5
oxidative_stress	390	Rorb,Acvr1c,Ihh,Nubpl,Jade3,Polk,Tnfrsf11a,Foxq1,Epha7,Sin3b,Lrig1,Rab3gap2,Baz1a,Birc3,Otud7b,Psmd14,Opa1,Col4a1,Nid1,Dapk1,Csnk2a1,Arhgef1,Met,Etnppl,Rtn3,Atp5o,Hacl1,Cpt1a,Mknk2,Saa4,A1cf
oxidative_stress	391	Slurp2,Casq2,Etv4,Cdkn1a,Polr1e,Cyb561,Kirrel,Thbd,Dlg3,C5ar2,Dctn3,Ctr9,Rab11fip1,Cdc16,Zfp281,Slc6a9,Acss3,Hecw2,Aif1,Stip1,Gaa,Nploc4,Ddb1,Dsg2,Fgb,Pigr,Adh5,Pink1,Sema4g,Iqgap2,Gnai2
oxidative_stress	392	Cntn2,Thbs4,Clic6,Grm8,Pmaip1,Adm,Prpf3,Meis1,Ints11,Adam17,Ppm1h,Fundc1,Dock2,Hsf2,Nfyc,Bcl7c,Mdm4,Cpeb2,Mark3,Klc1,Kmt2b,Srebf1,Sirt3,Srrm1,Atf5,Hnrnpa1,C4b,Nrn1,Gm2a,Pink1,Acsl1
oxidative_stress	393	Htr1b,Il5ra,Ptger1,Pcgf1,Dpf3,Tnfrsf11a,Ar,Acvr1b,Rsad1,Snx30,Wls,Cdh13,Plekhg2,Akip1,Irf8,Sept8,Arhgap31,Adamts13,Erg28,Eif2a,Mfn1,Vps28,Met,Rap1a,Bnip3,Got2,Cd36,Echs1,Cth,Cd1d1,Cyp27a1
oxidative_stress	394	Gja8,Lgi3,Clca3a2,Klrc1,Ptger2,Dgka,Tiam1,Ube2d1,Cadm3,Dync1i2,Tnfaip3,Magoh,Tgfbr1,Sap18,Tbk1,Wdr61,Ppp2r1a,Syk,Tie1,Ppp1r2,Cdk9,Wdr45,Dek,Rtn4,Plxnb2,Scarb2,Gfra1,Ece1,Glul,Bnip3,Mprip
oxidative_stress	395	Foxd3,Efcab3,Lurap1,Syce2,Pmaip1,Ly75,Plcb2,Ung,Cep164,Pcna,Kdm4b,Ggps1,Gbf1,Ftsj1,Timm50,Sin3a,Gsk3b,Ranbp2,Lamtor1,Eif2a,Ppif,Ptgs1,Adam10,Snx5,Qsox1,C6,Nr1h3,Ldha,Ctnnb1,Hipk2,Mpc2
oxidative_stress	396	Mei4,Ddx4,Upk1b,Sema3c,Foxf1,Ehmt1,Ptgr1,Dbn1,Erg,Kif3b,Kdm4c,Ndufa12,Cr1l,Pvr,Plekha5,Ssrp1,Aebp2,Cd84,Mapk14,Calu,Plxnd1,Ncoa3,Fkbp5,Efna1,Adh5,Orm1,Glul,A1cf,Actr2,Mknk2,F9
oxidative_stress	397	Six3,Amhr2,Cltrn,Il15,Ccl2,Epb41l3,Snu13,Chrna2,Leo1,Slc4a7,Btbd9,Hck,Lfng,Slc22a18,Bmpr1a,Bmp5,Ccnd2,Syne1,Map3k7,Ikbkg,Pak2,Gas6,Sgta,Adtrp,Itgb1,Adipor1,Rxra,Fcgrt,Atp5f1,Aplp2,Rhoa
oxidative_stress	398	Crygd,Slc30a8,Fbxo2,Itpr3,Cep152,Cln3,Cers5,Rab3a,Inpp1,Myrf,Cxcl13,Zscan21,Timm50,Agxt2,Rab11fip1,Men1,Atf1,Nsun2,Myo6,P2rx4,Kat6a,Marcksl1,Acsl4,Tmem63b,Cct5,Cpn1,Abcb4,C3,Idh1,Txnip,Rac1
oxidative_stress	399	Frmpd1,Slc1a1,Gsdma,Atl1,Fv1,Vangl1,Tlr5,Ppargc1b,Il22ra1,Robo1,Rassf5,Pou6f1,Tgfa,Atf6,Nrip1,Il15ra,Lyst,Usp47,Mapk3,Ppif,Kansl2,Flna,Kmt2d,Plec,Arg1,Ctnnb1,Ppp2r5c,Pzp,Serpinf2,Vwa8,Gcgr
oxidative_stress	400	Kcnh5,Slc6a14,Ncr1,Sptb,Adcyap1r1,Hace1,Riox1,Piezo1,Ggnbp1,Kat5,Maml1,Ifngr2,Myd88,Sap18,Sdccag8,Gipc1,Supt6,Hgs,Huwe1,Ppp3r1,Rmdn3,Itsn2,Irak1,Ccnd3,Ctnnb1,Hrg,Pgk1,Prelp,Nr1h3,Lamtor4,Plin2
oxidative_stress	401	Kcna10,Ms4a2,Bcl11b,Mrnip,Pde10a,Ube2n,Dffb,Mkks,Cdk2,Dnttip2,Vps9d1,Bace1,Cldn1,Irak2,Mtf1,Cygb,Ext2,Atg7,Stub1,Ccnd1,Ppp5c,Tmem120a,Tnks2,Brd2,Plxnb2,Hamp,Sdhc,Slc2a2,Sqstm1,Prkar1a,Maf
oxidative_stress	402	Dll3,Neurod1,Cftr,Bbs4,Saysd1,Dmap1,Prom1,Hmcn1,Mtf2,Plcb4,Rapgef3,Ncoa1,Thy1,Cdc16,Sdccag8,Hfe,Lipg,Gramd1a,Tpr,Bax,Ccnd1,Cd163,Retreg3,Eno1,C4b,Vtn,Fn1,Hspd1,Abcd3,Got2,Plin2
oxidative_stress	403	Pth,Krt79,Cyp21a1,Slc52a3,S1pr5,Yeats2,Lck,Gyg,Sema4d,Appl1,Fbxl4,Gba,Pla2g6,Rab29,Pkig,Klf12,Tufm,Prkab1,Efnb1,Pkm,Srp72,Bcl6,Usp25,Igfbp3,Hspa1b,Mprip,Epas1,Fgl1,Rdx,Clu,Lgals9
oxidative_stress	404	Cryge,Lypd1,Vtcn1,Pim1,Cntnap1,Cers6,Tlr5,Hist1h4h,Map3k1,Pkhd1,Fbxl4,Kpna2,Nae1,Hdgfl2,Babam2,Iqgap1,Borcs8,Usp47,Rock1,Gphn,P2rx4,Mta2,Pon3,Angptl4,Prkar1a,Cth,Slc2a2,Hist1h2bc,Rsrp1,Rxra,Aldh2
oxidative_stress	405	Slc17a7,Efcab3,Amh,Twist1,Top2a,Pdgfa,Setbp1,Plxna1,Il2rb,Atp7b,Fbxl4,Ifngr2,Snap29,Stk4,Cxxc1,Npepps,Ube2g2,Lyve1,Sema6d,Mapk14,Ppp3r1,Unc93b1,Mef2a,Fgf1,Furin,Hspd1,Egfl7,Vdac1,Adgrf5,Cyb5r3,Cp
oxidative_stress	406	Foxb1,Rhpn1,Chek1,Grhl3,Sirt6,Prom1,Fzd5,D1Ertd622e,Hoxb3,Il17ra,Cdc42,Smad3,Epc1,Vps72,Sh3bp1,Csnk2a2,Inpp5b,Ptk2,Emc3,Ap2b1,Nampt,Sirpa,Luc7l3,Yy1,Glyat,Clu,Gpt2,Fdx1,F9,Sdhb,Cd5l
oxidative_stress	407	Zfp42,Cd109,Upk1b,Ccl21b,Klf5,Fopnl,Arl13b,Parp2,Rnaseh2b,Rnf31,Axin1,Efnb2,Snapin,Emsy,Plekhg2,Zdhhc7,Smad2,Gramd1a,Spred1,Ikbkg,Fbxl20,Dpysl2,Dtnbp1,Cnppd1,Furin,Prkar1a,Ywhaz,Ephx2,Cd1d1,Pah,Por
oxidative_stress	408	Smcp,Gli2,Slc6a4,Wnt5b,Trib2,Nup205,Tent5c,Coa7,Cse1l,Nos3,Arf2,Togaram1,Yeats4,Golga3,Ahr,Gja4,Tcf12,Ptk2,Arhgef15,Nrp2,Alkbh5,Kyat1,Abcg8,Rab6a,Chchd3,Cfb,Got2,Hspa9,Fasn,Nr1h3,Hpd
oxidative_stress	409	Six3,Piwil4,Abca4,Cacna2d1,Slc2a5,Jam3,Sox13,Pak1,Rgmb,Capn1,Dhx33,Ngfr,Med14,Rbpj,Snrpa,Ccn1,Gata4,Fam92a,Bcr,Nfkb1,Atp6v1b2,Fam107b,Eloa,Insr,Echs1,Hspa9,Mettl7b,Furin,Sf1,Cyp2c29,Agpat3
oxidative_stress	410	Zcchc12,Kcnc4,Cd96,Ighd,Trib3,Ltbp1,Ube2n,Taf11,Pithd1,Cdc42,Selenoi,Esrra,Efcab14,Cr1l,Rab11fip1,Plin5,Tbl1xr1,Strn,Cxxc5,Ifngr1,Vat1,Mboat7,Myo1e,Gpi1,Plin2,Coq8a,Aldh4a1,Fah,Fgg,Mpc2,Apob
oxidative_stress	411	Rorb,Ap3b2,Knl1,Card9,Kdm2b,Pdzrn3,Ackr4,Bak1,Gyg,Lrig1,Gorasp1,Efnb2,Dusp7,Slc25a51,Sox6,Dsp,Pkn1,Dab2,Erg28,Ikbkb,Lin7c,Tpcn1,Fam136a,Gsk3a,Adgrf5,Hist1h2bc,A1cf,Rab43,Aldh2,Smdt1,Rxra
oxidative_stress	412	Gabrg3,Pcp2,Cyp21a1,Slc24a3,Tead2,Dusp4,Clec4n,Gba2,Rab3a,Fbxl4,S1pr2,Hck,Slc25a51,Slc9a8,Golga3,She,Siah2,Hist2h2bb,Bicd2,Atg5,Lmo4,Fmc1,Slc8b1,Lpin1,Hnrnpa1,Sf1,Arhgef12,Orm1,Cers2,A1cf,Igf1
oxidative_stress	413	Pou6f2,Ccr4,Insl3,Sh3tc2,Smpd4,Adamts14,Tent5c,Tcaf1,Epha7,Zbtb7b,Ints4,Adgra2,Trim2,Cd2ap,Cr1l,Crbn,Cd82,Pkd2,Abcf1,Ap2b1,Ccnd1,Map1lc3a,Ipmk,Eva1a,Pygl,Ctsl,Rxra,Cfh,Mfsd2a,Bnip3,Actr2
oxidative_stress	414	Htr3a,Hapln1,Cgas,Cdk4,Srgap1,Atr,Cers5,Sorl1,Dbn1,Nfu1,Ints4,Sox4,Pcm1,Ddx56,Evl,Cltb,Ubxn7,Slc31a1,Smtn,Samhd1,Socs2,Jup,Bmp2,Gna12,Tgfbi,Sf1,Acsl1,Ppp2r5c,Arhgef12,Mettl7b,Gpc4
oxidative_stress	415	Pdyn,Moxd1,Trpv3,Ncam2,Cd80,Hoxb5,Foxj3,P3h1,Rnaseh2b,Rnf31,Med6,Cd207,Slc17a8,Golga5,Hps5,Scrib,Shc1,Pml,Prodh,Pkm,Max,Fmc1,Ppp1r10,Sorbs1,Col18a1,Bmpr2,Lifr,Mbd2,Hipk2,Grn,Aldh4a1
oxidative_stress	416	Acan,Dlx1,Tbx1,Casz1,E2f3,Med24,Adm,Nid2,Ift27,Casp9,Snx4,Sptbn2,Atg16l1,Fam49b,Sap18,Tbx3,Ntn1,Rxrb,Shoc2,Bicd2,Cdipt,Retreg3,H2afy,Ldb1,Vtn,Rxra,Mettl7b,Nfkbia,Gpc4,Hamp,Chchd3
oxidative_stress	417	Tmprss15,Gli2,Gsdme,Epb41l4a,Fbxo17,Polr3e,Adamdec1,Setdb1,Mycl,Invs,Psmd5,Wwtr1,Rab11fip1,Ppp1r1b,Pgam5,Ntng2,Tsc2,Mapk1,Gimap4,Eea1,Ubtf,Ube3a,Sumo1,Gk,Kif1c,Pcx,Hrg,Rnf13,Gjb2,Sf1,Bmpr2
oxidative_stress	418	Six2,Ret,Aph1c,Slc52a3,Atp1b2,Nova2,Cks1b,Ift27,S1pr3,Il17ra,Hdac6,Fbl,Nod1,Sox6,Spsb2,She,Col13a1,Fat1,Ppif,Kansl2,Cct3,Vcp,Atxn10,Decr1,Glyat,Hspd1,Cp,Adh5,C6,Aldh2,Rad23b
oxidative_stress	419	Opalin,Gpr17,Osr1,Tgif2,Gsta1,Pde4c,Krt19,Slc11a2,Elk1,Nmrk1,Kdm4b,Actl6a,Pip4k2c,Ptk2b,Lfng,Impact,Gata4,Chtop,Ctbp1,Etnk1,Miga2,Met,Jup,Ern1,Vwa8,Actr2,Col18a1,Sema4g,Agpat3,Prkar1a,Rgs5
oxidative_stress	420	Pax7,Lamp3,Mlf1,Ache,Aim2,Phykpl,Prkcz,Trpm2,Ift27,Dync1i2,Blnk,Myo1d,Traf2,Kdm4a,Sox6,Pcmtd2,Shc1,Map7,Csnk2a1,Brd7,Ap3b1,Per1,Srebf2,Spast,Otc,Nfkbia,Cfb,Gpc4,Nrn1,Lamp1,Rac1
oxidative_stress	421	Gip,Car4,Muc1,Cd300lb,Synpo2,Stxbp4,Adamdec1,Isg20,Ndc1,Pdgfra,Lrig1,Rap1gap,Nbn,Birc3,Fzd4,Ifnar1,Klhl21,Suz12,Pbrm1,Eif4g3,Lpar6,Slk,Hlf,Cs,Acly,Igfbp2,Bmp1,Lyz2,Hpd,Apoa1,Cct8
oxidative_stress	422	Dlx3,Nts,Tnfrsf18,Lgr5,Gpm6a,Dvl2,Fam104a,Ick,Casp3,Dock7,Tmem98,Il34,Gem,Tbk1,Mark2,Smap1,Zkscan1,Stat5b,Crebbp,Sema6d,Pbrm1,Spp1,Zeb2,Kpnb1,Gpd1,Ctsl,Apoa1,Cyp2e1,Ywhaz,Hibadh,Rgs5
oxidative_stress	423	Musk,Il4,Gen1,Tle6,Itgb4,Tcf21,Eif2ak4,Asap2,Nipsnap2,Traf3,Atxn1,Rab3gap2,Pex3,Mycbp2,Nf2,Pafah1b1,Brpf3,Gcat,Lmo4,Ube2i,Vat1,Ppt1,Arid5b,Mlxipl,Tsc22d3,Lamp1,Arhgef12,Hist1h2bc,Sdc1,Gpc4,Apob
oxidative_stress	424	Atp2b3,Ms4a2,Galnt17,Nefh,Ddr1,Snai1,Dvl2,Tiparp,Lhx2,Mlkl,Pcna,Fbxl12,Kcnn2,Abhd4,Slco3a1,Gja4,Nr0b2,Cyld,Srp72,Nfkb1,Atraid,Dtnbp1,Atxn10,Acss2,Apob,Ndrg2,A1cf,Gcgr,Fah,Sqstm1,Rdx
oxidative_stress	425	Cdk5r2,Osr2,Mzb1,Birc5,Nrarp,Marveld2,Afap1l2,Daam2,Rundc1,Tnfsf10,Capn1,Sun1,Abhd4,Slc25a17,Golga5,Plin5,Il11ra1,Pfkl,Gtf2a2,Smap2,Ppp4r3a,Brd4,Dhfr,Rab10,Gfra1,Rhoa,G6pc,Mia2,Cct8,Cebpa,Hnf4a
oxidative_stress	426	Chrnb3,Casq2,Egr3,Mmp12,Cntf,Cbx1,Kcnn4,Nid2,Smn1,Cnot9,Dctn3,Fas,Epha1,Cdc16,Wdr5,Tshz2,Tcf12,Thrb,Socs2,Ap1g1,Me1,Cd163,Abca3,Angptl4,A1cf,Gpc4,Cyp2c29,Igfbp2,Hibadh,Gcgr,Hspa5
oxidative_stress	427	Dpp10,Sypl2,Slit2,Ksr2,Adcyap1r1,Casc4,Cd274,Neil1,Itgb7,Cd300a,Ptar1,Cfap36,Hsf2,Cd2ap,Rubcn,Med1,Hic1,Nr3c1,Mlycd,Rhod,Ikbkg,Cdc42bpb,Dag1,Smoc1,Gpt2,Vwa8,Apob,Fah,Cebpa,Serpinc1,Sdhc
oxidative_stress	428	Lhx3,Prss41,Amh,Cpt1c,Hdac8,Hoxb5,Bco1,Acvr1b,Mxd1,Cdkn1c,Mest,Egln1,Cbl,Spry1,Evl,Cavin1,Akt2,Col1a2,Bax,Kansl2,Ccnd1,Flna,Slc8b1,Psma4,Ctnnb1,Hc,Amfr,Hao1,Cebpa,Sema4g,Gpt2
oxidative_stress	429	Sec1,Dnah12,Ntrk3,Atp2b2,Tlr7,Cks1b,Kcnn4,Grk5,Slc11a2,Ppp1r7,Med12,Gusb,Trim2,Mark2,Tgfa,Prkaa1,Kat14,Lss,Tec,Washc2,Kat6a,Trim28,Ank,Riok3,Apoa4,Csde1,Furin,Cd36,Rnf10,Fasn,G6pc
oxidative_stress	430	Adad1,Pou4f1,Sgo2a,Scimp,Fgf12,Gpsm1,Dgka,Ick,Pld2,Ptpn6,Krit1,Hck,Mllt10,Atg16l1,Ptk2b,Vamp3,Smad1,Lgr4,Erg28,Nrp2,Ap1g1,Ncoa3,Mef2d,Cbs,Cxcl12,Txnip,Pgk1,Itgb1,Mbd2,Rgs5,Canx
oxidative_stress	431	Rfx6,Ccr10,Plk4,Haspin,Rfx3,Gpsm1,Riox1,Ilf2,Isg20,Myrf,Epb41l1,Ctr9,Cxxc1,Lbr,Tubg1,Cdh1,Capn10,Trp53,Mllt6,Rab21,Efnb1,Notch1,Arid5b,Abhd17c,Mbd2,Cyb5r3,Rsrp1,Cfh,Hspa1b,Rnf13,Aplp2
oxidative_stress	432	Slc6a5,Tacstd2,Plk4,Hikeshi,Top2a,Klhl22,Prom1,Ehd4,Stx8,Cxcr4,Ptpn2,Sox4,Tgfa,Kcnn2,Pja1,Stim1,Opa1,Chtop,Gnai3,Trpm7,Setd1a,Arid5b,Commd1,Chuk,Fga,Cct8,Lamtor4,Por,Vwa8,Sardh,Cyp27a1
oxidative_stress	433	Cldn17,Cpne4,Sag,Jaml,Loxl4,Lancl2,Cks1b,Nup62,Coprs,Dctn3,Cbfb,Myo1d,Mtf1,Dock2,Pvr,Med21,Hsf1,Dlgap4,Mavs,Cttn,Actr1b,Abca3,Dek,Ern1,Mia2,Idh1,Bmp1,Vtn,Dpyd,Atf5,Atp2a2
oxidative_stress	434	Bdkrb1,Foxl2,Pdpn,Hdac9,Cxcl14,Trim21,Aqp4,Rab8b,Tecpr2,Smad6,Sin3b,Rpa1,Kdm7a,Pex3,Nr2c2,Rybp,Gatad2b,Map7,Efnb1,Per2,Gnai3,Lpp,Sec22b,Kpnb1,Adipor1,Atf5,Kif1c,Acox1,Cpn1,Cpox,Pltp
oxidative_stress	435	Reg1,Ret,Gata5,Grm8,Mmp2,Hras,Prkcz,Pak1,Zfp111,Adam17,Eif4e,Cd207,Fzd4,Kdm7a,Golga5,Mdm2,Slc25a28,Laptm4b,Spag9,Mark3,Prodh,Srebf1,Stk11,Mbd3,Il6st,Mfsd2a,Atp2a2,Hpd,Nfe2l1,Sqstm1,Chchd3
oxidative_stress	436	Kcnf1,Cited1,Slc39a5,Rita1,Hmga1b,Mbd5,Bco1,Eln,Casp3,Dync1i2,Cxcl9,Jarid2,Hsf2,Slc25a17,Nr1i3,Slc6a9,Chtop,Tfpi,Lta4h,Prkce,Gimap4,Srsf1,Sgta,Gnb1,Pigr,Lifr,Cideb,Fga,Fah,Cpox,C4b
oxidative_stress	437	Pifo,Scel,Aph1c,Gadd45a,Hk2,Atr,Kdm1a,Homer3,Pik3ca,Foxj2,Bid,Sptbn2,Rnf19a,Tgfa,Trim2,Itgav,Prep,Sept7,Ltbr,Fam210a,Stag2,Met,Sema6a,Id2,Lrp1,Ldha,Adipor1,Mettl7b,Slc2a2,Arg1,Echs1
oxidative_stress	438	Tex19.1,Hapln1,Dtl,Cd79a,Rab7b,Tcof1,Hras,Inpp1,Eya3,Ing3,Dock5,Igf1r,Tstd1,Nf2,Cr1l,Hprt,Chtop,Nipbl,Dpm1,Smtn,Me1,Pdzk1,Srsf1,Park7,Pik3r1,Cpt1a,Fgg,Sdhb,C3,Bhmt,Vwa8
oxidative_stress	439	Ppp3r2,Nrip3,Timp1,Tle6,Eif2s1,Gpc6,Inpp5e,Gata2,Coa7,Xrcc1,Terf1,Katna1,Nr5a2,Marco,Kdm4a,Xpo1,Cops9,Klhl21,Rbck1,Kras,Scarb1,Fam20c,Ecpas,Psen2,Bnip3,Glud1,Rsrp1,Apoa4,Apoa1,Rab7,Hspa5
oxidative_stress	440	Epx,Pms2,Tnfrsf13c,Aurkb,Edn1,Marveld2,Med24,Daxx,Srpx2,Kdm4c,Col5a1,Ruvbl2,Yes1,Sh3bp1,Tgfbr1,Fam20a,Lipg,Mdm4,Clec1b,Smarcd2,Arhgef7,Marcks,Zeb2,Fam210b,Bdh1,Hmgcr,Mbd2,Hrg,Saa4,Fcgr2b,Lyz2
oxidative_stress	441	Rfx6,Ptprq,Cd19,Hdc,Cep290,Gtf2e1,Cd86,Prkcq,Ndor1,Pcgf2,Pik3cd,Smad3,Sh3bp1,Ddx42,Timm50,Copg1,Pdxk,Banp,Gnaq,Sumo3,Gstk1,Mmp14,Dek,Cbs,C6,Serpina3n,Neat1,Paip1,Nbr1,Aldh1l1,Epas1
oxidative_stress	442	Pnpla1,Myl2,Map9,Nek2,Itgb4,Tiam1,Pde8b,Galnt18,Fzd7,Smg9,Col5a1,Taf5l,Yars,Lbr,Cops5,Cltb,Rheb,Nsun2,Gja1,Lamc1,Ctbp1,Adgre5,Per1,Tmem63b,Aldoa,Aldh1l1,Canx,Ppp2r5c,Sdhc,Hacl1,Rxra
oxidative_stress	443	Elavl4,Gpr22,Rcor2,Kif3a,Mcm2,Cln3,Ift122,P2ry13,Gata2,Nfkb2,Dlg5,Ap1s1,Hjv,Plekha5,Plekha1,Naa15,Rspo3,Khsrp,Cct3,Arnt,Myo6,Otud5,March2,Sept2,Hspd1,Mpc2,Plin2,Clu,Cltc,Glul,Hc
oxidative_stress	444	Gsx2,Celsr3,Klk1b4,Prkca,Ecscr,Bmp4,Ocln,Hmga1,Fbln1,Wdr36,Yipf1,Zscan21,Ubac1,Efcab14,Gbf1,Smap1,Supt6,Lgr4,Emc10,Gdf2,Abl1,Sirpa,Otud5,Reln,Lamtor4,Paip1,Acox1,Sqstm1,Lrp1,Cd1d1,Hao1
oxidative_stress	445	Rtn4r,Cdh7,Pdpn,H2-DMb2,Extl1,Nr6a1,Meaf6,Trex1,Ren1,Camsap1,Ptpn6,Lyar,Foxa1,Gem,Rab29,Sema4a,Syne1,Tln1,Gnaq,Abcf1,Stom,Dusp3,Dpysl2,Kat2b,Vdac1,G6pc,Sema4g,Tgfbi,Atp2a2,Hipk2,Eng
oxidative_stress	446	Slc17a6,Cntn6,Cdh6,Fmo4,Erbb4,Pde4c,Runx1,Prkcq,Rab3a,Golga2,Fat4,Abi3bp,Sh3bp1,Polr2j,Dgat1,Brpf1,Dpf2,Rxrb,Noct,Atn1,Slc20a2,Sirpa,Myo1e,Ptprk,Aplp2,Rxra,Cideb,Rsrp1,Bhmt,Ywhaz,Vtn
oxidative_stress	447	Madcam1,Myo16,Ptger1,Syne4,Anapc15,Marveld2,Hps6,Taf11,Hk1,Rad51d,Gabpb1,Atxn3,Golga3,Ddit3,Kit,Ash2l,Cdk8,Brpf3,Smap2,Ctbp1,Eif4enif1,Ncoa2,Fgfr3,Klf15,Slc40a1,Sult2a8,Fgb,Fgl1,Hibadh,Pink1,Cd5l
oxidative_stress	448	Atp2b3,Gnaz,Prkd1,Skp2,Nlrp3,Pald1,Lama3,Lhx2,Gbp2,Plxna2,Ap2a1,Rest,Slc22a18,Slc9a8,Ldb2,Dnm1l,Map3k5,Adamts13,Adgre1,Prpf4b,Dpm1,Cd59a,Mafb,S100a1,Cd81,Rgs5,Sf1,Slco1a1,Eif4ebp2,Cideb,Actr2
oxidative_stress	449	Klrb1,Scnn1b,Satb2,Mtcl1,Aim2,Zc3h12a,Batf,Abracl,Thbs1,Zfand2a,Pparg,Tceal9,Cops5,Sh3gl1,Ripk1,Gja4,Ndufaf6,Ppfibp1,Tec,Slc9a9,Pip5k1c,Ppp6c,Itch,Il1rap,Cd36,Hspa5,Gm2a,Aox3,C6,Furin,Grn
oxidative_stress	450	Lbx1,Ms4a2,Tnfrsf13b,Mmd2,Gpr65,Arl13b,Plcg2,Rarb,Rif1,Rbl2,Setx,Smad3,Rarg,Mtif2,Mtfp1,Arf6,Kdm5a,Ctcf,Zfp148,Podxl,Arhgef7,Vegfb,Usp25,Prkaca,Rnaset2a,Acly,Spop,Slc40a1,Canx,C3,Idi1
oxidative_stress	451	Slc7a10,Spatc1l,Slc1a3,Ltb4r1,Pfas,Pald1,Atp2a3,S1pr3,Pak1,Micu1,Spsb1,Elmo1,Ric8b,Timm50,Tnfsf13,She,Top2b,Pfkl,Nfat5,Anapc16,Mapk3,Srr,Gas6,Gna12,Coq8a,Rab43,Tsc22d3,Cp,Ndrg2,Fgg,Got2
oxidative_stress	452	Pcdh10,Isl2,Large2,Gfi1,Chek2,Ppargc1a,Smarcd1,Aspa,Map2k4,Unc13b,Arf2,Dmd,Bcam,Tnfsf13,Jade2,Bmp5,Ntn1,Nr1i2,Kansl2,Vcl,Ap2b1,Azi2,Hnrnpk,Mttp,Pcx,Comt,Vtn,Hnrnpa1,Pon1,Bmpr2,Gcgr
oxidative_stress	453	Mc5r,Pou3f3,Cgas,Tmem119,Bbs7,Stxbp4,Igha,Elk1,Pim2,Cd83,Usp14,Klf10,Rnf19a,Flot1,Nr1h2,Mybbp1a,Top2b,Syne1,Atraid,Usp7,Wasl,Eloa,Ncor2,Lrp6,Got2,Abcb4,Pdia3,Plin2,Col18a1,Abcd3,Atp5o
oxidative_stress	454	Kcna10,Wnt11,Cgas,Prkdc,Igf2,Pwp1,Eif2ak4,Ap5z1,Galnt18,Sort1,Med12,Nagk,Slc25a51,Slc3a1,Wee1,Abraxas2,Cops9,Cyld,Mapk9,Clec1b,Sumo3,Smurf2,Nedd4l,Cbs,Pklr,Csde1,Pgk1,Hipk2,Cct5,Nr1h3,Rnf13
oxidative_stress	455	Lmx1b,Lin28a,Kdf1,Tab1,Mturn,Csf2rb2,Lacc1,Coa7,Plxna4,Mtmr12,Ptpn6,Rest,Anapc4,Spsb2,Tead1,Tor2a,Banp,Rheb,Becn1,Mfn1,Nid1,Ppt1,Vcp,Cyp8b1,Plin2,Mettl7b,Nr1h3,Cyb5a,Nbr1,Cd1d1,Picalm
oxidative_stress	456	En1,Prrxl1,Plk4,Ppm1d,Lama2,Mlh1,Riox1,Pou2f1,Setdb1,S1pr2,Kdm6a,Col4a3bp,Ddit3,Nrip1,Mms19,Crbn,Ppp1r16b,Gmfb,Stom,Trappc10,Fbxo31,Itga1,Nploc4,Rab10,Pten,Adh5,Fdx1,Gjb2,Cfh,Bnip3,Sdhc
oxidative_stress	457	Slc6a5,Brsk2,Meox1,Atp2b2,Tlr7,Fzd8,Ifit3,Tcaf1,Asf1a,Ighm,Spsb1,Tnfrsf11b,Slco3a1,Epha1,Cd53,Pafah1b2,Stk38,Lmna,Kdm6b,Lmo4,Myo10,Baiap2,Ecpas,Hspg2,Hao1,Igfbp2,Neat1,Atp5o,Cd81,Atf5,Vdac1
oxidative_stress	458	Hoxd11,Cntn6,Fbxl13,Il13ra2,Atp1b2,Ube2n,Phykpl,Mre11a,Tfrc,Bid,Kmt5c,Cers4,Fzd4,Shank3,Gem,Il15ra,Fat1,Fbxl17,Mapk3,F2r,Cdipt,Cpt2,Stat3,Shmt1,Il6st,Idh1,Clu,Serpinc1,Hmgcr,Cyp2e1,Serpina3n
oxidative_stress	459	Rgr,Moxd1,Osr1,Fmo4,Cd79b,Tjp2,Trmt2a,Bak1,Bcl2l12,Htt,Stk3,Ccar2,Pla2g6,Alpl,Wee1,Mknk1,Plcg1,Lyve1,Emilin1,Esyt2,Ppif,Akt1,Wdr45,Ldb1,Mpc2,Mbd2,Pgk1,Bhmt,Scarb2,Tpi1,Lifr
oxidative_stress	460	Krt82,Gap43,Ly6g6e,Slamf9,Cd200,Dip2a,Fbxl7,Trpv2,Hpse,Usp14,Bid,Ddx58,Kit,Kcnn2,Fubp1,Pja2,Nfatc1,Tln1,Ap2b1,Rbck1,Ltbr,Vegfb,Baz1b,Dgcr2,Hamp,Serpina3n,G6pc,Bmp1,Actr2,Hspa9,Arg1
oxidative_stress	461	Pgr,Spdef,Tbx1,Cd200r1,Epha3,Tiam1,Tcof1,Il2rb,Rundc1,Rragd,Ly86,Ngfr,Slc25a51,Rab11fip1,Vps26b,Lcp2,Rspo3,Hgs,Stub1,Jak3,Cxxc5,Tns2,Hlf,Efna1,Serpinf2,Lyz2,Hist1h2bc,Ephx2,Cd36,Raf1,Atp2a2
oxidative_stress	462	Tyrp1,Adra2a,Esrrg,Fst,Heyl,Ptgr1,Nup205,Adora2a,Coprs,Dock7,Plcb4,Prmt3,Lfng,Ripk1,Clock,Lum,Tfpi,Appl2,Foxo1,Sema6d,Atraid,Creg1,Abcc6,Tmem63b,Pzp,Hsd17b4,Sardh,Sdhc,Hao1,Sqstm1,Fah
oxidative_stress	463	Trpm5,Zic4,Knl1,Prkca,Myh4,Myh10,Trmt2a,Hmga1,Pik3ca,Casp9,Plxna2,Atp7a,Carmil1,Dglucy,Ldb2,Osmr,Pdxk,Capn10,Eif4enif1,P2rx4,Atraid,Usp2,Ube2g1,Ywhag,Acaa2,Bmpr2,Cpt1a,Nrn1,Hspd1,Caprin1,Hadh
oxidative_stress	464	Gja8,Pitx1,Rab38,Dagla,Bbs7,Trmt2a,Smarcd3,Polr2h,Yif1a,Gorasp1,Coro2b,Fbxo33,Tbc1d22a,Cyp26b1,Erap1,Timmdc1,Setd5,Ankrd11,Mme,Emilin1,Tec,Unc93b1,Dusp3,Flt4,Fn1,Fdx1,Cfb,Igf1,Cltc,Ctdsp1,Cyp2c29
oxidative_stress	465	Wnt3a,Syt4,Itga11,Brip1,Ctsk,Xrcc4,Pwp1,Chrna2,Nipsnap2,Brcc3,Axin2,Smad5,Pvr,Herc6,Kit,Snx6,Atf1,Dctn1,Stat6,Dpm1,Mxd4,Flna,Brd4,Gk,Hnrnpa1,Idh1,Lyz2,Rnf10,Lrp1,C1rb,Rxra
oxidative_stress	466	Foxn1,Tfap2b,Kcnab3,Fbxo5,Tmem43,Twnk,Mmp7,Ndc1,Ift88,Coro2b,Krit1,Itgb3,Nf2,Myo9a,Ruvbl1,Blmh,Borcs8,Jak2,Tmem109,Utrn,Ifngr1,Cpeb4,Dlg1,Slc25a22,Hsd17b4,Chchd3,Lamtor4,Adh5,Sf1,Gpd1,Gnai2
oxidative_stress	467	Mos,Wif1,Wt1,Ereg,Smpd4,Dgka,Ifit3,Prkcq,Efna5,Pparg,Relb,Nr3c2,Hdac4,Fadd,Mycbp2,Gsdmd,Ankrd11,Sidt2,Mapk9,Lrp5,Eif4g3,Dio1,Dtnbp1,Tor1a,Cct8,Mettl7b,Ghr,Hspa1b,Cxcl12,Nr1h3,Lsr
oxidative_stress	468	Ros1,Tas1r2,Ntrk1,Def6,Atp1b2,Nes,Meaf6,Csf2rb,Cadm3,Lrrk2,Ednra,Fermt3,Ldb2,Mtfp1,Il1a,Eif2b1,Gsk3b,Tet3,Psmd3,Ikbkg,Mark3,Arhgef1,Nr1h4,Sh3bp5,Eif4ebp2,Ywhaz,Cp,Rgs5,Bmp1,Aox3,Nfkbia
oxidative_stress	469	Slitrk1,Reg3b,Npas4,Gata3,Prickle3,Pwp1,Fbxl7,Dbn1,Map2k4,Scnn1a,Rhbdf2,Efemp1,Pgam5,Smarcb1,Smarca5,Ngf,Nosip,Tln1,Cops8,Mtor,Cadm1,Adgre5,Dlg1,Erbin,Abcd3,Ctdsp1,Gcgr,Bmp1,Mbd2,Rab5c,Caprin1
oxidative_stress	470	Pcdha7,Prrxl1,Aldh1a2,Casz1,Adcyap1r1,Zc3h12a,Eif2ak4,Pcif1,Ercc6,L3mbtl2,Pxn,Cbx7,Ripk1,Nf2,Mcam,Eed,Med15,Atrx,Eif4enif1,Vat1,Ext1,Tnpo1,Ryk,Tgm4,Arg1,Gm2a,Serpinf2,A1cf,Sdhb,Sema4g,Pink1
oxidative_stress	471	Lmx1b,Sox10,Caskin1,Arid3a,Mapk11,Gja5,Phykpl,Adora2a,Tdg,C3ar1,Cd9,Gusb,Pcnt,Adarb1,Atg16l1,B3gnt2,Ppp2r1a,Cldn2,Lta4h,Map2k1,Pacsin3,Sept9,Ptgs1,Cyp7b1,Aldh2,Hyou1,Qsox1,Ghr,Cxcl12,Adgrf5,Kif1c
oxidative_stress	472	Wnt10b,Scgb1b27,Ccl7,Gadd45a,B9d2,Meaf6,Fgr,Yif1a,Cd2bp2,Rassf5,E2f5,Nup98,Mtif2,Slc25a17,Golga3,Pja2,Sharpin,Zkscan1,Nfat5,Etnk1,Gja1,Baiap2,Pias2,Id2,Paip1,Sdhc,Lsr,Cebpa,Atp5f1,Furin,Apob
oxidative_stress	473	Pth,Adra2a,Smpd3,Fos,Sfrp1,Map3k14,Med24,Ap5z1,Slc11a2,Ldhb,Ly86,Braf,Cd2ap,Abhd4,Dock2,Arhgef11,Ntn1,Col13a1,F2r,Sept4,Ep400,Zbtb7a,Sec24c,Cd38,Pik3r1,Echs1,Hspa1b,Aldh2,Vdac1,Hao1,Cd81
oxidative_stress	474	Gpr149,Kcnh1,Tubg2,Cdk5r1,Akt3,Nxn,Klhl18,Gbp3,Hist1h4h,Zfp750,L3mbtl2,Myh11,Ptpra,Brd8,Ifi204,Ufd1,Cd82,Actn1,Mark3,Stub1,Rab32,Apcs,Bmp2,Sh3bp5,Por,Picalm,Sf1,Acsl1,Ptp4a1,Rgs5,Hao1
oxidative_stress	475	Avpr2,Ly6i,Cdh6,Nfatc2,Heyl,Vegfc,Cd274,Phf3,Sema4d,Mtx1,Lamb1,Prmt3,Pex3,Cln8,Vsir,Nectin2,Fgfr4,Borcs8,Map3k7,Rbck1,Ppp3r1,Lin7a,Azi2,Gys2,Cct5,Epas1,Acly,Cps1,Bdh1,Lsr,Bhmt
oxidative_stress	476	Ctsq,Ptprq,Pomc,Pkia,Myb,Batf,Ppargc1a,Stx8,Tlr2,Golga2,Scnn1a,Abi3bp,Edc4,Plekhg2,Kdm7a,Icam1,Trp53,Ifi27,Rab21,Cct3,Clec1b,Tnpo1,Ppp1r10,Mib1,Mbd2,Cyb5r3,Nfkbia,Echs1,Egfl7,Pklr,Hyou1
oxidative_stress	477	Cntn2,Cdh12,Bdkrb2,Gla,Klrk1,Vasp,Pde4c,Tecpr2,Bex3,Scnn1a,Dync1i2,Pisd,Efcab14,Snap29,Tcf3,Rybp,Actn1,Rbbp7,Tmem109,Eea1,Myo6,Flna,Nedd4l,Slc9a3r1,Clu,Hacl1,Vim,Sult2a8,Gpd1,Agt,Cyp2e1
oxidative_stress	478	Mc5r,Il23a,Diaph3,Itk,Enah,Synpo,Runx1,Mkks,Pim2,Galnt15,Zfp750,Ncoa1,Vps25,Kit,Epha1,Scrib,Atg101,Bcl2l2,Kdm2a,P2rx4,Spag9,Tnks2,Crk,Pnpla2,Bmp1,Prelp,Coq8a,Mbd2,Hrg,Glyat,Tsc22d3
oxidative_stress	479	Hcrtr1,Khdrbs2,Dmrta1,Irf4,Spry2,Nup205,Xrcc4,Abracl,Inpp1,Dync1i2,Kif21b,Ifngr2,Pfkfb2,Pakap,Abhd4,Vps13a,Ntn1,Borcs8,Usp7,Prodh,Spag9,Zeb2,Atxn10,Angptl4,Bhmt,Hipk2,Got2,Smdt1,Aldoa,Gm2a,Fgg
oxidative_stress	480	Hoxc11,Gfra3,Medag,Chrnb2,Pmaip1,Ltbp1,Tlr5,Sema6c,Stimate,Psmd5,Selplg,Ptpn23,Traf2,Foxa1,Aifm1,Tbx20,Supt6,Sema3f,Eif4g3,Mavs,Map3k7,Gprc5c,Cisd2,Lect2,Atp5f1,Agt,Caprin1,Pten,Slc25a20,Qsox1,Eng
oxidative_stress	481	Nox3,Ccl1,Ibsp,Cacna2d1,Icos,Ajuba,Atm,Gata2,Rnaseh2b,Gramd1b,Rab3d,Taf5l,Dglucy,Mms19,Agxt2,Lztr1,Letmd1,Lmna,Tmem109,Ep300,Atp6v1b2,Zeb2,Fkbp5,Cyp2a5,Cyp1a2,Nfkbia,Plin2,Rac1,Cfb,Rab43,Nrn1
oxidative_stress	482	Tnp1,Cited1,Itga11,Cercam,Bbs2,Snu13,Nup205,Slc11a2,Pak1,Sort1,Traf3,Dact2,Ddx56,Evl,Fadd,Washc4,Smad7,Ppp2r1a,Mxd4,Nfat5,Psmd3,Rara,Fabp4,Klf15,Gpd1,Gm2a,Ndrg2,Cth,Lsr,Ghr,Ldha
oxidative_stress	483	Grxcr2,Ptprq,Gdf7,Casz1,Ntmt1,Champ1,Dhx58,Cib2,Birc2,Kcnj8,Cd59b,Atad3a,Rubcn,Dock2,Oasl2,Ccn1,Syne1,Cdk8,Cttn,Bax,Asna1,Isca1,Cyp7a1,Cul4a,C4b,Hrg,Glul,Kif1c,Cyp1a2,Angptl3,Raf1
oxidative_stress	484	Col10a1,Hsd11b2,Ndrg4,Urm1,Igf2,Trmt2a,Adra1a,Homer3,Plau,Relb,Wdr83,Ido2,Fam129a,Hdac4,Vps72,Mapt,Rheb,Col4a1,Trpm7,Kmt2b,Rhot2,Ggnbp2,Cdc42bpb,Mlxipl,Atp5o,Hibadh,Arg1,Mcl1,Pdia3,Rgs5,C4bp
oxidative_stress	485	Opn1mw,Zic4,Lypd6,Slc12a5,Tmem43,Pip,Mthfr,Itga3,Lmnb1,Ap4s1,Daglb,Nup98,Pirb,Rubcn,Zdhhc8,Ptch1,Maz,Ppp2r1a,Wrnip1,Ppp6r3,Pdk1,Stat3,Ppp1r10,Psma4,Egfr,Pon1,Acly,Tpi1,Slc2a2,Glul,Got2
oxidative_stress	486	Bmp15,Nts,Clca3a2,Myo5a,Runx2,Cwc27,Mplkip,Sema6c,Zc3hc1,Phtf1,Med12,Uhrf2,Tcf7l2,Tbck,Nelfe,Ngf,Pkd2,Pth1r,Efnb1,Rock1,Trappc10,Tns2,Dusp3,Sh3bp5,Cth,Aldoa,Fasn,Sult2a8,Nfe2l1,Qsox1,Slc25a20
oxidative_stress	487	Foxn4,Cbln1,Npas4,Themis,Pknox2,Tlr4,Adm,Rnf20,Sfxn3,Plcb4,E2f5,Adgra2,Kdm7a,Tirap,Ftsj1,Jmjd6,Map7,Zmpste24,Abcf1,Mark3,Rhot2,Eloa,Rbp1,Fgf1,Hsph1,Cct8,Eif4ebp2,Rab5c,Hspd1,Nfe2l1,Cltc
oxidative_stress	488	Dmrt1,Mmp3,Rflna,Cdkn1a,Vegfd,Trmt13,Csf2rb2,Dusp11,Prkcq,Rapgef3,Dync1i2,Igf1r,Fubp1,Rarg,Sh3bp1,Lepr,Ctcf,Tle4,Trrap,Sgms2,Prodh,Srr,Foxp1,Vegfa,Pzp,Cct8,Clu,Hnf4a,Igfbp2,C4b,Comt
oxidative_stress	489	Dpp10,Lvrn,Sgo2a,Fst,Flt3l,Pdgfb,Ccl24,Ung,Eya3,Selplg,Tbp,Inpp5d,Ccnt1,Ric8a,Cldn1,Siglec1,Usp47,Lipg,Samhd1,Cadm1,Ap1g1,Hlf,Lrpprc,Ddx6,Canx,Glyat,Glud1,Vim,Pigr,C4bp,Dpyd
oxidative_stress	490	Otp,Hoxb13,Pdpn,Spink1,Cyp26a1,Grk3,Gpr4,Rab27a,Prps1,Rbfox2,Myrf,Elmo3,Nr5a2,Thy1,Ccnt1,Pitrm1,Pfkl,Khdrbs1,Ifngr1,Cct3,Asna1,Adamts1,Crk,Kpnb1,Atf5,Por,Hspd1,Bmp1,Rxra,Rad23b,Picalm
oxidative_stress	491	Prl3a1,Sstr1,Ptges,Cd209a,Pik3cg,Gtf2e1,Supt3,Gbp2,Selenon,Prmt5,Nr2f1,Ruvbl2,Mtf1,Rbpj,Dglucy,Osmr,Psmd6,Smpd1,Dpm1,Kat6a,Mlec,Gas6,Akt1,Dgcr2,Lamp2,Mcl1,Hsph1,Por,Apoa1,Hipk2,Bmp1
oxidative_stress	492	Myod1,Dkk2,Efna2,Nfe2,Olfm3,Snu13,Mapk7,Stimate,Vhl,Psmd5,Cd93,Fbl,Vsir,Myd88,Cd53,Ifnar2,Ext2,Arhgap31,Rmdn3,Mfn1,Stip1,Abcc6,Ino80d,Fh1,Rdx,Hrg,Apoa4,Nrn1,Saa4,Ndrg2,Cyp1a2
oxidative_stress	493	Cyp19a1,Trem1,Kif5a,Adcy3,Mrm3,Syt1,Synpo,Neil1,Cdk5,Kdm4b,Adam17,Traf6,Rnf19a,Rubcn,Snapin,Hprt,Rala,Slc11a1,Bicd2,Nrp2,Ikbkb,Eloa,Plod1,Riok3,Aldh2,Ptp4a1,Bmp1,Atf4,Fga,Serpinf2,Furin
oxidative_stress	494	Hoxc8,Nts,Dgkg,Ninl,Stx1a,Piezo2,Nova2,Plxna4,Eya3,Fgfr1op,Spopl,Rae1,Plekhg2,Myd88,Cmklr1,Fzd1,Nfatc1,Cd84,Glg1,Vcl,Cttn,Prox1,H2afz,Mbd3,Lamp1,Cd5l,Cth,Hmgcr,Glyat,Col18a1,Cpox
oxidative_stress	495	Myog,Sstr4,Fap,Crocc,Inhbb,Tubgcp2,Tlr3,Parp2,Rarb,Lrrk2,Spopl,Cnot8,Rab24,Sh3bp1,Nae1,B3gnt2,Pfkl,Nsun2,Mtor,Asna1,Etnk1,Plxnc1,Sirt3,Rpn1,Sema4g,Lpin2,Adgrf5,Lyz2,Mbd2,Col18a1,Acaa2
oxidative_stress	496	Slc5a7,Fosl1,Ifnlr1,Sema3c,Anln,Pwp1,Meaf6,Hira,Ehd4,Dnttip2,Setx,Stxbp1,Hivep2,Slc25a51,Gabbr2,B3gnt2,Fbxl17,Pkd1,Pbrm1,Ikbkg,Ep300,Abcg8,Rara,Abhd17c,Furin,Kif1c,Hmgcr,Bdh1,Igfbp2,Cebpa,Slco1a1
oxidative_stress	497	Krt76,Lgi3,Meox1,Tert,Tmprss2,Mlh1,Atm,Mxd1,Erg,Med6,Golga2,Fundc1,Otud7b,Agxt2,Cln8,Eed,Aebp2,Capn10,Erg28,Cttn,Tek,Ppp1cc,Fyb,Spast,Cers2,Cd47,Cpt1a,Atp2a2,Rnaset2a,Ptp4a1,Pcx
oxidative_stress	498	Epx,Dio2,Afp,Hdc,Cdk7,Mecom,Pald1,P2ry13,Diablo,Sulf2,Itpa,Kdm1b,Col6a3,Slc22a18,Traf2,Polr2e,Tbl1xr1,Tgfb1,Stub1,Bcl2l1,Eif2a,Nr1h4,Kmt2d,Fgf1,Ctnnb1,Ywhaz,Rac1,Pgk1,Vtn,Paip1,Orm1
oxidative_stress	499	Tcam1,Ccr3,Lhx9,Mboat1,Fv1,Adra1a,Vangl1,Fzd7,Casp3,Nr2f1,Kcnj8,Cd300ld,E2f4,Klb,Smarca5,Cltb,Nr3c1,Tcf12,Podxl,Ppif,Psmd13,Slc8b1,Cflar,Chd4,Gnai2,Rnf13,Abcd3,Ece1,Neat1,Rdx,Slco1a1
