section,call,celltype,module,null,bin_lo,bin_hi,mean,lo,hi
7259_liver_sbr_Male_26-U1,tierA_p95,Hepatocytes,downstream_arrest,N1,0.0,5.0,0.000934132097334198,0.00031747058938538943,0.001525366325249787
7259_liver_sbr_Male_26-U1,tierA_p95,Hepatocytes,downstream_arrest,N1,5.0,10.0,0.0014425809562652293,0.0007363094152225783,0.0021804424208766993
7259_liver_sbr_Male_26-U1,tierA_p95,Hepatocytes,downstream_arrest,N1,10.0,15.0,0.0008745501192434304,0.0005406106712458833,0.001244401324478389
7259_liver_sbr_Male_26-U1,tierA_p95,Hepatocytes,downstream_arrest,N1,15.0,20.0,0.0006672743307533057,0.0003476380492999415,0.000984074805085948
7259_liver_sbr_Male_26-U1,tierA_p95,Hepatocytes,downstream_arrest,N1,20.0,25.0,0.0007254439575964178,0.00039019187388079885,0.0010668173412093135
7259_liver_sbr_Male_26-U1,tierA_p95,Hepatocytes,downstream_arrest,N1,25.0,30.0,0.0008138848384330787,0.0004714300669676994,0.001158744930546636
7259_liver_sbr_Male_26-U1,tierA_p95,Hepatocytes,downstream_arrest,N1,30.0,35.0,0.0008956108028662169,0.0005006235506348002,0.0012852777551250678
7259_liver_sbr_Male_26-U1,tierA_p95,Hepatocytes,downstream_arrest,N1,35.0,40.0,0.0009657561576370648,0.0004938791047964525,0.0014512078958482748
7259_liver_sbr_Male_26-U1,tierA_p95,Hepatocytes,downstream_arrest,N1,40.0,45.0,0.0010272927925323026,0.0004982385386405428,0.0015569966928157845
7259_liver_sbr_Male_26-U1,tierA_p95,Hepatocytes,downstream_arrest,N1,45.0,50.0,0.0011045420327798114,0.00045141714672396557,0.0017956611506499333
7259_liver_sbr_Male_26-U1,tierA_p95,Hepatocytes,downstream_arrest,N1,50.0,55.0,0.001132782342072002,0.00031995410562160934,0.0019745348030409744
7259_liver_sbr_Male_26-U1,tierA_p95,Hepatocytes,downstream_arrest,N1,55.0,60.0,0.0013320506897323363,0.0003012971734984464,0.0024110789224492403
7259_liver_sbr_Male_26-U1,tierA_p95,Hepatocytes,downstream_arrest,N1,60.0,65.0,0.0013938288482867088,-1.9859422566262564e-05,0.002804578581994224
7259_liver_sbr_Male_26-U1,tierA_p95,Hepatocytes,downstream_arrest,N1,65.0,70.0,0.0015181461361176245,-0.0003264375400375412,0.003186376264025332
7259_liver_sbr_Male_26-U1,tierA_p95,Hepatocytes,downstream_arrest,N1,70.0,75.0,0.0017929723208987213,-0.0007152984027617515,0.00443011799919538
7259_liver_sbr_Male_26-U1,tierA_p95,Hepatocytes,downstream_arrest,N1,75.0,80.0,0.0017846340367662426,-0.0015211360163127265,0.005397735660565298
7259_liver_sbr_Male_26-U1,tierA_p95,Hepatocytes,downstream_arrest,N1,80.0,85.0,0.002219184713302526,-0.0024565604776359143,0.006944019180966215
7259_liver_sbr_Male_26-U1,tierA_p95,Hepatocytes,downstream_arrest,N1,85.0,90.0,0.0024835241843122924,-0.004165125045583408,0.00940004770258643
7259_liver_sbr_Male_26-U1,tierA_p95,Hepatocytes,downstream_arrest,N1,90.0,95.0,0.001985230662865986,-0.007267900147126056,0.010947642634398238
7259_liver_sbr_Male_26-U1,tierA_p95,Hepatocytes,downstream_arrest,N1,95.0,100.0,0.0006429132254470877,-0.007485000183805823,0.008889649996029522
7259_liver_sbr_Male_26-U1,tierA_p95,Hepatocytes,emt_ecm,N1,0.0,5.0,0.012813064542134833,0.011921645791149576,0.013695477667516057
7259_liver_sbr_Male_26-U1,tierA_p95,Hepatocytes,emt_ecm,N1,5.0,10.0,0.017389500452506677,0.01621280599216005,0.018580925678363683
7259_liver_sbr_Male_26-U1,tierA_p95,Hepatocytes,emt_ecm,N1,10.0,15.0,0.013586199590783575,0.012988228976356672,0.014134152835867754
7259_liver_sbr_Male_26-U1,tierA_p95,Hepatocytes,emt_ecm,N1,15.0,20.0,0.012719927244832622,0.012207999719077867,0.01322650833857786
7259_liver_sbr_Male_26-U1,tierA_p95,Hepatocytes,emt_ecm,N1,20.0,25.0,0.012472683933221844,0.012004616262673842,0.01297918402252118
7259_liver_sbr_Male_26-U1,tierA_p95,Hepatocytes,emt_ecm,N1,25.0,30.0,0.012366021223010787,0.01181153120217433,0.012925634897508831
7259_liver_sbr_Male_26-U1,tierA_p95,Hepatocytes,emt_ecm,N1,30.0,35.0,0.012286272558304197,0.011672630646342667,0.012905542177890753
7259_liver_sbr_Male_26-U1,tierA_p95,Hepatocytes,emt_ecm,N1,35.0,40.0,0.012001497988778875,0.01129955638789234,0.012665276045855167
7259_liver_sbr_Male_26-U1,tierA_p95,Hepatocytes,emt_ecm,N1,40.0,45.0,0.011849032684804856,0.01102670320409444,0.012687652606682072
7259_liver_sbr_Male_26-U1,tierA_p95,Hepatocytes,emt_ecm,N1,45.0,50.0,0.011547999714616964,0.010534372386100423,0.012601989172714937
7259_liver_sbr_Male_26-U1,tierA_p95,Hepatocytes,emt_ecm,N1,50.0,55.0,0.011438734499288452,0.010196310045974762,0.01276035725945883
7259_liver_sbr_Male_26-U1,tierA_p95,Hepatocytes,emt_ecm,N1,55.0,60.0,0.011271679866931748,0.009686875771063141,0.01285874451001611
7259_liver_sbr_Male_26-U1,tierA_p95,Hepatocytes,emt_ecm,N1,60.0,65.0,0.01092083650937304,0.008849391479486527,0.01322672238325757
7259_liver_sbr_Male_26-U1,tierA_p95,Hepatocytes,emt_ecm,N1,65.0,70.0,0.010789381124156101,0.008373861891780418,0.013831909196723741
7259_liver_sbr_Male_26-U1,tierA_p95,Hepatocytes,emt_ecm,N1,70.0,75.0,0.010609264001590426,0.007422973708168246,0.014132628996889348
7259_liver_sbr_Male_26-U1,tierA_p95,Hepatocytes,emt_ecm,N1,75.0,80.0,0.010350377826516982,0.005958132943522374,0.015867845452699245
7259_liver_sbr_Male_26-U1,tierA_p95,Hepatocytes,emt_ecm,N1,80.0,85.0,0.010011650605442164,0.004155633349145925,0.016730658645125608
7259_liver_sbr_Male_26-U1,tierA_p95,Hepatocytes,emt_ecm,N1,85.0,90.0,0.009832631032137452,0.0012434005416108367,0.02071283966107838
7259_liver_sbr_Male_26-U1,tierA_p95,Hepatocytes,emt_ecm,N1,90.0,95.0,0.010110800210008966,-0.001458599963225424,0.02413800005839828
7259_liver_sbr_Male_26-U1,tierA_p95,Hepatocytes,emt_ecm,N1,95.0,100.0,0.011423588033074455,0.0017107595959265833,0.02360187437880085
7259_liver_sbr_Male_26-U1,tierA_p95,Hepatocytes,il6_jak_stat3,N1,0.0,5.0,-0.009284023908642716,-0.010192928590071598,-0.008370925458985228
7259_liver_sbr_Male_26-U1,tierA_p95,Hepatocytes,il6_jak_stat3,N1,5.0,10.0,-0.007329573142219144,-0.008478129922188405,-0.006131315044559131
7259_liver_sbr_Male_26-U1,tierA_p95,Hepatocytes,il6_jak_stat3,N1,10.0,15.0,-0.009107131972288973,-0.009641717255936063,-0.008550298168289651
7259_liver_sbr_Male_26-U1,tierA_p95,Hepatocytes,il6_jak_stat3,N1,15.0,20.0,-0.009409578194090013,-0.009887709540899372,-0.008918615946590385
7259_liver_sbr_Male_26-U1,tierA_p95,Hepatocytes,il6_jak_stat3,N1,20.0,25.0,-0.009444023333402694,-0.009964149960243028,-0.008952445542751415
7259_liver_sbr_Male_26-U1,tierA_p95,Hepatocytes,il6_jak_stat3,N1,25.0,30.0,-0.009602508643953485,-0.010145167422015803,-0.009069849085503014
7259_liver_sbr_Male_26-U1,tierA_p95,Hepatocytes,il6_jak_stat3,N1,30.0,35.0,-0.009624114988593004,-0.010159241649188171,-0.009022226589791352
7259_liver_sbr_Male_26-U1,tierA_p95,Hepatocytes,il6_jak_stat3,N1,35.0,40.0,-0.009733642725803536,-0.010398444668912217,-0.009046507267747219
7259_liver_sbr_Male_26-U1,tierA_p95,Hepatocytes,il6_jak_stat3,N1,40.0,45.0,-0.009789551287889045,-0.010630006605525481,-0.009011965621642061
7259_liver_sbr_Male_26-U1,tierA_p95,Hepatocytes,il6_jak_stat3,N1,45.0,50.0,-0.009875108604522254,-0.010872865911710803,-0.00893616698567282
7259_liver_sbr_Male_26-U1,tierA_p95,Hepatocytes,il6_jak_stat3,N1,50.0,55.0,-0.010003263301612955,-0.011251495435218997,-0.008832850933914846
7259_liver_sbr_Male_26-U1,tierA_p95,Hepatocytes,il6_jak_stat3,N1,55.0,60.0,-0.00995414550474335,-0.011484874487304762,-0.008373656554788209
7259_liver_sbr_Male_26-U1,tierA_p95,Hepatocytes,il6_jak_stat3,N1,60.0,65.0,-0.01003648183424494,-0.012002375298058875,-0.007999930000428779
7259_liver_sbr_Male_26-U1,tierA_p95,Hepatocytes,il6_jak_stat3,N1,65.0,70.0,-0.01012439150566566,-0.012730286460306942,-0.007425830488320858
7259_liver_sbr_Male_26-U1,tierA_p95,Hepatocytes,il6_jak_stat3,N1,70.0,75.0,-0.010234713141431356,-0.01385746222449311,-0.006594657688544097
7259_liver_sbr_Male_26-U1,tierA_p95,Hepatocytes,il6_jak_stat3,N1,75.0,80.0,-0.009955122030314602,-0.014858720593631695,-0.004917806753501143
7259_liver_sbr_Male_26-U1,tierA_p95,Hepatocytes,il6_jak_stat3,N1,80.0,85.0,-0.010527311794437551,-0.01682585797835807,-0.0037318450113350003
7259_liver_sbr_Male_26-U1,tierA_p95,Hepatocytes,il6_jak_stat3,N1,85.0,90.0,-0.011232192461233812,-0.020602305223453892,-0.0017182169298928997
7259_liver_sbr_Male_26-U1,tierA_p95,Hepatocytes,il6_jak_stat3,N1,90.0,95.0,-0.011164637188950347,-0.025499066906049847,0.0036573572839967844
7259_liver_sbr_Male_26-U1,tierA_p95,Hepatocytes,il6_jak_stat3,N1,95.0,100.0,-0.012163406431436652,-0.03086416660697155,0.0011209341009297028
7259_liver_sbr_Male_26-U1,tierA_p95,Hepatocytes,interferon_response,N1,0.0,5.0,0.006488912713889511,0.005619571378938826,0.007344747808008417
7259_liver_sbr_Male_26-U1,tierA_p95,Hepatocytes,interferon_response,N1,5.0,10.0,0.009277217801512656,0.008187818446253827,0.010330351763617747
7259_liver_sbr_Male_26-U1,tierA_p95,Hepatocytes,interferon_response,N1,10.0,15.0,0.007076984303242641,0.006554991078370314,0.007576479991079714
7259_liver_sbr_Male_26-U1,tierA_p95,Hepatocytes,interferon_response,N1,15.0,20.0,0.0064888477282993495,0.006046775832724863,0.006941953152874717
7259_liver_sbr_Male_26-U1,tierA_p95,Hepatocytes,interferon_response,N1,20.0,25.0,0.006309981446099378,0.005842547909447591,0.006765700542369917
7259_liver_sbr_Male_26-U1,tierA_p95,Hepatocytes,interferon_response,N1,25.0,30.0,0.006168970630114192,0.0056699856083391315,0.0066563187968694355
7259_liver_sbr_Male_26-U1,tierA_p95,Hepatocytes,interferon_response,N1,30.0,35.0,0.006060459449152772,0.005521276319262495,0.006620452355256593
7259_liver_sbr_Male_26-U1,tierA_p95,Hepatocytes,interferon_response,N1,35.0,40.0,0.005820636901893452,0.005204212450306426,0.0064830985088627354
7259_liver_sbr_Male_26-U1,tierA_p95,Hepatocytes,interferon_response,N1,40.0,45.0,0.0056807082426528314,0.004964693482708284,0.006418057908282036
7259_liver_sbr_Male_26-U1,tierA_p95,Hepatocytes,interferon_response,N1,45.0,50.0,0.005488570758212162,0.004615536431002476,0.006390869773039026
7259_liver_sbr_Male_26-U1,tierA_p95,Hepatocytes,interferon_response,N1,50.0,55.0,0.005320032066789293,0.004210598530241486,0.006449420617658513
7259_liver_sbr_Male_26-U1,tierA_p95,Hepatocytes,interferon_response,N1,55.0,60.0,0.005196244285576333,0.003774403855523439,0.006695040745752919
7259_liver_sbr_Male_26-U1,tierA_p95,Hepatocytes,interferon_response,N1,60.0,65.0,0.004979906848830994,0.003123250361138856,0.006850494405182187
7259_liver_sbr_Male_26-U1,tierA_p95,Hepatocytes,interferon_response,N1,65.0,70.0,0.004719350578441815,0.0023127318270104165,0.007043304659298176
7259_liver_sbr_Male_26-U1,tierA_p95,Hepatocytes,interferon_response,N1,70.0,75.0,0.004756150667224098,0.0013894471550202152,0.00808039011568588
7259_liver_sbr_Male_26-U1,tierA_p95,Hepatocytes,interferon_response,N1,75.0,80.0,0.00470170718511276,0.00044502634371673894,0.009806401348354908
7259_liver_sbr_Male_26-U1,tierA_p95,Hepatocytes,interferon_response,N1,80.0,85.0,0.004206073340482723,-0.0013450165025437769,0.0103234529184359
7259_liver_sbr_Male_26-U1,tierA_p95,Hepatocytes,interferon_response,N1,85.0,90.0,0.0038997347159465748,-0.004926944457372503,0.012921852292173276
7259_liver_sbr_Male_26-U1,tierA_p95,Hepatocytes,interferon_response,N1,90.0,95.0,0.004032723933860141,-0.008577100096736102,0.01721187481962261
7259_liver_sbr_Male_26-U1,tierA_p95,Hepatocytes,interferon_response,N1,95.0,100.0,0.003371673164057279,-0.0062599995483954745,0.013899264425944725
7259_liver_sbr_Male_26-U1,tierA_p95,Hepatocytes,oxidative_stress,N1,0.0,5.0,0.10062372026441324,0.09855537477731914,0.10262109234078244
7259_liver_sbr_Male_26-U1,tierA_p95,Hepatocytes,oxidative_stress,N1,5.0,10.0,0.09689620519029424,0.09435358543137047,0.0994770918823238
7259_liver_sbr_Male_26-U1,tierA_p95,Hepatocytes,oxidative_stress,N1,10.0,15.0,0.10076938613179043,0.09960638724270844,0.10202718827570384
7259_liver_sbr_Male_26-U1,tierA_p95,Hepatocytes,oxidative_stress,N1,15.0,20.0,0.10142188657171403,0.10035437566850179,0.10242016169208681
7259_liver_sbr_Male_26-U1,tierA_p95,Hepatocytes,oxidative_stress,N1,20.0,25.0,0.10146343089947076,0.10034686094276266,0.1025219753261998
7259_liver_sbr_Male_26-U1,tierA_p95,Hepatocytes,oxidative_stress,N1,25.0,30.0,0.10135061232880281,0.10016942188796363,0.10251242238806638
7259_liver_sbr_Male_26-U1,tierA_p95,Hepatocytes,oxidative_stress,N1,30.0,35.0,0.10126823157738117,0.0999298981159985,0.10262794849522365
7259_liver_sbr_Male_26-U1,tierA_p95,Hepatocytes,oxidative_stress,N1,35.0,40.0,0.1010918015364774,0.09945330500370096,0.10260192247370029
7259_liver_sbr_Male_26-U1,tierA_p95,Hepatocytes,oxidative_stress,N1,40.0,45.0,0.10125441173544088,0.09937222762821592,0.10309961775938431
7259_liver_sbr_Male_26-U1,tierA_p95,Hepatocytes,oxidative_stress,N1,45.0,50.0,0.10119370201999382,0.09893048214692797,0.10352786027674041
7259_liver_sbr_Male_26-U1,tierA_p95,Hepatocytes,oxidative_stress,N1,50.0,55.0,0.10102791353851136,0.09819198124324187,0.10363344390307833
7259_liver_sbr_Male_26-U1,tierA_p95,Hepatocytes,oxidative_stress,N1,55.0,60.0,0.10104295440021967,0.09766942116282704,0.10461626723633324
7259_liver_sbr_Male_26-U1,tierA_p95,Hepatocytes,oxidative_stress,N1,60.0,65.0,0.10080873509527698,0.09612017709227101,0.1053346813504957
7259_liver_sbr_Male_26-U1,tierA_p95,Hepatocytes,oxidative_stress,N1,65.0,70.0,0.10077280497303465,0.0947934516219884,0.10692271533099335
7259_liver_sbr_Male_26-U1,tierA_p95,Hepatocytes,oxidative_stress,N1,70.0,75.0,0.10083801567730188,0.09291891200192785,0.10897607375452106
7259_liver_sbr_Male_26-U1,tierA_p95,Hepatocytes,oxidative_stress,N1,75.0,80.0,0.10011999613194485,0.08874902102894051,0.1114700714655313
7259_liver_sbr_Male_26-U1,tierA_p95,Hepatocytes,oxidative_stress,N1,80.0,85.0,0.1006281727678287,0.08487511042673278,0.11594242426060199
7259_liver_sbr_Male_26-U1,tierA_p95,Hepatocytes,oxidative_stress,N1,85.0,90.0,0.10049669584508192,0.0794736907108857,0.12199607374078672
7259_liver_sbr_Male_26-U1,tierA_p95,Hepatocytes,oxidative_stress,N1,90.0,95.0,0.09843819620238226,0.06622225005433263,0.13037150204181672
7259_liver_sbr_Male_26-U1,tierA_p95,Hepatocytes,oxidative_stress,N1,95.0,100.0,0.08111757161163696,0.028240748929480718,0.11594674188520881
7259_liver_sbr_Male_26-U1,tierA_p95,Hepatocytes,secondary_senescence,N1,0.0,5.0,-0.01933729732354468,-0.0203866317374522,-0.018308143716467846
7259_liver_sbr_Male_26-U1,tierA_p95,Hepatocytes,secondary_senescence,N1,5.0,10.0,-0.015305223651995438,-0.01673082796641713,-0.013979045624810452
7259_liver_sbr_Male_26-U1,tierA_p95,Hepatocytes,secondary_senescence,N1,10.0,15.0,-0.019187552359374915,-0.019845864783547742,-0.018532504471274008
7259_liver_sbr_Male_26-U1,tierA_p95,Hepatocytes,secondary_senescence,N1,15.0,20.0,-0.019854738987350733,-0.020432260279985855,-0.01928675211982016
7259_liver_sbr_Male_26-U1,tierA_p95,Hepatocytes,secondary_senescence,N1,20.0,25.0,-0.01982697549605023,-0.02041053707772304,-0.019219267995991326
7259_liver_sbr_Male_26-U1,tierA_p95,Hepatocytes,secondary_senescence,N1,25.0,30.0,-0.01982124504553616,-0.02046059330119797,-0.0191881107237635
7259_liver_sbr_Male_26-U1,tierA_p95,Hepatocytes,secondary_senescence,N1,30.0,35.0,-0.01979252488110881,-0.020455982716413336,-0.01906007011886751
7259_liver_sbr_Male_26-U1,tierA_p95,Hepatocytes,secondary_senescence,N1,35.0,40.0,-0.019961107147497284,-0.020720355543034107,-0.019141548453466755
7259_liver_sbr_Male_26-U1,tierA_p95,Hepatocytes,secondary_senescence,N1,40.0,45.0,-0.019859119083378576,-0.02082255918698161,-0.01891644323459632
7259_liver_sbr_Male_26-U1,tierA_p95,Hepatocytes,secondary_senescence,N1,45.0,50.0,-0.02007540106773854,-0.02119453844654833,-0.01895695555560721
7259_liver_sbr_Male_26-U1,tierA_p95,Hepatocytes,secondary_senescence,N1,50.0,55.0,-0.020045074419396673,-0.021538003405395884,-0.01869860072270354
7259_liver_sbr_Male_26-U1,tierA_p95,Hepatocytes,secondary_senescence,N1,55.0,60.0,-0.02008093390993337,-0.021869653932679707,-0.01815225763483775
7259_liver_sbr_Male_26-U1,tierA_p95,Hepatocytes,secondary_senescence,N1,60.0,65.0,-0.020118462043134343,-0.02232008871648799,-0.017793636549358442
7259_liver_sbr_Male_26-U1,tierA_p95,Hepatocytes,secondary_senescence,N1,65.0,70.0,-0.020246795008216956,-0.02313882174162368,-0.01696480209659519
7259_liver_sbr_Male_26-U1,tierA_p95,Hepatocytes,secondary_senescence,N1,70.0,75.0,-0.020170710477574454,-0.024058643589692244,-0.015931724634899152
7259_liver_sbr_Male_26-U1,tierA_p95,Hepatocytes,secondary_senescence,N1,75.0,80.0,-0.020320961069991664,-0.025540347610788404,-0.014775377433335886
7259_liver_sbr_Male_26-U1,tierA_p95,Hepatocytes,secondary_senescence,N1,80.0,85.0,-0.020550479360555266,-0.0278728339093866,-0.01257875328466605
7259_liver_sbr_Male_26-U1,tierA_p95,Hepatocytes,secondary_senescence,N1,85.0,90.0,-0.02039548697187576,-0.030763666017446668,-0.008256178721508368
7259_liver_sbr_Male_26-U1,tierA_p95,Hepatocytes,secondary_senescence,N1,90.0,95.0,-0.020292154727605795,-0.03572700023651123,-0.0015423333388753172
7259_liver_sbr_Male_26-U1,tierA_p95,Hepatocytes,secondary_senescence,N1,95.0,100.0,-0.024627154554291868,-0.036775000393390656,-0.011467950208170806
7259_liver_sbr_Male_26-U1,tierA_p95,Hepatocytes,tnfa_nfkb_proximal,N1,0.0,5.0,-0.0002932371899842598,-0.0009925569864907978,0.0004219411483990354
7259_liver_sbr_Male_26-U1,tierA_p95,Hepatocytes,tnfa_nfkb_proximal,N1,5.0,10.0,0.00023884438249279988,-0.0006908489884886929,0.0011011968116257315
7259_liver_sbr_Male_26-U1,tierA_p95,Hepatocytes,tnfa_nfkb_proximal,N1,10.0,15.0,-0.0002135374252062958,-0.0006546915189088012,0.0002199565076097394
7259_liver_sbr_Male_26-U1,tierA_p95,Hepatocytes,tnfa_nfkb_proximal,N1,15.0,20.0,-0.0002860608870941229,-0.0006754814718601258,9.832241387055985e-05
7259_liver_sbr_Male_26-U1,tierA_p95,Hepatocytes,tnfa_nfkb_proximal,N1,20.0,25.0,-0.0003647035098126704,-0.0007380946047322602,3.070760308757145e-05
7259_liver_sbr_Male_26-U1,tierA_p95,Hepatocytes,tnfa_nfkb_proximal,N1,25.0,30.0,-0.00041165023429929427,-0.0008086172431909569,-2.058733334556824e-05
7259_liver_sbr_Male_26-U1,tierA_p95,Hepatocytes,tnfa_nfkb_proximal,N1,30.0,35.0,-0.00043316009892393136,-0.0009161985026518171,4.034741365556118e-05
7259_liver_sbr_Male_26-U1,tierA_p95,Hepatocytes,tnfa_nfkb_proximal,N1,35.0,40.0,-0.0004816339218421526,-0.0010094655452492275,5.004731303850784e-05
7259_liver_sbr_Male_26-U1,tierA_p95,Hepatocytes,tnfa_nfkb_proximal,N1,40.0,45.0,-0.00044619533368350816,-0.0010812596912123402,0.000249087345155813
7259_liver_sbr_Male_26-U1,tierA_p95,Hepatocytes,tnfa_nfkb_proximal,N1,45.0,50.0,-0.0005544249500091582,-0.0013440321743776234,0.0002112037089218881
7259_liver_sbr_Male_26-U1,tierA_p95,Hepatocytes,tnfa_nfkb_proximal,N1,50.0,55.0,-0.0005795693167415657,-0.0015197190035292133,0.0003340788683371083
7259_liver_sbr_Male_26-U1,tierA_p95,Hepatocytes,tnfa_nfkb_proximal,N1,55.0,60.0,-0.0005837464592462472,-0.0018012750100455076,0.000714326735966835
7259_liver_sbr_Male_26-U1,tierA_p95,Hepatocytes,tnfa_nfkb_proximal,N1,60.0,65.0,-0.0006627389751875396,-0.002162301712349705,0.000931599827003992
7259_liver_sbr_Male_26-U1,tierA_p95,Hepatocytes,tnfa_nfkb_proximal,N1,65.0,70.0,-0.0006090557180168148,-0.0026006222302806204,0.0015336933197698855
7259_liver_sbr_Male_26-U1,tierA_p95,Hepatocytes,tnfa_nfkb_proximal,N1,70.0,75.0,-0.0007711886975300025,-0.003406240362753985,0.0020739693597650022
7259_liver_sbr_Male_26-U1,tierA_p95,Hepatocytes,tnfa_nfkb_proximal,N1,75.0,80.0,-0.000705826501061398,-0.004287026280949769,0.0033686694017404308
7259_liver_sbr_Male_26-U1,tierA_p95,Hepatocytes,tnfa_nfkb_proximal,N1,80.0,85.0,-0.0008898871318066173,-0.006172419186869508,0.004402512541964824
7259_liver_sbr_Male_26-U1,tierA_p95,Hepatocytes,tnfa_nfkb_proximal,N1,85.0,90.0,-0.0007283660631959688,-0.008269606412638192,0.00771990004373947
7259_liver_sbr_Male_26-U1,tierA_p95,Hepatocytes,tnfa_nfkb_proximal,N1,90.0,95.0,-0.00020249011208389208,-0.011169450154993684,0.01257840027101338
7259_liver_sbr_Male_26-U1,tierA_p95,Hepatocytes,tnfa_nfkb_proximal,N1,95.0,100.0,-0.0006698553619891127,-0.010295532920740936,0.011309946556359902
7259_liver_sbr_Male_26-U1,tierA_p95,Hepatocytes,downstream_arrest,N3,0.0,5.0,0.0008849360464614342,-0.0002724805900970661,0.0020561074993337425
7259_liver_sbr_Male_26-U1,tierA_p95,Hepatocytes,downstream_arrest,N3,5.0,10.0,0.0008965981202069559,0.0001287357949567339,0.0017016010658400412
7259_liver_sbr_Male_26-U1,tierA_p95,Hepatocytes,downstream_arrest,N3,10.0,15.0,0.0008953902882431852,0.00021424667963356215,0.0017088332548004736
7259_liver_sbr_Male_26-U1,tierA_p95,Hepatocytes,downstream_arrest,N3,15.0,20.0,0.0008972817177238888,0.0002469155424880829,0.0016284568041411004
7259_liver_sbr_Male_26-U1,tierA_p95,Hepatocytes,downstream_arrest,N3,20.0,25.0,0.0008914344036609033,0.0002889888739269164,0.0016414987782281734
7259_liver_sbr_Male_26-U1,tierA_p95,Hepatocytes,downstream_arrest,N3,25.0,30.0,0.0008948229468531819,0.00024224801510593547,0.0016681345963458257
7259_liver_sbr_Male_26-U1,tierA_p95,Hepatocytes,downstream_arrest,N3,30.0,35.0,0.0008937912346675563,0.00023636313555728871,0.001659397431146573
7259_liver_sbr_Male_26-U1,tierA_p95,Hepatocytes,downstream_arrest,N3,35.0,40.0,0.0009088215518054739,0.00020137010938245508,0.0017320112363341951
7259_liver_sbr_Male_26-U1,tierA_p95,Hepatocytes,downstream_arrest,N3,40.0,45.0,0.0009011255841033934,0.00010231120298861576,0.0017847617321722188
7259_liver_sbr_Male_26-U1,tierA_p95,Hepatocytes,downstream_arrest,N3,45.0,50.0,0.0008754225063928199,7.778671563857e-06,0.001808748760348892
7259_liver_sbr_Male_26-U1,tierA_p95,Hepatocytes,downstream_arrest,N3,50.0,55.0,0.0008936871281765793,-2.118990117989295e-05,0.0018991474618596427
7259_liver_sbr_Male_26-U1,tierA_p95,Hepatocytes,downstream_arrest,N3,55.0,60.0,0.0008821451446841151,-0.0001864375879184786,0.0019132600958921323
7259_liver_sbr_Male_26-U1,tierA_p95,Hepatocytes,downstream_arrest,N3,60.0,65.0,0.000940462786141048,-0.00047645518060594516,0.0021106875528734306
7259_liver_sbr_Male_26-U1,tierA_p95,Hepatocytes,downstream_arrest,N3,65.0,70.0,0.0009252238329312796,-0.0004609182487249492,0.002368594540490414
7259_liver_sbr_Male_26-U1,tierA_p95,Hepatocytes,downstream_arrest,N3,70.0,75.0,0.0009200772320014779,-0.0006495436782704152,0.0024910329353649897
7259_liver_sbr_Male_26-U1,tierA_p95,Hepatocytes,downstream_arrest,N3,75.0,80.0,0.0009002860628695024,-0.0007928779464719338,0.0025248469076953085
7259_liver_sbr_Male_26-U1,tierA_p95,Hepatocytes,downstream_arrest,N3,80.0,85.0,0.0008934146213638241,-0.001045843394789841,0.0028964144681601976
7259_liver_sbr_Male_26-U1,tierA_p95,Hepatocytes,downstream_arrest,N3,85.0,90.0,0.0008646369399736527,-0.0012031696154107404,0.0029211411167238276
7259_liver_sbr_Male_26-U1,tierA_p95,Hepatocytes,downstream_arrest,N3,90.0,95.0,0.0008880527758398265,-0.0014535943256339793,0.003048008574498845
7259_liver_sbr_Male_26-U1,tierA_p95,Hepatocytes,downstream_arrest,N3,95.0,100.0,0.0008831276852797811,-0.0004456383707691061,0.0017087545433306095
7259_liver_sbr_Male_26-U1,tierA_p95,Hepatocytes,emt_ecm,N3,0.0,5.0,0.012564572782943302,0.010672996839353875,0.014728441141572488
7259_liver_sbr_Male_26-U1,tierA_p95,Hepatocytes,emt_ecm,N3,5.0,10.0,0.012668589465207191,0.011086176048880347,0.01448038232240494
7259_liver_sbr_Male_26-U1,tierA_p95,Hepatocytes,emt_ecm,N3,10.0,15.0,0.012629263663577871,0.011306863695462214,0.014152260086603922
7259_liver_sbr_Male_26-U1,tierA_p95,Hepatocytes,emt_ecm,N3,15.0,20.0,0.012629518144767154,0.01135529984160222,0.01405628225316119
7259_liver_sbr_Male_26-U1,tierA_p95,Hepatocytes,emt_ecm,N3,20.0,25.0,0.012640855471272585,0.011309182365650183,0.014003486898967885
7259_liver_sbr_Male_26-U1,tierA_p95,Hepatocytes,emt_ecm,N3,25.0,30.0,0.01262376918134271,0.011186281268149707,0.013907508259479905
7259_liver_sbr_Male_26-U1,tierA_p95,Hepatocytes,emt_ecm,N3,30.0,35.0,0.012628323136029778,0.011209422594502211,0.013973967528143224
7259_liver_sbr_Male_26-U1,tierA_p95,Hepatocytes,emt_ecm,N3,35.0,40.0,0.012614306219356022,0.011219832371131557,0.013951722129729657
7259_liver_sbr_Male_26-U1,tierA_p95,Hepatocytes,emt_ecm,N3,40.0,45.0,0.012651967095099012,0.01105461521266296,0.014052504489277248
7259_liver_sbr_Male_26-U1,tierA_p95,Hepatocytes,emt_ecm,N3,45.0,50.0,0.012640503756143668,0.011002689378504193,0.014220618608794453
7259_liver_sbr_Male_26-U1,tierA_p95,Hepatocytes,emt_ecm,N3,50.0,55.0,0.012606823473492141,0.01082854600718078,0.014282211906382302
7259_liver_sbr_Male_26-U1,tierA_p95,Hepatocytes,emt_ecm,N3,55.0,60.0,0.012626760887883389,0.010744558325830095,0.014538188624004267
7259_liver_sbr_Male_26-U1,tierA_p95,Hepatocytes,emt_ecm,N3,60.0,65.0,0.01263515080365255,0.010613614063256826,0.014757932922144334
7259_liver_sbr_Male_26-U1,tierA_p95,Hepatocytes,emt_ecm,N3,65.0,70.0,0.012554453385902433,0.010126987080097929,0.01529326107908589
7259_liver_sbr_Male_26-U1,tierA_p95,Hepatocytes,emt_ecm,N3,70.0,75.0,0.012584268598676064,0.009916201800279544,0.015477776371666354
7259_liver_sbr_Male_26-U1,tierA_p95,Hepatocytes,emt_ecm,N3,75.0,80.0,0.012590570776309689,0.009797543389905402,0.015830203813565282
7259_liver_sbr_Male_26-U1,tierA_p95,Hepatocytes,emt_ecm,N3,80.0,85.0,0.012611600395661877,0.009396621600123577,0.0165056078292446
7259_liver_sbr_Male_26-U1,tierA_p95,Hepatocytes,emt_ecm,N3,85.0,90.0,0.012616898824162025,0.009204269897635186,0.01659612352533918
7259_liver_sbr_Male_26-U1,tierA_p95,Hepatocytes,emt_ecm,N3,90.0,95.0,0.012623853804199005,0.009137866337757858,0.01639692256731706
7259_liver_sbr_Male_26-U1,tierA_p95,Hepatocytes,emt_ecm,N3,95.0,100.0,0.012560939670425037,0.01080220740206393,0.014956682122095298
7259_liver_sbr_Male_26-U1,tierA_p95,Hepatocytes,il6_jak_stat3,N3,0.0,5.0,-0.00945862700937009,-0.011148892376145948,-0.007620146039791356
7259_liver_sbr_Male_26-U1,tierA_p95,Hepatocytes,il6_jak_stat3,N3,5.0,10.0,-0.009435773502959833,-0.01064937551847008,-0.008090293995075932
7259_liver_sbr_Male_26-U1,tierA_p95,Hepatocytes,il6_jak_stat3,N3,10.0,15.0,-0.009444328716865631,-0.010411781811301169,-0.008303112142605696
7259_liver_sbr_Male_26-U1,tierA_p95,Hepatocytes,il6_jak_stat3,N3,15.0,20.0,-0.009420145059243516,-0.010397747871585367,-0.008383827997157273
7259_liver_sbr_Male_26-U1,tierA_p95,Hepatocytes,il6_jak_stat3,N3,20.0,25.0,-0.009421517860730606,-0.010355576374560352,-0.008359201973967374
7259_liver_sbr_Male_26-U1,tierA_p95,Hepatocytes,il6_jak_stat3,N3,25.0,30.0,-0.009427680970807492,-0.010406187950667976,-0.008412301502146226
7259_liver_sbr_Male_26-U1,tierA_p95,Hepatocytes,il6_jak_stat3,N3,30.0,35.0,-0.009458171049223033,-0.010446242786871458,-0.008369064067545581
7259_liver_sbr_Male_26-U1,tierA_p95,Hepatocytes,il6_jak_stat3,N3,35.0,40.0,-0.009417498036200666,-0.010490490850106272,-0.008283747950329108
7259_liver_sbr_Male_26-U1,tierA_p95,Hepatocytes,il6_jak_stat3,N3,40.0,45.0,-0.009466736143734875,-0.010678686378730302,-0.008164985164376684
7259_liver_sbr_Male_26-U1,tierA_p95,Hepatocytes,il6_jak_stat3,N3,45.0,50.0,-0.009449950563974692,-0.01078745679240241,-0.008150275822218687
7259_liver_sbr_Male_26-U1,tierA_p95,Hepatocytes,il6_jak_stat3,N3,50.0,55.0,-0.009446067770065196,-0.010943535656319076,-0.008042753664278706
7259_liver_sbr_Male_26-U1,tierA_p95,Hepatocytes,il6_jak_stat3,N3,55.0,60.0,-0.009431198903056348,-0.01099205664691883,-0.007735892215002396
7259_liver_sbr_Male_26-U1,tierA_p95,Hepatocytes,il6_jak_stat3,N3,60.0,65.0,-0.009507993235305538,-0.011390436275107238,-0.007491674713501861
7259_liver_sbr_Male_26-U1,tierA_p95,Hepatocytes,il6_jak_stat3,N3,65.0,70.0,-0.009476543967763906,-0.011455276654289687,-0.007302570754968454
7259_liver_sbr_Male_26-U1,tierA_p95,Hepatocytes,il6_jak_stat3,N3,70.0,75.0,-0.009492051046667492,-0.01200689101783391,-0.006808251871408503
7259_liver_sbr_Male_26-U1,tierA_p95,Hepatocytes,il6_jak_stat3,N3,75.0,80.0,-0.009527835759152097,-0.012047479831889618,-0.006706039090381911
7259_liver_sbr_Male_26-U1,tierA_p95,Hepatocytes,il6_jak_stat3,N3,80.0,85.0,-0.009406816585229284,-0.0122935212891518,-0.006395860324145722
7259_liver_sbr_Male_26-U1,tierA_p95,Hepatocytes,il6_jak_stat3,N3,85.0,90.0,-0.009414727980346073,-0.012620622381145937,-0.006114175477108688
7259_liver_sbr_Male_26-U1,tierA_p95,Hepatocytes,il6_jak_stat3,N3,90.0,95.0,-0.009459059284389336,-0.012834647062805944,-0.005892607708168033
7259_liver_sbr_Male_26-U1,tierA_p95,Hepatocytes,il6_jak_stat3,N3,95.0,100.0,-0.009439367556881122,-0.010749574748384857,-0.007907276698959012
7259_liver_sbr_Male_26-U1,tierA_p95,Hepatocytes,interferon_response,N3,0.0,5.0,0.006336601550321231,0.004740273847445201,0.008190606727313181
7259_liver_sbr_Male_26-U1,tierA_p95,Hepatocytes,interferon_response,N3,5.0,10.0,0.006333674147814514,0.00515328196386398,0.00757762677555158
7259_liver_sbr_Male_26-U1,tierA_p95,Hepatocytes,interferon_response,N3,10.0,15.0,0.006328323968785606,0.005293226759126648,0.007461914226549228
7259_liver_sbr_Male_26-U1,tierA_p95,Hepatocytes,interferon_response,N3,15.0,20.0,0.006352905531331086,0.005395269330401856,0.007428536845266358
7259_liver_sbr_Male_26-U1,tierA_p95,Hepatocytes,interferon_response,N3,20.0,25.0,0.006339942449038745,0.0053470053041602935,0.007428864496573538
7259_liver_sbr_Male_26-U1,tierA_p95,Hepatocytes,interferon_response,N3,25.0,30.0,0.006327443680046329,0.005323000372473192,0.007350040401367182
7259_liver_sbr_Male_26-U1,tierA_p95,Hepatocytes,interferon_response,N3,30.0,35.0,0.0063382167606998345,0.005282260865433512,0.007447547562683738
7259_liver_sbr_Male_26-U1,tierA_p95,Hepatocytes,interferon_response,N3,35.0,40.0,0.006345760538887919,0.005262297893733918,0.007456693619563292
7259_liver_sbr_Male_26-U1,tierA_p95,Hepatocytes,interferon_response,N3,40.0,45.0,0.006334983837136672,0.005150743196266932,0.007595828142465792
7259_liver_sbr_Male_26-U1,tierA_p95,Hepatocytes,interferon_response,N3,45.0,50.0,0.006313749740240772,0.00509160943823999,0.007532451611146944
7259_liver_sbr_Male_26-U1,tierA_p95,Hepatocytes,interferon_response,N3,50.0,55.0,0.006347200320852341,0.004919978480395666,0.007688027914138833
7259_liver_sbr_Male_26-U1,tierA_p95,Hepatocytes,interferon_response,N3,55.0,60.0,0.006350676075653251,0.004771411669451896,0.007946704361476452
7259_liver_sbr_Male_26-U1,tierA_p95,Hepatocytes,interferon_response,N3,60.0,65.0,0.0062920626117353206,0.0044958192779599076,0.00816343492163942
7259_liver_sbr_Male_26-U1,tierA_p95,Hepatocytes,interferon_response,N3,65.0,70.0,0.006257767650858261,0.004396040402764453,0.008365114403769832
7259_liver_sbr_Male_26-U1,tierA_p95,Hepatocytes,interferon_response,N3,70.0,75.0,0.0063507944833967435,0.004115402171930541,0.008708653819410111
7259_liver_sbr_Male_26-U1,tierA_p95,Hepatocytes,interferon_response,N3,75.0,80.0,0.00630802788587774,0.0037862562773971153,0.009226288240520308
7259_liver_sbr_Male_26-U1,tierA_p95,Hepatocytes,interferon_response,N3,80.0,85.0,0.006406063690719816,0.0037344786696741476,0.009417232198728849
7259_liver_sbr_Male_26-U1,tierA_p95,Hepatocytes,interferon_response,N3,85.0,90.0,0.006384877065013213,0.003553263056500067,0.009834613382416897
7259_liver_sbr_Male_26-U1,tierA_p95,Hepatocytes,interferon_response,N3,90.0,95.0,0.006315861020804701,0.0033426521977168856,0.009525496103615203
7259_liver_sbr_Male_26-U1,tierA_p95,Hepatocytes,interferon_response,N3,95.0,100.0,0.0063320651656809035,0.004938526232898983,0.008056137072206081
7259_liver_sbr_Male_26-U1,tierA_p95,Hepatocytes,oxidative_stress,N3,0.0,5.0,0.1009868679113836,0.09723449178635006,0.10510244397238037
7259_liver_sbr_Male_26-U1,tierA_p95,Hepatocytes,oxidative_stress,N3,5.0,10.0,0.10094525613428973,0.09812402436655347,0.10368948501678789
7259_liver_sbr_Male_26-U1,tierA_p95,Hepatocytes,oxidative_stress,N3,10.0,15.0,0.10098919419453131,0.0982888556965419,0.10350398808813048
7259_liver_sbr_Male_26-U1,tierA_p95,Hepatocytes,oxidative_stress,N3,15.0,20.0,0.10101962898382033,0.09846480459405993,0.1036416601578408
7259_liver_sbr_Male_26-U1,tierA_p95,Hepatocytes,oxidative_stress,N3,20.0,25.0,0.10099364175678002,0.09856960330563579,0.10347517456906787
7259_liver_sbr_Male_26-U1,tierA_p95,Hepatocytes,oxidative_stress,N3,25.0,30.0,0.10100528050563128,0.09815622521341745,0.1036401370455344
7259_liver_sbr_Male_26-U1,tierA_p95,Hepatocytes,oxidative_stress,N3,30.0,35.0,0.10101052698329728,0.09836557743922758,0.10369518003034771
7259_liver_sbr_Male_26-U1,tierA_p95,Hepatocytes,oxidative_stress,N3,35.0,40.0,0.10103942842403058,0.0983723360196478,0.10384857205158754
7259_liver_sbr_Male_26-U1,tierA_p95,Hepatocytes,oxidative_stress,N3,40.0,45.0,0.10098353121278567,0.09816099339619928,0.1043205786097274
7259_liver_sbr_Male_26-U1,tierA_p95,Hepatocytes,oxidative_stress,N3,45.0,50.0,0.10100147109610734,0.09793210714762281,0.10434452199380405
7259_liver_sbr_Male_26-U1,tierA_p95,Hepatocytes,oxidative_stress,N3,50.0,55.0,0.10097363937270853,0.09760997594676135,0.10475084307261917
7259_liver_sbr_Male_26-U1,tierA_p95,Hepatocytes,oxidative_stress,N3,55.0,60.0,0.10103160558623624,0.09714760492661427,0.104859198025801
7259_liver_sbr_Male_26-U1,tierA_p95,Hepatocytes,oxidative_stress,N3,60.0,65.0,0.10103343580860306,0.0966845902328809,0.10522825797844905
7259_liver_sbr_Male_26-U1,tierA_p95,Hepatocytes,oxidative_stress,N3,65.0,70.0,0.10100358627951454,0.09594723701612318,0.10597225693356471
7259_liver_sbr_Male_26-U1,tierA_p95,Hepatocytes,oxidative_stress,N3,70.0,75.0,0.10104679694331412,0.09514803079047057,0.10680443513638622
7259_liver_sbr_Male_26-U1,tierA_p95,Hepatocytes,oxidative_stress,N3,75.0,80.0,0.10095959397223224,0.09472204757085628,0.10716409984282455
7259_liver_sbr_Male_26-U1,tierA_p95,Hepatocytes,oxidative_stress,N3,80.0,85.0,0.10090603735968431,0.09388655805979942,0.10766469501937949
7259_liver_sbr_Male_26-U1,tierA_p95,Hepatocytes,oxidative_stress,N3,85.0,90.0,0.10118585037353535,0.09476531957320979,0.10863394363251797
7259_liver_sbr_Male_26-U1,tierA_p95,Hepatocytes,oxidative_stress,N3,90.0,95.0,0.10102343098802945,0.09340030409452013,0.10832908065922713
7259_liver_sbr_Male_26-U1,tierA_p95,Hepatocytes,oxidative_stress,N3,95.0,100.0,0.10118584770950069,0.09680837922803587,0.10812834095471484
7259_liver_sbr_Male_26-U1,tierA_p95,Hepatocytes,secondary_senescence,N3,0.0,5.0,-0.019591519479448153,-0.021592211219145105,-0.017614908957553507
7259_liver_sbr_Male_26-U1,tierA_p95,Hepatocytes,secondary_senescence,N3,5.0,10.0,-0.019548776445085563,-0.020728128039227023,-0.018404432638414327
7259_liver_sbr_Male_26-U1,tierA_p95,Hepatocytes,secondary_senescence,N3,10.0,15.0,-0.019549423413331508,-0.020491738299044267,-0.01857005410835276
7259_liver_sbr_Male_26-U1,tierA_p95,Hepatocytes,secondary_senescence,N3,15.0,20.0,-0.01957102903027686,-0.020458442832480297,-0.01869548731877226
7259_liver_sbr_Male_26-U1,tierA_p95,Hepatocytes,secondary_senescence,N3,20.0,25.0,-0.019582249561296734,-0.020382311458287013,-0.0187309197366397
7259_liver_sbr_Male_26-U1,tierA_p95,Hepatocytes,secondary_senescence,N3,25.0,30.0,-0.019572672113322802,-0.02052835211601803,-0.018722558530030752
7259_liver_sbr_Male_26-U1,tierA_p95,Hepatocytes,secondary_senescence,N3,30.0,35.0,-0.019576385638346232,-0.020567023992635367,-0.01865023144702187
7259_liver_sbr_Male_26-U1,tierA_p95,Hepatocytes,secondary_senescence,N3,35.0,40.0,-0.019550339139686925,-0.02057119508215085,-0.01856028611717054
7259_liver_sbr_Male_26-U1,tierA_p95,Hepatocytes,secondary_senescence,N3,40.0,45.0,-0.01954889545739809,-0.020750389243682756,-0.01828018516248768
7259_liver_sbr_Male_26-U1,tierA_p95,Hepatocytes,secondary_senescence,N3,45.0,50.0,-0.019587779516885114,-0.020980152347899794,-0.01822099147731986
7259_liver_sbr_Male_26-U1,tierA_p95,Hepatocytes,secondary_senescence,N3,50.0,55.0,-0.019596135586287162,-0.021080379862936018,-0.017957573965130976
7259_liver_sbr_Male_26-U1,tierA_p95,Hepatocytes,secondary_senescence,N3,55.0,60.0,-0.019586575088449364,-0.021393852388207332,-0.017694950492273542
7259_liver_sbr_Male_26-U1,tierA_p95,Hepatocytes,secondary_senescence,N3,60.0,65.0,-0.019519553237571947,-0.021578745499562006,-0.017208505585292695
7259_liver_sbr_Male_26-U1,tierA_p95,Hepatocytes,secondary_senescence,N3,65.0,70.0,-0.019585826290905446,-0.02221851192148829,-0.01699105704265787
7259_liver_sbr_Male_26-U1,tierA_p95,Hepatocytes,secondary_senescence,N3,70.0,75.0,-0.019570586016461472,-0.022252778479890604,-0.016705048937509768
7259_liver_sbr_Male_26-U1,tierA_p95,Hepatocytes,secondary_senescence,N3,75.0,80.0,-0.019564107813046662,-0.022402947886006764,-0.016612371418740033
7259_liver_sbr_Male_26-U1,tierA_p95,Hepatocytes,secondary_senescence,N3,80.0,85.0,-0.019593206387053832,-0.022840817932988512,-0.016177839195372346
7259_liver_sbr_Male_26-U1,tierA_p95,Hepatocytes,secondary_senescence,N3,85.0,90.0,-0.019551924897019197,-0.023029301488218242,-0.01605796562677309
7259_liver_sbr_Male_26-U1,tierA_p95,Hepatocytes,secondary_senescence,N3,90.0,95.0,-0.019575238955544066,-0.02318511805221828,-0.015784608098708065
7259_liver_sbr_Male_26-U1,tierA_p95,Hepatocytes,secondary_senescence,N3,95.0,100.0,-0.019623334816503926,-0.020786882331017945,-0.01879339587347704
7259_liver_sbr_Male_26-U1,tierA_p95,Hepatocytes,tnfa_nfkb_proximal,N3,0.0,5.0,-0.0003450875814447324,-0.0015244131605010747,0.0010129260439613028
7259_liver_sbr_Male_26-U1,tierA_p95,Hepatocytes,tnfa_nfkb_proximal,N3,5.0,10.0,-0.00035226762017593705,-0.0012201316651185435,0.0005164013363245535
7259_liver_sbr_Male_26-U1,tierA_p95,Hepatocytes,tnfa_nfkb_proximal,N3,10.0,15.0,-0.0003524246735080793,-0.0010881336226085273,0.0003956742587896211
7259_liver_sbr_Male_26-U1,tierA_p95,Hepatocytes,tnfa_nfkb_proximal,N3,15.0,20.0,-0.00034202671480022107,-0.0009866514688673012,0.0003229318185788616
7259_liver_sbr_Male_26-U1,tierA_p95,Hepatocytes,tnfa_nfkb_proximal,N3,20.0,25.0,-0.00035320907329188444,-0.0010399828900369645,0.0003024811150803904
7259_liver_sbr_Male_26-U1,tierA_p95,Hepatocytes,tnfa_nfkb_proximal,N3,25.0,30.0,-0.00034551974477631383,-0.0010458740551675565,0.0003232401030085683
7259_liver_sbr_Male_26-U1,tierA_p95,Hepatocytes,tnfa_nfkb_proximal,N3,30.0,35.0,-0.00036615479709955833,-0.0010327197412870236,0.00034470800984753695
7259_liver_sbr_Male_26-U1,tierA_p95,Hepatocytes,tnfa_nfkb_proximal,N3,35.0,40.0,-0.00034378310682090673,-0.0011116112484582754,0.00041392783498028735
7259_liver_sbr_Male_26-U1,tierA_p95,Hepatocytes,tnfa_nfkb_proximal,N3,40.0,45.0,-0.0003492777129740376,-0.0011752756094239919,0.0005490218357533459
7259_liver_sbr_Male_26-U1,tierA_p95,Hepatocytes,tnfa_nfkb_proximal,N3,45.0,50.0,-0.000363346930022183,-0.0013188659022325057,0.0005859688989651599
7259_liver_sbr_Male_26-U1,tierA_p95,Hepatocytes,tnfa_nfkb_proximal,N3,50.0,55.0,-0.00035911265083218467,-0.001406409509068404,0.0006872443946699399
7259_liver_sbr_Male_26-U1,tierA_p95,Hepatocytes,tnfa_nfkb_proximal,N3,55.0,60.0,-0.00032597333137588834,-0.0014396601261493199,0.0009908414856837347
7259_liver_sbr_Male_26-U1,tierA_p95,Hepatocytes,tnfa_nfkb_proximal,N3,60.0,65.0,-0.00033933801678217055,-0.001813741586120626,0.001122578754061393
7259_liver_sbr_Male_26-U1,tierA_p95,Hepatocytes,tnfa_nfkb_proximal,N3,65.0,70.0,-0.00034856173675341565,-0.0018735204093787035,0.001311128442054899
7259_liver_sbr_Male_26-U1,tierA_p95,Hepatocytes,tnfa_nfkb_proximal,N3,70.0,75.0,-0.0003804594383950989,-0.002302115981770511,0.0015806657859223417
7259_liver_sbr_Male_26-U1,tierA_p95,Hepatocytes,tnfa_nfkb_proximal,N3,75.0,80.0,-0.00034638347145118253,-0.0023796911886354577,0.0019202734985391508
7259_liver_sbr_Male_26-U1,tierA_p95,Hepatocytes,tnfa_nfkb_proximal,N3,80.0,85.0,-0.0003336595811991644,-0.002419771865777433,0.0020831210131740533
7259_liver_sbr_Male_26-U1,tierA_p95,Hepatocytes,tnfa_nfkb_proximal,N3,85.0,90.0,-0.00036626204666525175,-0.002750099856314444,0.002077324504327754
7259_liver_sbr_Male_26-U1,tierA_p95,Hepatocytes,tnfa_nfkb_proximal,N3,90.0,95.0,-0.0003121281921443955,-0.0027445570685622565,0.0023793566925940047
7259_liver_sbr_Male_26-U1,tierA_p95,Hepatocytes,tnfa_nfkb_proximal,N3,95.0,100.0,-0.0003307918944308753,-0.0012992124185894302,0.0008061393198007903
7259_liver_sbr_Male_26-U1,tierA_p95,Hepatocytes,downstream_arrest,N4,0.0,5.0,0.00032021827060007104,-0.0009583432538381594,0.0014724998761978176
7259_liver_sbr_Male_26-U1,tierA_p95,Hepatocytes,downstream_arrest,N4,5.0,10.0,0.00030635038536970093,-0.0007083805271245033,0.0012171784926192837
7259_liver_sbr_Male_26-U1,tierA_p95,Hepatocytes,downstream_arrest,N4,10.0,15.0,0.0003316187341157487,-0.0005639494253911059,0.0011785491604298377
7259_liver_sbr_Male_26-U1,tierA_p95,Hepatocytes,downstream_arrest,N4,15.0,20.0,0.000310460609509303,-0.0005421926165157224,0.0011318516400932969
7259_liver_sbr_Male_26-U1,tierA_p95,Hepatocytes,downstream_arrest,N4,20.0,25.0,0.0003406271425979493,-0.0005227980227942641,0.0011720429596946919
7259_liver_sbr_Male_26-U1,tierA_p95,Hepatocytes,downstream_arrest,N4,25.0,30.0,0.0003313414695508714,-0.0005243103325175127,0.0011557564488100037
7259_liver_sbr_Male_26-U1,tierA_p95,Hepatocytes,downstream_arrest,N4,30.0,35.0,0.00033437085737587045,-0.0006755758843921658,0.0011389396161779926
7259_liver_sbr_Male_26-U1,tierA_p95,Hepatocytes,downstream_arrest,N4,35.0,40.0,0.0003759554047360985,-0.000746872524636865,0.001281275233187029
7259_liver_sbr_Male_26-U1,tierA_p95,Hepatocytes,downstream_arrest,N4,40.0,45.0,0.000399781517316434,-0.0007066036445860091,0.0013091671412617987
7259_liver_sbr_Male_26-U1,tierA_p95,Hepatocytes,downstream_arrest,N4,45.0,50.0,0.0004401105129403803,-0.0007228491702561219,0.0014523665580351928
7259_liver_sbr_Male_26-U1,tierA_p95,Hepatocytes,downstream_arrest,N4,50.0,55.0,0.000486640895236027,-0.0008579191329234068,0.0016045252072081771
7259_liver_sbr_Male_26-U1,tierA_p95,Hepatocytes,downstream_arrest,N4,55.0,60.0,0.0004992807868295982,-0.0009840951770166688,0.0018073504292752877
7259_liver_sbr_Male_26-U1,tierA_p95,Hepatocytes,downstream_arrest,N4,60.0,65.0,0.0005902640732371848,-0.001110604770099252,0.0021526823766937165
7259_liver_sbr_Male_26-U1,tierA_p95,Hepatocytes,downstream_arrest,N4,65.0,70.0,0.0007507396619852729,-0.0011096130946929576,0.0024252599365808857
7259_liver_sbr_Male_26-U1,tierA_p95,Hepatocytes,downstream_arrest,N4,70.0,75.0,0.0008203168670096595,-0.0012102384002790048,0.00263865582681035
7259_liver_sbr_Male_26-U1,tierA_p95,Hepatocytes,downstream_arrest,N4,75.0,80.0,0.00095859954025018,-0.0012260545983284014,0.0033475959579232807
7259_liver_sbr_Male_26-U1,tierA_p95,Hepatocytes,downstream_arrest,N4,80.0,85.0,0.001120496045038583,-0.0014129270471659042,0.003630206255093368
7259_liver_sbr_Male_26-U1,tierA_p95,Hepatocytes,downstream_arrest,N4,85.0,90.0,0.0012702140994783077,-0.0012934263745602139,0.0038661074045111144
7259_liver_sbr_Male_26-U1,tierA_p95,Hepatocytes,downstream_arrest,N4,90.0,95.0,0.0012949616702986535,-0.0012478840729779747,0.004251413728576069
7259_liver_sbr_Male_26-U1,tierA_p95,Hepatocytes,downstream_arrest,N4,95.0,100.0,0.00182819721041492,2.9911538454894403e-05,0.002317371973822968
7259_liver_sbr_Male_26-U1,tierA_p95,Hepatocytes,emt_ecm,N4,0.0,5.0,0.012843982713659833,0.01125991198125294,0.01467907783442387
7259_liver_sbr_Male_26-U1,tierA_p95,Hepatocytes,emt_ecm,N4,5.0,10.0,0.012868650864392112,0.01161660815418876,0.014379416171538106
7259_liver_sbr_Male_26-U1,tierA_p95,Hepatocytes,emt_ecm,N4,10.0,15.0,0.012874334612202193,0.011766526301133173,0.014156286581991735
7259_liver_sbr_Male_26-U1,tierA_p95,Hepatocytes,emt_ecm,N4,15.0,20.0,0.012888927120141237,0.011879468919083872,0.014085283399896438
7259_liver_sbr_Male_26-U1,tierA_p95,Hepatocytes,emt_ecm,N4,20.0,25.0,0.012877647669530007,0.01187372773883648,0.014101632041316833
7259_liver_sbr_Male_26-U1,tierA_p95,Hepatocytes,emt_ecm,N4,25.0,30.0,0.01291926910430645,0.011869051750439459,0.014246104041440647
7259_liver_sbr_Male_26-U1,tierA_p95,Hepatocytes,emt_ecm,N4,30.0,35.0,0.012920374742436489,0.011682216492456191,0.014322645568127111
7259_liver_sbr_Male_26-U1,tierA_p95,Hepatocytes,emt_ecm,N4,35.0,40.0,0.012921173586171822,0.01164283403838205,0.01440564120599382
7259_liver_sbr_Male_26-U1,tierA_p95,Hepatocytes,emt_ecm,N4,40.0,45.0,0.01291317280036328,0.011422948434782022,0.014509697192502962
7259_liver_sbr_Male_26-U1,tierA_p95,Hepatocytes,emt_ecm,N4,45.0,50.0,0.012972355147732774,0.011315751870806245,0.014818703240353441
7259_liver_sbr_Male_26-U1,tierA_p95,Hepatocytes,emt_ecm,N4,50.0,55.0,0.012906082877920262,0.011103436020976758,0.014865179084991485
7259_liver_sbr_Male_26-U1,tierA_p95,Hepatocytes,emt_ecm,N4,55.0,60.0,0.012910180819334992,0.010692400678562952,0.015240736447685092
7259_liver_sbr_Male_26-U1,tierA_p95,Hepatocytes,emt_ecm,N4,60.0,65.0,0.012779166528299789,0.010427164744969034,0.015398105270120309
7259_liver_sbr_Male_26-U1,tierA_p95,Hepatocytes,emt_ecm,N4,65.0,70.0,0.012765773621023468,0.009807827905476778,0.015956840355410777
7259_liver_sbr_Male_26-U1,tierA_p95,Hepatocytes,emt_ecm,N4,70.0,75.0,0.012930866446534616,0.009650713242751048,0.01668883759704407
7259_liver_sbr_Male_26-U1,tierA_p95,Hepatocytes,emt_ecm,N4,75.0,80.0,0.012761096841030519,0.009248503994974712,0.016771238664560064
7259_liver_sbr_Male_26-U1,tierA_p95,Hepatocytes,emt_ecm,N4,80.0,85.0,0.01271682181810223,0.00873015065217164,0.017859638940163083
7259_liver_sbr_Male_26-U1,tierA_p95,Hepatocytes,emt_ecm,N4,85.0,90.0,0.012637006799110324,0.008442626471130345,0.0180723165099156
7259_liver_sbr_Male_26-U1,tierA_p95,Hepatocytes,emt_ecm,N4,90.0,95.0,0.012640167474906717,0.008078207396944877,0.018369274282918367
7259_liver_sbr_Male_26-U1,tierA_p95,Hepatocytes,emt_ecm,N4,95.0,100.0,0.01198514503829085,0.010100211041788024,0.01565156644769639
7259_liver_sbr_Male_26-U1,tierA_p95,Hepatocytes,il6_jak_stat3,N4,0.0,5.0,-0.009383602473306602,-0.010957531334354918,-0.00784140668341327
7259_liver_sbr_Male_26-U1,tierA_p95,Hepatocytes,il6_jak_stat3,N4,5.0,10.0,-0.009381453536295506,-0.010364430602048785,-0.008339299867975622
7259_liver_sbr_Male_26-U1,tierA_p95,Hepatocytes,il6_jak_stat3,N4,10.0,15.0,-0.009334352362867842,-0.010189906647703893,-0.008417588819666658
7259_liver_sbr_Male_26-U1,tierA_p95,Hepatocytes,il6_jak_stat3,N4,15.0,20.0,-0.009336407382930683,-0.010120786321641683,-0.008486446612426052
7259_liver_sbr_Male_26-U1,tierA_p95,Hepatocytes,il6_jak_stat3,N4,20.0,25.0,-0.00933931274166482,-0.010136608898394973,-0.008447189450199392
7259_liver_sbr_Male_26-U1,tierA_p95,Hepatocytes,il6_jak_stat3,N4,25.0,30.0,-0.00929860573842377,-0.01016763715673609,-0.00833607491124849
7259_liver_sbr_Male_26-U1,tierA_p95,Hepatocytes,il6_jak_stat3,N4,30.0,35.0,-0.009343296792114639,-0.010254467538263198,-0.008255944037664659
7259_liver_sbr_Male_26-U1,tierA_p95,Hepatocytes,il6_jak_stat3,N4,35.0,40.0,-0.009324793239575267,-0.010461400228715527,-0.00815905416201623
7259_liver_sbr_Male_26-U1,tierA_p95,Hepatocytes,il6_jak_stat3,N4,40.0,45.0,-0.009330054730080072,-0.010438210570574685,-0.007909020277552309
7259_liver_sbr_Male_26-U1,tierA_p95,Hepatocytes,il6_jak_stat3,N4,45.0,50.0,-0.009378099436554297,-0.010812142044172378,-0.007924057665039497
7259_liver_sbr_Male_26-U1,tierA_p95,Hepatocytes,il6_jak_stat3,N4,50.0,55.0,-0.009395038935120009,-0.010947703797947782,-0.007769598266965816
7259_liver_sbr_Male_26-U1,tierA_p95,Hepatocytes,il6_jak_stat3,N4,55.0,60.0,-0.009304945607368664,-0.011148982409555626,-0.00712709969072873
7259_liver_sbr_Male_26-U1,tierA_p95,Hepatocytes,il6_jak_stat3,N4,60.0,65.0,-0.009368023876455696,-0.011770012244977254,-0.007011974028544468
7259_liver_sbr_Male_26-U1,tierA_p95,Hepatocytes,il6_jak_stat3,N4,65.0,70.0,-0.00923785947335459,-0.011763851642151093,-0.006320986109507835
7259_liver_sbr_Male_26-U1,tierA_p95,Hepatocytes,il6_jak_stat3,N4,70.0,75.0,-0.009293347974526762,-0.012391491212022652,-0.006248431674090498
7259_liver_sbr_Male_26-U1,tierA_p95,Hepatocytes,il6_jak_stat3,N4,75.0,80.0,-0.009349395719734754,-0.012939382072069835,-0.005721148991930165
7259_liver_sbr_Male_26-U1,tierA_p95,Hepatocytes,il6_jak_stat3,N4,80.0,85.0,-0.009335031530833416,-0.013177080265291092,-0.005471042878070111
7259_liver_sbr_Male_26-U1,tierA_p95,Hepatocytes,il6_jak_stat3,N4,85.0,90.0,-0.009362684826348748,-0.013128132218985181,-0.005422854853336484
7259_liver_sbr_Male_26-U1,tierA_p95,Hepatocytes,il6_jak_stat3,N4,90.0,95.0,-0.009297073173602878,-0.01316920755902977,-0.004926837890994992
7259_liver_sbr_Male_26-U1,tierA_p95,Hepatocytes,il6_jak_stat3,N4,95.0,100.0,-0.009504789890873212,-0.010770089672768064,-0.006991300790939361
7259_liver_sbr_Male_26-U1,tierA_p95,Hepatocytes,interferon_response,N4,0.0,5.0,0.006346089985257834,0.004977538090116195,0.007832409993590462
7259_liver_sbr_Male_26-U1,tierA_p95,Hepatocytes,interferon_response,N4,5.0,10.0,0.006382086826308863,0.005422879174193115,0.0074472911679615925
7259_liver_sbr_Male_26-U1,tierA_p95,Hepatocytes,interferon_response,N4,10.0,15.0,0.006386748329838159,0.0054949911351236105,0.0072603864542477095
7259_liver_sbr_Male_26-U1,tierA_p95,Hepatocytes,interferon_response,N4,15.0,20.0,0.006397818702191246,0.005508055195910599,0.007274598390828064
7259_liver_sbr_Male_26-U1,tierA_p95,Hepatocytes,interferon_response,N4,20.0,25.0,0.006388563109319509,0.005519004802139467,0.007202437832254367
7259_liver_sbr_Male_26-U1,tierA_p95,Hepatocytes,interferon_response,N4,25.0,30.0,0.0064035198202634135,0.005552746951620305,0.007266943678514957
7259_liver_sbr_Male_26-U1,tierA_p95,Hepatocytes,interferon_response,N4,30.0,35.0,0.006386696092684936,0.005483421128329265,0.0073677468132107155
7259_liver_sbr_Male_26-U1,tierA_p95,Hepatocytes,interferon_response,N4,35.0,40.0,0.006409652374107029,0.0053738752720993545,0.007548662783790141
7259_liver_sbr_Male_26-U1,tierA_p95,Hepatocytes,interferon_response,N4,40.0,45.0,0.006409753420746198,0.00522939765520035,0.007763053820917472
7259_liver_sbr_Male_26-U1,tierA_p95,Hepatocytes,interferon_response,N4,45.0,50.0,0.006405255554037943,0.005092841453332429,0.007839485362212784
7259_liver_sbr_Male_26-U1,tierA_p95,Hepatocytes,interferon_response,N4,50.0,55.0,0.006369980550722666,0.004868936539153303,0.008122977995800846
7259_liver_sbr_Male_26-U1,tierA_p95,Hepatocytes,interferon_response,N4,55.0,60.0,0.006389533517147662,0.004458266745016377,0.00823770107421077
7259_liver_sbr_Male_26-U1,tierA_p95,Hepatocytes,interferon_response,N4,60.0,65.0,0.006354402361604331,0.004105261456133975,0.00847962094602757
7259_liver_sbr_Male_26-U1,tierA_p95,Hepatocytes,interferon_response,N4,65.0,70.0,0.006536016666624327,0.0040200039595518836,0.009118384912763762
7259_liver_sbr_Male_26-U1,tierA_p95,Hepatocytes,interferon_response,N4,70.0,75.0,0.006561507319549477,0.0041195322169141,0.00947885206976571
7259_liver_sbr_Male_26-U1,tierA_p95,Hepatocytes,interferon_response,N4,75.0,80.0,0.006675952323775881,0.003635404417690101,0.009721188360671283
7259_liver_sbr_Male_26-U1,tierA_p95,Hepatocytes,interferon_response,N4,80.0,85.0,0.006711979673278667,0.0032152140649556594,0.010565926053110037
7259_liver_sbr_Male_26-U1,tierA_p95,Hepatocytes,interferon_response,N4,85.0,90.0,0.006609992092157989,0.0030722261723964504,0.010336361853319858
7259_liver_sbr_Male_26-U1,tierA_p95,Hepatocytes,interferon_response,N4,90.0,95.0,0.006597821180191225,0.0029475519784175164,0.010553174138186466
7259_liver_sbr_Male_26-U1,tierA_p95,Hepatocytes,interferon_response,N4,95.0,100.0,0.0063168434873559975,0.005023082205265222,0.009352573012862516
7259_liver_sbr_Male_26-U1,tierA_p95,Hepatocytes,oxidative_stress,N4,0.0,5.0,0.09902165622375966,0.09470068569743624,0.10251822247058949
7259_liver_sbr_Male_26-U1,tierA_p95,Hepatocytes,oxidative_stress,N4,5.0,10.0,0.09910343179343295,0.09646810624444302,0.10156697156241817
7259_liver_sbr_Male_26-U1,tierA_p95,Hepatocytes,oxidative_stress,N4,10.0,15.0,0.09904321324903555,0.09656984800035807,0.1013563663907301
7259_liver_sbr_Male_26-U1,tierA_p95,Hepatocytes,oxidative_stress,N4,15.0,20.0,0.09898996955458036,0.09641362969009563,0.10113738453661289
7259_liver_sbr_Male_26-U1,tierA_p95,Hepatocytes,oxidative_stress,N4,20.0,25.0,0.09910513583104384,0.09659453574950536,0.1014149423203779
7259_liver_sbr_Male_26-U1,tierA_p95,Hepatocytes,oxidative_stress,N4,25.0,30.0,0.0990467939186762,0.09641274946143122,0.10142896848931636
7259_liver_sbr_Male_26-U1,tierA_p95,Hepatocytes,oxidative_stress,N4,30.0,35.0,0.09914021110765876,0.09615859775269701,0.10177254702725708
7259_liver_sbr_Male_26-U1,tierA_p95,Hepatocytes,oxidative_stress,N4,35.0,40.0,0.09938476282375874,0.0960781530390593,0.10207715448110419
7259_liver_sbr_Male_26-U1,tierA_p95,Hepatocytes,oxidative_stress,N4,40.0,45.0,0.09928932363424521,0.09560380126589557,0.10229063542696105
7259_liver_sbr_Male_26-U1,tierA_p95,Hepatocytes,oxidative_stress,N4,45.0,50.0,0.0994900755496468,0.09561374183415558,0.10262175986324876
7259_liver_sbr_Male_26-U1,tierA_p95,Hepatocytes,oxidative_stress,N4,50.0,55.0,0.09958359950227705,0.09523981667186637,0.10282795479749564
7259_liver_sbr_Male_26-U1,tierA_p95,Hepatocytes,oxidative_stress,N4,55.0,60.0,0.09995832112176459,0.09535453839122064,0.10385229229027672
7259_liver_sbr_Male_26-U1,tierA_p95,Hepatocytes,oxidative_stress,N4,60.0,65.0,0.10043250215692587,0.09509163031695046,0.10538907951684122
7259_liver_sbr_Male_26-U1,tierA_p95,Hepatocytes,oxidative_stress,N4,65.0,70.0,0.1009448773996455,0.09486181919172629,0.10666912987509145
7259_liver_sbr_Male_26-U1,tierA_p95,Hepatocytes,oxidative_stress,N4,70.0,75.0,0.10130060677011639,0.09444029096096306,0.10756646686970603
7259_liver_sbr_Male_26-U1,tierA_p95,Hepatocytes,oxidative_stress,N4,75.0,80.0,0.10193963220820759,0.09404584488821856,0.1093539270184536
7259_liver_sbr_Male_26-U1,tierA_p95,Hepatocytes,oxidative_stress,N4,80.0,85.0,0.1018832295221335,0.0934674783809186,0.110005023046481
7259_liver_sbr_Male_26-U1,tierA_p95,Hepatocytes,oxidative_stress,N4,85.0,90.0,0.10209647785879863,0.09360213286745254,0.10973034651575832
7259_liver_sbr_Male_26-U1,tierA_p95,Hepatocytes,oxidative_stress,N4,90.0,95.0,0.10262413119531158,0.09375326455062286,0.11121926394164114
7259_liver_sbr_Male_26-U1,tierA_p95,Hepatocytes,oxidative_stress,N4,95.0,100.0,0.1045861656896316,0.10231069912980749,0.1064659346548257
7259_liver_sbr_Male_26-U1,tierA_p95,Hepatocytes,secondary_senescence,N4,0.0,5.0,-0.01955238345504782,-0.021335363034486087,-0.0177129152781436
7259_liver_sbr_Male_26-U1,tierA_p95,Hepatocytes,secondary_senescence,N4,5.0,10.0,-0.01955324642976437,-0.02069303130140578,-0.01842853475940347
7259_liver_sbr_Male_26-U1,tierA_p95,Hepatocytes,secondary_senescence,N4,10.0,15.0,-0.01950659551321597,-0.020428241309241837,-0.018522139359346608
7259_liver_sbr_Male_26-U1,tierA_p95,Hepatocytes,secondary_senescence,N4,15.0,20.0,-0.019532825125191552,-0.020512813520429305,-0.018677779494104443
7259_liver_sbr_Male_26-U1,tierA_p95,Hepatocytes,secondary_senescence,N4,20.0,25.0,-0.0195369822539326,-0.0204232925353761,-0.018628979552048588
7259_liver_sbr_Male_26-U1,tierA_p95,Hepatocytes,secondary_senescence,N4,25.0,30.0,-0.01950954243684045,-0.020470504282693727,-0.018547165732916517
7259_liver_sbr_Male_26-U1,tierA_p95,Hepatocytes,secondary_senescence,N4,30.0,35.0,-0.01950587593779903,-0.020593133098269437,-0.018407592963677107
7259_liver_sbr_Male_26-U1,tierA_p95,Hepatocytes,secondary_senescence,N4,35.0,40.0,-0.019560374381593106,-0.02078463528222378,-0.01834898258959106
7259_liver_sbr_Male_26-U1,tierA_p95,Hepatocytes,secondary_senescence,N4,40.0,45.0,-0.019603714630536687,-0.02107477409727329,-0.018285880013503758
7259_liver_sbr_Male_26-U1,tierA_p95,Hepatocytes,secondary_senescence,N4,45.0,50.0,-0.019507993322695736,-0.02146063813766022,-0.01790510416575586
7259_liver_sbr_Male_26-U1,tierA_p95,Hepatocytes,secondary_senescence,N4,50.0,55.0,-0.019594028545693226,-0.021652304660853383,-0.017702220247128662
7259_liver_sbr_Male_26-U1,tierA_p95,Hepatocytes,secondary_senescence,N4,55.0,60.0,-0.019606145057412674,-0.02194467481949777,-0.017384207998910866
7259_liver_sbr_Male_26-U1,tierA_p95,Hepatocytes,secondary_senescence,N4,60.0,65.0,-0.019683000216997436,-0.022181200500392375,-0.017069997119112057
7259_liver_sbr_Male_26-U1,tierA_p95,Hepatocytes,secondary_senescence,N4,65.0,70.0,-0.019525276163508614,-0.02259449692412941,-0.016667413983505054
7259_liver_sbr_Male_26-U1,tierA_p95,Hepatocytes,secondary_senescence,N4,70.0,75.0,-0.01973879484547518,-0.02315074774059072,-0.01606113384320652
7259_liver_sbr_Male_26-U1,tierA_p95,Hepatocytes,secondary_senescence,N4,75.0,80.0,-0.01958429325663728,-0.02344184151133872,-0.014995028452208825
7259_liver_sbr_Male_26-U1,tierA_p95,Hepatocytes,secondary_senescence,N4,80.0,85.0,-0.01961580137541565,-0.023414617979146752,-0.01495896107589594
7259_liver_sbr_Male_26-U1,tierA_p95,Hepatocytes,secondary_senescence,N4,85.0,90.0,-0.01981819184292701,-0.02438271233157561,-0.015392579957005836
7259_liver_sbr_Male_26-U1,tierA_p95,Hepatocytes,secondary_senescence,N4,90.0,95.0,-0.019768593094879536,-0.02433395783819543,-0.014714488276899964
7259_liver_sbr_Male_26-U1,tierA_p95,Hepatocytes,secondary_senescence,N4,95.0,100.0,-0.019856836228857755,-0.021350270445001547,-0.018086497797680325
7259_liver_sbr_Male_26-U1,tierA_p95,Hepatocytes,tnfa_nfkb_proximal,N4,0.0,5.0,-0.00044912916699356995,-0.001547099151485175,0.0007008169834683579
7259_liver_sbr_Male_26-U1,tierA_p95,Hepatocytes,tnfa_nfkb_proximal,N4,5.0,10.0,-0.0004707135044976538,-0.001255757871332897,0.0002650292630891814
7259_liver_sbr_Male_26-U1,tierA_p95,Hepatocytes,tnfa_nfkb_proximal,N4,10.0,15.0,-0.00043155589562232703,-0.0010353652396449956,0.000197948977442676
7259_liver_sbr_Male_26-U1,tierA_p95,Hepatocytes,tnfa_nfkb_proximal,N4,15.0,20.0,-0.00045304740030470414,-0.0010600905805042112,0.00011955512651648539
7259_liver_sbr_Male_26-U1,tierA_p95,Hepatocytes,tnfa_nfkb_proximal,N4,20.0,25.0,-0.0004507346662048768,-0.0010499352657265199,0.00015999920702810378
7259_liver_sbr_Male_26-U1,tierA_p95,Hepatocytes,tnfa_nfkb_proximal,N4,25.0,30.0,-0.00043089161319202995,-0.0010505578611920531,0.00021222692240920396
7259_liver_sbr_Male_26-U1,tierA_p95,Hepatocytes,tnfa_nfkb_proximal,N4,30.0,35.0,-0.0004634231262834691,-0.0011656178438165213,0.0003304989007338622
7259_liver_sbr_Male_26-U1,tierA_p95,Hepatocytes,tnfa_nfkb_proximal,N4,35.0,40.0,-0.00045432152958912683,-0.0012329629624019713,0.00033267840566763803
7259_liver_sbr_Male_26-U1,tierA_p95,Hepatocytes,tnfa_nfkb_proximal,N4,40.0,45.0,-0.0004618693160536342,-0.0013617791855082785,0.00039768123755301853
7259_liver_sbr_Male_26-U1,tierA_p95,Hepatocytes,tnfa_nfkb_proximal,N4,45.0,50.0,-0.0004126001918245903,-0.001480556980907694,0.0005624620781892977
7259_liver_sbr_Male_26-U1,tierA_p95,Hepatocytes,tnfa_nfkb_proximal,N4,50.0,55.0,-0.0003970995280738462,-0.0016035027724176346,0.0007743748665194838
7259_liver_sbr_Male_26-U1,tierA_p95,Hepatocytes,tnfa_nfkb_proximal,N4,55.0,60.0,-0.0004305065483549239,-0.0019136606911837523,0.0009339645518305708
7259_liver_sbr_Male_26-U1,tierA_p95,Hepatocytes,tnfa_nfkb_proximal,N4,60.0,65.0,-0.0004085740290788698,-0.0021974522755177964,0.0013124553669906253
7259_liver_sbr_Male_26-U1,tierA_p95,Hepatocytes,tnfa_nfkb_proximal,N4,65.0,70.0,-0.00027084538292010624,-0.0021942167795675283,0.0016502262852912373
7259_liver_sbr_Male_26-U1,tierA_p95,Hepatocytes,tnfa_nfkb_proximal,N4,70.0,75.0,-0.00014186129915159815,-0.0024120164278714743,0.00200298555576855
7259_liver_sbr_Male_26-U1,tierA_p95,Hepatocytes,tnfa_nfkb_proximal,N4,75.0,80.0,-0.00013102584159992896,-0.0024800519609636676,0.002754628267863476
7259_liver_sbr_Male_26-U1,tierA_p95,Hepatocytes,tnfa_nfkb_proximal,N4,80.0,85.0,-6.74370758344843e-05,-0.0030128294164094974,0.0029087362883899316
7259_liver_sbr_Male_26-U1,tierA_p95,Hepatocytes,tnfa_nfkb_proximal,N4,85.0,90.0,-8.225731077941211e-05,-0.0031666155644789053,0.0030830139529249927
7259_liver_sbr_Male_26-U1,tierA_p95,Hepatocytes,tnfa_nfkb_proximal,N4,90.0,95.0,-6.520311242680795e-05,-0.0035592663851563952,0.003123857513761951
7259_liver_sbr_Male_26-U1,tierA_p95,Hepatocytes,tnfa_nfkb_proximal,N4,95.0,100.0,-9.454284706669586e-05,-0.0009318895219902768,0.0014293294600754652
7260_liver_sbr_Male_26-U1,tierA_p95,Hepatocytes,downstream_arrest,N1,0.0,5.0,0.006429168661257618,0.005890416411400992,0.006973007707083239
7260_liver_sbr_Male_26-U1,tierA_p95,Hepatocytes,downstream_arrest,N1,5.0,10.0,0.0066245232378524645,0.00561687816499695,0.007651650105091414
7260_liver_sbr_Male_26-U1,tierA_p95,Hepatocytes,downstream_arrest,N1,10.0,15.0,0.0062909721720351966,0.0058692424367048175,0.006749304660952113
7260_liver_sbr_Male_26-U1,tierA_p95,Hepatocytes,downstream_arrest,N1,15.0,20.0,0.006492868405546656,0.006137967668591768,0.006879921950999893
7260_liver_sbr_Male_26-U1,tierA_p95,Hepatocytes,downstream_arrest,N1,20.0,25.0,0.006397226765998186,0.006039752771666246,0.00672834470578995
7260_liver_sbr_Male_26-U1,tierA_p95,Hepatocytes,downstream_arrest,N1,25.0,30.0,0.0064389797735328325,0.006077226323306,0.006768925188380307
7260_liver_sbr_Male_26-U1,tierA_p95,Hepatocytes,downstream_arrest,N1,30.0,35.0,0.006386347576870483,0.006019996575131759,0.006734731171572715
7260_liver_sbr_Male_26-U1,tierA_p95,Hepatocytes,downstream_arrest,N1,35.0,40.0,0.006503352122426403,0.006124175771424168,0.006859077686752214
7260_liver_sbr_Male_26-U1,tierA_p95,Hepatocytes,downstream_arrest,N1,40.0,45.0,0.006469745862257392,0.006044079498942415,0.006873329712741617
7260_liver_sbr_Male_26-U1,tierA_p95,Hepatocytes,downstream_arrest,N1,45.0,50.0,0.006457759818018447,0.005938290295646633,0.006949506241365619
7260_liver_sbr_Male_26-U1,tierA_p95,Hepatocytes,downstream_arrest,N1,50.0,55.0,0.006517145447813165,0.005995351415602128,0.007065915401137827
7260_liver_sbr_Male_26-U1,tierA_p95,Hepatocytes,downstream_arrest,N1,55.0,60.0,0.006460330976488865,0.005864504761734267,0.007049975550973162
7260_liver_sbr_Male_26-U1,tierA_p95,Hepatocytes,downstream_arrest,N1,60.0,65.0,0.006517444065889455,0.0057801663891786925,0.007281659119851372
7260_liver_sbr_Male_26-U1,tierA_p95,Hepatocytes,downstream_arrest,N1,65.0,70.0,0.0065431567328845955,0.0056526095042621904,0.007427432489958447
7260_liver_sbr_Male_26-U1,tierA_p95,Hepatocytes,downstream_arrest,N1,70.0,75.0,0.006546983815565896,0.005534768864851611,0.007612467114940716
7260_liver_sbr_Male_26-U1,tierA_p95,Hepatocytes,downstream_arrest,N1,75.0,80.0,0.006477334730321498,0.00516141639215685,0.0077850872779624105
7260_liver_sbr_Male_26-U1,tierA_p95,Hepatocytes,downstream_arrest,N1,80.0,85.0,0.006444346231078219,0.00488463116108792,0.008004781914878717
7260_liver_sbr_Male_26-U1,tierA_p95,Hepatocytes,downstream_arrest,N1,85.0,90.0,0.006293553627392338,0.004165753192821689,0.008357790134804569
7260_liver_sbr_Male_26-U1,tierA_p95,Hepatocytes,downstream_arrest,N1,90.0,95.0,0.00623912895107104,0.003700667634535214,0.00895492854883306
7260_liver_sbr_Male_26-U1,tierA_p95,Hepatocytes,downstream_arrest,N1,95.0,100.0,0.005488466507367613,0.003238558804243931,0.007852243683772167
7260_liver_sbr_Male_26-U1,tierA_p95,Hepatocytes,emt_ecm,N1,0.0,5.0,0.007088967799410612,0.006452367776345218,0.007725562325851523
7260_liver_sbr_Male_26-U1,tierA_p95,Hepatocytes,emt_ecm,N1,5.0,10.0,0.009756025489801182,0.008319073854716363,0.01114435501545216
7260_liver_sbr_Male_26-U1,tierA_p95,Hepatocytes,emt_ecm,N1,10.0,15.0,0.008347145644756672,0.007756607828627674,0.008935284942605497
7260_liver_sbr_Male_26-U1,tierA_p95,Hepatocytes,emt_ecm,N1,15.0,20.0,0.007459066037654535,0.006976659815601739,0.007895790371852942
7260_liver_sbr_Male_26-U1,tierA_p95,Hepatocytes,emt_ecm,N1,20.0,25.0,0.007302054221851469,0.006865802505583492,0.0077528547672390275
7260_liver_sbr_Male_26-U1,tierA_p95,Hepatocytes,emt_ecm,N1,25.0,30.0,0.0070680333734213716,0.006614984901378868,0.007549487317230727
7260_liver_sbr_Male_26-U1,tierA_p95,Hepatocytes,emt_ecm,N1,30.0,35.0,0.007028369171451187,0.006580721780204743,0.007500959793887691
7260_liver_sbr_Male_26-U1,tierA_p95,Hepatocytes,emt_ecm,N1,35.0,40.0,0.006850888816338275,0.00634680424291157,0.007326679187660584
7260_liver_sbr_Male_26-U1,tierA_p95,Hepatocytes,emt_ecm,N1,40.0,45.0,0.006783974179461981,0.006273526323546008,0.007255653258809849
7260_liver_sbr_Male_26-U1,tierA_p95,Hepatocytes,emt_ecm,N1,45.0,50.0,0.006682811286774489,0.006082039255909337,0.007246583218416552
7260_liver_sbr_Male_26-U1,tierA_p95,Hepatocytes,emt_ecm,N1,50.0,55.0,0.006594242171007229,0.005921721680934811,0.007301878736143614
7260_liver_sbr_Male_26-U1,tierA_p95,Hepatocytes,emt_ecm,N1,55.0,60.0,0.00652694229729995,0.00580144647593719,0.0072902746701444445
7260_liver_sbr_Male_26-U1,tierA_p95,Hepatocytes,emt_ecm,N1,60.0,65.0,0.006377608329965825,0.005486744255357519,0.007253749760000956
7260_liver_sbr_Male_26-U1,tierA_p95,Hepatocytes,emt_ecm,N1,65.0,70.0,0.006405123307904791,0.005312178458537069,0.007491187737001326
7260_liver_sbr_Male_26-U1,tierA_p95,Hepatocytes,emt_ecm,N1,70.0,75.0,0.006333461467663259,0.004987019213748923,0.007616460945883091
7260_liver_sbr_Male_26-U1,tierA_p95,Hepatocytes,emt_ecm,N1,75.0,80.0,0.00628723993712601,0.004752153880279392,0.007790416466343598
7260_liver_sbr_Male_26-U1,tierA_p95,Hepatocytes,emt_ecm,N1,80.0,85.0,0.006194045670285281,0.004273539635606866,0.008133857289161835
7260_liver_sbr_Male_26-U1,tierA_p95,Hepatocytes,emt_ecm,N1,85.0,90.0,0.006158912478494354,0.0037553923642076313,0.008508594324849104
7260_liver_sbr_Male_26-U1,tierA_p95,Hepatocytes,emt_ecm,N1,90.0,95.0,0.005992896987707004,0.002959897146050906,0.009337157292852071
7260_liver_sbr_Male_26-U1,tierA_p95,Hepatocytes,emt_ecm,N1,95.0,100.0,0.005489766191801943,0.003068987931591125,0.008030499021628999
7260_liver_sbr_Male_26-U1,tierA_p95,Hepatocytes,il6_jak_stat3,N1,0.0,5.0,-0.02210246230333911,-0.022767196245554438,-0.021346712288226818
7260_liver_sbr_Male_26-U1,tierA_p95,Hepatocytes,il6_jak_stat3,N1,5.0,10.0,-0.019516890417227848,-0.0208891868971118,-0.017968043337672726
7260_liver_sbr_Male_26-U1,tierA_p95,Hepatocytes,il6_jak_stat3,N1,10.0,15.0,-0.02169527269396851,-0.022293682924190737,-0.021084173960047373
7260_liver_sbr_Male_26-U1,tierA_p95,Hepatocytes,il6_jak_stat3,N1,15.0,20.0,-0.022300841835856757,-0.022786298735418407,-0.021834556425537104
7260_liver_sbr_Male_26-U1,tierA_p95,Hepatocytes,il6_jak_stat3,N1,20.0,25.0,-0.02221990866065041,-0.022651370496347384,-0.02173419721712716
7260_liver_sbr_Male_26-U1,tierA_p95,Hepatocytes,il6_jak_stat3,N1,25.0,30.0,-0.022233582829431525,-0.022748346724806155,-0.02175547413196487
7260_liver_sbr_Male_26-U1,tierA_p95,Hepatocytes,il6_jak_stat3,N1,30.0,35.0,-0.022221363818791945,-0.02274044865413853,-0.02171935922322338
7260_liver_sbr_Male_26-U1,tierA_p95,Hepatocytes,il6_jak_stat3,N1,35.0,40.0,-0.02221320166508286,-0.022723064646573542,-0.0217190642035232
7260_liver_sbr_Male_26-U1,tierA_p95,Hepatocytes,il6_jak_stat3,N1,40.0,45.0,-0.022251903487035762,-0.022826667375817827,-0.021676380656966004
7260_liver_sbr_Male_26-U1,tierA_p95,Hepatocytes,il6_jak_stat3,N1,45.0,50.0,-0.02229175687846164,-0.02289987308270668,-0.02165260292369953
7260_liver_sbr_Male_26-U1,tierA_p95,Hepatocytes,il6_jak_stat3,N1,50.0,55.0,-0.022293028404897955,-0.02296219401707429,-0.021604311859008865
7260_liver_sbr_Male_26-U1,tierA_p95,Hepatocytes,il6_jak_stat3,N1,55.0,60.0,-0.022228102802413913,-0.023075642182677426,-0.02139373513035386
7260_liver_sbr_Male_26-U1,tierA_p95,Hepatocytes,il6_jak_stat3,N1,60.0,65.0,-0.022318217771563387,-0.023246899120167645,-0.02136221941840521
7260_liver_sbr_Male_26-U1,tierA_p95,Hepatocytes,il6_jak_stat3,N1,65.0,70.0,-0.022297854489025604,-0.023512177716740978,-0.02106511268964916
7260_liver_sbr_Male_26-U1,tierA_p95,Hepatocytes,il6_jak_stat3,N1,70.0,75.0,-0.022232360304790436,-0.023588219928850452,-0.020719816957451287
7260_liver_sbr_Male_26-U1,tierA_p95,Hepatocytes,il6_jak_stat3,N1,75.0,80.0,-0.022201358591693875,-0.023952334979699008,-0.020461576638523552
7260_liver_sbr_Male_26-U1,tierA_p95,Hepatocytes,il6_jak_stat3,N1,80.0,85.0,-0.022254733965331827,-0.024374889265647397,-0.01993567005437136
7260_liver_sbr_Male_26-U1,tierA_p95,Hepatocytes,il6_jak_stat3,N1,85.0,90.0,-0.022275193201471474,-0.02492343826108382,-0.019655184194134957
7260_liver_sbr_Male_26-U1,tierA_p95,Hepatocytes,il6_jak_stat3,N1,90.0,95.0,-0.022433977054085723,-0.02597778258111008,-0.018827217579763307
7260_liver_sbr_Male_26-U1,tierA_p95,Hepatocytes,il6_jak_stat3,N1,95.0,100.0,-0.023138741731294026,-0.02727055602412233,-0.019183166684978076
7260_liver_sbr_Male_26-U1,tierA_p95,Hepatocytes,interferon_response,N1,0.0,5.0,0.00039174530782707013,-0.00018751498919685464,0.0010218183943586307
7260_liver_sbr_Male_26-U1,tierA_p95,Hepatocytes,interferon_response,N1,5.0,10.0,0.0008977752824135774,-0.00036377485655544114,0.0020351952553008643
7260_liver_sbr_Male_26-U1,tierA_p95,Hepatocytes,interferon_response,N1,10.0,15.0,0.0002442431605226503,-0.00028447668501960113,0.0007964630944125586
7260_liver_sbr_Male_26-U1,tierA_p95,Hepatocytes,interferon_response,N1,15.0,20.0,6.38214007352634e-05,-0.0003683267276128951,0.0005020147111287043
7260_liver_sbr_Male_26-U1,tierA_p95,Hepatocytes,interferon_response,N1,20.0,25.0,0.0001701878344316236,-0.00024268115887216783,0.000558939976218949
7260_liver_sbr_Male_26-U1,tierA_p95,Hepatocytes,interferon_response,N1,25.0,30.0,0.00021462450109138,-0.0001954573089453196,0.0006206286700256459
7260_liver_sbr_Male_26-U1,tierA_p95,Hepatocytes,interferon_response,N1,30.0,35.0,0.00030329912627799434,-0.00012373519028921546,0.0007175423954001206
7260_liver_sbr_Male_26-U1,tierA_p95,Hepatocytes,interferon_response,N1,35.0,40.0,0.000435411947752939,1.6410940478283932e-05,0.0008906684566952896
7260_liver_sbr_Male_26-U1,tierA_p95,Hepatocytes,interferon_response,N1,40.0,45.0,0.00039018028471054676,-6.760847760009326e-05,0.0008590073271605086
7260_liver_sbr_Male_26-U1,tierA_p95,Hepatocytes,interferon_response,N1,45.0,50.0,0.00047183528907502193,-9.311405525804046e-05,0.001006195680975863
7260_liver_sbr_Male_26-U1,tierA_p95,Hepatocytes,interferon_response,N1,50.0,55.0,0.0006533747441140176,7.5521751508946025e-06,0.0012459843089207253
7260_liver_sbr_Male_26-U1,tierA_p95,Hepatocytes,interferon_response,N1,55.0,60.0,0.0007039246060473102,-5.7905491841994075e-05,0.0014361183468938551
7260_liver_sbr_Male_26-U1,tierA_p95,Hepatocytes,interferon_response,N1,60.0,65.0,0.0008391763954225247,-2.5826616837444102e-05,0.001673615923226668
7260_liver_sbr_Male_26-U1,tierA_p95,Hepatocytes,interferon_response,N1,65.0,70.0,0.0009672659016511902,-5.452466272975687e-05,0.001989586352916461
7260_liver_sbr_Male_26-U1,tierA_p95,Hepatocytes,interferon_response,N1,70.0,75.0,0.0010181159538763013,-0.00017107673436892444,0.002208903006316886
7260_liver_sbr_Male_26-U1,tierA_p95,Hepatocytes,interferon_response,N1,75.0,80.0,0.001212648851270304,-0.0004034533155864262,0.0028463311032986484
7260_liver_sbr_Male_26-U1,tierA_p95,Hepatocytes,interferon_response,N1,80.0,85.0,0.0012843419977645867,-0.000577678575520318,0.0032131701849260636
7260_liver_sbr_Male_26-U1,tierA_p95,Hepatocytes,interferon_response,N1,85.0,90.0,0.0012682792792931767,-0.0011834589900925627,0.0038067348825921274
7260_liver_sbr_Male_26-U1,tierA_p95,Hepatocytes,interferon_response,N1,90.0,95.0,0.0012751043896007915,-0.0016802146023049498,0.00414642077144845
7260_liver_sbr_Male_26-U1,tierA_p95,Hepatocytes,interferon_response,N1,95.0,100.0,0.0012339923526712955,-0.0016846530176909363,0.004361487353594581
7260_liver_sbr_Male_26-U1,tierA_p95,Hepatocytes,oxidative_stress,N1,0.0,5.0,0.11965511045323944,0.1179562972944413,0.12136257325068615
7260_liver_sbr_Male_26-U1,tierA_p95,Hepatocytes,oxidative_stress,N1,5.0,10.0,0.11769244958316213,0.11413697818734016,0.1210417347868759
7260_liver_sbr_Male_26-U1,tierA_p95,Hepatocytes,oxidative_stress,N1,10.0,15.0,0.1195274710202844,0.11814615249606614,0.12084899166039086
7260_liver_sbr_Male_26-U1,tierA_p95,Hepatocytes,oxidative_stress,N1,15.0,20.0,0.12042186285672099,0.1193968664498588,0.12148569595273433
7260_liver_sbr_Male_26-U1,tierA_p95,Hepatocytes,oxidative_stress,N1,20.0,25.0,0.1199663617274994,0.11887461214649421,0.12104249196520171
7260_liver_sbr_Male_26-U1,tierA_p95,Hepatocytes,oxidative_stress,N1,25.0,30.0,0.1201645825394603,0.11910853693558297,0.1212433967941638
7260_liver_sbr_Male_26-U1,tierA_p95,Hepatocytes,oxidative_stress,N1,30.0,35.0,0.11990956691671922,0.11877621299126462,0.1209673793151762
7260_liver_sbr_Male_26-U1,tierA_p95,Hepatocytes,oxidative_stress,N1,35.0,40.0,0.11993139849258916,0.1187424020841247,0.12111204011111988
7260_liver_sbr_Male_26-U1,tierA_p95,Hepatocytes,oxidative_stress,N1,40.0,45.0,0.11991067795044523,0.11853186910407869,0.12120949604878294
7260_liver_sbr_Male_26-U1,tierA_p95,Hepatocytes,oxidative_stress,N1,45.0,50.0,0.11958844735189128,0.11814909171389926,0.12097612253692314
7260_liver_sbr_Male_26-U1,tierA_p95,Hepatocytes,oxidative_stress,N1,50.0,55.0,0.11952864346679448,0.11793917279865258,0.12127541004239682
7260_liver_sbr_Male_26-U1,tierA_p95,Hepatocytes,oxidative_stress,N1,55.0,60.0,0.1192497252324071,0.11730824492634193,0.1212312921497721
7260_liver_sbr_Male_26-U1,tierA_p95,Hepatocytes,oxidative_stress,N1,60.0,65.0,0.11906753792361596,0.11666850690699605,0.12150323885638972
7260_liver_sbr_Male_26-U1,tierA_p95,Hepatocytes,oxidative_stress,N1,65.0,70.0,0.11899371400746712,0.11627412926325367,0.12170303191246325
7260_liver_sbr_Male_26-U1,tierA_p95,Hepatocytes,oxidative_stress,N1,70.0,75.0,0.11862500942780921,0.11534227958339066,0.1220225789617156
7260_liver_sbr_Male_26-U1,tierA_p95,Hepatocytes,oxidative_stress,N1,75.0,80.0,0.11821335053342227,0.11392162615369682,0.12211975076173745
7260_liver_sbr_Male_26-U1,tierA_p95,Hepatocytes,oxidative_stress,N1,80.0,85.0,0.11834222717563345,0.11281461688962804,0.12367116280253009
7260_liver_sbr_Male_26-U1,tierA_p95,Hepatocytes,oxidative_stress,N1,85.0,90.0,0.11781953316296953,0.11098567454156104,0.12439677162761514
7260_liver_sbr_Male_26-U1,tierA_p95,Hepatocytes,oxidative_stress,N1,90.0,95.0,0.11790137087343515,0.10967383665221657,0.1256735188854604
7260_liver_sbr_Male_26-U1,tierA_p95,Hepatocytes,oxidative_stress,N1,95.0,100.0,0.11774788395127953,0.10924306715869184,0.12657975427174087
7260_liver_sbr_Male_26-U1,tierA_p95,Hepatocytes,secondary_senescence,N1,0.0,5.0,-0.03025442852444937,-0.031153463969600604,-0.029327795020230432
7260_liver_sbr_Male_26-U1,tierA_p95,Hepatocytes,secondary_senescence,N1,5.0,10.0,-0.026358091597381964,-0.02797659218301538,-0.024541566302055826
7260_liver_sbr_Male_26-U1,tierA_p95,Hepatocytes,secondary_senescence,N1,10.0,15.0,-0.029820650241254933,-0.030563248259439065,-0.029056945767221922
7260_liver_sbr_Male_26-U1,tierA_p95,Hepatocytes,secondary_senescence,N1,15.0,20.0,-0.030555729649669704,-0.031130327167370336,-0.029918147381639983
7260_liver_sbr_Male_26-U1,tierA_p95,Hepatocytes,secondary_senescence,N1,20.0,25.0,-0.030567994189248916,-0.031171382488086877,-0.029965658111407573
7260_liver_sbr_Male_26-U1,tierA_p95,Hepatocytes,secondary_senescence,N1,25.0,30.0,-0.030538913371303125,-0.031111005661968203,-0.029940706921705897
7260_liver_sbr_Male_26-U1,tierA_p95,Hepatocytes,secondary_senescence,N1,30.0,35.0,-0.030515335166853504,-0.031138165373554207,-0.029903664847067097
7260_liver_sbr_Male_26-U1,tierA_p95,Hepatocytes,secondary_senescence,N1,35.0,40.0,-0.030485314592126236,-0.031118418902153604,-0.029825884799478255
7260_liver_sbr_Male_26-U1,tierA_p95,Hepatocytes,secondary_senescence,N1,40.0,45.0,-0.030481586883288662,-0.031200930638094884,-0.029768661214826603
7260_liver_sbr_Male_26-U1,tierA_p95,Hepatocytes,secondary_senescence,N1,45.0,50.0,-0.030502737761058992,-0.031307468789202535,-0.029695277385495485
7260_liver_sbr_Male_26-U1,tierA_p95,Hepatocytes,secondary_senescence,N1,50.0,55.0,-0.030416965910419997,-0.031224976655715758,-0.029530394282742057
7260_liver_sbr_Male_26-U1,tierA_p95,Hepatocytes,secondary_senescence,N1,55.0,60.0,-0.030422833252685265,-0.0314014128332185,-0.029451896218368887
7260_liver_sbr_Male_26-U1,tierA_p95,Hepatocytes,secondary_senescence,N1,60.0,65.0,-0.030409226928625525,-0.03163160485329106,-0.029189641501213042
7260_liver_sbr_Male_26-U1,tierA_p95,Hepatocytes,secondary_senescence,N1,65.0,70.0,-0.030316626789560687,-0.0317871519114954,-0.0288984128854098
7260_liver_sbr_Male_26-U1,tierA_p95,Hepatocytes,secondary_senescence,N1,70.0,75.0,-0.030244407489443376,-0.031935910041660576,-0.028301850211710132
7260_liver_sbr_Male_26-U1,tierA_p95,Hepatocytes,secondary_senescence,N1,75.0,80.0,-0.030166306954782895,-0.032358245963347874,-0.028083262125857544
7260_liver_sbr_Male_26-U1,tierA_p95,Hepatocytes,secondary_senescence,N1,80.0,85.0,-0.030327133811858118,-0.03300236489568028,-0.027760625455601567
7260_liver_sbr_Male_26-U1,tierA_p95,Hepatocytes,secondary_senescence,N1,85.0,90.0,-0.030327509678620287,-0.033497299797295606,-0.026824218739191347
7260_liver_sbr_Male_26-U1,tierA_p95,Hepatocytes,secondary_senescence,N1,90.0,95.0,-0.030172525502049234,-0.03458251923627448,-0.02577575329134698
7260_liver_sbr_Male_26-U1,tierA_p95,Hepatocytes,secondary_senescence,N1,95.0,100.0,-0.030925348891800132,-0.0346232667914445,-0.0268810424485448
7260_liver_sbr_Male_26-U1,tierA_p95,Hepatocytes,tnfa_nfkb_proximal,N1,0.0,5.0,-0.007000775153790966,-0.007642867458088422,-0.006389295933758312
7260_liver_sbr_Male_26-U1,tierA_p95,Hepatocytes,tnfa_nfkb_proximal,N1,5.0,10.0,-0.006769366876778348,-0.007930761513502284,-0.005553522242863583
7260_liver_sbr_Male_26-U1,tierA_p95,Hepatocytes,tnfa_nfkb_proximal,N1,10.0,15.0,-0.006568602024652506,-0.00704664464058977,-0.006033615105690895
7260_liver_sbr_Male_26-U1,tierA_p95,Hepatocytes,tnfa_nfkb_proximal,N1,15.0,20.0,-0.006731578736702914,-0.00714113091597101,-0.0063330042746320555
7260_liver_sbr_Male_26-U1,tierA_p95,Hepatocytes,tnfa_nfkb_proximal,N1,20.0,25.0,-0.006728527633678636,-0.007171843920597868,-0.006317121946914883
7260_liver_sbr_Male_26-U1,tierA_p95,Hepatocytes,tnfa_nfkb_proximal,N1,25.0,30.0,-0.006836535000210494,-0.007242715796308138,-0.006426952355005179
7260_liver_sbr_Male_26-U1,tierA_p95,Hepatocytes,tnfa_nfkb_proximal,N1,30.0,35.0,-0.006937068594903449,-0.007347697477203065,-0.006522554944419932
7260_liver_sbr_Male_26-U1,tierA_p95,Hepatocytes,tnfa_nfkb_proximal,N1,35.0,40.0,-0.007059870535558112,-0.00750517186123483,-0.006589635957418207
7260_liver_sbr_Male_26-U1,tierA_p95,Hepatocytes,tnfa_nfkb_proximal,N1,40.0,45.0,-0.007161967438146257,-0.007659189790903029,-0.006663877782026743
7260_liver_sbr_Male_26-U1,tierA_p95,Hepatocytes,tnfa_nfkb_proximal,N1,45.0,50.0,-0.00722497711235411,-0.0077816687688502155,-0.006625030536590667
7260_liver_sbr_Male_26-U1,tierA_p95,Hepatocytes,tnfa_nfkb_proximal,N1,50.0,55.0,-0.007317994061942594,-0.007956857796479854,-0.006671529626490499
7260_liver_sbr_Male_26-U1,tierA_p95,Hepatocytes,tnfa_nfkb_proximal,N1,55.0,60.0,-0.007396912842107854,-0.008118776056017922,-0.006688823162724468
7260_liver_sbr_Male_26-U1,tierA_p95,Hepatocytes,tnfa_nfkb_proximal,N1,60.0,65.0,-0.007491337005964611,-0.00832041763801332,-0.006660004170299487
7260_liver_sbr_Male_26-U1,tierA_p95,Hepatocytes,tnfa_nfkb_proximal,N1,65.0,70.0,-0.007609179843856834,-0.008576133714815498,-0.006597278535671654
7260_liver_sbr_Male_26-U1,tierA_p95,Hepatocytes,tnfa_nfkb_proximal,N1,70.0,75.0,-0.007687419348213497,-0.008817713229925833,-0.006476396724564771
7260_liver_sbr_Male_26-U1,tierA_p95,Hepatocytes,tnfa_nfkb_proximal,N1,75.0,80.0,-0.007800683620107878,-0.00931831934534553,-0.006238872137563587
7260_liver_sbr_Male_26-U1,tierA_p95,Hepatocytes,tnfa_nfkb_proximal,N1,80.0,85.0,-0.007844524096619841,-0.009711280928333756,-0.005966444478038504
7260_liver_sbr_Male_26-U1,tierA_p95,Hepatocytes,tnfa_nfkb_proximal,N1,85.0,90.0,-0.00808593746106465,-0.01040180621582498,-0.0058830154763831405
7260_liver_sbr_Male_26-U1,tierA_p95,Hepatocytes,tnfa_nfkb_proximal,N1,90.0,95.0,-0.008135386946689341,-0.010926792141261781,-0.005163023899324413
7260_liver_sbr_Male_26-U1,tierA_p95,Hepatocytes,tnfa_nfkb_proximal,N1,95.0,100.0,-0.009111256672982725,-0.012370661654537905,-0.005826232509340189
7260_liver_sbr_Male_26-U1,tierA_p95,Hepatocytes,downstream_arrest,N3,0.0,5.0,0.006414407311913177,0.004885662518573421,0.007996085382679412
7260_liver_sbr_Male_26-U1,tierA_p95,Hepatocytes,downstream_arrest,N3,5.0,10.0,0.006438156402197103,0.0051995458784919015,0.007650304580103739
7260_liver_sbr_Male_26-U1,tierA_p95,Hepatocytes,downstream_arrest,N3,10.0,15.0,0.006448714318155783,0.00530889858020113,0.007578909709894478
7260_liver_sbr_Male_26-U1,tierA_p95,Hepatocytes,downstream_arrest,N3,15.0,20.0,0.00644632049596777,0.005368829822610125,0.007530741100243618
7260_liver_sbr_Male_26-U1,tierA_p95,Hepatocytes,downstream_arrest,N3,20.0,25.0,0.006440957609180329,0.005369207090526782,0.007513340560335901
7260_liver_sbr_Male_26-U1,tierA_p95,Hepatocytes,downstream_arrest,N3,25.0,30.0,0.006450992547269543,0.00539895795865391,0.00748902877247879
7260_liver_sbr_Male_26-U1,tierA_p95,Hepatocytes,downstream_arrest,N3,30.0,35.0,0.006450903553846412,0.005446818963676335,0.007462320201755123
7260_liver_sbr_Male_26-U1,tierA_p95,Hepatocytes,downstream_arrest,N3,35.0,40.0,0.00642862933441411,0.005476019120200803,0.007373518263981697
7260_liver_sbr_Male_26-U1,tierA_p95,Hepatocytes,downstream_arrest,N3,40.0,45.0,0.0064333218697863745,0.005467373017261763,0.0074087306210693015
7260_liver_sbr_Male_26-U1,tierA_p95,Hepatocytes,downstream_arrest,N3,45.0,50.0,0.006449168945103865,0.005503948009113523,0.007378169519263673
7260_liver_sbr_Male_26-U1,tierA_p95,Hepatocytes,downstream_arrest,N3,50.0,55.0,0.0064368867596449626,0.005504319353642947,0.007370490381451252
7260_liver_sbr_Male_26-U1,tierA_p95,Hepatocytes,downstream_arrest,N3,55.0,60.0,0.006423330128160947,0.005504765940946221,0.007332531727374363
7260_liver_sbr_Male_26-U1,tierA_p95,Hepatocytes,downstream_arrest,N3,60.0,65.0,0.006427719059555311,0.005481557244455172,0.007443775670049155
7260_liver_sbr_Male_26-U1,tierA_p95,Hepatocytes,downstream_arrest,N3,65.0,70.0,0.006417995969647471,0.005357095843512867,0.00746478058450455
7260_liver_sbr_Male_26-U1,tierA_p95,Hepatocytes,downstream_arrest,N3,70.0,75.0,0.006428706552275474,0.005238008288551969,0.007656333434674396
7260_liver_sbr_Male_26-U1,tierA_p95,Hepatocytes,downstream_arrest,N3,75.0,80.0,0.006427132969470165,0.005112786393781052,0.007794628981076964
7260_liver_sbr_Male_26-U1,tierA_p95,Hepatocytes,downstream_arrest,N3,80.0,85.0,0.006453218542550625,0.004918577065096754,0.007899464514640587
7260_liver_sbr_Male_26-U1,tierA_p95,Hepatocytes,downstream_arrest,N3,85.0,90.0,0.0064249619291692605,0.004799510361493321,0.008224129549592776
7260_liver_sbr_Male_26-U1,tierA_p95,Hepatocytes,downstream_arrest,N3,90.0,95.0,0.006413717393167858,0.004563189150325818,0.008531261156876115
7260_liver_sbr_Male_26-U1,tierA_p95,Hepatocytes,downstream_arrest,N3,95.0,100.0,0.006526619510395881,0.0048687341029823175,0.009362244014545933
7260_liver_sbr_Male_26-U1,tierA_p95,Hepatocytes,emt_ecm,N3,0.0,5.0,0.007089224593144133,0.005192313105190173,0.00895116599966448
7260_liver_sbr_Male_26-U1,tierA_p95,Hepatocytes,emt_ecm,N3,5.0,10.0,0.007094084656452132,0.005631839516683341,0.008702414206137947
7260_liver_sbr_Male_26-U1,tierA_p95,Hepatocytes,emt_ecm,N3,10.0,15.0,0.0070835756818888205,0.005741904029052013,0.008524219795282903
7260_liver_sbr_Male_26-U1,tierA_p95,Hepatocytes,emt_ecm,N3,15.0,20.0,0.0071087728735596415,0.005802152140589349,0.008460933746741589
7260_liver_sbr_Male_26-U1,tierA_p95,Hepatocytes,emt_ecm,N3,20.0,25.0,0.007084069677048045,0.005863843715847479,0.008431500402693814
7260_liver_sbr_Male_26-U1,tierA_p95,Hepatocytes,emt_ecm,N3,25.0,30.0,0.007069813071968127,0.005855925707372821,0.008443803051865437
7260_liver_sbr_Male_26-U1,tierA_p95,Hepatocytes,emt_ecm,N3,30.0,35.0,0.007089127053902779,0.005898963212680071,0.008435351851763456
7260_liver_sbr_Male_26-U1,tierA_p95,Hepatocytes,emt_ecm,N3,35.0,40.0,0.007095715009217255,0.005877175755024671,0.008371303289569062
7260_liver_sbr_Male_26-U1,tierA_p95,Hepatocytes,emt_ecm,N3,40.0,45.0,0.00709707461453576,0.005870205968054139,0.00837673054367456
7260_liver_sbr_Male_26-U1,tierA_p95,Hepatocytes,emt_ecm,N3,45.0,50.0,0.007101352856001678,0.005877480885000383,0.008560850763991988
7260_liver_sbr_Male_26-U1,tierA_p95,Hepatocytes,emt_ecm,N3,50.0,55.0,0.007094627939849255,0.005812479001438371,0.008364558266551442
7260_liver_sbr_Male_26-U1,tierA_p95,Hepatocytes,emt_ecm,N3,55.0,60.0,0.0070758670449297305,0.005745388706709351,0.008344413508817941
7260_liver_sbr_Male_26-U1,tierA_p95,Hepatocytes,emt_ecm,N3,60.0,65.0,0.007090412131099379,0.0057887602381370105,0.008380844610069714
7260_liver_sbr_Male_26-U1,tierA_p95,Hepatocytes,emt_ecm,N3,65.0,70.0,0.007101091891334119,0.005531233280611533,0.008510662766464935
7260_liver_sbr_Male_26-U1,tierA_p95,Hepatocytes,emt_ecm,N3,70.0,75.0,0.007099210547116708,0.005581795246488812,0.008656004015010769
7260_liver_sbr_Male_26-U1,tierA_p95,Hepatocytes,emt_ecm,N3,75.0,80.0,0.007119979706609536,0.005533130298960542,0.008853982043877202
7260_liver_sbr_Male_26-U1,tierA_p95,Hepatocytes,emt_ecm,N3,80.0,85.0,0.00702422054228389,0.0052397170564126745,0.00889787986701596
7260_liver_sbr_Male_26-U1,tierA_p95,Hepatocytes,emt_ecm,N3,85.0,90.0,0.006995015418681277,0.004795833497209451,0.0090305036368818
7260_liver_sbr_Male_26-U1,tierA_p95,Hepatocytes,emt_ecm,N3,90.0,95.0,0.0070498052493029395,0.004692574522791635,0.009232943760498904
7260_liver_sbr_Male_26-U1,tierA_p95,Hepatocytes,emt_ecm,N3,95.0,100.0,0.006757876534349642,0.0019973615517739347,0.00899326561524558
7260_liver_sbr_Male_26-U1,tierA_p95,Hepatocytes,il6_jak_stat3,N3,0.0,5.0,-0.02214917555325858,-0.023978356326152816,-0.020275717342999624
7260_liver_sbr_Male_26-U1,tierA_p95,Hepatocytes,il6_jak_stat3,N3,5.0,10.0,-0.022151687756923586,-0.023613811296953977,-0.020908675672798346
7260_liver_sbr_Male_26-U1,tierA_p95,Hepatocytes,il6_jak_stat3,N3,10.0,15.0,-0.022156618780631954,-0.023453761547331337,-0.021013254012796447
7260_liver_sbr_Male_26-U1,tierA_p95,Hepatocytes,il6_jak_stat3,N3,15.0,20.0,-0.022161725404357086,-0.023373855133298007,-0.021053914780997586
7260_liver_sbr_Male_26-U1,tierA_p95,Hepatocytes,il6_jak_stat3,N3,20.0,25.0,-0.022150016153309072,-0.023377385933867453,-0.021016738755330517
7260_liver_sbr_Male_26-U1,tierA_p95,Hepatocytes,il6_jak_stat3,N3,25.0,30.0,-0.02213351788861408,-0.02339101376219436,-0.021081400660550757
7260_liver_sbr_Male_26-U1,tierA_p95,Hepatocytes,il6_jak_stat3,N3,30.0,35.0,-0.022152272793436775,-0.023419431212121776,-0.021043756154162947
7260_liver_sbr_Male_26-U1,tierA_p95,Hepatocytes,il6_jak_stat3,N3,35.0,40.0,-0.022146712798930938,-0.023461080690997282,-0.021052700326950394
7260_liver_sbr_Male_26-U1,tierA_p95,Hepatocytes,il6_jak_stat3,N3,40.0,45.0,-0.022128080979481567,-0.02339595142173751,-0.02099407487604487
7260_liver_sbr_Male_26-U1,tierA_p95,Hepatocytes,il6_jak_stat3,N3,45.0,50.0,-0.0221413067430446,-0.023488366791145205,-0.020956043025606975
7260_liver_sbr_Male_26-U1,tierA_p95,Hepatocytes,il6_jak_stat3,N3,50.0,55.0,-0.022146345221656982,-0.023473176670169613,-0.02080873613855233
7260_liver_sbr_Male_26-U1,tierA_p95,Hepatocytes,il6_jak_stat3,N3,55.0,60.0,-0.022156724076492253,-0.023471677779778623,-0.020888790718035365
7260_liver_sbr_Male_26-U1,tierA_p95,Hepatocytes,il6_jak_stat3,N3,60.0,65.0,-0.022145837960752722,-0.02363884451540787,-0.02077314268487944
7260_liver_sbr_Male_26-U1,tierA_p95,Hepatocytes,il6_jak_stat3,N3,65.0,70.0,-0.022166541056044226,-0.023746523411602438,-0.020708340675424135
7260_liver_sbr_Male_26-U1,tierA_p95,Hepatocytes,il6_jak_stat3,N3,70.0,75.0,-0.022193611472808534,-0.023814100370044753,-0.02060928914143504
7260_liver_sbr_Male_26-U1,tierA_p95,Hepatocytes,il6_jak_stat3,N3,75.0,80.0,-0.022210147747750854,-0.024122689387115943,-0.020398204749403563
7260_liver_sbr_Male_26-U1,tierA_p95,Hepatocytes,il6_jak_stat3,N3,80.0,85.0,-0.02226277988092971,-0.024561211210590458,-0.020412919766375204
7260_liver_sbr_Male_26-U1,tierA_p95,Hepatocytes,il6_jak_stat3,N3,85.0,90.0,-0.02226554802189282,-0.0245814315254738,-0.02030856843894426
7260_liver_sbr_Male_26-U1,tierA_p95,Hepatocytes,il6_jak_stat3,N3,90.0,95.0,-0.022256840594694707,-0.02472337842079085,-0.02006566718539004
7260_liver_sbr_Male_26-U1,tierA_p95,Hepatocytes,il6_jak_stat3,N3,95.0,100.0,-0.02250469619757621,-0.025928081188867864,-0.02011979007570933
7260_liver_sbr_Male_26-U1,tierA_p95,Hepatocytes,interferon_response,N3,0.0,5.0,0.0003827519936969339,-0.0014824964761456147,0.002090115287755654
7260_liver_sbr_Male_26-U1,tierA_p95,Hepatocytes,interferon_response,N3,5.0,10.0,0.00038601804261572656,-0.001140270444585506,0.00171557478683764
7260_liver_sbr_Male_26-U1,tierA_p95,Hepatocytes,interferon_response,N3,10.0,15.0,0.0003551359140392959,-0.0011550387208002228,0.0016515656967694776
7260_liver_sbr_Male_26-U1,tierA_p95,Hepatocytes,interferon_response,N3,15.0,20.0,0.00039380020575025145,-0.0010897191086359965,0.001596511186104132
7260_liver_sbr_Male_26-U1,tierA_p95,Hepatocytes,interferon_response,N3,20.0,25.0,0.00038070971019859933,-0.0010507198888358117,0.001592675054911795
7260_liver_sbr_Male_26-U1,tierA_p95,Hepatocytes,interferon_response,N3,25.0,30.0,0.0003866754665183264,-0.001094913202957693,0.001590057762296752
7260_liver_sbr_Male_26-U1,tierA_p95,Hepatocytes,interferon_response,N3,30.0,35.0,0.00036938581832450854,-0.0011042704717239458,0.0015634664293494558
7260_liver_sbr_Male_26-U1,tierA_p95,Hepatocytes,interferon_response,N3,35.0,40.0,0.00037582284917381687,-0.0009887959781029023,0.0015118980531550277
7260_liver_sbr_Male_26-U1,tierA_p95,Hepatocytes,interferon_response,N3,40.0,45.0,0.0003844721841795621,-0.001057238550863412,0.0015528601661205284
7260_liver_sbr_Male_26-U1,tierA_p95,Hepatocytes,interferon_response,N3,45.0,50.0,0.0003845171439391596,-0.0009919141460670903,0.001514776223730671
7260_liver_sbr_Male_26-U1,tierA_p95,Hepatocytes,interferon_response,N3,50.0,55.0,0.00039813814207357564,-0.0009743911179904163,0.00162511680087626
7260_liver_sbr_Male_26-U1,tierA_p95,Hepatocytes,interferon_response,N3,55.0,60.0,0.00039389026140878534,-0.0010261505314225793,0.0017234487832594046
7260_liver_sbr_Male_26-U1,tierA_p95,Hepatocytes,interferon_response,N3,60.0,65.0,0.00040985931356551236,-0.0009960586572539355,0.0016165237148125335
7260_liver_sbr_Male_26-U1,tierA_p95,Hepatocytes,interferon_response,N3,65.0,70.0,0.00041122652609993103,-0.0010426012304608745,0.0017848411918225916
7260_liver_sbr_Male_26-U1,tierA_p95,Hepatocytes,interferon_response,N3,70.0,75.0,0.0003800329351002486,-0.0010953450480471548,0.0018499811996576237
7260_liver_sbr_Male_26-U1,tierA_p95,Hepatocytes,interferon_response,N3,75.0,80.0,0.0004027908918688574,-0.001182999744510207,0.0020108908194275926
7260_liver_sbr_Male_26-U1,tierA_p95,Hepatocytes,interferon_response,N3,80.0,85.0,0.0004003567004691789,-0.0012377107232297883,0.001988670688805705
7260_liver_sbr_Male_26-U1,tierA_p95,Hepatocytes,interferon_response,N3,85.0,90.0,0.0004058193549090434,-0.0014993883595188176,0.002253173231445881
7260_liver_sbr_Male_26-U1,tierA_p95,Hepatocytes,interferon_response,N3,90.0,95.0,0.0003600771524731984,-0.001650675865269793,0.002371083945595672
7260_liver_sbr_Male_26-U1,tierA_p95,Hepatocytes,interferon_response,N3,95.0,100.0,0.00015106980870644517,-0.0025065475598949043,0.0031382783340693
7260_liver_sbr_Male_26-U1,tierA_p95,Hepatocytes,oxidative_stress,N3,0.0,5.0,0.11963942963549591,0.11405562628274427,0.12550353650584062
7260_liver_sbr_Male_26-U1,tierA_p95,Hepatocytes,oxidative_stress,N3,5.0,10.0,0.11972150650132313,0.11519889834032705,0.12453633111178657
7260_liver_sbr_Male_26-U1,tierA_p95,Hepatocytes,oxidative_stress,N3,10.0,15.0,0.11972947007046988,0.11528223576637324,0.12449140900367497
7260_liver_sbr_Male_26-U1,tierA_p95,Hepatocytes,oxidative_stress,N3,15.0,20.0,0.11968923136584486,0.11558719175803432,0.12438197753589426
7260_liver_sbr_Male_26-U1,tierA_p95,Hepatocytes,oxidative_stress,N3,20.0,25.0,0.11970524727573095,0.1156903518149597,0.12419774817039544
7260_liver_sbr_Male_26-U1,tierA_p95,Hepatocytes,oxidative_stress,N3,25.0,30.0,0.11972353512559958,0.11573971178690413,0.12409968583103637
7260_liver_sbr_Male_26-U1,tierA_p95,Hepatocytes,oxidative_stress,N3,30.0,35.0,0.11971125381424355,0.11587947198088314,0.12400936984871634
7260_liver_sbr_Male_26-U1,tierA_p95,Hepatocytes,oxidative_stress,N3,35.0,40.0,0.11970917126573304,0.1159964082371176,0.1237857683720364
7260_liver_sbr_Male_26-U1,tierA_p95,Hepatocytes,oxidative_stress,N3,40.0,45.0,0.1196675980374091,0.115926470479109,0.12370454062047227
7260_liver_sbr_Male_26-U1,tierA_p95,Hepatocytes,oxidative_stress,N3,45.0,50.0,0.11970682833320122,0.11592626146882984,0.12349067502314165
7260_liver_sbr_Male_26-U1,tierA_p95,Hepatocytes,oxidative_stress,N3,50.0,55.0,0.11964576633264115,0.11591045914966769,0.12342586439836424
7260_liver_sbr_Male_26-U1,tierA_p95,Hepatocytes,oxidative_stress,N3,55.0,60.0,0.1196833297513603,0.11604966490617562,0.12353291355092096
7260_liver_sbr_Male_26-U1,tierA_p95,Hepatocytes,oxidative_stress,N3,60.0,65.0,0.11967633675675045,0.11599940472725129,0.1234467278415692
7260_liver_sbr_Male_26-U1,tierA_p95,Hepatocytes,oxidative_stress,N3,65.0,70.0,0.1197734075007118,0.11599889963692643,0.12357988257796135
7260_liver_sbr_Male_26-U1,tierA_p95,Hepatocytes,oxidative_stress,N3,70.0,75.0,0.11981234283131383,0.1157759550471658,0.12394243687538649
7260_liver_sbr_Male_26-U1,tierA_p95,Hepatocytes,oxidative_stress,N3,75.0,80.0,0.11978158040442774,0.11481851482754304,0.12457345079307713
7260_liver_sbr_Male_26-U1,tierA_p95,Hepatocytes,oxidative_stress,N3,80.0,85.0,0.11976046685744571,0.11404165280482034,0.12545013540973451
7260_liver_sbr_Male_26-U1,tierA_p95,Hepatocytes,oxidative_stress,N3,85.0,90.0,0.11978189166409459,0.11325131644726066,0.12649923676911773
7260_liver_sbr_Male_26-U1,tierA_p95,Hepatocytes,oxidative_stress,N3,90.0,95.0,0.11991167006294336,0.11305386135687497,0.1278866686353878
7260_liver_sbr_Male_26-U1,tierA_p95,Hepatocytes,oxidative_stress,N3,95.0,100.0,0.12047187085229279,0.11253139963840869,0.1328751819302085
7260_liver_sbr_Male_26-U1,tierA_p95,Hepatocytes,secondary_senescence,N3,0.0,5.0,-0.030358619492806254,-0.032428899515929276,-0.02836673386696996
7260_liver_sbr_Male_26-U1,tierA_p95,Hepatocytes,secondary_senescence,N3,5.0,10.0,-0.030374176947297563,-0.03176859850139744,-0.029079416242812003
7260_liver_sbr_Male_26-U1,tierA_p95,Hepatocytes,secondary_senescence,N3,10.0,15.0,-0.030341533147164864,-0.031465980801329126,-0.029283616236380736
7260_liver_sbr_Male_26-U1,tierA_p95,Hepatocytes,secondary_senescence,N3,15.0,20.0,-0.03035387066320129,-0.03143114765920815,-0.029351733291660614
7260_liver_sbr_Male_26-U1,tierA_p95,Hepatocytes,secondary_senescence,N3,20.0,25.0,-0.030360289333851084,-0.031341380508472266,-0.029444027767968995
7260_liver_sbr_Male_26-U1,tierA_p95,Hepatocytes,secondary_senescence,N3,25.0,30.0,-0.030324124504732923,-0.031331049534372594,-0.029393918060596783
7260_liver_sbr_Male_26-U1,tierA_p95,Hepatocytes,secondary_senescence,N3,30.0,35.0,-0.03033863504711062,-0.03127291168871179,-0.02942720550990878
7260_liver_sbr_Male_26-U1,tierA_p95,Hepatocytes,secondary_senescence,N3,35.0,40.0,-0.03032858231286836,-0.03145334795322573,-0.029343106612899923
7260_liver_sbr_Male_26-U1,tierA_p95,Hepatocytes,secondary_senescence,N3,40.0,45.0,-0.030352127172884016,-0.03141437675940502,-0.02930015132395756
7260_liver_sbr_Male_26-U1,tierA_p95,Hepatocytes,secondary_senescence,N3,45.0,50.0,-0.03035165258085958,-0.031476150381230104,-0.029295795373193798
7260_liver_sbr_Male_26-U1,tierA_p95,Hepatocytes,secondary_senescence,N3,50.0,55.0,-0.03033685469800879,-0.03150865719879344,-0.02916083453545268
7260_liver_sbr_Male_26-U1,tierA_p95,Hepatocytes,secondary_senescence,N3,55.0,60.0,-0.030348604503648718,-0.031667999115138214,-0.029144376493850408
7260_liver_sbr_Male_26-U1,tierA_p95,Hepatocytes,secondary_senescence,N3,60.0,65.0,-0.03038940046796347,-0.031835080370559224,-0.028996003480884713
7260_liver_sbr_Male_26-U1,tierA_p95,Hepatocytes,secondary_senescence,N3,65.0,70.0,-0.030361223165154896,-0.03190322805609629,-0.028892720294006812
7260_liver_sbr_Male_26-U1,tierA_p95,Hepatocytes,secondary_senescence,N3,70.0,75.0,-0.030376105512899675,-0.03207183654086773,-0.02867168998315687
7260_liver_sbr_Male_26-U1,tierA_p95,Hepatocytes,secondary_senescence,N3,75.0,80.0,-0.030410468323978933,-0.03228322517368907,-0.028490451643871675
7260_liver_sbr_Male_26-U1,tierA_p95,Hepatocytes,secondary_senescence,N3,80.0,85.0,-0.03044011974511453,-0.032487610996195036,-0.028275965626671288
7260_liver_sbr_Male_26-U1,tierA_p95,Hepatocytes,secondary_senescence,N3,85.0,90.0,-0.030430237049271915,-0.03273606733979994,-0.027893854904621405
7260_liver_sbr_Male_26-U1,tierA_p95,Hepatocytes,secondary_senescence,N3,90.0,95.0,-0.030367301182817413,-0.03267430655323497,-0.027809049429852586
7260_liver_sbr_Male_26-U1,tierA_p95,Hepatocytes,secondary_senescence,N3,95.0,100.0,-0.0305647270858601,-0.03309838910271801,-0.02917423250324366
7260_liver_sbr_Male_26-U1,tierA_p95,Hepatocytes,tnfa_nfkb_proximal,N3,0.0,5.0,-0.006990593179414741,-0.008443387982977545,-0.005522191608727175
7260_liver_sbr_Male_26-U1,tierA_p95,Hepatocytes,tnfa_nfkb_proximal,N3,5.0,10.0,-0.007002236154237026,-0.007926585356634333,-0.006041973291473862
7260_liver_sbr_Male_26-U1,tierA_p95,Hepatocytes,tnfa_nfkb_proximal,N3,10.0,15.0,-0.006986024170965239,-0.007826971002454565,-0.006082480827266626
7260_liver_sbr_Male_26-U1,tierA_p95,Hepatocytes,tnfa_nfkb_proximal,N3,15.0,20.0,-0.006999290917272454,-0.007786955866635259,-0.006217857609543341
7260_liver_sbr_Male_26-U1,tierA_p95,Hepatocytes,tnfa_nfkb_proximal,N3,20.0,25.0,-0.007003067247338242,-0.00770700900713677,-0.0062451112536988105
7260_liver_sbr_Male_26-U1,tierA_p95,Hepatocytes,tnfa_nfkb_proximal,N3,25.0,30.0,-0.006989587380523121,-0.007710307402059189,-0.0062427637922534964
7260_liver_sbr_Male_26-U1,tierA_p95,Hepatocytes,tnfa_nfkb_proximal,N3,30.0,35.0,-0.006974364028685918,-0.007691855425511774,-0.0062195536065733125
7260_liver_sbr_Male_26-U1,tierA_p95,Hepatocytes,tnfa_nfkb_proximal,N3,35.0,40.0,-0.006968520044253303,-0.0076670434178098806,-0.006187429437456948
7260_liver_sbr_Male_26-U1,tierA_p95,Hepatocytes,tnfa_nfkb_proximal,N3,40.0,45.0,-0.0069915500156035116,-0.007732602897083061,-0.006247688796647822
7260_liver_sbr_Male_26-U1,tierA_p95,Hepatocytes,tnfa_nfkb_proximal,N3,45.0,50.0,-0.006992900895483913,-0.007824472294308422,-0.006179793792151673
7260_liver_sbr_Male_26-U1,tierA_p95,Hepatocytes,tnfa_nfkb_proximal,N3,50.0,55.0,-0.0069805651736925284,-0.0077303377603461735,-0.00614898615843708
7260_liver_sbr_Male_26-U1,tierA_p95,Hepatocytes,tnfa_nfkb_proximal,N3,55.0,60.0,-0.006996173160656998,-0.007906927585481099,-0.006059665009413274
7260_liver_sbr_Male_26-U1,tierA_p95,Hepatocytes,tnfa_nfkb_proximal,N3,60.0,65.0,-0.006993549210959479,-0.00798973406103149,-0.00607314787687296
7260_liver_sbr_Male_26-U1,tierA_p95,Hepatocytes,tnfa_nfkb_proximal,N3,65.0,70.0,-0.007020571636695317,-0.008128060763437615,-0.005887106772371671
7260_liver_sbr_Male_26-U1,tierA_p95,Hepatocytes,tnfa_nfkb_proximal,N3,70.0,75.0,-0.007053460067454606,-0.008311232414632979,-0.005918319316014119
7260_liver_sbr_Male_26-U1,tierA_p95,Hepatocytes,tnfa_nfkb_proximal,N3,75.0,80.0,-0.0070440219248586984,-0.008340030428163206,-0.005696740760360317
7260_liver_sbr_Male_26-U1,tierA_p95,Hepatocytes,tnfa_nfkb_proximal,N3,80.0,85.0,-0.007117862650804699,-0.008740786641796679,-0.005496876500310863
7260_liver_sbr_Male_26-U1,tierA_p95,Hepatocytes,tnfa_nfkb_proximal,N3,85.0,90.0,-0.0070642225232273636,-0.008860265361375477,-0.0052103793357548885
7260_liver_sbr_Male_26-U1,tierA_p95,Hepatocytes,tnfa_nfkb_proximal,N3,90.0,95.0,-0.00709713733711096,-0.009147407925683061,-0.0051815430979342105
7260_liver_sbr_Male_26-U1,tierA_p95,Hepatocytes,tnfa_nfkb_proximal,N3,95.0,100.0,-0.007161544766471602,-0.008947321202902519,-0.0060512914088178636
7260_liver_sbr_Male_26-U1,tierA_p95,Hepatocytes,downstream_arrest,N4,0.0,5.0,0.006222295746172613,0.005197573917158199,0.00728243865090226
7260_liver_sbr_Male_26-U1,tierA_p95,Hepatocytes,downstream_arrest,N4,5.0,10.0,0.006188687220686325,0.00546776435562978,0.006866824087811772
7260_liver_sbr_Male_26-U1,tierA_p95,Hepatocytes,downstream_arrest,N4,10.0,15.0,0.006211593300357479,0.005649194940458309,0.00675692213840867
7260_liver_sbr_Male_26-U1,tierA_p95,Hepatocytes,downstream_arrest,N4,15.0,20.0,0.006217655932401876,0.005628455298247641,0.006706028672240276
7260_liver_sbr_Male_26-U1,tierA_p95,Hepatocytes,downstream_arrest,N4,20.0,25.0,0.006218644791645557,0.005725891309278532,0.006725554119205722
7260_liver_sbr_Male_26-U1,tierA_p95,Hepatocytes,downstream_arrest,N4,25.0,30.0,0.006223188781979909,0.005661596506274635,0.006704320959526973
7260_liver_sbr_Male_26-U1,tierA_p95,Hepatocytes,downstream_arrest,N4,30.0,35.0,0.006229305579517032,0.005715375882311112,0.006766300872229204
7260_liver_sbr_Male_26-U1,tierA_p95,Hepatocytes,downstream_arrest,N4,35.0,40.0,0.006232261894246278,0.005688077747854863,0.00677074782130681
7260_liver_sbr_Male_26-U1,tierA_p95,Hepatocytes,downstream_arrest,N4,40.0,45.0,0.006255650927017619,0.005659495691183743,0.006833295770772382
7260_liver_sbr_Male_26-U1,tierA_p95,Hepatocytes,downstream_arrest,N4,45.0,50.0,0.006276517721124228,0.005626637776998307,0.006946206452677518
7260_liver_sbr_Male_26-U1,tierA_p95,Hepatocytes,downstream_arrest,N4,50.0,55.0,0.0062880709901163056,0.0055925169202649255,0.0069830139519853
7260_liver_sbr_Male_26-U1,tierA_p95,Hepatocytes,downstream_arrest,N4,55.0,60.0,0.006347207432403113,0.005613223389279109,0.007171652690785058
7260_liver_sbr_Male_26-U1,tierA_p95,Hepatocytes,downstream_arrest,N4,60.0,65.0,0.0063927542898726784,0.005596463687248834,0.007253052543107942
7260_liver_sbr_Male_26-U1,tierA_p95,Hepatocytes,downstream_arrest,N4,65.0,70.0,0.00642307988614404,0.005493821052273695,0.007468374266475933
7260_liver_sbr_Male_26-U1,tierA_p95,Hepatocytes,downstream_arrest,N4,70.0,75.0,0.006495600716709411,0.005382232539199614,0.007661302498335118
7260_liver_sbr_Male_26-U1,tierA_p95,Hepatocytes,downstream_arrest,N4,75.0,80.0,0.00663006471812244,0.0053196580889177695,0.007941067905890987
7260_liver_sbr_Male_26-U1,tierA_p95,Hepatocytes,downstream_arrest,N4,80.0,85.0,0.006686341589560463,0.005290615063033916,0.008095463810184118
7260_liver_sbr_Male_26-U1,tierA_p95,Hepatocytes,downstream_arrest,N4,85.0,90.0,0.006824585889141906,0.005314145008177157,0.008403309964460554
7260_liver_sbr_Male_26-U1,tierA_p95,Hepatocytes,downstream_arrest,N4,90.0,95.0,0.006952369495148264,0.0051114186379729205,0.008853229488881747
7260_liver_sbr_Male_26-U1,tierA_p95,Hepatocytes,downstream_arrest,N4,95.0,100.0,0.007197699540606372,0.004614861598740526,0.008887167820481942
7260_liver_sbr_Male_26-U1,tierA_p95,Hepatocytes,emt_ecm,N4,0.0,5.0,0.00780142034862185,0.006519880842572032,0.009059364404335725
7260_liver_sbr_Male_26-U1,tierA_p95,Hepatocytes,emt_ecm,N4,5.0,10.0,0.007789144704370652,0.0070037418805016785,0.0085976737266328
7260_liver_sbr_Male_26-U1,tierA_p95,Hepatocytes,emt_ecm,N4,10.0,15.0,0.007805020496972285,0.007120989132043533,0.008502779818347576
7260_liver_sbr_Male_26-U1,tierA_p95,Hepatocytes,emt_ecm,N4,15.0,20.0,0.007798218740681417,0.007207031594563608,0.008433797050688323
7260_liver_sbr_Male_26-U1,tierA_p95,Hepatocytes,emt_ecm,N4,20.0,25.0,0.007823123789002285,0.0072465724220624125,0.008439600327549245
7260_liver_sbr_Male_26-U1,tierA_p95,Hepatocytes,emt_ecm,N4,25.0,30.0,0.00778234181299784,0.00717304799565283,0.008407447796192203
7260_liver_sbr_Male_26-U1,tierA_p95,Hepatocytes,emt_ecm,N4,30.0,35.0,0.00777943017520891,0.007127802394346662,0.008385232324930322
7260_liver_sbr_Male_26-U1,tierA_p95,Hepatocytes,emt_ecm,N4,35.0,40.0,0.007775029049586827,0.007084569399748305,0.008451996724011307
7260_liver_sbr_Male_26-U1,tierA_p95,Hepatocytes,emt_ecm,N4,40.0,45.0,0.007758215739174762,0.0070488385493990904,0.008443772394768704
7260_liver_sbr_Male_26-U1,tierA_p95,Hepatocytes,emt_ecm,N4,45.0,50.0,0.007660752215282898,0.0068735613084509395,0.008423997984332599
7260_liver_sbr_Male_26-U1,tierA_p95,Hepatocytes,emt_ecm,N4,50.0,55.0,0.007651783134287329,0.00666900825388351,0.008499883912211435
7260_liver_sbr_Male_26-U1,tierA_p95,Hepatocytes,emt_ecm,N4,55.0,60.0,0.007569646393000358,0.0066220698654948845,0.00851308558490961
7260_liver_sbr_Male_26-U1,tierA_p95,Hepatocytes,emt_ecm,N4,60.0,65.0,0.007472936053357618,0.006297386727930485,0.008465959417307933
7260_liver_sbr_Male_26-U1,tierA_p95,Hepatocytes,emt_ecm,N4,65.0,70.0,0.007306949551772977,0.006001386332017557,0.008421285081649814
7260_liver_sbr_Male_26-U1,tierA_p95,Hepatocytes,emt_ecm,N4,70.0,75.0,0.00712665955151537,0.005826510566243606,0.008325273032219789
7260_liver_sbr_Male_26-U1,tierA_p95,Hepatocytes,emt_ecm,N4,75.0,80.0,0.006922925407748972,0.005484456592687914,0.008342893559646259
7260_liver_sbr_Male_26-U1,tierA_p95,Hepatocytes,emt_ecm,N4,80.0,85.0,0.006661259857138556,0.005022217091709494,0.008270874799490216
7260_liver_sbr_Male_26-U1,tierA_p95,Hepatocytes,emt_ecm,N4,85.0,90.0,0.006377230692170213,0.004670426916969076,0.008162104675984072
7260_liver_sbr_Male_26-U1,tierA_p95,Hepatocytes,emt_ecm,N4,90.0,95.0,0.006001506418087612,0.003952470899352722,0.008230797884643344
7260_liver_sbr_Male_26-U1,tierA_p95,Hepatocytes,emt_ecm,N4,95.0,100.0,0.0037400721080293425,0.0022343721442961593,0.0048361645961140405
7260_liver_sbr_Male_26-U1,tierA_p95,Hepatocytes,il6_jak_stat3,N4,0.0,5.0,-0.021524135218558726,-0.022923070090626337,-0.02012925499897442
7260_liver_sbr_Male_26-U1,tierA_p95,Hepatocytes,il6_jak_stat3,N4,5.0,10.0,-0.021529527350060126,-0.022442084036568163,-0.020639737684130514
7260_liver_sbr_Male_26-U1,tierA_p95,Hepatocytes,il6_jak_stat3,N4,10.0,15.0,-0.021522941067469426,-0.022203037418011273,-0.020818255359185092
7260_liver_sbr_Male_26-U1,tierA_p95,Hepatocytes,il6_jak_stat3,N4,15.0,20.0,-0.021514886535662428,-0.022169634177472627,-0.0208922180824228
7260_liver_sbr_Male_26-U1,tierA_p95,Hepatocytes,il6_jak_stat3,N4,20.0,25.0,-0.021531809840203014,-0.022149136567146715,-0.020955487743000274
7260_liver_sbr_Male_26-U1,tierA_p95,Hepatocytes,il6_jak_stat3,N4,25.0,30.0,-0.021541138930362563,-0.022172671051719946,-0.020880909214265768
7260_liver_sbr_Male_26-U1,tierA_p95,Hepatocytes,il6_jak_stat3,N4,30.0,35.0,-0.021555877601922686,-0.02221446495564146,-0.020944488835998552
7260_liver_sbr_Male_26-U1,tierA_p95,Hepatocytes,il6_jak_stat3,N4,35.0,40.0,-0.021536683724827626,-0.022158182076537553,-0.020904544571180243
7260_liver_sbr_Male_26-U1,tierA_p95,Hepatocytes,il6_jak_stat3,N4,40.0,45.0,-0.02156517315904637,-0.022222771279951876,-0.0208117206333185
7260_liver_sbr_Male_26-U1,tierA_p95,Hepatocytes,il6_jak_stat3,N4,45.0,50.0,-0.021578097450787776,-0.02236157149755013,-0.020829198725705926
7260_liver_sbr_Male_26-U1,tierA_p95,Hepatocytes,il6_jak_stat3,N4,50.0,55.0,-0.02164037471737265,-0.022447047973252775,-0.02075200068552356
7260_liver_sbr_Male_26-U1,tierA_p95,Hepatocytes,il6_jak_stat3,N4,55.0,60.0,-0.021680797809466953,-0.02257304143636148,-0.0207495150236814
7260_liver_sbr_Male_26-U1,tierA_p95,Hepatocytes,il6_jak_stat3,N4,60.0,65.0,-0.021726460605581564,-0.02277319853463361,-0.020628533134415553
7260_liver_sbr_Male_26-U1,tierA_p95,Hepatocytes,il6_jak_stat3,N4,65.0,70.0,-0.021859384982813274,-0.02305823620836749,-0.020681970958934207
7260_liver_sbr_Male_26-U1,tierA_p95,Hepatocytes,il6_jak_stat3,N4,70.0,75.0,-0.021995809016737092,-0.023223150045691896,-0.02070198357636347
7260_liver_sbr_Male_26-U1,tierA_p95,Hepatocytes,il6_jak_stat3,N4,75.0,80.0,-0.02218839097048154,-0.02366699001100324,-0.02072077570226027
7260_liver_sbr_Male_26-U1,tierA_p95,Hepatocytes,il6_jak_stat3,N4,80.0,85.0,-0.02238292032278947,-0.02406180872896429,-0.02073960690712845
7260_liver_sbr_Male_26-U1,tierA_p95,Hepatocytes,il6_jak_stat3,N4,85.0,90.0,-0.022553421673295687,-0.024300578876041836,-0.02067939633799211
7260_liver_sbr_Male_26-U1,tierA_p95,Hepatocytes,il6_jak_stat3,N4,90.0,95.0,-0.022882508030422098,-0.02477574605059197,-0.020769885995640086
7260_liver_sbr_Male_26-U1,tierA_p95,Hepatocytes,il6_jak_stat3,N4,95.0,100.0,-0.02547233299747307,-0.028323743545878334,-0.023825244363467606
7260_liver_sbr_Male_26-U1,tierA_p95,Hepatocytes,interferon_response,N4,0.0,5.0,0.0006578191954432453,-0.0005082490101314695,0.0018802543548179355
7260_liver_sbr_Male_26-U1,tierA_p95,Hepatocytes,interferon_response,N4,5.0,10.0,0.000660807724242859,-0.00013210668307483473,0.0014612573462152631
7260_liver_sbr_Male_26-U1,tierA_p95,Hepatocytes,interferon_response,N4,10.0,15.0,0.0006566596743265523,1.836168295443543e-05,0.0012893982471743814
7260_liver_sbr_Male_26-U1,tierA_p95,Hepatocytes,interferon_response,N4,15.0,20.0,0.0006580208490394379,5.438813392566235e-05,0.0013194370375977222
7260_liver_sbr_Male_26-U1,tierA_p95,Hepatocytes,interferon_response,N4,20.0,25.0,0.0006435062160284455,4.19872764509758e-05,0.001234057097650487
7260_liver_sbr_Male_26-U1,tierA_p95,Hepatocytes,interferon_response,N4,25.0,30.0,0.0006283236474998473,6.045557063891564e-05,0.001253591659747327
7260_liver_sbr_Male_26-U1,tierA_p95,Hepatocytes,interferon_response,N4,30.0,35.0,0.0006385885402456677,6.905979451613144e-05,0.0011730117791512095
7260_liver_sbr_Male_26-U1,tierA_p95,Hepatocytes,interferon_response,N4,35.0,40.0,0.0006243892120426604,7.811560377633493e-05,0.001204864324604161
7260_liver_sbr_Male_26-U1,tierA_p95,Hepatocytes,interferon_response,N4,40.0,45.0,0.000634965296406423,0.00010586667983802286,0.001289674305077771
7260_liver_sbr_Male_26-U1,tierA_p95,Hepatocytes,interferon_response,N4,45.0,50.0,0.0006317774564147311,-2.4104989658997823e-05,0.0013793470567390442
7260_liver_sbr_Male_26-U1,tierA_p95,Hepatocytes,interferon_response,N4,50.0,55.0,0.0006056216148902896,-0.00013985565920989442,0.0013066012425033478
7260_liver_sbr_Male_26-U1,tierA_p95,Hepatocytes,interferon_response,N4,55.0,60.0,0.000616006225910992,-0.0001077371498364299,0.0013975557526216531
7260_liver_sbr_Male_26-U1,tierA_p95,Hepatocytes,interferon_response,N4,60.0,65.0,0.0005872465326829879,-0.0003303104137188306,0.0014541147745727077
7260_liver_sbr_Male_26-U1,tierA_p95,Hepatocytes,interferon_response,N4,65.0,70.0,0.0005073535967995233,-0.0006111189143848483,0.0014913531947811874
7260_liver_sbr_Male_26-U1,tierA_p95,Hepatocytes,interferon_response,N4,70.0,75.0,0.00046893353556844717,-0.0007439643042295491,0.0016718917360765183
7260_liver_sbr_Male_26-U1,tierA_p95,Hepatocytes,interferon_response,N4,75.0,80.0,0.0003420588006109083,-0.000996589510701649,0.0017634539421288692
7260_liver_sbr_Male_26-U1,tierA_p95,Hepatocytes,interferon_response,N4,80.0,85.0,0.00025004526319226703,-0.0012378933222428358,0.001867850819853104
7260_liver_sbr_Male_26-U1,tierA_p95,Hepatocytes,interferon_response,N4,85.0,90.0,0.00012656036849325003,-0.0016064675016956075,0.001878827986088706
7260_liver_sbr_Male_26-U1,tierA_p95,Hepatocytes,interferon_response,N4,90.0,95.0,2.4657239394121664e-05,-0.0017409481905657249,0.0018841507890987742
7260_liver_sbr_Male_26-U1,tierA_p95,Hepatocytes,interferon_response,N4,95.0,100.0,-0.0008780981668900114,-0.002425780375738765,0.00015262624753633892
7260_liver_sbr_Male_26-U1,tierA_p95,Hepatocytes,oxidative_stress,N4,0.0,5.0,0.11791736519723062,0.11443536221453941,0.12122729235328716
7260_liver_sbr_Male_26-U1,tierA_p95,Hepatocytes,oxidative_stress,N4,5.0,10.0,0.11783975280087358,0.1151063639139452,0.12023798179665104
7260_liver_sbr_Male_26-U1,tierA_p95,Hepatocytes,oxidative_stress,N4,10.0,15.0,0.1177957019925153,0.1151948924200359,0.11975234157742258
7260_liver_sbr_Male_26-U1,tierA_p95,Hepatocytes,oxidative_stress,N4,15.0,20.0,0.117807008763521,0.11553433623099074,0.1196807541763705
7260_liver_sbr_Male_26-U1,tierA_p95,Hepatocytes,oxidative_stress,N4,20.0,25.0,0.11778898942096049,0.1155946325738682,0.1194867784281157
7260_liver_sbr_Male_26-U1,tierA_p95,Hepatocytes,oxidative_stress,N4,25.0,30.0,0.11783924561834105,0.11573883944828785,0.1195930793664243
7260_liver_sbr_Male_26-U1,tierA_p95,Hepatocytes,oxidative_stress,N4,30.0,35.0,0.117795880159285,0.11575093818860464,0.11967185516859698
7260_liver_sbr_Male_26-U1,tierA_p95,Hepatocytes,oxidative_stress,N4,35.0,40.0,0.11783490456298241,0.1156386033264794,0.11985181197435173
7260_liver_sbr_Male_26-U1,tierA_p95,Hepatocytes,oxidative_stress,N4,40.0,45.0,0.11796200514644091,0.11565048805558269,0.12027311743731701
7260_liver_sbr_Male_26-U1,tierA_p95,Hepatocytes,oxidative_stress,N4,45.0,50.0,0.11815971906516498,0.11594583512565187,0.12037955482470793
7260_liver_sbr_Male_26-U1,tierA_p95,Hepatocytes,oxidative_stress,N4,50.0,55.0,0.11827557602671152,0.1157970390387722,0.12094446199836731
7260_liver_sbr_Male_26-U1,tierA_p95,Hepatocytes,oxidative_stress,N4,55.0,60.0,0.11860979094358859,0.11593574488560747,0.12167378979689773
7260_liver_sbr_Male_26-U1,tierA_p95,Hepatocytes,oxidative_stress,N4,60.0,65.0,0.11875912765718079,0.11587044217285306,0.12180694396313468
7260_liver_sbr_Male_26-U1,tierA_p95,Hepatocytes,oxidative_stress,N4,65.0,70.0,0.11916446696588102,0.11591703269319027,0.12243101521242282
7260_liver_sbr_Male_26-U1,tierA_p95,Hepatocytes,oxidative_stress,N4,70.0,75.0,0.11974700170875849,0.11600319445896176,0.12331994465600873
7260_liver_sbr_Male_26-U1,tierA_p95,Hepatocytes,oxidative_stress,N4,75.0,80.0,0.12040817515630048,0.11612831594762585,0.12441049091860525
7260_liver_sbr_Male_26-U1,tierA_p95,Hepatocytes,oxidative_stress,N4,80.0,85.0,0.12112637595698157,0.11610567311332107,0.12554184987279185
7260_liver_sbr_Male_26-U1,tierA_p95,Hepatocytes,oxidative_stress,N4,85.0,90.0,0.12214156503288126,0.11646722390263027,0.1274840413933688
7260_liver_sbr_Male_26-U1,tierA_p95,Hepatocytes,oxidative_stress,N4,90.0,95.0,0.12313978698788038,0.11637824600346017,0.1289703210102104
7260_liver_sbr_Male_26-U1,tierA_p95,Hepatocytes,oxidative_stress,N4,95.0,100.0,0.1283274433638013,0.12350219939498586,0.13435034191722248
7260_liver_sbr_Male_26-U1,tierA_p95,Hepatocytes,secondary_senescence,N4,0.0,5.0,-0.02979836301179396,-0.031499372825832775,-0.028020532014590222
7260_liver_sbr_Male_26-U1,tierA_p95,Hepatocytes,secondary_senescence,N4,5.0,10.0,-0.029830295766892063,-0.03087423070560808,-0.02876240760743338
7260_liver_sbr_Male_26-U1,tierA_p95,Hepatocytes,secondary_senescence,N4,10.0,15.0,-0.029836638420585433,-0.030684599673923747,-0.028990008144827727
7260_liver_sbr_Male_26-U1,tierA_p95,Hepatocytes,secondary_senescence,N4,15.0,20.0,-0.029829262086658526,-0.030670721213629917,-0.02910065278181847
7260_liver_sbr_Male_26-U1,tierA_p95,Hepatocytes,secondary_senescence,N4,20.0,25.0,-0.029853250840814978,-0.030636245119608392,-0.029092080763820465
7260_liver_sbr_Male_26-U1,tierA_p95,Hepatocytes,secondary_senescence,N4,25.0,30.0,-0.0298789591455494,-0.03064063416908773,-0.029105801567128442
7260_liver_sbr_Male_26-U1,tierA_p95,Hepatocytes,secondary_senescence,N4,30.0,35.0,-0.029892560348065766,-0.03064713306948227,-0.02909818193643931
7260_liver_sbr_Male_26-U1,tierA_p95,Hepatocytes,secondary_senescence,N4,35.0,40.0,-0.02987357433815434,-0.03067948106213891,-0.02913054265059412
7260_liver_sbr_Male_26-U1,tierA_p95,Hepatocytes,secondary_senescence,N4,40.0,45.0,-0.02988512517907593,-0.030689655191076352,-0.0290779562725215
7260_liver_sbr_Male_26-U1,tierA_p95,Hepatocytes,secondary_senescence,N4,45.0,50.0,-0.02992214064132594,-0.030773655410935036,-0.029067275616862332
7260_liver_sbr_Male_26-U1,tierA_p95,Hepatocytes,secondary_senescence,N4,50.0,55.0,-0.029915491679908725,-0.030880114636710167,-0.028824640323600152
7260_liver_sbr_Male_26-U1,tierA_p95,Hepatocytes,secondary_senescence,N4,55.0,60.0,-0.029988454734920234,-0.03106896836523087,-0.02894321510365612
7260_liver_sbr_Male_26-U1,tierA_p95,Hepatocytes,secondary_senescence,N4,60.0,65.0,-0.029995455622226466,-0.031133204297693,-0.02871148593301008
7260_liver_sbr_Male_26-U1,tierA_p95,Hepatocytes,secondary_senescence,N4,65.0,70.0,-0.030049694219724372,-0.03151440787049493,-0.02866374642142262
7260_liver_sbr_Male_26-U1,tierA_p95,Hepatocytes,secondary_senescence,N4,70.0,75.0,-0.030173645522506565,-0.0318964252526821,-0.028552242362495123
7260_liver_sbr_Male_26-U1,tierA_p95,Hepatocytes,secondary_senescence,N4,75.0,80.0,-0.030398661539530827,-0.032300728535792786,-0.028592812637869558
7260_liver_sbr_Male_26-U1,tierA_p95,Hepatocytes,secondary_senescence,N4,80.0,85.0,-0.03048983979334583,-0.032373215823635434,-0.02842178058608009
7260_liver_sbr_Male_26-U1,tierA_p95,Hepatocytes,secondary_senescence,N4,85.0,90.0,-0.030625651650583636,-0.03282247216689425,-0.028156361612314024
7260_liver_sbr_Male_26-U1,tierA_p95,Hepatocytes,secondary_senescence,N4,90.0,95.0,-0.03087533963449323,-0.03365199537629994,-0.028095506969689422
7260_liver_sbr_Male_26-U1,tierA_p95,Hepatocytes,secondary_senescence,N4,95.0,100.0,-0.03301533440901908,-0.035171416035818914,-0.031655089694042134
7260_liver_sbr_Male_26-U1,tierA_p95,Hepatocytes,tnfa_nfkb_proximal,N4,0.0,5.0,-0.0067060557322805095,-0.007897622222551678,-0.005433794994230084
7260_liver_sbr_Male_26-U1,tierA_p95,Hepatocytes,tnfa_nfkb_proximal,N4,5.0,10.0,-0.006723478019310583,-0.007456160951653472,-0.006020048800595518
7260_liver_sbr_Male_26-U1,tierA_p95,Hepatocytes,tnfa_nfkb_proximal,N4,10.0,15.0,-0.006711733789152303,-0.007397454138753601,-0.006072711260910361
7260_liver_sbr_Male_26-U1,tierA_p95,Hepatocytes,tnfa_nfkb_proximal,N4,15.0,20.0,-0.006709640505784037,-0.007237354539561517,-0.006172844015685853
7260_liver_sbr_Male_26-U1,tierA_p95,Hepatocytes,tnfa_nfkb_proximal,N4,20.0,25.0,-0.006705140761000166,-0.0072440319179855345,-0.006170604022635396
7260_liver_sbr_Male_26-U1,tierA_p95,Hepatocytes,tnfa_nfkb_proximal,N4,25.0,30.0,-0.006722757779352535,-0.00727975452388664,-0.006165857552565082
7260_liver_sbr_Male_26-U1,tierA_p95,Hepatocytes,tnfa_nfkb_proximal,N4,30.0,35.0,-0.0067254087952556465,-0.007244039142235453,-0.006203957023971905
7260_liver_sbr_Male_26-U1,tierA_p95,Hepatocytes,tnfa_nfkb_proximal,N4,35.0,40.0,-0.0067087098179758504,-0.007273219822303593,-0.006135188575071423
7260_liver_sbr_Male_26-U1,tierA_p95,Hepatocytes,tnfa_nfkb_proximal,N4,40.0,45.0,-0.006702265585831151,-0.007296108882061535,-0.00613064421096846
7260_liver_sbr_Male_26-U1,tierA_p95,Hepatocytes,tnfa_nfkb_proximal,N4,45.0,50.0,-0.006718881085007384,-0.007383198513723145,-0.0060711534581304885
7260_liver_sbr_Male_26-U1,tierA_p95,Hepatocytes,tnfa_nfkb_proximal,N4,50.0,55.0,-0.0067581182041233845,-0.007487697310733073,-0.006063388666011746
7260_liver_sbr_Male_26-U1,tierA_p95,Hepatocytes,tnfa_nfkb_proximal,N4,55.0,60.0,-0.006782464457648272,-0.007568208114874395,-0.005974035203852051
7260_liver_sbr_Male_26-U1,tierA_p95,Hepatocytes,tnfa_nfkb_proximal,N4,60.0,65.0,-0.0068185652792469974,-0.007668140844134742,-0.005913535160785516
7260_liver_sbr_Male_26-U1,tierA_p95,Hepatocytes,tnfa_nfkb_proximal,N4,65.0,70.0,-0.006857825131467898,-0.007826572937471729,-0.005883340947691562
7260_liver_sbr_Male_26-U1,tierA_p95,Hepatocytes,tnfa_nfkb_proximal,N4,70.0,75.0,-0.006949790047273998,-0.008046141272019858,-0.0057740216470706495
7260_liver_sbr_Male_26-U1,tierA_p95,Hepatocytes,tnfa_nfkb_proximal,N4,75.0,80.0,-0.007069391049714113,-0.008393365210223729,-0.0057638683677480405
7260_liver_sbr_Male_26-U1,tierA_p95,Hepatocytes,tnfa_nfkb_proximal,N4,80.0,85.0,-0.007129953443036246,-0.008499527675579162,-0.005687598826424742
7260_liver_sbr_Male_26-U1,tierA_p95,Hepatocytes,tnfa_nfkb_proximal,N4,85.0,90.0,-0.007230433567159037,-0.008794935188729569,-0.005552209451847669
7260_liver_sbr_Male_26-U1,tierA_p95,Hepatocytes,tnfa_nfkb_proximal,N4,90.0,95.0,-0.007338778513322975,-0.009246282488212356,-0.005302691479944944
7260_liver_sbr_Male_26-U1,tierA_p95,Hepatocytes,tnfa_nfkb_proximal,N4,95.0,100.0,-0.008706216614486296,-0.011558350196358131,-0.007135115705827023
7001_liver_sham_Male_52-U1,tierA_p95,Hepatocytes,downstream_arrest,N1,0.0,5.0,0.005906185250396306,0.005356867396556154,0.006500027339126331
7001_liver_sham_Male_52-U1,tierA_p95,Hepatocytes,downstream_arrest,N1,5.0,10.0,0.006060921990352702,0.004690455678268812,0.007467090728807617
7001_liver_sham_Male_52-U1,tierA_p95,Hepatocytes,downstream_arrest,N1,10.0,15.0,0.0062361213568843605,0.005660247097421512,0.006795212386721687
7001_liver_sham_Male_52-U1,tierA_p95,Hepatocytes,downstream_arrest,N1,15.0,20.0,0.006419238755744787,0.005933325173280441,0.006887407256394569
7001_liver_sham_Male_52-U1,tierA_p95,Hepatocytes,downstream_arrest,N1,20.0,25.0,0.006371803310051274,0.0059194700820234545,0.006827039423835684
7001_liver_sham_Male_52-U1,tierA_p95,Hepatocytes,downstream_arrest,N1,25.0,30.0,0.00630325469901232,0.005868345176873153,0.006721805931522485
7001_liver_sham_Male_52-U1,tierA_p95,Hepatocytes,downstream_arrest,N1,30.0,35.0,0.006145878528505117,0.005699556601413848,0.006587448542706143
7001_liver_sham_Male_52-U1,tierA_p95,Hepatocytes,downstream_arrest,N1,35.0,40.0,0.006103775916139926,0.0056525237638185176,0.006530642569942263
7001_liver_sham_Male_52-U1,tierA_p95,Hepatocytes,downstream_arrest,N1,40.0,45.0,0.006011367283029797,0.005552161456744389,0.006462105181386703
7001_liver_sham_Male_52-U1,tierA_p95,Hepatocytes,downstream_arrest,N1,45.0,50.0,0.005874545532093106,0.00538579822788422,0.006339504653113076
7001_liver_sham_Male_52-U1,tierA_p95,Hepatocytes,downstream_arrest,N1,50.0,55.0,0.005799893318876387,0.005289543947200605,0.006303016388487452
7001_liver_sham_Male_52-U1,tierA_p95,Hepatocytes,downstream_arrest,N1,55.0,60.0,0.00567556440068854,0.00513690335507327,0.006244153841149155
7001_liver_sham_Male_52-U1,tierA_p95,Hepatocytes,downstream_arrest,N1,60.0,65.0,0.005581798904884732,0.004947782840343931,0.0061797210243844615
7001_liver_sham_Male_52-U1,tierA_p95,Hepatocytes,downstream_arrest,N1,65.0,70.0,0.005475603581559627,0.004821793619518631,0.006086293266914936
7001_liver_sham_Male_52-U1,tierA_p95,Hepatocytes,downstream_arrest,N1,70.0,75.0,0.005340680640039316,0.004554264442058578,0.006074622723302323
7001_liver_sham_Male_52-U1,tierA_p95,Hepatocytes,downstream_arrest,N1,75.0,80.0,0.005195466283127967,0.004310595055205799,0.006033461841726823
7001_liver_sham_Male_52-U1,tierA_p95,Hepatocytes,downstream_arrest,N1,80.0,85.0,0.005068917990656401,0.004070677804172472,0.006012476100771167
7001_liver_sham_Male_52-U1,tierA_p95,Hepatocytes,downstream_arrest,N1,85.0,90.0,0.004955074180799686,0.0037712220190634816,0.006166682452618854
7001_liver_sham_Male_52-U1,tierA_p95,Hepatocytes,downstream_arrest,N1,90.0,95.0,0.004856468704269309,0.003540087370648842,0.006180122200763412
7001_liver_sham_Male_52-U1,tierA_p95,Hepatocytes,downstream_arrest,N1,95.0,100.0,0.0046014549035640505,0.0035383472462487526,0.0055727115846283155
7001_liver_sham_Male_52-U1,tierA_p95,Hepatocytes,emt_ecm,N1,0.0,5.0,0.007551780205984906,0.006693639353074621,0.008351485059348806
7001_liver_sham_Male_52-U1,tierA_p95,Hepatocytes,emt_ecm,N1,5.0,10.0,0.011282429840404059,0.009194758966800986,0.013291001922162227
7001_liver_sham_Male_52-U1,tierA_p95,Hepatocytes,emt_ecm,N1,10.0,15.0,0.009235119189188642,0.008442602450864003,0.010035293095564573
7001_liver_sham_Male_52-U1,tierA_p95,Hepatocytes,emt_ecm,N1,15.0,20.0,0.008823826003927723,0.008146161306350676,0.009473851273059808
7001_liver_sham_Male_52-U1,tierA_p95,Hepatocytes,emt_ecm,N1,20.0,25.0,0.008364536190889236,0.007706185270557195,0.008995705573147963
7001_liver_sham_Male_52-U1,tierA_p95,Hepatocytes,emt_ecm,N1,25.0,30.0,0.008047659679974097,0.007436799354035194,0.008646301447936208
7001_liver_sham_Male_52-U1,tierA_p95,Hepatocytes,emt_ecm,N1,30.0,35.0,0.007835348277429826,0.007233160652206797,0.008465735372209678
7001_liver_sham_Male_52-U1,tierA_p95,Hepatocytes,emt_ecm,N1,35.0,40.0,0.007510209253973166,0.006911438570050496,0.008119011978944041
7001_liver_sham_Male_52-U1,tierA_p95,Hepatocytes,emt_ecm,N1,40.0,45.0,0.0072727554615844864,0.006643853634822822,0.007870099229835342
7001_liver_sham_Male_52-U1,tierA_p95,Hepatocytes,emt_ecm,N1,45.0,50.0,0.007161424011783603,0.006507893451542581,0.0077941638841733905
7001_liver_sham_Male_52-U1,tierA_p95,Hepatocytes,emt_ecm,N1,50.0,55.0,0.006934727808059351,0.006271996062558873,0.0076388503860357945
7001_liver_sham_Male_52-U1,tierA_p95,Hepatocytes,emt_ecm,N1,55.0,60.0,0.006822096316677085,0.006102751556527584,0.0075483092982280365
7001_liver_sham_Male_52-U1,tierA_p95,Hepatocytes,emt_ecm,N1,60.0,65.0,0.006780482068818718,0.005923823321523214,0.007663653392987316
7001_liver_sham_Male_52-U1,tierA_p95,Hepatocytes,emt_ecm,N1,65.0,70.0,0.0065737718707477594,0.005628373781440911,0.00753162352630667
7001_liver_sham_Male_52-U1,tierA_p95,Hepatocytes,emt_ecm,N1,70.0,75.0,0.006377712974717507,0.0052430502853977965,0.007403632867538165
7001_liver_sham_Male_52-U1,tierA_p95,Hepatocytes,emt_ecm,N1,75.0,80.0,0.0064455133156275865,0.005274985896222665,0.00759365555755579
7001_liver_sham_Male_52-U1,tierA_p95,Hepatocytes,emt_ecm,N1,80.0,85.0,0.006286832377726896,0.004945831348005427,0.007616882769536569
7001_liver_sham_Male_52-U1,tierA_p95,Hepatocytes,emt_ecm,N1,85.0,90.0,0.006246913867774584,0.004697039639876207,0.00789757405236534
7001_liver_sham_Male_52-U1,tierA_p95,Hepatocytes,emt_ecm,N1,90.0,95.0,0.006058403366483895,0.004251960303645053,0.007770908194433907
7001_liver_sham_Male_52-U1,tierA_p95,Hepatocytes,emt_ecm,N1,95.0,100.0,0.00592355566846474,0.0045778946737050795,0.007278527434699905
7001_liver_sham_Male_52-U1,tierA_p95,Hepatocytes,il6_jak_stat3,N1,0.0,5.0,-0.03194685930094847,-0.03278757398548858,-0.031090882009332972
7001_liver_sham_Male_52-U1,tierA_p95,Hepatocytes,il6_jak_stat3,N1,5.0,10.0,-0.028149507825371865,-0.030272945335407017,-0.02607917791402807
7001_liver_sham_Male_52-U1,tierA_p95,Hepatocytes,il6_jak_stat3,N1,10.0,15.0,-0.030847185833768036,-0.031699093424177316,-0.029988031076547725
7001_liver_sham_Male_52-U1,tierA_p95,Hepatocytes,il6_jak_stat3,N1,15.0,20.0,-0.03182542356455188,-0.03247735656058361,-0.03112178774647061
7001_liver_sham_Male_52-U1,tierA_p95,Hepatocytes,il6_jak_stat3,N1,20.0,25.0,-0.032003763516574614,-0.03263806541233883,-0.031350305253789235
7001_liver_sham_Male_52-U1,tierA_p95,Hepatocytes,il6_jak_stat3,N1,25.0,30.0,-0.03206373789326577,-0.032694694589717514,-0.03141992541606317
7001_liver_sham_Male_52-U1,tierA_p95,Hepatocytes,il6_jak_stat3,N1,30.0,35.0,-0.03211245908250924,-0.03271479788262192,-0.03151218746912025
7001_liver_sham_Male_52-U1,tierA_p95,Hepatocytes,il6_jak_stat3,N1,35.0,40.0,-0.032192046303565335,-0.03283969633054598,-0.031583320478159545
7001_liver_sham_Male_52-U1,tierA_p95,Hepatocytes,il6_jak_stat3,N1,40.0,45.0,-0.032334600930436525,-0.032949756585614616,-0.03172358166816295
7001_liver_sham_Male_52-U1,tierA_p95,Hepatocytes,il6_jak_stat3,N1,45.0,50.0,-0.03224256133018967,-0.032924288008819184,-0.03154723760090282
7001_liver_sham_Male_52-U1,tierA_p95,Hepatocytes,il6_jak_stat3,N1,50.0,55.0,-0.03224158592271019,-0.032983885449061306,-0.03152035647020437
7001_liver_sham_Male_52-U1,tierA_p95,Hepatocytes,il6_jak_stat3,N1,55.0,60.0,-0.03227593443184317,-0.03310267213522136,-0.031481306942003275
7001_liver_sham_Male_52-U1,tierA_p95,Hepatocytes,il6_jak_stat3,N1,60.0,65.0,-0.032222361338685404,-0.03312555005483637,-0.03136270555432693
7001_liver_sham_Male_52-U1,tierA_p95,Hepatocytes,il6_jak_stat3,N1,65.0,70.0,-0.03212856600079541,-0.03305168069565157,-0.031182860128715018
7001_liver_sham_Male_52-U1,tierA_p95,Hepatocytes,il6_jak_stat3,N1,70.0,75.0,-0.03216573310975697,-0.033193053804205334,-0.031029783688873616
7001_liver_sham_Male_52-U1,tierA_p95,Hepatocytes,il6_jak_stat3,N1,75.0,80.0,-0.032003919812654644,-0.03324933056292414,-0.030725228108269824
7001_liver_sham_Male_52-U1,tierA_p95,Hepatocytes,il6_jak_stat3,N1,80.0,85.0,-0.03196212467393267,-0.03340901329465234,-0.03054575614107861
7001_liver_sham_Male_52-U1,tierA_p95,Hepatocytes,il6_jak_stat3,N1,85.0,90.0,-0.03187468078438018,-0.03354293644087769,-0.030187646632222537
7001_liver_sham_Male_52-U1,tierA_p95,Hepatocytes,il6_jak_stat3,N1,90.0,95.0,-0.0317563610762424,-0.03352932165401403,-0.029756731322268616
7001_liver_sham_Male_52-U1,tierA_p95,Hepatocytes,il6_jak_stat3,N1,95.0,100.0,-0.03155777894852936,-0.03285987360440158,-0.030092503047270805
7001_liver_sham_Male_52-U1,tierA_p95,Hepatocytes,interferon_response,N1,0.0,5.0,-0.010681888564638545,-0.011431746115185035,-0.009902951675993692
7001_liver_sham_Male_52-U1,tierA_p95,Hepatocytes,interferon_response,N1,5.0,10.0,-0.006876784308225631,-0.008798303982572519,-0.004852375666975228
7001_liver_sham_Male_52-U1,tierA_p95,Hepatocytes,interferon_response,N1,10.0,15.0,-0.008987921893686539,-0.009780872995849945,-0.008175280584581394
7001_liver_sham_Male_52-U1,tierA_p95,Hepatocytes,interferon_response,N1,15.0,20.0,-0.009793255711616954,-0.010405236643533908,-0.009164074170946473
7001_liver_sham_Male_52-U1,tierA_p95,Hepatocytes,interferon_response,N1,20.0,25.0,-0.009993682372703962,-0.010599795173684416,-0.009395144990688196
7001_liver_sham_Male_52-U1,tierA_p95,Hepatocytes,interferon_response,N1,25.0,30.0,-0.010185350998917538,-0.010770422900237412,-0.009631252663300014
7001_liver_sham_Male_52-U1,tierA_p95,Hepatocytes,interferon_response,N1,30.0,35.0,-0.0104250161093717,-0.011004842671957867,-0.009822785066953655
7001_liver_sham_Male_52-U1,tierA_p95,Hepatocytes,interferon_response,N1,35.0,40.0,-0.010636454812568304,-0.011207286690078849,-0.01004069922986735
7001_liver_sham_Male_52-U1,tierA_p95,Hepatocytes,interferon_response,N1,40.0,45.0,-0.010949523187532154,-0.01150918966818971,-0.010398076823269814
7001_liver_sham_Male_52-U1,tierA_p95,Hepatocytes,interferon_response,N1,45.0,50.0,-0.010896830149822375,-0.011529322756291118,-0.010278535713694316
7001_liver_sham_Male_52-U1,tierA_p95,Hepatocytes,interferon_response,N1,50.0,55.0,-0.01115742449955983,-0.011841722206909558,-0.010491585255893703
7001_liver_sham_Male_52-U1,tierA_p95,Hepatocytes,interferon_response,N1,55.0,60.0,-0.011327265729661024,-0.012030067057168059,-0.010643997415790342
7001_liver_sham_Male_52-U1,tierA_p95,Hepatocytes,interferon_response,N1,60.0,65.0,-0.011483883887234968,-0.012307459063315087,-0.010715773456759527
7001_liver_sham_Male_52-U1,tierA_p95,Hepatocytes,interferon_response,N1,65.0,70.0,-0.011560159759625144,-0.01246778444192906,-0.010683760433305427
7001_liver_sham_Male_52-U1,tierA_p95,Hepatocytes,interferon_response,N1,70.0,75.0,-0.011822217539069264,-0.01284629018632588,-0.010778018000062181
7001_liver_sham_Male_52-U1,tierA_p95,Hepatocytes,interferon_response,N1,75.0,80.0,-0.011858168462340179,-0.012880874092579675,-0.010762957870747226
7001_liver_sham_Male_52-U1,tierA_p95,Hepatocytes,interferon_response,N1,80.0,85.0,-0.011954956897861248,-0.013197313626082445,-0.01067520670990036
7001_liver_sham_Male_52-U1,tierA_p95,Hepatocytes,interferon_response,N1,85.0,90.0,-0.01208880882025342,-0.01350077875193923,-0.01065182672946865
7001_liver_sham_Male_52-U1,tierA_p95,Hepatocytes,interferon_response,N1,90.0,95.0,-0.01222025228533449,-0.013842287533251757,-0.010494742334073468
7001_liver_sham_Male_52-U1,tierA_p95,Hepatocytes,interferon_response,N1,95.0,100.0,-0.012458263825703711,-0.01379769705428924,-0.011019382985661862
7001_liver_sham_Male_52-U1,tierA_p95,Hepatocytes,oxidative_stress,N1,0.0,5.0,0.12822687929435767,0.12648131714817784,0.13024182905817872
7001_liver_sham_Male_52-U1,tierA_p95,Hepatocytes,oxidative_stress,N1,5.0,10.0,0.12466548069046382,0.12020177100583872,0.12935949186438772
7001_liver_sham_Male_52-U1,tierA_p95,Hepatocytes,oxidative_stress,N1,10.0,15.0,0.12887735235430486,0.1271403513082953,0.13059064021265385
7001_liver_sham_Male_52-U1,tierA_p95,Hepatocytes,oxidative_stress,N1,15.0,20.0,0.12981603116477414,0.12826696896744233,0.1313336374766958
7001_liver_sham_Male_52-U1,tierA_p95,Hepatocytes,oxidative_stress,N1,20.0,25.0,0.12941537781974177,0.1278937101082283,0.1308574229038804
7001_liver_sham_Male_52-U1,tierA_p95,Hepatocytes,oxidative_stress,N1,25.0,30.0,0.129226201796257,0.12790556323286204,0.1305713930941423
7001_liver_sham_Male_52-U1,tierA_p95,Hepatocytes,oxidative_stress,N1,30.0,35.0,0.12920539553142307,0.1278412762964121,0.13044235397333032
7001_liver_sham_Male_52-U1,tierA_p95,Hepatocytes,oxidative_stress,N1,35.0,40.0,0.12874960288911969,0.1274578307447437,0.13007249085439004
7001_liver_sham_Male_52-U1,tierA_p95,Hepatocytes,oxidative_stress,N1,40.0,45.0,0.12850557011968192,0.12714561139788924,0.12988900013163643
7001_liver_sham_Male_52-U1,tierA_p95,Hepatocytes,oxidative_stress,N1,45.0,50.0,0.12836305835408363,0.12697594494943426,0.12983171599769
7001_liver_sham_Male_52-U1,tierA_p95,Hepatocytes,oxidative_stress,N1,50.0,55.0,0.1278735279711,0.1262133090817876,0.12940954918478523
7001_liver_sham_Male_52-U1,tierA_p95,Hepatocytes,oxidative_stress,N1,55.0,60.0,0.12760817512387268,0.1258242450395123,0.1293413855823571
7001_liver_sham_Male_52-U1,tierA_p95,Hepatocytes,oxidative_stress,N1,60.0,65.0,0.12717148225469233,0.12522419845288643,0.12919351307628793
7001_liver_sham_Male_52-U1,tierA_p95,Hepatocytes,oxidative_stress,N1,65.0,70.0,0.12688698329028186,0.1248373525282947,0.1289584536103187
7001_liver_sham_Male_52-U1,tierA_p95,Hepatocytes,oxidative_stress,N1,70.0,75.0,0.12682573941681366,0.12428435123445832,0.1293238491630987
7001_liver_sham_Male_52-U1,tierA_p95,Hepatocytes,oxidative_stress,N1,75.0,80.0,0.12640870976057,0.12370671889070489,0.12909948901612217
7001_liver_sham_Male_52-U1,tierA_p95,Hepatocytes,oxidative_stress,N1,80.0,85.0,0.12591261086097746,0.12300518377947729,0.12910207938731807
7001_liver_sham_Male_52-U1,tierA_p95,Hepatocytes,oxidative_stress,N1,85.0,90.0,0.12554355403115638,0.12240179978214008,0.12921192469746542
7001_liver_sham_Male_52-U1,tierA_p95,Hepatocytes,oxidative_stress,N1,90.0,95.0,0.125472394910221,0.12123807306190414,0.12965338879094965
7001_liver_sham_Male_52-U1,tierA_p95,Hepatocytes,oxidative_stress,N1,95.0,100.0,0.12453600462403347,0.1211843220600963,0.1278377212217281
7001_liver_sham_Male_52-U1,tierA_p95,Hepatocytes,secondary_senescence,N1,0.0,5.0,-0.04132051946043401,-0.04249681397299517,-0.040123634325936304
7001_liver_sham_Male_52-U1,tierA_p95,Hepatocytes,secondary_senescence,N1,5.0,10.0,-0.036681754073459555,-0.03927933483753363,-0.034044483851720396
7001_liver_sham_Male_52-U1,tierA_p95,Hepatocytes,secondary_senescence,N1,10.0,15.0,-0.039670842992157875,-0.04074702058867616,-0.038591736687117906
7001_liver_sham_Male_52-U1,tierA_p95,Hepatocytes,secondary_senescence,N1,15.0,20.0,-0.04072597369661788,-0.041581024301554616,-0.03982795611435526
7001_liver_sham_Male_52-U1,tierA_p95,Hepatocytes,secondary_senescence,N1,20.0,25.0,-0.040955991569169445,-0.04180432728804616,-0.04009999999766437
7001_liver_sham_Male_52-U1,tierA_p95,Hepatocytes,secondary_senescence,N1,25.0,30.0,-0.041393014071491874,-0.04222843050202711,-0.040629793578523296
7001_liver_sham_Male_52-U1,tierA_p95,Hepatocytes,secondary_senescence,N1,30.0,35.0,-0.04136260188518524,-0.042144059339716065,-0.04058032594142241
7001_liver_sham_Male_52-U1,tierA_p95,Hepatocytes,secondary_senescence,N1,35.0,40.0,-0.041479365499581866,-0.04228110548444775,-0.040664992465461305
7001_liver_sham_Male_52-U1,tierA_p95,Hepatocytes,secondary_senescence,N1,40.0,45.0,-0.04172009115215123,-0.04253207622229407,-0.04085901479725125
7001_liver_sham_Male_52-U1,tierA_p95,Hepatocytes,secondary_senescence,N1,45.0,50.0,-0.04166045519198731,-0.04255268657240627,-0.040827537265217165
7001_liver_sham_Male_52-U1,tierA_p95,Hepatocytes,secondary_senescence,N1,50.0,55.0,-0.04173530937443151,-0.04266139206718626,-0.040788829388754035
7001_liver_sham_Male_52-U1,tierA_p95,Hepatocytes,secondary_senescence,N1,55.0,60.0,-0.04175152734605372,-0.04277042259209765,-0.04068870603023969
7001_liver_sham_Male_52-U1,tierA_p95,Hepatocytes,secondary_senescence,N1,60.0,65.0,-0.04187398991270008,-0.0430171648515178,-0.04072968692259824
7001_liver_sham_Male_52-U1,tierA_p95,Hepatocytes,secondary_senescence,N1,65.0,70.0,-0.04176854154241559,-0.043085194920689955,-0.040451322519534184
7001_liver_sham_Male_52-U1,tierA_p95,Hepatocytes,secondary_senescence,N1,70.0,75.0,-0.04178282851911919,-0.04326255082921117,-0.040324548142987325
7001_liver_sham_Male_52-U1,tierA_p95,Hepatocytes,secondary_senescence,N1,75.0,80.0,-0.04177301386266071,-0.043360786550548217,-0.04011210295155184
7001_liver_sham_Male_52-U1,tierA_p95,Hepatocytes,secondary_senescence,N1,80.0,85.0,-0.0416455506870882,-0.04356094210794678,-0.0397415934539243
7001_liver_sham_Male_52-U1,tierA_p95,Hepatocytes,secondary_senescence,N1,85.0,90.0,-0.041715231193424886,-0.043912346568904706,-0.03955262213791713
7001_liver_sham_Male_52-U1,tierA_p95,Hepatocytes,secondary_senescence,N1,90.0,95.0,-0.04153371768337573,-0.04414137733969679,-0.038867308370750774
7001_liver_sham_Male_52-U1,tierA_p95,Hepatocytes,secondary_senescence,N1,95.0,100.0,-0.041372947840303306,-0.04321247566174964,-0.03937401881311825
7001_liver_sham_Male_52-U1,tierA_p95,Hepatocytes,tnfa_nfkb_proximal,N1,0.0,5.0,-0.01597222562289206,-0.016776555131524682,-0.015154060780254436
7001_liver_sham_Male_52-U1,tierA_p95,Hepatocytes,tnfa_nfkb_proximal,N1,5.0,10.0,-0.013783914806029255,-0.015764251653774933,-0.011881899639575233
7001_liver_sham_Male_52-U1,tierA_p95,Hepatocytes,tnfa_nfkb_proximal,N1,10.0,15.0,-0.015366590361750636,-0.016122238149402546,-0.014572945564425111
7001_liver_sham_Male_52-U1,tierA_p95,Hepatocytes,tnfa_nfkb_proximal,N1,15.0,20.0,-0.015980501931212303,-0.016606289525312897,-0.015308658709201395
7001_liver_sham_Male_52-U1,tierA_p95,Hepatocytes,tnfa_nfkb_proximal,N1,20.0,25.0,-0.01616717296835224,-0.01673127308492333,-0.015574452833277318
7001_liver_sham_Male_52-U1,tierA_p95,Hepatocytes,tnfa_nfkb_proximal,N1,25.0,30.0,-0.016296224490885226,-0.01686632663326441,-0.01574767658426412
7001_liver_sham_Male_52-U1,tierA_p95,Hepatocytes,tnfa_nfkb_proximal,N1,30.0,35.0,-0.01614747241274936,-0.016707354929519337,-0.015590113084098132
7001_liver_sham_Male_52-U1,tierA_p95,Hepatocytes,tnfa_nfkb_proximal,N1,35.0,40.0,-0.016227391018877296,-0.016805049961827228,-0.01566083786381087
7001_liver_sham_Male_52-U1,tierA_p95,Hepatocytes,tnfa_nfkb_proximal,N1,40.0,45.0,-0.0163121283597108,-0.01685963948283836,-0.015719718254394076
7001_liver_sham_Male_52-U1,tierA_p95,Hepatocytes,tnfa_nfkb_proximal,N1,45.0,50.0,-0.016184420074365508,-0.016806340451740412,-0.015577630612610345
7001_liver_sham_Male_52-U1,tierA_p95,Hepatocytes,tnfa_nfkb_proximal,N1,50.0,55.0,-0.016173928800146092,-0.016883835481077327,-0.01548301561884911
7001_liver_sham_Male_52-U1,tierA_p95,Hepatocytes,tnfa_nfkb_proximal,N1,55.0,60.0,-0.01613366350749353,-0.016827066136978555,-0.015424796775247959
7001_liver_sham_Male_52-U1,tierA_p95,Hepatocytes,tnfa_nfkb_proximal,N1,60.0,65.0,-0.01596546472280463,-0.016774038023518723,-0.015183924717259972
7001_liver_sham_Male_52-U1,tierA_p95,Hepatocytes,tnfa_nfkb_proximal,N1,65.0,70.0,-0.015814410668233733,-0.016775617195735122,-0.01489066144808838
7001_liver_sham_Male_52-U1,tierA_p95,Hepatocytes,tnfa_nfkb_proximal,N1,70.0,75.0,-0.015770788056790573,-0.016792288255761727,-0.014723162238972113
7001_liver_sham_Male_52-U1,tierA_p95,Hepatocytes,tnfa_nfkb_proximal,N1,75.0,80.0,-0.01562765265881887,-0.016798649544936067,-0.014468818143007243
7001_liver_sham_Male_52-U1,tierA_p95,Hepatocytes,tnfa_nfkb_proximal,N1,80.0,85.0,-0.015368512185799736,-0.01662121640519916,-0.014017659142639981
7001_liver_sham_Male_52-U1,tierA_p95,Hepatocytes,tnfa_nfkb_proximal,N1,85.0,90.0,-0.015371930700695589,-0.016802815060000656,-0.013896383820989386
7001_liver_sham_Male_52-U1,tierA_p95,Hepatocytes,tnfa_nfkb_proximal,N1,90.0,95.0,-0.015051966524501635,-0.0168225213852483,-0.013196448745772695
7001_liver_sham_Male_52-U1,tierA_p95,Hepatocytes,tnfa_nfkb_proximal,N1,95.0,100.0,-0.01478930786317919,-0.016148804841953374,-0.013207891106456641
7001_liver_sham_Male_52-U1,tierA_p95,Hepatocytes,downstream_arrest,N3,0.0,5.0,0.005935394948768153,0.004471753799586834,0.007489321675087884
7001_liver_sham_Male_52-U1,tierA_p95,Hepatocytes,downstream_arrest,N3,5.0,10.0,0.005918752996092531,0.004991013992114873,0.006807129546198713
7001_liver_sham_Male_52-U1,tierA_p95,Hepatocytes,downstream_arrest,N3,10.0,15.0,0.005912618726611623,0.0051421246622882855,0.006684265460907166
7001_liver_sham_Male_52-U1,tierA_p95,Hepatocytes,downstream_arrest,N3,15.0,20.0,0.005929088977046953,0.005228126273757121,0.006658558800665034
7001_liver_sham_Male_52-U1,tierA_p95,Hepatocytes,downstream_arrest,N3,20.0,25.0,0.0059211730918162534,0.005295066605526016,0.006550551663394349
7001_liver_sham_Male_52-U1,tierA_p95,Hepatocytes,downstream_arrest,N3,25.0,30.0,0.005918481541337458,0.005299420556335978,0.006538510256216034
7001_liver_sham_Male_52-U1,tierA_p95,Hepatocytes,downstream_arrest,N3,30.0,35.0,0.005919565240982612,0.005250376850449082,0.006566996722586014
7001_liver_sham_Male_52-U1,tierA_p95,Hepatocytes,downstream_arrest,N3,35.0,40.0,0.005906674343113091,0.005260836327286848,0.006556816527641476
7001_liver_sham_Male_52-U1,tierA_p95,Hepatocytes,downstream_arrest,N3,40.0,45.0,0.005927189894450236,0.005273646098662025,0.006594824192398733
7001_liver_sham_Male_52-U1,tierA_p95,Hepatocytes,downstream_arrest,N3,45.0,50.0,0.005925321775014554,0.005278389642049854,0.00660999036602907
7001_liver_sham_Male_52-U1,tierA_p95,Hepatocytes,downstream_arrest,N3,50.0,55.0,0.0059161709217420855,0.005224727776195444,0.006580991924648502
7001_liver_sham_Male_52-U1,tierA_p95,Hepatocytes,downstream_arrest,N3,55.0,60.0,0.005916824582255075,0.0051841987883421686,0.00663999301573484
7001_liver_sham_Male_52-U1,tierA_p95,Hepatocytes,downstream_arrest,N3,60.0,65.0,0.005920121715078589,0.005124765303718596,0.006658433326122998
7001_liver_sham_Male_52-U1,tierA_p95,Hepatocytes,downstream_arrest,N3,65.0,70.0,0.0058905897918676495,0.005079041709080779,0.006734513431592497
7001_liver_sham_Male_52-U1,tierA_p95,Hepatocytes,downstream_arrest,N3,70.0,75.0,0.005932396749576174,0.005107512077314993,0.006811964912347513
7001_liver_sham_Male_52-U1,tierA_p95,Hepatocytes,downstream_arrest,N3,75.0,80.0,0.005924175686608338,0.004930453373342537,0.006845556196627805
7001_liver_sham_Male_52-U1,tierA_p95,Hepatocytes,downstream_arrest,N3,80.0,85.0,0.0059201576179608185,0.004804998844897233,0.007102280512057422
7001_liver_sham_Male_52-U1,tierA_p95,Hepatocytes,downstream_arrest,N3,85.0,90.0,0.005912463290164522,0.004710433891573998,0.007141758260794774
7001_liver_sham_Male_52-U1,tierA_p95,Hepatocytes,downstream_arrest,N3,90.0,95.0,0.005907229380619341,0.004597356034535389,0.007171443331478764
7001_liver_sham_Male_52-U1,tierA_p95,Hepatocytes,downstream_arrest,N3,95.0,100.0,0.005959256058936041,0.005036927413459478,0.007128141004573718
7001_liver_sham_Male_52-U1,tierA_p95,Hepatocytes,emt_ecm,N3,0.0,5.0,0.007566866893626507,0.005461999363574703,0.009820237716220028
7001_liver_sham_Male_52-U1,tierA_p95,Hepatocytes,emt_ecm,N3,5.0,10.0,0.007571037564146692,0.00614893476548362,0.00919646395247475
7001_liver_sham_Male_52-U1,tierA_p95,Hepatocytes,emt_ecm,N3,10.0,15.0,0.007547115441024856,0.00630772782169301,0.0089097540789571
7001_liver_sham_Male_52-U1,tierA_p95,Hepatocytes,emt_ecm,N3,15.0,20.0,0.007524352233091669,0.006303877716068942,0.008874532321577767
7001_liver_sham_Male_52-U1,tierA_p95,Hepatocytes,emt_ecm,N3,20.0,25.0,0.007536257575249533,0.006435255927104321,0.008760437160171584
7001_liver_sham_Male_52-U1,tierA_p95,Hepatocytes,emt_ecm,N3,25.0,30.0,0.007538239913887926,0.00651426000260203,0.008782893848215614
7001_liver_sham_Male_52-U1,tierA_p95,Hepatocytes,emt_ecm,N3,30.0,35.0,0.007559558084279788,0.006558599662667453,0.008815499857162568
7001_liver_sham_Male_52-U1,tierA_p95,Hepatocytes,emt_ecm,N3,35.0,40.0,0.007548397144356731,0.006527647129942266,0.008729400248551112
7001_liver_sham_Male_52-U1,tierA_p95,Hepatocytes,emt_ecm,N3,40.0,45.0,0.007528916315270137,0.006444644976080158,0.008839716650407066
7001_liver_sham_Male_52-U1,tierA_p95,Hepatocytes,emt_ecm,N3,45.0,50.0,0.007518295056313704,0.006489782359237338,0.00866572842154973
7001_liver_sham_Male_52-U1,tierA_p95,Hepatocytes,emt_ecm,N3,50.0,55.0,0.007527304916230512,0.00640219295290512,0.0087389855570868
7001_liver_sham_Male_52-U1,tierA_p95,Hepatocytes,emt_ecm,N3,55.0,60.0,0.007533455174664119,0.006443129298713253,0.00881857841785194
7001_liver_sham_Male_52-U1,tierA_p95,Hepatocytes,emt_ecm,N3,60.0,65.0,0.007536395038786783,0.0063155349705031226,0.008792629339660888
7001_liver_sham_Male_52-U1,tierA_p95,Hepatocytes,emt_ecm,N3,65.0,70.0,0.007529764359276614,0.006296958027043086,0.008813838847501077
7001_liver_sham_Male_52-U1,tierA_p95,Hepatocytes,emt_ecm,N3,70.0,75.0,0.007539259877068733,0.0061995913344825414,0.008802364805757305
7001_liver_sham_Male_52-U1,tierA_p95,Hepatocytes,emt_ecm,N3,75.0,80.0,0.0075838668932104005,0.006110956318784477,0.009100537079802523
7001_liver_sham_Male_52-U1,tierA_p95,Hepatocytes,emt_ecm,N3,80.0,85.0,0.007526050685582875,0.006019641592425237,0.009168281098317774
7001_liver_sham_Male_52-U1,tierA_p95,Hepatocytes,emt_ecm,N3,85.0,90.0,0.007594482493050995,0.0059166553264284275,0.0093149405202608
7001_liver_sham_Male_52-U1,tierA_p95,Hepatocytes,emt_ecm,N3,90.0,95.0,0.007495421295187714,0.00549774776123434,0.00926729098459291
7001_liver_sham_Male_52-U1,tierA_p95,Hepatocytes,emt_ecm,N3,95.0,100.0,0.007429574307847374,0.004256680910168141,0.009221825474347713
7001_liver_sham_Male_52-U1,tierA_p95,Hepatocytes,il6_jak_stat3,N3,0.0,5.0,-0.03198852864937376,-0.034131723398952554,-0.029775767022222146
7001_liver_sham_Male_52-U1,tierA_p95,Hepatocytes,il6_jak_stat3,N3,5.0,10.0,-0.03198349873937383,-0.03323904042346989,-0.030731852500667137
7001_liver_sham_Male_52-U1,tierA_p95,Hepatocytes,il6_jak_stat3,N3,10.0,15.0,-0.03200414408158524,-0.03302395968346808,-0.030953009754962842
7001_liver_sham_Male_52-U1,tierA_p95,Hepatocytes,il6_jak_stat3,N3,15.0,20.0,-0.03197505077290132,-0.032860865538510975,-0.03106298350013682
7001_liver_sham_Male_52-U1,tierA_p95,Hepatocytes,il6_jak_stat3,N3,20.0,25.0,-0.03201914590251559,-0.03288054186087696,-0.031136678219012243
7001_liver_sham_Male_52-U1,tierA_p95,Hepatocytes,il6_jak_stat3,N3,25.0,30.0,-0.03201432993350248,-0.03291704984224956,-0.03122516174486848
7001_liver_sham_Male_52-U1,tierA_p95,Hepatocytes,il6_jak_stat3,N3,30.0,35.0,-0.03199869298186637,-0.03280625886453107,-0.03125485328982251
7001_liver_sham_Male_52-U1,tierA_p95,Hepatocytes,il6_jak_stat3,N3,35.0,40.0,-0.03199110672622405,-0.032774105001829375,-0.031207269228550525
7001_liver_sham_Male_52-U1,tierA_p95,Hepatocytes,il6_jak_stat3,N3,40.0,45.0,-0.03200438776716564,-0.03285258292748018,-0.031137990413971844
7001_liver_sham_Male_52-U1,tierA_p95,Hepatocytes,il6_jak_stat3,N3,45.0,50.0,-0.03202055317197153,-0.0328857843620515,-0.03115009676932867
7001_liver_sham_Male_52-U1,tierA_p95,Hepatocytes,il6_jak_stat3,N3,50.0,55.0,-0.03196451308359621,-0.03289424163867407,-0.031124477729018548
7001_liver_sham_Male_52-U1,tierA_p95,Hepatocytes,il6_jak_stat3,N3,55.0,60.0,-0.032006213132154904,-0.032974707299134404,-0.031035949599092314
7001_liver_sham_Male_52-U1,tierA_p95,Hepatocytes,il6_jak_stat3,N3,60.0,65.0,-0.0319753266198531,-0.0330485612653432,-0.03099556198567126
7001_liver_sham_Male_52-U1,tierA_p95,Hepatocytes,il6_jak_stat3,N3,65.0,70.0,-0.03199517891143484,-0.033055957698456886,-0.03084972640892269
7001_liver_sham_Male_52-U1,tierA_p95,Hepatocytes,il6_jak_stat3,N3,70.0,75.0,-0.03199543543536737,-0.03327119371317938,-0.030771971791371516
7001_liver_sham_Male_52-U1,tierA_p95,Hepatocytes,il6_jak_stat3,N3,75.0,80.0,-0.03198294753192698,-0.03333484919358503,-0.03063222293387
7001_liver_sham_Male_52-U1,tierA_p95,Hepatocytes,il6_jak_stat3,N3,80.0,85.0,-0.03201604681887571,-0.03361439597411012,-0.030471536736759917
7001_liver_sham_Male_52-U1,tierA_p95,Hepatocytes,il6_jak_stat3,N3,85.0,90.0,-0.032000215047035686,-0.03362636280512394,-0.030301948693189265
7001_liver_sham_Male_52-U1,tierA_p95,Hepatocytes,il6_jak_stat3,N3,90.0,95.0,-0.032024891555523356,-0.0337750333886289,-0.0301365318483593
7001_liver_sham_Male_52-U1,tierA_p95,Hepatocytes,il6_jak_stat3,N3,95.0,100.0,-0.03201777322149229,-0.0328236078658021,-0.03105365091479713
7001_liver_sham_Male_52-U1,tierA_p95,Hepatocytes,interferon_response,N3,0.0,5.0,-0.010731414778933275,-0.01278731859998106,-0.008733564324766943
7001_liver_sham_Male_52-U1,tierA_p95,Hepatocytes,interferon_response,N3,5.0,10.0,-0.010677005077982518,-0.01190174938906843,-0.009453217987010385
7001_liver_sham_Male_52-U1,tierA_p95,Hepatocytes,interferon_response,N3,10.0,15.0,-0.010705093700538073,-0.011788316412387761,-0.009669892439707168
7001_liver_sham_Male_52-U1,tierA_p95,Hepatocytes,interferon_response,N3,15.0,20.0,-0.01069970910945414,-0.011625975789830049,-0.009791427011750472
7001_liver_sham_Male_52-U1,tierA_p95,Hepatocytes,interferon_response,N3,20.0,25.0,-0.01069605426277674,-0.011604016242725059,-0.0098307694009119
7001_liver_sham_Male_52-U1,tierA_p95,Hepatocytes,interferon_response,N3,25.0,30.0,-0.010711936735728254,-0.011576550403475655,-0.009914182084966989
7001_liver_sham_Male_52-U1,tierA_p95,Hepatocytes,interferon_response,N3,30.0,35.0,-0.010687228493149447,-0.01155303165192251,-0.009872317528071033
7001_liver_sham_Male_52-U1,tierA_p95,Hepatocytes,interferon_response,N3,35.0,40.0,-0.010725640457037682,-0.011546044182329983,-0.009926968990122886
7001_liver_sham_Male_52-U1,tierA_p95,Hepatocytes,interferon_response,N3,40.0,45.0,-0.01071181207399361,-0.011579988440853648,-0.009921754336854875
7001_liver_sham_Male_52-U1,tierA_p95,Hepatocytes,interferon_response,N3,45.0,50.0,-0.010694337864226302,-0.011648798698648991,-0.009835396062103796
7001_liver_sham_Male_52-U1,tierA_p95,Hepatocytes,interferon_response,N3,50.0,55.0,-0.01067585898923062,-0.011594051968644367,-0.009827984925345411
7001_liver_sham_Male_52-U1,tierA_p95,Hepatocytes,interferon_response,N3,55.0,60.0,-0.010676396512991314,-0.011602498755468831,-0.009704515022038467
7001_liver_sham_Male_52-U1,tierA_p95,Hepatocytes,interferon_response,N3,60.0,65.0,-0.01067735612259531,-0.01166683921087234,-0.009652844733854261
7001_liver_sham_Male_52-U1,tierA_p95,Hepatocytes,interferon_response,N3,65.0,70.0,-0.0107041688894591,-0.011766364794424906,-0.009683797559632857
7001_liver_sham_Male_52-U1,tierA_p95,Hepatocytes,interferon_response,N3,70.0,75.0,-0.01070383028737916,-0.011928615372209907,-0.00948869776439298
7001_liver_sham_Male_52-U1,tierA_p95,Hepatocytes,interferon_response,N3,75.0,80.0,-0.010712291194746813,-0.011949140041174295,-0.00927945546958798
7001_liver_sham_Male_52-U1,tierA_p95,Hepatocytes,interferon_response,N3,80.0,85.0,-0.010696018721285457,-0.012043854728926223,-0.009298285243526758
7001_liver_sham_Male_52-U1,tierA_p95,Hepatocytes,interferon_response,N3,85.0,90.0,-0.010726314468206264,-0.0122366888621273,-0.009146190467043116
7001_liver_sham_Male_52-U1,tierA_p95,Hepatocytes,interferon_response,N3,90.0,95.0,-0.010740487181885569,-0.012531532844088164,-0.00896264563006532
7001_liver_sham_Male_52-U1,tierA_p95,Hepatocytes,interferon_response,N3,95.0,100.0,-0.010665301132866985,-0.011699874017112503,-0.009100327861401674
7001_liver_sham_Male_52-U1,tierA_p95,Hepatocytes,oxidative_stress,N3,0.0,5.0,0.1282358685413667,0.12248545839642849,0.1336795909718018
7001_liver_sham_Male_52-U1,tierA_p95,Hepatocytes,oxidative_stress,N3,5.0,10.0,0.1282420832133297,0.12426585209945104,0.1315097603916291
7001_liver_sham_Male_52-U1,tierA_p95,Hepatocytes,oxidative_stress,N3,10.0,15.0,0.12828737484321165,0.12473742544006801,0.13096951666452028
7001_liver_sham_Male_52-U1,tierA_p95,Hepatocytes,oxidative_stress,N3,15.0,20.0,0.1282882265404041,0.12453349689907185,0.13079749545145347
7001_liver_sham_Male_52-U1,tierA_p95,Hepatocytes,oxidative_stress,N3,20.0,25.0,0.12827639097927584,0.12470258788206409,0.13086203258997178
7001_liver_sham_Male_52-U1,tierA_p95,Hepatocytes,oxidative_stress,N3,25.0,30.0,0.12825648662730418,0.12461824643219452,0.13062199591808762
7001_liver_sham_Male_52-U1,tierA_p95,Hepatocytes,oxidative_stress,N3,30.0,35.0,0.12829053806141436,0.12468487357089862,0.13055319919149797
7001_liver_sham_Male_52-U1,tierA_p95,Hepatocytes,oxidative_stress,N3,35.0,40.0,0.12825059689652146,0.12499898601102034,0.1307972751132859
7001_liver_sham_Male_52-U1,tierA_p95,Hepatocytes,oxidative_stress,N3,40.0,45.0,0.1283034377105647,0.12475736025067177,0.13081820087263257
7001_liver_sham_Male_52-U1,tierA_p95,Hepatocytes,oxidative_stress,N3,45.0,50.0,0.12829175226281525,0.12522583818581356,0.13076891319595332
7001_liver_sham_Male_52-U1,tierA_p95,Hepatocytes,oxidative_stress,N3,50.0,55.0,0.1282835721984602,0.1246366305611142,0.13073690095804874
7001_liver_sham_Male_52-U1,tierA_p95,Hepatocytes,oxidative_stress,N3,55.0,60.0,0.12830509632118206,0.1250127126100545,0.1309849977497681
7001_liver_sham_Male_52-U1,tierA_p95,Hepatocytes,oxidative_stress,N3,60.0,65.0,0.1282864280092692,0.124900329058241,0.13109090011839958
7001_liver_sham_Male_52-U1,tierA_p95,Hepatocytes,oxidative_stress,N3,65.0,70.0,0.1282896188010609,0.12505871314346703,0.13104328567367396
7001_liver_sham_Male_52-U1,tierA_p95,Hepatocytes,oxidative_stress,N3,70.0,75.0,0.12829578282788892,0.12462605567061327,0.13123965730728332
7001_liver_sham_Male_52-U1,tierA_p95,Hepatocytes,oxidative_stress,N3,75.0,80.0,0.1282516247523224,0.12473877376918652,0.13169067464617507
7001_liver_sham_Male_52-U1,tierA_p95,Hepatocytes,oxidative_stress,N3,80.0,85.0,0.12833835829649717,0.12477612280705674,0.13190331928073998
7001_liver_sham_Male_52-U1,tierA_p95,Hepatocytes,oxidative_stress,N3,85.0,90.0,0.12820317836717027,0.12449103286501219,0.1320250323138358
7001_liver_sham_Male_52-U1,tierA_p95,Hepatocytes,oxidative_stress,N3,90.0,95.0,0.1282322630867558,0.12413485505104556,0.1324366575569626
7001_liver_sham_Male_52-U1,tierA_p95,Hepatocytes,oxidative_stress,N3,95.0,100.0,0.12857996774493852,0.12484729078079106,0.1384774435081293
7001_liver_sham_Male_52-U1,tierA_p95,Hepatocytes,secondary_senescence,N3,0.0,5.0,-0.041218417883483086,-0.043824738850796595,-0.03853457630095491
7001_liver_sham_Male_52-U1,tierA_p95,Hepatocytes,secondary_senescence,N3,5.0,10.0,-0.04132893567902522,-0.04298983755746743,-0.03964516326264244
7001_liver_sham_Male_52-U1,tierA_p95,Hepatocytes,secondary_senescence,N3,10.0,15.0,-0.04135321318260126,-0.042718050523000525,-0.040001539633433385
7001_liver_sham_Male_52-U1,tierA_p95,Hepatocytes,secondary_senescence,N3,15.0,20.0,-0.04131084452800964,-0.04251164056296192,-0.04009531390178464
7001_liver_sham_Male_52-U1,tierA_p95,Hepatocytes,secondary_senescence,N3,20.0,25.0,-0.04132667368933195,-0.04241284210413683,-0.0402446435831928
7001_liver_sham_Male_52-U1,tierA_p95,Hepatocytes,secondary_senescence,N3,25.0,30.0,-0.04133311428160002,-0.042395759195012615,-0.04032116878530081
7001_liver_sham_Male_52-U1,tierA_p95,Hepatocytes,secondary_senescence,N3,30.0,35.0,-0.04132877398655454,-0.04223627103705173,-0.04031661015247437
7001_liver_sham_Male_52-U1,tierA_p95,Hepatocytes,secondary_senescence,N3,35.0,40.0,-0.04132788727836052,-0.04231945875819861,-0.04027594637321212
7001_liver_sham_Male_52-U1,tierA_p95,Hepatocytes,secondary_senescence,N3,40.0,45.0,-0.041346195081380474,-0.04236362408708764,-0.04029184078844286
7001_liver_sham_Male_52-U1,tierA_p95,Hepatocytes,secondary_senescence,N3,45.0,50.0,-0.04134522340243696,-0.042451530264576536,-0.04023886122766448
7001_liver_sham_Male_52-U1,tierA_p95,Hepatocytes,secondary_senescence,N3,50.0,55.0,-0.041318931959215426,-0.042464971184012774,-0.04022178275353062
7001_liver_sham_Male_52-U1,tierA_p95,Hepatocytes,secondary_senescence,N3,55.0,60.0,-0.04132386012923209,-0.04248914842315682,-0.040077923683631535
7001_liver_sham_Male_52-U1,tierA_p95,Hepatocytes,secondary_senescence,N3,60.0,65.0,-0.04130199105778489,-0.04266444543474628,-0.04001552143697218
7001_liver_sham_Male_52-U1,tierA_p95,Hepatocytes,secondary_senescence,N3,65.0,70.0,-0.04133594319935561,-0.04271712393520407,-0.03998939500673086
7001_liver_sham_Male_52-U1,tierA_p95,Hepatocytes,secondary_senescence,N3,70.0,75.0,-0.04131588334280491,-0.04299027170160027,-0.039661090151725496
7001_liver_sham_Male_52-U1,tierA_p95,Hepatocytes,secondary_senescence,N3,75.0,80.0,-0.0413012685852958,-0.04307581078342282,-0.03955372067330032
7001_liver_sham_Male_52-U1,tierA_p95,Hepatocytes,secondary_senescence,N3,80.0,85.0,-0.041369718827318165,-0.04316019969958482,-0.03947220428251483
7001_liver_sham_Male_52-U1,tierA_p95,Hepatocytes,secondary_senescence,N3,85.0,90.0,-0.04129820946201983,-0.04344240145375929,-0.038993170235468555
7001_liver_sham_Male_52-U1,tierA_p95,Hepatocytes,secondary_senescence,N3,90.0,95.0,-0.041334696568857764,-0.04369486409631352,-0.03909423590186914
7001_liver_sham_Male_52-U1,tierA_p95,Hepatocytes,secondary_senescence,N3,95.0,100.0,-0.04136100141398886,-0.04263094290627666,-0.04063346253451547
7001_liver_sham_Male_52-U1,tierA_p95,Hepatocytes,tnfa_nfkb_proximal,N3,0.0,5.0,-0.01597723609824878,-0.01793350719506899,-0.01405727855614214
7001_liver_sham_Male_52-U1,tierA_p95,Hepatocytes,tnfa_nfkb_proximal,N3,5.0,10.0,-0.015988702509094385,-0.01719171417429458,-0.014783000929589368
7001_liver_sham_Male_52-U1,tierA_p95,Hepatocytes,tnfa_nfkb_proximal,N3,10.0,15.0,-0.016005828174774122,-0.017004403492121643,-0.014993148107638476
7001_liver_sham_Male_52-U1,tierA_p95,Hepatocytes,tnfa_nfkb_proximal,N3,15.0,20.0,-0.0159866815418736,-0.01684767906914586,-0.015142411292355166
7001_liver_sham_Male_52-U1,tierA_p95,Hepatocytes,tnfa_nfkb_proximal,N3,20.0,25.0,-0.015988300805327975,-0.016754782979623822,-0.015236676196830959
7001_liver_sham_Male_52-U1,tierA_p95,Hepatocytes,tnfa_nfkb_proximal,N3,25.0,30.0,-0.016006833905370207,-0.016687388929562275,-0.015319454771380336
7001_liver_sham_Male_52-U1,tierA_p95,Hepatocytes,tnfa_nfkb_proximal,N3,30.0,35.0,-0.015982892128237745,-0.016741575199631844,-0.015319124717022596
7001_liver_sham_Male_52-U1,tierA_p95,Hepatocytes,tnfa_nfkb_proximal,N3,35.0,40.0,-0.015984488012034802,-0.01665694699002662,-0.015338258295609497
7001_liver_sham_Male_52-U1,tierA_p95,Hepatocytes,tnfa_nfkb_proximal,N3,40.0,45.0,-0.015981701647105367,-0.016736002809160194,-0.015270743484468347
7001_liver_sham_Male_52-U1,tierA_p95,Hepatocytes,tnfa_nfkb_proximal,N3,45.0,50.0,-0.016000498502943668,-0.01678280014307393,-0.01524557966001434
7001_liver_sham_Male_52-U1,tierA_p95,Hepatocytes,tnfa_nfkb_proximal,N3,50.0,55.0,-0.015986862885748444,-0.016784058153057998,-0.015226191582520865
7001_liver_sham_Male_52-U1,tierA_p95,Hepatocytes,tnfa_nfkb_proximal,N3,55.0,60.0,-0.015987569016029605,-0.016770540487969318,-0.01510712948298568
7001_liver_sham_Male_52-U1,tierA_p95,Hepatocytes,tnfa_nfkb_proximal,N3,60.0,65.0,-0.01596542250696764,-0.016869459409071735,-0.015098027689870454
7001_liver_sham_Male_52-U1,tierA_p95,Hepatocytes,tnfa_nfkb_proximal,N3,65.0,70.0,-0.016001876377130925,-0.01688115421434882,-0.015006624161263048
7001_liver_sham_Male_52-U1,tierA_p95,Hepatocytes,tnfa_nfkb_proximal,N3,70.0,75.0,-0.01595554046820873,-0.017057090778154708,-0.014811899002011271
7001_liver_sham_Male_52-U1,tierA_p95,Hepatocytes,tnfa_nfkb_proximal,N3,75.0,80.0,-0.015964504114949842,-0.017196717936954223,-0.014665937863636857
7001_liver_sham_Male_52-U1,tierA_p95,Hepatocytes,tnfa_nfkb_proximal,N3,80.0,85.0,-0.016016713643944105,-0.017346765906095143,-0.014526542557407556
7001_liver_sham_Male_52-U1,tierA_p95,Hepatocytes,tnfa_nfkb_proximal,N3,85.0,90.0,-0.016001870143015528,-0.01764825363836791,-0.014367125974713863
7001_liver_sham_Male_52-U1,tierA_p95,Hepatocytes,tnfa_nfkb_proximal,N3,90.0,95.0,-0.01601750405164664,-0.01765474192632957,-0.01441168424559756
7001_liver_sham_Male_52-U1,tierA_p95,Hepatocytes,tnfa_nfkb_proximal,N3,95.0,100.0,-0.016011148898594556,-0.01675777062263038,-0.015492597249180656
7001_liver_sham_Male_52-U1,tierA_p95,Hepatocytes,downstream_arrest,N4,0.0,5.0,0.005887088827159404,0.004538145487685553,0.007206223030494765
7001_liver_sham_Male_52-U1,tierA_p95,Hepatocytes,downstream_arrest,N4,5.0,10.0,0.005926228501040707,0.0050926546362507,0.006819749651664736
7001_liver_sham_Male_52-U1,tierA_p95,Hepatocytes,downstream_arrest,N4,10.0,15.0,0.005929468878039692,0.005289935484205311,0.006657372426949685
7001_liver_sham_Male_52-U1,tierA_p95,Hepatocytes,downstream_arrest,N4,15.0,20.0,0.00591627699326839,0.0053394300245775,0.006520252088066815
7001_liver_sham_Male_52-U1,tierA_p95,Hepatocytes,downstream_arrest,N4,20.0,25.0,0.005904023795058621,0.0053831383569209156,0.006438663037177728
7001_liver_sham_Male_52-U1,tierA_p95,Hepatocytes,downstream_arrest,N4,25.0,30.0,0.005889168371847754,0.005365277621081902,0.006370417269962558
7001_liver_sham_Male_52-U1,tierA_p95,Hepatocytes,downstream_arrest,N4,30.0,35.0,0.005869808693869466,0.005406607688094802,0.006384715200514474
7001_liver_sham_Male_52-U1,tierA_p95,Hepatocytes,downstream_arrest,N4,35.0,40.0,0.005864085553178249,0.0053250452047142955,0.0063949377455830994
7001_liver_sham_Male_52-U1,tierA_p95,Hepatocytes,downstream_arrest,N4,40.0,45.0,0.005883358364779719,0.005330275623737157,0.006427490957361205
7001_liver_sham_Male_52-U1,tierA_p95,Hepatocytes,downstream_arrest,N4,45.0,50.0,0.005884789141581098,0.005318286428361617,0.006457655491404572
7001_liver_sham_Male_52-U1,tierA_p95,Hepatocytes,downstream_arrest,N4,50.0,55.0,0.0058816434079029915,0.0053022129763977445,0.006465806000490525
7001_liver_sham_Male_52-U1,tierA_p95,Hepatocytes,downstream_arrest,N4,55.0,60.0,0.005880605970237731,0.005290681300109357,0.006449940144016567
7001_liver_sham_Male_52-U1,tierA_p95,Hepatocytes,downstream_arrest,N4,60.0,65.0,0.005878036647110568,0.005217140860010421,0.006502566944177489
7001_liver_sham_Male_52-U1,tierA_p95,Hepatocytes,downstream_arrest,N4,65.0,70.0,0.005886921366909048,0.005081303772999898,0.006613455245910772
7001_liver_sham_Male_52-U1,tierA_p95,Hepatocytes,downstream_arrest,N4,70.0,75.0,0.005860904509430342,0.0050509138952336595,0.006688307715584549
7001_liver_sham_Male_52-U1,tierA_p95,Hepatocytes,downstream_arrest,N4,75.0,80.0,0.005907175705633744,0.004965034305844677,0.006783450060095998
7001_liver_sham_Male_52-U1,tierA_p95,Hepatocytes,downstream_arrest,N4,80.0,85.0,0.0059147912335257595,0.004811283953508373,0.006978589899079076
7001_liver_sham_Male_52-U1,tierA_p95,Hepatocytes,downstream_arrest,N4,85.0,90.0,0.005887170883977846,0.0046565143571792155,0.007144266060138696
7001_liver_sham_Male_52-U1,tierA_p95,Hepatocytes,downstream_arrest,N4,90.0,95.0,0.005899224837241395,0.004477507869711426,0.007219360171702963
7001_liver_sham_Male_52-U1,tierA_p95,Hepatocytes,downstream_arrest,N4,95.0,100.0,0.006067716592601267,0.005313088788686303,0.006867880966919044
7001_liver_sham_Male_52-U1,tierA_p95,Hepatocytes,emt_ecm,N4,0.0,5.0,0.007859459125979842,0.006078672657529267,0.009829928157633765
7001_liver_sham_Male_52-U1,tierA_p95,Hepatocytes,emt_ecm,N4,5.0,10.0,0.007860297059685146,0.006657970420684336,0.009035946860867873
7001_liver_sham_Male_52-U1,tierA_p95,Hepatocytes,emt_ecm,N4,10.0,15.0,0.00781273618634559,0.006859224065412304,0.008815856059653005
7001_liver_sham_Male_52-U1,tierA_p95,Hepatocytes,emt_ecm,N4,15.0,20.0,0.007838386189765727,0.00698960912789271,0.008657486760139783
7001_liver_sham_Male_52-U1,tierA_p95,Hepatocytes,emt_ecm,N4,20.0,25.0,0.007831668180168632,0.0070604347559482935,0.008587929937892983
7001_liver_sham_Male_52-U1,tierA_p95,Hepatocytes,emt_ecm,N4,25.0,30.0,0.00784499003285693,0.0071172539974730005,0.008696674615835403
7001_liver_sham_Male_52-U1,tierA_p95,Hepatocytes,emt_ecm,N4,30.0,35.0,0.007890404334926188,0.007146486721677578,0.008704186763585534
7001_liver_sham_Male_52-U1,tierA_p95,Hepatocytes,emt_ecm,N4,35.0,40.0,0.007877260162389635,0.007137933496554205,0.008611432654262003
7001_liver_sham_Male_52-U1,tierA_p95,Hepatocytes,emt_ecm,N4,40.0,45.0,0.007883950304582495,0.0070823542907697875,0.008718712796672336
7001_liver_sham_Male_52-U1,tierA_p95,Hepatocytes,emt_ecm,N4,45.0,50.0,0.007886015374565956,0.0070310780589446205,0.008752892832571786
7001_liver_sham_Male_52-U1,tierA_p95,Hepatocytes,emt_ecm,N4,50.0,55.0,0.007875402907234836,0.007041492278133587,0.008702885364485904
7001_liver_sham_Male_52-U1,tierA_p95,Hepatocytes,emt_ecm,N4,55.0,60.0,0.007883163100177233,0.006997210983474431,0.008849130276881292
7001_liver_sham_Male_52-U1,tierA_p95,Hepatocytes,emt_ecm,N4,60.0,65.0,0.007855542464943615,0.006901927642315635,0.00888882621675476
7001_liver_sham_Male_52-U1,tierA_p95,Hepatocytes,emt_ecm,N4,65.0,70.0,0.007800730952072129,0.0067560892145807966,0.00888966346285352
7001_liver_sham_Male_52-U1,tierA_p95,Hepatocytes,emt_ecm,N4,70.0,75.0,0.00780550877901695,0.006508579442653328,0.009043821894094396
7001_liver_sham_Male_52-U1,tierA_p95,Hepatocytes,emt_ecm,N4,75.0,80.0,0.0077718125044162175,0.00639363624340596,0.009123021420275771
7001_liver_sham_Male_52-U1,tierA_p95,Hepatocytes,emt_ecm,N4,80.0,85.0,0.00772604874712014,0.006149758716505967,0.009335278133775703
7001_liver_sham_Male_52-U1,tierA_p95,Hepatocytes,emt_ecm,N4,85.0,90.0,0.00772367358595388,0.0059837531823912545,0.009282373996158163
7001_liver_sham_Male_52-U1,tierA_p95,Hepatocytes,emt_ecm,N4,90.0,95.0,0.007654944340545901,0.005533130218953666,0.009562931641764921
7001_liver_sham_Male_52-U1,tierA_p95,Hepatocytes,emt_ecm,N4,95.0,100.0,0.006077928060714765,0.004205049192141048,0.007308667100280899
7001_liver_sham_Male_52-U1,tierA_p95,Hepatocytes,il6_jak_stat3,N4,0.0,5.0,-0.03187920900527447,-0.03371509846632835,-0.029721534987424306
7001_liver_sham_Male_52-U1,tierA_p95,Hepatocytes,il6_jak_stat3,N4,5.0,10.0,-0.03192341799058382,-0.03311178979264644,-0.03070015726050776
7001_liver_sham_Male_52-U1,tierA_p95,Hepatocytes,il6_jak_stat3,N4,10.0,15.0,-0.031932809219386675,-0.03290040157066685,-0.030887322634503715
7001_liver_sham_Male_52-U1,tierA_p95,Hepatocytes,il6_jak_stat3,N4,15.0,20.0,-0.031920679738956945,-0.0327880620707169,-0.031138790740519093
7001_liver_sham_Male_52-U1,tierA_p95,Hepatocytes,il6_jak_stat3,N4,20.0,25.0,-0.031919412531163885,-0.03269513783899557,-0.031154551193442515
7001_liver_sham_Male_52-U1,tierA_p95,Hepatocytes,il6_jak_stat3,N4,25.0,30.0,-0.03192993025323496,-0.03268470513315791,-0.031199991894387626
7001_liver_sham_Male_52-U1,tierA_p95,Hepatocytes,il6_jak_stat3,N4,30.0,35.0,-0.0319004792240818,-0.03265402708590973,-0.031141760065344696
7001_liver_sham_Male_52-U1,tierA_p95,Hepatocytes,il6_jak_stat3,N4,35.0,40.0,-0.03190903696788868,-0.032715529793277104,-0.03119329607091387
7001_liver_sham_Male_52-U1,tierA_p95,Hepatocytes,il6_jak_stat3,N4,40.0,45.0,-0.03192340013374962,-0.032660082980540045,-0.03121177502682315
7001_liver_sham_Male_52-U1,tierA_p95,Hepatocytes,il6_jak_stat3,N4,45.0,50.0,-0.031893214967589324,-0.032656354294409815,-0.031146941016105205
7001_liver_sham_Male_52-U1,tierA_p95,Hepatocytes,il6_jak_stat3,N4,50.0,55.0,-0.03188702635891408,-0.032663706922202156,-0.031100780022290206
7001_liver_sham_Male_52-U1,tierA_p95,Hepatocytes,il6_jak_stat3,N4,55.0,60.0,-0.03190200989682087,-0.03278579451255049,-0.031020633085169082
7001_liver_sham_Male_52-U1,tierA_p95,Hepatocytes,il6_jak_stat3,N4,60.0,65.0,-0.031899652399869916,-0.0329095741679923,-0.030919105773361658
7001_liver_sham_Male_52-U1,tierA_p95,Hepatocytes,il6_jak_stat3,N4,65.0,70.0,-0.03191765199563069,-0.032993949266906755,-0.0309719092612
7001_liver_sham_Male_52-U1,tierA_p95,Hepatocytes,il6_jak_stat3,N4,70.0,75.0,-0.03188105779160646,-0.03294025698421513,-0.030745518446374298
7001_liver_sham_Male_52-U1,tierA_p95,Hepatocytes,il6_jak_stat3,N4,75.0,80.0,-0.031937928196812564,-0.033213868634664405,-0.030591969519658747
7001_liver_sham_Male_52-U1,tierA_p95,Hepatocytes,il6_jak_stat3,N4,80.0,85.0,-0.031902036219085175,-0.033357667243355545,-0.030360382419242424
7001_liver_sham_Male_52-U1,tierA_p95,Hepatocytes,il6_jak_stat3,N4,85.0,90.0,-0.0319264987835447,-0.03357067831148503,-0.030186574892609674
7001_liver_sham_Male_52-U1,tierA_p95,Hepatocytes,il6_jak_stat3,N4,90.0,95.0,-0.03193454243975549,-0.033751965355430416,-0.030035445569526215
7001_liver_sham_Male_52-U1,tierA_p95,Hepatocytes,il6_jak_stat3,N4,95.0,100.0,-0.03240185672757037,-0.033414731393983974,-0.03158830195212575
7001_liver_sham_Male_52-U1,tierA_p95,Hepatocytes,interferon_response,N4,0.0,5.0,-0.010733531802502513,-0.012503533053339566,-0.008702408164306232
7001_liver_sham_Male_52-U1,tierA_p95,Hepatocytes,interferon_response,N4,5.0,10.0,-0.010751537468270105,-0.011853843291079013,-0.009599951279834288
7001_liver_sham_Male_52-U1,tierA_p95,Hepatocytes,interferon_response,N4,10.0,15.0,-0.010715383248622647,-0.01166120131413489,-0.009808668650296202
7001_liver_sham_Male_52-U1,tierA_p95,Hepatocytes,interferon_response,N4,15.0,20.0,-0.010749292806948803,-0.011481470606104705,-0.010001880039252427
7001_liver_sham_Male_52-U1,tierA_p95,Hepatocytes,interferon_response,N4,20.0,25.0,-0.010724000382074472,-0.01144681198192505,-0.009953410435535257
7001_liver_sham_Male_52-U1,tierA_p95,Hepatocytes,interferon_response,N4,25.0,30.0,-0.010738980717355644,-0.011384949135376226,-0.009973426581004573
7001_liver_sham_Male_52-U1,tierA_p95,Hepatocytes,interferon_response,N4,30.0,35.0,-0.010722845523987754,-0.011367609721624154,-0.010079250521290273
7001_liver_sham_Male_52-U1,tierA_p95,Hepatocytes,interferon_response,N4,35.0,40.0,-0.01074719791807339,-0.011424339646769874,-0.01010133901175579
7001_liver_sham_Male_52-U1,tierA_p95,Hepatocytes,interferon_response,N4,40.0,45.0,-0.01078924357181646,-0.011475392509044441,-0.010130939924585051
7001_liver_sham_Male_52-U1,tierA_p95,Hepatocytes,interferon_response,N4,45.0,50.0,-0.010753660934790703,-0.011418344828722659,-0.010085534649487108
7001_liver_sham_Male_52-U1,tierA_p95,Hepatocytes,interferon_response,N4,50.0,55.0,-0.010786767093030704,-0.01147752857529814,-0.010073887766566682
7001_liver_sham_Male_52-U1,tierA_p95,Hepatocytes,interferon_response,N4,55.0,60.0,-0.010801279284311065,-0.011573660170760395,-0.00996363306435459
7001_liver_sham_Male_52-U1,tierA_p95,Hepatocytes,interferon_response,N4,60.0,65.0,-0.01080071841526328,-0.011673735536701353,-0.009840919440728476
7001_liver_sham_Male_52-U1,tierA_p95,Hepatocytes,interferon_response,N4,65.0,70.0,-0.010789894134195902,-0.011735386894353918,-0.009888238800814983
7001_liver_sham_Male_52-U1,tierA_p95,Hepatocytes,interferon_response,N4,70.0,75.0,-0.01078023874640835,-0.01176629939038705,-0.009715165638885396
7001_liver_sham_Male_52-U1,tierA_p95,Hepatocytes,interferon_response,N4,75.0,80.0,-0.010786368220395096,-0.012080980267834007,-0.00955712003197735
7001_liver_sham_Male_52-U1,tierA_p95,Hepatocytes,interferon_response,N4,80.0,85.0,-0.01076446445563816,-0.012124397080491305,-0.00942050359859614
7001_liver_sham_Male_52-U1,tierA_p95,Hepatocytes,interferon_response,N4,85.0,90.0,-0.010761077969886387,-0.012222729597526474,-0.009309816399021783
7001_liver_sham_Male_52-U1,tierA_p95,Hepatocytes,interferon_response,N4,90.0,95.0,-0.01073029179754406,-0.012464636484701357,-0.00877240133222154
7001_liver_sham_Male_52-U1,tierA_p95,Hepatocytes,interferon_response,N4,95.0,100.0,-0.010422640159437174,-0.011394971806493173,-0.009310851311513683
7001_liver_sham_Male_52-U1,tierA_p95,Hepatocytes,oxidative_stress,N4,0.0,5.0,0.1273119051583879,0.12287801515509451,0.1319660295149206
7001_liver_sham_Male_52-U1,tierA_p95,Hepatocytes,oxidative_stress,N4,5.0,10.0,0.12729020530159563,0.12453370550230441,0.12996571374204646
7001_liver_sham_Male_52-U1,tierA_p95,Hepatocytes,oxidative_stress,N4,10.0,15.0,0.12725421109761068,0.1249689848142816,0.1295232860293905
7001_liver_sham_Male_52-U1,tierA_p95,Hepatocytes,oxidative_stress,N4,15.0,20.0,0.12719345124233167,0.1252586703603875,0.12924283402234954
7001_liver_sham_Male_52-U1,tierA_p95,Hepatocytes,oxidative_stress,N4,20.0,25.0,0.12715479993442114,0.1253967775362883,0.12912065309580842
7001_liver_sham_Male_52-U1,tierA_p95,Hepatocytes,oxidative_stress,N4,25.0,30.0,0.12716853371924297,0.12550412781532605,0.12882729784074165
7001_liver_sham_Male_52-U1,tierA_p95,Hepatocytes,oxidative_stress,N4,30.0,35.0,0.1271312546083488,0.12543832298462718,0.12888554345921863
7001_liver_sham_Male_52-U1,tierA_p95,Hepatocytes,oxidative_stress,N4,35.0,40.0,0.12701805080784961,0.12532362446125792,0.12878220208231647
7001_liver_sham_Male_52-U1,tierA_p95,Hepatocytes,oxidative_stress,N4,40.0,45.0,0.12702052094290348,0.1252858011648584,0.12885797240493738
7001_liver_sham_Male_52-U1,tierA_p95,Hepatocytes,oxidative_stress,N4,45.0,50.0,0.12699017891676492,0.12512333099041045,0.12904829634110068
7001_liver_sham_Male_52-U1,tierA_p95,Hepatocytes,oxidative_stress,N4,50.0,55.0,0.12701967199773595,0.12501703118957724,0.1289007669397899
7001_liver_sham_Male_52-U1,tierA_p95,Hepatocytes,oxidative_stress,N4,55.0,60.0,0.12692941062023091,0.12483062258337226,0.12895760383210028
7001_liver_sham_Male_52-U1,tierA_p95,Hepatocytes,oxidative_stress,N4,60.0,65.0,0.12698663708997113,0.12472358904314756,0.12941436067172826
7001_liver_sham_Male_52-U1,tierA_p95,Hepatocytes,oxidative_stress,N4,65.0,70.0,0.12703184064978051,0.12450785970486315,0.1294464150726734
7001_liver_sham_Male_52-U1,tierA_p95,Hepatocytes,oxidative_stress,N4,70.0,75.0,0.12696089409811184,0.12410765775158739,0.12962370442292057
7001_liver_sham_Male_52-U1,tierA_p95,Hepatocytes,oxidative_stress,N4,75.0,80.0,0.12701465859175412,0.12353330969575843,0.13008942467512669
7001_liver_sham_Male_52-U1,tierA_p95,Hepatocytes,oxidative_stress,N4,80.0,85.0,0.12718144576515855,0.12390809413721984,0.13060410934967548
7001_liver_sham_Male_52-U1,tierA_p95,Hepatocytes,oxidative_stress,N4,85.0,90.0,0.12749471774415178,0.12366888078309378,0.1317010828468806
7001_liver_sham_Male_52-U1,tierA_p95,Hepatocytes,oxidative_stress,N4,90.0,95.0,0.12767613016853557,0.12272291164973313,0.13228324316686121
7001_liver_sham_Male_52-U1,tierA_p95,Hepatocytes,oxidative_stress,N4,95.0,100.0,0.13352116930027147,0.12998482549982415,0.13849144663728818
7001_liver_sham_Male_52-U1,tierA_p95,Hepatocytes,secondary_senescence,N4,0.0,5.0,-0.04106247433472779,-0.043638300985086365,-0.03828662610230169
7001_liver_sham_Male_52-U1,tierA_p95,Hepatocytes,secondary_senescence,N4,5.0,10.0,-0.04111752759805518,-0.04279266460647287,-0.039508417042872335
7001_liver_sham_Male_52-U1,tierA_p95,Hepatocytes,secondary_senescence,N4,10.0,15.0,-0.04115181588633128,-0.042426407396687696,-0.03996914098281282
7001_liver_sham_Male_52-U1,tierA_p95,Hepatocytes,secondary_senescence,N4,15.0,20.0,-0.04115422145454008,-0.04220988967003163,-0.04001941607452346
7001_liver_sham_Male_52-U1,tierA_p95,Hepatocytes,secondary_senescence,N4,20.0,25.0,-0.041149071561665425,-0.04204367630409641,-0.04015976949728034
7001_liver_sham_Male_52-U1,tierA_p95,Hepatocytes,secondary_senescence,N4,25.0,30.0,-0.04112149025888435,-0.04203474438066294,-0.04020412087282472
7001_liver_sham_Male_52-U1,tierA_p95,Hepatocytes,secondary_senescence,N4,30.0,35.0,-0.041114079083669604,-0.04201578349564463,-0.04022671139718758
7001_liver_sham_Male_52-U1,tierA_p95,Hepatocytes,secondary_senescence,N4,35.0,40.0,-0.041192306172736684,-0.04210655707955426,-0.040271271522755274
7001_liver_sham_Male_52-U1,tierA_p95,Hepatocytes,secondary_senescence,N4,40.0,45.0,-0.04120414683815734,-0.04217904808536078,-0.04027843933670366
7001_liver_sham_Male_52-U1,tierA_p95,Hepatocytes,secondary_senescence,N4,45.0,50.0,-0.04117441116871133,-0.042099179786688694,-0.04021728548152609
7001_liver_sham_Male_52-U1,tierA_p95,Hepatocytes,secondary_senescence,N4,50.0,55.0,-0.041175822551492824,-0.042187383693794496,-0.0401105770801294
7001_liver_sham_Male_52-U1,tierA_p95,Hepatocytes,secondary_senescence,N4,55.0,60.0,-0.04113080284547057,-0.04223509207905542,-0.040009428203721296
7001_liver_sham_Male_52-U1,tierA_p95,Hepatocytes,secondary_senescence,N4,60.0,65.0,-0.04118269950904481,-0.04237112196657285,-0.03984311002893946
7001_liver_sham_Male_52-U1,tierA_p95,Hepatocytes,secondary_senescence,N4,65.0,70.0,-0.041214919149785145,-0.042460999969235254,-0.03991838841666117
7001_liver_sham_Male_52-U1,tierA_p95,Hepatocytes,secondary_senescence,N4,70.0,75.0,-0.0412283655406708,-0.0427601228745222,-0.03968985181159162
7001_liver_sham_Male_52-U1,tierA_p95,Hepatocytes,secondary_senescence,N4,75.0,80.0,-0.04127382905263213,-0.04292900068575581,-0.03954034090467581
7001_liver_sham_Male_52-U1,tierA_p95,Hepatocytes,secondary_senescence,N4,80.0,85.0,-0.04124279788859771,-0.04316310411929794,-0.03925576399812041
7001_liver_sham_Male_52-U1,tierA_p95,Hepatocytes,secondary_senescence,N4,85.0,90.0,-0.041257613480002286,-0.04327214626218649,-0.039197169313662544
7001_liver_sham_Male_52-U1,tierA_p95,Hepatocytes,secondary_senescence,N4,90.0,95.0,-0.04129090327011717,-0.04366734525706051,-0.03864251426409443
7001_liver_sham_Male_52-U1,tierA_p95,Hepatocytes,secondary_senescence,N4,95.0,100.0,-0.04200338652901398,-0.04279189857580956,-0.041349813963259686
7001_liver_sham_Male_52-U1,tierA_p95,Hepatocytes,tnfa_nfkb_proximal,N4,0.0,5.0,-0.015888084054235713,-0.01773152266594097,-0.01403009018667697
7001_liver_sham_Male_52-U1,tierA_p95,Hepatocytes,tnfa_nfkb_proximal,N4,5.0,10.0,-0.01586940853485491,-0.016977554023934922,-0.014742400583697588
7001_liver_sham_Male_52-U1,tierA_p95,Hepatocytes,tnfa_nfkb_proximal,N4,10.0,15.0,-0.015878973548055928,-0.016804003929241897,-0.015078195977010265
7001_liver_sham_Male_52-U1,tierA_p95,Hepatocytes,tnfa_nfkb_proximal,N4,15.0,20.0,-0.0158663017068511,-0.01662980562637325,-0.015020843605432195
7001_liver_sham_Male_52-U1,tierA_p95,Hepatocytes,tnfa_nfkb_proximal,N4,20.0,25.0,-0.015868620774869304,-0.01660511119403399,-0.015153305726499379
7001_liver_sham_Male_52-U1,tierA_p95,Hepatocytes,tnfa_nfkb_proximal,N4,25.0,30.0,-0.015869210372317682,-0.016481776169534026,-0.015177392302366323
7001_liver_sham_Male_52-U1,tierA_p95,Hepatocytes,tnfa_nfkb_proximal,N4,30.0,35.0,-0.015854949137396386,-0.016454338339186126,-0.01519609425551103
7001_liver_sham_Male_52-U1,tierA_p95,Hepatocytes,tnfa_nfkb_proximal,N4,35.0,40.0,-0.015871388162433064,-0.016525713032255116,-0.015196172024008539
7001_liver_sham_Male_52-U1,tierA_p95,Hepatocytes,tnfa_nfkb_proximal,N4,40.0,45.0,-0.015837135860170288,-0.016539168885202613,-0.015152890755775476
7001_liver_sham_Male_52-U1,tierA_p95,Hepatocytes,tnfa_nfkb_proximal,N4,45.0,50.0,-0.015831101538678602,-0.016546164380838346,-0.015171572007465632
7001_liver_sham_Male_52-U1,tierA_p95,Hepatocytes,tnfa_nfkb_proximal,N4,50.0,55.0,-0.01585404988256545,-0.01655614680673465,-0.01510983426583021
7001_liver_sham_Male_52-U1,tierA_p95,Hepatocytes,tnfa_nfkb_proximal,N4,55.0,60.0,-0.015842109636009846,-0.01659797550507401,-0.01506512752045364
7001_liver_sham_Male_52-U1,tierA_p95,Hepatocytes,tnfa_nfkb_proximal,N4,60.0,65.0,-0.015839709457287823,-0.016751407377567137,-0.014950901700265308
7001_liver_sham_Male_52-U1,tierA_p95,Hepatocytes,tnfa_nfkb_proximal,N4,65.0,70.0,-0.015875875711451482,-0.01682495476379721,-0.014896217912517168
7001_liver_sham_Male_52-U1,tierA_p95,Hepatocytes,tnfa_nfkb_proximal,N4,70.0,75.0,-0.01583162231884828,-0.016888199204196597,-0.014670446617505595
7001_liver_sham_Male_52-U1,tierA_p95,Hepatocytes,tnfa_nfkb_proximal,N4,75.0,80.0,-0.015881637604828962,-0.017073224494418223,-0.0146126477095962
7001_liver_sham_Male_52-U1,tierA_p95,Hepatocytes,tnfa_nfkb_proximal,N4,80.0,85.0,-0.015869139270808644,-0.01724752645954494,-0.014365010498345723
7001_liver_sham_Male_52-U1,tierA_p95,Hepatocytes,tnfa_nfkb_proximal,N4,85.0,90.0,-0.015875083751483145,-0.017294858240658684,-0.014317085990007502
7001_liver_sham_Male_52-U1,tierA_p95,Hepatocytes,tnfa_nfkb_proximal,N4,90.0,95.0,-0.01584414138389556,-0.01755489524985757,-0.014132223703810499
7001_liver_sham_Male_52-U1,tierA_p95,Hepatocytes,tnfa_nfkb_proximal,N4,95.0,100.0,-0.01654142201731387,-0.01722671918547238,-0.015888749376261044
7248_liver_sham_Male_26-U1,tierA_p95,Hepatocytes,downstream_arrest,N1,0.0,5.0,0.006082315886069793,0.005661672558924311,0.006489134826226397
7248_liver_sham_Male_26-U1,tierA_p95,Hepatocytes,downstream_arrest,N1,5.0,10.0,0.004696661774210772,0.003877495721982646,0.005557370927941119
7248_liver_sham_Male_26-U1,tierA_p95,Hepatocytes,downstream_arrest,N1,10.0,15.0,0.005782533922599241,0.0054088961260912154,0.0061119793570848045
7248_liver_sham_Male_26-U1,tierA_p95,Hepatocytes,downstream_arrest,N1,15.0,20.0,0.006084890929459972,0.005815786289183275,0.006368158104392895
7248_liver_sham_Male_26-U1,tierA_p95,Hepatocytes,downstream_arrest,N1,20.0,25.0,0.006104407425828919,0.005859671687474325,0.006352902786597894
7248_liver_sham_Male_26-U1,tierA_p95,Hepatocytes,downstream_arrest,N1,25.0,30.0,0.006031259109308932,0.0057437715443576405,0.006318203848553793
7248_liver_sham_Male_26-U1,tierA_p95,Hepatocytes,downstream_arrest,N1,30.0,35.0,0.006117571437591419,0.0058079752416714345,0.006390157911843258
7248_liver_sham_Male_26-U1,tierA_p95,Hepatocytes,downstream_arrest,N1,35.0,40.0,0.006145761471233765,0.005835578000466832,0.006437872965472704
7248_liver_sham_Male_26-U1,tierA_p95,Hepatocytes,downstream_arrest,N1,40.0,45.0,0.006152380334170092,0.005825304572348141,0.006462337051116258
7248_liver_sham_Male_26-U1,tierA_p95,Hepatocytes,downstream_arrest,N1,45.0,50.0,0.006165245391977226,0.0058402353035477824,0.006503350653202682
7248_liver_sham_Male_26-U1,tierA_p95,Hepatocytes,downstream_arrest,N1,50.0,55.0,0.006147804241789703,0.0057831117193517636,0.006533140885916786
7248_liver_sham_Male_26-U1,tierA_p95,Hepatocytes,downstream_arrest,N1,55.0,60.0,0.006178267248973872,0.005727207771666261,0.006629045803631945
7248_liver_sham_Male_26-U1,tierA_p95,Hepatocytes,downstream_arrest,N1,60.0,65.0,0.0061371299787263845,0.005612120564033858,0.00668366117883019
7248_liver_sham_Male_26-U1,tierA_p95,Hepatocytes,downstream_arrest,N1,65.0,70.0,0.006245398226919964,0.005651804455758339,0.006851822340733939
7248_liver_sham_Male_26-U1,tierA_p95,Hepatocytes,downstream_arrest,N1,70.0,75.0,0.006135980834708253,0.00540001867920446,0.006869337798494304
7248_liver_sham_Male_26-U1,tierA_p95,Hepatocytes,downstream_arrest,N1,75.0,80.0,0.006269679758796026,0.005373495069332547,0.007124617786130643
7248_liver_sham_Male_26-U1,tierA_p95,Hepatocytes,downstream_arrest,N1,80.0,85.0,0.006220375378388057,0.005197676087652804,0.00729092155870298
7248_liver_sham_Male_26-U1,tierA_p95,Hepatocytes,downstream_arrest,N1,85.0,90.0,0.006367928005959548,0.005034368036037152,0.007681631823907223
7248_liver_sham_Male_26-U1,tierA_p95,Hepatocytes,downstream_arrest,N1,90.0,95.0,0.006383121320803826,0.004850605886555463,0.007946401363082846
7248_liver_sham_Male_26-U1,tierA_p95,Hepatocytes,downstream_arrest,N1,95.0,100.0,0.006594522585383082,0.005166193203879727,0.00800882410969412
7248_liver_sham_Male_26-U1,tierA_p95,Hepatocytes,emt_ecm,N1,0.0,5.0,-0.0029256622457944025,-0.003409992201378737,-0.002427426760323274
7248_liver_sham_Male_26-U1,tierA_p95,Hepatocytes,emt_ecm,N1,5.0,10.0,-0.002492316048218825,-0.0036275068721001126,-0.001409728608817402
7248_liver_sham_Male_26-U1,tierA_p95,Hepatocytes,emt_ecm,N1,10.0,15.0,-0.003182482506053044,-0.0035911760458222234,-0.002760915952413862
7248_liver_sham_Male_26-U1,tierA_p95,Hepatocytes,emt_ecm,N1,15.0,20.0,-0.003384369558965599,-0.0037087803628411357,-0.003060896366579037
7248_liver_sham_Male_26-U1,tierA_p95,Hepatocytes,emt_ecm,N1,20.0,25.0,-0.003258757199646837,-0.003566244582863154,-0.002948336446700923
7248_liver_sham_Male_26-U1,tierA_p95,Hepatocytes,emt_ecm,N1,25.0,30.0,-0.003251723429509377,-0.003576016390446495,-0.0029262889182419807
7248_liver_sham_Male_26-U1,tierA_p95,Hepatocytes,emt_ecm,N1,30.0,35.0,-0.003164396294948598,-0.0034945843720203327,-0.002864272529675772
7248_liver_sham_Male_26-U1,tierA_p95,Hepatocytes,emt_ecm,N1,35.0,40.0,-0.0030650036070271613,-0.0033937042515295034,-0.00273247590428819
7248_liver_sham_Male_26-U1,tierA_p95,Hepatocytes,emt_ecm,N1,40.0,45.0,-0.0029405411316401164,-0.003276536537309083,-0.0025927720563731545
7248_liver_sham_Male_26-U1,tierA_p95,Hepatocytes,emt_ecm,N1,45.0,50.0,-0.0028184733716358308,-0.0032224261428659496,-0.002434307632827598
7248_liver_sham_Male_26-U1,tierA_p95,Hepatocytes,emt_ecm,N1,50.0,55.0,-0.002680614983863365,-0.0031167253159892585,-0.0022243272368577317
7248_liver_sham_Male_26-U1,tierA_p95,Hepatocytes,emt_ecm,N1,55.0,60.0,-0.0025023837571515203,-0.0030210528477521655,-0.0019988780908041064
7248_liver_sham_Male_26-U1,tierA_p95,Hepatocytes,emt_ecm,N1,60.0,65.0,-0.002368231269723324,-0.002980419965336045,-0.0017805534818680034
7248_liver_sham_Male_26-U1,tierA_p95,Hepatocytes,emt_ecm,N1,65.0,70.0,-0.0021618104971736236,-0.0028581115982020872,-0.0014277205149198135
7248_liver_sham_Male_26-U1,tierA_p95,Hepatocytes,emt_ecm,N1,70.0,75.0,-0.001995325380428921,-0.002834400047252181,-0.0011546166719388004
7248_liver_sham_Male_26-U1,tierA_p95,Hepatocytes,emt_ecm,N1,75.0,80.0,-0.0017627426130116905,-0.0026880267650586623,-0.0008242877847624278
7248_liver_sham_Male_26-U1,tierA_p95,Hepatocytes,emt_ecm,N1,80.0,85.0,-0.0016262331279044435,-0.0028577635966776384,-0.0003347689219919898
7248_liver_sham_Male_26-U1,tierA_p95,Hepatocytes,emt_ecm,N1,85.0,90.0,-0.0014612256544738068,-0.0030091873078382835,1.6965530500205503e-05
7248_liver_sham_Male_26-U1,tierA_p95,Hepatocytes,emt_ecm,N1,90.0,95.0,-0.0012960721861216132,-0.0032208683473401835,0.0005806240220325167
7248_liver_sham_Male_26-U1,tierA_p95,Hepatocytes,emt_ecm,N1,95.0,100.0,-0.0007840078104994706,-0.0026898437489818227,0.0010377770057066547
7248_liver_sham_Male_26-U1,tierA_p95,Hepatocytes,il6_jak_stat3,N1,0.0,5.0,-0.0364614235555365,-0.036964102903107025,-0.03593558819531049
7248_liver_sham_Male_26-U1,tierA_p95,Hepatocytes,il6_jak_stat3,N1,5.0,10.0,-0.03338106953641403,-0.03452831970336542,-0.03226138392014222
7248_liver_sham_Male_26-U1,tierA_p95,Hepatocytes,il6_jak_stat3,N1,10.0,15.0,-0.03590083640726048,-0.03636502021761102,-0.03541368354428703
7248_liver_sham_Male_26-U1,tierA_p95,Hepatocytes,il6_jak_stat3,N1,15.0,20.0,-0.03659952950748342,-0.03698422750973746,-0.03622461369408961
7248_liver_sham_Male_26-U1,tierA_p95,Hepatocytes,il6_jak_stat3,N1,20.0,25.0,-0.03668201482509435,-0.03706033969783933,-0.036321776421581665
7248_liver_sham_Male_26-U1,tierA_p95,Hepatocytes,il6_jak_stat3,N1,25.0,30.0,-0.0365203738228189,-0.03685348999584952,-0.036176201403860464
7248_liver_sham_Male_26-U1,tierA_p95,Hepatocytes,il6_jak_stat3,N1,30.0,35.0,-0.03653731145827113,-0.03688605839855516,-0.03618600512077672
7248_liver_sham_Male_26-U1,tierA_p95,Hepatocytes,il6_jak_stat3,N1,35.0,40.0,-0.03663645255301694,-0.03700632907756257,-0.0362544814357135
7248_liver_sham_Male_26-U1,tierA_p95,Hepatocytes,il6_jak_stat3,N1,40.0,45.0,-0.03664261568815653,-0.0370382378225142,-0.03622640721270194
7248_liver_sham_Male_26-U1,tierA_p95,Hepatocytes,il6_jak_stat3,N1,45.0,50.0,-0.03661856048513351,-0.03706570241494705,-0.03618621593475321
7248_liver_sham_Male_26-U1,tierA_p95,Hepatocytes,il6_jak_stat3,N1,50.0,55.0,-0.03661706582901773,-0.03713115058686121,-0.03613418662801302
7248_liver_sham_Male_26-U1,tierA_p95,Hepatocytes,il6_jak_stat3,N1,55.0,60.0,-0.036560807917864084,-0.037098748336400894,-0.03599244106147396
7248_liver_sham_Male_26-U1,tierA_p95,Hepatocytes,il6_jak_stat3,N1,60.0,65.0,-0.03650184881363266,-0.0371528635209732,-0.03580944003646587
7248_liver_sham_Male_26-U1,tierA_p95,Hepatocytes,il6_jak_stat3,N1,65.0,70.0,-0.03642662592981168,-0.037199535924975435,-0.035637596667649624
7248_liver_sham_Male_26-U1,tierA_p95,Hepatocytes,il6_jak_stat3,N1,70.0,75.0,-0.03637300142649951,-0.037308299670324466,-0.03545106753820473
7248_liver_sham_Male_26-U1,tierA_p95,Hepatocytes,il6_jak_stat3,N1,75.0,80.0,-0.0363219402158841,-0.037344723407757394,-0.0352024981674984
7248_liver_sham_Male_26-U1,tierA_p95,Hepatocytes,il6_jak_stat3,N1,80.0,85.0,-0.03618465238557495,-0.03749068575367916,-0.034903247242669744
7248_liver_sham_Male_26-U1,tierA_p95,Hepatocytes,il6_jak_stat3,N1,85.0,90.0,-0.0360923711860697,-0.037672119335385265,-0.03450777387702089
7248_liver_sham_Male_26-U1,tierA_p95,Hepatocytes,il6_jak_stat3,N1,90.0,95.0,-0.03594702470296708,-0.0378952202461893,-0.03380095168321603
7248_liver_sham_Male_26-U1,tierA_p95,Hepatocytes,il6_jak_stat3,N1,95.0,100.0,-0.0354840006764381,-0.03732253655786487,-0.033717054698407814
7248_liver_sham_Male_26-U1,tierA_p95,Hepatocytes,interferon_response,N1,0.0,5.0,-0.008229983542416079,-0.008721523309999523,-0.00771398311923885
7248_liver_sham_Male_26-U1,tierA_p95,Hepatocytes,interferon_response,N1,5.0,10.0,-0.0072201642320386256,-0.008295543528855533,-0.0061002242495717006
7248_liver_sham_Male_26-U1,tierA_p95,Hepatocytes,interferon_response,N1,10.0,15.0,-0.007821221066056852,-0.008254971195118786,-0.00737970924297117
7248_liver_sham_Male_26-U1,tierA_p95,Hepatocytes,interferon_response,N1,15.0,20.0,-0.008152018397175463,-0.008509001586282053,-0.007769112835570174
7248_liver_sham_Male_26-U1,tierA_p95,Hepatocytes,interferon_response,N1,20.0,25.0,-0.008108120510297542,-0.008430296193415635,-0.0077617139928328575
7248_liver_sham_Male_26-U1,tierA_p95,Hepatocytes,interferon_response,N1,25.0,30.0,-0.008152832365571938,-0.008488702295029875,-0.007796726904929983
7248_liver_sham_Male_26-U1,tierA_p95,Hepatocytes,interferon_response,N1,30.0,35.0,-0.008066497120105313,-0.008413836256935871,-0.0077197348180338375
7248_liver_sham_Male_26-U1,tierA_p95,Hepatocytes,interferon_response,N1,35.0,40.0,-0.008147738836941152,-0.008502734394886139,-0.00776710258130453
7248_liver_sham_Male_26-U1,tierA_p95,Hepatocytes,interferon_response,N1,40.0,45.0,-0.008191367694450577,-0.008557140944503147,-0.007807757971469433
7248_liver_sham_Male_26-U1,tierA_p95,Hepatocytes,interferon_response,N1,45.0,50.0,-0.008313077870130177,-0.00871981285366827,-0.007883891594748985
7248_liver_sham_Male_26-U1,tierA_p95,Hepatocytes,interferon_response,N1,50.0,55.0,-0.00834096621682703,-0.008821338374122871,-0.007873525322065695
7248_liver_sham_Male_26-U1,tierA_p95,Hepatocytes,interferon_response,N1,55.0,60.0,-0.008494577914391753,-0.009036127600953887,-0.007959501767290145
7248_liver_sham_Male_26-U1,tierA_p95,Hepatocytes,interferon_response,N1,60.0,65.0,-0.008611307080702131,-0.009234216368055742,-0.007947099584864723
7248_liver_sham_Male_26-U1,tierA_p95,Hepatocytes,interferon_response,N1,65.0,70.0,-0.008725080846153421,-0.009502939705822689,-0.007972175454994259
7248_liver_sham_Male_26-U1,tierA_p95,Hepatocytes,interferon_response,N1,70.0,75.0,-0.008936196626346803,-0.009879076037353276,-0.007958923014161654
7248_liver_sham_Male_26-U1,tierA_p95,Hepatocytes,interferon_response,N1,75.0,80.0,-0.009055277560306017,-0.010213028214294585,-0.007945152440663255
7248_liver_sham_Male_26-U1,tierA_p95,Hepatocytes,interferon_response,N1,80.0,85.0,-0.009243597044171385,-0.010650163076653637,-0.007870609853913104
7248_liver_sham_Male_26-U1,tierA_p95,Hepatocytes,interferon_response,N1,85.0,90.0,-0.009444477899741208,-0.01107358726129885,-0.007786150955816993
7248_liver_sham_Male_26-U1,tierA_p95,Hepatocytes,interferon_response,N1,90.0,95.0,-0.009656011254943307,-0.011806838586690073,-0.007507085546974019
7248_liver_sham_Male_26-U1,tierA_p95,Hepatocytes,interferon_response,N1,95.0,100.0,-0.01002880956144856,-0.012154882820390393,-0.007757563908264154
7248_liver_sham_Male_26-U1,tierA_p95,Hepatocytes,oxidative_stress,N1,0.0,5.0,0.1884256442980145,0.1871565955985934,0.18968007819807275
7248_liver_sham_Male_26-U1,tierA_p95,Hepatocytes,oxidative_stress,N1,5.0,10.0,0.18469939687869436,0.1818695815973513,0.18752745627262696
7248_liver_sham_Male_26-U1,tierA_p95,Hepatocytes,oxidative_stress,N1,10.0,15.0,0.18940619057006938,0.18830209474680282,0.19053434734064043
7248_liver_sham_Male_26-U1,tierA_p95,Hepatocytes,oxidative_stress,N1,15.0,20.0,0.1902869059954039,0.18936810871840273,0.19121129677238413
7248_liver_sham_Male_26-U1,tierA_p95,Hepatocytes,oxidative_stress,N1,20.0,25.0,0.18973919238937476,0.18883094193900726,0.19055360420987644
7248_liver_sham_Male_26-U1,tierA_p95,Hepatocytes,oxidative_stress,N1,25.0,30.0,0.18957655084463748,0.18866523455517867,0.1904214813051072
7248_liver_sham_Male_26-U1,tierA_p95,Hepatocytes,oxidative_stress,N1,30.0,35.0,0.18951199022258539,0.18862669241711405,0.19042851189302368
7248_liver_sham_Male_26-U1,tierA_p95,Hepatocytes,oxidative_stress,N1,35.0,40.0,0.18919499578138826,0.18828735327244756,0.19005494046247282
7248_liver_sham_Male_26-U1,tierA_p95,Hepatocytes,oxidative_stress,N1,40.0,45.0,0.18881339456665996,0.1878293802509005,0.18978652308552027
7248_liver_sham_Male_26-U1,tierA_p95,Hepatocytes,oxidative_stress,N1,45.0,50.0,0.18809306711891038,0.1870590500782817,0.18916861290862755
7248_liver_sham_Male_26-U1,tierA_p95,Hepatocytes,oxidative_stress,N1,50.0,55.0,0.18756934774709316,0.18635249853744915,0.1888043000945593
7248_liver_sham_Male_26-U1,tierA_p95,Hepatocytes,oxidative_stress,N1,55.0,60.0,0.18684825529608343,0.1854499052830201,0.18835706169276747
7248_liver_sham_Male_26-U1,tierA_p95,Hepatocytes,oxidative_stress,N1,60.0,65.0,0.18611574187404642,0.18437793579515568,0.18777106932299703
7248_liver_sham_Male_26-U1,tierA_p95,Hepatocytes,oxidative_stress,N1,65.0,70.0,0.18535490788010112,0.1834501177034677,0.1873764606758954
7248_liver_sham_Male_26-U1,tierA_p95,Hepatocytes,oxidative_stress,N1,70.0,75.0,0.18442015760052868,0.18209489432015147,0.18683973944265775
7248_liver_sham_Male_26-U1,tierA_p95,Hepatocytes,oxidative_stress,N1,75.0,80.0,0.18362462697450588,0.1805222563051986,0.18656629948136924
7248_liver_sham_Male_26-U1,tierA_p95,Hepatocytes,oxidative_stress,N1,80.0,85.0,0.18267600883527896,0.1791891201142074,0.18642304412050886
7248_liver_sham_Male_26-U1,tierA_p95,Hepatocytes,oxidative_stress,N1,85.0,90.0,0.1815351657081183,0.1771680908503785,0.1861265528902065
7248_liver_sham_Male_26-U1,tierA_p95,Hepatocytes,oxidative_stress,N1,90.0,95.0,0.18082164771661569,0.17504663664174536,0.18598466736526903
7248_liver_sham_Male_26-U1,tierA_p95,Hepatocytes,oxidative_stress,N1,95.0,100.0,0.17794215246369485,0.1723282537234086,0.18362602003813747
7248_liver_sham_Male_26-U1,tierA_p95,Hepatocytes,secondary_senescence,N1,0.0,5.0,-0.04833680296262264,-0.04899715511750595,-0.04765383514677288
7248_liver_sham_Male_26-U1,tierA_p95,Hepatocytes,secondary_senescence,N1,5.0,10.0,-0.04554489376400771,-0.04688906045136374,-0.04415334140597877
7248_liver_sham_Male_26-U1,tierA_p95,Hepatocytes,secondary_senescence,N1,10.0,15.0,-0.04780217023392427,-0.048387895095889914,-0.047191559877397704
7248_liver_sham_Male_26-U1,tierA_p95,Hepatocytes,secondary_senescence,N1,15.0,20.0,-0.048404633039290164,-0.04888007444474666,-0.047924622288710146
7248_liver_sham_Male_26-U1,tierA_p95,Hepatocytes,secondary_senescence,N1,20.0,25.0,-0.04835364183005336,-0.048775384380667086,-0.047908050542276204
7248_liver_sham_Male_26-U1,tierA_p95,Hepatocytes,secondary_senescence,N1,25.0,30.0,-0.04836657371949523,-0.04879788005517804,-0.0479235055289259
7248_liver_sham_Male_26-U1,tierA_p95,Hepatocytes,secondary_senescence,N1,30.0,35.0,-0.04835312136066318,-0.04880878423808029,-0.04786241972962445
7248_liver_sham_Male_26-U1,tierA_p95,Hepatocytes,secondary_senescence,N1,35.0,40.0,-0.0484448733744144,-0.048934851801475436,-0.04795468313703875
7248_liver_sham_Male_26-U1,tierA_p95,Hepatocytes,secondary_senescence,N1,40.0,45.0,-0.04844183152563984,-0.04893291663473575,-0.047944964657427695
7248_liver_sham_Male_26-U1,tierA_p95,Hepatocytes,secondary_senescence,N1,45.0,50.0,-0.048545110046139796,-0.04907754971941422,-0.04795987515762903
7248_liver_sham_Male_26-U1,tierA_p95,Hepatocytes,secondary_senescence,N1,50.0,55.0,-0.0485010303234464,-0.04914945376202575,-0.04788805596870189
7248_liver_sham_Male_26-U1,tierA_p95,Hepatocytes,secondary_senescence,N1,55.0,60.0,-0.04856493450581993,-0.049281752452018934,-0.04787213893518905
7248_liver_sham_Male_26-U1,tierA_p95,Hepatocytes,secondary_senescence,N1,60.0,65.0,-0.048599757805148004,-0.04940678455600614,-0.04778663963038174
7248_liver_sham_Male_26-U1,tierA_p95,Hepatocytes,secondary_senescence,N1,65.0,70.0,-0.0485753940272043,-0.04951508637627107,-0.047640967974668866
7248_liver_sham_Male_26-U1,tierA_p95,Hepatocytes,secondary_senescence,N1,70.0,75.0,-0.0487272478083622,-0.049935857562354254,-0.04758993261046615
7248_liver_sham_Male_26-U1,tierA_p95,Hepatocytes,secondary_senescence,N1,75.0,80.0,-0.04871518383788733,-0.05016816477710472,-0.04725531554562067
7248_liver_sham_Male_26-U1,tierA_p95,Hepatocytes,secondary_senescence,N1,80.0,85.0,-0.04879111780740728,-0.05047303878213805,-0.047086877162588525
7248_liver_sham_Male_26-U1,tierA_p95,Hepatocytes,secondary_senescence,N1,85.0,90.0,-0.04873016204827394,-0.050814551937040084,-0.04663983230343674
7248_liver_sham_Male_26-U1,tierA_p95,Hepatocytes,secondary_senescence,N1,90.0,95.0,-0.048925192155912595,-0.05151739884141927,-0.046273831656336535
7248_liver_sham_Male_26-U1,tierA_p95,Hepatocytes,secondary_senescence,N1,95.0,100.0,-0.0487959535098494,-0.05091777601399359,-0.046405485688573785
7248_liver_sham_Male_26-U1,tierA_p95,Hepatocytes,tnfa_nfkb_proximal,N1,0.0,5.0,-0.025158216743650347,-0.025609778250698264,-0.024716433050715515
7248_liver_sham_Male_26-U1,tierA_p95,Hepatocytes,tnfa_nfkb_proximal,N1,5.0,10.0,-0.024325544166236855,-0.02520057312344734,-0.023378619222795785
7248_liver_sham_Male_26-U1,tierA_p95,Hepatocytes,tnfa_nfkb_proximal,N1,10.0,15.0,-0.025100348005582564,-0.025497923549146064,-0.024725580295167433
7248_liver_sham_Male_26-U1,tierA_p95,Hepatocytes,tnfa_nfkb_proximal,N1,15.0,20.0,-0.025399387053365197,-0.025696734744586593,-0.025098613461220387
7248_liver_sham_Male_26-U1,tierA_p95,Hepatocytes,tnfa_nfkb_proximal,N1,20.0,25.0,-0.025305241950605642,-0.02559890100283153,-0.02503814536706298
7248_liver_sham_Male_26-U1,tierA_p95,Hepatocytes,tnfa_nfkb_proximal,N1,25.0,30.0,-0.025257015969240335,-0.025549569742206176,-0.024984337820407397
7248_liver_sham_Male_26-U1,tierA_p95,Hepatocytes,tnfa_nfkb_proximal,N1,30.0,35.0,-0.025252388872929642,-0.025553285598830806,-0.02495408974547844
7248_liver_sham_Male_26-U1,tierA_p95,Hepatocytes,tnfa_nfkb_proximal,N1,35.0,40.0,-0.025280696591708292,-0.025585371835805667,-0.02497971306007829
7248_liver_sham_Male_26-U1,tierA_p95,Hepatocytes,tnfa_nfkb_proximal,N1,40.0,45.0,-0.02519273008898712,-0.025533854015086326,-0.024823525890705838
7248_liver_sham_Male_26-U1,tierA_p95,Hepatocytes,tnfa_nfkb_proximal,N1,45.0,50.0,-0.025163331759129364,-0.025520502399523703,-0.024810022476642917
7248_liver_sham_Male_26-U1,tierA_p95,Hepatocytes,tnfa_nfkb_proximal,N1,50.0,55.0,-0.02508960805807,-0.025515101613019377,-0.02467050604859054
7248_liver_sham_Male_26-U1,tierA_p95,Hepatocytes,tnfa_nfkb_proximal,N1,55.0,60.0,-0.02500893941280033,-0.025501030730528538,-0.02449399868430464
7248_liver_sham_Male_26-U1,tierA_p95,Hepatocytes,tnfa_nfkb_proximal,N1,60.0,65.0,-0.024960818755569714,-0.025504677974588122,-0.02442513899782083
7248_liver_sham_Male_26-U1,tierA_p95,Hepatocytes,tnfa_nfkb_proximal,N1,65.0,70.0,-0.024859564323024743,-0.025505991528297498,-0.02422799334872234
7248_liver_sham_Male_26-U1,tierA_p95,Hepatocytes,tnfa_nfkb_proximal,N1,70.0,75.0,-0.024779098857848028,-0.025549308754212515,-0.024057799786842488
7248_liver_sham_Male_26-U1,tierA_p95,Hepatocytes,tnfa_nfkb_proximal,N1,75.0,80.0,-0.02473825824438037,-0.025598430881252243,-0.023789141128156197
7248_liver_sham_Male_26-U1,tierA_p95,Hepatocytes,tnfa_nfkb_proximal,N1,80.0,85.0,-0.02458508058344807,-0.02564291282423831,-0.02345055285055677
7248_liver_sham_Male_26-U1,tierA_p95,Hepatocytes,tnfa_nfkb_proximal,N1,85.0,90.0,-0.02454026386390879,-0.02586413634776148,-0.023246584067652978
7248_liver_sham_Male_26-U1,tierA_p95,Hepatocytes,tnfa_nfkb_proximal,N1,90.0,95.0,-0.024456989929418974,-0.026141191610604006,-0.02272153094736756
7248_liver_sham_Male_26-U1,tierA_p95,Hepatocytes,tnfa_nfkb_proximal,N1,95.0,100.0,-0.024124533328052984,-0.025605192937955806,-0.022652631678139266
7248_liver_sham_Male_26-U1,tierA_p95,Hepatocytes,downstream_arrest,N3,0.0,5.0,0.006092720851411697,0.005080919535230416,0.007118485687877072
7248_liver_sham_Male_26-U1,tierA_p95,Hepatocytes,downstream_arrest,N3,5.0,10.0,0.006087516528777485,0.0053869323439599045,0.006795822515789483
7248_liver_sham_Male_26-U1,tierA_p95,Hepatocytes,downstream_arrest,N3,10.0,15.0,0.006079057945800363,0.00544817778982332,0.0066791648796664035
7248_liver_sham_Male_26-U1,tierA_p95,Hepatocytes,downstream_arrest,N3,15.0,20.0,0.006073643319971321,0.005546375330318237,0.006631346973146692
7248_liver_sham_Male_26-U1,tierA_p95,Hepatocytes,downstream_arrest,N3,20.0,25.0,0.0060823310315549625,0.005546750270177518,0.006605409228910149
7248_liver_sham_Male_26-U1,tierA_p95,Hepatocytes,downstream_arrest,N3,25.0,30.0,0.006086981320292853,0.005582356242189074,0.0065765780521834264
7248_liver_sham_Male_26-U1,tierA_p95,Hepatocytes,downstream_arrest,N3,30.0,35.0,0.006079415253361068,0.0056433372308122495,0.0065098522670264366
7248_liver_sham_Male_26-U1,tierA_p95,Hepatocytes,downstream_arrest,N3,35.0,40.0,0.006074479168433474,0.005608292285459342,0.00649131094159831
7248_liver_sham_Male_26-U1,tierA_p95,Hepatocytes,downstream_arrest,N3,40.0,45.0,0.00608546164529338,0.005633720811829133,0.006514141251657756
7248_liver_sham_Male_26-U1,tierA_p95,Hepatocytes,downstream_arrest,N3,45.0,50.0,0.006065177081955648,0.005630867879718071,0.006543424273044784
7248_liver_sham_Male_26-U1,tierA_p95,Hepatocytes,downstream_arrest,N3,50.0,55.0,0.006071907762301486,0.005579424754959262,0.006590141478975361
7248_liver_sham_Male_26-U1,tierA_p95,Hepatocytes,downstream_arrest,N3,55.0,60.0,0.006076497879469251,0.005524042700610403,0.006621944115592794
7248_liver_sham_Male_26-U1,tierA_p95,Hepatocytes,downstream_arrest,N3,60.0,65.0,0.006060509729663975,0.005466502307072563,0.006623472630478135
7248_liver_sham_Male_26-U1,tierA_p95,Hepatocytes,downstream_arrest,N3,65.0,70.0,0.006076586288336991,0.005376274654951408,0.00669437963727645
7248_liver_sham_Male_26-U1,tierA_p95,Hepatocytes,downstream_arrest,N3,70.0,75.0,0.0060815990894191145,0.005305294820533627,0.006770582110308704
7248_liver_sham_Male_26-U1,tierA_p95,Hepatocytes,downstream_arrest,N3,75.0,80.0,0.006099047474841029,0.005325849072424654,0.006929718885780176
7248_liver_sham_Male_26-U1,tierA_p95,Hepatocytes,downstream_arrest,N3,80.0,85.0,0.006098811236026003,0.005148324243287484,0.007020206154316939
7248_liver_sham_Male_26-U1,tierA_p95,Hepatocytes,downstream_arrest,N3,85.0,90.0,0.006122523596118213,0.0051188374159387645,0.00707122006670987
7248_liver_sham_Male_26-U1,tierA_p95,Hepatocytes,downstream_arrest,N3,90.0,95.0,0.0060931496519259516,0.005001864394809226,0.007181047247225589
7248_liver_sham_Male_26-U1,tierA_p95,Hepatocytes,downstream_arrest,N3,95.0,100.0,0.006139357729497853,0.004959934116570438,0.0077679303158269845
7248_liver_sham_Male_26-U1,tierA_p95,Hepatocytes,emt_ecm,N3,0.0,5.0,-0.0029006505324863725,-0.004185926702115138,-0.0017501618510296954
7248_liver_sham_Male_26-U1,tierA_p95,Hepatocytes,emt_ecm,N3,5.0,10.0,-0.002932350432853445,-0.003893222745351164,-0.002014868109678917
7248_liver_sham_Male_26-U1,tierA_p95,Hepatocytes,emt_ecm,N3,10.0,15.0,-0.002930191631970137,-0.0037841308388148944,-0.0020842774096277513
7248_liver_sham_Male_26-U1,tierA_p95,Hepatocytes,emt_ecm,N3,15.0,20.0,-0.0029250358672806304,-0.0037489355426159367,-0.0021685844661817905
7248_liver_sham_Male_26-U1,tierA_p95,Hepatocytes,emt_ecm,N3,20.0,25.0,-0.002929086033583406,-0.0036340697441054996,-0.0022103304238618535
7248_liver_sham_Male_26-U1,tierA_p95,Hepatocytes,emt_ecm,N3,25.0,30.0,-0.0029274318444019844,-0.003625942399232014,-0.0021955138865461456
7248_liver_sham_Male_26-U1,tierA_p95,Hepatocytes,emt_ecm,N3,30.0,35.0,-0.0029278957216343606,-0.0035522516409315346,-0.0022048332192398158
7248_liver_sham_Male_26-U1,tierA_p95,Hepatocytes,emt_ecm,N3,35.0,40.0,-0.002920834050492832,-0.003544580600093064,-0.0021575912181837488
7248_liver_sham_Male_26-U1,tierA_p95,Hepatocytes,emt_ecm,N3,40.0,45.0,-0.0029210631887268104,-0.0036499885282226486,-0.0021501943127056936
7248_liver_sham_Male_26-U1,tierA_p95,Hepatocytes,emt_ecm,N3,45.0,50.0,-0.002922221074899709,-0.0036360922042653764,-0.002082155696394138
7248_liver_sham_Male_26-U1,tierA_p95,Hepatocytes,emt_ecm,N3,50.0,55.0,-0.0029167705374142823,-0.0037005862423983528,-0.0019947645555817147
7248_liver_sham_Male_26-U1,tierA_p95,Hepatocytes,emt_ecm,N3,55.0,60.0,-0.002911668361385583,-0.0037386324011436565,-0.0019306251613151924
7248_liver_sham_Male_26-U1,tierA_p95,Hepatocytes,emt_ecm,N3,60.0,65.0,-0.0029087238732436295,-0.003776194759849779,-0.0018566756622230584
7248_liver_sham_Male_26-U1,tierA_p95,Hepatocytes,emt_ecm,N3,65.0,70.0,-0.002921202124970763,-0.003807204820866905,-0.0018256241609154276
7248_liver_sham_Male_26-U1,tierA_p95,Hepatocytes,emt_ecm,N3,70.0,75.0,-0.00292085709026364,-0.003876967137371436,-0.001806589393507617
7248_liver_sham_Male_26-U1,tierA_p95,Hepatocytes,emt_ecm,N3,75.0,80.0,-0.0029203440966626766,-0.003918280989647355,-0.0016822002871343521
7248_liver_sham_Male_26-U1,tierA_p95,Hepatocytes,emt_ecm,N3,80.0,85.0,-0.002922869526206095,-0.004065063601145122,-0.0016767252126796456
7248_liver_sham_Male_26-U1,tierA_p95,Hepatocytes,emt_ecm,N3,85.0,90.0,-0.002930620943086617,-0.004099817875673932,-0.0016948942974104096
7248_liver_sham_Male_26-U1,tierA_p95,Hepatocytes,emt_ecm,N3,90.0,95.0,-0.0029388726637284905,-0.004130858078077617,-0.0016117023577807352
7248_liver_sham_Male_26-U1,tierA_p95,Hepatocytes,emt_ecm,N3,95.0,100.0,-0.0029501850162018295,-0.005756074003503828,-0.0002940004080048815
7248_liver_sham_Male_26-U1,tierA_p95,Hepatocytes,il6_jak_stat3,N3,0.0,5.0,-0.036450655253907914,-0.037580319735968495,-0.03523070742849603
7248_liver_sham_Male_26-U1,tierA_p95,Hepatocytes,il6_jak_stat3,N3,5.0,10.0,-0.036449126394647036,-0.03726247909250498,-0.03561960138186514
7248_liver_sham_Male_26-U1,tierA_p95,Hepatocytes,il6_jak_stat3,N3,10.0,15.0,-0.03644645765124588,-0.03710446801320552,-0.03569149065269963
7248_liver_sham_Male_26-U1,tierA_p95,Hepatocytes,il6_jak_stat3,N3,15.0,20.0,-0.03645380807206094,-0.037062732743678606,-0.035785389177390554
7248_liver_sham_Male_26-U1,tierA_p95,Hepatocytes,il6_jak_stat3,N3,20.0,25.0,-0.036446406280055355,-0.03697879477693172,-0.035798952155949096
7248_liver_sham_Male_26-U1,tierA_p95,Hepatocytes,il6_jak_stat3,N3,25.0,30.0,-0.03646055067731452,-0.036965492572904456,-0.03585819102991759
7248_liver_sham_Male_26-U1,tierA_p95,Hepatocytes,il6_jak_stat3,N3,30.0,35.0,-0.03646379122204725,-0.03696128164500321,-0.03591311274001956
7248_liver_sham_Male_26-U1,tierA_p95,Hepatocytes,il6_jak_stat3,N3,35.0,40.0,-0.03646460436718223,-0.036945098269211184,-0.0359622973929603
7248_liver_sham_Male_26-U1,tierA_p95,Hepatocytes,il6_jak_stat3,N3,40.0,45.0,-0.036470625746840284,-0.03694002146968035,-0.03597687203757382
7248_liver_sham_Male_26-U1,tierA_p95,Hepatocytes,il6_jak_stat3,N3,45.0,50.0,-0.0364653018447534,-0.036950411456126195,-0.03599470487325915
7248_liver_sham_Male_26-U1,tierA_p95,Hepatocytes,il6_jak_stat3,N3,50.0,55.0,-0.03646034744130007,-0.03700729094546265,-0.03590300817762062
7248_liver_sham_Male_26-U1,tierA_p95,Hepatocytes,il6_jak_stat3,N3,55.0,60.0,-0.03647234592294008,-0.03707118844329741,-0.03585061495541424
7248_liver_sham_Male_26-U1,tierA_p95,Hepatocytes,il6_jak_stat3,N3,60.0,65.0,-0.03645074026872938,-0.03714885023683782,-0.03579494723596918
7248_liver_sham_Male_26-U1,tierA_p95,Hepatocytes,il6_jak_stat3,N3,65.0,70.0,-0.03647464263389874,-0.037219609770414636,-0.03570468425921802
7248_liver_sham_Male_26-U1,tierA_p95,Hepatocytes,il6_jak_stat3,N3,70.0,75.0,-0.03647042038757,-0.037313894473674405,-0.03566773734112396
7248_liver_sham_Male_26-U1,tierA_p95,Hepatocytes,il6_jak_stat3,N3,75.0,80.0,-0.03644447242120129,-0.03734865960216625,-0.03546589838534411
7248_liver_sham_Male_26-U1,tierA_p95,Hepatocytes,il6_jak_stat3,N3,80.0,85.0,-0.03646589501399108,-0.037517605467814255,-0.035420921779329526
7248_liver_sham_Male_26-U1,tierA_p95,Hepatocytes,il6_jak_stat3,N3,85.0,90.0,-0.03645842464746238,-0.03761449534612951,-0.03529672891858847
7248_liver_sham_Male_26-U1,tierA_p95,Hepatocytes,il6_jak_stat3,N3,90.0,95.0,-0.03645069563396433,-0.03770418604987836,-0.03511859648455289
7248_liver_sham_Male_26-U1,tierA_p95,Hepatocytes,il6_jak_stat3,N3,95.0,100.0,-0.0364111700894417,-0.03764774724063538,-0.035248210330412394
7248_liver_sham_Male_26-U1,tierA_p95,Hepatocytes,interferon_response,N3,0.0,5.0,-0.008216689119602577,-0.009431396274088196,-0.0069691697758596915
7248_liver_sham_Male_26-U1,tierA_p95,Hepatocytes,interferon_response,N3,5.0,10.0,-0.00822738711826866,-0.009151114758244002,-0.007298168478852022
7248_liver_sham_Male_26-U1,tierA_p95,Hepatocytes,interferon_response,N3,10.0,15.0,-0.008242711022903734,-0.008994321265525799,-0.007356355818441988
7248_liver_sham_Male_26-U1,tierA_p95,Hepatocytes,interferon_response,N3,15.0,20.0,-0.008229951760508612,-0.00896670390117516,-0.007426453923279887
7248_liver_sham_Male_26-U1,tierA_p95,Hepatocytes,interferon_response,N3,20.0,25.0,-0.008241536830544459,-0.008913252476433185,-0.007490077760771762
7248_liver_sham_Male_26-U1,tierA_p95,Hepatocytes,interferon_response,N3,25.0,30.0,-0.00823830418609314,-0.008865374712950541,-0.00754051440099133
7248_liver_sham_Male_26-U1,tierA_p95,Hepatocytes,interferon_response,N3,30.0,35.0,-0.008232336601939855,-0.008813166411943673,-0.007563537506658451
7248_liver_sham_Male_26-U1,tierA_p95,Hepatocytes,interferon_response,N3,35.0,40.0,-0.008219553469679898,-0.00878871208538467,-0.007582943862280031
7248_liver_sham_Male_26-U1,tierA_p95,Hepatocytes,interferon_response,N3,40.0,45.0,-0.008226161066044254,-0.008785452945922508,-0.007594642207689805
7248_liver_sham_Male_26-U1,tierA_p95,Hepatocytes,interferon_response,N3,45.0,50.0,-0.008217961185269032,-0.008780393218775218,-0.007579308993904522
7248_liver_sham_Male_26-U1,tierA_p95,Hepatocytes,interferon_response,N3,50.0,55.0,-0.008227774609020149,-0.008854319372291027,-0.007589191600302256
7248_liver_sham_Male_26-U1,tierA_p95,Hepatocytes,interferon_response,N3,55.0,60.0,-0.008231137274768452,-0.008923714877741898,-0.007528677591462138
7248_liver_sham_Male_26-U1,tierA_p95,Hepatocytes,interferon_response,N3,60.0,65.0,-0.008247376827316733,-0.008970575622742758,-0.007432635464853234
7248_liver_sham_Male_26-U1,tierA_p95,Hepatocytes,interferon_response,N3,65.0,70.0,-0.008241870866501362,-0.009056666125558291,-0.007289647752946335
7248_liver_sham_Male_26-U1,tierA_p95,Hepatocytes,interferon_response,N3,70.0,75.0,-0.008242855353308902,-0.009102709202087497,-0.0073229275841343745
7248_liver_sham_Male_26-U1,tierA_p95,Hepatocytes,interferon_response,N3,75.0,80.0,-0.008240945302971743,-0.009222915131175454,-0.007190527237883864
7248_liver_sham_Male_26-U1,tierA_p95,Hepatocytes,interferon_response,N3,80.0,85.0,-0.008251665225139548,-0.0093992466386207,-0.007100501544465185
7248_liver_sham_Male_26-U1,tierA_p95,Hepatocytes,interferon_response,N3,85.0,90.0,-0.008216459141011143,-0.009456860950760874,-0.0069421974644121795
7248_liver_sham_Male_26-U1,tierA_p95,Hepatocytes,interferon_response,N3,90.0,95.0,-0.008226573815625735,-0.00964652974039223,-0.006837822025302181
7248_liver_sham_Male_26-U1,tierA_p95,Hepatocytes,interferon_response,N3,95.0,100.0,-0.008296454450117782,-0.01062843478722978,-0.006550658842048245
7248_liver_sham_Male_26-U1,tierA_p95,Hepatocytes,oxidative_stress,N3,0.0,5.0,0.18846658421284088,0.18466623017059394,0.19221078957844712
7248_liver_sham_Male_26-U1,tierA_p95,Hepatocytes,oxidative_stress,N3,5.0,10.0,0.18847378202217338,0.18499818555978212,0.1915888715341466
7248_liver_sham_Male_26-U1,tierA_p95,Hepatocytes,oxidative_stress,N3,10.0,15.0,0.1884695716767941,0.1853442926575697,0.19128127816980867
7248_liver_sham_Male_26-U1,tierA_p95,Hepatocytes,oxidative_stress,N3,15.0,20.0,0.188496410492665,0.18573586443697215,0.191051736498649
7248_liver_sham_Male_26-U1,tierA_p95,Hepatocytes,oxidative_stress,N3,20.0,25.0,0.18843651845321827,0.18574166874959014,0.19080868362816908
7248_liver_sham_Male_26-U1,tierA_p95,Hepatocytes,oxidative_stress,N3,25.0,30.0,0.18848030143441538,0.1860479240952109,0.19069935197143342
7248_liver_sham_Male_26-U1,tierA_p95,Hepatocytes,oxidative_stress,N3,30.0,35.0,0.18843844994328335,0.18629246586288578,0.1906350535459361
7248_liver_sham_Male_26-U1,tierA_p95,Hepatocytes,oxidative_stress,N3,35.0,40.0,0.18844929197867138,0.1865628298878216,0.19050477491146228
7248_liver_sham_Male_26-U1,tierA_p95,Hepatocytes,oxidative_stress,N3,40.0,45.0,0.1884368312879577,0.1866693506691641,0.19053891826374658
7248_liver_sham_Male_26-U1,tierA_p95,Hepatocytes,oxidative_stress,N3,45.0,50.0,0.18843150174713924,0.18655245559440273,0.1905059350856682
7248_liver_sham_Male_26-U1,tierA_p95,Hepatocytes,oxidative_stress,N3,50.0,55.0,0.18842022977660525,0.18628202688442408,0.19042560817154616
7248_liver_sham_Male_26-U1,tierA_p95,Hepatocytes,oxidative_stress,N3,55.0,60.0,0.18842269112087498,0.18589209404619558,0.19055978303370205
7248_liver_sham_Male_26-U1,tierA_p95,Hepatocytes,oxidative_stress,N3,60.0,65.0,0.18841417547900755,0.18543471249674104,0.19068815510577347
7248_liver_sham_Male_26-U1,tierA_p95,Hepatocytes,oxidative_stress,N3,65.0,70.0,0.1883950437587749,0.18527791328339688,0.1909153697215913
7248_liver_sham_Male_26-U1,tierA_p95,Hepatocytes,oxidative_stress,N3,70.0,75.0,0.18837072969018828,0.18490145486427326,0.1912544944258529
7248_liver_sham_Male_26-U1,tierA_p95,Hepatocytes,oxidative_stress,N3,75.0,80.0,0.1883774065320229,0.18458397832064918,0.19152125339034778
7248_liver_sham_Male_26-U1,tierA_p95,Hepatocytes,oxidative_stress,N3,80.0,85.0,0.18840355045546628,0.18447400711825507,0.1922628429372013
7248_liver_sham_Male_26-U1,tierA_p95,Hepatocytes,oxidative_stress,N3,85.0,90.0,0.18843876951631622,0.18421334536981182,0.192083996874027
7248_liver_sham_Male_26-U1,tierA_p95,Hepatocytes,oxidative_stress,N3,90.0,95.0,0.18842500676321008,0.1841475059073553,0.1925313012480622
7248_liver_sham_Male_26-U1,tierA_p95,Hepatocytes,oxidative_stress,N3,95.0,100.0,0.18832128749597188,0.17858934071261304,0.19465532348054634
7248_liver_sham_Male_26-U1,tierA_p95,Hepatocytes,secondary_senescence,N3,0.0,5.0,-0.04832126729792796,-0.049746296509647694,-0.04686792551153422
7248_liver_sham_Male_26-U1,tierA_p95,Hepatocytes,secondary_senescence,N3,5.0,10.0,-0.048364648206474826,-0.04935420597085958,-0.04738672038541112
7248_liver_sham_Male_26-U1,tierA_p95,Hepatocytes,secondary_senescence,N3,10.0,15.0,-0.04836377821266777,-0.049110643447612276,-0.04759407597340238
7248_liver_sham_Male_26-U1,tierA_p95,Hepatocytes,secondary_senescence,N3,15.0,20.0,-0.048365973215452815,-0.04907406962178869,-0.04763057948449018
7248_liver_sham_Male_26-U1,tierA_p95,Hepatocytes,secondary_senescence,N3,20.0,25.0,-0.048358414987999115,-0.049043797820427094,-0.047692378096060424
7248_liver_sham_Male_26-U1,tierA_p95,Hepatocytes,secondary_senescence,N3,25.0,30.0,-0.04836025499869925,-0.04902513227557017,-0.04772080092310933
7248_liver_sham_Male_26-U1,tierA_p95,Hepatocytes,secondary_senescence,N3,30.0,35.0,-0.048351785458769225,-0.04900596238989191,-0.047733889003391226
7248_liver_sham_Male_26-U1,tierA_p95,Hepatocytes,secondary_senescence,N3,35.0,40.0,-0.048357970800033144,-0.04893324554437712,-0.04776221090766451
7248_liver_sham_Male_26-U1,tierA_p95,Hepatocytes,secondary_senescence,N3,40.0,45.0,-0.04834722397703327,-0.04894833102552337,-0.0477240769155107
7248_liver_sham_Male_26-U1,tierA_p95,Hepatocytes,secondary_senescence,N3,45.0,50.0,-0.04834361616595393,-0.049002517255455146,-0.04770387577745067
7248_liver_sham_Male_26-U1,tierA_p95,Hepatocytes,secondary_senescence,N3,50.0,55.0,-0.04836929146157993,-0.04905237337565949,-0.047698846632487454
7248_liver_sham_Male_26-U1,tierA_p95,Hepatocytes,secondary_senescence,N3,55.0,60.0,-0.04836497116397254,-0.049169388127394506,-0.04765023679617352
7248_liver_sham_Male_26-U1,tierA_p95,Hepatocytes,secondary_senescence,N3,60.0,65.0,-0.04839156052984176,-0.049211379594420894,-0.047503006995888865
7248_liver_sham_Male_26-U1,tierA_p95,Hepatocytes,secondary_senescence,N3,65.0,70.0,-0.04838546883496725,-0.04927780073591026,-0.04746811700927678
7248_liver_sham_Male_26-U1,tierA_p95,Hepatocytes,secondary_senescence,N3,70.0,75.0,-0.0483914460561202,-0.049384021301225045,-0.047335655786948115
7248_liver_sham_Male_26-U1,tierA_p95,Hepatocytes,secondary_senescence,N3,75.0,80.0,-0.048344386801916994,-0.04955339179716185,-0.04732257462536289
7248_liver_sham_Male_26-U1,tierA_p95,Hepatocytes,secondary_senescence,N3,80.0,85.0,-0.04834961310256608,-0.04961464984757694,-0.04697028121835693
7248_liver_sham_Male_26-U1,tierA_p95,Hepatocytes,secondary_senescence,N3,85.0,90.0,-0.04833678880204529,-0.049742555483111225,-0.046967354303941534
7248_liver_sham_Male_26-U1,tierA_p95,Hepatocytes,secondary_senescence,N3,90.0,95.0,-0.048408515402821255,-0.05002726664072274,-0.046860271044454976
7248_liver_sham_Male_26-U1,tierA_p95,Hepatocytes,secondary_senescence,N3,95.0,100.0,-0.04838807754358853,-0.049982492629235604,-0.047278160003974175
7248_liver_sham_Male_26-U1,tierA_p95,Hepatocytes,tnfa_nfkb_proximal,N3,0.0,5.0,-0.02514571291681524,-0.026111772870725105,-0.024101268317195605
7248_liver_sham_Male_26-U1,tierA_p95,Hepatocytes,tnfa_nfkb_proximal,N3,5.0,10.0,-0.025167139280446553,-0.025738317858279,-0.024544723095953656
7248_liver_sham_Male_26-U1,tierA_p95,Hepatocytes,tnfa_nfkb_proximal,N3,10.0,15.0,-0.025172149351970825,-0.025675402722555914,-0.024681954290344137
7248_liver_sham_Male_26-U1,tierA_p95,Hepatocytes,tnfa_nfkb_proximal,N3,15.0,20.0,-0.025168095837859162,-0.025613074133843006,-0.024679676118403472
7248_liver_sham_Male_26-U1,tierA_p95,Hepatocytes,tnfa_nfkb_proximal,N3,20.0,25.0,-0.025164194417313924,-0.02558246378667912,-0.024718855164826827
7248_liver_sham_Male_26-U1,tierA_p95,Hepatocytes,tnfa_nfkb_proximal,N3,25.0,30.0,-0.02516099409464352,-0.025560683948104592,-0.024759664477053342
7248_liver_sham_Male_26-U1,tierA_p95,Hepatocytes,tnfa_nfkb_proximal,N3,30.0,35.0,-0.02515849587987282,-0.02555492285607588,-0.024746612825106425
7248_liver_sham_Male_26-U1,tierA_p95,Hepatocytes,tnfa_nfkb_proximal,N3,35.0,40.0,-0.025156930064982645,-0.025565611943586822,-0.024749582716941422
7248_liver_sham_Male_26-U1,tierA_p95,Hepatocytes,tnfa_nfkb_proximal,N3,40.0,45.0,-0.02515812025343259,-0.025579797599839794,-0.02475110798739261
7248_liver_sham_Male_26-U1,tierA_p95,Hepatocytes,tnfa_nfkb_proximal,N3,45.0,50.0,-0.02514844819556223,-0.025610881678922226,-0.02470879693757146
7248_liver_sham_Male_26-U1,tierA_p95,Hepatocytes,tnfa_nfkb_proximal,N3,50.0,55.0,-0.025153522188780364,-0.025629289378275622,-0.02466870728281912
7248_liver_sham_Male_26-U1,tierA_p95,Hepatocytes,tnfa_nfkb_proximal,N3,55.0,60.0,-0.025158034778696558,-0.02565115229953077,-0.024606146414257683
7248_liver_sham_Male_26-U1,tierA_p95,Hepatocytes,tnfa_nfkb_proximal,N3,60.0,65.0,-0.02517102746045571,-0.025760670148865232,-0.024562931096777846
7248_liver_sham_Male_26-U1,tierA_p95,Hepatocytes,tnfa_nfkb_proximal,N3,65.0,70.0,-0.025148603565084127,-0.025759886656849876,-0.024502456839558324
7248_liver_sham_Male_26-U1,tierA_p95,Hepatocytes,tnfa_nfkb_proximal,N3,70.0,75.0,-0.025163016789467127,-0.02582943283713864,-0.024451306488480436
7248_liver_sham_Male_26-U1,tierA_p95,Hepatocytes,tnfa_nfkb_proximal,N3,75.0,80.0,-0.02514759555915714,-0.02587622632273293,-0.02439510617946617
7248_liver_sham_Male_26-U1,tierA_p95,Hepatocytes,tnfa_nfkb_proximal,N3,80.0,85.0,-0.025158912581176987,-0.025945011637799595,-0.02432969698256642
7248_liver_sham_Male_26-U1,tierA_p95,Hepatocytes,tnfa_nfkb_proximal,N3,85.0,90.0,-0.025130744958729155,-0.026019431014979232,-0.024173150160969242
7248_liver_sham_Male_26-U1,tierA_p95,Hepatocytes,tnfa_nfkb_proximal,N3,90.0,95.0,-0.025144922518619526,-0.026112801723425196,-0.024149234477463827
7248_liver_sham_Male_26-U1,tierA_p95,Hepatocytes,tnfa_nfkb_proximal,N3,95.0,100.0,-0.025111951673835994,-0.025968979690614482,-0.024069799992869213
7248_liver_sham_Male_26-U1,tierA_p95,Hepatocytes,downstream_arrest,N4,0.0,5.0,0.00607240671324152,0.005132413345299756,0.007102226989067993
7248_liver_sham_Male_26-U1,tierA_p95,Hepatocytes,downstream_arrest,N4,5.0,10.0,0.006056375390059764,0.005365226876891029,0.006837842649776834
7248_liver_sham_Male_26-U1,tierA_p95,Hepatocytes,downstream_arrest,N4,10.0,15.0,0.006056944665255535,0.005487176970209239,0.006662523667198575
7248_liver_sham_Male_26-U1,tierA_p95,Hepatocytes,downstream_arrest,N4,15.0,20.0,0.006057779863755617,0.00554839106090241,0.0066050200988919845
7248_liver_sham_Male_26-U1,tierA_p95,Hepatocytes,downstream_arrest,N4,20.0,25.0,0.0060390287130907445,0.005597491318289467,0.006502890536008636
7248_liver_sham_Male_26-U1,tierA_p95,Hepatocytes,downstream_arrest,N4,25.0,30.0,0.006031716482392953,0.005628734721333209,0.006418810446863686
7248_liver_sham_Male_26-U1,tierA_p95,Hepatocytes,downstream_arrest,N4,30.0,35.0,0.006026574519240204,0.005686271244390975,0.0063827600939234995
7248_liver_sham_Male_26-U1,tierA_p95,Hepatocytes,downstream_arrest,N4,35.0,40.0,0.006018992799190625,0.005685503954966279,0.00636654321868382
7248_liver_sham_Male_26-U1,tierA_p95,Hepatocytes,downstream_arrest,N4,40.0,45.0,0.006038959709677229,0.005666259254211614,0.006416775407735842
7248_liver_sham_Male_26-U1,tierA_p95,Hepatocytes,downstream_arrest,N4,45.0,50.0,0.006027791264379103,0.005578036036265779,0.006474379013873917
7248_liver_sham_Male_26-U1,tierA_p95,Hepatocytes,downstream_arrest,N4,50.0,55.0,0.005996546120291112,0.005474105397125532,0.006579168719453092
7248_liver_sham_Male_26-U1,tierA_p95,Hepatocytes,downstream_arrest,N4,55.0,60.0,0.0060115348980606855,0.00540759088338945,0.006630966379217121
7248_liver_sham_Male_26-U1,tierA_p95,Hepatocytes,downstream_arrest,N4,60.0,65.0,0.005995336742122311,0.00533756301858241,0.006710283063287974
7248_liver_sham_Male_26-U1,tierA_p95,Hepatocytes,downstream_arrest,N4,65.0,70.0,0.006018204048698683,0.005213526579753935,0.006835094618058151
7248_liver_sham_Male_26-U1,tierA_p95,Hepatocytes,downstream_arrest,N4,70.0,75.0,0.006017974635281013,0.005102412613875348,0.00686679008887868
7248_liver_sham_Male_26-U1,tierA_p95,Hepatocytes,downstream_arrest,N4,75.0,80.0,0.0060168447156826,0.005062340114880782,0.006968976528552872
7248_liver_sham_Male_26-U1,tierA_p95,Hepatocytes,downstream_arrest,N4,80.0,85.0,0.006007198166832427,0.004925064541969394,0.0070234452412891845
7248_liver_sham_Male_26-U1,tierA_p95,Hepatocytes,downstream_arrest,N4,85.0,90.0,0.006029993327439487,0.004932402484306494,0.007149847756030878
7248_liver_sham_Male_26-U1,tierA_p95,Hepatocytes,downstream_arrest,N4,90.0,95.0,0.006041517209425346,0.004855106851437936,0.007349009850218594
7248_liver_sham_Male_26-U1,tierA_p95,Hepatocytes,downstream_arrest,N4,95.0,100.0,0.006477018896096949,0.005463554731974963,0.0073432061564889465
7248_liver_sham_Male_26-U1,tierA_p95,Hepatocytes,emt_ecm,N4,0.0,5.0,-0.0030032055869903722,-0.004284120749853228,-0.0017624634458348006
7248_liver_sham_Male_26-U1,tierA_p95,Hepatocytes,emt_ecm,N4,5.0,10.0,-0.0029783813844924813,-0.004032994888130745,-0.002060249443636335
7248_liver_sham_Male_26-U1,tierA_p95,Hepatocytes,emt_ecm,N4,10.0,15.0,-0.002999913533059722,-0.003932803848174279,-0.002195510495206083
7248_liver_sham_Male_26-U1,tierA_p95,Hepatocytes,emt_ecm,N4,15.0,20.0,-0.0029855241033563394,-0.003788058136111361,-0.0022489227193652496
7248_liver_sham_Male_26-U1,tierA_p95,Hepatocytes,emt_ecm,N4,20.0,25.0,-0.002983923465859856,-0.003645080698308305,-0.0023444431572222525
7248_liver_sham_Male_26-U1,tierA_p95,Hepatocytes,emt_ecm,N4,25.0,30.0,-0.0029954499940832934,-0.0035501123621401822,-0.002436369325796566
7248_liver_sham_Male_26-U1,tierA_p95,Hepatocytes,emt_ecm,N4,30.0,35.0,-0.0030147624173328556,-0.0034994716892431423,-0.002513513275430581
7248_liver_sham_Male_26-U1,tierA_p95,Hepatocytes,emt_ecm,N4,35.0,40.0,-0.003003254070596101,-0.003468618310630664,-0.002548972355578632
7248_liver_sham_Male_26-U1,tierA_p95,Hepatocytes,emt_ecm,N4,40.0,45.0,-0.0029966978031936327,-0.003511940638523182,-0.0024938633162251487
7248_liver_sham_Male_26-U1,tierA_p95,Hepatocytes,emt_ecm,N4,45.0,50.0,-0.003003034553812264,-0.003587033266679667,-0.002247257225213717
7248_liver_sham_Male_26-U1,tierA_p95,Hepatocytes,emt_ecm,N4,50.0,55.0,-0.0029797023121842636,-0.003683343108907974,-0.0021361290847084703
7248_liver_sham_Male_26-U1,tierA_p95,Hepatocytes,emt_ecm,N4,55.0,60.0,-0.0029841540455367386,-0.003818775843460409,-0.0019117077544743297
7248_liver_sham_Male_26-U1,tierA_p95,Hepatocytes,emt_ecm,N4,60.0,65.0,-0.002990541544860657,-0.003880876370751269,-0.0017859812399075388
7248_liver_sham_Male_26-U1,tierA_p95,Hepatocytes,emt_ecm,N4,65.0,70.0,-0.0029675395384425674,-0.003974364808639944,-0.0017174126867412853
7248_liver_sham_Male_26-U1,tierA_p95,Hepatocytes,emt_ecm,N4,70.0,75.0,-0.002943786921017816,-0.004039651762319352,-0.0014941766899822036
7248_liver_sham_Male_26-U1,tierA_p95,Hepatocytes,emt_ecm,N4,75.0,80.0,-0.002924175620090301,-0.004235714730759108,-0.0013778465828300779
7248_liver_sham_Male_26-U1,tierA_p95,Hepatocytes,emt_ecm,N4,80.0,85.0,-0.0029281013236658678,-0.004263431390429153,-0.001284692282556974
7248_liver_sham_Male_26-U1,tierA_p95,Hepatocytes,emt_ecm,N4,85.0,90.0,-0.002899767879113142,-0.004401330916440987,-0.0012130369961112159
7248_liver_sham_Male_26-U1,tierA_p95,Hepatocytes,emt_ecm,N4,90.0,95.0,-0.002924595991766446,-0.004471531887336467,-0.0011827506776139823
7248_liver_sham_Male_26-U1,tierA_p95,Hepatocytes,emt_ecm,N4,95.0,100.0,-0.0025000048817728554,-0.003866791101027477,-0.0007396166822802568
7248_liver_sham_Male_26-U1,tierA_p95,Hepatocytes,il6_jak_stat3,N4,0.0,5.0,-0.036501896381502114,-0.037642165380117686,-0.035412688999160856
7248_liver_sham_Male_26-U1,tierA_p95,Hepatocytes,il6_jak_stat3,N4,5.0,10.0,-0.03649933476238468,-0.037218484646852075,-0.035739895673905786
7248_liver_sham_Male_26-U1,tierA_p95,Hepatocytes,il6_jak_stat3,N4,10.0,15.0,-0.03651318249800711,-0.03714157763564298,-0.0359010158737581
7248_liver_sham_Male_26-U1,tierA_p95,Hepatocytes,il6_jak_stat3,N4,15.0,20.0,-0.03651813609005655,-0.037052855085313634,-0.03597654880528986
7248_liver_sham_Male_26-U1,tierA_p95,Hepatocytes,il6_jak_stat3,N4,20.0,25.0,-0.036537212229545084,-0.037041666843241255,-0.036024322880059564
7248_liver_sham_Male_26-U1,tierA_p95,Hepatocytes,il6_jak_stat3,N4,25.0,30.0,-0.03655170704024588,-0.036993043740450246,-0.036098675311883044
7248_liver_sham_Male_26-U1,tierA_p95,Hepatocytes,il6_jak_stat3,N4,30.0,35.0,-0.03654606472039932,-0.03698336247936388,-0.03612728110246305
7248_liver_sham_Male_26-U1,tierA_p95,Hepatocytes,il6_jak_stat3,N4,35.0,40.0,-0.036561132184604474,-0.036996545922336865,-0.03608149263644875
7248_liver_sham_Male_26-U1,tierA_p95,Hepatocytes,il6_jak_stat3,N4,40.0,45.0,-0.03656907865261626,-0.037059629916520426,-0.03610585081167437
7248_liver_sham_Male_26-U1,tierA_p95,Hepatocytes,il6_jak_stat3,N4,45.0,50.0,-0.03656835143629251,-0.037097375411827095,-0.03603961898635066
7248_liver_sham_Male_26-U1,tierA_p95,Hepatocytes,il6_jak_stat3,N4,50.0,55.0,-0.03656933952650806,-0.03719817071219322,-0.0359520682944825
7248_liver_sham_Male_26-U1,tierA_p95,Hepatocytes,il6_jak_stat3,N4,55.0,60.0,-0.036536500233556826,-0.0372057021661712,-0.03579803858996308
7248_liver_sham_Male_26-U1,tierA_p95,Hepatocytes,il6_jak_stat3,N4,60.0,65.0,-0.0365320038421527,-0.03725708117505514,-0.03574823543715975
7248_liver_sham_Male_26-U1,tierA_p95,Hepatocytes,il6_jak_stat3,N4,65.0,70.0,-0.036535076420102224,-0.037413675283880676,-0.035732748128667016
7248_liver_sham_Male_26-U1,tierA_p95,Hepatocytes,il6_jak_stat3,N4,70.0,75.0,-0.03654184603863868,-0.03749352593779581,-0.03550929804038906
7248_liver_sham_Male_26-U1,tierA_p95,Hepatocytes,il6_jak_stat3,N4,75.0,80.0,-0.03652488092276317,-0.037575410773786504,-0.03544664675598874
7248_liver_sham_Male_26-U1,tierA_p95,Hepatocytes,il6_jak_stat3,N4,80.0,85.0,-0.03650492727278183,-0.037700070477636946,-0.03528430353878556
7248_liver_sham_Male_26-U1,tierA_p95,Hepatocytes,il6_jak_stat3,N4,85.0,90.0,-0.03644924479601055,-0.03769159069640084,-0.035287722681190625
7248_liver_sham_Male_26-U1,tierA_p95,Hepatocytes,il6_jak_stat3,N4,90.0,95.0,-0.036463810040388206,-0.037843177593653535,-0.034968735645528604
7248_liver_sham_Male_26-U1,tierA_p95,Hepatocytes,il6_jak_stat3,N4,95.0,100.0,-0.03591340049086985,-0.03661071028741239,-0.03509857519166654
7248_liver_sham_Male_26-U1,tierA_p95,Hepatocytes,interferon_response,N4,0.0,5.0,-0.008158191732687175,-0.009340575546218378,-0.0069142194941955466
7248_liver_sham_Male_26-U1,tierA_p95,Hepatocytes,interferon_response,N4,5.0,10.0,-0.008153109494184959,-0.008957580953178902,-0.007203623726140275
7248_liver_sham_Male_26-U1,tierA_p95,Hepatocytes,interferon_response,N4,10.0,15.0,-0.008135313233389256,-0.008857979147776444,-0.0072593486405039005
7248_liver_sham_Male_26-U1,tierA_p95,Hepatocytes,interferon_response,N4,15.0,20.0,-0.008118703369173528,-0.008739324301389075,-0.007330862535453649
7248_liver_sham_Male_26-U1,tierA_p95,Hepatocytes,interferon_response,N4,20.0,25.0,-0.008112118439583184,-0.008696374876397841,-0.007429343938083517
7248_liver_sham_Male_26-U1,tierA_p95,Hepatocytes,interferon_response,N4,25.0,30.0,-0.00809488732632148,-0.00857866934109837,-0.007570244537181506
7248_liver_sham_Male_26-U1,tierA_p95,Hepatocytes,interferon_response,N4,30.0,35.0,-0.008099988237389463,-0.008572507718636898,-0.007637068154844774
7248_liver_sham_Male_26-U1,tierA_p95,Hepatocytes,interferon_response,N4,35.0,40.0,-0.008075993458345514,-0.008504628492609755,-0.007617594804871265
7248_liver_sham_Male_26-U1,tierA_p95,Hepatocytes,interferon_response,N4,40.0,45.0,-0.008079596250304074,-0.008623200554026843,-0.007553687969261207
7248_liver_sham_Male_26-U1,tierA_p95,Hepatocytes,interferon_response,N4,45.0,50.0,-0.008068595981903513,-0.008706414166201545,-0.00741740713170886
7248_liver_sham_Male_26-U1,tierA_p95,Hepatocytes,interferon_response,N4,50.0,55.0,-0.008085125651274325,-0.008830252197262769,-0.00737393303784825
7248_liver_sham_Male_26-U1,tierA_p95,Hepatocytes,interferon_response,N4,55.0,60.0,-0.008061406186232373,-0.009035878815444468,-0.007296449774258049
7248_liver_sham_Male_26-U1,tierA_p95,Hepatocytes,interferon_response,N4,60.0,65.0,-0.008073846857074027,-0.009074066098499206,-0.00721422213230131
7248_liver_sham_Male_26-U1,tierA_p95,Hepatocytes,interferon_response,N4,65.0,70.0,-0.008084659391200077,-0.009178190283799717,-0.007174295471488296
7248_liver_sham_Male_26-U1,tierA_p95,Hepatocytes,interferon_response,N4,70.0,75.0,-0.008160807026086516,-0.009352283894250786,-0.007158480435898561
7248_liver_sham_Male_26-U1,tierA_p95,Hepatocytes,interferon_response,N4,75.0,80.0,-0.008158700916011511,-0.009452339886375042,-0.007085276875231948
7248_liver_sham_Male_26-U1,tierA_p95,Hepatocytes,interferon_response,N4,80.0,85.0,-0.00819950782877624,-0.009559970966144329,-0.0069898236608719935
7248_liver_sham_Male_26-U1,tierA_p95,Hepatocytes,interferon_response,N4,85.0,90.0,-0.008177436614900007,-0.009631527775501213,-0.006906994479336115
7248_liver_sham_Male_26-U1,tierA_p95,Hepatocytes,interferon_response,N4,90.0,95.0,-0.008248754303092987,-0.009730702952617255,-0.006793759065784391
7248_liver_sham_Male_26-U1,tierA_p95,Hepatocytes,interferon_response,N4,95.0,100.0,-0.008994204686051393,-0.010493185406343726,-0.007295860766539224
7248_liver_sham_Male_26-U1,tierA_p95,Hepatocytes,oxidative_stress,N4,0.0,5.0,0.18855988362578216,0.18475593153681596,0.19220620288650211
7248_liver_sham_Male_26-U1,tierA_p95,Hepatocytes,oxidative_stress,N4,5.0,10.0,0.18853275989758067,0.18512788515675865,0.19150400319502323
7248_liver_sham_Male_26-U1,tierA_p95,Hepatocytes,oxidative_stress,N4,10.0,15.0,0.18857662432184558,0.18580024408679666,0.19122922217639232
7248_liver_sham_Male_26-U1,tierA_p95,Hepatocytes,oxidative_stress,N4,15.0,20.0,0.18865335270048558,0.1862568850311003,0.19105387722493242
7248_liver_sham_Male_26-U1,tierA_p95,Hepatocytes,oxidative_stress,N4,20.0,25.0,0.18866391174241015,0.18663235230851855,0.19070655673092562
7248_liver_sham_Male_26-U1,tierA_p95,Hepatocytes,oxidative_stress,N4,25.0,30.0,0.1886993952800595,0.1869024275817935,0.1902585246758678
7248_liver_sham_Male_26-U1,tierA_p95,Hepatocytes,oxidative_stress,N4,30.0,35.0,0.1887703319994485,0.1874147342364168,0.1900512314364717
7248_liver_sham_Male_26-U1,tierA_p95,Hepatocytes,oxidative_stress,N4,35.0,40.0,0.18877811086187432,0.18764891867992423,0.19000630354563508
7248_liver_sham_Male_26-U1,tierA_p95,Hepatocytes,oxidative_stress,N4,40.0,45.0,0.18880364986929238,0.18741182438195078,0.19026021024385475
7248_liver_sham_Male_26-U1,tierA_p95,Hepatocytes,oxidative_stress,N4,45.0,50.0,0.18881628130769776,0.18669529919194855,0.19073085099017079
7248_liver_sham_Male_26-U1,tierA_p95,Hepatocytes,oxidative_stress,N4,50.0,55.0,0.18875164374656248,0.18618207585392757,0.19112068440691332
7248_liver_sham_Male_26-U1,tierA_p95,Hepatocytes,oxidative_stress,N4,55.0,60.0,0.18879297961285443,0.18569850205534788,0.19172420185257263
7248_liver_sham_Male_26-U1,tierA_p95,Hepatocytes,oxidative_stress,N4,60.0,65.0,0.18868639578500887,0.18509415729409942,0.19180516918184118
7248_liver_sham_Male_26-U1,tierA_p95,Hepatocytes,oxidative_stress,N4,65.0,70.0,0.18871430914824436,0.18463056153933194,0.19201347474326183
7248_liver_sham_Male_26-U1,tierA_p95,Hepatocytes,oxidative_stress,N4,70.0,75.0,0.1886191949713739,0.18448934363997968,0.19226819491124109
7248_liver_sham_Male_26-U1,tierA_p95,Hepatocytes,oxidative_stress,N4,75.0,80.0,0.18862597692745467,0.18390243656352373,0.19237404963750313
7248_liver_sham_Male_26-U1,tierA_p95,Hepatocytes,oxidative_stress,N4,80.0,85.0,0.18854238658079725,0.1839875992374728,0.19275079166802817
7248_liver_sham_Male_26-U1,tierA_p95,Hepatocytes,oxidative_stress,N4,85.0,90.0,0.18859706112260963,0.18404283977880076,0.1929575586469197
7248_liver_sham_Male_26-U1,tierA_p95,Hepatocytes,oxidative_stress,N4,90.0,95.0,0.18838559786937759,0.18349360604911635,0.19306401876077747
7248_liver_sham_Male_26-U1,tierA_p95,Hepatocytes,oxidative_stress,N4,95.0,100.0,0.18677839343109662,0.17867796610465697,0.19011033859364534
7248_liver_sham_Male_26-U1,tierA_p95,Hepatocytes,secondary_senescence,N4,0.0,5.0,-0.04834192253418232,-0.049749791641466305,-0.046925406502079575
7248_liver_sham_Male_26-U1,tierA_p95,Hepatocytes,secondary_senescence,N4,5.0,10.0,-0.048352353559508086,-0.049222048684741164,-0.0474235413992188
7248_liver_sham_Male_26-U1,tierA_p95,Hepatocytes,secondary_senescence,N4,10.0,15.0,-0.04833061240789074,-0.04910630298273828,-0.04759523109551792
7248_liver_sham_Male_26-U1,tierA_p95,Hepatocytes,secondary_senescence,N4,15.0,20.0,-0.04832646893424499,-0.04899457962230858,-0.04765395241771306
7248_liver_sham_Male_26-U1,tierA_p95,Hepatocytes,secondary_senescence,N4,20.0,25.0,-0.048309786730672,-0.048936340920899254,-0.04773091899595854
7248_liver_sham_Male_26-U1,tierA_p95,Hepatocytes,secondary_senescence,N4,25.0,30.0,-0.048323804241943207,-0.048912330529351414,-0.047741303907531354
7248_liver_sham_Male_26-U1,tierA_p95,Hepatocytes,secondary_senescence,N4,30.0,35.0,-0.04829721572839522,-0.048834967191025785,-0.04774593530408824
7248_liver_sham_Male_26-U1,tierA_p95,Hepatocytes,secondary_senescence,N4,35.0,40.0,-0.04830254401985604,-0.048887611581125374,-0.04771803355073252
7248_liver_sham_Male_26-U1,tierA_p95,Hepatocytes,secondary_senescence,N4,40.0,45.0,-0.04830266020534244,-0.04890839809542306,-0.047710753018549344
7248_liver_sham_Male_26-U1,tierA_p95,Hepatocytes,secondary_senescence,N4,45.0,50.0,-0.04829884426864196,-0.04894458225201275,-0.047593997402134255
7248_liver_sham_Male_26-U1,tierA_p95,Hepatocytes,secondary_senescence,N4,50.0,55.0,-0.048335822233563544,-0.04910544457014312,-0.04761591822942935
7248_liver_sham_Male_26-U1,tierA_p95,Hepatocytes,secondary_senescence,N4,55.0,60.0,-0.048306024180907556,-0.04917775699517936,-0.047470001958061364
7248_liver_sham_Male_26-U1,tierA_p95,Hepatocytes,secondary_senescence,N4,60.0,65.0,-0.048309132836233046,-0.04931034803700255,-0.04741717553260287
7248_liver_sham_Male_26-U1,tierA_p95,Hepatocytes,secondary_senescence,N4,65.0,70.0,-0.0483026294363531,-0.04933852474465304,-0.04729531267514564
7248_liver_sham_Male_26-U1,tierA_p95,Hepatocytes,secondary_senescence,N4,70.0,75.0,-0.04832191454701994,-0.04964037907722715,-0.047232857200179924
7248_liver_sham_Male_26-U1,tierA_p95,Hepatocytes,secondary_senescence,N4,75.0,80.0,-0.048351420902246645,-0.04964182599165713,-0.047117821739648146
7248_liver_sham_Male_26-U1,tierA_p95,Hepatocytes,secondary_senescence,N4,80.0,85.0,-0.04832812303877242,-0.04998361188547307,-0.047029266450831345
7248_liver_sham_Male_26-U1,tierA_p95,Hepatocytes,secondary_senescence,N4,85.0,90.0,-0.04827050623613471,-0.04991742816494888,-0.04685550822353817
7248_liver_sham_Male_26-U1,tierA_p95,Hepatocytes,secondary_senescence,N4,90.0,95.0,-0.04830161549678606,-0.049844950432461586,-0.046732550355659756
7248_liver_sham_Male_26-U1,tierA_p95,Hepatocytes,secondary_senescence,N4,95.0,100.0,-0.04862869539321484,-0.04950151332373409,-0.04757568918081363
7248_liver_sham_Male_26-U1,tierA_p95,Hepatocytes,tnfa_nfkb_proximal,N4,0.0,5.0,-0.025118188027505678,-0.02600374709189702,-0.02418559703223203
7248_liver_sham_Male_26-U1,tierA_p95,Hepatocytes,tnfa_nfkb_proximal,N4,5.0,10.0,-0.025144520904486763,-0.025701719890485676,-0.02453781791138068
7248_liver_sham_Male_26-U1,tierA_p95,Hepatocytes,tnfa_nfkb_proximal,N4,10.0,15.0,-0.025148893771722334,-0.025657646714576137,-0.024604915679575592
7248_liver_sham_Male_26-U1,tierA_p95,Hepatocytes,tnfa_nfkb_proximal,N4,15.0,20.0,-0.025145377007971727,-0.025552778082082884,-0.024693829478344455
7248_liver_sham_Male_26-U1,tierA_p95,Hepatocytes,tnfa_nfkb_proximal,N4,20.0,25.0,-0.025158734901642645,-0.025541513693288023,-0.02474407790588204
7248_liver_sham_Male_26-U1,tierA_p95,Hepatocytes,tnfa_nfkb_proximal,N4,25.0,30.0,-0.025187924211732927,-0.025545802557068443,-0.02484353606128246
7248_liver_sham_Male_26-U1,tierA_p95,Hepatocytes,tnfa_nfkb_proximal,N4,30.0,35.0,-0.025180532432547344,-0.025524581585201777,-0.024825257332538424
7248_liver_sham_Male_26-U1,tierA_p95,Hepatocytes,tnfa_nfkb_proximal,N4,35.0,40.0,-0.02518848794513738,-0.025537282779040105,-0.02483328190717726
7248_liver_sham_Male_26-U1,tierA_p95,Hepatocytes,tnfa_nfkb_proximal,N4,40.0,45.0,-0.025201392766493785,-0.025625558942894193,-0.02482295083113048
7248_liver_sham_Male_26-U1,tierA_p95,Hepatocytes,tnfa_nfkb_proximal,N4,45.0,50.0,-0.02522336518986927,-0.025655686580311685,-0.024770927435562584
7248_liver_sham_Male_26-U1,tierA_p95,Hepatocytes,tnfa_nfkb_proximal,N4,50.0,55.0,-0.02522579564102493,-0.025732798630682365,-0.02473684140343246
7248_liver_sham_Male_26-U1,tierA_p95,Hepatocytes,tnfa_nfkb_proximal,N4,55.0,60.0,-0.025196312088642734,-0.025753979822250455,-0.02464325983292007
7248_liver_sham_Male_26-U1,tierA_p95,Hepatocytes,tnfa_nfkb_proximal,N4,60.0,65.0,-0.025188699430272733,-0.025867761528479152,-0.024540224435233234
7248_liver_sham_Male_26-U1,tierA_p95,Hepatocytes,tnfa_nfkb_proximal,N4,65.0,70.0,-0.025194296555900136,-0.025853554989457427,-0.02453806536782771
7248_liver_sham_Male_26-U1,tierA_p95,Hepatocytes,tnfa_nfkb_proximal,N4,70.0,75.0,-0.02520953691046558,-0.0259587457669824,-0.024441576123861414
7248_liver_sham_Male_26-U1,tierA_p95,Hepatocytes,tnfa_nfkb_proximal,N4,75.0,80.0,-0.025165145385142192,-0.025960053631566754,-0.024309277498742614
7248_liver_sham_Male_26-U1,tierA_p95,Hepatocytes,tnfa_nfkb_proximal,N4,80.0,85.0,-0.025170127751304075,-0.026086383234861045,-0.024267593559523057
7248_liver_sham_Male_26-U1,tierA_p95,Hepatocytes,tnfa_nfkb_proximal,N4,85.0,90.0,-0.02513854199656024,-0.026092806512955275,-0.024097433536758944
7248_liver_sham_Male_26-U1,tierA_p95,Hepatocytes,tnfa_nfkb_proximal,N4,90.0,95.0,-0.02516074357329357,-0.02617965516026503,-0.02403838864802554
7248_liver_sham_Male_26-U1,tierA_p95,Hepatocytes,tnfa_nfkb_proximal,N4,95.0,100.0,-0.024969062766237577,-0.025650056783002643,-0.02382591914244204
7352_liver_sham_Male_2-U1,tierA_p95,Hepatocytes,downstream_arrest,N1,0.0,5.0,0.003866952963104911,0.0034257813880608635,0.004320856942788034
7352_liver_sham_Male_2-U1,tierA_p95,Hepatocytes,downstream_arrest,N1,5.0,10.0,0.003689527196966487,0.0029487238395806466,0.004460909022701356
7352_liver_sham_Male_2-U1,tierA_p95,Hepatocytes,downstream_arrest,N1,10.0,15.0,0.004162551398063631,0.003829578168280723,0.004503942892544134
7352_liver_sham_Male_2-U1,tierA_p95,Hepatocytes,downstream_arrest,N1,15.0,20.0,0.004196900540599371,0.003909267756605759,0.004498826803280411
7352_liver_sham_Male_2-U1,tierA_p95,Hepatocytes,downstream_arrest,N1,20.0,25.0,0.004103204515922304,0.003808563668849105,0.004401095709665919
7352_liver_sham_Male_2-U1,tierA_p95,Hepatocytes,downstream_arrest,N1,25.0,30.0,0.004080648738005144,0.003789303329817485,0.0043859769752358025
7352_liver_sham_Male_2-U1,tierA_p95,Hepatocytes,downstream_arrest,N1,30.0,35.0,0.004040864763275328,0.003742762274989148,0.004344203733807462
7352_liver_sham_Male_2-U1,tierA_p95,Hepatocytes,downstream_arrest,N1,35.0,40.0,0.0039363178264184605,0.003628826545703632,0.004240706623580197
7352_liver_sham_Male_2-U1,tierA_p95,Hepatocytes,downstream_arrest,N1,40.0,45.0,0.0038103371562618633,0.003448272026299026,0.00417461331310642
7352_liver_sham_Male_2-U1,tierA_p95,Hepatocytes,downstream_arrest,N1,45.0,50.0,0.0036924435709444897,0.0033163789019123153,0.004091663151433067
7352_liver_sham_Male_2-U1,tierA_p95,Hepatocytes,downstream_arrest,N1,50.0,55.0,0.0036503982037244045,0.0031957190428471365,0.004092371781963486
7352_liver_sham_Male_2-U1,tierA_p95,Hepatocytes,downstream_arrest,N1,55.0,60.0,0.0035044111641947123,0.0030064245266735955,0.003988069665366466
7352_liver_sham_Male_2-U1,tierA_p95,Hepatocytes,downstream_arrest,N1,60.0,65.0,0.003397291298938191,0.002802695026030811,0.003956719354303817
7352_liver_sham_Male_2-U1,tierA_p95,Hepatocytes,downstream_arrest,N1,65.0,70.0,0.003250816327082417,0.0025287683833410614,0.003985170265285697
7352_liver_sham_Male_2-U1,tierA_p95,Hepatocytes,downstream_arrest,N1,70.0,75.0,0.003090500278772832,0.0022388797375025465,0.003969619757618946
7352_liver_sham_Male_2-U1,tierA_p95,Hepatocytes,downstream_arrest,N1,75.0,80.0,0.0029358974442736372,0.0018776419028805648,0.004005945175092863
7352_liver_sham_Male_2-U1,tierA_p95,Hepatocytes,downstream_arrest,N1,80.0,85.0,0.0027948610521329794,0.0015537491163204983,0.004004906273634269
7352_liver_sham_Male_2-U1,tierA_p95,Hepatocytes,downstream_arrest,N1,85.0,90.0,0.002688398771640016,0.0011008400683584327,0.004195317308181815
7352_liver_sham_Male_2-U1,tierA_p95,Hepatocytes,downstream_arrest,N1,90.0,95.0,0.0025283599922028633,0.0005293229988191237,0.004502623755141806
7352_liver_sham_Male_2-U1,tierA_p95,Hepatocytes,downstream_arrest,N1,95.0,100.0,0.002144426760940121,0.00043036235673794886,0.0038647221836517528
7352_liver_sham_Male_2-U1,tierA_p95,Hepatocytes,emt_ecm,N1,0.0,5.0,0.001339291364840408,0.0008257987209250338,0.0018447742241762268
7352_liver_sham_Male_2-U1,tierA_p95,Hepatocytes,emt_ecm,N1,5.0,10.0,0.0015831234463366184,0.0007270669222298985,0.002445192410819799
7352_liver_sham_Male_2-U1,tierA_p95,Hepatocytes,emt_ecm,N1,10.0,15.0,0.0012933048740183769,0.0009205317886473253,0.0016619614456712072
7352_liver_sham_Male_2-U1,tierA_p95,Hepatocytes,emt_ecm,N1,15.0,20.0,0.0011619281922207634,0.0008357077926733057,0.0015124283740971492
7352_liver_sham_Male_2-U1,tierA_p95,Hepatocytes,emt_ecm,N1,20.0,25.0,0.001245454444910809,0.0009360469758031015,0.0015813666983572755
7352_liver_sham_Male_2-U1,tierA_p95,Hepatocytes,emt_ecm,N1,25.0,30.0,0.0011678054453955458,0.000844189411598326,0.0014833381105856872
7352_liver_sham_Male_2-U1,tierA_p95,Hepatocytes,emt_ecm,N1,30.0,35.0,0.0012727004649353763,0.000957041731302049,0.0015890278463108114
7352_liver_sham_Male_2-U1,tierA_p95,Hepatocytes,emt_ecm,N1,35.0,40.0,0.0012757494849982307,0.0009429081939136876,0.001631176703595494
7352_liver_sham_Male_2-U1,tierA_p95,Hepatocytes,emt_ecm,N1,40.0,45.0,0.001317428589507576,0.000956957294395758,0.0016678699382150855
7352_liver_sham_Male_2-U1,tierA_p95,Hepatocytes,emt_ecm,N1,45.0,50.0,0.001422594373101563,0.0010159912477248317,0.0018282995027074792
7352_liver_sham_Male_2-U1,tierA_p95,Hepatocytes,emt_ecm,N1,50.0,55.0,0.0014325930218274197,0.0009600183355095003,0.0019125704643758873
7352_liver_sham_Male_2-U1,tierA_p95,Hepatocytes,emt_ecm,N1,55.0,60.0,0.0015097431689264603,0.0009275512089294031,0.0020909179857734653
7352_liver_sham_Male_2-U1,tierA_p95,Hepatocytes,emt_ecm,N1,60.0,65.0,0.001580994306447454,0.0008913779887747334,0.0022224609388175414
7352_liver_sham_Male_2-U1,tierA_p95,Hepatocytes,emt_ecm,N1,65.0,70.0,0.0016020304736892648,0.0008036652488097166,0.00234881582760527
7352_liver_sham_Male_2-U1,tierA_p95,Hepatocytes,emt_ecm,N1,70.0,75.0,0.0016499305841650568,0.0007815564670644135,0.002620182080475948
7352_liver_sham_Male_2-U1,tierA_p95,Hepatocytes,emt_ecm,N1,75.0,80.0,0.0017134452684529676,0.0006265858336522729,0.002881474819775903
7352_liver_sham_Male_2-U1,tierA_p95,Hepatocytes,emt_ecm,N1,80.0,85.0,0.0017498068829427805,0.00035226311102686686,0.0032787747769268696
7352_liver_sham_Male_2-U1,tierA_p95,Hepatocytes,emt_ecm,N1,85.0,90.0,0.001735444526724988,2.81997522818546e-05,0.0036453158095242654
7352_liver_sham_Male_2-U1,tierA_p95,Hepatocytes,emt_ecm,N1,90.0,95.0,0.0018794426063623373,-0.0002242051253009282,0.00404705477284229
7352_liver_sham_Male_2-U1,tierA_p95,Hepatocytes,emt_ecm,N1,95.0,100.0,0.001914208990111303,9.933321056632058e-05,0.0038550062959254758
7352_liver_sham_Male_2-U1,tierA_p95,Hepatocytes,il6_jak_stat3,N1,0.0,5.0,-0.030473766841749447,-0.031118053701856514,-0.0298351532986088
7352_liver_sham_Male_2-U1,tierA_p95,Hepatocytes,il6_jak_stat3,N1,5.0,10.0,-0.028260550519977373,-0.029473506347911668,-0.026971598037888723
7352_liver_sham_Male_2-U1,tierA_p95,Hepatocytes,il6_jak_stat3,N1,10.0,15.0,-0.030274563695467882,-0.030775306015114686,-0.029772718026914738
7352_liver_sham_Male_2-U1,tierA_p95,Hepatocytes,il6_jak_stat3,N1,15.0,20.0,-0.030675166800709596,-0.0311118370097684,-0.03021094349824133
7352_liver_sham_Male_2-U1,tierA_p95,Hepatocytes,il6_jak_stat3,N1,20.0,25.0,-0.030624613687792335,-0.031050740576354173,-0.03017711032448749
7352_liver_sham_Male_2-U1,tierA_p95,Hepatocytes,il6_jak_stat3,N1,25.0,30.0,-0.03067174001536309,-0.031085449020657723,-0.030220641166523843
7352_liver_sham_Male_2-U1,tierA_p95,Hepatocytes,il6_jak_stat3,N1,30.0,35.0,-0.03062113730740896,-0.031057873842268952,-0.030214739587728155
7352_liver_sham_Male_2-U1,tierA_p95,Hepatocytes,il6_jak_stat3,N1,35.0,40.0,-0.030681758591440948,-0.03114927523261008,-0.03022249786622783
7352_liver_sham_Male_2-U1,tierA_p95,Hepatocytes,il6_jak_stat3,N1,40.0,45.0,-0.03067068798294285,-0.03117524306070955,-0.030157718491552542
7352_liver_sham_Male_2-U1,tierA_p95,Hepatocytes,il6_jak_stat3,N1,45.0,50.0,-0.03060574004353883,-0.031149562377147232,-0.03006658568049612
7352_liver_sham_Male_2-U1,tierA_p95,Hepatocytes,il6_jak_stat3,N1,50.0,55.0,-0.03062762238776441,-0.031229668996244717,-0.0299853772633329
7352_liver_sham_Male_2-U1,tierA_p95,Hepatocytes,il6_jak_stat3,N1,55.0,60.0,-0.030546569798802783,-0.03120084015165712,-0.02982081707529179
7352_liver_sham_Male_2-U1,tierA_p95,Hepatocytes,il6_jak_stat3,N1,60.0,65.0,-0.030407274799563302,-0.031248894402475268,-0.029527993044318385
7352_liver_sham_Male_2-U1,tierA_p95,Hepatocytes,il6_jak_stat3,N1,65.0,70.0,-0.03035139283414269,-0.03133739046163291,-0.02933485926974131
7352_liver_sham_Male_2-U1,tierA_p95,Hepatocytes,il6_jak_stat3,N1,70.0,75.0,-0.030148002145073505,-0.0313342667286644,-0.028932009229927336
7352_liver_sham_Male_2-U1,tierA_p95,Hepatocytes,il6_jak_stat3,N1,75.0,80.0,-0.030093215572661123,-0.03150710324801599,-0.028579601430973215
7352_liver_sham_Male_2-U1,tierA_p95,Hepatocytes,il6_jak_stat3,N1,80.0,85.0,-0.030015432597992796,-0.03178698618929522,-0.02825717676477029
7352_liver_sham_Male_2-U1,tierA_p95,Hepatocytes,il6_jak_stat3,N1,85.0,90.0,-0.02990210022737981,-0.03189884902352281,-0.02776679965540457
7352_liver_sham_Male_2-U1,tierA_p95,Hepatocytes,il6_jak_stat3,N1,90.0,95.0,-0.029877578956434024,-0.03258443301617417,-0.027169780833103327
7352_liver_sham_Male_2-U1,tierA_p95,Hepatocytes,il6_jak_stat3,N1,95.0,100.0,-0.029232508768569705,-0.031424973742908605,-0.02694171331145999
7352_liver_sham_Male_2-U1,tierA_p95,Hepatocytes,interferon_response,N1,0.0,5.0,-0.0016508843678766354,-0.0022891815881152374,-0.00101411699243679
7352_liver_sham_Male_2-U1,tierA_p95,Hepatocytes,interferon_response,N1,5.0,10.0,0.0008633954800117051,-0.00033857606960615644,0.002223363527060102
7352_liver_sham_Male_2-U1,tierA_p95,Hepatocytes,interferon_response,N1,10.0,15.0,-0.0005593542119534374,-0.0010928909990697625,3.491198379995001e-06
7352_liver_sham_Male_2-U1,tierA_p95,Hepatocytes,interferon_response,N1,15.0,20.0,-0.001181580777435051,-0.0016378104465684335,-0.0007339484782066463
7352_liver_sham_Male_2-U1,tierA_p95,Hepatocytes,interferon_response,N1,20.0,25.0,-0.0013091977102580724,-0.0017372586599686205,-0.0008683800964711482
7352_liver_sham_Male_2-U1,tierA_p95,Hepatocytes,interferon_response,N1,25.0,30.0,-0.0014198479650895436,-0.0018283616570197458,-0.0010115481241677964
7352_liver_sham_Male_2-U1,tierA_p95,Hepatocytes,interferon_response,N1,30.0,35.0,-0.0015629177310651477,-0.0019839136698280575,-0.0011350195272946514
7352_liver_sham_Male_2-U1,tierA_p95,Hepatocytes,interferon_response,N1,35.0,40.0,-0.0018226434268492375,-0.002263049501066124,-0.0013920565067836288
7352_liver_sham_Male_2-U1,tierA_p95,Hepatocytes,interferon_response,N1,40.0,45.0,-0.0019851234255693338,-0.0024706759862663462,-0.0014572128106643898
7352_liver_sham_Male_2-U1,tierA_p95,Hepatocytes,interferon_response,N1,45.0,50.0,-0.0021432068446002933,-0.002687673083405248,-0.0016351458658533328
7352_liver_sham_Male_2-U1,tierA_p95,Hepatocytes,interferon_response,N1,50.0,55.0,-0.0023408109269653305,-0.002937473154648081,-0.0016386317563047137
7352_liver_sham_Male_2-U1,tierA_p95,Hepatocytes,interferon_response,N1,55.0,60.0,-0.002548176491285088,-0.003288777191344385,-0.0017887141496885938
7352_liver_sham_Male_2-U1,tierA_p95,Hepatocytes,interferon_response,N1,60.0,65.0,-0.002693431402470533,-0.0035587940596389506,-0.0018442224798608572
7352_liver_sham_Male_2-U1,tierA_p95,Hepatocytes,interferon_response,N1,65.0,70.0,-0.002841844153470308,-0.0038181694596174072,-0.001867844148448453
7352_liver_sham_Male_2-U1,tierA_p95,Hepatocytes,interferon_response,N1,70.0,75.0,-0.0029352318115788314,-0.004119943379894674,-0.0017916087314306711
7352_liver_sham_Male_2-U1,tierA_p95,Hepatocytes,interferon_response,N1,75.0,80.0,-0.003147615305526518,-0.004531399469209669,-0.0017710268366965536
7352_liver_sham_Male_2-U1,tierA_p95,Hepatocytes,interferon_response,N1,80.0,85.0,-0.0031848744016475567,-0.00484281400958339,-0.001463521445453802
7352_liver_sham_Male_2-U1,tierA_p95,Hepatocytes,interferon_response,N1,85.0,90.0,-0.003320715464960058,-0.005380849358985878,-0.001272648699538636
7352_liver_sham_Male_2-U1,tierA_p95,Hepatocytes,interferon_response,N1,90.0,95.0,-0.0034341155708737005,-0.006123470296584155,-0.0007936146719214908
7352_liver_sham_Male_2-U1,tierA_p95,Hepatocytes,interferon_response,N1,95.0,100.0,-0.003310602857532502,-0.005538244247892492,-0.0008121466355745039
7352_liver_sham_Male_2-U1,tierA_p95,Hepatocytes,oxidative_stress,N1,0.0,5.0,0.11795682469432107,0.11646896191487936,0.1194067283040794
7352_liver_sham_Male_2-U1,tierA_p95,Hepatocytes,oxidative_stress,N1,5.0,10.0,0.11614193839994212,0.11350410524220658,0.11861338278470203
7352_liver_sham_Male_2-U1,tierA_p95,Hepatocytes,oxidative_stress,N1,10.0,15.0,0.11991862258120671,0.11877436552159304,0.12101802710178876
7352_liver_sham_Male_2-U1,tierA_p95,Hepatocytes,oxidative_stress,N1,15.0,20.0,0.11989970789012863,0.11891155942221929,0.12091605991424133
7352_liver_sham_Male_2-U1,tierA_p95,Hepatocytes,oxidative_stress,N1,20.0,25.0,0.11932765047245181,0.11838812201797881,0.12023236004314737
7352_liver_sham_Male_2-U1,tierA_p95,Hepatocytes,oxidative_stress,N1,25.0,30.0,0.11931142387839219,0.11833519356597867,0.12029195222469795
7352_liver_sham_Male_2-U1,tierA_p95,Hepatocytes,oxidative_stress,N1,30.0,35.0,0.11893488195124101,0.11794924702704254,0.12001721963106261
7352_liver_sham_Male_2-U1,tierA_p95,Hepatocytes,oxidative_stress,N1,35.0,40.0,0.11835668342891899,0.11732138623489888,0.11937828066755177
7352_liver_sham_Male_2-U1,tierA_p95,Hepatocytes,oxidative_stress,N1,40.0,45.0,0.11770222404467126,0.11662184030974765,0.11888007846746496
7352_liver_sham_Male_2-U1,tierA_p95,Hepatocytes,oxidative_stress,N1,45.0,50.0,0.11715318287200553,0.11592005420389277,0.11840116829396242
7352_liver_sham_Male_2-U1,tierA_p95,Hepatocytes,oxidative_stress,N1,50.0,55.0,0.11645533339695871,0.11495872774551728,0.1179434783550659
7352_liver_sham_Male_2-U1,tierA_p95,Hepatocytes,oxidative_stress,N1,55.0,60.0,0.11588068919361805,0.11424261336290452,0.11768451020001963
7352_liver_sham_Male_2-U1,tierA_p95,Hepatocytes,oxidative_stress,N1,60.0,65.0,0.11502420200460248,0.11285941127427966,0.1170785738059201
7352_liver_sham_Male_2-U1,tierA_p95,Hepatocytes,oxidative_stress,N1,65.0,70.0,0.11420048564576625,0.11173867589680984,0.11657855462132173
7352_liver_sham_Male_2-U1,tierA_p95,Hepatocytes,oxidative_stress,N1,70.0,75.0,0.11350245415845225,0.1106523980826384,0.11644594979149864
7352_liver_sham_Male_2-U1,tierA_p95,Hepatocytes,oxidative_stress,N1,75.0,80.0,0.11253146321231997,0.10905321570867164,0.11608664838583609
7352_liver_sham_Male_2-U1,tierA_p95,Hepatocytes,oxidative_stress,N1,80.0,85.0,0.11156267799553933,0.1070028708192847,0.11586777822177942
7352_liver_sham_Male_2-U1,tierA_p95,Hepatocytes,oxidative_stress,N1,85.0,90.0,0.11091800624301376,0.10494005450584937,0.11641909745208441
7352_liver_sham_Male_2-U1,tierA_p95,Hepatocytes,oxidative_stress,N1,90.0,95.0,0.11013243955154123,0.10334542283103823,0.11709258669585947
7352_liver_sham_Male_2-U1,tierA_p95,Hepatocytes,oxidative_stress,N1,95.0,100.0,0.10770240038714873,0.10066479958004126,0.11432846416063638
7352_liver_sham_Male_2-U1,tierA_p95,Hepatocytes,secondary_senescence,N1,0.0,5.0,-0.03140101272243455,-0.03221098059010786,-0.03065671037521267
7352_liver_sham_Male_2-U1,tierA_p95,Hepatocytes,secondary_senescence,N1,5.0,10.0,-0.029161681861558254,-0.030558186864971283,-0.027804798638714663
7352_liver_sham_Male_2-U1,tierA_p95,Hepatocytes,secondary_senescence,N1,10.0,15.0,-0.03092645420133551,-0.03154557949719707,-0.030313077186708403
7352_liver_sham_Male_2-U1,tierA_p95,Hepatocytes,secondary_senescence,N1,15.0,20.0,-0.03142145914656485,-0.03195283262685949,-0.030869240214524973
7352_liver_sham_Male_2-U1,tierA_p95,Hepatocytes,secondary_senescence,N1,20.0,25.0,-0.03150147113358577,-0.0320309122894019,-0.030964168197455254
7352_liver_sham_Male_2-U1,tierA_p95,Hepatocytes,secondary_senescence,N1,25.0,30.0,-0.031476132035017014,-0.0319949741746063,-0.030934633142096164
7352_liver_sham_Male_2-U1,tierA_p95,Hepatocytes,secondary_senescence,N1,30.0,35.0,-0.03154630228774277,-0.032053852658097896,-0.03102018047525001
7352_liver_sham_Male_2-U1,tierA_p95,Hepatocytes,secondary_senescence,N1,35.0,40.0,-0.031589265468573616,-0.03216894847070557,-0.031049730329372135
7352_liver_sham_Male_2-U1,tierA_p95,Hepatocytes,secondary_senescence,N1,40.0,45.0,-0.03156676666703008,-0.03215079102817332,-0.030965919873571168
7352_liver_sham_Male_2-U1,tierA_p95,Hepatocytes,secondary_senescence,N1,45.0,50.0,-0.03153475814000406,-0.03218956208740903,-0.03084415395474496
7352_liver_sham_Male_2-U1,tierA_p95,Hepatocytes,secondary_senescence,N1,50.0,55.0,-0.03163038930087157,-0.032431693061486744,-0.03085730437188061
7352_liver_sham_Male_2-U1,tierA_p95,Hepatocytes,secondary_senescence,N1,55.0,60.0,-0.03154040452217272,-0.032465007483785745,-0.030676050091296682
7352_liver_sham_Male_2-U1,tierA_p95,Hepatocytes,secondary_senescence,N1,60.0,65.0,-0.03160388985014995,-0.032693300416219186,-0.030573080205133007
7352_liver_sham_Male_2-U1,tierA_p95,Hepatocytes,secondary_senescence,N1,65.0,70.0,-0.03156057761173889,-0.032738107189992406,-0.030323408474748136
7352_liver_sham_Male_2-U1,tierA_p95,Hepatocytes,secondary_senescence,N1,70.0,75.0,-0.031447258403306956,-0.03283521951541119,-0.030003413486822894
7352_liver_sham_Male_2-U1,tierA_p95,Hepatocytes,secondary_senescence,N1,75.0,80.0,-0.03153536439181177,-0.03323974819210619,-0.029752275727951142
7352_liver_sham_Male_2-U1,tierA_p95,Hepatocytes,secondary_senescence,N1,80.0,85.0,-0.03150995937770974,-0.033659520127876784,-0.02929278636266181
7352_liver_sham_Male_2-U1,tierA_p95,Hepatocytes,secondary_senescence,N1,85.0,90.0,-0.03140725348678027,-0.03394803486545306,-0.028779922771274245
7352_liver_sham_Male_2-U1,tierA_p95,Hepatocytes,secondary_senescence,N1,90.0,95.0,-0.03135211607204468,-0.034416169188038026,-0.028024665394382933
7352_liver_sham_Male_2-U1,tierA_p95,Hepatocytes,secondary_senescence,N1,95.0,100.0,-0.03108628562162375,-0.033793960029596684,-0.028291605154494793
7352_liver_sham_Male_2-U1,tierA_p95,Hepatocytes,tnfa_nfkb_proximal,N1,0.0,5.0,-0.01590417143892187,-0.016409311242021694,-0.015360439477268442
7352_liver_sham_Male_2-U1,tierA_p95,Hepatocytes,tnfa_nfkb_proximal,N1,5.0,10.0,-0.014924218340425108,-0.015814914781801873,-0.014025246099799863
7352_liver_sham_Male_2-U1,tierA_p95,Hepatocytes,tnfa_nfkb_proximal,N1,10.0,15.0,-0.015862697914121468,-0.016243703890478852,-0.015445659302237305
7352_liver_sham_Male_2-U1,tierA_p95,Hepatocytes,tnfa_nfkb_proximal,N1,15.0,20.0,-0.016019002391601284,-0.01636940337121267,-0.01567780824780856
7352_liver_sham_Male_2-U1,tierA_p95,Hepatocytes,tnfa_nfkb_proximal,N1,20.0,25.0,-0.015996030169474124,-0.016326305961326434,-0.01565347782960117
7352_liver_sham_Male_2-U1,tierA_p95,Hepatocytes,tnfa_nfkb_proximal,N1,25.0,30.0,-0.016065989055466953,-0.016412939705449596,-0.015729507666776603
7352_liver_sham_Male_2-U1,tierA_p95,Hepatocytes,tnfa_nfkb_proximal,N1,30.0,35.0,-0.016027810137524762,-0.016373216000882276,-0.015681241064471375
7352_liver_sham_Male_2-U1,tierA_p95,Hepatocytes,tnfa_nfkb_proximal,N1,35.0,40.0,-0.016027375041476964,-0.01638256765023473,-0.015692021918923934
7352_liver_sham_Male_2-U1,tierA_p95,Hepatocytes,tnfa_nfkb_proximal,N1,40.0,45.0,-0.015976881909398652,-0.016391963544725528,-0.015544657989083664
7352_liver_sham_Male_2-U1,tierA_p95,Hepatocytes,tnfa_nfkb_proximal,N1,45.0,50.0,-0.01597294445078372,-0.016379982207793114,-0.015516706493864949
7352_liver_sham_Male_2-U1,tierA_p95,Hepatocytes,tnfa_nfkb_proximal,N1,50.0,55.0,-0.01591375696740038,-0.016422673583937456,-0.015418586457292565
7352_liver_sham_Male_2-U1,tierA_p95,Hepatocytes,tnfa_nfkb_proximal,N1,55.0,60.0,-0.01587921398126614,-0.01642988950264177,-0.015313996618617156
7352_liver_sham_Male_2-U1,tierA_p95,Hepatocytes,tnfa_nfkb_proximal,N1,60.0,65.0,-0.015776899062217117,-0.01645092955013096,-0.015111893424195251
7352_liver_sham_Male_2-U1,tierA_p95,Hepatocytes,tnfa_nfkb_proximal,N1,65.0,70.0,-0.015694792044542775,-0.01647937697633119,-0.01488827971169242
7352_liver_sham_Male_2-U1,tierA_p95,Hepatocytes,tnfa_nfkb_proximal,N1,70.0,75.0,-0.015654320903989404,-0.016551870601483925,-0.01471803982173924
7352_liver_sham_Male_2-U1,tierA_p95,Hepatocytes,tnfa_nfkb_proximal,N1,75.0,80.0,-0.01557061417896179,-0.016775429751558973,-0.014465716930066222
7352_liver_sham_Male_2-U1,tierA_p95,Hepatocytes,tnfa_nfkb_proximal,N1,80.0,85.0,-0.01551052047579458,-0.016998100977095934,-0.014048232046693119
7352_liver_sham_Male_2-U1,tierA_p95,Hepatocytes,tnfa_nfkb_proximal,N1,85.0,90.0,-0.015398056410297045,-0.01711591802615408,-0.013710221773053416
7352_liver_sham_Male_2-U1,tierA_p95,Hepatocytes,tnfa_nfkb_proximal,N1,90.0,95.0,-0.015288068808108676,-0.01756383358337805,-0.013165672417651245
7352_liver_sham_Male_2-U1,tierA_p95,Hepatocytes,tnfa_nfkb_proximal,N1,95.0,100.0,-0.014964455441994708,-0.016856350579186365,-0.013116856687368643
7352_liver_sham_Male_2-U1,tierA_p95,Hepatocytes,downstream_arrest,N3,0.0,5.0,0.003899172010020445,0.0028298313814886494,0.004935500055821768
7352_liver_sham_Male_2-U1,tierA_p95,Hepatocytes,downstream_arrest,N3,5.0,10.0,0.0038879489786142773,0.003228856574962763,0.0046204570935692
7352_liver_sham_Male_2-U1,tierA_p95,Hepatocytes,downstream_arrest,N3,10.0,15.0,0.003890050483143158,0.003233393576030936,0.004489967384355466
7352_liver_sham_Male_2-U1,tierA_p95,Hepatocytes,downstream_arrest,N3,15.0,20.0,0.003879083328278794,0.0033496568799480752,0.004422506380187537
7352_liver_sham_Male_2-U1,tierA_p95,Hepatocytes,downstream_arrest,N3,20.0,25.0,0.0038883100142205165,0.0033421240700806975,0.0044231279812486125
7352_liver_sham_Male_2-U1,tierA_p95,Hepatocytes,downstream_arrest,N3,25.0,30.0,0.0038966965720852215,0.0033539730594309724,0.004434660814817905
7352_liver_sham_Male_2-U1,tierA_p95,Hepatocytes,downstream_arrest,N3,30.0,35.0,0.0038962152153248918,0.0033417019871350108,0.004424230673513478
7352_liver_sham_Male_2-U1,tierA_p95,Hepatocytes,downstream_arrest,N3,35.0,40.0,0.0038887717452730304,0.00341017159324887,0.0044776490627894934
7352_liver_sham_Male_2-U1,tierA_p95,Hepatocytes,downstream_arrest,N3,40.0,45.0,0.0038877178701735987,0.00337440248835661,0.004404947890412292
7352_liver_sham_Male_2-U1,tierA_p95,Hepatocytes,downstream_arrest,N3,45.0,50.0,0.0038875185965893547,0.00331027940775035,0.004538239042926675
7352_liver_sham_Male_2-U1,tierA_p95,Hepatocytes,downstream_arrest,N3,50.0,55.0,0.0038798045972087496,0.0032961432988709407,0.00454604904691285
7352_liver_sham_Male_2-U1,tierA_p95,Hepatocytes,downstream_arrest,N3,55.0,60.0,0.003875643805992213,0.0032398940104282903,0.004546355760278428
7352_liver_sham_Male_2-U1,tierA_p95,Hepatocytes,downstream_arrest,N3,60.0,65.0,0.0038597720352830183,0.0031115547141304985,0.004595930107441075
7352_liver_sham_Male_2-U1,tierA_p95,Hepatocytes,downstream_arrest,N3,65.0,70.0,0.0038664694393992748,0.0030901602037981036,0.004666481709027974
7352_liver_sham_Male_2-U1,tierA_p95,Hepatocytes,downstream_arrest,N3,70.0,75.0,0.0038817700855556686,0.0029397252133103726,0.004790937494600285
7352_liver_sham_Male_2-U1,tierA_p95,Hepatocytes,downstream_arrest,N3,75.0,80.0,0.0038767072744694034,0.0028023174786722125,0.004863278139403152
7352_liver_sham_Male_2-U1,tierA_p95,Hepatocytes,downstream_arrest,N3,80.0,85.0,0.0038601215651314206,0.0026809489141591935,0.00499059543187487
7352_liver_sham_Male_2-U1,tierA_p95,Hepatocytes,downstream_arrest,N3,85.0,90.0,0.0038773021748056127,0.0026389186243192028,0.005055963802731767
7352_liver_sham_Male_2-U1,tierA_p95,Hepatocytes,downstream_arrest,N3,90.0,95.0,0.0038506610295534448,0.0024204324117214206,0.0052911051011042785
7352_liver_sham_Male_2-U1,tierA_p95,Hepatocytes,downstream_arrest,N3,95.0,100.0,0.003912466573479558,0.003093302376700774,0.005069455487569268
7352_liver_sham_Male_2-U1,tierA_p95,Hepatocytes,emt_ecm,N3,0.0,5.0,0.0013029483658951642,-3.1763801390142723e-05,0.0026660427499254776
7352_liver_sham_Male_2-U1,tierA_p95,Hepatocytes,emt_ecm,N3,5.0,10.0,0.0012883169531665056,0.00027998368595588094,0.0023876031274600966
7352_liver_sham_Male_2-U1,tierA_p95,Hepatocytes,emt_ecm,N3,10.0,15.0,0.001299079296856112,0.00041377909889280494,0.002384895370938575
7352_liver_sham_Male_2-U1,tierA_p95,Hepatocytes,emt_ecm,N3,15.0,20.0,0.0013037311328210042,0.0005120913036940439,0.0023197012237019666
7352_liver_sham_Male_2-U1,tierA_p95,Hepatocytes,emt_ecm,N3,20.0,25.0,0.0013031156269636003,0.000474916473117318,0.0023571509441403272
7352_liver_sham_Male_2-U1,tierA_p95,Hepatocytes,emt_ecm,N3,25.0,30.0,0.0012911756479659963,0.00042613618997579174,0.0023162135022412257
7352_liver_sham_Male_2-U1,tierA_p95,Hepatocytes,emt_ecm,N3,30.0,35.0,0.0013139730606091366,0.0004683776135441177,0.0023488915516847566
7352_liver_sham_Male_2-U1,tierA_p95,Hepatocytes,emt_ecm,N3,35.0,40.0,0.001307128939458816,0.0004384398326618686,0.0023833414561851987
7352_liver_sham_Male_2-U1,tierA_p95,Hepatocytes,emt_ecm,N3,40.0,45.0,0.0012995909512372452,0.0003709383505556928,0.0023976095279476493
7352_liver_sham_Male_2-U1,tierA_p95,Hepatocytes,emt_ecm,N3,45.0,50.0,0.0012999216414639177,0.0002865677811385758,0.0024254630058284056
7352_liver_sham_Male_2-U1,tierA_p95,Hepatocytes,emt_ecm,N3,50.0,55.0,0.0013300784608362727,0.0003277278800832519,0.0024527347283167388
7352_liver_sham_Male_2-U1,tierA_p95,Hepatocytes,emt_ecm,N3,55.0,60.0,0.0013073661118722306,0.0002430792686104615,0.0025239153181381515
7352_liver_sham_Male_2-U1,tierA_p95,Hepatocytes,emt_ecm,N3,60.0,65.0,0.0013341790387800686,0.0001927714474073562,0.0025846777288051795
7352_liver_sham_Male_2-U1,tierA_p95,Hepatocytes,emt_ecm,N3,65.0,70.0,0.0013144414646416064,0.00010238133968212936,0.002500154066653961
7352_liver_sham_Male_2-U1,tierA_p95,Hepatocytes,emt_ecm,N3,70.0,75.0,0.0013107537560088057,4.682371812736886e-05,0.0025727864130843723
7352_liver_sham_Male_2-U1,tierA_p95,Hepatocytes,emt_ecm,N3,75.0,80.0,0.0013266948411570015,1.420879733591501e-05,0.002701012674754134
7352_liver_sham_Male_2-U1,tierA_p95,Hepatocytes,emt_ecm,N3,80.0,85.0,0.0013179648028339597,-0.00018978938995509992,0.00271210190117428
7352_liver_sham_Male_2-U1,tierA_p95,Hepatocytes,emt_ecm,N3,85.0,90.0,0.0013403009034521501,-0.00021891546795028895,0.0029255142693117384
7352_liver_sham_Male_2-U1,tierA_p95,Hepatocytes,emt_ecm,N3,90.0,95.0,0.0013709505151161395,-0.0003546428247106333,0.0031197767174487227
7352_liver_sham_Male_2-U1,tierA_p95,Hepatocytes,emt_ecm,N3,95.0,100.0,0.001268618748276237,-0.0016451931289393647,0.002847915724773469
7352_liver_sham_Male_2-U1,tierA_p95,Hepatocytes,il6_jak_stat3,N3,0.0,5.0,-0.03047835401408566,-0.0319449999050982,-0.028843927698058672
7352_liver_sham_Male_2-U1,tierA_p95,Hepatocytes,il6_jak_stat3,N3,5.0,10.0,-0.030510281974292085,-0.031358670796576164,-0.02957876809708658
7352_liver_sham_Male_2-U1,tierA_p95,Hepatocytes,il6_jak_stat3,N3,10.0,15.0,-0.030514509116085053,-0.03132216208777064,-0.02961306059361585
7352_liver_sham_Male_2-U1,tierA_p95,Hepatocytes,il6_jak_stat3,N3,15.0,20.0,-0.03051528523151542,-0.03122133647249497,-0.029740739162585593
7352_liver_sham_Male_2-U1,tierA_p95,Hepatocytes,il6_jak_stat3,N3,20.0,25.0,-0.030519432032340532,-0.031177016856387896,-0.02976326245468995
7352_liver_sham_Male_2-U1,tierA_p95,Hepatocytes,il6_jak_stat3,N3,25.0,30.0,-0.030526506487340954,-0.031235290271220007,-0.029810331794650598
7352_liver_sham_Male_2-U1,tierA_p95,Hepatocytes,il6_jak_stat3,N3,30.0,35.0,-0.03052213478852606,-0.031232537417583,-0.02982853872188397
7352_liver_sham_Male_2-U1,tierA_p95,Hepatocytes,il6_jak_stat3,N3,35.0,40.0,-0.030497045221512836,-0.031221038988239625,-0.029680204782644163
7352_liver_sham_Male_2-U1,tierA_p95,Hepatocytes,il6_jak_stat3,N3,40.0,45.0,-0.030502490606207654,-0.031197320540138195,-0.02971350102797611
7352_liver_sham_Male_2-U1,tierA_p95,Hepatocytes,il6_jak_stat3,N3,45.0,50.0,-0.030505298290966834,-0.03129713340548231,-0.0295792460142325
7352_liver_sham_Male_2-U1,tierA_p95,Hepatocytes,il6_jak_stat3,N3,50.0,55.0,-0.030479687447812015,-0.031328267540489126,-0.029494536109480166
7352_liver_sham_Male_2-U1,tierA_p95,Hepatocytes,il6_jak_stat3,N3,55.0,60.0,-0.030508553382642176,-0.03146477578242729,-0.029431655999499904
7352_liver_sham_Male_2-U1,tierA_p95,Hepatocytes,il6_jak_stat3,N3,60.0,65.0,-0.030494067610189576,-0.031506647705093545,-0.029372891977289824
7352_liver_sham_Male_2-U1,tierA_p95,Hepatocytes,il6_jak_stat3,N3,65.0,70.0,-0.03052271757226727,-0.03166142476697669,-0.029189305408865662
7352_liver_sham_Male_2-U1,tierA_p95,Hepatocytes,il6_jak_stat3,N3,70.0,75.0,-0.030521959406227435,-0.031764741556768936,-0.029098643668785368
7352_liver_sham_Male_2-U1,tierA_p95,Hepatocytes,il6_jak_stat3,N3,75.0,80.0,-0.030497227098904497,-0.0319057566113821,-0.02893801032721713
7352_liver_sham_Male_2-U1,tierA_p95,Hepatocytes,il6_jak_stat3,N3,80.0,85.0,-0.0305014888033917,-0.0320326526407168,-0.02872005461389112
7352_liver_sham_Male_2-U1,tierA_p95,Hepatocytes,il6_jak_stat3,N3,85.0,90.0,-0.030524976824833145,-0.032381426533194375,-0.028606924829713193
7352_liver_sham_Male_2-U1,tierA_p95,Hepatocytes,il6_jak_stat3,N3,90.0,95.0,-0.03046457459215981,-0.032471571689767144,-0.028345498062580802
7352_liver_sham_Male_2-U1,tierA_p95,Hepatocytes,il6_jak_stat3,N3,95.0,100.0,-0.030448289153919107,-0.031235004970829094,-0.029487873929814803
7352_liver_sham_Male_2-U1,tierA_p95,Hepatocytes,interferon_response,N3,0.0,5.0,-0.0016477415792535267,-0.003163882063796372,-4.5312529721298146e-05
7352_liver_sham_Male_2-U1,tierA_p95,Hepatocytes,interferon_response,N3,5.0,10.0,-0.0016596748617159404,-0.002704685966182278,-0.0006480281104538547
7352_liver_sham_Male_2-U1,tierA_p95,Hepatocytes,interferon_response,N3,10.0,15.0,-0.0016477965156138949,-0.0025684906184114805,-0.0006874356700669101
7352_liver_sham_Male_2-U1,tierA_p95,Hepatocytes,interferon_response,N3,15.0,20.0,-0.0016492729922723116,-0.0025496914943817163,-0.0008115804115990072
7352_liver_sham_Male_2-U1,tierA_p95,Hepatocytes,interferon_response,N3,20.0,25.0,-0.001657422354597021,-0.002501763688647113,-0.0007637421909189648
7352_liver_sham_Male_2-U1,tierA_p95,Hepatocytes,interferon_response,N3,25.0,30.0,-0.0016764140545555515,-0.002461615174829348,-0.0008485824292899714
7352_liver_sham_Male_2-U1,tierA_p95,Hepatocytes,interferon_response,N3,30.0,35.0,-0.001650353909595183,-0.002442919114514047,-0.0008961368953639126
7352_liver_sham_Male_2-U1,tierA_p95,Hepatocytes,interferon_response,N3,35.0,40.0,-0.001645849103961958,-0.0023961767171034316,-0.0008875573396317989
7352_liver_sham_Male_2-U1,tierA_p95,Hepatocytes,interferon_response,N3,40.0,45.0,-0.001651804534444803,-0.002419679353335478,-0.0007924623940156522
7352_liver_sham_Male_2-U1,tierA_p95,Hepatocytes,interferon_response,N3,45.0,50.0,-0.0016671864111226134,-0.0024830727493770108,-0.0008587979637034532
7352_liver_sham_Male_2-U1,tierA_p95,Hepatocytes,interferon_response,N3,50.0,55.0,-0.0016538959170813246,-0.0025141202650500512,-0.0006607742431709411
7352_liver_sham_Male_2-U1,tierA_p95,Hepatocytes,interferon_response,N3,55.0,60.0,-0.0016738817101326986,-0.002652700380818576,-0.0006334724002465299
7352_liver_sham_Male_2-U1,tierA_p95,Hepatocytes,interferon_response,N3,60.0,65.0,-0.0016517074042825084,-0.0027413254885437347,-0.0004509145984136439
7352_liver_sham_Male_2-U1,tierA_p95,Hepatocytes,interferon_response,N3,65.0,70.0,-0.001678817119877226,-0.002845102256996764,-0.00034259018855802
7352_liver_sham_Male_2-U1,tierA_p95,Hepatocytes,interferon_response,N3,70.0,75.0,-0.0016612661694706708,-0.003034828709593652,-8.336804492787741e-05
7352_liver_sham_Male_2-U1,tierA_p95,Hepatocytes,interferon_response,N3,75.0,80.0,-0.0016253838514544193,-0.003189403603020363,4.792984285644963e-05
7352_liver_sham_Male_2-U1,tierA_p95,Hepatocytes,interferon_response,N3,80.0,85.0,-0.0016454846578450736,-0.0034320467986844803,0.00039896203495146814
7352_liver_sham_Male_2-U1,tierA_p95,Hepatocytes,interferon_response,N3,85.0,90.0,-0.001660352847423662,-0.0037902960523050703,0.0004775823409905519
7352_liver_sham_Male_2-U1,tierA_p95,Hepatocytes,interferon_response,N3,90.0,95.0,-0.001676436287936528,-0.0038337486234174194,0.0008396692656716593
7352_liver_sham_Male_2-U1,tierA_p95,Hepatocytes,interferon_response,N3,95.0,100.0,-0.0016395174285338343,-0.002520901300968605,-0.0003250295981914632
7352_liver_sham_Male_2-U1,tierA_p95,Hepatocytes,oxidative_stress,N3,0.0,5.0,0.11804022015040655,0.11427174885110174,0.12213260452762713
7352_liver_sham_Male_2-U1,tierA_p95,Hepatocytes,oxidative_stress,N3,5.0,10.0,0.11807508722217017,0.1152780395191979,0.12114730329874163
7352_liver_sham_Male_2-U1,tierA_p95,Hepatocytes,oxidative_stress,N3,10.0,15.0,0.11804945032093739,0.1156230601030866,0.12092049735585843
7352_liver_sham_Male_2-U1,tierA_p95,Hepatocytes,oxidative_stress,N3,15.0,20.0,0.11804937061762837,0.11575285417046328,0.1206712943325778
7352_liver_sham_Male_2-U1,tierA_p95,Hepatocytes,oxidative_stress,N3,20.0,25.0,0.11807119986659986,0.11584648079874384,0.12082286543461679
7352_liver_sham_Male_2-U1,tierA_p95,Hepatocytes,oxidative_stress,N3,25.0,30.0,0.1180415884465867,0.11585921334313551,0.12081820105387554
7352_liver_sham_Male_2-U1,tierA_p95,Hepatocytes,oxidative_stress,N3,30.0,35.0,0.11801593581439951,0.1155813545356287,0.12069752162568502
7352_liver_sham_Male_2-U1,tierA_p95,Hepatocytes,oxidative_stress,N3,35.0,40.0,0.11804575236426718,0.11552453736245136,0.12083869616168984
7352_liver_sham_Male_2-U1,tierA_p95,Hepatocytes,oxidative_stress,N3,40.0,45.0,0.1180424789058153,0.11543830323211857,0.12113936601314561
7352_liver_sham_Male_2-U1,tierA_p95,Hepatocytes,oxidative_stress,N3,45.0,50.0,0.11799507512861282,0.11527720867918803,0.12109524595431241
7352_liver_sham_Male_2-U1,tierA_p95,Hepatocytes,oxidative_stress,N3,50.0,55.0,0.11804093030270212,0.11515016202102851,0.12124727688914715
7352_liver_sham_Male_2-U1,tierA_p95,Hepatocytes,oxidative_stress,N3,55.0,60.0,0.11798807458096332,0.11471962642878664,0.12122292143181324
7352_liver_sham_Male_2-U1,tierA_p95,Hepatocytes,oxidative_stress,N3,60.0,65.0,0.11796485097880367,0.11465542129698607,0.12144032061512461
7352_liver_sham_Male_2-U1,tierA_p95,Hepatocytes,oxidative_stress,N3,65.0,70.0,0.11798462419829,0.11419441661469548,0.12165688464552482
7352_liver_sham_Male_2-U1,tierA_p95,Hepatocytes,oxidative_stress,N3,70.0,75.0,0.11803913189073051,0.1141661114794628,0.12188021682872635
7352_liver_sham_Male_2-U1,tierA_p95,Hepatocytes,oxidative_stress,N3,75.0,80.0,0.11793145929339947,0.11364810285582856,0.12186892886349557
7352_liver_sham_Male_2-U1,tierA_p95,Hepatocytes,oxidative_stress,N3,80.0,85.0,0.11788844130514715,0.11327138545726706,0.12237194670021802
7352_liver_sham_Male_2-U1,tierA_p95,Hepatocytes,oxidative_stress,N3,85.0,90.0,0.11804192764029177,0.11344972662168272,0.12264259821285599
7352_liver_sham_Male_2-U1,tierA_p95,Hepatocytes,oxidative_stress,N3,90.0,95.0,0.11791017040491762,0.11276890949724573,0.12317026095431807
7352_liver_sham_Male_2-U1,tierA_p95,Hepatocytes,oxidative_stress,N3,95.0,100.0,0.11782206288216379,0.11244845674779856,0.12308241755130295
7352_liver_sham_Male_2-U1,tierA_p95,Hepatocytes,secondary_senescence,N3,0.0,5.0,-0.03140155106302644,-0.033130808641352684,-0.029546820120687597
7352_liver_sham_Male_2-U1,tierA_p95,Hepatocytes,secondary_senescence,N3,5.0,10.0,-0.03145703541569943,-0.03262924755894452,-0.030323508984059496
7352_liver_sham_Male_2-U1,tierA_p95,Hepatocytes,secondary_senescence,N3,10.0,15.0,-0.03143835153286883,-0.032406354880363544,-0.030442841777096233
7352_liver_sham_Male_2-U1,tierA_p95,Hepatocytes,secondary_senescence,N3,15.0,20.0,-0.031432879854888844,-0.03233731659844135,-0.030483398814670035
7352_liver_sham_Male_2-U1,tierA_p95,Hepatocytes,secondary_senescence,N3,20.0,25.0,-0.03143718592089281,-0.032266683662544655,-0.030507348370975237
7352_liver_sham_Male_2-U1,tierA_p95,Hepatocytes,secondary_senescence,N3,25.0,30.0,-0.03142379820201228,-0.032316287654873786,-0.030455020757227273
7352_liver_sham_Male_2-U1,tierA_p95,Hepatocytes,secondary_senescence,N3,30.0,35.0,-0.03141973885268606,-0.032259550915199664,-0.030492004716662885
7352_liver_sham_Male_2-U1,tierA_p95,Hepatocytes,secondary_senescence,N3,35.0,40.0,-0.03143125881302095,-0.03232222959634254,-0.030457545451842902
7352_liver_sham_Male_2-U1,tierA_p95,Hepatocytes,secondary_senescence,N3,40.0,45.0,-0.031408491695316114,-0.0323672704674199,-0.030335185406891018
7352_liver_sham_Male_2-U1,tierA_p95,Hepatocytes,secondary_senescence,N3,45.0,50.0,-0.03144868817855196,-0.032518904219268084,-0.030339788896804287
7352_liver_sham_Male_2-U1,tierA_p95,Hepatocytes,secondary_senescence,N3,50.0,55.0,-0.03140096760246997,-0.03253482999732629,-0.030176279201030044
7352_liver_sham_Male_2-U1,tierA_p95,Hepatocytes,secondary_senescence,N3,55.0,60.0,-0.03144385892726972,-0.03269743058765334,-0.030175438593230967
7352_liver_sham_Male_2-U1,tierA_p95,Hepatocytes,secondary_senescence,N3,60.0,65.0,-0.03141256486426199,-0.03278220258515391,-0.030041760764605237
7352_liver_sham_Male_2-U1,tierA_p95,Hepatocytes,secondary_senescence,N3,65.0,70.0,-0.031419529288241266,-0.0328436117760011,-0.03001094136811438
7352_liver_sham_Male_2-U1,tierA_p95,Hepatocytes,secondary_senescence,N3,70.0,75.0,-0.03139088478086119,-0.03301249293546864,-0.029741027468623036
7352_liver_sham_Male_2-U1,tierA_p95,Hepatocytes,secondary_senescence,N3,75.0,80.0,-0.031416377970255246,-0.03324102249852302,-0.029418973027543528
7352_liver_sham_Male_2-U1,tierA_p95,Hepatocytes,secondary_senescence,N3,80.0,85.0,-0.03138004703983469,-0.033261702508018375,-0.02927697234213453
7352_liver_sham_Male_2-U1,tierA_p95,Hepatocytes,secondary_senescence,N3,85.0,90.0,-0.03139493143351563,-0.03356088926791093,-0.029036438688481755
7352_liver_sham_Male_2-U1,tierA_p95,Hepatocytes,secondary_senescence,N3,90.0,95.0,-0.0314879660303587,-0.03383638723003816,-0.029000228199023446
7352_liver_sham_Male_2-U1,tierA_p95,Hepatocytes,secondary_senescence,N3,95.0,100.0,-0.03139496403721462,-0.033098747741518664,-0.030146117428329816
7352_liver_sham_Male_2-U1,tierA_p95,Hepatocytes,tnfa_nfkb_proximal,N3,0.0,5.0,-0.015917945769603543,-0.01710220074084813,-0.01461707235753216
7352_liver_sham_Male_2-U1,tierA_p95,Hepatocytes,tnfa_nfkb_proximal,N3,5.0,10.0,-0.015935515447371266,-0.016772796779419133,-0.015023227393399941
7352_liver_sham_Male_2-U1,tierA_p95,Hepatocytes,tnfa_nfkb_proximal,N3,10.0,15.0,-0.015934421094387523,-0.01673161494491847,-0.015036494546980046
7352_liver_sham_Male_2-U1,tierA_p95,Hepatocytes,tnfa_nfkb_proximal,N3,15.0,20.0,-0.015926629109350415,-0.01670716065319722,-0.015121512283798039
7352_liver_sham_Male_2-U1,tierA_p95,Hepatocytes,tnfa_nfkb_proximal,N3,20.0,25.0,-0.015945705824681196,-0.016715654339050975,-0.015129200606735664
7352_liver_sham_Male_2-U1,tierA_p95,Hepatocytes,tnfa_nfkb_proximal,N3,25.0,30.0,-0.01593513108442809,-0.016699661333871477,-0.0151181341867366
7352_liver_sham_Male_2-U1,tierA_p95,Hepatocytes,tnfa_nfkb_proximal,N3,30.0,35.0,-0.0159183649105566,-0.016671757808625724,-0.015081879724695551
7352_liver_sham_Male_2-U1,tierA_p95,Hepatocytes,tnfa_nfkb_proximal,N3,35.0,40.0,-0.015934717393841783,-0.016723715830716884,-0.015134412604876635
7352_liver_sham_Male_2-U1,tierA_p95,Hepatocytes,tnfa_nfkb_proximal,N3,40.0,45.0,-0.015927483351101338,-0.0168230752660756,-0.014948310551479082
7352_liver_sham_Male_2-U1,tierA_p95,Hepatocytes,tnfa_nfkb_proximal,N3,45.0,50.0,-0.015924893419423117,-0.016810921600937702,-0.014884362067758412
7352_liver_sham_Male_2-U1,tierA_p95,Hepatocytes,tnfa_nfkb_proximal,N3,50.0,55.0,-0.015905440856446185,-0.016826827604323052,-0.01488041678080083
7352_liver_sham_Male_2-U1,tierA_p95,Hepatocytes,tnfa_nfkb_proximal,N3,55.0,60.0,-0.015926469074243842,-0.016874566277084245,-0.014755240246738757
7352_liver_sham_Male_2-U1,tierA_p95,Hepatocytes,tnfa_nfkb_proximal,N3,60.0,65.0,-0.015915557774752887,-0.01693354417195813,-0.014778120840643895
7352_liver_sham_Male_2-U1,tierA_p95,Hepatocytes,tnfa_nfkb_proximal,N3,65.0,70.0,-0.015924628386704075,-0.017030641342998143,-0.014651982812357968
7352_liver_sham_Male_2-U1,tierA_p95,Hepatocytes,tnfa_nfkb_proximal,N3,70.0,75.0,-0.015924159338305818,-0.017133887323377905,-0.014614581445798766
7352_liver_sham_Male_2-U1,tierA_p95,Hepatocytes,tnfa_nfkb_proximal,N3,75.0,80.0,-0.015902495300435252,-0.01720166469002195,-0.014533379729546063
7352_liver_sham_Male_2-U1,tierA_p95,Hepatocytes,tnfa_nfkb_proximal,N3,80.0,85.0,-0.01590666249217302,-0.01732597978797675,-0.014382614447155455
7352_liver_sham_Male_2-U1,tierA_p95,Hepatocytes,tnfa_nfkb_proximal,N3,85.0,90.0,-0.015912838204943824,-0.01742969307471131,-0.014414013612552708
7352_liver_sham_Male_2-U1,tierA_p95,Hepatocytes,tnfa_nfkb_proximal,N3,90.0,95.0,-0.015916835715779936,-0.017534920274616787,-0.014127313341301042
7352_liver_sham_Male_2-U1,tierA_p95,Hepatocytes,tnfa_nfkb_proximal,N3,95.0,100.0,-0.015847251662074312,-0.017518935153172693,-0.0144028352688692
7352_liver_sham_Male_2-U1,tierA_p95,Hepatocytes,downstream_arrest,N4,0.0,5.0,0.0038599306025558218,0.0029177577349045803,0.004785741424598394
7352_liver_sham_Male_2-U1,tierA_p95,Hepatocytes,downstream_arrest,N4,5.0,10.0,0.003889792629745655,0.0033181899806321025,0.004473433744476457
7352_liver_sham_Male_2-U1,tierA_p95,Hepatocytes,downstream_arrest,N4,10.0,15.0,0.0038639607010610712,0.0033867725344067256,0.004293987149449592
7352_liver_sham_Male_2-U1,tierA_p95,Hepatocytes,downstream_arrest,N4,15.0,20.0,0.0038669209576165215,0.0034413354837014034,0.0042752503782126665
7352_liver_sham_Male_2-U1,tierA_p95,Hepatocytes,downstream_arrest,N4,20.0,25.0,0.0038475567074779233,0.003494899477772279,0.004226351342147639
7352_liver_sham_Male_2-U1,tierA_p95,Hepatocytes,downstream_arrest,N4,25.0,30.0,0.0038422141360235063,0.003496318984445192,0.004209179845981875
7352_liver_sham_Male_2-U1,tierA_p95,Hepatocytes,downstream_arrest,N4,30.0,35.0,0.003823564521733577,0.003488876321830545,0.004182208509327074
7352_liver_sham_Male_2-U1,tierA_p95,Hepatocytes,downstream_arrest,N4,35.0,40.0,0.003806901409862752,0.003452653858742216,0.00416002587262179
7352_liver_sham_Male_2-U1,tierA_p95,Hepatocytes,downstream_arrest,N4,40.0,45.0,0.003814382418904051,0.0034096594658130468,0.004210633250623812
7352_liver_sham_Male_2-U1,tierA_p95,Hepatocytes,downstream_arrest,N4,45.0,50.0,0.003807145681373628,0.003377180659317178,0.004234521947194443
7352_liver_sham_Male_2-U1,tierA_p95,Hepatocytes,downstream_arrest,N4,50.0,55.0,0.0037951067471694937,0.0033322399361525247,0.004263861274194503
7352_liver_sham_Male_2-U1,tierA_p95,Hepatocytes,downstream_arrest,N4,55.0,60.0,0.0037983689131023952,0.0032586041815538093,0.00433940748982367
7352_liver_sham_Male_2-U1,tierA_p95,Hepatocytes,downstream_arrest,N4,60.0,65.0,0.003823720788923036,0.003281744148059241,0.004374831843298466
7352_liver_sham_Male_2-U1,tierA_p95,Hepatocytes,downstream_arrest,N4,65.0,70.0,0.0038433537748483763,0.003182299676062149,0.004546980037476387
7352_liver_sham_Male_2-U1,tierA_p95,Hepatocytes,downstream_arrest,N4,70.0,75.0,0.0038949085758992357,0.003121930119184288,0.004614024357387648
7352_liver_sham_Male_2-U1,tierA_p95,Hepatocytes,downstream_arrest,N4,75.0,80.0,0.003921922994998266,0.0030466672934419594,0.004790917541574276
7352_liver_sham_Male_2-U1,tierA_p95,Hepatocytes,downstream_arrest,N4,80.0,85.0,0.003994748332816738,0.0030111582741030583,0.0049761742662266855
7352_liver_sham_Male_2-U1,tierA_p95,Hepatocytes,downstream_arrest,N4,85.0,90.0,0.00408277087612119,0.0029667453506479376,0.005234434069785524
7352_liver_sham_Male_2-U1,tierA_p95,Hepatocytes,downstream_arrest,N4,90.0,95.0,0.004108422380017472,0.0026767282348865787,0.005522254177121456
7352_liver_sham_Male_2-U1,tierA_p95,Hepatocytes,downstream_arrest,N4,95.0,100.0,0.0040848852546651136,0.003546432392334265,0.0049845182132877775
7352_liver_sham_Male_2-U1,tierA_p95,Hepatocytes,emt_ecm,N4,0.0,5.0,0.0014598154001840742,0.0004110648508747894,0.0024997966380969545
7352_liver_sham_Male_2-U1,tierA_p95,Hepatocytes,emt_ecm,N4,5.0,10.0,0.0014905458442138885,0.0007141540147905252,0.002188773799260617
7352_liver_sham_Male_2-U1,tierA_p95,Hepatocytes,emt_ecm,N4,10.0,15.0,0.0015023582993408718,0.0008675691659197297,0.0020622760390409034
7352_liver_sham_Male_2-U1,tierA_p95,Hepatocytes,emt_ecm,N4,15.0,20.0,0.001522313185253986,0.0009359546385084843,0.0020283339155594622
7352_liver_sham_Male_2-U1,tierA_p95,Hepatocytes,emt_ecm,N4,20.0,25.0,0.001543536090027355,0.0009666774739115992,0.002030021209737403
7352_liver_sham_Male_2-U1,tierA_p95,Hepatocytes,emt_ecm,N4,25.0,30.0,0.0015567549667272042,0.0010363956355868911,0.002032461084745062
7352_liver_sham_Male_2-U1,tierA_p95,Hepatocytes,emt_ecm,N4,30.0,35.0,0.0015847748325271283,0.0010984693814674667,0.0020719917822061198
7352_liver_sham_Male_2-U1,tierA_p95,Hepatocytes,emt_ecm,N4,35.0,40.0,0.001603255391477833,0.0010923323546563515,0.0021523327357330178
7352_liver_sham_Male_2-U1,tierA_p95,Hepatocytes,emt_ecm,N4,40.0,45.0,0.0016241781733760895,0.0011228754182618925,0.0021233593763759356
7352_liver_sham_Male_2-U1,tierA_p95,Hepatocytes,emt_ecm,N4,45.0,50.0,0.0016682032977796818,0.0011340533950443567,0.0022385381536656613
7352_liver_sham_Male_2-U1,tierA_p95,Hepatocytes,emt_ecm,N4,50.0,55.0,0.0016718797534995159,0.0010754352461536218,0.0023400179741524187
7352_liver_sham_Male_2-U1,tierA_p95,Hepatocytes,emt_ecm,N4,55.0,60.0,0.0016573255526020655,0.0010193013749220446,0.002294947659842474
7352_liver_sham_Male_2-U1,tierA_p95,Hepatocytes,emt_ecm,N4,60.0,65.0,0.0016083051092797168,0.000870956675199604,0.0023381596380012953
7352_liver_sham_Male_2-U1,tierA_p95,Hepatocytes,emt_ecm,N4,65.0,70.0,0.0016072721502818133,0.0007514433933504643,0.002359945753323741
7352_liver_sham_Male_2-U1,tierA_p95,Hepatocytes,emt_ecm,N4,70.0,75.0,0.0015556003768266188,0.0006484230961623882,0.0024394173317057017
7352_liver_sham_Male_2-U1,tierA_p95,Hepatocytes,emt_ecm,N4,75.0,80.0,0.0014322470044598602,0.00037126455881287624,0.002392011311641876
7352_liver_sham_Male_2-U1,tierA_p95,Hepatocytes,emt_ecm,N4,80.0,85.0,0.0013496926600536396,8.889535268702204e-05,0.0026904329524418905
7352_liver_sham_Male_2-U1,tierA_p95,Hepatocytes,emt_ecm,N4,85.0,90.0,0.0012422251161241132,-0.00022192455230370068,0.002646486938169075
7352_liver_sham_Male_2-U1,tierA_p95,Hepatocytes,emt_ecm,N4,90.0,95.0,0.0010109951425100684,-0.0005710064952743982,0.0024726376445414686
7352_liver_sham_Male_2-U1,tierA_p95,Hepatocytes,emt_ecm,N4,95.0,100.0,0.0001915490385614243,-0.0011669303007801617,0.0019091046136809748
7352_liver_sham_Male_2-U1,tierA_p95,Hepatocytes,il6_jak_stat3,N4,0.0,5.0,-0.030661119706591813,-0.03196528392874822,-0.02932262469021996
7352_liver_sham_Male_2-U1,tierA_p95,Hepatocytes,il6_jak_stat3,N4,5.0,10.0,-0.030694689475853684,-0.03147136173825852,-0.029905585095306324
7352_liver_sham_Male_2-U1,tierA_p95,Hepatocytes,il6_jak_stat3,N4,10.0,15.0,-0.030686297791957067,-0.0313715983335685,-0.030024398982722564
7352_liver_sham_Male_2-U1,tierA_p95,Hepatocytes,il6_jak_stat3,N4,15.0,20.0,-0.030708307277870158,-0.031241667288267994,-0.030166036631266144
7352_liver_sham_Male_2-U1,tierA_p95,Hepatocytes,il6_jak_stat3,N4,20.0,25.0,-0.03068465111532677,-0.031236461634966083,-0.030113780530101743
7352_liver_sham_Male_2-U1,tierA_p95,Hepatocytes,il6_jak_stat3,N4,25.0,30.0,-0.030714300185323482,-0.031230109458746887,-0.03020067167296687
7352_liver_sham_Male_2-U1,tierA_p95,Hepatocytes,il6_jak_stat3,N4,30.0,35.0,-0.030727286683039853,-0.031231767082331267,-0.03018755973438816
7352_liver_sham_Male_2-U1,tierA_p95,Hepatocytes,il6_jak_stat3,N4,35.0,40.0,-0.03073245437335424,-0.03125491739064905,-0.030199176243903662
7352_liver_sham_Male_2-U1,tierA_p95,Hepatocytes,il6_jak_stat3,N4,40.0,45.0,-0.030714537177431073,-0.031291859080357004,-0.03019464346587597
7352_liver_sham_Male_2-U1,tierA_p95,Hepatocytes,il6_jak_stat3,N4,45.0,50.0,-0.030708254475510503,-0.0312969968865115,-0.030121926937062685
7352_liver_sham_Male_2-U1,tierA_p95,Hepatocytes,il6_jak_stat3,N4,50.0,55.0,-0.03069593120818737,-0.031395797582312465,-0.03003595020988599
7352_liver_sham_Male_2-U1,tierA_p95,Hepatocytes,il6_jak_stat3,N4,55.0,60.0,-0.030680997833936467,-0.031448483231378485,-0.029939251695271923
7352_liver_sham_Male_2-U1,tierA_p95,Hepatocytes,il6_jak_stat3,N4,60.0,65.0,-0.03070284306356607,-0.03153351318160946,-0.029902334350009652
7352_liver_sham_Male_2-U1,tierA_p95,Hepatocytes,il6_jak_stat3,N4,65.0,70.0,-0.030671357319003802,-0.03157605369960278,-0.02963049557781477
7352_liver_sham_Male_2-U1,tierA_p95,Hepatocytes,il6_jak_stat3,N4,70.0,75.0,-0.03072768290943531,-0.03188863881011398,-0.029576512410338304
7352_liver_sham_Male_2-U1,tierA_p95,Hepatocytes,il6_jak_stat3,N4,75.0,80.0,-0.030660087163501628,-0.03208339326249105,-0.029129405896523148
7352_liver_sham_Male_2-U1,tierA_p95,Hepatocytes,il6_jak_stat3,N4,80.0,85.0,-0.03064131401917554,-0.03213079272618049,-0.028770530422055456
7352_liver_sham_Male_2-U1,tierA_p95,Hepatocytes,il6_jak_stat3,N4,85.0,90.0,-0.030631680454290273,-0.03243717516208626,-0.02844764369015728
7352_liver_sham_Male_2-U1,tierA_p95,Hepatocytes,il6_jak_stat3,N4,90.0,95.0,-0.030572053113047802,-0.03253107079501637,-0.02811726970548121
7352_liver_sham_Male_2-U1,tierA_p95,Hepatocytes,il6_jak_stat3,N4,95.0,100.0,-0.029647750857176507,-0.030200132007816134,-0.029285661378595094
7352_liver_sham_Male_2-U1,tierA_p95,Hepatocytes,interferon_response,N4,0.0,5.0,-0.0017768310611218476,-0.003125036491089434,-0.00033418497284553987
7352_liver_sham_Male_2-U1,tierA_p95,Hepatocytes,interferon_response,N4,5.0,10.0,-0.0017800193076833177,-0.0025828367486107613,-0.0009001070538429295
7352_liver_sham_Male_2-U1,tierA_p95,Hepatocytes,interferon_response,N4,10.0,15.0,-0.001783548571100429,-0.002498405515356927,-0.0009907415299226314
7352_liver_sham_Male_2-U1,tierA_p95,Hepatocytes,interferon_response,N4,15.0,20.0,-0.001798934688764566,-0.0023873065975819293,-0.0011393446563064266
7352_liver_sham_Male_2-U1,tierA_p95,Hepatocytes,interferon_response,N4,20.0,25.0,-0.001780370389476727,-0.0023532976761713427,-0.001160956373900095
7352_liver_sham_Male_2-U1,tierA_p95,Hepatocytes,interferon_response,N4,25.0,30.0,-0.0018235500160411434,-0.002281421897047848,-0.0012900211115404227
7352_liver_sham_Male_2-U1,tierA_p95,Hepatocytes,interferon_response,N4,30.0,35.0,-0.001842948175326878,-0.0023964376918946735,-0.0012924216295530828
7352_liver_sham_Male_2-U1,tierA_p95,Hepatocytes,interferon_response,N4,35.0,40.0,-0.0018404055417010135,-0.002389423543223288,-0.0012698115327793027
7352_liver_sham_Male_2-U1,tierA_p95,Hepatocytes,interferon_response,N4,40.0,45.0,-0.001814795669481654,-0.002402887136104715,-0.0012748987541671257
7352_liver_sham_Male_2-U1,tierA_p95,Hepatocytes,interferon_response,N4,45.0,50.0,-0.001821012903945985,-0.0023947747611460382,-0.0012292829825050803
7352_liver_sham_Male_2-U1,tierA_p95,Hepatocytes,interferon_response,N4,50.0,55.0,-0.0017809464607416196,-0.0024405160438400165,-0.0011384784577675303
7352_liver_sham_Male_2-U1,tierA_p95,Hepatocytes,interferon_response,N4,55.0,60.0,-0.0017729487718693023,-0.002554111831445287,-0.0010351927823571343
7352_liver_sham_Male_2-U1,tierA_p95,Hepatocytes,interferon_response,N4,60.0,65.0,-0.0017631959067620198,-0.0027293007144215476,-0.0008728050804940028
7352_liver_sham_Male_2-U1,tierA_p95,Hepatocytes,interferon_response,N4,65.0,70.0,-0.0017400529824983973,-0.0028032416657616487,-0.0006804073981672742
7352_liver_sham_Male_2-U1,tierA_p95,Hepatocytes,interferon_response,N4,70.0,75.0,-0.0017565375173203255,-0.003097693376716889,-0.0004074622358746527
7352_liver_sham_Male_2-U1,tierA_p95,Hepatocytes,interferon_response,N4,75.0,80.0,-0.001662301079833827,-0.0031392982901257676,-5.3439410992898095e-05
7352_liver_sham_Male_2-U1,tierA_p95,Hepatocytes,interferon_response,N4,80.0,85.0,-0.0015270887272654473,-0.0033126478380540625,0.0005923816490354011
7352_liver_sham_Male_2-U1,tierA_p95,Hepatocytes,interferon_response,N4,85.0,90.0,-0.001448330816150346,-0.003505349794335082,0.0009815886597917193
7352_liver_sham_Male_2-U1,tierA_p95,Hepatocytes,interferon_response,N4,90.0,95.0,-0.0015302138992202203,-0.003711633888250455,0.0013313351732272172
7352_liver_sham_Male_2-U1,tierA_p95,Hepatocytes,interferon_response,N4,95.0,100.0,-0.0010353996462754945,-0.0018359314102409535,-0.0003070291404605328
7352_liver_sham_Male_2-U1,tierA_p95,Hepatocytes,oxidative_stress,N4,0.0,5.0,0.11858326816974558,0.11514513256227393,0.1217654952973041
7352_liver_sham_Male_2-U1,tierA_p95,Hepatocytes,oxidative_stress,N4,5.0,10.0,0.11858852442486488,0.11622041589495029,0.12090001064128664
7352_liver_sham_Male_2-U1,tierA_p95,Hepatocytes,oxidative_stress,N4,10.0,15.0,0.1186133621073902,0.11675212991491173,0.12047037319966912
7352_liver_sham_Male_2-U1,tierA_p95,Hepatocytes,oxidative_stress,N4,15.0,20.0,0.11856433428346588,0.11669373812074375,0.12015706039705853
7352_liver_sham_Male_2-U1,tierA_p95,Hepatocytes,oxidative_stress,N4,20.0,25.0,0.11855149629800997,0.11695584441162206,0.12011577981505366
7352_liver_sham_Male_2-U1,tierA_p95,Hepatocytes,oxidative_stress,N4,25.0,30.0,0.11855173269574809,0.117033859964182,0.1200332322040276
7352_liver_sham_Male_2-U1,tierA_p95,Hepatocytes,oxidative_stress,N4,30.0,35.0,0.1184935677068135,0.11718857230263334,0.11970047287076084
7352_liver_sham_Male_2-U1,tierA_p95,Hepatocytes,oxidative_stress,N4,35.0,40.0,0.11849749959393845,0.11713280738769621,0.11984392935211809
7352_liver_sham_Male_2-U1,tierA_p95,Hepatocytes,oxidative_stress,N4,40.0,45.0,0.11848279047685017,0.11717666082351949,0.11989196846341318
7352_liver_sham_Male_2-U1,tierA_p95,Hepatocytes,oxidative_stress,N4,45.0,50.0,0.11843713198511853,0.11702146861355563,0.11990242221760032
7352_liver_sham_Male_2-U1,tierA_p95,Hepatocytes,oxidative_stress,N4,50.0,55.0,0.11841106814468841,0.11682728051059629,0.12012997166626703
7352_liver_sham_Male_2-U1,tierA_p95,Hepatocytes,oxidative_stress,N4,55.0,60.0,0.11840915057917786,0.11657156774631267,0.12008362878771585
7352_liver_sham_Male_2-U1,tierA_p95,Hepatocytes,oxidative_stress,N4,60.0,65.0,0.11842735716426825,0.11641325876838607,0.12030261956320301
7352_liver_sham_Male_2-U1,tierA_p95,Hepatocytes,oxidative_stress,N4,65.0,70.0,0.11842168321131848,0.11593977200983499,0.120482659545435
7352_liver_sham_Male_2-U1,tierA_p95,Hepatocytes,oxidative_stress,N4,70.0,75.0,0.11846701167320904,0.11552294223753933,0.12129945368312431
7352_liver_sham_Male_2-U1,tierA_p95,Hepatocytes,oxidative_stress,N4,75.0,80.0,0.11853746558160352,0.11484980302763155,0.12181550944913633
7352_liver_sham_Male_2-U1,tierA_p95,Hepatocytes,oxidative_stress,N4,80.0,85.0,0.11864254635797856,0.11397488739080829,0.12232731198587582
7352_liver_sham_Male_2-U1,tierA_p95,Hepatocytes,oxidative_stress,N4,85.0,90.0,0.1186033862377865,0.11417082546889971,0.12287147373640765
7352_liver_sham_Male_2-U1,tierA_p95,Hepatocytes,oxidative_stress,N4,90.0,95.0,0.11848102333657787,0.1132324261256883,0.12351003818378109
7352_liver_sham_Male_2-U1,tierA_p95,Hepatocytes,oxidative_stress,N4,95.0,100.0,0.11604975669476982,0.11356190402510827,0.11954371158191511
7352_liver_sham_Male_2-U1,tierA_p95,Hepatocytes,secondary_senescence,N4,0.0,5.0,-0.031503287866665626,-0.03304392088727059,-0.029917924645152284
7352_liver_sham_Male_2-U1,tierA_p95,Hepatocytes,secondary_senescence,N4,5.0,10.0,-0.03145377374390657,-0.03237824641972511,-0.030553247576653078
7352_liver_sham_Male_2-U1,tierA_p95,Hepatocytes,secondary_senescence,N4,10.0,15.0,-0.031462536531082684,-0.03230487459945946,-0.03066125010242097
7352_liver_sham_Male_2-U1,tierA_p95,Hepatocytes,secondary_senescence,N4,15.0,20.0,-0.03144061110753889,-0.03211176285730914,-0.0307252219021951
7352_liver_sham_Male_2-U1,tierA_p95,Hepatocytes,secondary_senescence,N4,20.0,25.0,-0.031433298501644426,-0.03208670883617161,-0.030760808331794433
7352_liver_sham_Male_2-U1,tierA_p95,Hepatocytes,secondary_senescence,N4,25.0,30.0,-0.03143051084872803,-0.0320507009150446,-0.030843345413947322
7352_liver_sham_Male_2-U1,tierA_p95,Hepatocytes,secondary_senescence,N4,30.0,35.0,-0.03144771893029578,-0.032038449911336885,-0.030857047273601168
7352_liver_sham_Male_2-U1,tierA_p95,Hepatocytes,secondary_senescence,N4,35.0,40.0,-0.03144532186300724,-0.0320823145905828,-0.03080060764765359
7352_liver_sham_Male_2-U1,tierA_p95,Hepatocytes,secondary_senescence,N4,40.0,45.0,-0.03143876596087441,-0.0321094376966984,-0.03080603635751992
7352_liver_sham_Male_2-U1,tierA_p95,Hepatocytes,secondary_senescence,N4,45.0,50.0,-0.03142209469435469,-0.032190960374894606,-0.030711759931300178
7352_liver_sham_Male_2-U1,tierA_p95,Hepatocytes,secondary_senescence,N4,50.0,55.0,-0.0313838637113515,-0.03218761558585099,-0.030509147062319154
7352_liver_sham_Male_2-U1,tierA_p95,Hepatocytes,secondary_senescence,N4,55.0,60.0,-0.03142492344543889,-0.032358682559441965,-0.030514590819409524
7352_liver_sham_Male_2-U1,tierA_p95,Hepatocytes,secondary_senescence,N4,60.0,65.0,-0.03139965952499121,-0.03243208818713541,-0.030292985762886887
7352_liver_sham_Male_2-U1,tierA_p95,Hepatocytes,secondary_senescence,N4,65.0,70.0,-0.03141011243545215,-0.032605684691517665,-0.030249884773107933
7352_liver_sham_Male_2-U1,tierA_p95,Hepatocytes,secondary_senescence,N4,70.0,75.0,-0.03141889956026982,-0.03272301233001975,-0.03011749434472009
7352_liver_sham_Male_2-U1,tierA_p95,Hepatocytes,secondary_senescence,N4,75.0,80.0,-0.03140990172656268,-0.03305627279721055,-0.029800021238808504
7352_liver_sham_Male_2-U1,tierA_p95,Hepatocytes,secondary_senescence,N4,80.0,85.0,-0.031402218673371084,-0.0331973485511601,-0.029431125422765003
7352_liver_sham_Male_2-U1,tierA_p95,Hepatocytes,secondary_senescence,N4,85.0,90.0,-0.03135104604429923,-0.033445495078631454,-0.029055997551615483
7352_liver_sham_Male_2-U1,tierA_p95,Hepatocytes,secondary_senescence,N4,90.0,95.0,-0.031557618105462766,-0.03393540832076333,-0.028830283857324574
7352_liver_sham_Male_2-U1,tierA_p95,Hepatocytes,secondary_senescence,N4,95.0,100.0,-0.03139154486047282,-0.03245880987434986,-0.03022322027272911
7352_liver_sham_Male_2-U1,tierA_p95,Hepatocytes,tnfa_nfkb_proximal,N4,0.0,5.0,-0.01608237549372162,-0.017146467533418336,-0.014964465096242083
7352_liver_sham_Male_2-U1,tierA_p95,Hepatocytes,tnfa_nfkb_proximal,N4,5.0,10.0,-0.016069034496925923,-0.01673579318667724,-0.015409612052985843
7352_liver_sham_Male_2-U1,tierA_p95,Hepatocytes,tnfa_nfkb_proximal,N4,10.0,15.0,-0.016083014116276072,-0.01662134672069121,-0.015532408922043505
7352_liver_sham_Male_2-U1,tierA_p95,Hepatocytes,tnfa_nfkb_proximal,N4,15.0,20.0,-0.01609045791705215,-0.016614981700101908,-0.015558873291027722
7352_liver_sham_Male_2-U1,tierA_p95,Hepatocytes,tnfa_nfkb_proximal,N4,20.0,25.0,-0.016076815257298573,-0.016559540466912173,-0.015555644200159055
7352_liver_sham_Male_2-U1,tierA_p95,Hepatocytes,tnfa_nfkb_proximal,N4,25.0,30.0,-0.0160917434198302,-0.016558608194010453,-0.015661676085860454
7352_liver_sham_Male_2-U1,tierA_p95,Hepatocytes,tnfa_nfkb_proximal,N4,30.0,35.0,-0.016098411062133843,-0.016546444473634424,-0.015644528831406504
7352_liver_sham_Male_2-U1,tierA_p95,Hepatocytes,tnfa_nfkb_proximal,N4,35.0,40.0,-0.01607757120539903,-0.01648753600337032,-0.01563477833188273
7352_liver_sham_Male_2-U1,tierA_p95,Hepatocytes,tnfa_nfkb_proximal,N4,40.0,45.0,-0.016089413539381578,-0.016560651701497543,-0.015630528650618418
7352_liver_sham_Male_2-U1,tierA_p95,Hepatocytes,tnfa_nfkb_proximal,N4,45.0,50.0,-0.01606808756738544,-0.016515599183736563,-0.015601657980638452
7352_liver_sham_Male_2-U1,tierA_p95,Hepatocytes,tnfa_nfkb_proximal,N4,50.0,55.0,-0.01604793633889113,-0.016598302418128198,-0.01548570872202512
7352_liver_sham_Male_2-U1,tierA_p95,Hepatocytes,tnfa_nfkb_proximal,N4,55.0,60.0,-0.016067336206149092,-0.016662944924697963,-0.015450329537133498
7352_liver_sham_Male_2-U1,tierA_p95,Hepatocytes,tnfa_nfkb_proximal,N4,60.0,65.0,-0.01606127808573874,-0.01672544695627212,-0.015406012302381804
7352_liver_sham_Male_2-U1,tierA_p95,Hepatocytes,tnfa_nfkb_proximal,N4,65.0,70.0,-0.016050872363472368,-0.01689380043386064,-0.015243678316346489
7352_liver_sham_Male_2-U1,tierA_p95,Hepatocytes,tnfa_nfkb_proximal,N4,70.0,75.0,-0.016063748791286508,-0.016941288496382056,-0.015137517098137402
7352_liver_sham_Male_2-U1,tierA_p95,Hepatocytes,tnfa_nfkb_proximal,N4,75.0,80.0,-0.01600553968528141,-0.01708188718908111,-0.014824127794594985
7352_liver_sham_Male_2-U1,tierA_p95,Hepatocytes,tnfa_nfkb_proximal,N4,80.0,85.0,-0.01597563861320491,-0.017172448958884,-0.01465827167946909
7352_liver_sham_Male_2-U1,tierA_p95,Hepatocytes,tnfa_nfkb_proximal,N4,85.0,90.0,-0.01593885173085141,-0.017401794023579175,-0.01439313292838532
7352_liver_sham_Male_2-U1,tierA_p95,Hepatocytes,tnfa_nfkb_proximal,N4,90.0,95.0,-0.01597666644401457,-0.01758189655316647,-0.014102033897940907
7352_liver_sham_Male_2-U1,tierA_p95,Hepatocytes,tnfa_nfkb_proximal,N4,95.0,100.0,-0.015297636912499989,-0.016496322554348367,-0.01419054192015278
7435_liver_sham_Male_10-U1,tierA_p95,Hepatocytes,downstream_arrest,N1,0.0,5.0,0.010861767675643978,0.01044231160039998,0.01129634269595624
7435_liver_sham_Male_10-U1,tierA_p95,Hepatocytes,downstream_arrest,N1,5.0,10.0,0.009956263299502808,0.008934481935985273,0.01103433462112684
7435_liver_sham_Male_10-U1,tierA_p95,Hepatocytes,downstream_arrest,N1,10.0,15.0,0.010777230371471089,0.010355988558351471,0.011186584822225449
7435_liver_sham_Male_10-U1,tierA_p95,Hepatocytes,downstream_arrest,N1,15.0,20.0,0.011034952140096973,0.010746382522451694,0.011342544000021923
7435_liver_sham_Male_10-U1,tierA_p95,Hepatocytes,downstream_arrest,N1,20.0,25.0,0.010974681038868735,0.010699402469023444,0.0112778894276253
7435_liver_sham_Male_10-U1,tierA_p95,Hepatocytes,downstream_arrest,N1,25.0,30.0,0.010970419142051423,0.010683401153927255,0.011266607227528164
7435_liver_sham_Male_10-U1,tierA_p95,Hepatocytes,downstream_arrest,N1,30.0,35.0,0.010981066603287341,0.010663158051385483,0.011302278854534954
7435_liver_sham_Male_10-U1,tierA_p95,Hepatocytes,downstream_arrest,N1,35.0,40.0,0.010928524982746705,0.010612214159647287,0.011215922510630397
7435_liver_sham_Male_10-U1,tierA_p95,Hepatocytes,downstream_arrest,N1,40.0,45.0,0.010859321293118908,0.010528158158839727,0.011177909748721059
7435_liver_sham_Male_10-U1,tierA_p95,Hepatocytes,downstream_arrest,N1,45.0,50.0,0.01085541553252583,0.0104878976740842,0.011195151923147708
7435_liver_sham_Male_10-U1,tierA_p95,Hepatocytes,downstream_arrest,N1,50.0,55.0,0.010826363802290993,0.010468104165400886,0.011197710601534832
7435_liver_sham_Male_10-U1,tierA_p95,Hepatocytes,downstream_arrest,N1,55.0,60.0,0.010725748914767323,0.010281587227243205,0.011160633895937484
7435_liver_sham_Male_10-U1,tierA_p95,Hepatocytes,downstream_arrest,N1,60.0,65.0,0.010712186513412117,0.010233367166387135,0.01124103408961099
7435_liver_sham_Male_10-U1,tierA_p95,Hepatocytes,downstream_arrest,N1,65.0,70.0,0.010670889730103309,0.010111116644280159,0.011230402677054488
7435_liver_sham_Male_10-U1,tierA_p95,Hepatocytes,downstream_arrest,N1,70.0,75.0,0.010594413361251486,0.009906166646890476,0.01123946388572284
7435_liver_sham_Male_10-U1,tierA_p95,Hepatocytes,downstream_arrest,N1,75.0,80.0,0.010500591319138065,0.009689451293817788,0.011262361538166461
7435_liver_sham_Male_10-U1,tierA_p95,Hepatocytes,downstream_arrest,N1,80.0,85.0,0.010464832765992768,0.009493077812001625,0.011428037853145178
7435_liver_sham_Male_10-U1,tierA_p95,Hepatocytes,downstream_arrest,N1,85.0,90.0,0.010384444563817478,0.00921598553140722,0.011554386004805458
7435_liver_sham_Male_10-U1,tierA_p95,Hepatocytes,downstream_arrest,N1,90.0,95.0,0.010271443028458086,0.008892966296023241,0.01169799583824024
7435_liver_sham_Male_10-U1,tierA_p95,Hepatocytes,downstream_arrest,N1,95.0,100.0,0.010284567528658861,0.009038251888166184,0.011577862374203302
7435_liver_sham_Male_10-U1,tierA_p95,Hepatocytes,emt_ecm,N1,0.0,5.0,-0.002083992296938323,-0.0025337705322083714,-0.001648541371158427
7435_liver_sham_Male_10-U1,tierA_p95,Hepatocytes,emt_ecm,N1,5.0,10.0,-0.0012723886910596222,-0.0023680194619409584,-5.168732498532961e-05
7435_liver_sham_Male_10-U1,tierA_p95,Hepatocytes,emt_ecm,N1,10.0,15.0,-0.0019505881107343228,-0.002396313178516627,-0.0015079995915266366
7435_liver_sham_Male_10-U1,tierA_p95,Hepatocytes,emt_ecm,N1,15.0,20.0,-0.0022410442130371164,-0.0025627018061104706,-0.001901194955743627
7435_liver_sham_Male_10-U1,tierA_p95,Hepatocytes,emt_ecm,N1,20.0,25.0,-0.0021782919325661317,-0.0025058882248245335,-0.0018835299632670682
7435_liver_sham_Male_10-U1,tierA_p95,Hepatocytes,emt_ecm,N1,25.0,30.0,-0.0021677976719576123,-0.0024920927849268098,-0.001836909641179188
7435_liver_sham_Male_10-U1,tierA_p95,Hepatocytes,emt_ecm,N1,30.0,35.0,-0.00212758084676917,-0.0024482016741276544,-0.0018293312328484365
7435_liver_sham_Male_10-U1,tierA_p95,Hepatocytes,emt_ecm,N1,35.0,40.0,-0.002129494235132328,-0.0024411012480693964,-0.0018041052411067202
7435_liver_sham_Male_10-U1,tierA_p95,Hepatocytes,emt_ecm,N1,40.0,45.0,-0.002061052902687344,-0.002380507363188836,-0.0017115846341339606
7435_liver_sham_Male_10-U1,tierA_p95,Hepatocytes,emt_ecm,N1,45.0,50.0,-0.002043311616071504,-0.0024094221260148457,-0.0016832275975889183
7435_liver_sham_Male_10-U1,tierA_p95,Hepatocytes,emt_ecm,N1,50.0,55.0,-0.0020389309567315455,-0.002445029989314649,-0.0016418192995438132
7435_liver_sham_Male_10-U1,tierA_p95,Hepatocytes,emt_ecm,N1,55.0,60.0,-0.0019655818534874483,-0.002406238677677094,-0.001522178773197956
7435_liver_sham_Male_10-U1,tierA_p95,Hepatocytes,emt_ecm,N1,60.0,65.0,-0.00195173468907945,-0.0024677318929211566,-0.0014329473822231624
7435_liver_sham_Male_10-U1,tierA_p95,Hepatocytes,emt_ecm,N1,65.0,70.0,-0.0019430898609333334,-0.0025418845203539486,-0.0013121955064490725
7435_liver_sham_Male_10-U1,tierA_p95,Hepatocytes,emt_ecm,N1,70.0,75.0,-0.0018967482790343334,-0.0026253033511855262,-0.0011942135594998676
7435_liver_sham_Male_10-U1,tierA_p95,Hepatocytes,emt_ecm,N1,75.0,80.0,-0.0018765676268379659,-0.0026900277584933014,-0.0010492544518943818
7435_liver_sham_Male_10-U1,tierA_p95,Hepatocytes,emt_ecm,N1,80.0,85.0,-0.001959129152988044,-0.002970720843178466,-0.0009086977863346806
7435_liver_sham_Male_10-U1,tierA_p95,Hepatocytes,emt_ecm,N1,85.0,90.0,-0.001893535518191354,-0.0031607627443382236,-0.000711938136788893
7435_liver_sham_Male_10-U1,tierA_p95,Hepatocytes,emt_ecm,N1,90.0,95.0,-0.001983040693781819,-0.003548108586046071,-0.0004109882581828131
7435_liver_sham_Male_10-U1,tierA_p95,Hepatocytes,emt_ecm,N1,95.0,100.0,-0.002158934041156167,-0.003721022976598079,-0.000706038740642798
7435_liver_sham_Male_10-U1,tierA_p95,Hepatocytes,il6_jak_stat3,N1,0.0,5.0,-0.040115520848883916,-0.04069914386076283,-0.03955875709944204
7435_liver_sham_Male_10-U1,tierA_p95,Hepatocytes,il6_jak_stat3,N1,5.0,10.0,-0.037097616683892186,-0.038487418064567944,-0.035649804564550296
7435_liver_sham_Male_10-U1,tierA_p95,Hepatocytes,il6_jak_stat3,N1,10.0,15.0,-0.039345646954459794,-0.039851302081878176,-0.038831102764720835
7435_liver_sham_Male_10-U1,tierA_p95,Hepatocytes,il6_jak_stat3,N1,15.0,20.0,-0.0402522093652552,-0.04061691030760941,-0.03987703969558665
7435_liver_sham_Male_10-U1,tierA_p95,Hepatocytes,il6_jak_stat3,N1,20.0,25.0,-0.04029028380855011,-0.04065214917592727,-0.03992314206183929
7435_liver_sham_Male_10-U1,tierA_p95,Hepatocytes,il6_jak_stat3,N1,25.0,30.0,-0.04012992945343294,-0.0405246432960513,-0.03977749779796779
7435_liver_sham_Male_10-U1,tierA_p95,Hepatocytes,il6_jak_stat3,N1,30.0,35.0,-0.04019207272255584,-0.04058828241388831,-0.03979922931461086
7435_liver_sham_Male_10-U1,tierA_p95,Hepatocytes,il6_jak_stat3,N1,35.0,40.0,-0.0402533717322054,-0.04063757420770324,-0.039828952340790744
7435_liver_sham_Male_10-U1,tierA_p95,Hepatocytes,il6_jak_stat3,N1,40.0,45.0,-0.040197339788416386,-0.040602699796157486,-0.03980027131746616
7435_liver_sham_Male_10-U1,tierA_p95,Hepatocytes,il6_jak_stat3,N1,45.0,50.0,-0.04024843590319845,-0.04067836024013861,-0.039794799540742214
7435_liver_sham_Male_10-U1,tierA_p95,Hepatocytes,il6_jak_stat3,N1,50.0,55.0,-0.04019238486088557,-0.04066306786095912,-0.03970172196717274
7435_liver_sham_Male_10-U1,tierA_p95,Hepatocytes,il6_jak_stat3,N1,55.0,60.0,-0.04018739697200926,-0.04074754231178053,-0.039629414887276004
7435_liver_sham_Male_10-U1,tierA_p95,Hepatocytes,il6_jak_stat3,N1,60.0,65.0,-0.04018901153872953,-0.04075846822245392,-0.03956747221618552
7435_liver_sham_Male_10-U1,tierA_p95,Hepatocytes,il6_jak_stat3,N1,65.0,70.0,-0.04010084428700599,-0.0408360235150993,-0.03940010661607101
7435_liver_sham_Male_10-U1,tierA_p95,Hepatocytes,il6_jak_stat3,N1,70.0,75.0,-0.040070383816381526,-0.04089209036074569,-0.039302777040770134
7435_liver_sham_Male_10-U1,tierA_p95,Hepatocytes,il6_jak_stat3,N1,75.0,80.0,-0.040028457799365216,-0.041023071555464724,-0.03899404613050573
7435_liver_sham_Male_10-U1,tierA_p95,Hepatocytes,il6_jak_stat3,N1,80.0,85.0,-0.03990332160743625,-0.04100147436439917,-0.03878269545162531
7435_liver_sham_Male_10-U1,tierA_p95,Hepatocytes,il6_jak_stat3,N1,85.0,90.0,-0.03985290152275101,-0.041260215086012596,-0.03837062632961613
7435_liver_sham_Male_10-U1,tierA_p95,Hepatocytes,il6_jak_stat3,N1,90.0,95.0,-0.03973009715754134,-0.041440422100624194,-0.03796228849646715
7435_liver_sham_Male_10-U1,tierA_p95,Hepatocytes,il6_jak_stat3,N1,95.0,100.0,-0.039025567309685254,-0.040428202400669855,-0.037417580002276504
7435_liver_sham_Male_10-U1,tierA_p95,Hepatocytes,interferon_response,N1,0.0,5.0,-0.008477941088785912,-0.008995684586010647,-0.007966299539022706
7435_liver_sham_Male_10-U1,tierA_p95,Hepatocytes,interferon_response,N1,5.0,10.0,-0.006180487751864172,-0.007422307755398757,-0.004727770233780055
7435_liver_sham_Male_10-U1,tierA_p95,Hepatocytes,interferon_response,N1,10.0,15.0,-0.007637025690926517,-0.00819254740441645,-0.0071219623230593864
7435_liver_sham_Male_10-U1,tierA_p95,Hepatocytes,interferon_response,N1,15.0,20.0,-0.008450939523633575,-0.008829428954504804,-0.008077086549456443
7435_liver_sham_Male_10-U1,tierA_p95,Hepatocytes,interferon_response,N1,20.0,25.0,-0.00857555317599595,-0.008946856666091149,-0.00820627186292624
7435_liver_sham_Male_10-U1,tierA_p95,Hepatocytes,interferon_response,N1,25.0,30.0,-0.00843332873104261,-0.008799800185185117,-0.0080975457275485
7435_liver_sham_Male_10-U1,tierA_p95,Hepatocytes,interferon_response,N1,30.0,35.0,-0.008422835057988068,-0.008798524710157232,-0.008062641457903337
7435_liver_sham_Male_10-U1,tierA_p95,Hepatocytes,interferon_response,N1,35.0,40.0,-0.008495340940641671,-0.008866236309603712,-0.00812732664363305
7435_liver_sham_Male_10-U1,tierA_p95,Hepatocytes,interferon_response,N1,40.0,45.0,-0.00854988197770804,-0.008957536540545905,-0.00818010768397408
7435_liver_sham_Male_10-U1,tierA_p95,Hepatocytes,interferon_response,N1,45.0,50.0,-0.008642242967036185,-0.009076333968532952,-0.008241115599526613
7435_liver_sham_Male_10-U1,tierA_p95,Hepatocytes,interferon_response,N1,50.0,55.0,-0.0086110577941035,-0.009059534773327542,-0.008147283621039489
7435_liver_sham_Male_10-U1,tierA_p95,Hepatocytes,interferon_response,N1,55.0,60.0,-0.0087010115187581,-0.009219436847258873,-0.008166921798054744
7435_liver_sham_Male_10-U1,tierA_p95,Hepatocytes,interferon_response,N1,60.0,65.0,-0.008776148128602581,-0.009354810990234129,-0.008202996165579828
7435_liver_sham_Male_10-U1,tierA_p95,Hepatocytes,interferon_response,N1,65.0,70.0,-0.008805807189106491,-0.009520703366789467,-0.008125457587624901
7435_liver_sham_Male_10-U1,tierA_p95,Hepatocytes,interferon_response,N1,70.0,75.0,-0.008844584237317283,-0.00961256296518208,-0.008037029590106656
7435_liver_sham_Male_10-U1,tierA_p95,Hepatocytes,interferon_response,N1,75.0,80.0,-0.008805176017088471,-0.009727769373497149,-0.007896000849362195
7435_liver_sham_Male_10-U1,tierA_p95,Hepatocytes,interferon_response,N1,80.0,85.0,-0.008769312463847921,-0.009997615801661416,-0.007505251959016387
7435_liver_sham_Male_10-U1,tierA_p95,Hepatocytes,interferon_response,N1,85.0,90.0,-0.008780035061306939,-0.010205044466852628,-0.007216474259307768
7435_liver_sham_Male_10-U1,tierA_p95,Hepatocytes,interferon_response,N1,90.0,95.0,-0.008741807607697322,-0.01045147836192743,-0.006872937496572979
7435_liver_sham_Male_10-U1,tierA_p95,Hepatocytes,interferon_response,N1,95.0,100.0,-0.007854359431513426,-0.009712912347762946,-0.005868429976048774
7435_liver_sham_Male_10-U1,tierA_p95,Hepatocytes,oxidative_stress,N1,0.0,5.0,0.14601911835564682,0.14466119325571192,0.14731520735518308
7435_liver_sham_Male_10-U1,tierA_p95,Hepatocytes,oxidative_stress,N1,5.0,10.0,0.14293564407865295,0.13940243424202317,0.14622974225618596
7435_liver_sham_Male_10-U1,tierA_p95,Hepatocytes,oxidative_stress,N1,10.0,15.0,0.14635206216319507,0.14518431343404756,0.1475059197931241
7435_liver_sham_Male_10-U1,tierA_p95,Hepatocytes,oxidative_stress,N1,15.0,20.0,0.1469828770431601,0.14597264839659047,0.14791811593956533
7435_liver_sham_Male_10-U1,tierA_p95,Hepatocytes,oxidative_stress,N1,20.0,25.0,0.14654472673031257,0.14557742352084282,0.1475290041515169
7435_liver_sham_Male_10-U1,tierA_p95,Hepatocytes,oxidative_stress,N1,25.0,30.0,0.14668859924038052,0.1457980636953403,0.1476011749139948
7435_liver_sham_Male_10-U1,tierA_p95,Hepatocytes,oxidative_stress,N1,30.0,35.0,0.1465229311686387,0.14556467173949447,0.14743441948997085
7435_liver_sham_Male_10-U1,tierA_p95,Hepatocytes,oxidative_stress,N1,35.0,40.0,0.14657652308611893,0.14565944726253066,0.14756552312182364
7435_liver_sham_Male_10-U1,tierA_p95,Hepatocytes,oxidative_stress,N1,40.0,45.0,0.14607965824163446,0.14506792516249903,0.14707916684628955
7435_liver_sham_Male_10-U1,tierA_p95,Hepatocytes,oxidative_stress,N1,45.0,50.0,0.1459879177767599,0.14484808517761966,0.14706817345170153
7435_liver_sham_Male_10-U1,tierA_p95,Hepatocytes,oxidative_stress,N1,50.0,55.0,0.14573110337983677,0.14451019572533189,0.14689034664028544
7435_liver_sham_Male_10-U1,tierA_p95,Hepatocytes,oxidative_stress,N1,55.0,60.0,0.14544292245058968,0.14404017132082372,0.1468861503153699
7435_liver_sham_Male_10-U1,tierA_p95,Hepatocytes,oxidative_stress,N1,60.0,65.0,0.1451357850926105,0.14349880572672205,0.14670793012213734
7435_liver_sham_Male_10-U1,tierA_p95,Hepatocytes,oxidative_stress,N1,65.0,70.0,0.14479372588847406,0.1430062943020231,0.14668947692494777
7435_liver_sham_Male_10-U1,tierA_p95,Hepatocytes,oxidative_stress,N1,70.0,75.0,0.1444086863121677,0.14232998514809114,0.14657690413899965
7435_liver_sham_Male_10-U1,tierA_p95,Hepatocytes,oxidative_stress,N1,75.0,80.0,0.14404147579523305,0.14157445630176005,0.1466121396290951
7435_liver_sham_Male_10-U1,tierA_p95,Hepatocytes,oxidative_stress,N1,80.0,85.0,0.14383427855269035,0.14078977195730477,0.14691641378094672
7435_liver_sham_Male_10-U1,tierA_p95,Hepatocytes,oxidative_stress,N1,85.0,90.0,0.14313143327944777,0.13929604210168714,0.1467743379136268
7435_liver_sham_Male_10-U1,tierA_p95,Hepatocytes,oxidative_stress,N1,90.0,95.0,0.14298352320753926,0.13826496294726867,0.1476419469070024
7435_liver_sham_Male_10-U1,tierA_p95,Hepatocytes,oxidative_stress,N1,95.0,100.0,0.1419501634079869,0.13749073878151688,0.14643977039995182
7435_liver_sham_Male_10-U1,tierA_p95,Hepatocytes,secondary_senescence,N1,0.0,5.0,-0.008725053641914574,-0.009344114950848406,-0.008074947520698409
7435_liver_sham_Male_10-U1,tierA_p95,Hepatocytes,secondary_senescence,N1,5.0,10.0,-0.007818291106509364,-0.009606052757924716,-0.0061301725500028615
7435_liver_sham_Male_10-U1,tierA_p95,Hepatocytes,secondary_senescence,N1,10.0,15.0,-0.008469157055466164,-0.009069001141786399,-0.007840892270276291
7435_liver_sham_Male_10-U1,tierA_p95,Hepatocytes,secondary_senescence,N1,15.0,20.0,-0.008898336631295082,-0.009375820795704997,-0.008432782106691437
7435_liver_sham_Male_10-U1,tierA_p95,Hepatocytes,secondary_senescence,N1,20.0,25.0,-0.008881896020769307,-0.009356053872775145,-0.008420995195334091
7435_liver_sham_Male_10-U1,tierA_p95,Hepatocytes,secondary_senescence,N1,25.0,30.0,-0.008834606204056846,-0.009289812763677416,-0.008412793468890777
7435_liver_sham_Male_10-U1,tierA_p95,Hepatocytes,secondary_senescence,N1,30.0,35.0,-0.008823536621668503,-0.009275031656911521,-0.008364523537732526
7435_liver_sham_Male_10-U1,tierA_p95,Hepatocytes,secondary_senescence,N1,35.0,40.0,-0.00881973519797025,-0.009290982234849423,-0.00833926093837913
7435_liver_sham_Male_10-U1,tierA_p95,Hepatocytes,secondary_senescence,N1,40.0,45.0,-0.008786837893112971,-0.009285792228736569,-0.008319319973479473
7435_liver_sham_Male_10-U1,tierA_p95,Hepatocytes,secondary_senescence,N1,45.0,50.0,-0.008742658145675734,-0.009281142702513274,-0.00818454753716829
7435_liver_sham_Male_10-U1,tierA_p95,Hepatocytes,secondary_senescence,N1,50.0,55.0,-0.008702493375423217,-0.009327109954847932,-0.008121874645193419
7435_liver_sham_Male_10-U1,tierA_p95,Hepatocytes,secondary_senescence,N1,55.0,60.0,-0.008622595677175476,-0.009294380129229389,-0.007966413701180898
7435_liver_sham_Male_10-U1,tierA_p95,Hepatocytes,secondary_senescence,N1,60.0,65.0,-0.008617475191564018,-0.00938234739885104,-0.007881256486924558
7435_liver_sham_Male_10-U1,tierA_p95,Hepatocytes,secondary_senescence,N1,65.0,70.0,-0.008617155331078988,-0.009500326654353833,-0.007730060983231431
7435_liver_sham_Male_10-U1,tierA_p95,Hepatocytes,secondary_senescence,N1,70.0,75.0,-0.00852522721902806,-0.009604142468299708,-0.0075118264205160995
7435_liver_sham_Male_10-U1,tierA_p95,Hepatocytes,secondary_senescence,N1,75.0,80.0,-0.00843741672330696,-0.009606889256795582,-0.007263479927257535
7435_liver_sham_Male_10-U1,tierA_p95,Hepatocytes,secondary_senescence,N1,80.0,85.0,-0.008391334714004476,-0.009870665020417405,-0.007060655840809835
7435_liver_sham_Male_10-U1,tierA_p95,Hepatocytes,secondary_senescence,N1,85.0,90.0,-0.008276463723555847,-0.010099106361844173,-0.006581108969439041
7435_liver_sham_Male_10-U1,tierA_p95,Hepatocytes,secondary_senescence,N1,90.0,95.0,-0.008232750650703198,-0.010524269104875734,-0.006244652598995203
7435_liver_sham_Male_10-U1,tierA_p95,Hepatocytes,secondary_senescence,N1,95.0,100.0,-0.007839397640949507,-0.009578237059341766,-0.0061137599277265985
7435_liver_sham_Male_10-U1,tierA_p95,Hepatocytes,tnfa_nfkb_proximal,N1,0.0,5.0,-0.027265106099416733,-0.02767875715547947,-0.02684596700366192
7435_liver_sham_Male_10-U1,tierA_p95,Hepatocytes,tnfa_nfkb_proximal,N1,5.0,10.0,-0.025637674304967422,-0.026727809813973,-0.02450800880732561
7435_liver_sham_Male_10-U1,tierA_p95,Hepatocytes,tnfa_nfkb_proximal,N1,10.0,15.0,-0.026949069850625448,-0.027320820581649988,-0.026564988697660268
7435_liver_sham_Male_10-U1,tierA_p95,Hepatocytes,tnfa_nfkb_proximal,N1,15.0,20.0,-0.027458663134979588,-0.027741824537951366,-0.027169133657367964
7435_liver_sham_Male_10-U1,tierA_p95,Hepatocytes,tnfa_nfkb_proximal,N1,20.0,25.0,-0.027429811494034815,-0.027706989625664084,-0.02715829955626028
7435_liver_sham_Male_10-U1,tierA_p95,Hepatocytes,tnfa_nfkb_proximal,N1,25.0,30.0,-0.02736283668358382,-0.02766102661493002,-0.027059896619968958
7435_liver_sham_Male_10-U1,tierA_p95,Hepatocytes,tnfa_nfkb_proximal,N1,30.0,35.0,-0.0273432452457976,-0.027625095403950722,-0.027049912184429457
7435_liver_sham_Male_10-U1,tierA_p95,Hepatocytes,tnfa_nfkb_proximal,N1,35.0,40.0,-0.02735902205042354,-0.027665936880396754,-0.02707461715727021
7435_liver_sham_Male_10-U1,tierA_p95,Hepatocytes,tnfa_nfkb_proximal,N1,40.0,45.0,-0.02730635975195861,-0.027635059577963948,-0.026984540199018078
7435_liver_sham_Male_10-U1,tierA_p95,Hepatocytes,tnfa_nfkb_proximal,N1,45.0,50.0,-0.027279154844958173,-0.027631635089442563,-0.026932168571877847
7435_liver_sham_Male_10-U1,tierA_p95,Hepatocytes,tnfa_nfkb_proximal,N1,50.0,55.0,-0.027257227216787236,-0.02763014557794241,-0.02689136207193856
7435_liver_sham_Male_10-U1,tierA_p95,Hepatocytes,tnfa_nfkb_proximal,N1,55.0,60.0,-0.02723717483650559,-0.02768469488677059,-0.0268208119286017
7435_liver_sham_Male_10-U1,tierA_p95,Hepatocytes,tnfa_nfkb_proximal,N1,60.0,65.0,-0.027147563902715454,-0.02761673933648656,-0.026673187949215575
7435_liver_sham_Male_10-U1,tierA_p95,Hepatocytes,tnfa_nfkb_proximal,N1,65.0,70.0,-0.027158557315142797,-0.027686061796320032,-0.02661685461599329
7435_liver_sham_Male_10-U1,tierA_p95,Hepatocytes,tnfa_nfkb_proximal,N1,70.0,75.0,-0.027106618644797704,-0.027773087569877168,-0.026438256869260088
7435_liver_sham_Male_10-U1,tierA_p95,Hepatocytes,tnfa_nfkb_proximal,N1,75.0,80.0,-0.027005262446418335,-0.027781932176824085,-0.026269049448689675
7435_liver_sham_Male_10-U1,tierA_p95,Hepatocytes,tnfa_nfkb_proximal,N1,80.0,85.0,-0.02699670820266239,-0.027893364570379657,-0.026028045694334798
7435_liver_sham_Male_10-U1,tierA_p95,Hepatocytes,tnfa_nfkb_proximal,N1,85.0,90.0,-0.026893000403760164,-0.028076812588361755,-0.025716937325580745
7435_liver_sham_Male_10-U1,tierA_p95,Hepatocytes,tnfa_nfkb_proximal,N1,90.0,95.0,-0.026832397772404322,-0.02814542053152006,-0.025422676557847943
7435_liver_sham_Male_10-U1,tierA_p95,Hepatocytes,tnfa_nfkb_proximal,N1,95.0,100.0,-0.026453100285462574,-0.027685946162974616,-0.02540422480497469
7435_liver_sham_Male_10-U1,tierA_p95,Hepatocytes,downstream_arrest,N3,0.0,5.0,0.010881234357875375,0.00955681766571745,0.012183958948054359
7435_liver_sham_Male_10-U1,tierA_p95,Hepatocytes,downstream_arrest,N3,5.0,10.0,0.010880212601306564,0.009966807973583732,0.011945462567124478
7435_liver_sham_Male_10-U1,tierA_p95,Hepatocytes,downstream_arrest,N3,10.0,15.0,0.01086550028944167,0.010000918463161632,0.011925987476525951
7435_liver_sham_Male_10-U1,tierA_p95,Hepatocytes,downstream_arrest,N3,15.0,20.0,0.010873178934933305,0.010053110645160124,0.011845004463797758
7435_liver_sham_Male_10-U1,tierA_p95,Hepatocytes,downstream_arrest,N3,20.0,25.0,0.010873619190649969,0.01003298761954788,0.011867715820516128
7435_liver_sham_Male_10-U1,tierA_p95,Hepatocytes,downstream_arrest,N3,25.0,30.0,0.010866801075992161,0.010016205695833218,0.011840208304113555
7435_liver_sham_Male_10-U1,tierA_p95,Hepatocytes,downstream_arrest,N3,30.0,35.0,0.010870733360324358,0.010064913579622895,0.011808682971411943
7435_liver_sham_Male_10-U1,tierA_p95,Hepatocytes,downstream_arrest,N3,35.0,40.0,0.010865296014986857,0.010012042989720455,0.011807199986907567
7435_liver_sham_Male_10-U1,tierA_p95,Hepatocytes,downstream_arrest,N3,40.0,45.0,0.0108670626550798,0.009965103243457375,0.011771894870347266
7435_liver_sham_Male_10-U1,tierA_p95,Hepatocytes,downstream_arrest,N3,45.0,50.0,0.010867880687572364,0.009988808630328428,0.011782006717166425
7435_liver_sham_Male_10-U1,tierA_p95,Hepatocytes,downstream_arrest,N3,50.0,55.0,0.010864746071479511,0.009959929162360912,0.01184135593990431
7435_liver_sham_Male_10-U1,tierA_p95,Hepatocytes,downstream_arrest,N3,55.0,60.0,0.010869557599823726,0.009921394541633318,0.011804454523109305
7435_liver_sham_Male_10-U1,tierA_p95,Hepatocytes,downstream_arrest,N3,60.0,65.0,0.010858395088600184,0.009864681888444922,0.011840558282790637
7435_liver_sham_Male_10-U1,tierA_p95,Hepatocytes,downstream_arrest,N3,65.0,70.0,0.010853910287485707,0.00984786110789844,0.011846415131209412
7435_liver_sham_Male_10-U1,tierA_p95,Hepatocytes,downstream_arrest,N3,70.0,75.0,0.010847433854003235,0.009845595153673812,0.011854368937904066
7435_liver_sham_Male_10-U1,tierA_p95,Hepatocytes,downstream_arrest,N3,75.0,80.0,0.010866913936304286,0.0097907832887118,0.011890760098232298
7435_liver_sham_Male_10-U1,tierA_p95,Hepatocytes,downstream_arrest,N3,80.0,85.0,0.010869198035713396,0.009791935872079561,0.011990800272402064
7435_liver_sham_Male_10-U1,tierA_p95,Hepatocytes,downstream_arrest,N3,85.0,90.0,0.010830743367910728,0.009646752233417833,0.012022081129577662
7435_liver_sham_Male_10-U1,tierA_p95,Hepatocytes,downstream_arrest,N3,90.0,95.0,0.010844903472383642,0.00953053268272143,0.012145251048127793
7435_liver_sham_Male_10-U1,tierA_p95,Hepatocytes,downstream_arrest,N3,95.0,100.0,0.010949977056919318,0.009122578378587695,0.01339497127345187
7435_liver_sham_Male_10-U1,tierA_p95,Hepatocytes,emt_ecm,N3,0.0,5.0,-0.002100840405346821,-0.0035323490479878643,-0.0007364008179039194
7435_liver_sham_Male_10-U1,tierA_p95,Hepatocytes,emt_ecm,N3,5.0,10.0,-0.0020920730013430405,-0.00332695100506136,-0.0010891292370552347
7435_liver_sham_Male_10-U1,tierA_p95,Hepatocytes,emt_ecm,N3,10.0,15.0,-0.002102294042185242,-0.0031547026345316405,-0.0011100276330802288
7435_liver_sham_Male_10-U1,tierA_p95,Hepatocytes,emt_ecm,N3,15.0,20.0,-0.002114551982888359,-0.003181005783083312,-0.0012122175225619757
7435_liver_sham_Male_10-U1,tierA_p95,Hepatocytes,emt_ecm,N3,20.0,25.0,-0.0020988377064647726,-0.0031067235932139125,-0.0011875354346001948
7435_liver_sham_Male_10-U1,tierA_p95,Hepatocytes,emt_ecm,N3,25.0,30.0,-0.0020973987021516496,-0.0031184987270425337,-0.0011796332736475521
7435_liver_sham_Male_10-U1,tierA_p95,Hepatocytes,emt_ecm,N3,30.0,35.0,-0.002093557054444342,-0.003093113035307986,-0.0012061609174998861
7435_liver_sham_Male_10-U1,tierA_p95,Hepatocytes,emt_ecm,N3,35.0,40.0,-0.0020914638959067837,-0.0030986034865932194,-0.0011844182816315193
7435_liver_sham_Male_10-U1,tierA_p95,Hepatocytes,emt_ecm,N3,40.0,45.0,-0.0020926647387918287,-0.003092355643814773,-0.0011886205394903986
7435_liver_sham_Male_10-U1,tierA_p95,Hepatocytes,emt_ecm,N3,45.0,50.0,-0.002082844512223547,-0.0030163135398821287,-0.0011885950153572794
7435_liver_sham_Male_10-U1,tierA_p95,Hepatocytes,emt_ecm,N3,50.0,55.0,-0.0020945697799335996,-0.003067357597888758,-0.0011545243632958492
7435_liver_sham_Male_10-U1,tierA_p95,Hepatocytes,emt_ecm,N3,55.0,60.0,-0.002093139662840553,-0.0030923035549302565,-0.0011076127657291671
7435_liver_sham_Male_10-U1,tierA_p95,Hepatocytes,emt_ecm,N3,60.0,65.0,-0.0020774520896178882,-0.0031222459360787077,-0.0010622214659667816
7435_liver_sham_Male_10-U1,tierA_p95,Hepatocytes,emt_ecm,N3,65.0,70.0,-0.0021098137917962482,-0.0031725705481868293,-0.0011070947816572971
7435_liver_sham_Male_10-U1,tierA_p95,Hepatocytes,emt_ecm,N3,70.0,75.0,-0.0020891043431753966,-0.003214052546166303,-0.0011004121570980722
7435_liver_sham_Male_10-U1,tierA_p95,Hepatocytes,emt_ecm,N3,75.0,80.0,-0.002054262408666089,-0.0031604951311116247,-0.000942989485740414
7435_liver_sham_Male_10-U1,tierA_p95,Hepatocytes,emt_ecm,N3,80.0,85.0,-0.0020909308128968435,-0.0032470533755839213,-0.0009017091909456593
7435_liver_sham_Male_10-U1,tierA_p95,Hepatocytes,emt_ecm,N3,85.0,90.0,-0.002063904673188112,-0.0033225023917806376,-0.0007571722794335575
7435_liver_sham_Male_10-U1,tierA_p95,Hepatocytes,emt_ecm,N3,90.0,95.0,-0.002088678955862687,-0.0035489543030943877,-0.0006600603622716402
7435_liver_sham_Male_10-U1,tierA_p95,Hepatocytes,emt_ecm,N3,95.0,100.0,-0.002221361906784714,-0.004819306355136311,-0.00014624540898516464
7435_liver_sham_Male_10-U1,tierA_p95,Hepatocytes,il6_jak_stat3,N3,0.0,5.0,-0.04010587964973154,-0.04134320729141871,-0.03870939446849154
7435_liver_sham_Male_10-U1,tierA_p95,Hepatocytes,il6_jak_stat3,N3,5.0,10.0,-0.04007807002720518,-0.04096614288014962,-0.03910342727574202
7435_liver_sham_Male_10-U1,tierA_p95,Hepatocytes,il6_jak_stat3,N3,10.0,15.0,-0.04010076698632392,-0.04081238943444021,-0.03930210074047175
7435_liver_sham_Male_10-U1,tierA_p95,Hepatocytes,il6_jak_stat3,N3,15.0,20.0,-0.04008427199472332,-0.040716395824357696,-0.03940815666608626
7435_liver_sham_Male_10-U1,tierA_p95,Hepatocytes,il6_jak_stat3,N3,20.0,25.0,-0.04009241260709944,-0.040718751212544216,-0.03940750325327124
7435_liver_sham_Male_10-U1,tierA_p95,Hepatocytes,il6_jak_stat3,N3,25.0,30.0,-0.04008600175315911,-0.040685068871096505,-0.039358400709653005
7435_liver_sham_Male_10-U1,tierA_p95,Hepatocytes,il6_jak_stat3,N3,30.0,35.0,-0.04008433553156884,-0.040683788122810566,-0.03945070930715877
7435_liver_sham_Male_10-U1,tierA_p95,Hepatocytes,il6_jak_stat3,N3,35.0,40.0,-0.04007253192375299,-0.04067691845592899,-0.03940493779015714
7435_liver_sham_Male_10-U1,tierA_p95,Hepatocytes,il6_jak_stat3,N3,40.0,45.0,-0.04009903008368913,-0.04073285506594984,-0.03937824936701323
7435_liver_sham_Male_10-U1,tierA_p95,Hepatocytes,il6_jak_stat3,N3,45.0,50.0,-0.04007569078483944,-0.04075481578402693,-0.03935140006067502
7435_liver_sham_Male_10-U1,tierA_p95,Hepatocytes,il6_jak_stat3,N3,50.0,55.0,-0.04008315368955052,-0.04074163739301806,-0.039340349051202775
7435_liver_sham_Male_10-U1,tierA_p95,Hepatocytes,il6_jak_stat3,N3,55.0,60.0,-0.04009488658517307,-0.04083680775621353,-0.03932602330424864
7435_liver_sham_Male_10-U1,tierA_p95,Hepatocytes,il6_jak_stat3,N3,60.0,65.0,-0.04008770088295378,-0.040844593372081545,-0.039214564105460585
7435_liver_sham_Male_10-U1,tierA_p95,Hepatocytes,il6_jak_stat3,N3,65.0,70.0,-0.040081206832410045,-0.04095682967472257,-0.03915542080253448
7435_liver_sham_Male_10-U1,tierA_p95,Hepatocytes,il6_jak_stat3,N3,70.0,75.0,-0.04007615754812725,-0.040963783793463895,-0.03913845952781144
7435_liver_sham_Male_10-U1,tierA_p95,Hepatocytes,il6_jak_stat3,N3,75.0,80.0,-0.04009229175757988,-0.041144210535557786,-0.03892753177973148
7435_liver_sham_Male_10-U1,tierA_p95,Hepatocytes,il6_jak_stat3,N3,80.0,85.0,-0.040119682075510144,-0.041296993056849654,-0.03892176166892859
7435_liver_sham_Male_10-U1,tierA_p95,Hepatocytes,il6_jak_stat3,N3,85.0,90.0,-0.04011697488617464,-0.041414340401660456,-0.03867780341292751
7435_liver_sham_Male_10-U1,tierA_p95,Hepatocytes,il6_jak_stat3,N3,90.0,95.0,-0.040082787110535395,-0.04151524850342551,-0.03857470203272083
7435_liver_sham_Male_10-U1,tierA_p95,Hepatocytes,il6_jak_stat3,N3,95.0,100.0,-0.04005543945920795,-0.04092834874939384,-0.039045919577182876
7435_liver_sham_Male_10-U1,tierA_p95,Hepatocytes,interferon_response,N3,0.0,5.0,-0.008490631796862847,-0.009812759920910274,-0.007143651574875622
7435_liver_sham_Male_10-U1,tierA_p95,Hepatocytes,interferon_response,N3,5.0,10.0,-0.008468834073404477,-0.009386769827543244,-0.0075342163252621235
7435_liver_sham_Male_10-U1,tierA_p95,Hepatocytes,interferon_response,N3,10.0,15.0,-0.008456573969991069,-0.00921908743729671,-0.007609668245844191
7435_liver_sham_Male_10-U1,tierA_p95,Hepatocytes,interferon_response,N3,15.0,20.0,-0.008455373092866163,-0.009133777380550889,-0.007680971858322609
7435_liver_sham_Male_10-U1,tierA_p95,Hepatocytes,interferon_response,N3,20.0,25.0,-0.008478615876487364,-0.009136220813235198,-0.007757546381631395
7435_liver_sham_Male_10-U1,tierA_p95,Hepatocytes,interferon_response,N3,25.0,30.0,-0.008462415022274659,-0.009130656448477307,-0.007770297797427578
7435_liver_sham_Male_10-U1,tierA_p95,Hepatocytes,interferon_response,N3,30.0,35.0,-0.008446487644562331,-0.009094639419764133,-0.007780817888512906
7435_liver_sham_Male_10-U1,tierA_p95,Hepatocytes,interferon_response,N3,35.0,40.0,-0.008468524174850708,-0.009085317305291041,-0.0077723582496713
7435_liver_sham_Male_10-U1,tierA_p95,Hepatocytes,interferon_response,N3,40.0,45.0,-0.008472279301459374,-0.009161051125083305,-0.007725202088839833
7435_liver_sham_Male_10-U1,tierA_p95,Hepatocytes,interferon_response,N3,45.0,50.0,-0.008470916371798698,-0.00916131171342115,-0.007761236288883111
7435_liver_sham_Male_10-U1,tierA_p95,Hepatocytes,interferon_response,N3,50.0,55.0,-0.00846524303919884,-0.009134000973865367,-0.007724956989917356
7435_liver_sham_Male_10-U1,tierA_p95,Hepatocytes,interferon_response,N3,55.0,60.0,-0.008453211559208515,-0.00918280833273744,-0.007614112079908013
7435_liver_sham_Male_10-U1,tierA_p95,Hepatocytes,interferon_response,N3,60.0,65.0,-0.00844665750316633,-0.009211935843106712,-0.0075725315079228995
7435_liver_sham_Male_10-U1,tierA_p95,Hepatocytes,interferon_response,N3,65.0,70.0,-0.008470536424907787,-0.009335584700937701,-0.007541303454729405
7435_liver_sham_Male_10-U1,tierA_p95,Hepatocytes,interferon_response,N3,70.0,75.0,-0.008447539476272812,-0.009432431893368098,-0.00751362915396841
7435_liver_sham_Male_10-U1,tierA_p95,Hepatocytes,interferon_response,N3,75.0,80.0,-0.008454842874733698,-0.009552458101385951,-0.007396615044894313
7435_liver_sham_Male_10-U1,tierA_p95,Hepatocytes,interferon_response,N3,80.0,85.0,-0.00851253836615366,-0.009713821292178857,-0.007226768580803906
7435_liver_sham_Male_10-U1,tierA_p95,Hepatocytes,interferon_response,N3,85.0,90.0,-0.008454914403357544,-0.009892341379323476,-0.007025136599339674
7435_liver_sham_Male_10-U1,tierA_p95,Hepatocytes,interferon_response,N3,90.0,95.0,-0.008468473926138231,-0.010030660385050266,-0.006889512730347276
7435_liver_sham_Male_10-U1,tierA_p95,Hepatocytes,interferon_response,N3,95.0,100.0,-0.008412806672811659,-0.009377189399432046,-0.00726075800537874
7435_liver_sham_Male_10-U1,tierA_p95,Hepatocytes,oxidative_stress,N3,0.0,5.0,0.14597611785782827,0.14208862720384052,0.14960578817689385
7435_liver_sham_Male_10-U1,tierA_p95,Hepatocytes,oxidative_stress,N3,5.0,10.0,0.14604211878043327,0.1431294725099701,0.1486325506193525
7435_liver_sham_Male_10-U1,tierA_p95,Hepatocytes,oxidative_stress,N3,10.0,15.0,0.14604171350184766,0.14366691371171603,0.14833729631672318
7435_liver_sham_Male_10-U1,tierA_p95,Hepatocytes,oxidative_stress,N3,15.0,20.0,0.14603229061173917,0.14355686466127124,0.1481599299413608
7435_liver_sham_Male_10-U1,tierA_p95,Hepatocytes,oxidative_stress,N3,20.0,25.0,0.14604071258393866,0.14360902247552906,0.14819010341058472
7435_liver_sham_Male_10-U1,tierA_p95,Hepatocytes,oxidative_stress,N3,25.0,30.0,0.146027336306155,0.1437480442916144,0.14802156730389646
7435_liver_sham_Male_10-U1,tierA_p95,Hepatocytes,oxidative_stress,N3,30.0,35.0,0.14603636263919992,0.14370930060503978,0.1480255864016364
7435_liver_sham_Male_10-U1,tierA_p95,Hepatocytes,oxidative_stress,N3,35.0,40.0,0.14600900053347188,0.143472173100248,0.14799682224312924
7435_liver_sham_Male_10-U1,tierA_p95,Hepatocytes,oxidative_stress,N3,40.0,45.0,0.14601372332189327,0.14349234237778696,0.14804760207002918
7435_liver_sham_Male_10-U1,tierA_p95,Hepatocytes,oxidative_stress,N3,45.0,50.0,0.14601895897709735,0.14355580232513115,0.14817439226512213
7435_liver_sham_Male_10-U1,tierA_p95,Hepatocytes,oxidative_stress,N3,50.0,55.0,0.1460120081638826,0.14360942415648228,0.1483386337364378
7435_liver_sham_Male_10-U1,tierA_p95,Hepatocytes,oxidative_stress,N3,55.0,60.0,0.14599011249803193,0.14351675086537052,0.1481532356146632
7435_liver_sham_Male_10-U1,tierA_p95,Hepatocytes,oxidative_stress,N3,60.0,65.0,0.14603837551153684,0.1435387151783468,0.14846450662788185
7435_liver_sham_Male_10-U1,tierA_p95,Hepatocytes,oxidative_stress,N3,65.0,70.0,0.14594821354361964,0.14320347436927877,0.1486825113719799
7435_liver_sham_Male_10-U1,tierA_p95,Hepatocytes,oxidative_stress,N3,70.0,75.0,0.14603226077049247,0.1433098791018028,0.14873114357165715
7435_liver_sham_Male_10-U1,tierA_p95,Hepatocytes,oxidative_stress,N3,75.0,80.0,0.14601487621442782,0.14298863242487708,0.14879985952694863
7435_liver_sham_Male_10-U1,tierA_p95,Hepatocytes,oxidative_stress,N3,80.0,85.0,0.1460084154709901,0.14268710309678834,0.14934352404400145
7435_liver_sham_Male_10-U1,tierA_p95,Hepatocytes,oxidative_stress,N3,85.0,90.0,0.14598982467355592,0.14234233931742094,0.14978992439744304
7435_liver_sham_Male_10-U1,tierA_p95,Hepatocytes,oxidative_stress,N3,90.0,95.0,0.1459479390253035,0.14190364623972684,0.14983603622704103
7435_liver_sham_Male_10-U1,tierA_p95,Hepatocytes,oxidative_stress,N3,95.0,100.0,0.14604635848429082,0.1423907591531053,0.15017835344265576
7435_liver_sham_Male_10-U1,tierA_p95,Hepatocytes,secondary_senescence,N3,0.0,5.0,-0.008708322943105912,-0.01029804057580964,-0.007075735115873916
7435_liver_sham_Male_10-U1,tierA_p95,Hepatocytes,secondary_senescence,N3,5.0,10.0,-0.008664108835548807,-0.009629458194190617,-0.007635519653814809
7435_liver_sham_Male_10-U1,tierA_p95,Hepatocytes,secondary_senescence,N3,10.0,15.0,-0.00871465450136993,-0.009515803104251904,-0.007823971838448933
7435_liver_sham_Male_10-U1,tierA_p95,Hepatocytes,secondary_senescence,N3,15.0,20.0,-0.008719810767004536,-0.009434889730739287,-0.007923822508187059
7435_liver_sham_Male_10-U1,tierA_p95,Hepatocytes,secondary_senescence,N3,20.0,25.0,-0.008706675438651182,-0.009356627210094564,-0.008059298816142119
7435_liver_sham_Male_10-U1,tierA_p95,Hepatocytes,secondary_senescence,N3,25.0,30.0,-0.008699349456590868,-0.009359851595854056,-0.007985650986893736
7435_liver_sham_Male_10-U1,tierA_p95,Hepatocytes,secondary_senescence,N3,30.0,35.0,-0.008693684040426522,-0.009351287879198795,-0.007930514789110174
7435_liver_sham_Male_10-U1,tierA_p95,Hepatocytes,secondary_senescence,N3,35.0,40.0,-0.008708392802067236,-0.009371719344326523,-0.008012970639374171
7435_liver_sham_Male_10-U1,tierA_p95,Hepatocytes,secondary_senescence,N3,40.0,45.0,-0.008715788897589559,-0.009370785103447313,-0.007957030207862158
7435_liver_sham_Male_10-U1,tierA_p95,Hepatocytes,secondary_senescence,N3,45.0,50.0,-0.00870135123986676,-0.009389634449648075,-0.007907875578264617
7435_liver_sham_Male_10-U1,tierA_p95,Hepatocytes,secondary_senescence,N3,50.0,55.0,-0.00869749566198805,-0.00943451905781708,-0.007894702951588155
7435_liver_sham_Male_10-U1,tierA_p95,Hepatocytes,secondary_senescence,N3,55.0,60.0,-0.008734351510322199,-0.009538407489907304,-0.007890578211135318
7435_liver_sham_Male_10-U1,tierA_p95,Hepatocytes,secondary_senescence,N3,60.0,65.0,-0.00868287311590836,-0.009563324451548363,-0.007728521536425608
7435_liver_sham_Male_10-U1,tierA_p95,Hepatocytes,secondary_senescence,N3,65.0,70.0,-0.008734108619396008,-0.009685375415745408,-0.007773171786870927
7435_liver_sham_Male_10-U1,tierA_p95,Hepatocytes,secondary_senescence,N3,70.0,75.0,-0.008690561374916304,-0.009836355307342542,-0.007529406179451954
7435_liver_sham_Male_10-U1,tierA_p95,Hepatocytes,secondary_senescence,N3,75.0,80.0,-0.008729773610067196,-0.009990648245744181,-0.00746981108163793
7435_liver_sham_Male_10-U1,tierA_p95,Hepatocytes,secondary_senescence,N3,80.0,85.0,-0.008723198616939406,-0.010169161087975869,-0.007294891923605001
7435_liver_sham_Male_10-U1,tierA_p95,Hepatocytes,secondary_senescence,N3,85.0,90.0,-0.008752649783162347,-0.010352839844264725,-0.007130199296983998
7435_liver_sham_Male_10-U1,tierA_p95,Hepatocytes,secondary_senescence,N3,90.0,95.0,-0.00875006768483155,-0.01049246042449316,-0.007010016594953931
7435_liver_sham_Male_10-U1,tierA_p95,Hepatocytes,secondary_senescence,N3,95.0,100.0,-0.008650344269526383,-0.009352145725113442,-0.007715643758805098
7435_liver_sham_Male_10-U1,tierA_p95,Hepatocytes,tnfa_nfkb_proximal,N3,0.0,5.0,-0.02725863108448626,-0.02832737775722327,-0.026217484178093883
7435_liver_sham_Male_10-U1,tierA_p95,Hepatocytes,tnfa_nfkb_proximal,N3,5.0,10.0,-0.02724481209937422,-0.027896731219617343,-0.026520079492244945
7435_liver_sham_Male_10-U1,tierA_p95,Hepatocytes,tnfa_nfkb_proximal,N3,10.0,15.0,-0.027245086466817513,-0.027822781528310393,-0.026614943567450318
7435_liver_sham_Male_10-U1,tierA_p95,Hepatocytes,tnfa_nfkb_proximal,N3,15.0,20.0,-0.027249684066369156,-0.027788540018204477,-0.026659487352791205
7435_liver_sham_Male_10-U1,tierA_p95,Hepatocytes,tnfa_nfkb_proximal,N3,20.0,25.0,-0.027252771722873305,-0.027785723529341323,-0.026705132020862794
7435_liver_sham_Male_10-U1,tierA_p95,Hepatocytes,tnfa_nfkb_proximal,N3,25.0,30.0,-0.02725002777493084,-0.027715960730901004,-0.02667148454808763
7435_liver_sham_Male_10-U1,tierA_p95,Hepatocytes,tnfa_nfkb_proximal,N3,30.0,35.0,-0.02724282163796954,-0.027693820650743002,-0.026732673552307813
7435_liver_sham_Male_10-U1,tierA_p95,Hepatocytes,tnfa_nfkb_proximal,N3,35.0,40.0,-0.027244053988951036,-0.027729706884563148,-0.026715037505079493
7435_liver_sham_Male_10-U1,tierA_p95,Hepatocytes,tnfa_nfkb_proximal,N3,40.0,45.0,-0.027248795962838707,-0.027743739501878587,-0.0266143415237272
7435_liver_sham_Male_10-U1,tierA_p95,Hepatocytes,tnfa_nfkb_proximal,N3,45.0,50.0,-0.02725021822971772,-0.027783191679083948,-0.02665084111912354
7435_liver_sham_Male_10-U1,tierA_p95,Hepatocytes,tnfa_nfkb_proximal,N3,50.0,55.0,-0.027245102771208573,-0.027794174684297387,-0.026656778229031487
7435_liver_sham_Male_10-U1,tierA_p95,Hepatocytes,tnfa_nfkb_proximal,N3,55.0,60.0,-0.027254086856215186,-0.027849463056072603,-0.026614195985074706
7435_liver_sham_Male_10-U1,tierA_p95,Hepatocytes,tnfa_nfkb_proximal,N3,60.0,65.0,-0.027224814021151667,-0.027832774596898674,-0.02656757265257284
7435_liver_sham_Male_10-U1,tierA_p95,Hepatocytes,tnfa_nfkb_proximal,N3,65.0,70.0,-0.027245700137015133,-0.0279628752181605,-0.026500043968281893
7435_liver_sham_Male_10-U1,tierA_p95,Hepatocytes,tnfa_nfkb_proximal,N3,70.0,75.0,-0.0272481082513339,-0.028032213988906665,-0.02644044139834336
7435_liver_sham_Male_10-U1,tierA_p95,Hepatocytes,tnfa_nfkb_proximal,N3,75.0,80.0,-0.027274872323785348,-0.028070307496070413,-0.026398800067487325
7435_liver_sham_Male_10-U1,tierA_p95,Hepatocytes,tnfa_nfkb_proximal,N3,80.0,85.0,-0.02726959463606696,-0.028163632737304118,-0.026365802555649943
7435_liver_sham_Male_10-U1,tierA_p95,Hepatocytes,tnfa_nfkb_proximal,N3,85.0,90.0,-0.027266891845664994,-0.02832834207625588,-0.026128934247032755
7435_liver_sham_Male_10-U1,tierA_p95,Hepatocytes,tnfa_nfkb_proximal,N3,90.0,95.0,-0.02726595927835563,-0.02841735819440604,-0.026137870392938467
7435_liver_sham_Male_10-U1,tierA_p95,Hepatocytes,tnfa_nfkb_proximal,N3,95.0,100.0,-0.02722059810717205,-0.02796955989346366,-0.02608333229259688
7435_liver_sham_Male_10-U1,tierA_p95,Hepatocytes,downstream_arrest,N4,0.0,5.0,0.010628471386085761,0.009685085344566462,0.011499112894821582
7435_liver_sham_Male_10-U1,tierA_p95,Hepatocytes,downstream_arrest,N4,5.0,10.0,0.010647910061273599,0.010146364024157584,0.011181440013428606
7435_liver_sham_Male_10-U1,tierA_p95,Hepatocytes,downstream_arrest,N4,10.0,15.0,0.010639331843464753,0.01020921400886941,0.011053121094462024
7435_liver_sham_Male_10-U1,tierA_p95,Hepatocytes,downstream_arrest,N4,15.0,20.0,0.010631924440537533,0.010266279493349227,0.011023664959200048
7435_liver_sham_Male_10-U1,tierA_p95,Hepatocytes,downstream_arrest,N4,20.0,25.0,0.010637508759534932,0.010299071912619617,0.010995241287560078
7435_liver_sham_Male_10-U1,tierA_p95,Hepatocytes,downstream_arrest,N4,25.0,30.0,0.010617093311689715,0.010263356026561194,0.010972316162299807
7435_liver_sham_Male_10-U1,tierA_p95,Hepatocytes,downstream_arrest,N4,30.0,35.0,0.010617121136218325,0.010246281627649472,0.01101116076540611
7435_liver_sham_Male_10-U1,tierA_p95,Hepatocytes,downstream_arrest,N4,35.0,40.0,0.010613887524720061,0.010214183354981244,0.0110009306880602
7435_liver_sham_Male_10-U1,tierA_p95,Hepatocytes,downstream_arrest,N4,40.0,45.0,0.010595248848230498,0.010167671590784353,0.011024901315882973
7435_liver_sham_Male_10-U1,tierA_p95,Hepatocytes,downstream_arrest,N4,45.0,50.0,0.010603714069212082,0.010164324974241445,0.011068226356294732
7435_liver_sham_Male_10-U1,tierA_p95,Hepatocytes,downstream_arrest,N4,50.0,55.0,0.010580946079275271,0.010048975882860979,0.011110775478721366
7435_liver_sham_Male_10-U1,tierA_p95,Hepatocytes,downstream_arrest,N4,55.0,60.0,0.010593131564244929,0.010017242234272647,0.011145582626230678
7435_liver_sham_Male_10-U1,tierA_p95,Hepatocytes,downstream_arrest,N4,60.0,65.0,0.010564835901311066,0.009865960730213775,0.011217750331365753
7435_liver_sham_Male_10-U1,tierA_p95,Hepatocytes,downstream_arrest,N4,65.0,70.0,0.010585930582620334,0.009934048936254474,0.011269734496274818
7435_liver_sham_Male_10-U1,tierA_p95,Hepatocytes,downstream_arrest,N4,70.0,75.0,0.010595475908393418,0.009841179348131997,0.011376237489643653
7435_liver_sham_Male_10-U1,tierA_p95,Hepatocytes,downstream_arrest,N4,75.0,80.0,0.01060680795938626,0.009782543788319222,0.011520733341901363
7435_liver_sham_Male_10-U1,tierA_p95,Hepatocytes,downstream_arrest,N4,80.0,85.0,0.010628557188436367,0.009575523366309503,0.011719480571779338
7435_liver_sham_Male_10-U1,tierA_p95,Hepatocytes,downstream_arrest,N4,85.0,90.0,0.010686377195271397,0.00947307973172877,0.0118591180232839
7435_liver_sham_Male_10-U1,tierA_p95,Hepatocytes,downstream_arrest,N4,90.0,95.0,0.010706399100254123,0.00920139119914046,0.012125095926618484
7435_liver_sham_Male_10-U1,tierA_p95,Hepatocytes,downstream_arrest,N4,95.0,100.0,0.012441279581297886,0.011124851560944267,0.013736271891891262
7435_liver_sham_Male_10-U1,tierA_p95,Hepatocytes,emt_ecm,N4,0.0,5.0,-0.0017869533555620544,-0.0027463071900486785,-0.0008301081222854655
7435_liver_sham_Male_10-U1,tierA_p95,Hepatocytes,emt_ecm,N4,5.0,10.0,-0.0017791432495766703,-0.0023503966317015854,-0.001165119216647207
7435_liver_sham_Male_10-U1,tierA_p95,Hepatocytes,emt_ecm,N4,10.0,15.0,-0.0017681290010398624,-0.0022071931116561328,-0.0013202048924835636
7435_liver_sham_Male_10-U1,tierA_p95,Hepatocytes,emt_ecm,N4,15.0,20.0,-0.001749090398316732,-0.0022427661411305367,-0.0012738127444425938
7435_liver_sham_Male_10-U1,tierA_p95,Hepatocytes,emt_ecm,N4,20.0,25.0,-0.0017381555197548396,-0.0022080387400088383,-0.001291880116010102
7435_liver_sham_Male_10-U1,tierA_p95,Hepatocytes,emt_ecm,N4,25.0,30.0,-0.0017084867835262477,-0.0021639800948541977,-0.0012345334110271003
7435_liver_sham_Male_10-U1,tierA_p95,Hepatocytes,emt_ecm,N4,30.0,35.0,-0.0016701319532146264,-0.0021536228526926517,-0.0011813509921342836
7435_liver_sham_Male_10-U1,tierA_p95,Hepatocytes,emt_ecm,N4,35.0,40.0,-0.0016451494881596575,-0.0021403438273144473,-0.0011477775892384167
7435_liver_sham_Male_10-U1,tierA_p95,Hepatocytes,emt_ecm,N4,40.0,45.0,-0.0016444483713275052,-0.0022027490341892703,-0.0010368255384102295
7435_liver_sham_Male_10-U1,tierA_p95,Hepatocytes,emt_ecm,N4,45.0,50.0,-0.0016056194965496052,-0.0022167899105431078,-0.001009094470892745
7435_liver_sham_Male_10-U1,tierA_p95,Hepatocytes,emt_ecm,N4,50.0,55.0,-0.001610858592158407,-0.0022249644390140515,-0.0009568981333570923
7435_liver_sham_Male_10-U1,tierA_p95,Hepatocytes,emt_ecm,N4,55.0,60.0,-0.0016138211360731231,-0.0023220024106668283,-0.0009520225666958453
7435_liver_sham_Male_10-U1,tierA_p95,Hepatocytes,emt_ecm,N4,60.0,65.0,-0.0015966728767704758,-0.0023360817165233314,-0.000801904896105406
7435_liver_sham_Male_10-U1,tierA_p95,Hepatocytes,emt_ecm,N4,65.0,70.0,-0.001599264975270393,-0.0023599068092160316,-0.0007689545586925904
7435_liver_sham_Male_10-U1,tierA_p95,Hepatocytes,emt_ecm,N4,70.0,75.0,-0.0016323024648813985,-0.002609558094043204,-0.0006090288969041628
7435_liver_sham_Male_10-U1,tierA_p95,Hepatocytes,emt_ecm,N4,75.0,80.0,-0.0016462098223861221,-0.002730938983147852,-0.000548787860003122
7435_liver_sham_Male_10-U1,tierA_p95,Hepatocytes,emt_ecm,N4,80.0,85.0,-0.0016840395505463095,-0.002872727287439522,-0.0005000596558086003
7435_liver_sham_Male_10-U1,tierA_p95,Hepatocytes,emt_ecm,N4,85.0,90.0,-0.0018420619934978895,-0.0032132338232487025,-0.0003788544136885575
7435_liver_sham_Male_10-U1,tierA_p95,Hepatocytes,emt_ecm,N4,90.0,95.0,-0.001859863432736519,-0.0034664396414993155,-0.0002499088900582237
7435_liver_sham_Male_10-U1,tierA_p95,Hepatocytes,emt_ecm,N4,95.0,100.0,-0.004585631241830451,-0.005941390290504049,-0.0030333843329882313
7435_liver_sham_Male_10-U1,tierA_p95,Hepatocytes,il6_jak_stat3,N4,0.0,5.0,-0.04016328778119525,-0.04132723667103775,-0.03899623295026734
7435_liver_sham_Male_10-U1,tierA_p95,Hepatocytes,il6_jak_stat3,N4,5.0,10.0,-0.04017149554503264,-0.04083277455637768,-0.03948665899177611
7435_liver_sham_Male_10-U1,tierA_p95,Hepatocytes,il6_jak_stat3,N4,10.0,15.0,-0.040165144764911204,-0.04069653159866568,-0.03963996822274247
7435_liver_sham_Male_10-U1,tierA_p95,Hepatocytes,il6_jak_stat3,N4,15.0,20.0,-0.04016402322458116,-0.04062376557221726,-0.039700005844431056
7435_liver_sham_Male_10-U1,tierA_p95,Hepatocytes,il6_jak_stat3,N4,20.0,25.0,-0.040150402076977634,-0.040586426952702405,-0.03975239307292651
7435_liver_sham_Male_10-U1,tierA_p95,Hepatocytes,il6_jak_stat3,N4,25.0,30.0,-0.04016412673728513,-0.04057242428029675,-0.039735749161163535
7435_liver_sham_Male_10-U1,tierA_p95,Hepatocytes,il6_jak_stat3,N4,30.0,35.0,-0.04014508955687533,-0.040556312140195984,-0.03973516036805538
7435_liver_sham_Male_10-U1,tierA_p95,Hepatocytes,il6_jak_stat3,N4,35.0,40.0,-0.04017283101381173,-0.04060107888734082,-0.03974607073469543
7435_liver_sham_Male_10-U1,tierA_p95,Hepatocytes,il6_jak_stat3,N4,40.0,45.0,-0.04017435255459292,-0.04060741344317856,-0.039770345603391384
7435_liver_sham_Male_10-U1,tierA_p95,Hepatocytes,il6_jak_stat3,N4,45.0,50.0,-0.04018334905472785,-0.040640398409911294,-0.03972773593361299
7435_liver_sham_Male_10-U1,tierA_p95,Hepatocytes,il6_jak_stat3,N4,50.0,55.0,-0.04017802921230724,-0.040670749497124875,-0.03969784899403613
7435_liver_sham_Male_10-U1,tierA_p95,Hepatocytes,il6_jak_stat3,N4,55.0,60.0,-0.04016026026206762,-0.040767482103614854,-0.0395945813587077
7435_liver_sham_Male_10-U1,tierA_p95,Hepatocytes,il6_jak_stat3,N4,60.0,65.0,-0.04016634111488194,-0.040809930715556955,-0.03957846284231183
7435_liver_sham_Male_10-U1,tierA_p95,Hepatocytes,il6_jak_stat3,N4,65.0,70.0,-0.04015480927069126,-0.04096745362240444,-0.03937619282421156
7435_liver_sham_Male_10-U1,tierA_p95,Hepatocytes,il6_jak_stat3,N4,70.0,75.0,-0.04010639169586087,-0.04091089569530887,-0.03924364738901776
7435_liver_sham_Male_10-U1,tierA_p95,Hepatocytes,il6_jak_stat3,N4,75.0,80.0,-0.040088788134484625,-0.041087433015844436,-0.03909907466900096
7435_liver_sham_Male_10-U1,tierA_p95,Hepatocytes,il6_jak_stat3,N4,80.0,85.0,-0.04009829962681948,-0.04116842589411509,-0.03896818326558566
7435_liver_sham_Male_10-U1,tierA_p95,Hepatocytes,il6_jak_stat3,N4,85.0,90.0,-0.04006521399445279,-0.041315973624124244,-0.0387618013099292
7435_liver_sham_Male_10-U1,tierA_p95,Hepatocytes,il6_jak_stat3,N4,90.0,95.0,-0.040099990296285894,-0.04156468066855576,-0.038567297014602576
7435_liver_sham_Male_10-U1,tierA_p95,Hepatocytes,il6_jak_stat3,N4,95.0,100.0,-0.03957993748731846,-0.04006957639263464,-0.03846094989031454
7435_liver_sham_Male_10-U1,tierA_p95,Hepatocytes,interferon_response,N4,0.0,5.0,-0.008545270862578743,-0.009614252552720448,-0.0074763015864405084
7435_liver_sham_Male_10-U1,tierA_p95,Hepatocytes,interferon_response,N4,5.0,10.0,-0.008622152411952175,-0.009280788097264155,-0.007991900504403612
7435_liver_sham_Male_10-U1,tierA_p95,Hepatocytes,interferon_response,N4,10.0,15.0,-0.00866134742139937,-0.009182746680922263,-0.00816753016554504
7435_liver_sham_Male_10-U1,tierA_p95,Hepatocytes,interferon_response,N4,15.0,20.0,-0.008654865088261745,-0.00912545392473466,-0.008197962809342986
7435_liver_sham_Male_10-U1,tierA_p95,Hepatocytes,interferon_response,N4,20.0,25.0,-0.008634235822031546,-0.009053753872572545,-0.008187991740498005
7435_liver_sham_Male_10-U1,tierA_p95,Hepatocytes,interferon_response,N4,25.0,30.0,-0.00864425375577899,-0.009049264554036837,-0.008241511096446944
7435_liver_sham_Male_10-U1,tierA_p95,Hepatocytes,interferon_response,N4,30.0,35.0,-0.008657382555805532,-0.009022237324182674,-0.008272663813269552
7435_liver_sham_Male_10-U1,tierA_p95,Hepatocytes,interferon_response,N4,35.0,40.0,-0.00866382276146193,-0.009087922039908384,-0.008247988981884394
7435_liver_sham_Male_10-U1,tierA_p95,Hepatocytes,interferon_response,N4,40.0,45.0,-0.00865801632794024,-0.009113032645482931,-0.008199427398437131
7435_liver_sham_Male_10-U1,tierA_p95,Hepatocytes,interferon_response,N4,45.0,50.0,-0.008673691067739103,-0.009126073956058129,-0.008192643057408015
7435_liver_sham_Male_10-U1,tierA_p95,Hepatocytes,interferon_response,N4,50.0,55.0,-0.008655783445777495,-0.009177812153974327,-0.008128554067782496
7435_liver_sham_Male_10-U1,tierA_p95,Hepatocytes,interferon_response,N4,55.0,60.0,-0.008639159530846109,-0.009240801250607653,-0.008072530302864984
7435_liver_sham_Male_10-U1,tierA_p95,Hepatocytes,interferon_response,N4,60.0,65.0,-0.008641738749655428,-0.009303981832011053,-0.007966024186494237
7435_liver_sham_Male_10-U1,tierA_p95,Hepatocytes,interferon_response,N4,65.0,70.0,-0.008618403287563,-0.009379430697912779,-0.00784738450539702
7435_liver_sham_Male_10-U1,tierA_p95,Hepatocytes,interferon_response,N4,70.0,75.0,-0.008614624360034871,-0.009486134034779352,-0.0076364525620983385
7435_liver_sham_Male_10-U1,tierA_p95,Hepatocytes,interferon_response,N4,75.0,80.0,-0.008598341483173993,-0.009668201949501968,-0.007539460839553233
7435_liver_sham_Male_10-U1,tierA_p95,Hepatocytes,interferon_response,N4,80.0,85.0,-0.008622967637494925,-0.009800311948413841,-0.0073941844363136335
7435_liver_sham_Male_10-U1,tierA_p95,Hepatocytes,interferon_response,N4,85.0,90.0,-0.008579866139204457,-0.010064858231277354,-0.00695698931087881
7435_liver_sham_Male_10-U1,tierA_p95,Hepatocytes,interferon_response,N4,90.0,95.0,-0.008558144173459008,-0.010385484095934676,-0.006822782226995754
7435_liver_sham_Male_10-U1,tierA_p95,Hepatocytes,interferon_response,N4,95.0,100.0,-0.007168152891479163,-0.008167015403215792,-0.0043177309471844885
7435_liver_sham_Male_10-U1,tierA_p95,Hepatocytes,oxidative_stress,N4,0.0,5.0,0.1460480497500007,0.14316676166609726,0.14894706552162745
7435_liver_sham_Male_10-U1,tierA_p95,Hepatocytes,oxidative_stress,N4,5.0,10.0,0.14594348842401372,0.14398722289972807,0.14769986032068697
7435_liver_sham_Male_10-U1,tierA_p95,Hepatocytes,oxidative_stress,N4,10.0,15.0,0.14590474166907927,0.14455443885783134,0.1472796759032656
7435_liver_sham_Male_10-U1,tierA_p95,Hepatocytes,oxidative_stress,N4,15.0,20.0,0.1458920938722571,0.14461856264660303,0.14709089937655764
7435_liver_sham_Male_10-U1,tierA_p95,Hepatocytes,oxidative_stress,N4,20.0,25.0,0.14588949662226186,0.14469228141379248,0.14697320589693263
7435_liver_sham_Male_10-U1,tierA_p95,Hepatocytes,oxidative_stress,N4,25.0,30.0,0.14582844821491503,0.1447076477817738,0.14691795868230714
7435_liver_sham_Male_10-U1,tierA_p95,Hepatocytes,oxidative_stress,N4,30.0,35.0,0.14577078706804994,0.14468793648236233,0.14685358500630558
7435_liver_sham_Male_10-U1,tierA_p95,Hepatocytes,oxidative_stress,N4,35.0,40.0,0.14571718151471066,0.144580755335353,0.14681764005609663
7435_liver_sham_Male_10-U1,tierA_p95,Hepatocytes,oxidative_stress,N4,40.0,45.0,0.1456970349689023,0.1445142761205142,0.14693961032405276
7435_liver_sham_Male_10-U1,tierA_p95,Hepatocytes,oxidative_stress,N4,45.0,50.0,0.14567673151425597,0.1443278941111135,0.1469411591191125
7435_liver_sham_Male_10-U1,tierA_p95,Hepatocytes,oxidative_stress,N4,50.0,55.0,0.14561922193427457,0.14414104952887263,0.14707556192468454
7435_liver_sham_Male_10-U1,tierA_p95,Hepatocytes,oxidative_stress,N4,55.0,60.0,0.1455980959534856,0.14403208129285858,0.1471292168161219
7435_liver_sham_Male_10-U1,tierA_p95,Hepatocytes,oxidative_stress,N4,60.0,65.0,0.1455591549705792,0.14350626685385853,0.14738935156743066
7435_liver_sham_Male_10-U1,tierA_p95,Hepatocytes,oxidative_stress,N4,65.0,70.0,0.145391215086162,0.14309206456285228,0.14735509198844765
7435_liver_sham_Male_10-U1,tierA_p95,Hepatocytes,oxidative_stress,N4,70.0,75.0,0.14544685369915525,0.14297314404040457,0.1480453534412657
7435_liver_sham_Male_10-U1,tierA_p95,Hepatocytes,oxidative_stress,N4,75.0,80.0,0.14539304230908107,0.1426393298415113,0.148036038979933
7435_liver_sham_Male_10-U1,tierA_p95,Hepatocytes,oxidative_stress,N4,80.0,85.0,0.1455224770243011,0.14228061678783976,0.1485423792639118
7435_liver_sham_Male_10-U1,tierA_p95,Hepatocytes,oxidative_stress,N4,85.0,90.0,0.14549757171553185,0.14154318385960316,0.1492420333184226
7435_liver_sham_Male_10-U1,tierA_p95,Hepatocytes,oxidative_stress,N4,90.0,95.0,0.14546372892069093,0.14072882646116733,0.1497775299365688
7435_liver_sham_Male_10-U1,tierA_p95,Hepatocytes,oxidative_stress,N4,95.0,100.0,0.1477125851354597,0.14581842833285516,0.14895023307865776
7435_liver_sham_Male_10-U1,tierA_p95,Hepatocytes,secondary_senescence,N4,0.0,5.0,-0.008776998200581997,-0.010183978052977648,-0.007447627324710484
7435_liver_sham_Male_10-U1,tierA_p95,Hepatocytes,secondary_senescence,N4,5.0,10.0,-0.00877969100736993,-0.009541548191404712,-0.007940054435035161
7435_liver_sham_Male_10-U1,tierA_p95,Hepatocytes,secondary_senescence,N4,10.0,15.0,-0.008792594232641273,-0.009420236931895717,-0.008160397659950351
7435_liver_sham_Male_10-U1,tierA_p95,Hepatocytes,secondary_senescence,N4,15.0,20.0,-0.008803670833404628,-0.009430184992807556,-0.008264344666944836
7435_liver_sham_Male_10-U1,tierA_p95,Hepatocytes,secondary_senescence,N4,20.0,25.0,-0.00881843425554258,-0.009315380633147572,-0.008320558887886503
7435_liver_sham_Male_10-U1,tierA_p95,Hepatocytes,secondary_senescence,N4,25.0,30.0,-0.008821733613936263,-0.009323524640534785,-0.008333500988282979
7435_liver_sham_Male_10-U1,tierA_p95,Hepatocytes,secondary_senescence,N4,30.0,35.0,-0.008832668668852217,-0.009324522381597146,-0.008360343582974238
7435_liver_sham_Male_10-U1,tierA_p95,Hepatocytes,secondary_senescence,N4,35.0,40.0,-0.008827799277588956,-0.009365020213944553,-0.008299667172454592
7435_liver_sham_Male_10-U1,tierA_p95,Hepatocytes,secondary_senescence,N4,40.0,45.0,-0.008845342156603226,-0.009391034086475363,-0.008333044236267954
7435_liver_sham_Male_10-U1,tierA_p95,Hepatocytes,secondary_senescence,N4,45.0,50.0,-0.008864147850030908,-0.009434674977122005,-0.008249713230576295
7435_liver_sham_Male_10-U1,tierA_p95,Hepatocytes,secondary_senescence,N4,50.0,55.0,-0.008834834482335128,-0.009488297971343956,-0.008196516874045448
7435_liver_sham_Male_10-U1,tierA_p95,Hepatocytes,secondary_senescence,N4,55.0,60.0,-0.008827937481275725,-0.009511789584298805,-0.008135825636281523
7435_liver_sham_Male_10-U1,tierA_p95,Hepatocytes,secondary_senescence,N4,60.0,65.0,-0.008864277574059774,-0.009603234204959524,-0.008070837042860806
7435_liver_sham_Male_10-U1,tierA_p95,Hepatocytes,secondary_senescence,N4,65.0,70.0,-0.008845125378684433,-0.00969962410591482,-0.0079957138579874
7435_liver_sham_Male_10-U1,tierA_p95,Hepatocytes,secondary_senescence,N4,70.0,75.0,-0.00883032572207463,-0.009781026070236032,-0.007804910639187011
7435_liver_sham_Male_10-U1,tierA_p95,Hepatocytes,secondary_senescence,N4,75.0,80.0,-0.008846150960206007,-0.010032633310507954,-0.007639547359849342
7435_liver_sham_Male_10-U1,tierA_p95,Hepatocytes,secondary_senescence,N4,80.0,85.0,-0.008786270088546632,-0.010171894964171068,-0.007398736356427168
7435_liver_sham_Male_10-U1,tierA_p95,Hepatocytes,secondary_senescence,N4,85.0,90.0,-0.008709897715061605,-0.010282612842085625,-0.00714981123666248
7435_liver_sham_Male_10-U1,tierA_p95,Hepatocytes,secondary_senescence,N4,90.0,95.0,-0.008610552053542784,-0.010421828423924058,-0.006583078474849601
7435_liver_sham_Male_10-U1,tierA_p95,Hepatocytes,secondary_senescence,N4,95.0,100.0,-0.007989093583111614,-0.008697369625478091,-0.006883716583859424
7435_liver_sham_Male_10-U1,tierA_p95,Hepatocytes,tnfa_nfkb_proximal,N4,0.0,5.0,-0.027211480514392723,-0.02805482357418242,-0.026334592989722395
7435_liver_sham_Male_10-U1,tierA_p95,Hepatocytes,tnfa_nfkb_proximal,N4,5.0,10.0,-0.02725725776997271,-0.027764234894358995,-0.0267218096508314
7435_liver_sham_Male_10-U1,tierA_p95,Hepatocytes,tnfa_nfkb_proximal,N4,10.0,15.0,-0.02725786596425706,-0.027687835271460123,-0.026846864033470922
7435_liver_sham_Male_10-U1,tierA_p95,Hepatocytes,tnfa_nfkb_proximal,N4,15.0,20.0,-0.027267679444311632,-0.02764580418673169,-0.02690728610767731
7435_liver_sham_Male_10-U1,tierA_p95,Hepatocytes,tnfa_nfkb_proximal,N4,20.0,25.0,-0.027268385262892388,-0.0276218322644754,-0.026947575339594517
7435_liver_sham_Male_10-U1,tierA_p95,Hepatocytes,tnfa_nfkb_proximal,N4,25.0,30.0,-0.027286276128764102,-0.027627407226608166,-0.02695615207426004
7435_liver_sham_Male_10-U1,tierA_p95,Hepatocytes,tnfa_nfkb_proximal,N4,30.0,35.0,-0.02729239873099514,-0.027584024003247155,-0.026956418100499993
7435_liver_sham_Male_10-U1,tierA_p95,Hepatocytes,tnfa_nfkb_proximal,N4,35.0,40.0,-0.02730193815100935,-0.027640685125730542,-0.026961424337318754
7435_liver_sham_Male_10-U1,tierA_p95,Hepatocytes,tnfa_nfkb_proximal,N4,40.0,45.0,-0.02732591912452775,-0.02767371532621227,-0.02697856358914344
7435_liver_sham_Male_10-U1,tierA_p95,Hepatocytes,tnfa_nfkb_proximal,N4,45.0,50.0,-0.027313519224105305,-0.0276502323021704,-0.026934406074161643
7435_liver_sham_Male_10-U1,tierA_p95,Hepatocytes,tnfa_nfkb_proximal,N4,50.0,55.0,-0.02731100757276119,-0.027674612017170728,-0.026949524859501795
7435_liver_sham_Male_10-U1,tierA_p95,Hepatocytes,tnfa_nfkb_proximal,N4,55.0,60.0,-0.02731223639231309,-0.02777125918564109,-0.026844777615078086
7435_liver_sham_Male_10-U1,tierA_p95,Hepatocytes,tnfa_nfkb_proximal,N4,60.0,65.0,-0.02732971736318576,-0.027835717043829547,-0.026788243605596233
7435_liver_sham_Male_10-U1,tierA_p95,Hepatocytes,tnfa_nfkb_proximal,N4,65.0,70.0,-0.027336358604359127,-0.02789513652791752,-0.02676341554182347
7435_liver_sham_Male_10-U1,tierA_p95,Hepatocytes,tnfa_nfkb_proximal,N4,70.0,75.0,-0.027311455676154832,-0.027966825449514475,-0.02665897658046773
7435_liver_sham_Male_10-U1,tierA_p95,Hepatocytes,tnfa_nfkb_proximal,N4,75.0,80.0,-0.02730385985843553,-0.02807575349997081,-0.026549321297276458
7435_liver_sham_Male_10-U1,tierA_p95,Hepatocytes,tnfa_nfkb_proximal,N4,80.0,85.0,-0.027305012677192292,-0.02819935602674445,-0.026414901419531164
7435_liver_sham_Male_10-U1,tierA_p95,Hepatocytes,tnfa_nfkb_proximal,N4,85.0,90.0,-0.027214404873352818,-0.028264164439330674,-0.026151261837314598
7435_liver_sham_Male_10-U1,tierA_p95,Hepatocytes,tnfa_nfkb_proximal,N4,90.0,95.0,-0.02719406095411477,-0.028478617584201484,-0.02587634358740708
7435_liver_sham_Male_10-U1,tierA_p95,Hepatocytes,tnfa_nfkb_proximal,N4,95.0,100.0,-0.026947999966670313,-0.027374089340240337,-0.02601473577338015
