sample,module,sender_call,celltype,bin_um,bin_mean_d_um,mean,n,sem,bin_nn_units
7361_liver_sbr_Male_2-U1,secondary_senescence,tierA_p95,ALL,5.0,7.927067592014585,-0.0082852375180931,11071.0,0.0019672382077746,0.5699210393545966
7361_liver_sbr_Male_2-U1,secondary_senescence,tierA_p95,ALL,15.0,15.12374973625136,0.0084710002644657,47972.0,0.0009371747002997,1.7097631180637898
7361_liver_sbr_Male_2-U1,secondary_senescence,tierA_p95,ALL,25.0,24.85404109227528,-0.0009647876895362,44320.0,0.0009557499914708,2.8496051967729827
7361_liver_sbr_Male_2-U1,secondary_senescence,tierA_p95,ALL,35.0,34.681615909204275,-0.0132893538259619,34063.0,0.001050047242587,3.989447275482176
7361_liver_sbr_Male_2-U1,secondary_senescence,tierA_p95,ALL,45.0,44.6293488500849,-0.0271286044266096,21918.0,0.0012707971481717,5.1292893541913696
7361_liver_sbr_Male_2-U1,secondary_senescence,tierA_p95,ALL,55.0,54.49600071904424,-0.0393328876636346,12743.0,0.0015929887232663,6.269131432900562
7361_liver_sbr_Male_2-U1,secondary_senescence,tierA_p95,ALL,65.0,64.43820996485228,-0.0458905479239014,6556.0,0.0021360247024287,7.408973511609756
7361_liver_sbr_Male_2-U1,secondary_senescence,tierA_p95,ALL,75.0,74.35051166493903,-0.0513868883489821,3295.0,0.0031097621900835,8.548815590318949
7361_liver_sbr_Male_2-U1,secondary_senescence,tierA_p95,ALL,85.0,84.27965553329744,-0.0530200439893496,1491.0,0.0045025568638134,9.688657669028142
7361_liver_sbr_Male_2-U1,secondary_senescence,tierA_p95,ALL,95.0,94.10899732257522,-0.0653469582906901,511.0,0.0077884126075612,10.828499747737336
7361_liver_sbr_Male_2-U1,secondary_senescence,tierA_p95,ALL,105.0,104.17710250237084,-0.1135549963259466,173.0,0.0119015634445963,11.968341826446528
7361_liver_sbr_Male_2-U1,secondary_senescence,tierA_p95,ALL,115.0,114.0008905728658,-0.1363392164930701,48.0,0.0197402692955263,13.10818390515572
7361_liver_sbr_Male_2-U1,secondary_senescence,tierA_p95,ALL,125.0,125.38352067129952,-0.1892429253286016,28.0,0.0274016725832276,14.248025983864917
7361_liver_sbr_Male_2-U1,secondary_senescence,tierA_p95,ALL,135.0,135.2321952537254,-0.2099723023151185,27.0,0.0287409367237766,15.387868062574109
7361_liver_sbr_Male_2-U1,secondary_senescence,tierA_p95,ALL,145.0,144.521600474482,-0.2386292679154354,23.0,0.0304290266791143,16.5277101412833
7361_liver_sbr_Male_2-U1,secondary_senescence,tierA_p95,ALL,155.0,154.00828742980957,-0.1821822510100901,8.0,0.0500163145648522,17.667552219992494
7361_liver_sbr_Male_2-U1,secondary_senescence,tierA_p95,ALL,165.0,165.09288279215494,-0.1447231421868006,6.0,0.0737065939496239,18.807394298701688
7361_liver_sbr_Male_2-U1,secondary_senescence,tierA_p95,ALL,175.0,177.62265319824218,-0.273320585489273,5.0,0.0208286620221272,19.94723637741088
7361_liver_sbr_Male_2-U1,secondary_senescence,tierA_p95,ALL,185.0,184.518310546875,-0.2377311438322067,1.0,0.0,21.087078456120075
7361_liver_sbr_Male_2-U1,secondary_senescence,tierA_p95,ALL,195.0,198.4452972412109,-0.3071056008338928,1.0,0.0,22.22692053482927
7361_liver_sbr_Male_2-U1,secondary_senescence,tierA_p95,ALL,205.0,202.6992950439453,-0.3071056008338928,2.0,0.0,23.36676261353846
7361_liver_sbr_Male_2-U1,secondary_senescence,tierA_p95,ALL,215.0,213.41226196289065,-0.3071056008338928,3.0,0.0,24.50660469224765
7361_liver_sbr_Male_2-U1,secondary_senescence,tierA_p95,ALL,225.0,225.50973510742188,-0.1256901204586029,5.0,0.0854869186960543,25.64644677095685
7361_liver_sbr_Male_2-U1,secondary_senescence,tierA_p95,ALL,235.0,234.07869720458984,-0.2324916943907737,2.0,0.0527599992167481,26.78628884966604
7361_liver_sbr_Male_2-U1,secondary_senescence,tierA_p95,ALL,245.0,,,0.0,,27.926130928375237
7361_liver_sbr_Male_2-U1,secondary_senescence,tierA_p95,ALL,255.0,,,0.0,,29.065973007084427
7361_liver_sbr_Male_2-U1,secondary_senescence,tierA_p95,ALL,265.0,,,0.0,,30.20581508579362
7361_liver_sbr_Male_2-U1,secondary_senescence,tierA_p95,ALL,275.0,,,0.0,,31.34565716450281
7361_liver_sbr_Male_2-U1,secondary_senescence,tierA_p95,ALL,285.0,280.1867980957031,-0.3071056008338928,1.0,0.0,32.485499243212004
7361_liver_sbr_Male_2-U1,secondary_senescence,tierA_p95,ALL,295.0,,,0.0,,33.6253413219212
7361_liver_sbr_Male_2-U1,tnfa_nfkb_proximal,tierA_p95,ALL,5.0,7.927067592014585,-0.0119637839045832,11071.0,0.0016853166566446,0.5699210393545966
7361_liver_sbr_Male_2-U1,tnfa_nfkb_proximal,tierA_p95,ALL,15.0,15.12374973625136,0.0101807247664297,47972.0,0.000783072778359,1.7097631180637898
7361_liver_sbr_Male_2-U1,tnfa_nfkb_proximal,tierA_p95,ALL,25.0,24.85404109227528,0.0010247091736731,44320.0,0.0007971169033209,2.8496051967729827
7361_liver_sbr_Male_2-U1,tnfa_nfkb_proximal,tierA_p95,ALL,35.0,34.681615909204275,-0.0112719690273375,34063.0,0.0008665004954664,3.989447275482176
7361_liver_sbr_Male_2-U1,tnfa_nfkb_proximal,tierA_p95,ALL,45.0,44.6293488500849,-0.0236064565873665,21918.0,0.001040906938928,5.1292893541913696
7361_liver_sbr_Male_2-U1,tnfa_nfkb_proximal,tierA_p95,ALL,55.0,54.49600071904424,-0.0331682148051308,12743.0,0.0013224656776986,6.269131432900562
7361_liver_sbr_Male_2-U1,tnfa_nfkb_proximal,tierA_p95,ALL,65.0,64.43820996485228,-0.0426948079108345,6556.0,0.0017231158674548,7.408973511609756
7361_liver_sbr_Male_2-U1,tnfa_nfkb_proximal,tierA_p95,ALL,75.0,74.35051166493903,-0.0494679704493925,3295.0,0.0024738571933095,8.548815590318949
7361_liver_sbr_Male_2-U1,tnfa_nfkb_proximal,tierA_p95,ALL,85.0,84.27965553329744,-0.0470294652891812,1491.0,0.0037910252728495,9.688657669028142
7361_liver_sbr_Male_2-U1,tnfa_nfkb_proximal,tierA_p95,ALL,95.0,94.10899732257522,-0.0695730562252015,511.0,0.0058133854961954,10.828499747737336
7361_liver_sbr_Male_2-U1,tnfa_nfkb_proximal,tierA_p95,ALL,105.0,104.17710250237084,-0.0967813519324156,173.0,0.0095250030730359,11.968341826446528
7361_liver_sbr_Male_2-U1,tnfa_nfkb_proximal,tierA_p95,ALL,115.0,114.0008905728658,-0.1351601824280806,48.0,0.0184314252575404,13.10818390515572
7361_liver_sbr_Male_2-U1,tnfa_nfkb_proximal,tierA_p95,ALL,125.0,125.38352067129952,-0.1701934870465525,28.0,0.0323423780111286,14.248025983864917
7361_liver_sbr_Male_2-U1,tnfa_nfkb_proximal,tierA_p95,ALL,135.0,135.2321952537254,-0.199342158967974,27.0,0.0292196013627932,15.387868062574109
7361_liver_sbr_Male_2-U1,tnfa_nfkb_proximal,tierA_p95,ALL,145.0,144.521600474482,-0.2384091704759909,23.0,0.0299238110955829,16.5277101412833
7361_liver_sbr_Male_2-U1,tnfa_nfkb_proximal,tierA_p95,ALL,155.0,154.00828742980957,-0.1754451221786439,8.0,0.0379804707310124,17.667552219992494
7361_liver_sbr_Male_2-U1,tnfa_nfkb_proximal,tierA_p95,ALL,165.0,165.09288279215494,-0.1265350400159756,6.0,0.0380539972775599,18.807394298701688
7361_liver_sbr_Male_2-U1,tnfa_nfkb_proximal,tierA_p95,ALL,175.0,177.62265319824218,-0.2183692350983619,5.0,0.0359572564490939,19.94723637741088
7361_liver_sbr_Male_2-U1,tnfa_nfkb_proximal,tierA_p95,ALL,185.0,184.518310546875,-0.1536290198564529,1.0,0.0,21.087078456120075
7361_liver_sbr_Male_2-U1,tnfa_nfkb_proximal,tierA_p95,ALL,195.0,198.4452972412109,-0.2376000434160232,1.0,0.0,22.22692053482927
7361_liver_sbr_Male_2-U1,tnfa_nfkb_proximal,tierA_p95,ALL,205.0,202.6992950439453,-0.2717721462249756,2.0,0.0201806064900164,23.36676261353846
7361_liver_sbr_Male_2-U1,tnfa_nfkb_proximal,tierA_p95,ALL,215.0,213.41226196289065,-0.2804162998994191,3.0,0.016707832788183,24.50660469224765
7361_liver_sbr_Male_2-U1,tnfa_nfkb_proximal,tierA_p95,ALL,225.0,225.50973510742188,-0.1250863596796989,5.0,0.0537700321619967,25.64644677095685
7361_liver_sbr_Male_2-U1,tnfa_nfkb_proximal,tierA_p95,ALL,235.0,234.07869720458984,-0.2412767931818962,2.0,0.0294641084190488,26.78628884966604
7361_liver_sbr_Male_2-U1,tnfa_nfkb_proximal,tierA_p95,ALL,245.0,,,0.0,,27.926130928375237
7361_liver_sbr_Male_2-U1,tnfa_nfkb_proximal,tierA_p95,ALL,255.0,,,0.0,,29.065973007084427
7361_liver_sbr_Male_2-U1,tnfa_nfkb_proximal,tierA_p95,ALL,265.0,,,0.0,,30.20581508579362
7361_liver_sbr_Male_2-U1,tnfa_nfkb_proximal,tierA_p95,ALL,275.0,,,0.0,,31.34565716450281
7361_liver_sbr_Male_2-U1,tnfa_nfkb_proximal,tierA_p95,ALL,285.0,280.1867980957031,0.1280600726604461,1.0,0.0,32.485499243212004
7361_liver_sbr_Male_2-U1,tnfa_nfkb_proximal,tierA_p95,ALL,295.0,,,0.0,,33.6253413219212
7352_liver_sham_Male_2-U1,secondary_senescence,tierA_p95,ALL,5.0,7.921960137038805,0.0245303061305467,6025.0,0.0026560677362699,0.5099632443466476
7352_liver_sham_Male_2-U1,secondary_senescence,tierA_p95,ALL,15.0,15.16070251390961,0.0041316426759663,27623.0,0.001052109232689,1.529889733039943
7352_liver_sham_Male_2-U1,secondary_senescence,tierA_p95,ALL,25.0,24.97025959003178,-0.0081412788619451,28656.0,0.0009917692374891,2.5498162217332383
7352_liver_sham_Male_2-U1,secondary_senescence,tierA_p95,ALL,35.0,34.80703771039684,-0.0131000617768548,25226.0,0.0010416381875862,3.569742710426534
7352_liver_sham_Male_2-U1,secondary_senescence,tierA_p95,ALL,45.0,44.64847000435584,-0.0183473196544607,18154.0,0.0012141433990873,4.589669199119829
7352_liver_sham_Male_2-U1,secondary_senescence,tierA_p95,ALL,55.0,54.60960564343495,-0.025266943772717,11804.0,0.0014810252117703,5.609595687813124
7352_liver_sham_Male_2-U1,secondary_senescence,tierA_p95,ALL,65.0,64.65010686450837,-0.0284233711847701,6998.0,0.0018954300914454,6.62952217650642
7352_liver_sham_Male_2-U1,secondary_senescence,tierA_p95,ALL,75.0,74.47675463433802,-0.0342977438224607,3887.0,0.0025453958078706,7.649448665199715
7352_liver_sham_Male_2-U1,secondary_senescence,tierA_p95,ALL,85.0,84.36239926895163,-0.0424479414788178,2053.0,0.0034281767219623,8.66937515389301
7352_liver_sham_Male_2-U1,secondary_senescence,tierA_p95,ALL,95.0,94.3390591445847,-0.03714906185937,1005.0,0.0052931353055875,9.689301642586306
7352_liver_sham_Male_2-U1,secondary_senescence,tierA_p95,ALL,105.0,104.44343610079784,-0.0422801743026,477.0,0.007432632338498,10.709228131279602
7352_liver_sham_Male_2-U1,secondary_senescence,tierA_p95,ALL,115.0,114.20108565023122,-0.0484663708072828,242.0,0.0101063459166886,11.729154619972896
7352_liver_sham_Male_2-U1,secondary_senescence,tierA_p95,ALL,125.0,124.09115255103922,-0.033968921133563,106.0,0.0159236741313083,12.749081108666193
7352_liver_sham_Male_2-U1,secondary_senescence,tierA_p95,ALL,135.0,134.54295894077845,-0.0805553981418987,56.0,0.0194751593825721,13.769007597359488
7352_liver_sham_Male_2-U1,secondary_senescence,tierA_p95,ALL,145.0,143.82050120035808,-0.0672186999271313,30.0,0.0241062744834304,14.788934086052782
7352_liver_sham_Male_2-U1,secondary_senescence,tierA_p95,ALL,155.0,154.514163547092,-0.1478408740626441,18.0,0.0150648456975371,15.808860574746078
7352_liver_sham_Male_2-U1,secondary_senescence,tierA_p95,ALL,165.0,165.04654439290366,-0.0372791977392302,9.0,0.0748649009572969,16.828787063439375
7352_liver_sham_Male_2-U1,secondary_senescence,tierA_p95,ALL,175.0,174.5242665608724,-0.1786228368679682,6.0,0.017851531722981,17.84871355213267
7352_liver_sham_Male_2-U1,secondary_senescence,tierA_p95,ALL,185.0,189.4875946044922,-0.1299338936805725,1.0,0.0,18.86864004082596
7352_liver_sham_Male_2-U1,secondary_senescence,tierA_p95,ALL,195.0,193.1875915527344,-0.2087018191814422,4.0,0.0,19.88856652951926
7352_liver_sham_Male_2-U1,secondary_senescence,tierA_p95,ALL,205.0,203.994743347168,-0.2087018191814422,2.0,0.0,20.908493018212557
7352_liver_sham_Male_2-U1,secondary_senescence,tierA_p95,ALL,215.0,213.73538208007807,-0.0576939632495244,3.0,0.1232973980616375,21.92841950690585
7352_liver_sham_Male_2-U1,secondary_senescence,tierA_p95,ALL,225.0,226.73477935791016,-0.1575256139039993,2.0,0.0361870417870746,22.948345995599144
7352_liver_sham_Male_2-U1,secondary_senescence,tierA_p95,ALL,235.0,236.2046585083008,-0.1605212986469268,2.0,0.0340687727910535,23.96827248429244
7352_liver_sham_Male_2-U1,secondary_senescence,tierA_p95,ALL,245.0,,,0.0,,24.98819897298573
7352_liver_sham_Male_2-U1,secondary_senescence,tierA_p95,ALL,255.0,255.6109771728516,-0.2087018191814422,1.0,0.0,26.008125461679032
7352_liver_sham_Male_2-U1,secondary_senescence,tierA_p95,ALL,265.0,,,0.0,,27.02805195037233
7352_liver_sham_Male_2-U1,secondary_senescence,tierA_p95,ALL,275.0,279.861328125,-0.2087018191814422,1.0,0.0,28.047978439065623
7352_liver_sham_Male_2-U1,secondary_senescence,tierA_p95,ALL,285.0,281.8061218261719,-0.2087018191814422,1.0,0.0,29.06790492775892
7352_liver_sham_Male_2-U1,secondary_senescence,tierA_p95,ALL,295.0,296.08848353794644,-0.0424153301864862,7.0,0.0623938610292281,30.08783141645221
7352_liver_sham_Male_2-U1,oxidative_stress,tierA_p95,ALL,5.0,7.921960137038805,-0.0604177830455674,6025.0,0.0030011189889193,0.5099632443466476
7352_liver_sham_Male_2-U1,oxidative_stress,tierA_p95,ALL,15.0,15.16070251390961,0.0103801180418543,27623.0,0.001331482987954,1.529889733039943
7352_liver_sham_Male_2-U1,oxidative_stress,tierA_p95,ALL,25.0,24.97025959003178,0.0072102574579352,28656.0,0.001291762004442,2.5498162217332383
7352_liver_sham_Male_2-U1,oxidative_stress,tierA_p95,ALL,35.0,34.80703771039684,0.001298728976878,25226.0,0.0013613791749005,3.569742710426534
7352_liver_sham_Male_2-U1,oxidative_stress,tierA_p95,ALL,45.0,44.64847000435584,-0.0064629102734091,18154.0,0.0016119533702238,4.589669199119829
7352_liver_sham_Male_2-U1,oxidative_stress,tierA_p95,ALL,55.0,54.60960564343495,-0.0173887654514727,11804.0,0.0019699295340834,5.609595687813124
7352_liver_sham_Male_2-U1,oxidative_stress,tierA_p95,ALL,65.0,64.65010686450837,-0.0261238692718255,6998.0,0.002570365531365,6.62952217650642
7352_liver_sham_Male_2-U1,oxidative_stress,tierA_p95,ALL,75.0,74.47675463433802,-0.0388914799208109,3887.0,0.0034513142239439,7.649448665199715
7352_liver_sham_Male_2-U1,oxidative_stress,tierA_p95,ALL,85.0,84.36239926895163,-0.0591930152174537,2053.0,0.0046169716459696,8.66937515389301
7352_liver_sham_Male_2-U1,oxidative_stress,tierA_p95,ALL,95.0,94.3390591445847,-0.0451626491306039,1005.0,0.0068522085640396,9.689301642586306
7352_liver_sham_Male_2-U1,oxidative_stress,tierA_p95,ALL,105.0,104.44343610079784,-0.0748229738259839,477.0,0.0095944080232886,10.709228131279602
7352_liver_sham_Male_2-U1,oxidative_stress,tierA_p95,ALL,115.0,114.20108565023122,-0.1139466794821518,242.0,0.0149158673721581,11.729154619972896
7352_liver_sham_Male_2-U1,oxidative_stress,tierA_p95,ALL,125.0,124.09115255103922,-0.0744028864955564,106.0,0.021458756661812,12.749081108666193
7352_liver_sham_Male_2-U1,oxidative_stress,tierA_p95,ALL,135.0,134.54295894077845,-0.1478556361315506,56.0,0.0247719610670428,13.769007597359488
7352_liver_sham_Male_2-U1,oxidative_stress,tierA_p95,ALL,145.0,143.82050120035808,-0.1267967050895095,30.0,0.0399375309840926,14.788934086052782
7352_liver_sham_Male_2-U1,oxidative_stress,tierA_p95,ALL,155.0,154.514163547092,-0.2353235435051222,18.0,0.0383251420250911,15.808860574746078
7352_liver_sham_Male_2-U1,oxidative_stress,tierA_p95,ALL,165.0,165.04654439290366,-0.168385971751478,9.0,0.0703616719792029,16.828787063439375
7352_liver_sham_Male_2-U1,oxidative_stress,tierA_p95,ALL,175.0,174.5242665608724,-0.2126237471432735,6.0,0.0917595650844456,17.84871355213267
7352_liver_sham_Male_2-U1,oxidative_stress,tierA_p95,ALL,185.0,189.4875946044922,-0.2540123760700226,1.0,0.0,18.86864004082596
7352_liver_sham_Male_2-U1,oxidative_stress,tierA_p95,ALL,195.0,193.1875915527344,-0.3441823050379753,4.0,0.0674400502386224,19.88856652951926
7352_liver_sham_Male_2-U1,oxidative_stress,tierA_p95,ALL,205.0,203.994743347168,-0.4497060775756836,2.0,0.0,20.908493018212557
7352_liver_sham_Male_2-U1,oxidative_stress,tierA_p95,ALL,215.0,213.73538208007807,-0.2676762671520312,3.0,0.1047209635149801,21.92841950690585
7352_liver_sham_Male_2-U1,oxidative_stress,tierA_p95,ALL,225.0,226.73477935791016,-0.1769327148795128,2.0,0.0290106715493444,22.948345995599144
7352_liver_sham_Male_2-U1,oxidative_stress,tierA_p95,ALL,235.0,236.2046585083008,-0.33424773812294,2.0,0.0018820675202539,23.96827248429244
7352_liver_sham_Male_2-U1,oxidative_stress,tierA_p95,ALL,245.0,,,0.0,,24.98819897298573
7352_liver_sham_Male_2-U1,oxidative_stress,tierA_p95,ALL,255.0,255.6109771728516,-0.4497060775756836,1.0,0.0,26.008125461679032
7352_liver_sham_Male_2-U1,oxidative_stress,tierA_p95,ALL,265.0,,,0.0,,27.02805195037233
7352_liver_sham_Male_2-U1,oxidative_stress,tierA_p95,ALL,275.0,279.861328125,-0.3449933528900146,1.0,0.0,28.047978439065623
7352_liver_sham_Male_2-U1,oxidative_stress,tierA_p95,ALL,285.0,281.8061218261719,-0.4497060775756836,1.0,0.0,29.06790492775892
7352_liver_sham_Male_2-U1,oxidative_stress,tierA_p95,ALL,295.0,296.08848353794644,-0.2061152522053037,7.0,0.0620869652833819,30.08783141645221
7361_liver_sbr_Male_2-U1,emt_ecm,tierA_p95,ALL,5.0,7.927067592014585,0.0467011664942548,11071.0,0.0022548801666005,0.5699210393545966
7361_liver_sbr_Male_2-U1,emt_ecm,tierA_p95,ALL,15.0,15.12374973625136,0.010661562093289,47972.0,0.0008645831400347,1.7097631180637898
7361_liver_sbr_Male_2-U1,emt_ecm,tierA_p95,ALL,25.0,24.85404109227528,-0.0067525227512213,44320.0,0.0008149263389937,2.8496051967729827
7361_liver_sbr_Male_2-U1,emt_ecm,tierA_p95,ALL,35.0,34.681615909204275,-0.0200588801874796,34063.0,0.0008636898354286,3.989447275482176
7361_liver_sbr_Male_2-U1,emt_ecm,tierA_p95,ALL,45.0,44.6293488500849,-0.0289815126748984,21918.0,0.0010292779400869,5.1292893541913696
7361_liver_sbr_Male_2-U1,emt_ecm,tierA_p95,ALL,55.0,54.49600071904424,-0.0361167615295712,12743.0,0.0012762275097973,6.269131432900562
7361_liver_sbr_Male_2-U1,emt_ecm,tierA_p95,ALL,65.0,64.43820996485228,-0.0418888266649651,6556.0,0.0017684647271137,7.408973511609756
7361_liver_sbr_Male_2-U1,emt_ecm,tierA_p95,ALL,75.0,74.35051166493903,-0.0444724139705473,3295.0,0.0024765060966615,8.548815590318949
7361_liver_sbr_Male_2-U1,emt_ecm,tierA_p95,ALL,85.0,84.27965553329744,-0.0386125229054369,1491.0,0.003918914223945,9.688657669028142
7361_liver_sbr_Male_2-U1,emt_ecm,tierA_p95,ALL,95.0,94.10899732257522,-0.0539579495692848,511.0,0.0069569158426397,10.828499747737336
7361_liver_sbr_Male_2-U1,emt_ecm,tierA_p95,ALL,105.0,104.17710250237084,-0.0783326900523758,173.0,0.0111992368671726,11.968341826446528
7361_liver_sbr_Male_2-U1,emt_ecm,tierA_p95,ALL,115.0,114.0008905728658,-0.1126574977533891,48.0,0.0256550088066847,13.10818390515572
7361_liver_sbr_Male_2-U1,emt_ecm,tierA_p95,ALL,125.0,125.38352067129952,-0.1778042133332097,28.0,0.0256222762273889,14.248025983864917
7361_liver_sbr_Male_2-U1,emt_ecm,tierA_p95,ALL,135.0,135.2321952537254,-0.1919101487707208,27.0,0.0214837551341542,15.387868062574109
7361_liver_sbr_Male_2-U1,emt_ecm,tierA_p95,ALL,145.0,144.521600474482,-0.2216333732332872,23.0,0.0213535929772877,16.5277101412833
7361_liver_sbr_Male_2-U1,emt_ecm,tierA_p95,ALL,155.0,154.00828742980957,-0.1805820548906922,8.0,0.0278817496391736,17.667552219992494
7361_liver_sbr_Male_2-U1,emt_ecm,tierA_p95,ALL,165.0,165.09288279215494,-0.1538906693458557,6.0,0.0518406234316475,18.807394298701688
7361_liver_sbr_Male_2-U1,emt_ecm,tierA_p95,ALL,175.0,177.62265319824218,-0.2448498129844665,5.0,0.0189786152486329,19.94723637741088
7361_liver_sbr_Male_2-U1,emt_ecm,tierA_p95,ALL,185.0,184.518310546875,-0.2203993201255798,1.0,0.0,21.087078456120075
7361_liver_sbr_Male_2-U1,emt_ecm,tierA_p95,ALL,195.0,198.4452972412109,-0.2513818144798279,1.0,0.0,22.22692053482927
7361_liver_sbr_Male_2-U1,emt_ecm,tierA_p95,ALL,205.0,202.6992950439453,-0.2723546624183655,2.0,0.0170460610725642,23.36676261353846
7361_liver_sbr_Male_2-U1,emt_ecm,tierA_p95,ALL,215.0,213.41226196289065,-0.1945647982259591,3.0,0.0622941926262534,24.50660469224765
7361_liver_sbr_Male_2-U1,emt_ecm,tierA_p95,ALL,225.0,225.50973510742188,-0.0664409518241882,5.0,0.0734084085955114,25.64644677095685
7361_liver_sbr_Male_2-U1,emt_ecm,tierA_p95,ALL,235.0,234.07869720458984,-0.1323735038749873,2.0,0.0839496157481734,26.78628884966604
7361_liver_sbr_Male_2-U1,emt_ecm,tierA_p95,ALL,245.0,,,0.0,,27.926130928375237
7361_liver_sbr_Male_2-U1,emt_ecm,tierA_p95,ALL,255.0,,,0.0,,29.065973007084427
7361_liver_sbr_Male_2-U1,emt_ecm,tierA_p95,ALL,265.0,,,0.0,,30.20581508579362
7361_liver_sbr_Male_2-U1,emt_ecm,tierA_p95,ALL,275.0,,,0.0,,31.34565716450281
7361_liver_sbr_Male_2-U1,emt_ecm,tierA_p95,ALL,285.0,280.1867980957031,-0.2001252472400665,1.0,0.0,32.485499243212004
7361_liver_sbr_Male_2-U1,emt_ecm,tierA_p95,ALL,295.0,,,0.0,,33.6253413219212
7361_liver_sbr_Male_2-U1,il6_jak_stat3,tierA_p95,ALL,5.0,7.927067592014585,0.0053898874419036,11071.0,0.0020006266515433,0.5699210393545966
7361_liver_sbr_Male_2-U1,il6_jak_stat3,tierA_p95,ALL,15.0,15.12374973625136,0.0076832103088303,47972.0,0.0009002234853035,1.7097631180637898
7361_liver_sbr_Male_2-U1,il6_jak_stat3,tierA_p95,ALL,25.0,24.85404109227528,-0.0002466688881671,44320.0,0.0009313206666065,2.8496051967729827
7361_liver_sbr_Male_2-U1,il6_jak_stat3,tierA_p95,ALL,35.0,34.681615909204275,-0.0128901522125599,34063.0,0.0010178696545334,3.989447275482176
7361_liver_sbr_Male_2-U1,il6_jak_stat3,tierA_p95,ALL,45.0,44.6293488500849,-0.0219047061428077,21918.0,0.0012654755814877,5.1292893541913696
7361_liver_sbr_Male_2-U1,il6_jak_stat3,tierA_p95,ALL,55.0,54.49600071904424,-0.0302059903676266,12743.0,0.0016460328771577,6.269131432900562
7361_liver_sbr_Male_2-U1,il6_jak_stat3,tierA_p95,ALL,65.0,64.43820996485228,-0.0335102816256316,6556.0,0.0022792618294787,7.408973511609756
7361_liver_sbr_Male_2-U1,il6_jak_stat3,tierA_p95,ALL,75.0,74.35051166493903,-0.0417359475672128,3295.0,0.0031856621515,8.548815590318949
7361_liver_sbr_Male_2-U1,il6_jak_stat3,tierA_p95,ALL,85.0,84.27965553329744,-0.0391768710001054,1491.0,0.0049664715524758,9.688657669028142
7361_liver_sbr_Male_2-U1,il6_jak_stat3,tierA_p95,ALL,95.0,94.10899732257522,-0.0652098149709802,511.0,0.0077637359698504,10.828499747737336
7361_liver_sbr_Male_2-U1,il6_jak_stat3,tierA_p95,ALL,105.0,104.17710250237084,-0.0821611876114987,173.0,0.0134147204491757,11.968341826446528
7361_liver_sbr_Male_2-U1,il6_jak_stat3,tierA_p95,ALL,115.0,114.0008905728658,-0.1183380200520029,48.0,0.0258043851058264,13.10818390515572
7361_liver_sbr_Male_2-U1,il6_jak_stat3,tierA_p95,ALL,125.0,125.38352067129952,-0.1339530290902725,28.0,0.0524869478367917,14.248025983864917
7361_liver_sbr_Male_2-U1,il6_jak_stat3,tierA_p95,ALL,135.0,135.2321952537254,-0.1556914741242373,27.0,0.0547144426054733,15.387868062574109
7361_liver_sbr_Male_2-U1,il6_jak_stat3,tierA_p95,ALL,145.0,144.521600474482,-0.1779037603865499,23.0,0.0550204677444495,16.5277101412833
7361_liver_sbr_Male_2-U1,il6_jak_stat3,tierA_p95,ALL,155.0,154.00828742980957,-0.1216908488422632,8.0,0.0663718553944488,17.667552219992494
7361_liver_sbr_Male_2-U1,il6_jak_stat3,tierA_p95,ALL,165.0,165.09288279215494,-0.1685460346440474,6.0,0.0613005385621125,18.807394298701688
7361_liver_sbr_Male_2-U1,il6_jak_stat3,tierA_p95,ALL,175.0,177.62265319824218,-0.2880665898323059,5.0,0.0182083553277389,19.94723637741088
7361_liver_sbr_Male_2-U1,il6_jak_stat3,tierA_p95,ALL,185.0,184.518310546875,-0.3184098601341247,1.0,0.0,21.087078456120075
7361_liver_sbr_Male_2-U1,il6_jak_stat3,tierA_p95,ALL,195.0,198.4452972412109,-0.3184098601341247,1.0,0.0,22.22692053482927
7361_liver_sbr_Male_2-U1,il6_jak_stat3,tierA_p95,ALL,205.0,202.6992950439453,-0.266753613948822,2.0,0.0013338002414,23.36676261353846
7361_liver_sbr_Male_2-U1,il6_jak_stat3,tierA_p95,ALL,215.0,213.41226196289065,-0.2859407265981038,3.0,0.01331074682731,24.50660469224765
7361_liver_sbr_Male_2-U1,il6_jak_stat3,tierA_p95,ALL,225.0,225.50973510742188,-0.0716413855552673,5.0,0.0414868829545345,25.64644677095685
7361_liver_sbr_Male_2-U1,il6_jak_stat3,tierA_p95,ALL,235.0,234.07869720458984,-0.1989258974790573,2.0,0.0255208545407257,26.78628884966604
7361_liver_sbr_Male_2-U1,il6_jak_stat3,tierA_p95,ALL,245.0,,,0.0,,27.926130928375237
7361_liver_sbr_Male_2-U1,il6_jak_stat3,tierA_p95,ALL,255.0,,,0.0,,29.065973007084427
7361_liver_sbr_Male_2-U1,il6_jak_stat3,tierA_p95,ALL,265.0,,,0.0,,30.20581508579362
7361_liver_sbr_Male_2-U1,il6_jak_stat3,tierA_p95,ALL,275.0,,,0.0,,31.34565716450281
7361_liver_sbr_Male_2-U1,il6_jak_stat3,tierA_p95,ALL,285.0,280.1867980957031,0.2397606968879699,1.0,0.0,32.485499243212004
7361_liver_sbr_Male_2-U1,il6_jak_stat3,tierA_p95,ALL,295.0,,,0.0,,33.6253413219212
7361_liver_sbr_Male_2-U1,interferon_response,tierA_p95,ALL,5.0,7.927067592014585,0.0174147859586135,11071.0,0.0020556383628026,0.5699210393545966
7361_liver_sbr_Male_2-U1,interferon_response,tierA_p95,ALL,15.0,15.12374973625136,0.0056892516690393,47972.0,0.0008792682204971,1.7097631180637898
7361_liver_sbr_Male_2-U1,interferon_response,tierA_p95,ALL,25.0,24.85404109227528,-0.0016339808326192,44320.0,0.0008928857698994,2.8496051967729827
7361_liver_sbr_Male_2-U1,interferon_response,tierA_p95,ALL,35.0,34.681615909204275,-0.0134714665179013,34063.0,0.0009685984380736,3.989447275482176
7361_liver_sbr_Male_2-U1,interferon_response,tierA_p95,ALL,45.0,44.6293488500849,-0.0210047119436469,21918.0,0.0011810333954034,5.1292893541913696
7361_liver_sbr_Male_2-U1,interferon_response,tierA_p95,ALL,55.0,54.49600071904424,-0.0253836683444835,12743.0,0.0015374399485715,6.269131432900562
7361_liver_sbr_Male_2-U1,interferon_response,tierA_p95,ALL,65.0,64.43820996485228,-0.0319010228564558,6556.0,0.0021356850901515,7.408973511609756
7361_liver_sbr_Male_2-U1,interferon_response,tierA_p95,ALL,75.0,74.35051166493903,-0.0361739376294253,3295.0,0.002939858051552,8.548815590318949
7361_liver_sbr_Male_2-U1,interferon_response,tierA_p95,ALL,85.0,84.27965553329744,-0.0294600638840037,1491.0,0.0046352662534769,9.688657669028142
7361_liver_sbr_Male_2-U1,interferon_response,tierA_p95,ALL,95.0,94.10899732257522,-0.0545990753493662,511.0,0.0073092671847407,10.828499747737336
7361_liver_sbr_Male_2-U1,interferon_response,tierA_p95,ALL,105.0,104.17710250237084,-0.0730080123720932,173.0,0.0149161654652749,11.968341826446528
7361_liver_sbr_Male_2-U1,interferon_response,tierA_p95,ALL,115.0,114.0008905728658,-0.1018438678972112,48.0,0.0271448186488623,13.10818390515572
7361_liver_sbr_Male_2-U1,interferon_response,tierA_p95,ALL,125.0,125.38352067129952,-0.0773871897586754,28.0,0.0772010934725686,14.248025983864917
7361_liver_sbr_Male_2-U1,interferon_response,tierA_p95,ALL,135.0,135.2321952537254,-0.1214249009887377,27.0,0.0595696551438905,15.387868062574109
7361_liver_sbr_Male_2-U1,interferon_response,tierA_p95,ALL,145.0,144.521600474482,-0.1606852076745227,23.0,0.071059146664425,16.5277101412833
7361_liver_sbr_Male_2-U1,interferon_response,tierA_p95,ALL,155.0,154.00828742980957,-0.1383936258134781,8.0,0.0522061808345488,17.667552219992494
7361_liver_sbr_Male_2-U1,interferon_response,tierA_p95,ALL,165.0,165.09288279215494,-0.1267957485591372,6.0,0.0650762058813909,18.807394298701688
7361_liver_sbr_Male_2-U1,interferon_response,tierA_p95,ALL,175.0,177.62265319824218,-0.2245980858802795,5.0,0.0423592603841259,19.94723637741088
7361_liver_sbr_Male_2-U1,interferon_response,tierA_p95,ALL,185.0,184.518310546875,-0.2429285943508148,1.0,0.0,21.087078456120075
7361_liver_sbr_Male_2-U1,interferon_response,tierA_p95,ALL,195.0,198.4452972412109,-0.3314093947410583,1.0,0.0,22.22692053482927
7361_liver_sbr_Male_2-U1,interferon_response,tierA_p95,ALL,205.0,202.6992950439453,-0.1411020755767822,2.0,0.0651045108492933,23.36676261353846
7361_liver_sbr_Male_2-U1,interferon_response,tierA_p95,ALL,215.0,213.41226196289065,-0.3209628661473592,3.0,0.0085295548793194,24.50660469224765
7361_liver_sbr_Male_2-U1,interferon_response,tierA_p95,ALL,225.0,225.50973510742188,-0.1683567956089973,5.0,0.0575094999372316,25.64644677095685
7361_liver_sbr_Male_2-U1,interferon_response,tierA_p95,ALL,235.0,234.07869720458984,-0.1571960896253585,2.0,0.0648832398946111,26.78628884966604
7361_liver_sbr_Male_2-U1,interferon_response,tierA_p95,ALL,245.0,,,0.0,,27.926130928375237
7361_liver_sbr_Male_2-U1,interferon_response,tierA_p95,ALL,255.0,,,0.0,,29.065973007084427
7361_liver_sbr_Male_2-U1,interferon_response,tierA_p95,ALL,265.0,,,0.0,,30.20581508579362
7361_liver_sbr_Male_2-U1,interferon_response,tierA_p95,ALL,275.0,,,0.0,,31.34565716450281
7361_liver_sbr_Male_2-U1,interferon_response,tierA_p95,ALL,285.0,280.1867980957031,0.3515582978725433,1.0,0.0,32.485499243212004
7361_liver_sbr_Male_2-U1,interferon_response,tierA_p95,ALL,295.0,,,0.0,,33.6253413219212
7361_liver_sbr_Male_2-U1,downstream_arrest,tierA_p95,ALL,5.0,7.927067592014585,-0.0569694775234312,11071.0,0.0015137441917544,0.5699210393545966
7361_liver_sbr_Male_2-U1,downstream_arrest,tierA_p95,ALL,15.0,15.12374973625136,0.0011029273050898,47972.0,0.000764019611896,1.7097631180637898
7361_liver_sbr_Male_2-U1,downstream_arrest,tierA_p95,ALL,25.0,24.85404109227528,-0.0068895415884402,44320.0,0.0007632970991632,2.8496051967729827
7361_liver_sbr_Male_2-U1,downstream_arrest,tierA_p95,ALL,35.0,34.681615909204275,-0.0110842686594615,34063.0,0.0008520615253389,3.989447275482176
7361_liver_sbr_Male_2-U1,downstream_arrest,tierA_p95,ALL,45.0,44.6293488500849,-0.02105161934299,21918.0,0.0010252164476431,5.1292893541913696
7361_liver_sbr_Male_2-U1,downstream_arrest,tierA_p95,ALL,55.0,54.49600071904424,-0.0262205814752843,12743.0,0.0012999164328294,6.269131432900562
7361_liver_sbr_Male_2-U1,downstream_arrest,tierA_p95,ALL,65.0,64.43820996485228,-0.0317037433198627,6556.0,0.0017731539811564,7.408973511609756
7361_liver_sbr_Male_2-U1,downstream_arrest,tierA_p95,ALL,75.0,74.35051166493903,-0.0391408782420988,3295.0,0.0025159843371018,8.548815590318949
7361_liver_sbr_Male_2-U1,downstream_arrest,tierA_p95,ALL,85.0,84.27965553329744,-0.0429571766532389,1491.0,0.0037331309003069,9.688657669028142
7361_liver_sbr_Male_2-U1,downstream_arrest,tierA_p95,ALL,95.0,94.10899732257522,-0.0577627242481975,511.0,0.006394588301988,10.828499747737336
7361_liver_sbr_Male_2-U1,downstream_arrest,tierA_p95,ALL,105.0,104.17710250237084,-0.0756608833319297,173.0,0.0128344313470261,11.968341826446528
7361_liver_sbr_Male_2-U1,downstream_arrest,tierA_p95,ALL,115.0,114.0008905728658,-0.1562929486584229,48.0,0.019111610183555,13.10818390515572
7361_liver_sbr_Male_2-U1,downstream_arrest,tierA_p95,ALL,125.0,125.38352067129952,-0.2144318957413946,28.0,0.0289624655960981,14.248025983864917
7361_liver_sbr_Male_2-U1,downstream_arrest,tierA_p95,ALL,135.0,135.2321952537254,-0.2309479235361019,27.0,0.02905984612012,15.387868062574109
7361_liver_sbr_Male_2-U1,downstream_arrest,tierA_p95,ALL,145.0,144.521600474482,-0.262631349913452,23.0,0.0228188667288996,16.5277101412833
7361_liver_sbr_Male_2-U1,downstream_arrest,tierA_p95,ALL,155.0,154.00828742980957,-0.2631633458659053,8.0,0.0269907769415877,17.667552219992494
7361_liver_sbr_Male_2-U1,downstream_arrest,tierA_p95,ALL,165.0,165.09288279215494,-0.1844295503785057,6.0,0.0471043846470166,18.807394298701688
7361_liver_sbr_Male_2-U1,downstream_arrest,tierA_p95,ALL,175.0,177.62265319824218,-0.3055798441171646,5.0,0.0307697802752136,19.94723637741088
7361_liver_sbr_Male_2-U1,downstream_arrest,tierA_p95,ALL,185.0,184.518310546875,-0.1777936816215515,1.0,0.0,21.087078456120075
7361_liver_sbr_Male_2-U1,downstream_arrest,tierA_p95,ALL,195.0,198.4452972412109,-0.3436110317707062,1.0,0.0,22.22692053482927
7361_liver_sbr_Male_2-U1,downstream_arrest,tierA_p95,ALL,205.0,202.6992950439453,-0.2937459647655487,2.0,0.0307334608607196,23.36676261353846
7361_liver_sbr_Male_2-U1,downstream_arrest,tierA_p95,ALL,215.0,213.41226196289065,-0.3261446257432301,3.0,0.0177734734318252,24.50660469224765
7361_liver_sbr_Male_2-U1,downstream_arrest,tierA_p95,ALL,225.0,225.50973510742188,-0.1483173169195652,5.0,0.0931378001463621,25.64644677095685
7361_liver_sbr_Male_2-U1,downstream_arrest,tierA_p95,ALL,235.0,234.07869720458984,-0.2044125571846962,2.0,0.0276424584061352,26.78628884966604
7361_liver_sbr_Male_2-U1,downstream_arrest,tierA_p95,ALL,245.0,,,0.0,,27.926130928375237
7361_liver_sbr_Male_2-U1,downstream_arrest,tierA_p95,ALL,255.0,,,0.0,,29.065973007084427
7361_liver_sbr_Male_2-U1,downstream_arrest,tierA_p95,ALL,265.0,,,0.0,,30.20581508579362
7361_liver_sbr_Male_2-U1,downstream_arrest,tierA_p95,ALL,275.0,,,0.0,,31.34565716450281
7361_liver_sbr_Male_2-U1,downstream_arrest,tierA_p95,ALL,285.0,280.1867980957031,-0.1022766008973121,1.0,0.0,32.485499243212004
7361_liver_sbr_Male_2-U1,downstream_arrest,tierA_p95,ALL,295.0,,,0.0,,33.6253413219212
7361_liver_sbr_Male_2-U1,oxidative_stress,tierA_p95,ALL,5.0,7.927067592014585,-0.10478281119596,11071.0,0.0023561672462255,0.5699210393545966
7361_liver_sbr_Male_2-U1,oxidative_stress,tierA_p95,ALL,15.0,15.12374973625136,-0.0001961977128742,47972.0,0.0011018906432073,1.7097631180637898
7361_liver_sbr_Male_2-U1,oxidative_stress,tierA_p95,ALL,25.0,24.85404109227528,0.0024002071843966,44320.0,0.0011120726157616,2.8496051967729827
7361_liver_sbr_Male_2-U1,oxidative_stress,tierA_p95,ALL,35.0,34.681615909204275,0.0019164699881692,34063.0,0.0012283999525939,3.989447275482176
7361_liver_sbr_Male_2-U1,oxidative_stress,tierA_p95,ALL,45.0,44.6293488500849,-0.0021128933149095,21918.0,0.0015062006265483,5.1292893541913696
7361_liver_sbr_Male_2-U1,oxidative_stress,tierA_p95,ALL,55.0,54.49600071904424,-0.0082958477315944,12743.0,0.0019228785879291,6.269131432900562
7361_liver_sbr_Male_2-U1,oxidative_stress,tierA_p95,ALL,65.0,64.43820996485228,-0.0103694575071657,6556.0,0.0026701943669721,7.408973511609756
7361_liver_sbr_Male_2-U1,oxidative_stress,tierA_p95,ALL,75.0,74.35051166493903,-0.0180555284253465,3295.0,0.003745107522676,8.548815590318949
7361_liver_sbr_Male_2-U1,oxidative_stress,tierA_p95,ALL,85.0,84.27965553329744,-0.016382554885836,1491.0,0.0056760891375126,9.688657669028142
7361_liver_sbr_Male_2-U1,oxidative_stress,tierA_p95,ALL,95.0,94.10899732257522,-0.0454042173440852,511.0,0.0105179294327974,10.828499747737336
7361_liver_sbr_Male_2-U1,oxidative_stress,tierA_p95,ALL,105.0,104.17710250237084,-0.1046021688955626,173.0,0.0173736695203202,11.968341826446528
7361_liver_sbr_Male_2-U1,oxidative_stress,tierA_p95,ALL,115.0,114.0008905728658,-0.2125146695179864,48.0,0.0312973321690406,13.10818390515572
7361_liver_sbr_Male_2-U1,oxidative_stress,tierA_p95,ALL,125.0,125.38352067129952,-0.2712740397879055,28.0,0.0554259937404071,14.248025983864917
7361_liver_sbr_Male_2-U1,oxidative_stress,tierA_p95,ALL,135.0,135.2321952537254,-0.3049435026391788,27.0,0.0532330971443055,15.387868062574109
7361_liver_sbr_Male_2-U1,oxidative_stress,tierA_p95,ALL,145.0,144.521600474482,-0.3694641395755436,23.0,0.0510702161491743,16.5277101412833
7361_liver_sbr_Male_2-U1,oxidative_stress,tierA_p95,ALL,155.0,154.00828742980957,-0.3058199258521199,8.0,0.0586817928890137,17.667552219992494
7361_liver_sbr_Male_2-U1,oxidative_stress,tierA_p95,ALL,165.0,165.09288279215494,-0.2945578452199697,6.0,0.0982462490139175,18.807394298701688
7361_liver_sbr_Male_2-U1,oxidative_stress,tierA_p95,ALL,175.0,177.62265319824218,-0.4641552358865738,5.0,0.0721046011908804,19.94723637741088
7361_liver_sbr_Male_2-U1,oxidative_stress,tierA_p95,ALL,185.0,184.518310546875,-0.1601322591304779,1.0,0.0,21.087078456120075
7361_liver_sbr_Male_2-U1,oxidative_stress,tierA_p95,ALL,195.0,198.4452972412109,-0.5709580183029175,1.0,0.0,22.22692053482927
7361_liver_sbr_Male_2-U1,oxidative_stress,tierA_p95,ALL,205.0,202.6992950439453,-0.2988688796758652,2.0,0.0265783821901368,23.36676261353846
7361_liver_sbr_Male_2-U1,oxidative_stress,tierA_p95,ALL,215.0,213.41226196289065,-0.5709580183029175,3.0,0.0,24.50660469224765
7361_liver_sbr_Male_2-U1,oxidative_stress,tierA_p95,ALL,225.0,225.50973510742188,-0.3344936467707157,5.0,0.0759931919751039,25.64644677095685
7361_liver_sbr_Male_2-U1,oxidative_stress,tierA_p95,ALL,235.0,234.07869720458984,-0.3752402812242508,2.0,0.138393339086811,26.78628884966604
7361_liver_sbr_Male_2-U1,oxidative_stress,tierA_p95,ALL,245.0,,,0.0,,27.926130928375237
7361_liver_sbr_Male_2-U1,oxidative_stress,tierA_p95,ALL,255.0,,,0.0,,29.065973007084427
7361_liver_sbr_Male_2-U1,oxidative_stress,tierA_p95,ALL,265.0,,,0.0,,30.20581508579362
7361_liver_sbr_Male_2-U1,oxidative_stress,tierA_p95,ALL,275.0,,,0.0,,31.34565716450281
7361_liver_sbr_Male_2-U1,oxidative_stress,tierA_p95,ALL,285.0,280.1867980957031,-0.0995215326547622,1.0,0.0,32.485499243212004
7361_liver_sbr_Male_2-U1,oxidative_stress,tierA_p95,ALL,295.0,,,0.0,,33.6253413219212
7352_liver_sham_Male_2-U1,interferon_response,tierA_p95,ALL,5.0,7.921960137038805,0.0117316603225926,6025.0,0.0027323675045472,0.5099632443466476
7352_liver_sham_Male_2-U1,interferon_response,tierA_p95,ALL,15.0,15.16070251390961,0.0039892767850869,27623.0,0.0010977121834021,1.529889733039943
7352_liver_sham_Male_2-U1,interferon_response,tierA_p95,ALL,25.0,24.97025959003178,-0.0045093911348936,28656.0,0.0010403759511639,2.5498162217332383
7352_liver_sham_Male_2-U1,interferon_response,tierA_p95,ALL,35.0,34.80703771039684,-0.0096351070192626,25226.0,0.0010912359197108,3.569742710426534
7352_liver_sham_Male_2-U1,interferon_response,tierA_p95,ALL,45.0,44.64847000435584,-0.0158476805493108,18154.0,0.0012770551474085,4.589669199119829
7352_liver_sham_Male_2-U1,interferon_response,tierA_p95,ALL,55.0,54.60960564343495,-0.0209384939769779,11804.0,0.0015859344833378,5.609595687813124
7352_liver_sham_Male_2-U1,interferon_response,tierA_p95,ALL,65.0,64.65010686450837,-0.0252687333017724,6998.0,0.0020299737631425,6.62952217650642
7352_liver_sham_Male_2-U1,interferon_response,tierA_p95,ALL,75.0,74.47675463433802,-0.0349955332602894,3887.0,0.0026860801008024,7.649448665199715
7352_liver_sham_Male_2-U1,interferon_response,tierA_p95,ALL,85.0,84.36239926895163,-0.0435964483270019,2053.0,0.0035726992815544,8.66937515389301
7352_liver_sham_Male_2-U1,interferon_response,tierA_p95,ALL,95.0,94.3390591445847,-0.0395882654426311,1005.0,0.00521982579143,9.689301642586306
7352_liver_sham_Male_2-U1,interferon_response,tierA_p95,ALL,105.0,104.44343610079784,-0.060526598411955,477.0,0.0068009481586447,10.709228131279602
7352_liver_sham_Male_2-U1,interferon_response,tierA_p95,ALL,115.0,114.20108565023122,-0.0687705298305069,242.0,0.0092332201396873,11.729154619972896
7352_liver_sham_Male_2-U1,interferon_response,tierA_p95,ALL,125.0,124.09115255103922,-0.0514553801468485,106.0,0.0147654510227231,12.749081108666193
7352_liver_sham_Male_2-U1,interferon_response,tierA_p95,ALL,135.0,134.54295894077845,-0.093848221972751,56.0,0.0192873793924003,13.769007597359488
7352_liver_sham_Male_2-U1,interferon_response,tierA_p95,ALL,145.0,143.82050120035808,-0.1119637366384267,30.0,0.0247500981598129,14.788934086052782
7352_liver_sham_Male_2-U1,interferon_response,tierA_p95,ALL,155.0,154.514163547092,-0.1343931948973072,18.0,0.0283059486582238,15.808860574746078
7352_liver_sham_Male_2-U1,interferon_response,tierA_p95,ALL,165.0,165.04654439290366,-0.1212218478322029,9.0,0.0400026026426606,16.828787063439375
7352_liver_sham_Male_2-U1,interferon_response,tierA_p95,ALL,175.0,174.5242665608724,-0.1663260658582051,6.0,0.0385388860943161,17.84871355213267
7352_liver_sham_Male_2-U1,interferon_response,tierA_p95,ALL,185.0,189.4875946044922,-0.2451158761978149,1.0,0.0,18.86864004082596
7352_liver_sham_Male_2-U1,interferon_response,tierA_p95,ALL,195.0,193.1875915527344,-0.2327207028865814,4.0,0.0067617775471839,19.88856652951926
7352_liver_sham_Male_2-U1,interferon_response,tierA_p95,ALL,205.0,203.994743347168,-0.1996225714683532,2.0,0.0269893034264058,20.908493018212557
7352_liver_sham_Male_2-U1,interferon_response,tierA_p95,ALL,215.0,213.73538208007807,-0.1871706582605838,3.0,0.0581133775408706,21.92841950690585
7352_liver_sham_Male_2-U1,interferon_response,tierA_p95,ALL,225.0,226.73477935791016,-0.2597456276416778,2.0,0.0108201918308077,22.948345995599144
7352_liver_sham_Male_2-U1,interferon_response,tierA_p95,ALL,235.0,236.2046585083008,-0.2414161562919616,2.0,0.0021111777887591,23.96827248429244
7352_liver_sham_Male_2-U1,interferon_response,tierA_p95,ALL,245.0,,,0.0,,24.98819897298573
7352_liver_sham_Male_2-U1,interferon_response,tierA_p95,ALL,255.0,255.6109771728516,-0.2122992277145385,1.0,0.0,26.008125461679032
7352_liver_sham_Male_2-U1,interferon_response,tierA_p95,ALL,265.0,,,0.0,,27.02805195037233
7352_liver_sham_Male_2-U1,interferon_response,tierA_p95,ALL,275.0,279.861328125,-0.2433556914329528,1.0,0.0,28.047978439065623
7352_liver_sham_Male_2-U1,interferon_response,tierA_p95,ALL,285.0,281.8061218261719,-0.23924121260643,1.0,0.0,29.06790492775892
7352_liver_sham_Male_2-U1,interferon_response,tierA_p95,ALL,295.0,296.08848353794644,-0.20191269580807,7.0,0.0221255134145213,30.08783141645221
7352_liver_sham_Male_2-U1,il6_jak_stat3,tierA_p95,ALL,5.0,7.921960137038805,0.0091923133608373,6025.0,0.0026506885330593,0.5099632443466476
7352_liver_sham_Male_2-U1,il6_jak_stat3,tierA_p95,ALL,15.0,15.16070251390961,0.0010285248412595,27623.0,0.0011136638625387,1.529889733039943
7352_liver_sham_Male_2-U1,il6_jak_stat3,tierA_p95,ALL,25.0,24.97025959003178,-0.0051740956059992,28656.0,0.001070652423747,2.5498162217332383
7352_liver_sham_Male_2-U1,il6_jak_stat3,tierA_p95,ALL,35.0,34.80703771039684,-0.0094408248619206,25226.0,0.0011331935641368,3.569742710426534
7352_liver_sham_Male_2-U1,il6_jak_stat3,tierA_p95,ALL,45.0,44.64847000435584,-0.0146088133893389,18154.0,0.0013320315927779,4.589669199119829
7352_liver_sham_Male_2-U1,il6_jak_stat3,tierA_p95,ALL,55.0,54.60960564343495,-0.0211943044217284,11804.0,0.0016062354264058,5.609595687813124
7352_liver_sham_Male_2-U1,il6_jak_stat3,tierA_p95,ALL,65.0,64.65010686450837,-0.0226456800639925,6998.0,0.0021087399432416,6.62952217650642
7352_liver_sham_Male_2-U1,il6_jak_stat3,tierA_p95,ALL,75.0,74.47675463433802,-0.0308483446718666,3887.0,0.0027471015885897,7.649448665199715
7352_liver_sham_Male_2-U1,il6_jak_stat3,tierA_p95,ALL,85.0,84.36239926895163,-0.0357449546703058,2053.0,0.0038409633579852,8.66937515389301
7352_liver_sham_Male_2-U1,il6_jak_stat3,tierA_p95,ALL,95.0,94.3390591445847,-0.0416732930595666,1005.0,0.0053529784573349,9.689301642586306
7352_liver_sham_Male_2-U1,il6_jak_stat3,tierA_p95,ALL,105.0,104.44343610079784,-0.0491794583920205,477.0,0.0075275715517897,10.709228131279602
7352_liver_sham_Male_2-U1,il6_jak_stat3,tierA_p95,ALL,115.0,114.20108565023122,-0.0551050817358816,242.0,0.0109271311002752,11.729154619972896
7352_liver_sham_Male_2-U1,il6_jak_stat3,tierA_p95,ALL,125.0,124.09115255103922,-0.0565939871023215,106.0,0.0148200446867951,12.749081108666193
7352_liver_sham_Male_2-U1,il6_jak_stat3,tierA_p95,ALL,135.0,134.54295894077845,-0.0556570033742381,56.0,0.0204038426050359,13.769007597359488
7352_liver_sham_Male_2-U1,il6_jak_stat3,tierA_p95,ALL,145.0,143.82050120035808,-0.0864912986134489,30.0,0.0247173704565421,14.788934086052782
7352_liver_sham_Male_2-U1,il6_jak_stat3,tierA_p95,ALL,155.0,154.514163547092,-0.1240378715511825,18.0,0.0299182962455787,15.808860574746078
7352_liver_sham_Male_2-U1,il6_jak_stat3,tierA_p95,ALL,165.0,165.04654439290366,-0.0906698438856336,9.0,0.0522099259431046,16.828787063439375
7352_liver_sham_Male_2-U1,il6_jak_stat3,tierA_p95,ALL,175.0,174.5242665608724,-0.1670835192004839,6.0,0.030243388847933,17.84871355213267
7352_liver_sham_Male_2-U1,il6_jak_stat3,tierA_p95,ALL,185.0,189.4875946044922,-0.2447801083326339,1.0,0.0,18.86864004082596
7352_liver_sham_Male_2-U1,il6_jak_stat3,tierA_p95,ALL,195.0,193.1875915527344,-0.2050172798335552,4.0,0.0206764006584378,19.88856652951926
7352_liver_sham_Male_2-U1,il6_jak_stat3,tierA_p95,ALL,205.0,203.994743347168,-0.2152816727757454,2.0,0.0208585438166702,20.908493018212557
7352_liver_sham_Male_2-U1,il6_jak_stat3,tierA_p95,ALL,215.0,213.73538208007807,-0.1745096296072006,3.0,0.0573756056194708,21.92841950690585
7352_liver_sham_Male_2-U1,il6_jak_stat3,tierA_p95,ALL,225.0,226.73477935791016,-0.217634230852127,2.0,0.0191950340477256,22.948345995599144
7352_liver_sham_Male_2-U1,il6_jak_stat3,tierA_p95,ALL,235.0,236.2046585083008,-0.2447801083326339,2.0,0.0,23.96827248429244
7352_liver_sham_Male_2-U1,il6_jak_stat3,tierA_p95,ALL,245.0,,,0.0,,24.98819897298573
7352_liver_sham_Male_2-U1,il6_jak_stat3,tierA_p95,ALL,255.0,255.6109771728516,-0.2447801083326339,1.0,0.0,26.008125461679032
7352_liver_sham_Male_2-U1,il6_jak_stat3,tierA_p95,ALL,265.0,,,0.0,,27.02805195037233
7352_liver_sham_Male_2-U1,il6_jak_stat3,tierA_p95,ALL,275.0,279.861328125,-0.2447801083326339,1.0,0.0,28.047978439065623
7352_liver_sham_Male_2-U1,il6_jak_stat3,tierA_p95,ALL,285.0,281.8061218261719,-0.2447801083326339,1.0,0.0,29.06790492775892
7352_liver_sham_Male_2-U1,il6_jak_stat3,tierA_p95,ALL,295.0,296.08848353794644,-0.1702435186931065,7.0,0.045764801905084,30.08783141645221
7352_liver_sham_Male_2-U1,tnfa_nfkb_proximal,tierA_p95,ALL,5.0,7.921960137038805,0.0105948388495743,6025.0,0.0021126745086548,0.5099632443466476
7352_liver_sham_Male_2-U1,tnfa_nfkb_proximal,tierA_p95,ALL,15.0,15.16070251390961,0.0020031178959202,27623.0,0.000809705992015,1.529889733039943
7352_liver_sham_Male_2-U1,tnfa_nfkb_proximal,tierA_p95,ALL,25.0,24.97025959003178,-0.0062537942250028,28656.0,0.0007519232635944,2.5498162217332383
7352_liver_sham_Male_2-U1,tnfa_nfkb_proximal,tierA_p95,ALL,35.0,34.80703771039684,-0.0114420842998052,25226.0,0.0007843821190831,3.569742710426534
7352_liver_sham_Male_2-U1,tnfa_nfkb_proximal,tierA_p95,ALL,45.0,44.64847000435584,-0.0167293910538032,18154.0,0.0009167687910543,4.589669199119829
7352_liver_sham_Male_2-U1,tnfa_nfkb_proximal,tierA_p95,ALL,55.0,54.60960564343495,-0.0225895774299978,11804.0,0.0011169445838594,5.609595687813124
7352_liver_sham_Male_2-U1,tnfa_nfkb_proximal,tierA_p95,ALL,65.0,64.65010686450837,-0.0266915274499181,6998.0,0.0013948253699607,6.62952217650642
7352_liver_sham_Male_2-U1,tnfa_nfkb_proximal,tierA_p95,ALL,75.0,74.47675463433802,-0.0341238401598975,3887.0,0.0018548044945644,7.649448665199715
7352_liver_sham_Male_2-U1,tnfa_nfkb_proximal,tierA_p95,ALL,85.0,84.36239926895163,-0.0399767930427142,2053.0,0.0025314298526654,8.66937515389301
7352_liver_sham_Male_2-U1,tnfa_nfkb_proximal,tierA_p95,ALL,95.0,94.3390591445847,-0.0381235970605778,1005.0,0.0037750822653688,9.689301642586306
7352_liver_sham_Male_2-U1,tnfa_nfkb_proximal,tierA_p95,ALL,105.0,104.44343610079784,-0.0411289877078279,477.0,0.0051891088803999,10.709228131279602
7352_liver_sham_Male_2-U1,tnfa_nfkb_proximal,tierA_p95,ALL,115.0,114.20108565023122,-0.0611360039849297,242.0,0.0073666801115559,11.729154619972896
7352_liver_sham_Male_2-U1,tnfa_nfkb_proximal,tierA_p95,ALL,125.0,124.09115255103922,-0.0562112889555173,106.0,0.009964041104743,12.749081108666193
7352_liver_sham_Male_2-U1,tnfa_nfkb_proximal,tierA_p95,ALL,135.0,134.54295894077845,-0.0649825953795308,56.0,0.0154694850135726,13.769007597359488
7352_liver_sham_Male_2-U1,tnfa_nfkb_proximal,tierA_p95,ALL,145.0,143.82050120035808,-0.0610344811963538,30.0,0.0200178841333935,14.788934086052782
7352_liver_sham_Male_2-U1,tnfa_nfkb_proximal,tierA_p95,ALL,155.0,154.514163547092,-0.1006840221169922,18.0,0.0290284401802425,15.808860574746078
7352_liver_sham_Male_2-U1,tnfa_nfkb_proximal,tierA_p95,ALL,165.0,165.04654439290366,-0.0940908590952555,9.0,0.0383618479312793,16.828787063439375
7352_liver_sham_Male_2-U1,tnfa_nfkb_proximal,tierA_p95,ALL,175.0,174.5242665608724,-0.1041185768942038,6.0,0.0398966291190575,17.84871355213267
7352_liver_sham_Male_2-U1,tnfa_nfkb_proximal,tierA_p95,ALL,185.0,189.4875946044922,-0.1187336519360542,1.0,0.0,18.86864004082596
7352_liver_sham_Male_2-U1,tnfa_nfkb_proximal,tierA_p95,ALL,195.0,193.1875915527344,-0.1891509927809238,4.0,0.0205557482582358,19.88856652951926
7352_liver_sham_Male_2-U1,tnfa_nfkb_proximal,tierA_p95,ALL,205.0,203.994743347168,-0.162520095705986,2.0,0.0453010765066008,20.908493018212557
7352_liver_sham_Male_2-U1,tnfa_nfkb_proximal,tierA_p95,ALL,215.0,213.73538208007807,-0.1823532879352569,3.0,0.0242895178386913,21.92841950690585
7352_liver_sham_Male_2-U1,tnfa_nfkb_proximal,tierA_p95,ALL,225.0,226.73477935791016,-0.1351453848183155,2.0,0.0387548675085592,22.948345995599144
7352_liver_sham_Male_2-U1,tnfa_nfkb_proximal,tierA_p95,ALL,235.0,236.2046585083008,-0.1994149386882782,2.0,0.001336940181614,23.96827248429244
7352_liver_sham_Male_2-U1,tnfa_nfkb_proximal,tierA_p95,ALL,245.0,,,0.0,,24.98819897298573
7352_liver_sham_Male_2-U1,tnfa_nfkb_proximal,tierA_p95,ALL,255.0,255.6109771728516,-0.0232232250273227,1.0,0.0,26.008125461679032
7352_liver_sham_Male_2-U1,tnfa_nfkb_proximal,tierA_p95,ALL,265.0,,,0.0,,27.02805195037233
7352_liver_sham_Male_2-U1,tnfa_nfkb_proximal,tierA_p95,ALL,275.0,279.861328125,-0.1146663501858711,1.0,0.0,28.047978439065623
7352_liver_sham_Male_2-U1,tnfa_nfkb_proximal,tierA_p95,ALL,285.0,281.8061218261719,-0.0494388006627559,1.0,0.0,29.06790492775892
7352_liver_sham_Male_2-U1,tnfa_nfkb_proximal,tierA_p95,ALL,295.0,296.08848353794644,-0.1245607233473232,7.0,0.0521066951717682,30.08783141645221
7259_liver_sbr_Male_26-U1,interferon_response,tierA_p95,ALL,5.0,7.608783440247643,0.0023735844163343,13305.0,0.0015701492819266,0.7413239395183187
7259_liver_sbr_Male_26-U1,interferon_response,tierA_p95,ALL,15.0,15.088768296272082,0.0032618822748855,36170.0,0.0008892650919131,2.223971818554956
7259_liver_sbr_Male_26-U1,interferon_response,tierA_p95,ALL,25.0,24.77099761027266,-0.0051155977688831,31068.0,0.0009147905989246,3.706619697591593
7259_liver_sbr_Male_26-U1,interferon_response,tierA_p95,ALL,35.0,34.570276629176625,-0.0144488315408714,20475.0,0.0011062200306774,5.189267576628231
7259_liver_sbr_Male_26-U1,interferon_response,tierA_p95,ALL,45.0,44.44258509214621,-0.0192985041414485,11214.0,0.0014852045213377,6.671915455664868
7259_liver_sbr_Male_26-U1,interferon_response,tierA_p95,ALL,55.0,54.25022662983814,-0.0283542053479961,5263.0,0.0022015044169534,8.154563334701505
7259_liver_sbr_Male_26-U1,interferon_response,tierA_p95,ALL,65.0,64.26828320491083,-0.0437370388000266,2119.0,0.0033920355071603,9.637211213738142
7259_liver_sbr_Male_26-U1,interferon_response,tierA_p95,ALL,75.0,74.28857641130965,-0.0640412610004221,856.0,0.0053326001109566,11.11985909277478
7259_liver_sbr_Male_26-U1,interferon_response,tierA_p95,ALL,85.0,84.19284406884924,-0.1023118993253337,308.0,0.009819313786445,12.602506971811415
7259_liver_sbr_Male_26-U1,interferon_response,tierA_p95,ALL,95.0,94.47627977224496,-0.1504889001863865,104.0,0.0125574625982231,14.085154850848054
7259_liver_sbr_Male_26-U1,interferon_response,tierA_p95,ALL,105.0,103.94352461162366,-0.2053102637690148,38.0,0.0136787881973728,15.56780272988469
7259_liver_sbr_Male_26-U1,interferon_response,tierA_p95,ALL,115.0,113.88551527454008,-0.249430377396845,31.0,0.0122328056266489,17.050450608921327
7259_liver_sbr_Male_26-U1,interferon_response,tierA_p95,ALL,125.0,124.71883010864258,-0.2560521844489913,18.0,0.0186512008659782,18.533098487957965
7259_liver_sbr_Male_26-U1,interferon_response,tierA_p95,ALL,135.0,134.80128139919705,-0.261259623699718,9.0,0.0067613910443626,20.0157463669946
7259_liver_sbr_Male_26-U1,interferon_response,tierA_p95,ALL,145.0,143.9218266805013,-0.2654331400990486,6.0,0.0188557300334808,21.49839424603124
7259_liver_sbr_Male_26-U1,interferon_response,tierA_p95,ALL,155.0,155.17937774658202,-0.2288352519273758,10.0,0.0212326726159558,22.98104212506788
7259_liver_sbr_Male_26-U1,interferon_response,tierA_p95,ALL,165.0,164.48133341471353,-0.2062621613343556,6.0,0.0369105973841815,24.463690004104517
7259_liver_sbr_Male_26-U1,interferon_response,tierA_p95,ALL,175.0,175.9162343343099,-0.2752265483140945,3.0,0.0381769287601746,25.94633788314115
7259_liver_sbr_Male_26-U1,interferon_response,tierA_p95,ALL,185.0,186.1177749633789,-0.3219835460186004,2.0,0.0,27.42898576217779
7259_liver_sbr_Male_26-U1,interferon_response,tierA_p95,ALL,195.0,193.27931213378903,-0.2492912709712982,1.0,0.0,28.911633641214426
7259_liver_sbr_Male_26-U1,interferon_response,tierA_p95,ALL,205.0,,,0.0,,30.394281520251063
7259_liver_sbr_Male_26-U1,interferon_response,tierA_p95,ALL,215.0,,,0.0,,31.8769293992877
7259_liver_sbr_Male_26-U1,interferon_response,tierA_p95,ALL,225.0,,,0.0,,33.35957727832434
7259_liver_sbr_Male_26-U1,interferon_response,tierA_p95,ALL,235.0,,,0.0,,34.84222515736097
7259_liver_sbr_Male_26-U1,interferon_response,tierA_p95,ALL,245.0,245.53905487060547,0.0009101182222366,2.0,0.0482244662130134,36.32487303639761
7259_liver_sbr_Male_26-U1,interferon_response,tierA_p95,ALL,255.0,250.6612548828125,-0.1283787786960601,1.0,0.0,37.807520915434246
7259_liver_sbr_Male_26-U1,interferon_response,tierA_p95,ALL,265.0,267.4521789550781,-0.3043137043714523,2.0,0.0124944648511909,39.29016879447089
7259_liver_sbr_Male_26-U1,interferon_response,tierA_p95,ALL,275.0,274.70660400390625,-0.2842621803283691,1.0,0.0,40.77281667350752
7259_liver_sbr_Male_26-U1,interferon_response,tierA_p95,ALL,285.0,,,0.0,,42.25546455254416
7259_liver_sbr_Male_26-U1,interferon_response,tierA_p95,ALL,295.0,,,0.0,,43.7381124315808
7250_liver_sham_Male_26-U1,oxidative_stress,tierA_p95,ALL,5.0,7.981370406204063,-0.0584282036854204,10601.0,0.0022545793451026,0.5169527735278392
7250_liver_sham_Male_26-U1,oxidative_stress,tierA_p95,ALL,15.0,15.137132653211784,0.0101057068270234,48138.0,0.0009976428851804,1.5508583205835176
7250_liver_sham_Male_26-U1,oxidative_stress,tierA_p95,ALL,25.0,24.98143871288604,0.0053234771535649,49998.0,0.0009628460978756,2.584763867639196
7250_liver_sham_Male_26-U1,oxidative_stress,tierA_p95,ALL,35.0,34.80460232379519,-0.0005645488469659,43551.0,0.0010159167034716,3.6186694146948746
7250_liver_sham_Male_26-U1,oxidative_stress,tierA_p95,ALL,45.0,44.63686541320226,-0.0079148485115952,31315.0,0.0011896895449608,4.652574961750553
7250_liver_sham_Male_26-U1,oxidative_stress,tierA_p95,ALL,55.0,54.57531385885534,-0.0159254248014898,19576.0,0.0014767053104797,5.686480508806231
7250_liver_sham_Male_26-U1,oxidative_stress,tierA_p95,ALL,65.0,64.49245931700888,-0.0279730931347315,11062.0,0.0019693164092337,6.72038605586191
7250_liver_sham_Male_26-U1,oxidative_stress,tierA_p95,ALL,75.0,74.38876555184214,-0.0446299443993668,5790.0,0.0027073849779432,7.754291602917588
7250_liver_sham_Male_26-U1,oxidative_stress,tierA_p95,ALL,85.0,84.32794829052999,-0.0548959542490509,2765.0,0.0038792955858356,8.788197149973266
7250_liver_sham_Male_26-U1,oxidative_stress,tierA_p95,ALL,95.0,94.27997878305337,-0.0709262549174029,1203.0,0.0058563700378453,9.822102697028946
7250_liver_sham_Male_26-U1,oxidative_stress,tierA_p95,ALL,105.0,104.274353888727,-0.0781376899038437,558.0,0.008927967644328,10.856008244084624
7250_liver_sham_Male_26-U1,oxidative_stress,tierA_p95,ALL,115.0,114.46739979351268,-0.1063035465887129,272.0,0.0127664153452096,11.889913791140302
7250_liver_sham_Male_26-U1,oxidative_stress,tierA_p95,ALL,125.0,124.17610056950495,-0.142388646433112,130.0,0.0170126768405901,12.92381933819598
7250_liver_sham_Male_26-U1,oxidative_stress,tierA_p95,ALL,135.0,134.1490664395419,-0.1248521019958637,55.0,0.0297194783506074,13.95772488525166
7250_liver_sham_Male_26-U1,oxidative_stress,tierA_p95,ALL,145.0,143.74942961193267,-0.0860392304935625,21.0,0.0424568963830869,14.991630432307335
7250_liver_sham_Male_26-U1,oxidative_stress,tierA_p95,ALL,155.0,153.32451820373535,-0.0476569323800504,8.0,0.1040351589965529,16.025535979363017
7250_liver_sham_Male_26-U1,oxidative_stress,tierA_p95,ALL,165.0,161.126953125,-0.2554786950349808,2.0,0.0520423068752364,17.059441526418695
7250_liver_sham_Male_26-U1,oxidative_stress,tierA_p95,ALL,175.0,172.08404541015625,-0.4227455854415893,1.0,0.0,18.093347073474373
7250_liver_sham_Male_26-U1,oxidative_stress,tierA_p95,ALL,185.0,188.74624633789065,-0.4227455854415893,1.0,0.0,19.12725262053005
7250_liver_sham_Male_26-U1,oxidative_stress,tierA_p95,ALL,195.0,,,0.0,,20.16115816758573
7250_liver_sham_Male_26-U1,oxidative_stress,tierA_p95,ALL,205.0,204.53821563720703,-0.3774280399084091,2.0,0.0320443437532418,21.195063714641407
7250_liver_sham_Male_26-U1,oxidative_stress,tierA_p95,ALL,215.0,,,0.0,,22.228969261697088
7250_liver_sham_Male_26-U1,oxidative_stress,tierA_p95,ALL,225.0,,,0.0,,23.26287480875277
7250_liver_sham_Male_26-U1,oxidative_stress,tierA_p95,ALL,235.0,230.80577087402344,-0.2762343883514404,1.0,0.0,24.296780355808444
7250_liver_sham_Male_26-U1,oxidative_stress,tierA_p95,ALL,245.0,245.1445770263672,-0.4227455854415893,1.0,0.0,25.33068590286412
7250_liver_sham_Male_26-U1,oxidative_stress,tierA_p95,ALL,255.0,252.37705993652344,-0.4227455854415893,1.0,0.0,26.3645914499198
7250_liver_sham_Male_26-U1,oxidative_stress,tierA_p95,ALL,265.0,,,0.0,,27.39849699697548
7250_liver_sham_Male_26-U1,oxidative_stress,tierA_p95,ALL,275.0,272.7123107910156,-0.4227455854415893,1.0,0.0,28.43240254403116
7250_liver_sham_Male_26-U1,oxidative_stress,tierA_p95,ALL,285.0,,,0.0,,29.46630809108684
7250_liver_sham_Male_26-U1,oxidative_stress,tierA_p95,ALL,295.0,,,0.0,,30.500213638142515
7352_liver_sham_Male_2-U1,emt_ecm,tierA_p95,ALL,5.0,7.921960137038805,0.0640980353871774,6025.0,0.0031674228663757,0.5099632443466476
7352_liver_sham_Male_2-U1,emt_ecm,tierA_p95,ALL,15.0,15.16070251390961,0.0038187770180087,27623.0,0.0010095429253898,1.529889733039943
7352_liver_sham_Male_2-U1,emt_ecm,tierA_p95,ALL,25.0,24.97025959003178,-0.01062504422793,28656.0,0.0008753013566124,2.5498162217332383
7352_liver_sham_Male_2-U1,emt_ecm,tierA_p95,ALL,35.0,34.80703771039684,-0.0173750364207302,25226.0,0.000882431158173,3.569742710426534
7352_liver_sham_Male_2-U1,emt_ecm,tierA_p95,ALL,45.0,44.64847000435584,-0.0213818971884979,18154.0,0.001016756029744,4.589669199119829
7352_liver_sham_Male_2-U1,emt_ecm,tierA_p95,ALL,55.0,54.60960564343495,-0.0263748037996154,11804.0,0.0012344790900164,5.609595687813124
7352_liver_sham_Male_2-U1,emt_ecm,tierA_p95,ALL,65.0,64.65010686450837,-0.0269691472663166,6998.0,0.0016422069910685,6.62952217650642
7352_liver_sham_Male_2-U1,emt_ecm,tierA_p95,ALL,75.0,74.47675463433802,-0.0331974491969382,3887.0,0.0021714091787889,7.649448665199715
7352_liver_sham_Male_2-U1,emt_ecm,tierA_p95,ALL,85.0,84.36239926895163,-0.0405008933850098,2053.0,0.0029436520832549,8.66937515389301
7352_liver_sham_Male_2-U1,emt_ecm,tierA_p95,ALL,95.0,94.3390591445847,-0.0391483505068457,1005.0,0.0038988689008616,9.689301642586306
7352_liver_sham_Male_2-U1,emt_ecm,tierA_p95,ALL,105.0,104.44343610079784,-0.0427485964401572,477.0,0.0060137774512612,10.709228131279602
7352_liver_sham_Male_2-U1,emt_ecm,tierA_p95,ALL,115.0,114.20108565023122,-0.0513945430156886,242.0,0.0096480791749746,11.729154619972896
7352_liver_sham_Male_2-U1,emt_ecm,tierA_p95,ALL,125.0,124.09115255103922,-0.0393454496422562,106.0,0.0133326719548499,12.749081108666193
7352_liver_sham_Male_2-U1,emt_ecm,tierA_p95,ALL,135.0,134.54295894077845,-0.0672012504905329,56.0,0.0159173224965192,13.769007597359488
7352_liver_sham_Male_2-U1,emt_ecm,tierA_p95,ALL,145.0,143.82050120035808,-0.083300608738015,30.0,0.0209564711451294,14.788934086052782
7352_liver_sham_Male_2-U1,emt_ecm,tierA_p95,ALL,155.0,154.514163547092,-0.1233929175262649,18.0,0.0164977319170562,15.808860574746078
7352_liver_sham_Male_2-U1,emt_ecm,tierA_p95,ALL,165.0,165.04654439290366,-0.0864095084317442,9.0,0.0290393665661566,16.828787063439375
7352_liver_sham_Male_2-U1,emt_ecm,tierA_p95,ALL,175.0,174.5242665608724,-0.1542419170339902,6.0,0.0240698863010669,17.84871355213267
7352_liver_sham_Male_2-U1,emt_ecm,tierA_p95,ALL,185.0,189.4875946044922,-0.0497333779931068,1.0,0.0,18.86864004082596
7352_liver_sham_Male_2-U1,emt_ecm,tierA_p95,ALL,195.0,193.1875915527344,-0.1866341009736061,4.0,0.022138384092113,19.88856652951926
7352_liver_sham_Male_2-U1,emt_ecm,tierA_p95,ALL,205.0,203.994743347168,-0.1884307116270065,2.0,0.0106916228694252,20.908493018212557
7352_liver_sham_Male_2-U1,emt_ecm,tierA_p95,ALL,215.0,213.73538208007807,-0.2162526547908783,3.0,0.0112811418071177,21.92841950690585
7352_liver_sham_Male_2-U1,emt_ecm,tierA_p95,ALL,225.0,226.73477935791016,-0.1305345222353935,2.0,0.0047514196985195,22.948345995599144
7352_liver_sham_Male_2-U1,emt_ecm,tierA_p95,ALL,235.0,236.2046585083008,-0.2182656079530716,2.0,0.0083463825574608,23.96827248429244
7352_liver_sham_Male_2-U1,emt_ecm,tierA_p95,ALL,245.0,,,0.0,,24.98819897298573
7352_liver_sham_Male_2-U1,emt_ecm,tierA_p95,ALL,255.0,255.6109771728516,-0.1829986274242401,1.0,0.0,26.008125461679032
7352_liver_sham_Male_2-U1,emt_ecm,tierA_p95,ALL,265.0,,,0.0,,27.02805195037233
7352_liver_sham_Male_2-U1,emt_ecm,tierA_p95,ALL,275.0,279.861328125,-0.2047007381916046,1.0,0.0,28.047978439065623
7352_liver_sham_Male_2-U1,emt_ecm,tierA_p95,ALL,285.0,281.8061218261719,-0.191323384642601,1.0,0.0,29.06790492775892
7352_liver_sham_Male_2-U1,emt_ecm,tierA_p95,ALL,295.0,296.08848353794644,-0.1292383782565593,7.0,0.0310658588357233,30.08783141645221
7250_liver_sham_Male_26-U1,tnfa_nfkb_proximal,tierA_p95,ALL,5.0,7.981370406204063,0.0163946607934297,10601.0,0.0015842944790808,0.5169527735278392
7250_liver_sham_Male_26-U1,tnfa_nfkb_proximal,tierA_p95,ALL,15.0,15.137132653211784,0.0017451051512439,48138.0,0.0005957420965201,1.5508583205835176
7250_liver_sham_Male_26-U1,tnfa_nfkb_proximal,tierA_p95,ALL,25.0,24.98143871288604,-0.0086194945872336,49998.0,0.0005464048484251,2.584763867639196
7250_liver_sham_Male_26-U1,tnfa_nfkb_proximal,tierA_p95,ALL,35.0,34.80460232379519,-0.0131944442307761,43551.0,0.0005744189843355,3.6186694146948746
7250_liver_sham_Male_26-U1,tnfa_nfkb_proximal,tierA_p95,ALL,45.0,44.63686541320226,-0.0179537493409599,31315.0,0.0006688695542656,4.652574961750553
7250_liver_sham_Male_26-U1,tnfa_nfkb_proximal,tierA_p95,ALL,55.0,54.57531385885534,-0.0247673682002428,19576.0,0.0008319975367113,5.686480508806231
7250_liver_sham_Male_26-U1,tnfa_nfkb_proximal,tierA_p95,ALL,65.0,64.49245931700888,-0.0291147939630537,11062.0,0.0010983390694802,6.72038605586191
7250_liver_sham_Male_26-U1,tnfa_nfkb_proximal,tierA_p95,ALL,75.0,74.38876555184214,-0.037459400377401,5790.0,0.0014694095954172,7.754291602917588
7250_liver_sham_Male_26-U1,tnfa_nfkb_proximal,tierA_p95,ALL,85.0,84.32794829052999,-0.0434617377546565,2765.0,0.002182718529065,8.788197149973266
7250_liver_sham_Male_26-U1,tnfa_nfkb_proximal,tierA_p95,ALL,95.0,94.27997878305337,-0.0468062007710739,1203.0,0.0033224947363417,9.822102697028946
7250_liver_sham_Male_26-U1,tnfa_nfkb_proximal,tierA_p95,ALL,105.0,104.274353888727,-0.0566592154960307,558.0,0.0048492516073516,10.856008244084624
7250_liver_sham_Male_26-U1,tnfa_nfkb_proximal,tierA_p95,ALL,115.0,114.46739979351268,-0.064803345431702,272.0,0.0063974533652797,11.889913791140302
7250_liver_sham_Male_26-U1,tnfa_nfkb_proximal,tierA_p95,ALL,125.0,124.17610056950495,-0.0677524355508816,130.0,0.0085065606724559,12.92381933819598
7250_liver_sham_Male_26-U1,tnfa_nfkb_proximal,tierA_p95,ALL,135.0,134.1490664395419,-0.0667068975723602,55.0,0.0135067281664,13.95772488525166
7250_liver_sham_Male_26-U1,tnfa_nfkb_proximal,tierA_p95,ALL,145.0,143.74942961193267,-0.0950607703887813,21.0,0.0189412846523988,14.991630432307335
7250_liver_sham_Male_26-U1,tnfa_nfkb_proximal,tierA_p95,ALL,155.0,153.32451820373535,-0.0445277257822454,8.0,0.0646252939620393,16.025535979363017
7250_liver_sham_Male_26-U1,tnfa_nfkb_proximal,tierA_p95,ALL,165.0,161.126953125,-0.1886638179421425,2.0,0.0116688976509155,17.059441526418695
7250_liver_sham_Male_26-U1,tnfa_nfkb_proximal,tierA_p95,ALL,175.0,172.08404541015625,-0.1254940778017044,1.0,0.0,18.093347073474373
7250_liver_sham_Male_26-U1,tnfa_nfkb_proximal,tierA_p95,ALL,185.0,188.74624633789065,-0.1500631272792816,1.0,0.0,19.12725262053005
7250_liver_sham_Male_26-U1,tnfa_nfkb_proximal,tierA_p95,ALL,195.0,,,0.0,,20.16115816758573
7250_liver_sham_Male_26-U1,tnfa_nfkb_proximal,tierA_p95,ALL,205.0,204.53821563720703,-0.1264555249363184,2.0,0.0556568034813734,21.195063714641407
7250_liver_sham_Male_26-U1,tnfa_nfkb_proximal,tierA_p95,ALL,215.0,,,0.0,,22.228969261697088
7250_liver_sham_Male_26-U1,tnfa_nfkb_proximal,tierA_p95,ALL,225.0,,,0.0,,23.26287480875277
7250_liver_sham_Male_26-U1,tnfa_nfkb_proximal,tierA_p95,ALL,235.0,230.80577087402344,0.2174724787473678,1.0,0.0,24.296780355808444
7250_liver_sham_Male_26-U1,tnfa_nfkb_proximal,tierA_p95,ALL,245.0,245.1445770263672,-0.2051661312580108,1.0,0.0,25.33068590286412
7250_liver_sham_Male_26-U1,tnfa_nfkb_proximal,tierA_p95,ALL,255.0,252.37705993652344,-0.2051661312580108,1.0,0.0,26.3645914499198
7250_liver_sham_Male_26-U1,tnfa_nfkb_proximal,tierA_p95,ALL,265.0,,,0.0,,27.39849699697548
7250_liver_sham_Male_26-U1,tnfa_nfkb_proximal,tierA_p95,ALL,275.0,272.7123107910156,-0.2051661312580108,1.0,0.0,28.43240254403116
7250_liver_sham_Male_26-U1,tnfa_nfkb_proximal,tierA_p95,ALL,285.0,,,0.0,,29.46630809108684
7250_liver_sham_Male_26-U1,tnfa_nfkb_proximal,tierA_p95,ALL,295.0,,,0.0,,30.500213638142515
7352_liver_sham_Male_2-U1,downstream_arrest,tierA_p95,ALL,5.0,7.921960137038805,-0.014142325052668,6025.0,0.0018381385777962,0.5099632443466476
7352_liver_sham_Male_2-U1,downstream_arrest,tierA_p95,ALL,15.0,15.16070251390961,0.003475155062632,27623.0,0.0007583293787371,1.529889733039943
7352_liver_sham_Male_2-U1,downstream_arrest,tierA_p95,ALL,25.0,24.97025959003178,-0.003779171714299,28656.0,0.00071964575946,2.5498162217332383
7352_liver_sham_Male_2-U1,downstream_arrest,tierA_p95,ALL,35.0,34.80703771039684,-0.0097487747415412,25226.0,0.0007519707733285,3.569742710426534
7352_liver_sham_Male_2-U1,downstream_arrest,tierA_p95,ALL,45.0,44.64847000435584,-0.0174274771639847,18154.0,0.0008781678624354,4.589669199119829
7352_liver_sham_Male_2-U1,downstream_arrest,tierA_p95,ALL,55.0,54.60960564343495,-0.0237599372385523,11804.0,0.0010648398204112,5.609595687813124
7352_liver_sham_Male_2-U1,downstream_arrest,tierA_p95,ALL,65.0,64.65010686450837,-0.0304061266612962,6998.0,0.0013623760573073,6.62952217650642
7352_liver_sham_Male_2-U1,downstream_arrest,tierA_p95,ALL,75.0,74.47675463433802,-0.0394588217691535,3887.0,0.001851512996433,7.649448665199715
7352_liver_sham_Male_2-U1,downstream_arrest,tierA_p95,ALL,85.0,84.36239926895163,-0.0429288763073747,2053.0,0.0025382888991499,8.66937515389301
7352_liver_sham_Male_2-U1,downstream_arrest,tierA_p95,ALL,95.0,94.3390591445847,-0.041796928087374,1005.0,0.0036825602317952,9.689301642586306
7352_liver_sham_Male_2-U1,downstream_arrest,tierA_p95,ALL,105.0,104.44343610079784,-0.0479915594953977,477.0,0.0052161211882798,10.709228131279602
7352_liver_sham_Male_2-U1,downstream_arrest,tierA_p95,ALL,115.0,114.20108565023122,-0.0787729545225089,242.0,0.0072262943388112,11.729154619972896
7352_liver_sham_Male_2-U1,downstream_arrest,tierA_p95,ALL,125.0,124.09115255103922,-0.0529862762338763,106.0,0.0118916229074215,12.749081108666193
7352_liver_sham_Male_2-U1,downstream_arrest,tierA_p95,ALL,135.0,134.54295894077845,-0.1049888557421841,56.0,0.0130584286377324,13.769007597359488
7352_liver_sham_Male_2-U1,downstream_arrest,tierA_p95,ALL,145.0,143.82050120035808,-0.0865007366674641,30.0,0.0191180466951206,14.788934086052782
7352_liver_sham_Male_2-U1,downstream_arrest,tierA_p95,ALL,155.0,154.514163547092,-0.1358233891789698,18.0,0.024857126972327,15.808860574746078
7352_liver_sham_Male_2-U1,downstream_arrest,tierA_p95,ALL,165.0,165.04654439290366,-0.1450413498613569,9.0,0.0183818027381686,16.828787063439375
7352_liver_sham_Male_2-U1,downstream_arrest,tierA_p95,ALL,175.0,174.5242665608724,-0.1101754624396562,6.0,0.0388409617567575,17.84871355213267
7352_liver_sham_Male_2-U1,downstream_arrest,tierA_p95,ALL,185.0,189.4875946044922,-0.1662484854459762,1.0,0.0,18.86864004082596
7352_liver_sham_Male_2-U1,downstream_arrest,tierA_p95,ALL,195.0,193.1875915527344,-0.2066925149410963,4.0,0.0291219683460928,19.88856652951926
7352_liver_sham_Male_2-U1,downstream_arrest,tierA_p95,ALL,205.0,203.994743347168,-0.1867574900388717,2.0,0.0348261411220821,20.908493018212557
7352_liver_sham_Male_2-U1,downstream_arrest,tierA_p95,ALL,215.0,213.73538208007807,-0.2254817833503087,3.0,0.0215646039411645,21.92841950690585
7352_liver_sham_Male_2-U1,downstream_arrest,tierA_p95,ALL,225.0,226.73477935791016,-0.1567249968647956,2.0,0.0081524596391061,22.948345995599144
7352_liver_sham_Male_2-U1,downstream_arrest,tierA_p95,ALL,235.0,236.2046585083008,-0.207196906208992,2.0,0.0275487712302516,23.96827248429244
7352_liver_sham_Male_2-U1,downstream_arrest,tierA_p95,ALL,245.0,,,0.0,,24.98819897298573
7352_liver_sham_Male_2-U1,downstream_arrest,tierA_p95,ALL,255.0,255.6109771728516,-0.217912808060646,1.0,0.0,26.008125461679032
7352_liver_sham_Male_2-U1,downstream_arrest,tierA_p95,ALL,265.0,,,0.0,,27.02805195037233
7352_liver_sham_Male_2-U1,downstream_arrest,tierA_p95,ALL,275.0,279.861328125,-0.2230006158351898,1.0,0.0,28.047978439065623
7352_liver_sham_Male_2-U1,downstream_arrest,tierA_p95,ALL,285.0,281.8061218261719,-0.2481132745742797,1.0,0.0,29.06790492775892
7352_liver_sham_Male_2-U1,downstream_arrest,tierA_p95,ALL,295.0,296.08848353794644,-0.1380934081971645,7.0,0.0400034776259549,30.08783141645221
7250_liver_sham_Male_26-U1,interferon_response,tierA_p95,ALL,5.0,7.981370406204063,0.0234105289884374,10601.0,0.0021216959669819,0.5169527735278392
7250_liver_sham_Male_26-U1,interferon_response,tierA_p95,ALL,15.0,15.137132653211784,0.0010065433661831,48138.0,0.0007461681061139,1.5508583205835176
7250_liver_sham_Male_26-U1,interferon_response,tierA_p95,ALL,25.0,24.98143871288604,-0.0076634557221007,49998.0,0.0006801113793946,2.584763867639196
7250_liver_sham_Male_26-U1,interferon_response,tierA_p95,ALL,35.0,34.80460232379519,-0.0119840628717769,43551.0,0.0007214761604355,3.6186694146948746
7250_liver_sham_Male_26-U1,interferon_response,tierA_p95,ALL,45.0,44.63686541320226,-0.0157740678260054,31315.0,0.000849266566359,4.652574961750553
7250_liver_sham_Male_26-U1,interferon_response,tierA_p95,ALL,55.0,54.57531385885534,-0.02225688537819,19576.0,0.0010589972760945,5.686480508806231
7250_liver_sham_Male_26-U1,interferon_response,tierA_p95,ALL,65.0,64.49245931700888,-0.0273465344730964,11062.0,0.0014066307808974,6.72038605586191
7250_liver_sham_Male_26-U1,interferon_response,tierA_p95,ALL,75.0,74.38876555184214,-0.0340813256692043,5790.0,0.0019191840074144,7.754291602917588
7250_liver_sham_Male_26-U1,interferon_response,tierA_p95,ALL,85.0,84.32794829052999,-0.0418415302003478,2765.0,0.0027658904678813,8.788197149973266
7250_liver_sham_Male_26-U1,interferon_response,tierA_p95,ALL,95.0,94.27997878305337,-0.0464824869610063,1203.0,0.0039860073547552,9.822102697028946
7250_liver_sham_Male_26-U1,interferon_response,tierA_p95,ALL,105.0,104.274353888727,-0.0611733570979702,558.0,0.006586244469767,10.856008244084624
7250_liver_sham_Male_26-U1,interferon_response,tierA_p95,ALL,115.0,114.46739979351268,-0.0599004597394977,272.0,0.0087942615260111,11.889913791140302
7250_liver_sham_Male_26-U1,interferon_response,tierA_p95,ALL,125.0,124.17610056950495,-0.0650259447148598,130.0,0.0118529675509595,12.92381933819598
7250_liver_sham_Male_26-U1,interferon_response,tierA_p95,ALL,135.0,134.1490664395419,-0.0751650357788259,55.0,0.0165047764870662,13.95772488525166
7250_liver_sham_Male_26-U1,interferon_response,tierA_p95,ALL,145.0,143.74942961193267,-0.0931063418587048,21.0,0.0273224146528784,14.991630432307335
7250_liver_sham_Male_26-U1,interferon_response,tierA_p95,ALL,155.0,153.32451820373535,-0.0148323546163737,8.0,0.0782277109450499,16.025535979363017
7250_liver_sham_Male_26-U1,interferon_response,tierA_p95,ALL,165.0,161.126953125,-0.181604154407978,2.0,0.0212500142823515,17.059441526418695
7250_liver_sham_Male_26-U1,interferon_response,tierA_p95,ALL,175.0,172.08404541015625,-0.1540931165218353,1.0,0.0,18.093347073474373
7250_liver_sham_Male_26-U1,interferon_response,tierA_p95,ALL,185.0,188.74624633789065,-0.1643323302268982,1.0,0.0,19.12725262053005
7250_liver_sham_Male_26-U1,interferon_response,tierA_p95,ALL,195.0,,,0.0,,20.16115816758573
7250_liver_sham_Male_26-U1,interferon_response,tierA_p95,ALL,205.0,204.53821563720703,-0.2195157706737518,2.0,0.0100736763132706,21.195063714641407
7250_liver_sham_Male_26-U1,interferon_response,tierA_p95,ALL,215.0,,,0.0,,22.228969261697088
7250_liver_sham_Male_26-U1,interferon_response,tierA_p95,ALL,225.0,,,0.0,,23.26287480875277
7250_liver_sham_Male_26-U1,interferon_response,tierA_p95,ALL,235.0,230.80577087402344,0.113801509141922,1.0,0.0,24.296780355808444
7250_liver_sham_Male_26-U1,interferon_response,tierA_p95,ALL,245.0,245.1445770263672,-0.2337621003389358,1.0,0.0,25.33068590286412
7250_liver_sham_Male_26-U1,interferon_response,tierA_p95,ALL,255.0,252.37705993652344,-0.1981749683618545,1.0,0.0,26.3645914499198
7250_liver_sham_Male_26-U1,interferon_response,tierA_p95,ALL,265.0,,,0.0,,27.39849699697548
7250_liver_sham_Male_26-U1,interferon_response,tierA_p95,ALL,275.0,272.7123107910156,-0.2337621003389358,1.0,0.0,28.43240254403116
7250_liver_sham_Male_26-U1,interferon_response,tierA_p95,ALL,285.0,,,0.0,,29.46630809108684
7250_liver_sham_Male_26-U1,interferon_response,tierA_p95,ALL,295.0,,,0.0,,30.500213638142515
7259_liver_sbr_Male_26-U1,tnfa_nfkb_proximal,tierA_p95,ALL,5.0,7.608783440247643,-0.011137851718651,13305.0,0.001257400455641,0.7413239395183187
7259_liver_sbr_Male_26-U1,tnfa_nfkb_proximal,tierA_p95,ALL,15.0,15.088768296272082,0.0005958844281391,36170.0,0.0007409503633929,2.223971818554956
7259_liver_sbr_Male_26-U1,tnfa_nfkb_proximal,tierA_p95,ALL,25.0,24.77099761027266,-0.0040037959143319,31068.0,0.0007797267468946,3.706619697591593
7259_liver_sbr_Male_26-U1,tnfa_nfkb_proximal,tierA_p95,ALL,35.0,34.570276629176625,-0.0122029881206251,20475.0,0.0009504705925614,5.189267576628231
7259_liver_sbr_Male_26-U1,tnfa_nfkb_proximal,tierA_p95,ALL,45.0,44.44258509214621,-0.0151266324452387,11214.0,0.0012841317483095,6.671915455664868
7259_liver_sbr_Male_26-U1,tnfa_nfkb_proximal,tierA_p95,ALL,55.0,54.25022662983814,-0.0261346051059736,5263.0,0.001859256438349,8.154563334701505
7259_liver_sbr_Male_26-U1,tnfa_nfkb_proximal,tierA_p95,ALL,65.0,64.26828320491083,-0.0297637940180882,2119.0,0.0029915279236587,9.637211213738142
7259_liver_sbr_Male_26-U1,tnfa_nfkb_proximal,tierA_p95,ALL,75.0,74.28857641130965,-0.0513113124266013,856.0,0.0047427827629764,11.11985909277478
7259_liver_sbr_Male_26-U1,tnfa_nfkb_proximal,tierA_p95,ALL,85.0,84.19284406884924,-0.0849856315770295,308.0,0.0077256102157967,12.602506971811415
7259_liver_sbr_Male_26-U1,tnfa_nfkb_proximal,tierA_p95,ALL,95.0,94.47627977224496,-0.1330763565873405,104.0,0.0112535497660259,14.085154850848054
7259_liver_sbr_Male_26-U1,tnfa_nfkb_proximal,tierA_p95,ALL,105.0,103.94352461162366,-0.1904441533904326,38.0,0.0102273775110595,15.56780272988469
7259_liver_sbr_Male_26-U1,tnfa_nfkb_proximal,tierA_p95,ALL,115.0,113.88551527454008,-0.2031743656243047,31.0,0.0127557677460138,17.050450608921327
7259_liver_sbr_Male_26-U1,tnfa_nfkb_proximal,tierA_p95,ALL,125.0,124.71883010864258,-0.2129326562086741,18.0,0.0164075120928661,18.533098487957965
7259_liver_sbr_Male_26-U1,tnfa_nfkb_proximal,tierA_p95,ALL,135.0,134.80128139919705,-0.2340302069981893,9.0,0.015565908157234,20.0157463669946
7259_liver_sbr_Male_26-U1,tnfa_nfkb_proximal,tierA_p95,ALL,145.0,143.9218266805013,-0.2238369261225064,6.0,0.011406394268124,21.49839424603124
7259_liver_sbr_Male_26-U1,tnfa_nfkb_proximal,tierA_p95,ALL,155.0,155.17937774658202,-0.2161467052996158,10.0,0.0197706682301769,22.98104212506788
7259_liver_sbr_Male_26-U1,tnfa_nfkb_proximal,tierA_p95,ALL,165.0,164.48133341471353,-0.2170364254464706,6.0,0.0501659574491866,24.463690004104517
7259_liver_sbr_Male_26-U1,tnfa_nfkb_proximal,tierA_p95,ALL,175.0,175.9162343343099,-0.2674206743637721,3.0,0.0074044917132381,25.94633788314115
7259_liver_sbr_Male_26-U1,tnfa_nfkb_proximal,tierA_p95,ALL,185.0,186.1177749633789,-0.2764892876148224,2.0,0.0,27.42898576217779
7259_liver_sbr_Male_26-U1,tnfa_nfkb_proximal,tierA_p95,ALL,195.0,193.27931213378903,-0.2764892876148224,1.0,0.0,28.911633641214426
7259_liver_sbr_Male_26-U1,tnfa_nfkb_proximal,tierA_p95,ALL,205.0,,,0.0,,30.394281520251063
7259_liver_sbr_Male_26-U1,tnfa_nfkb_proximal,tierA_p95,ALL,215.0,,,0.0,,31.8769293992877
7259_liver_sbr_Male_26-U1,tnfa_nfkb_proximal,tierA_p95,ALL,225.0,,,0.0,,33.35957727832434
7259_liver_sbr_Male_26-U1,tnfa_nfkb_proximal,tierA_p95,ALL,235.0,,,0.0,,34.84222515736097
7259_liver_sbr_Male_26-U1,tnfa_nfkb_proximal,tierA_p95,ALL,245.0,245.53905487060547,-0.0883293636143207,2.0,0.0099838165980674,36.32487303639761
7259_liver_sbr_Male_26-U1,tnfa_nfkb_proximal,tierA_p95,ALL,255.0,250.6612548828125,-0.217676356434822,1.0,0.0,37.807520915434246
7259_liver_sbr_Male_26-U1,tnfa_nfkb_proximal,tierA_p95,ALL,265.0,267.4521789550781,-0.2091285809874534,2.0,0.0476312124417301,39.29016879447089
7259_liver_sbr_Male_26-U1,tnfa_nfkb_proximal,tierA_p95,ALL,275.0,274.70660400390625,-0.1073378697037696,1.0,0.0,40.77281667350752
7259_liver_sbr_Male_26-U1,tnfa_nfkb_proximal,tierA_p95,ALL,285.0,,,0.0,,42.25546455254416
7259_liver_sbr_Male_26-U1,tnfa_nfkb_proximal,tierA_p95,ALL,295.0,,,0.0,,43.7381124315808
7259_liver_sbr_Male_26-U1,secondary_senescence,tierA_p95,ALL,5.0,7.608783440247643,-0.0080455943868663,13305.0,0.0015704565568165,0.7413239395183187
7259_liver_sbr_Male_26-U1,secondary_senescence,tierA_p95,ALL,15.0,15.088768296272082,-0.0003473096903235,36170.0,0.000929587279261,2.223971818554956
7259_liver_sbr_Male_26-U1,secondary_senescence,tierA_p95,ALL,25.0,24.77099761027266,-0.0062249902496108,31068.0,0.0009781277509044,3.706619697591593
7259_liver_sbr_Male_26-U1,secondary_senescence,tierA_p95,ALL,35.0,34.570276629176625,-0.0125861137575479,20475.0,0.0011836562407602,5.189267576628231
7259_liver_sbr_Male_26-U1,secondary_senescence,tierA_p95,ALL,45.0,44.44258509214621,-0.0176706651160384,11214.0,0.0015846459037154,6.671915455664868
7259_liver_sbr_Male_26-U1,secondary_senescence,tierA_p95,ALL,55.0,54.25022662983814,-0.0292622620881257,5263.0,0.0022715428060826,8.154563334701505
7259_liver_sbr_Male_26-U1,secondary_senescence,tierA_p95,ALL,65.0,64.26828320491083,-0.0346663264522096,2119.0,0.0035739490255215,9.637211213738142
7259_liver_sbr_Male_26-U1,secondary_senescence,tierA_p95,ALL,75.0,74.28857641130965,-0.0468967005537672,856.0,0.0056026376855148,11.11985909277478
7259_liver_sbr_Male_26-U1,secondary_senescence,tierA_p95,ALL,85.0,84.19284406884924,-0.0862563293406062,308.0,0.0086696013701701,12.602506971811415
7259_liver_sbr_Male_26-U1,secondary_senescence,tierA_p95,ALL,95.0,94.47627977224496,-0.1201894286966237,104.0,0.0143624535249195,14.085154850848054
7259_liver_sbr_Male_26-U1,secondary_senescence,tierA_p95,ALL,105.0,103.94352461162366,-0.1489603060640786,38.0,0.0186965599065698,15.56780272988469
7259_liver_sbr_Male_26-U1,secondary_senescence,tierA_p95,ALL,115.0,113.88551527454008,-0.1874205822185162,31.0,0.0173031113595161,17.050450608921327
7259_liver_sbr_Male_26-U1,secondary_senescence,tierA_p95,ALL,125.0,124.71883010864258,-0.160742241785758,18.0,0.027588911130521,18.533098487957965
7259_liver_sbr_Male_26-U1,secondary_senescence,tierA_p95,ALL,135.0,134.80128139919705,-0.1476759124133322,9.0,0.0564002360552765,20.0157463669946
7259_liver_sbr_Male_26-U1,secondary_senescence,tierA_p95,ALL,145.0,143.9218266805013,-0.1200996202727158,6.0,0.0475796286365598,21.49839424603124
7259_liver_sbr_Male_26-U1,secondary_senescence,tierA_p95,ALL,155.0,155.17937774658202,-0.2026650615036487,10.0,0.0173203303521965,22.98104212506788
7259_liver_sbr_Male_26-U1,secondary_senescence,tierA_p95,ALL,165.0,164.48133341471353,-0.231814756989479,6.0,0.0116760494342642,24.463690004104517
7259_liver_sbr_Male_26-U1,secondary_senescence,tierA_p95,ALL,175.0,175.9162343343099,-0.2446052283048629,3.0,0.0,25.94633788314115
7259_liver_sbr_Male_26-U1,secondary_senescence,tierA_p95,ALL,185.0,186.1177749633789,-0.1782747916877269,2.0,0.0469027015310413,27.42898576217779
7259_liver_sbr_Male_26-U1,secondary_senescence,tierA_p95,ALL,195.0,193.27931213378903,-0.2446052283048629,1.0,0.0,28.911633641214426
7259_liver_sbr_Male_26-U1,secondary_senescence,tierA_p95,ALL,205.0,,,0.0,,30.394281520251063
7259_liver_sbr_Male_26-U1,secondary_senescence,tierA_p95,ALL,215.0,,,0.0,,31.8769293992877
7259_liver_sbr_Male_26-U1,secondary_senescence,tierA_p95,ALL,225.0,,,0.0,,33.35957727832434
7259_liver_sbr_Male_26-U1,secondary_senescence,tierA_p95,ALL,235.0,,,0.0,,34.84222515736097
7259_liver_sbr_Male_26-U1,secondary_senescence,tierA_p95,ALL,245.0,245.53905487060547,-0.1184826663229614,2.0,0.0891821188380232,36.32487303639761
7259_liver_sbr_Male_26-U1,secondary_senescence,tierA_p95,ALL,255.0,250.6612548828125,-0.1432939618825912,1.0,0.0,37.807520915434246
7259_liver_sbr_Male_26-U1,secondary_senescence,tierA_p95,ALL,265.0,267.4521789550781,-0.2446052283048629,2.0,0.0,39.29016879447089
7259_liver_sbr_Male_26-U1,secondary_senescence,tierA_p95,ALL,275.0,274.70660400390625,0.0219214241951704,1.0,0.0,40.77281667350752
7259_liver_sbr_Male_26-U1,secondary_senescence,tierA_p95,ALL,285.0,,,0.0,,42.25546455254416
7259_liver_sbr_Male_26-U1,secondary_senescence,tierA_p95,ALL,295.0,,,0.0,,43.7381124315808
7250_liver_sham_Male_26-U1,secondary_senescence,tierA_p95,ALL,5.0,7.981370406204063,0.0367737723107755,10601.0,0.0019804620678607,0.5169527735278392
7250_liver_sham_Male_26-U1,secondary_senescence,tierA_p95,ALL,15.0,15.137132653211784,0.0005622701401396,48138.0,0.0007645708479147,1.5508583205835176
7250_liver_sham_Male_26-U1,secondary_senescence,tierA_p95,ALL,25.0,24.98143871288604,-0.0120659597046284,49998.0,0.0006938735985509,2.584763867639196
7250_liver_sham_Male_26-U1,secondary_senescence,tierA_p95,ALL,35.0,34.80460232379519,-0.0177088018499553,43551.0,0.0007253913027203,3.6186694146948746
7250_liver_sham_Male_26-U1,secondary_senescence,tierA_p95,ALL,45.0,44.63686541320226,-0.0207928024277903,31315.0,0.0008417139802153,4.652574961750553
7250_liver_sham_Male_26-U1,secondary_senescence,tierA_p95,ALL,55.0,54.57531385885534,-0.0258892107778305,19576.0,0.001060433592061,5.686480508806231
7250_liver_sham_Male_26-U1,secondary_senescence,tierA_p95,ALL,65.0,64.49245931700888,-0.0301086551161369,11062.0,0.001398333426436,6.72038605586191
7250_liver_sham_Male_26-U1,secondary_senescence,tierA_p95,ALL,75.0,74.38876555184214,-0.0396033971101808,5790.0,0.0018808405155392,7.754291602917588
7250_liver_sham_Male_26-U1,secondary_senescence,tierA_p95,ALL,85.0,84.32794829052999,-0.0433449633622608,2765.0,0.0026554052947871,8.788197149973266
7250_liver_sham_Male_26-U1,secondary_senescence,tierA_p95,ALL,95.0,94.27997878305337,-0.0462392363527215,1203.0,0.0040474950818308,9.822102697028946
7250_liver_sham_Male_26-U1,secondary_senescence,tierA_p95,ALL,105.0,104.274353888727,-0.0422180800713014,558.0,0.0065188816100242,10.856008244084624
7250_liver_sham_Male_26-U1,secondary_senescence,tierA_p95,ALL,115.0,114.46739979351268,-0.0614078336447539,272.0,0.0076069331823946,11.889913791140302
7250_liver_sham_Male_26-U1,secondary_senescence,tierA_p95,ALL,125.0,124.17610056950495,-0.0785412521674655,130.0,0.0100676016910664,12.92381933819598
7250_liver_sham_Male_26-U1,secondary_senescence,tierA_p95,ALL,135.0,134.1490664395419,-0.0772628950230269,55.0,0.0156190516303296,13.95772488525166
7250_liver_sham_Male_26-U1,secondary_senescence,tierA_p95,ALL,145.0,143.74942961193267,-0.0760355588004347,21.0,0.0269320933805732,14.991630432307335
7250_liver_sham_Male_26-U1,secondary_senescence,tierA_p95,ALL,155.0,153.32451820373535,-0.058412360958755,8.0,0.0907434887877429,16.025535979363017
7250_liver_sham_Male_26-U1,secondary_senescence,tierA_p95,ALL,165.0,161.126953125,-0.0358144305646419,2.0,0.0943855834077934,17.059441526418695
7250_liver_sham_Male_26-U1,secondary_senescence,tierA_p95,ALL,175.0,172.08404541015625,-0.1692958027124405,1.0,0.0,18.093347073474373
7250_liver_sham_Male_26-U1,secondary_senescence,tierA_p95,ALL,185.0,188.74624633789065,-0.1692958027124405,1.0,0.0,19.12725262053005
7250_liver_sham_Male_26-U1,secondary_senescence,tierA_p95,ALL,195.0,,,0.0,,20.16115816758573
7250_liver_sham_Male_26-U1,secondary_senescence,tierA_p95,ALL,205.0,204.53821563720703,-0.1692958027124405,2.0,0.0,21.195063714641407
7250_liver_sham_Male_26-U1,secondary_senescence,tierA_p95,ALL,215.0,,,0.0,,22.228969261697088
7250_liver_sham_Male_26-U1,secondary_senescence,tierA_p95,ALL,225.0,,,0.0,,23.26287480875277
7250_liver_sham_Male_26-U1,secondary_senescence,tierA_p95,ALL,235.0,230.80577087402344,0.0663085728883743,1.0,0.0,24.296780355808444
7250_liver_sham_Male_26-U1,secondary_senescence,tierA_p95,ALL,245.0,245.1445770263672,0.0550600029528141,1.0,0.0,25.33068590286412
7250_liver_sham_Male_26-U1,secondary_senescence,tierA_p95,ALL,255.0,252.37705993652344,-0.1692958027124405,1.0,0.0,26.3645914499198
7250_liver_sham_Male_26-U1,secondary_senescence,tierA_p95,ALL,265.0,,,0.0,,27.39849699697548
7250_liver_sham_Male_26-U1,secondary_senescence,tierA_p95,ALL,275.0,272.7123107910156,-0.1692958027124405,1.0,0.0,28.43240254403116
7250_liver_sham_Male_26-U1,secondary_senescence,tierA_p95,ALL,285.0,,,0.0,,29.46630809108684
7250_liver_sham_Male_26-U1,secondary_senescence,tierA_p95,ALL,295.0,,,0.0,,30.500213638142515
7259_liver_sbr_Male_26-U1,oxidative_stress,tierA_p95,ALL,5.0,7.608783440247643,-0.0498651156376904,13305.0,0.0019070092901858,0.7413239395183187
7259_liver_sbr_Male_26-U1,oxidative_stress,tierA_p95,ALL,15.0,15.088768296272082,0.0052992573074966,36170.0,0.001215051712418,2.223971818554956
7259_liver_sbr_Male_26-U1,oxidative_stress,tierA_p95,ALL,25.0,24.77099761027266,0.004479910574288,31068.0,0.0013168685867418,3.706619697591593
7259_liver_sbr_Male_26-U1,oxidative_stress,tierA_p95,ALL,35.0,34.570276629176625,-0.0053187393413455,20475.0,0.0015978133427787,5.189267576628231
7259_liver_sbr_Male_26-U1,oxidative_stress,tierA_p95,ALL,45.0,44.44258509214621,-0.0119553223490488,11214.0,0.0021501242791697,6.671915455664868
7259_liver_sbr_Male_26-U1,oxidative_stress,tierA_p95,ALL,55.0,54.25022662983814,-0.0306048166180519,5263.0,0.0031371758535321,8.154563334701505
7259_liver_sbr_Male_26-U1,oxidative_stress,tierA_p95,ALL,65.0,64.26828320491083,-0.0406989759467663,2119.0,0.0050466458750437,9.637211213738142
7259_liver_sbr_Male_26-U1,oxidative_stress,tierA_p95,ALL,75.0,74.28857641130965,-0.0690395436541561,856.0,0.0079032663872484,11.11985909277478
7259_liver_sbr_Male_26-U1,oxidative_stress,tierA_p95,ALL,85.0,84.19284406884924,-0.1012694674026971,308.0,0.0141171646037939,12.602506971811415
7259_liver_sbr_Male_26-U1,oxidative_stress,tierA_p95,ALL,95.0,94.47627977224496,-0.1702363893228511,104.0,0.0232160846012721,14.085154850848054
7259_liver_sbr_Male_26-U1,oxidative_stress,tierA_p95,ALL,105.0,103.94352461162366,-0.3155381969715419,38.0,0.0186715934748435,15.56780272988469
7259_liver_sbr_Male_26-U1,oxidative_stress,tierA_p95,ALL,115.0,113.88551527454008,-0.3124062521683593,31.0,0.0237747723302115,17.050450608921327
7259_liver_sbr_Male_26-U1,oxidative_stress,tierA_p95,ALL,125.0,124.71883010864258,-0.3630657216740979,18.0,0.0256015234633324,18.533098487957965
7259_liver_sbr_Male_26-U1,oxidative_stress,tierA_p95,ALL,135.0,134.80128139919705,-0.3094870431555642,9.0,0.0427939812185048,20.0157463669946
7259_liver_sbr_Male_26-U1,oxidative_stress,tierA_p95,ALL,145.0,143.9218266805013,-0.3960143427054087,6.0,0.0125383514002408,21.49839424603124
7259_liver_sbr_Male_26-U1,oxidative_stress,tierA_p95,ALL,155.0,155.17937774658202,-0.3380143124610185,10.0,0.0417980967454925,22.98104212506788
7259_liver_sbr_Male_26-U1,oxidative_stress,tierA_p95,ALL,165.0,164.48133341471353,-0.3129776765902837,6.0,0.034474199831666,24.463690004104517
7259_liver_sbr_Male_26-U1,oxidative_stress,tierA_p95,ALL,175.0,175.9162343343099,-0.2809293692310651,3.0,0.0711891445405449,25.94633788314115
7259_liver_sbr_Male_26-U1,oxidative_stress,tierA_p95,ALL,185.0,186.1177749633789,-0.4097494184970855,2.0,0.0,27.42898576217779
7259_liver_sbr_Male_26-U1,oxidative_stress,tierA_p95,ALL,195.0,193.27931213378903,-0.4097494184970855,1.0,0.0,28.911633641214426
7259_liver_sbr_Male_26-U1,oxidative_stress,tierA_p95,ALL,205.0,,,0.0,,30.394281520251063
7259_liver_sbr_Male_26-U1,oxidative_stress,tierA_p95,ALL,215.0,,,0.0,,31.8769293992877
7259_liver_sbr_Male_26-U1,oxidative_stress,tierA_p95,ALL,225.0,,,0.0,,33.35957727832434
7259_liver_sbr_Male_26-U1,oxidative_stress,tierA_p95,ALL,235.0,,,0.0,,34.84222515736097
7259_liver_sbr_Male_26-U1,oxidative_stress,tierA_p95,ALL,245.0,245.53905487060547,-0.091124695725739,2.0,0.0840168574229777,36.32487303639761
7259_liver_sbr_Male_26-U1,oxidative_stress,tierA_p95,ALL,255.0,250.6612548828125,-0.4097494184970855,1.0,0.0,37.807520915434246
7259_liver_sbr_Male_26-U1,oxidative_stress,tierA_p95,ALL,265.0,267.4521789550781,-0.3603997528553009,2.0,0.0348954832245947,39.29016879447089
7259_liver_sbr_Male_26-U1,oxidative_stress,tierA_p95,ALL,275.0,274.70660400390625,-0.4097494184970855,1.0,0.0,40.77281667350752
7259_liver_sbr_Male_26-U1,oxidative_stress,tierA_p95,ALL,285.0,,,0.0,,42.25546455254416
7259_liver_sbr_Male_26-U1,oxidative_stress,tierA_p95,ALL,295.0,,,0.0,,43.7381124315808
7259_liver_sbr_Male_26-U1,downstream_arrest,tierA_p95,ALL,5.0,7.608783440247643,-0.0318211608522466,13305.0,0.001142219080955,0.7413239395183187
7259_liver_sbr_Male_26-U1,downstream_arrest,tierA_p95,ALL,15.0,15.088768296272082,-0.0028321630837499,36170.0,0.0007305478791028,2.223971818554956
7259_liver_sbr_Male_26-U1,downstream_arrest,tierA_p95,ALL,25.0,24.77099761027266,-0.004842430114154,31068.0,0.0007924017898467,3.706619697591593
7259_liver_sbr_Male_26-U1,downstream_arrest,tierA_p95,ALL,35.0,34.570276629176625,-0.0114718319001995,20475.0,0.0009588206159975,5.189267576628231
7259_liver_sbr_Male_26-U1,downstream_arrest,tierA_p95,ALL,45.0,44.44258509214621,-0.0169328107903941,11214.0,0.00128267669176,6.671915455664868
7259_liver_sbr_Male_26-U1,downstream_arrest,tierA_p95,ALL,55.0,54.25022662983814,-0.0311446585166378,5263.0,0.0018485263049637,8.154563334701505
7259_liver_sbr_Male_26-U1,downstream_arrest,tierA_p95,ALL,65.0,64.26828320491083,-0.0319534327968778,2119.0,0.0029974360347447,9.637211213738142
7259_liver_sbr_Male_26-U1,downstream_arrest,tierA_p95,ALL,75.0,74.28857641130965,-0.0575097344763915,856.0,0.0046897760814772,11.11985909277478
7259_liver_sbr_Male_26-U1,downstream_arrest,tierA_p95,ALL,85.0,84.19284406884924,-0.0899531155440641,308.0,0.0078334534958495,12.602506971811415
7259_liver_sbr_Male_26-U1,downstream_arrest,tierA_p95,ALL,95.0,94.47627977224496,-0.1204375407855527,104.0,0.0146259092833269,14.085154850848054
7259_liver_sbr_Male_26-U1,downstream_arrest,tierA_p95,ALL,105.0,103.94352461162366,-0.182593927669682,38.0,0.0116413215874842,15.56780272988469
7259_liver_sbr_Male_26-U1,downstream_arrest,tierA_p95,ALL,115.0,113.88551527454008,-0.2012227247318913,31.0,0.0116595069005124,17.050450608921327
7259_liver_sbr_Male_26-U1,downstream_arrest,tierA_p95,ALL,125.0,124.71883010864258,-0.1976204671793514,18.0,0.0137339829553966,18.533098487957965
7259_liver_sbr_Male_26-U1,downstream_arrest,tierA_p95,ALL,135.0,134.80128139919705,-0.1859998674028449,9.0,0.029048387721227,20.0157463669946
7259_liver_sbr_Male_26-U1,downstream_arrest,tierA_p95,ALL,145.0,143.9218266805013,-0.2280344491203626,6.0,0.0125757746522785,21.49839424603124
7259_liver_sbr_Male_26-U1,downstream_arrest,tierA_p95,ALL,155.0,155.17937774658202,-0.2007585927844047,10.0,0.0116547823872968,22.98104212506788
7259_liver_sbr_Male_26-U1,downstream_arrest,tierA_p95,ALL,165.0,164.48133341471353,-0.2163072700301806,6.0,0.0202111943369083,24.463690004104517
7259_liver_sbr_Male_26-U1,downstream_arrest,tierA_p95,ALL,175.0,175.9162343343099,-0.2226158628861109,3.0,0.0277874619902925,25.94633788314115
7259_liver_sbr_Male_26-U1,downstream_arrest,tierA_p95,ALL,185.0,186.1177749633789,-0.2010364159941673,2.0,0.0092295644996505,27.42898576217779
7259_liver_sbr_Male_26-U1,downstream_arrest,tierA_p95,ALL,195.0,193.27931213378903,-0.0555073320865631,1.0,0.0,28.911633641214426
7259_liver_sbr_Male_26-U1,downstream_arrest,tierA_p95,ALL,205.0,,,0.0,,30.394281520251063
7259_liver_sbr_Male_26-U1,downstream_arrest,tierA_p95,ALL,215.0,,,0.0,,31.8769293992877
7259_liver_sbr_Male_26-U1,downstream_arrest,tierA_p95,ALL,225.0,,,0.0,,33.35957727832434
7259_liver_sbr_Male_26-U1,downstream_arrest,tierA_p95,ALL,235.0,,,0.0,,34.84222515736097
7259_liver_sbr_Male_26-U1,downstream_arrest,tierA_p95,ALL,245.0,245.53905487060547,-0.1605200320482254,2.0,0.0091003053836237,36.32487303639761
7259_liver_sbr_Male_26-U1,downstream_arrest,tierA_p95,ALL,255.0,250.6612548828125,-0.2671891152858734,1.0,0.0,37.807520915434246
7259_liver_sbr_Male_26-U1,downstream_arrest,tierA_p95,ALL,265.0,267.4521789550781,-0.2505851089954376,2.0,0.0117408054428312,39.29016879447089
7259_liver_sbr_Male_26-U1,downstream_arrest,tierA_p95,ALL,275.0,274.70660400390625,-0.1225852221250534,1.0,0.0,40.77281667350752
7259_liver_sbr_Male_26-U1,downstream_arrest,tierA_p95,ALL,285.0,,,0.0,,42.25546455254416
7259_liver_sbr_Male_26-U1,downstream_arrest,tierA_p95,ALL,295.0,,,0.0,,43.7381124315808
7250_liver_sham_Male_26-U1,downstream_arrest,tierA_p95,ALL,5.0,7.981370406204063,-0.0086545208950425,10601.0,0.0012844440959033,0.5169527735278392
7250_liver_sham_Male_26-U1,downstream_arrest,tierA_p95,ALL,15.0,15.137132653211784,0.0044978905497686,48138.0,0.0005504645873532,1.5508583205835176
7250_liver_sham_Male_26-U1,downstream_arrest,tierA_p95,ALL,25.0,24.98143871288604,-0.0045470626536574,49998.0,0.0005122156976888,2.584763867639196
7250_liver_sham_Male_26-U1,downstream_arrest,tierA_p95,ALL,35.0,34.80460232379519,-0.0109513612005533,43551.0,0.0005331610127767,3.6186694146948746
7250_liver_sham_Male_26-U1,downstream_arrest,tierA_p95,ALL,45.0,44.63686541320226,-0.0179359411559304,31315.0,0.0006137422703517,4.652574961750553
7250_liver_sham_Male_26-U1,downstream_arrest,tierA_p95,ALL,55.0,54.57531385885534,-0.0238521988424558,19576.0,0.0007647714844545,5.686480508806231
7250_liver_sham_Male_26-U1,downstream_arrest,tierA_p95,ALL,65.0,64.49245931700888,-0.0333376070145815,11062.0,0.0009818333211106,6.72038605586191
7250_liver_sham_Male_26-U1,downstream_arrest,tierA_p95,ALL,75.0,74.38876555184214,-0.0419978356525961,5790.0,0.0013396714220285,7.754291602917588
7250_liver_sham_Male_26-U1,downstream_arrest,tierA_p95,ALL,85.0,84.32794829052999,-0.0476699157652616,2765.0,0.0019370158132837,8.788197149973266
7250_liver_sham_Male_26-U1,downstream_arrest,tierA_p95,ALL,95.0,94.27997878305337,-0.0629112867885645,1203.0,0.0027981076597503,9.822102697028946
7250_liver_sham_Male_26-U1,downstream_arrest,tierA_p95,ALL,105.0,104.274353888727,-0.0679558718031565,558.0,0.0041470641672495,10.856008244084624
7250_liver_sham_Male_26-U1,downstream_arrest,tierA_p95,ALL,115.0,114.46739979351268,-0.072720526777039,272.0,0.0056431450765247,11.889913791140302
7250_liver_sham_Male_26-U1,downstream_arrest,tierA_p95,ALL,125.0,124.17610056950495,-0.0830600340080519,130.0,0.0082536194498051,12.92381933819598
7250_liver_sham_Male_26-U1,downstream_arrest,tierA_p95,ALL,135.0,134.1490664395419,-0.0924881474056746,55.0,0.0133552235609916,13.95772488525166
7250_liver_sham_Male_26-U1,downstream_arrest,tierA_p95,ALL,145.0,143.74942961193267,-0.0984478854529914,21.0,0.0191674484198943,14.991630432307335
7250_liver_sham_Male_26-U1,downstream_arrest,tierA_p95,ALL,155.0,153.32451820373535,-0.0641824123449623,8.0,0.0650927262521243,16.025535979363017
7250_liver_sham_Male_26-U1,downstream_arrest,tierA_p95,ALL,165.0,161.126953125,-0.0574802010087296,2.0,0.042356634531675,17.059441526418695
7250_liver_sham_Male_26-U1,downstream_arrest,tierA_p95,ALL,175.0,172.08404541015625,-0.1477842628955841,1.0,0.0,18.093347073474373
7250_liver_sham_Male_26-U1,downstream_arrest,tierA_p95,ALL,185.0,188.74624633789065,-0.0886526852846145,1.0,0.0,19.12725262053005
7250_liver_sham_Male_26-U1,downstream_arrest,tierA_p95,ALL,195.0,,,0.0,,20.16115816758573
7250_liver_sham_Male_26-U1,downstream_arrest,tierA_p95,ALL,205.0,204.53821563720703,-0.1703760176897049,2.0,0.0207251226993529,21.195063714641407
7250_liver_sham_Male_26-U1,downstream_arrest,tierA_p95,ALL,215.0,,,0.0,,22.228969261697088
7250_liver_sham_Male_26-U1,downstream_arrest,tierA_p95,ALL,225.0,,,0.0,,23.26287480875277
7250_liver_sham_Male_26-U1,downstream_arrest,tierA_p95,ALL,235.0,230.80577087402344,0.1480764746665954,1.0,0.0,24.296780355808444
7250_liver_sham_Male_26-U1,downstream_arrest,tierA_p95,ALL,245.0,245.1445770263672,-0.2355597168207168,1.0,0.0,25.33068590286412
7250_liver_sham_Male_26-U1,downstream_arrest,tierA_p95,ALL,255.0,252.37705993652344,-0.1940951347351074,1.0,0.0,26.3645914499198
7250_liver_sham_Male_26-U1,downstream_arrest,tierA_p95,ALL,265.0,,,0.0,,27.39849699697548
7250_liver_sham_Male_26-U1,downstream_arrest,tierA_p95,ALL,275.0,272.7123107910156,-0.2355597168207168,1.0,0.0,28.43240254403116
7250_liver_sham_Male_26-U1,downstream_arrest,tierA_p95,ALL,285.0,,,0.0,,29.46630809108684
7250_liver_sham_Male_26-U1,downstream_arrest,tierA_p95,ALL,295.0,,,0.0,,30.500213638142515
7250_liver_sham_Male_26-U1,il6_jak_stat3,tierA_p95,ALL,5.0,7.981370406204063,0.0222422692964508,10601.0,0.0020062114406476,0.5169527735278392
7250_liver_sham_Male_26-U1,il6_jak_stat3,tierA_p95,ALL,15.0,15.137132653211784,-0.0003752201752719,48138.0,0.0007676571088722,1.5508583205835176
7250_liver_sham_Male_26-U1,il6_jak_stat3,tierA_p95,ALL,25.0,24.98143871288604,-0.0085664633033036,49998.0,0.0007283458898343,2.584763867639196
7250_liver_sham_Male_26-U1,il6_jak_stat3,tierA_p95,ALL,35.0,34.80460232379519,-0.0112833080783544,43551.0,0.0007805731910857,3.6186694146948746
7250_liver_sham_Male_26-U1,il6_jak_stat3,tierA_p95,ALL,45.0,44.63686541320226,-0.0159869530861425,31315.0,0.0009156860576704,4.652574961750553
7250_liver_sham_Male_26-U1,il6_jak_stat3,tierA_p95,ALL,55.0,54.57531385885534,-0.0210734064446254,19576.0,0.0011493316594087,5.686480508806231
7250_liver_sham_Male_26-U1,il6_jak_stat3,tierA_p95,ALL,65.0,64.49245931700888,-0.0240742625640463,11062.0,0.0015355403504434,6.72038605586191
7250_liver_sham_Male_26-U1,il6_jak_stat3,tierA_p95,ALL,75.0,74.38876555184214,-0.0303105125823567,5790.0,0.0020900565884199,7.754291602917588
7250_liver_sham_Male_26-U1,il6_jak_stat3,tierA_p95,ALL,85.0,84.32794829052999,-0.0379047508442094,2765.0,0.0030442220119849,8.788197149973266
7250_liver_sham_Male_26-U1,il6_jak_stat3,tierA_p95,ALL,95.0,94.27997878305337,-0.0388432952273049,1203.0,0.0044762790891386,9.822102697028946
7250_liver_sham_Male_26-U1,il6_jak_stat3,tierA_p95,ALL,105.0,104.274353888727,-0.0522955331647197,558.0,0.0068437968720117,10.856008244084624
7250_liver_sham_Male_26-U1,il6_jak_stat3,tierA_p95,ALL,115.0,114.46739979351268,-0.0538591463696186,272.0,0.009853721274708,11.889913791140302
7250_liver_sham_Male_26-U1,il6_jak_stat3,tierA_p95,ALL,125.0,124.17610056950495,-0.0541321453998814,130.0,0.0124828820546508,12.92381933819598
7250_liver_sham_Male_26-U1,il6_jak_stat3,tierA_p95,ALL,135.0,134.1490664395419,-0.0435802901671691,55.0,0.0222569884918608,13.95772488525166
7250_liver_sham_Male_26-U1,il6_jak_stat3,tierA_p95,ALL,145.0,143.74942961193267,-0.1078025856432283,21.0,0.0240103938900372,14.991630432307335
7250_liver_sham_Male_26-U1,il6_jak_stat3,tierA_p95,ALL,155.0,153.32451820373535,-0.0556497955694794,8.0,0.0532684555621008,16.025535979363017
7250_liver_sham_Male_26-U1,il6_jak_stat3,tierA_p95,ALL,165.0,161.126953125,-0.0965659711509943,2.0,0.0750263360186463,17.059441526418695
7250_liver_sham_Male_26-U1,il6_jak_stat3,tierA_p95,ALL,175.0,172.08404541015625,0.2360371798276901,1.0,0.0,18.093347073474373
7250_liver_sham_Male_26-U1,il6_jak_stat3,tierA_p95,ALL,185.0,188.74624633789065,-0.2026692330837249,1.0,0.0,19.12725262053005
7250_liver_sham_Male_26-U1,il6_jak_stat3,tierA_p95,ALL,195.0,,,0.0,,20.16115816758573
7250_liver_sham_Male_26-U1,il6_jak_stat3,tierA_p95,ALL,205.0,204.53821563720703,-0.129915552213788,2.0,0.0514446210994144,21.195063714641407
7250_liver_sham_Male_26-U1,il6_jak_stat3,tierA_p95,ALL,215.0,,,0.0,,22.228969261697088
7250_liver_sham_Male_26-U1,il6_jak_stat3,tierA_p95,ALL,225.0,,,0.0,,23.26287480875277
7250_liver_sham_Male_26-U1,il6_jak_stat3,tierA_p95,ALL,235.0,230.80577087402344,0.2088527232408523,1.0,0.0,24.296780355808444
7250_liver_sham_Male_26-U1,il6_jak_stat3,tierA_p95,ALL,245.0,245.1445770263672,-0.0548860281705856,1.0,0.0,25.33068590286412
7250_liver_sham_Male_26-U1,il6_jak_stat3,tierA_p95,ALL,255.0,252.37705993652344,-0.2026692330837249,1.0,0.0,26.3645914499198
7250_liver_sham_Male_26-U1,il6_jak_stat3,tierA_p95,ALL,265.0,,,0.0,,27.39849699697548
7250_liver_sham_Male_26-U1,il6_jak_stat3,tierA_p95,ALL,275.0,272.7123107910156,-0.2026692330837249,1.0,0.0,28.43240254403116
7250_liver_sham_Male_26-U1,il6_jak_stat3,tierA_p95,ALL,285.0,,,0.0,,29.46630809108684
7250_liver_sham_Male_26-U1,il6_jak_stat3,tierA_p95,ALL,295.0,,,0.0,,30.500213638142515
7259_liver_sbr_Male_26-U1,il6_jak_stat3,tierA_p95,ALL,5.0,7.608783440247643,-0.0053862344955001,13305.0,0.0015396595079379,0.7413239395183187
7259_liver_sbr_Male_26-U1,il6_jak_stat3,tierA_p95,ALL,15.0,15.088768296272082,0.001242629139614,36170.0,0.0008873319880648,2.223971818554956
7259_liver_sbr_Male_26-U1,il6_jak_stat3,tierA_p95,ALL,25.0,24.77099761027266,-0.0047187770036499,31068.0,0.0009255981944789,3.706619697591593
7259_liver_sbr_Male_26-U1,il6_jak_stat3,tierA_p95,ALL,35.0,34.570276629176625,-0.0134152513804327,20475.0,0.0011320375796787,5.189267576628231
7259_liver_sbr_Male_26-U1,il6_jak_stat3,tierA_p95,ALL,45.0,44.44258509214621,-0.017121357266447,11214.0,0.0015273570020257,6.671915455664868
7259_liver_sbr_Male_26-U1,il6_jak_stat3,tierA_p95,ALL,55.0,54.25022662983814,-0.0249827532260124,5263.0,0.0022492094835322,8.154563334701505
7259_liver_sbr_Male_26-U1,il6_jak_stat3,tierA_p95,ALL,65.0,64.26828320491083,-0.0361246714880141,2119.0,0.0035610500789476,9.637211213738142
7259_liver_sbr_Male_26-U1,il6_jak_stat3,tierA_p95,ALL,75.0,74.28857641130965,-0.0555756463820437,856.0,0.0053407895144294,11.11985909277478
7259_liver_sbr_Male_26-U1,il6_jak_stat3,tierA_p95,ALL,85.0,84.19284406884924,-0.0909348794872579,308.0,0.0096885044540244,12.602506971811415
7259_liver_sbr_Male_26-U1,il6_jak_stat3,tierA_p95,ALL,95.0,94.47627977224496,-0.1484350712249019,104.0,0.0152202521350305,14.085154850848054
7259_liver_sbr_Male_26-U1,il6_jak_stat3,tierA_p95,ALL,105.0,103.94352461162366,-0.1917403765807026,38.0,0.0151496125914565,15.56780272988469
7259_liver_sbr_Male_26-U1,il6_jak_stat3,tierA_p95,ALL,115.0,113.88551527454008,-0.2381989913241517,31.0,0.016046312838242,17.050450608921327
7259_liver_sbr_Male_26-U1,il6_jak_stat3,tierA_p95,ALL,125.0,124.71883010864258,-0.2454248177301552,18.0,0.0158983805721814,18.533098487957965
7259_liver_sbr_Male_26-U1,il6_jak_stat3,tierA_p95,ALL,135.0,134.80128139919705,-0.209509196329034,9.0,0.0293279948152783,20.0157463669946
7259_liver_sbr_Male_26-U1,il6_jak_stat3,tierA_p95,ALL,145.0,143.9218266805013,-0.2239424263437589,6.0,0.0243274506122291,21.49839424603124
7259_liver_sbr_Male_26-U1,il6_jak_stat3,tierA_p95,ALL,155.0,155.17937774658202,-0.2289085298776626,10.0,0.0203282265960413,22.98104212506788
7259_liver_sbr_Male_26-U1,il6_jak_stat3,tierA_p95,ALL,165.0,164.48133341471353,-0.2128514728198448,6.0,0.0532880644426008,24.463690004104517
7259_liver_sbr_Male_26-U1,il6_jak_stat3,tierA_p95,ALL,175.0,175.9162343343099,-0.2708003421624501,3.0,0.0202492714215523,25.94633788314115
7259_liver_sbr_Male_26-U1,il6_jak_stat3,tierA_p95,ALL,185.0,186.1177749633789,-0.2956005334854126,2.0,0.0,27.42898576217779
7259_liver_sbr_Male_26-U1,il6_jak_stat3,tierA_p95,ALL,195.0,193.27931213378903,-0.1812280118465423,1.0,0.0,28.911633641214426
7259_liver_sbr_Male_26-U1,il6_jak_stat3,tierA_p95,ALL,205.0,,,0.0,,30.394281520251063
7259_liver_sbr_Male_26-U1,il6_jak_stat3,tierA_p95,ALL,215.0,,,0.0,,31.8769293992877
7259_liver_sbr_Male_26-U1,il6_jak_stat3,tierA_p95,ALL,225.0,,,0.0,,33.35957727832434
7259_liver_sbr_Male_26-U1,il6_jak_stat3,tierA_p95,ALL,235.0,,,0.0,,34.84222515736097
7259_liver_sbr_Male_26-U1,il6_jak_stat3,tierA_p95,ALL,245.0,245.53905487060547,-0.0696540866047144,2.0,0.0771905134694079,36.32487303639761
7259_liver_sbr_Male_26-U1,il6_jak_stat3,tierA_p95,ALL,255.0,250.6612548828125,-0.1469990909099578,1.0,0.0,37.807520915434246
7259_liver_sbr_Male_26-U1,il6_jak_stat3,tierA_p95,ALL,265.0,267.4521789550781,-0.2956005334854126,2.0,0.0,39.29016879447089
7259_liver_sbr_Male_26-U1,il6_jak_stat3,tierA_p95,ALL,275.0,274.70660400390625,-0.2401279360055923,1.0,0.0,40.77281667350752
7259_liver_sbr_Male_26-U1,il6_jak_stat3,tierA_p95,ALL,285.0,,,0.0,,42.25546455254416
7259_liver_sbr_Male_26-U1,il6_jak_stat3,tierA_p95,ALL,295.0,,,0.0,,43.7381124315808
7250_liver_sham_Male_26-U1,emt_ecm,tierA_p95,ALL,5.0,7.981370406204063,0.0689874448957215,10601.0,0.0022340276716691,0.5169527735278392
7250_liver_sham_Male_26-U1,emt_ecm,tierA_p95,ALL,15.0,15.137132653211784,0.0071128294469523,48138.0,0.0007869492281919,1.5508583205835176
7250_liver_sham_Male_26-U1,emt_ecm,tierA_p95,ALL,25.0,24.98143871288604,-0.0121276729784253,49998.0,0.0006622978067715,2.584763867639196
7250_liver_sham_Male_26-U1,emt_ecm,tierA_p95,ALL,35.0,34.80460232379519,-0.0184327688214873,43551.0,0.0006671403911151,3.6186694146948746
7250_liver_sham_Male_26-U1,emt_ecm,tierA_p95,ALL,45.0,44.63686541320226,-0.0237091958040334,31315.0,0.00076302573213,4.652574961750553
7250_liver_sham_Male_26-U1,emt_ecm,tierA_p95,ALL,55.0,54.57531385885534,-0.0302688220743021,19576.0,0.0009245069126117,5.686480508806231
7250_liver_sham_Male_26-U1,emt_ecm,tierA_p95,ALL,65.0,64.49245931700888,-0.0324170103424487,11062.0,0.0012343249517993,6.72038605586191
7250_liver_sham_Male_26-U1,emt_ecm,tierA_p95,ALL,75.0,74.38876555184214,-0.0375495963330568,5790.0,0.0017050754705444,7.754291602917588
7250_liver_sham_Male_26-U1,emt_ecm,tierA_p95,ALL,85.0,84.32794829052999,-0.0440946627495099,2765.0,0.0024126611961451,8.788197149973266
7250_liver_sham_Male_26-U1,emt_ecm,tierA_p95,ALL,95.0,94.27997878305337,-0.0459127886003707,1203.0,0.0037315210607837,9.822102697028946
7250_liver_sham_Male_26-U1,emt_ecm,tierA_p95,ALL,105.0,104.274353888727,-0.051258443074005,558.0,0.0059959185473082,10.856008244084624
7250_liver_sham_Male_26-U1,emt_ecm,tierA_p95,ALL,115.0,114.46739979351268,-0.0626104445768492,272.0,0.0075044129764082,11.889913791140302
7250_liver_sham_Male_26-U1,emt_ecm,tierA_p95,ALL,125.0,124.17610056950495,-0.0554669250393859,130.0,0.0118540561698498,12.92381933819598
7250_liver_sham_Male_26-U1,emt_ecm,tierA_p95,ALL,135.0,134.1490664395419,-0.063962611077692,55.0,0.0180838913797033,13.95772488525166
7250_liver_sham_Male_26-U1,emt_ecm,tierA_p95,ALL,145.0,143.74942961193267,-0.0928026215128955,21.0,0.0169485938435648,14.991630432307335
7250_liver_sham_Male_26-U1,emt_ecm,tierA_p95,ALL,155.0,153.32451820373535,-0.0150166377425193,8.0,0.0697074115966976,16.025535979363017
7250_liver_sham_Male_26-U1,emt_ecm,tierA_p95,ALL,165.0,161.126953125,-0.0989823080599308,2.0,0.0230329761225102,17.059441526418695
7250_liver_sham_Male_26-U1,emt_ecm,tierA_p95,ALL,175.0,172.08404541015625,-0.0509921796619892,1.0,0.0,18.093347073474373
7250_liver_sham_Male_26-U1,emt_ecm,tierA_p95,ALL,185.0,188.74624633789065,-0.2189066857099533,1.0,0.0,19.12725262053005
7250_liver_sham_Male_26-U1,emt_ecm,tierA_p95,ALL,195.0,,,0.0,,20.16115816758573
7250_liver_sham_Male_26-U1,emt_ecm,tierA_p95,ALL,205.0,204.53821563720703,-0.0317944064736366,2.0,0.0747618447879052,21.195063714641407
7250_liver_sham_Male_26-U1,emt_ecm,tierA_p95,ALL,215.0,,,0.0,,22.228969261697088
7250_liver_sham_Male_26-U1,emt_ecm,tierA_p95,ALL,225.0,,,0.0,,23.26287480875277
7250_liver_sham_Male_26-U1,emt_ecm,tierA_p95,ALL,235.0,230.80577087402344,-0.1494735032320022,1.0,0.0,24.296780355808444
7250_liver_sham_Male_26-U1,emt_ecm,tierA_p95,ALL,245.0,245.1445770263672,-0.138172760605812,1.0,0.0,25.33068590286412
7250_liver_sham_Male_26-U1,emt_ecm,tierA_p95,ALL,255.0,252.37705993652344,-0.10554089397192,1.0,0.0,26.3645914499198
7250_liver_sham_Male_26-U1,emt_ecm,tierA_p95,ALL,265.0,,,0.0,,27.39849699697548
7250_liver_sham_Male_26-U1,emt_ecm,tierA_p95,ALL,275.0,272.7123107910156,-0.0722792148590087,1.0,0.0,28.43240254403116
7250_liver_sham_Male_26-U1,emt_ecm,tierA_p95,ALL,285.0,,,0.0,,29.46630809108684
7250_liver_sham_Male_26-U1,emt_ecm,tierA_p95,ALL,295.0,,,0.0,,30.500213638142515
7259_liver_sbr_Male_26-U1,emt_ecm,tierA_p95,ALL,5.0,7.608783440247643,0.0008820803619997,13305.0,0.0014588672276815,0.7413239395183187
7259_liver_sbr_Male_26-U1,emt_ecm,tierA_p95,ALL,15.0,15.088768296272082,0.0026297332704169,36170.0,0.000827430359316,2.223971818554956
7259_liver_sbr_Male_26-U1,emt_ecm,tierA_p95,ALL,25.0,24.77099761027266,-0.0051793299166544,31068.0,0.0008653275798844,3.706619697591593
7259_liver_sbr_Male_26-U1,emt_ecm,tierA_p95,ALL,35.0,34.570276629176625,-0.0147358205240508,20475.0,0.0010365842342082,5.189267576628231
7259_liver_sbr_Male_26-U1,emt_ecm,tierA_p95,ALL,45.0,44.44258509214621,-0.0199576044655515,11214.0,0.0013714017552504,6.671915455664868
7259_liver_sbr_Male_26-U1,emt_ecm,tierA_p95,ALL,55.0,54.25022662983814,-0.0313611967421245,5263.0,0.0020211665990938,8.154563334701505
7259_liver_sbr_Male_26-U1,emt_ecm,tierA_p95,ALL,65.0,64.26828320491083,-0.0353589482192413,2119.0,0.0032200661363063,9.637211213738142
7259_liver_sbr_Male_26-U1,emt_ecm,tierA_p95,ALL,75.0,74.28857641130965,-0.0486255667906887,856.0,0.0050893218552088,11.11985909277478
7259_liver_sbr_Male_26-U1,emt_ecm,tierA_p95,ALL,85.0,84.19284406884924,-0.0874127551147679,308.0,0.0080545997746622,12.602506971811415
7259_liver_sbr_Male_26-U1,emt_ecm,tierA_p95,ALL,95.0,94.47627977224496,-0.132050490826539,104.0,0.0102401791171221,14.085154850848054
7259_liver_sbr_Male_26-U1,emt_ecm,tierA_p95,ALL,105.0,103.94352461162366,-0.1858225294241779,38.0,0.0138286959313798,15.56780272988469
7259_liver_sbr_Male_26-U1,emt_ecm,tierA_p95,ALL,115.0,113.88551527454008,-0.2021960345727782,31.0,0.0112839754738565,17.050450608921327
7259_liver_sbr_Male_26-U1,emt_ecm,tierA_p95,ALL,125.0,124.71883010864258,-0.2133722835116916,18.0,0.0143036944215874,18.533098487957965
7259_liver_sbr_Male_26-U1,emt_ecm,tierA_p95,ALL,135.0,134.80128139919705,-0.2104159262445238,9.0,0.0176344698008637,20.0157463669946
7259_liver_sbr_Male_26-U1,emt_ecm,tierA_p95,ALL,145.0,143.9218266805013,-0.1956828894714514,6.0,0.0261211928095551,21.49839424603124
7259_liver_sbr_Male_26-U1,emt_ecm,tierA_p95,ALL,155.0,155.17937774658202,-0.2023398201912641,10.0,0.022640212323487,22.98104212506788
7259_liver_sbr_Male_26-U1,emt_ecm,tierA_p95,ALL,165.0,164.48133341471353,-0.2107618475953737,6.0,0.0128014725740378,24.463690004104517
7259_liver_sbr_Male_26-U1,emt_ecm,tierA_p95,ALL,175.0,175.9162343343099,-0.2609921991825104,3.0,0.0115011719025544,25.94633788314115
7259_liver_sbr_Male_26-U1,emt_ecm,tierA_p95,ALL,185.0,186.1177749633789,-0.263910099864006,2.0,0.0135825068189239,27.42898576217779
7259_liver_sbr_Male_26-U1,emt_ecm,tierA_p95,ALL,195.0,193.27931213378903,-0.2314216047525406,1.0,0.0,28.911633641214426
7259_liver_sbr_Male_26-U1,emt_ecm,tierA_p95,ALL,205.0,,,0.0,,30.394281520251063
7259_liver_sbr_Male_26-U1,emt_ecm,tierA_p95,ALL,215.0,,,0.0,,31.8769293992877
7259_liver_sbr_Male_26-U1,emt_ecm,tierA_p95,ALL,225.0,,,0.0,,33.35957727832434
7259_liver_sbr_Male_26-U1,emt_ecm,tierA_p95,ALL,235.0,,,0.0,,34.84222515736097
7259_liver_sbr_Male_26-U1,emt_ecm,tierA_p95,ALL,245.0,245.53905487060547,-0.170544721186161,2.0,0.0039872762615928,36.32487303639761
7259_liver_sbr_Male_26-U1,emt_ecm,tierA_p95,ALL,255.0,250.6612548828125,-0.201567143201828,1.0,0.0,37.807520915434246
7259_liver_sbr_Male_26-U1,emt_ecm,tierA_p95,ALL,265.0,267.4521789550781,-0.2585562467575073,2.0,0.0173682526560058,39.29016879447089
7259_liver_sbr_Male_26-U1,emt_ecm,tierA_p95,ALL,275.0,274.70660400390625,-0.2386747300624847,1.0,0.0,40.77281667350752
7259_liver_sbr_Male_26-U1,emt_ecm,tierA_p95,ALL,285.0,,,0.0,,42.25546455254416
7259_liver_sbr_Male_26-U1,emt_ecm,tierA_p95,ALL,295.0,,,0.0,,43.7381124315808
7239_liver_sbr_Male_52-U1,interferon_response,tierA_p95,ALL,5.0,7.6040407535686,-0.0097230059769282,5506.0,0.0027851838575366,0.588113227167357
7239_liver_sbr_Male_52-U1,interferon_response,tierA_p95,ALL,15.0,15.235442022913563,-0.0017681065779443,17148.0,0.0014245443125694,1.764339681502071
7239_liver_sbr_Male_52-U1,interferon_response,tierA_p95,ALL,25.0,24.94838786532314,-0.0070585503048383,17861.0,0.0013250295441276,2.9405661358367854
7239_liver_sbr_Male_52-U1,interferon_response,tierA_p95,ALL,35.0,34.79303165407593,-0.0100244052480423,15287.0,0.0014169716252416,4.1167925901715
7239_liver_sbr_Male_52-U1,interferon_response,tierA_p95,ALL,45.0,44.58360510735192,-0.0121964048042989,10678.0,0.0016846237163639,5.293019044506213
7239_liver_sbr_Male_52-U1,interferon_response,tierA_p95,ALL,55.0,54.48603044419788,-0.0120089339962049,6499.0,0.0021646525931743,6.469245498840928
7239_liver_sbr_Male_52-U1,interferon_response,tierA_p95,ALL,65.0,64.46026798974596,-0.0133864994854833,3582.0,0.0028707921271251,7.645471953175641
7239_liver_sbr_Male_52-U1,interferon_response,tierA_p95,ALL,75.0,74.38204107102315,-0.010894251795021,1570.0,0.0045289475241606,8.821698407510356
7239_liver_sbr_Male_52-U1,interferon_response,tierA_p95,ALL,85.0,84.25899240898363,0.0045434178256211,660.0,0.007415755370378,9.99792486184507
7239_liver_sbr_Male_52-U1,interferon_response,tierA_p95,ALL,95.0,94.21377146402996,-0.0006911801735663,225.0,0.0134077367471548,11.174151316179785
7239_liver_sbr_Male_52-U1,interferon_response,tierA_p95,ALL,105.0,103.93916734736015,-0.0360972279771924,94.0,0.0177241442321199,12.350377770514498
7239_liver_sbr_Male_52-U1,interferon_response,tierA_p95,ALL,115.0,114.0949912752424,0.0069182005702584,56.0,0.024109310048295,13.526604224849212
7239_liver_sbr_Male_52-U1,interferon_response,tierA_p95,ALL,125.0,123.79491479056222,-0.015325650971915,14.0,0.0266142893431976,14.702830679183926
7239_liver_sbr_Male_52-U1,interferon_response,tierA_p95,ALL,135.0,133.63780381944446,0.0265651955398627,9.0,0.0512189077601272,15.87905713351864
7239_liver_sbr_Male_52-U1,interferon_response,tierA_p95,ALL,145.0,141.22340393066406,0.15675783654054,3.0,0.138882284410734,17.055283587853353
7239_liver_sbr_Male_52-U1,interferon_response,tierA_p95,ALL,155.0,150.6741943359375,-0.1681421250104904,1.0,0.0,18.23151004218807
7239_liver_sbr_Male_52-U1,interferon_response,tierA_p95,ALL,165.0,164.5111541748047,-0.2516334354877472,1.0,0.0,19.407736496522784
7239_liver_sbr_Male_52-U1,interferon_response,tierA_p95,ALL,175.0,,,0.0,,20.583962950857497
7239_liver_sbr_Male_52-U1,interferon_response,tierA_p95,ALL,185.0,183.73989868164065,-0.3534749448299408,1.0,0.0,21.76018940519221
7239_liver_sbr_Male_52-U1,interferon_response,tierA_p95,ALL,195.0,,,0.0,,22.936415859526925
7239_liver_sbr_Male_52-U1,interferon_response,tierA_p95,ALL,205.0,,,0.0,,24.11264231386164
7239_liver_sbr_Male_52-U1,interferon_response,tierA_p95,ALL,215.0,216.70941543579104,-0.2509753964841366,4.0,0.0404058033756362,25.28886876819635
7239_liver_sbr_Male_52-U1,interferon_response,tierA_p95,ALL,225.0,224.0705795288086,0.1659971664194017,2.0,0.1184364241964519,26.465095222531065
7239_liver_sbr_Male_52-U1,interferon_response,tierA_p95,ALL,235.0,232.72400665283203,-0.2634380236268043,2.0,0.0340582097371454,27.641321676865783
7239_liver_sbr_Male_52-U1,interferon_response,tierA_p95,ALL,245.0,,,0.0,,28.817548131200496
7239_liver_sbr_Male_52-U1,interferon_response,tierA_p95,ALL,255.0,255.09913635253903,0.0768511211499571,2.0,0.0414389348967813,29.99377458553521
7239_liver_sbr_Male_52-U1,interferon_response,tierA_p95,ALL,265.0,,,0.0,,31.170001039869923
7239_liver_sbr_Male_52-U1,interferon_response,tierA_p95,ALL,275.0,277.7169952392578,-0.3534749448299408,2.0,0.0,32.34622749420464
7239_liver_sbr_Male_52-U1,interferon_response,tierA_p95,ALL,285.0,280.8573303222656,-0.2738159894943237,1.0,0.0,33.52245394853935
7239_liver_sbr_Male_52-U1,interferon_response,tierA_p95,ALL,295.0,,,0.0,,34.69868040287407
7239_liver_sbr_Male_52-U1,downstream_arrest,tierA_p95,ALL,5.0,7.6040407535686,-0.0518521341373366,5506.0,0.0020962858333158,0.588113227167357
7239_liver_sbr_Male_52-U1,downstream_arrest,tierA_p95,ALL,15.0,15.235442022913563,-0.011403077778856,17148.0,0.0012287919554228,1.764339681502071
7239_liver_sbr_Male_52-U1,downstream_arrest,tierA_p95,ALL,25.0,24.94838786532314,-0.0104664187815443,17861.0,0.0011838715418106,2.9405661358367854
7239_liver_sbr_Male_52-U1,downstream_arrest,tierA_p95,ALL,35.0,34.79303165407593,-0.0138451717961078,15287.0,0.0012674867660238,4.1167925901715
7239_liver_sbr_Male_52-U1,downstream_arrest,tierA_p95,ALL,45.0,44.58360510735192,-0.01344642826102,10678.0,0.0014948374366859,5.293019044506213
7239_liver_sbr_Male_52-U1,downstream_arrest,tierA_p95,ALL,55.0,54.48603044419788,-0.0154174920184083,6499.0,0.0018778383948501,6.469245498840928
7239_liver_sbr_Male_52-U1,downstream_arrest,tierA_p95,ALL,65.0,64.46026798974596,-0.0141824823312107,3582.0,0.0025481843609437,7.645471953175641
7239_liver_sbr_Male_52-U1,downstream_arrest,tierA_p95,ALL,75.0,74.38204107102315,-0.0184901761576224,1570.0,0.0039408567499969,8.821698407510356
7239_liver_sbr_Male_52-U1,downstream_arrest,tierA_p95,ALL,85.0,84.25899240898363,-0.0123728199812555,660.0,0.0061997272777104,9.99792486184507
7239_liver_sbr_Male_52-U1,downstream_arrest,tierA_p95,ALL,95.0,94.21377146402996,-0.0048205601853422,225.0,0.0104595080816587,11.174151316179785
7239_liver_sbr_Male_52-U1,downstream_arrest,tierA_p95,ALL,105.0,103.93916734736015,-0.0354993593918674,94.0,0.0160253937703416,12.350377770514498
7239_liver_sbr_Male_52-U1,downstream_arrest,tierA_p95,ALL,115.0,114.0949912752424,-0.0214204142019817,56.0,0.0211415491764739,13.526604224849212
7239_liver_sbr_Male_52-U1,downstream_arrest,tierA_p95,ALL,125.0,123.79491479056222,-0.0296625473669597,14.0,0.049300863572371,14.702830679183926
7239_liver_sbr_Male_52-U1,downstream_arrest,tierA_p95,ALL,135.0,133.63780381944446,-0.0055107954475614,9.0,0.0427521554211811,15.87905713351864
7239_liver_sbr_Male_52-U1,downstream_arrest,tierA_p95,ALL,145.0,141.22340393066406,-0.1004320333401362,3.0,0.0691410531643453,17.055283587853353
7239_liver_sbr_Male_52-U1,downstream_arrest,tierA_p95,ALL,155.0,150.6741943359375,-0.2241649180650711,1.0,0.0,18.23151004218807
7239_liver_sbr_Male_52-U1,downstream_arrest,tierA_p95,ALL,165.0,164.5111541748047,-0.3621233701705932,1.0,0.0,19.407736496522784
7239_liver_sbr_Male_52-U1,downstream_arrest,tierA_p95,ALL,175.0,,,0.0,,20.583962950857497
7239_liver_sbr_Male_52-U1,downstream_arrest,tierA_p95,ALL,185.0,183.73989868164065,-0.3619632422924042,1.0,0.0,21.76018940519221
7239_liver_sbr_Male_52-U1,downstream_arrest,tierA_p95,ALL,195.0,,,0.0,,22.936415859526925
7239_liver_sbr_Male_52-U1,downstream_arrest,tierA_p95,ALL,205.0,,,0.0,,24.11264231386164
7239_liver_sbr_Male_52-U1,downstream_arrest,tierA_p95,ALL,215.0,216.70941543579104,-0.3224231153726578,4.0,0.0242698040580735,25.28886876819635
7239_liver_sbr_Male_52-U1,downstream_arrest,tierA_p95,ALL,225.0,224.0705795288086,-0.0032551437616348,2.0,0.1220372429977943,26.465095222531065
7239_liver_sbr_Male_52-U1,downstream_arrest,tierA_p95,ALL,235.0,232.72400665283203,-0.269083134829998,2.0,0.0197150576697212,27.641321676865783
7239_liver_sbr_Male_52-U1,downstream_arrest,tierA_p95,ALL,245.0,,,0.0,,28.817548131200496
7239_liver_sbr_Male_52-U1,downstream_arrest,tierA_p95,ALL,255.0,255.09913635253903,-0.1320236101746559,2.0,0.037411813399733,29.99377458553521
7239_liver_sbr_Male_52-U1,downstream_arrest,tierA_p95,ALL,265.0,,,0.0,,31.170001039869923
7239_liver_sbr_Male_52-U1,downstream_arrest,tierA_p95,ALL,275.0,277.7169952392578,-0.3050935715436935,2.0,0.0189045790412127,32.34622749420464
7239_liver_sbr_Male_52-U1,downstream_arrest,tierA_p95,ALL,285.0,280.8573303222656,-0.3252474665641784,1.0,0.0,33.52245394853935
7239_liver_sbr_Male_52-U1,downstream_arrest,tierA_p95,ALL,295.0,,,0.0,,34.69868040287407
7239_liver_sbr_Male_52-U1,emt_ecm,tierA_p95,ALL,5.0,7.6040407535686,0.018192939498699,5506.0,0.0026311733409066,0.588113227167357
7239_liver_sbr_Male_52-U1,emt_ecm,tierA_p95,ALL,15.0,15.235442022913563,0.007107416184437,17148.0,0.0013555901558511,1.764339681502071
7239_liver_sbr_Male_52-U1,emt_ecm,tierA_p95,ALL,25.0,24.94838786532314,-0.0023687246765247,17861.0,0.0012704479278777,2.9405661358367854
7239_liver_sbr_Male_52-U1,emt_ecm,tierA_p95,ALL,35.0,34.79303165407593,-0.0105763955571516,15287.0,0.0013366683671401,4.1167925901715
7239_liver_sbr_Male_52-U1,emt_ecm,tierA_p95,ALL,45.0,44.58360510735192,-0.0184296919779787,10678.0,0.0015386143261004,5.293019044506213
7239_liver_sbr_Male_52-U1,emt_ecm,tierA_p95,ALL,55.0,54.48603044419788,-0.0262914593739768,6499.0,0.0019390819140411,6.469245498840928
7239_liver_sbr_Male_52-U1,emt_ecm,tierA_p95,ALL,65.0,64.46026798974596,-0.026240354489162,3582.0,0.002612165667521,7.645471953175641
7239_liver_sbr_Male_52-U1,emt_ecm,tierA_p95,ALL,75.0,74.38204107102315,-0.0282606462262902,1570.0,0.0041385419051354,8.821698407510356
7239_liver_sbr_Male_52-U1,emt_ecm,tierA_p95,ALL,85.0,84.25899240898363,-0.0255326391336204,660.0,0.0059550584417282,9.99792486184507
7239_liver_sbr_Male_52-U1,emt_ecm,tierA_p95,ALL,95.0,94.21377146402996,-0.0306266805069107,225.0,0.0104028362672256,11.174151316179785
7239_liver_sbr_Male_52-U1,emt_ecm,tierA_p95,ALL,105.0,103.93916734736015,-0.0304737921923081,94.0,0.0189413600256514,12.350377770514498
7239_liver_sbr_Male_52-U1,emt_ecm,tierA_p95,ALL,115.0,114.0949912752424,-0.0366057882908665,56.0,0.0238223926083602,13.526604224849212
7239_liver_sbr_Male_52-U1,emt_ecm,tierA_p95,ALL,125.0,123.79491479056222,-0.0446897590965298,14.0,0.0326375504385814,14.702830679183926
7239_liver_sbr_Male_52-U1,emt_ecm,tierA_p95,ALL,135.0,133.63780381944446,0.0124728873165117,9.0,0.0263876845766428,15.87905713351864
7239_liver_sbr_Male_52-U1,emt_ecm,tierA_p95,ALL,145.0,141.22340393066406,-0.0462910681962966,3.0,0.1255619282919739,17.055283587853353
7239_liver_sbr_Male_52-U1,emt_ecm,tierA_p95,ALL,155.0,150.6741943359375,-0.1391379833221435,1.0,0.0,18.23151004218807
7239_liver_sbr_Male_52-U1,emt_ecm,tierA_p95,ALL,165.0,164.5111541748047,-0.3350013196468353,1.0,0.0,19.407736496522784
7239_liver_sbr_Male_52-U1,emt_ecm,tierA_p95,ALL,175.0,,,0.0,,20.583962950857497
7239_liver_sbr_Male_52-U1,emt_ecm,tierA_p95,ALL,185.0,183.73989868164065,-0.3350013196468353,1.0,0.0,21.76018940519221
7239_liver_sbr_Male_52-U1,emt_ecm,tierA_p95,ALL,195.0,,,0.0,,22.936415859526925
7239_liver_sbr_Male_52-U1,emt_ecm,tierA_p95,ALL,205.0,,,0.0,,24.11264231386164
7239_liver_sbr_Male_52-U1,emt_ecm,tierA_p95,ALL,215.0,216.70941543579104,-0.219565212726593,4.0,0.0336820666168833,25.28886876819635
7239_liver_sbr_Male_52-U1,emt_ecm,tierA_p95,ALL,225.0,224.0705795288086,-0.2011043690145015,2.0,0.0602286710197915,26.465095222531065
7239_liver_sbr_Male_52-U1,emt_ecm,tierA_p95,ALL,235.0,232.72400665283203,-0.2826984003186226,2.0,0.0369837489328321,27.641321676865783
7239_liver_sbr_Male_52-U1,emt_ecm,tierA_p95,ALL,245.0,,,0.0,,28.817548131200496
7239_liver_sbr_Male_52-U1,emt_ecm,tierA_p95,ALL,255.0,255.09913635253903,-0.2565859854221344,2.0,0.0554480145792955,29.99377458553521
7239_liver_sbr_Male_52-U1,emt_ecm,tierA_p95,ALL,265.0,,,0.0,,31.170001039869923
7239_liver_sbr_Male_52-U1,emt_ecm,tierA_p95,ALL,275.0,277.7169952392578,-0.2805154100060463,2.0,0.0385273561861194,32.34622749420464
7239_liver_sbr_Male_52-U1,emt_ecm,tierA_p95,ALL,285.0,280.8573303222656,-0.3350013196468353,1.0,0.0,33.52245394853935
7239_liver_sbr_Male_52-U1,emt_ecm,tierA_p95,ALL,295.0,,,0.0,,34.69868040287407
7239_liver_sbr_Male_52-U1,il6_jak_stat3,tierA_p95,ALL,5.0,7.6040407535686,-0.0172887020586964,5506.0,0.0027624698666121,0.588113227167357
7239_liver_sbr_Male_52-U1,il6_jak_stat3,tierA_p95,ALL,15.0,15.235442022913563,-0.0024356762666045,17148.0,0.0014543034799998,1.764339681502071
7239_liver_sbr_Male_52-U1,il6_jak_stat3,tierA_p95,ALL,25.0,24.94838786532314,-0.0063473002262623,17861.0,0.0013708795370304,2.9405661358367854
7239_liver_sbr_Male_52-U1,il6_jak_stat3,tierA_p95,ALL,35.0,34.79303165407593,-0.0102683624590842,15287.0,0.0014692563602591,4.1167925901715
7239_liver_sbr_Male_52-U1,il6_jak_stat3,tierA_p95,ALL,45.0,44.58360510735192,-0.01073389479693,10678.0,0.0017560034959504,5.293019044506213
7239_liver_sbr_Male_52-U1,il6_jak_stat3,tierA_p95,ALL,55.0,54.48603044419788,-0.0137069153150343,6499.0,0.0022379525748884,6.469245498840928
7239_liver_sbr_Male_52-U1,il6_jak_stat3,tierA_p95,ALL,65.0,64.46026798974596,-0.0104310017770172,3582.0,0.0030075694635543,7.645471953175641
7239_liver_sbr_Male_52-U1,il6_jak_stat3,tierA_p95,ALL,75.0,74.38204107102315,-0.0111508584541491,1570.0,0.0047034794667483,8.821698407510356
7239_liver_sbr_Male_52-U1,il6_jak_stat3,tierA_p95,ALL,85.0,84.25899240898363,0.0012084481287081,660.0,0.0074132570225555,9.99792486184507
7239_liver_sbr_Male_52-U1,il6_jak_stat3,tierA_p95,ALL,95.0,94.21377146402996,-0.0024422094665027,225.0,0.0127504185162824,11.174151316179785
7239_liver_sbr_Male_52-U1,il6_jak_stat3,tierA_p95,ALL,105.0,103.93916734736015,-0.0228981276964174,94.0,0.0200735158204154,12.350377770514498
7239_liver_sbr_Male_52-U1,il6_jak_stat3,tierA_p95,ALL,115.0,114.0949912752424,0.0260773028130643,56.0,0.0241654480427848,13.526604224849212
7239_liver_sbr_Male_52-U1,il6_jak_stat3,tierA_p95,ALL,125.0,123.79491479056222,0.0060633538689996,14.0,0.0226737481849135,14.702830679183926
7239_liver_sbr_Male_52-U1,il6_jak_stat3,tierA_p95,ALL,135.0,133.63780381944446,0.0609041943421794,9.0,0.0498291866799674,15.87905713351864
7239_liver_sbr_Male_52-U1,il6_jak_stat3,tierA_p95,ALL,145.0,141.22340393066406,0.0078281466073046,3.0,0.0889340931320078,17.055283587853353
7239_liver_sbr_Male_52-U1,il6_jak_stat3,tierA_p95,ALL,155.0,150.6741943359375,-0.2398829162120819,1.0,0.0,18.23151004218807
7239_liver_sbr_Male_52-U1,il6_jak_stat3,tierA_p95,ALL,165.0,164.5111541748047,-0.1844205409288406,1.0,0.0,19.407736496522784
7239_liver_sbr_Male_52-U1,il6_jak_stat3,tierA_p95,ALL,175.0,,,0.0,,20.583962950857497
7239_liver_sbr_Male_52-U1,il6_jak_stat3,tierA_p95,ALL,185.0,183.73989868164065,-0.3341874480247497,1.0,0.0,21.76018940519221
7239_liver_sbr_Male_52-U1,il6_jak_stat3,tierA_p95,ALL,195.0,,,0.0,,22.936415859526925
7239_liver_sbr_Male_52-U1,il6_jak_stat3,tierA_p95,ALL,205.0,,,0.0,,24.11264231386164
7239_liver_sbr_Male_52-U1,il6_jak_stat3,tierA_p95,ALL,215.0,216.70941543579104,-0.2251480743288993,4.0,0.03772116275515,25.28886876819635
7239_liver_sbr_Male_52-U1,il6_jak_stat3,tierA_p95,ALL,225.0,224.0705795288086,-0.1240479201078414,2.0,0.0218180115546647,26.465095222531065
7239_liver_sbr_Male_52-U1,il6_jak_stat3,tierA_p95,ALL,235.0,232.72400665283203,-0.2838619127869606,2.0,0.0355855272334832,27.641321676865783
7239_liver_sbr_Male_52-U1,il6_jak_stat3,tierA_p95,ALL,245.0,,,0.0,,28.817548131200496
7239_liver_sbr_Male_52-U1,il6_jak_stat3,tierA_p95,ALL,255.0,255.09913635253903,-0.148732703179121,2.0,0.0182470803019087,29.99377458553521
7239_liver_sbr_Male_52-U1,il6_jak_stat3,tierA_p95,ALL,265.0,,,0.0,,31.170001039869923
7239_liver_sbr_Male_52-U1,il6_jak_stat3,tierA_p95,ALL,275.0,277.7169952392578,-0.3341874480247497,2.0,0.0,32.34622749420464
7239_liver_sbr_Male_52-U1,il6_jak_stat3,tierA_p95,ALL,285.0,280.8573303222656,-0.3341874480247497,1.0,0.0,33.52245394853935
7239_liver_sbr_Male_52-U1,il6_jak_stat3,tierA_p95,ALL,295.0,,,0.0,,34.69868040287407
7239_liver_sbr_Male_52-U1,secondary_senescence,tierA_p95,ALL,5.0,7.6040407535686,-0.0033190623726548,5506.0,0.0027777282973881,0.588113227167357
7239_liver_sbr_Male_52-U1,secondary_senescence,tierA_p95,ALL,15.0,15.235442022913563,-0.004501907574953,17148.0,0.0014375573899205,1.764339681502071
7239_liver_sbr_Male_52-U1,secondary_senescence,tierA_p95,ALL,25.0,24.94838786532314,-0.0060734547929686,17861.0,0.0013931704003448,2.9405661358367854
7239_liver_sbr_Male_52-U1,secondary_senescence,tierA_p95,ALL,35.0,34.79303165407593,-0.0132410947023371,15287.0,0.0014927416655754,4.1167925901715
7239_liver_sbr_Male_52-U1,secondary_senescence,tierA_p95,ALL,45.0,44.58360510735192,-0.0126033146980281,10678.0,0.001779433496379,5.293019044506213
7239_liver_sbr_Male_52-U1,secondary_senescence,tierA_p95,ALL,55.0,54.48603044419788,-0.0190660701429596,6499.0,0.0022160240875104,6.469245498840928
7239_liver_sbr_Male_52-U1,secondary_senescence,tierA_p95,ALL,65.0,64.46026798974596,-0.0164420440956342,3582.0,0.0029899201831344,7.645471953175641
7239_liver_sbr_Male_52-U1,secondary_senescence,tierA_p95,ALL,75.0,74.38204107102315,-0.0238909576972569,1570.0,0.0046505972196596,8.821698407510356
7239_liver_sbr_Male_52-U1,secondary_senescence,tierA_p95,ALL,85.0,84.25899240898363,-0.018603392685349,660.0,0.0065001282516964,9.99792486184507
7239_liver_sbr_Male_52-U1,secondary_senescence,tierA_p95,ALL,95.0,94.21377146402996,-0.0210846285397807,225.0,0.011293493473714,11.174151316179785
7239_liver_sbr_Male_52-U1,secondary_senescence,tierA_p95,ALL,105.0,103.93916734736015,-0.0409472338468866,94.0,0.0173148130947338,12.350377770514498
7239_liver_sbr_Male_52-U1,secondary_senescence,tierA_p95,ALL,115.0,114.0949912752424,-0.0387071296344012,56.0,0.0196220319855268,13.526604224849212
7239_liver_sbr_Male_52-U1,secondary_senescence,tierA_p95,ALL,125.0,123.79491479056222,-0.0372122802239443,14.0,0.0426206951868948,14.702830679183926
7239_liver_sbr_Male_52-U1,secondary_senescence,tierA_p95,ALL,135.0,133.63780381944446,0.1244431760989957,9.0,0.0515645716222159,15.87905713351864
7239_liver_sbr_Male_52-U1,secondary_senescence,tierA_p95,ALL,145.0,141.22340393066406,-0.1375961278875669,3.0,0.062273116838532,17.055283587853353
7239_liver_sbr_Male_52-U1,secondary_senescence,tierA_p95,ALL,155.0,150.6741943359375,0.2507351338863373,1.0,0.0,18.23151004218807
7239_liver_sbr_Male_52-U1,secondary_senescence,tierA_p95,ALL,165.0,164.5111541748047,-0.2979098856449127,1.0,0.0,19.407736496522784
7239_liver_sbr_Male_52-U1,secondary_senescence,tierA_p95,ALL,175.0,,,0.0,,20.583962950857497
7239_liver_sbr_Male_52-U1,secondary_senescence,tierA_p95,ALL,185.0,183.73989868164065,-0.2979098856449127,1.0,0.0,21.76018940519221
7239_liver_sbr_Male_52-U1,secondary_senescence,tierA_p95,ALL,195.0,,,0.0,,22.936415859526925
7239_liver_sbr_Male_52-U1,secondary_senescence,tierA_p95,ALL,205.0,,,0.0,,24.11264231386164
7239_liver_sbr_Male_52-U1,secondary_senescence,tierA_p95,ALL,215.0,216.70941543579104,-0.0878611840307712,4.0,0.1156913298085777,25.28886876819635
7239_liver_sbr_Male_52-U1,secondary_senescence,tierA_p95,ALL,225.0,224.0705795288086,-0.1020622923970222,2.0,0.013674502852511,26.465095222531065
7239_liver_sbr_Male_52-U1,secondary_senescence,tierA_p95,ALL,235.0,232.72400665283203,-0.0490425303578376,2.0,0.0980612969943036,27.641321676865783
7239_liver_sbr_Male_52-U1,secondary_senescence,tierA_p95,ALL,245.0,,,0.0,,28.817548131200496
7239_liver_sbr_Male_52-U1,secondary_senescence,tierA_p95,ALL,255.0,255.09913635253903,0.1624566745012998,2.0,0.1375153794025695,29.99377458553521
7239_liver_sbr_Male_52-U1,secondary_senescence,tierA_p95,ALL,265.0,,,0.0,,31.170001039869923
7239_liver_sbr_Male_52-U1,secondary_senescence,tierA_p95,ALL,275.0,277.7169952392578,-0.2979098856449127,2.0,0.0,32.34622749420464
7239_liver_sbr_Male_52-U1,secondary_senescence,tierA_p95,ALL,285.0,280.8573303222656,-0.2979098856449127,1.0,0.0,33.52245394853935
7239_liver_sbr_Male_52-U1,secondary_senescence,tierA_p95,ALL,295.0,,,0.0,,34.69868040287407
7239_liver_sbr_Male_52-U1,tnfa_nfkb_proximal,tierA_p95,ALL,5.0,7.6040407535686,-0.0098551580506906,5506.0,0.0023391213492858,0.588113227167357
7239_liver_sbr_Male_52-U1,tnfa_nfkb_proximal,tierA_p95,ALL,15.0,15.235442022913563,-0.00190588114915,17148.0,0.0012165547111426,1.764339681502071
7239_liver_sbr_Male_52-U1,tnfa_nfkb_proximal,tierA_p95,ALL,25.0,24.94838786532314,-0.0046796021500997,17861.0,0.0011403517028636,2.9405661358367854
7239_liver_sbr_Male_52-U1,tnfa_nfkb_proximal,tierA_p95,ALL,35.0,34.79303165407593,-0.0096392936300305,15287.0,0.0012229723415102,4.1167925901715
7239_liver_sbr_Male_52-U1,tnfa_nfkb_proximal,tierA_p95,ALL,45.0,44.58360510735192,-0.0119531727326711,10678.0,0.0014369996789922,5.293019044506213
7239_liver_sbr_Male_52-U1,tnfa_nfkb_proximal,tierA_p95,ALL,55.0,54.48603044419788,-0.0153186413549902,6499.0,0.001803601834698,6.469245498840928
7239_liver_sbr_Male_52-U1,tnfa_nfkb_proximal,tierA_p95,ALL,65.0,64.46026798974596,-0.0150690941693134,3582.0,0.0024066780443119,7.645471953175641
7239_liver_sbr_Male_52-U1,tnfa_nfkb_proximal,tierA_p95,ALL,75.0,74.38204107102315,-0.0207935946512667,1570.0,0.0037912937395829,8.821698407510356
7239_liver_sbr_Male_52-U1,tnfa_nfkb_proximal,tierA_p95,ALL,85.0,84.25899240898363,-0.0097023089357786,660.0,0.0055803209304831,9.99792486184507
7239_liver_sbr_Male_52-U1,tnfa_nfkb_proximal,tierA_p95,ALL,95.0,94.21377146402996,-0.0165195354627859,225.0,0.0100213206635106,11.174151316179785
7239_liver_sbr_Male_52-U1,tnfa_nfkb_proximal,tierA_p95,ALL,105.0,103.93916734736015,-0.0539855489694944,94.0,0.0141524106897764,12.350377770514498
7239_liver_sbr_Male_52-U1,tnfa_nfkb_proximal,tierA_p95,ALL,115.0,114.0949912752424,-0.0142367949010804,56.0,0.0178394757684262,13.526604224849212
7239_liver_sbr_Male_52-U1,tnfa_nfkb_proximal,tierA_p95,ALL,125.0,123.79491479056222,-0.0130659195461443,14.0,0.0395212360915539,14.702830679183926
7239_liver_sbr_Male_52-U1,tnfa_nfkb_proximal,tierA_p95,ALL,135.0,133.63780381944446,0.0441959681403305,9.0,0.0362963302300059,15.87905713351864
7239_liver_sbr_Male_52-U1,tnfa_nfkb_proximal,tierA_p95,ALL,145.0,141.22340393066406,-0.0571303541461626,3.0,0.0426438781805298,17.055283587853353
7239_liver_sbr_Male_52-U1,tnfa_nfkb_proximal,tierA_p95,ALL,155.0,150.6741943359375,-0.0444225147366523,1.0,0.0,18.23151004218807
7239_liver_sbr_Male_52-U1,tnfa_nfkb_proximal,tierA_p95,ALL,165.0,164.5111541748047,-0.3219038844108581,1.0,0.0,19.407736496522784
7239_liver_sbr_Male_52-U1,tnfa_nfkb_proximal,tierA_p95,ALL,175.0,,,0.0,,20.583962950857497
7239_liver_sbr_Male_52-U1,tnfa_nfkb_proximal,tierA_p95,ALL,185.0,183.73989868164065,-0.2493374347686767,1.0,0.0,21.76018940519221
7239_liver_sbr_Male_52-U1,tnfa_nfkb_proximal,tierA_p95,ALL,195.0,,,0.0,,22.936415859526925
7239_liver_sbr_Male_52-U1,tnfa_nfkb_proximal,tierA_p95,ALL,205.0,,,0.0,,24.11264231386164
7239_liver_sbr_Male_52-U1,tnfa_nfkb_proximal,tierA_p95,ALL,215.0,216.70941543579104,-0.1812589392066002,4.0,0.0911857666725722,25.28886876819635
7239_liver_sbr_Male_52-U1,tnfa_nfkb_proximal,tierA_p95,ALL,225.0,224.0705795288086,-0.0190716050565242,2.0,0.0241178755158511,26.465095222531065
7239_liver_sbr_Male_52-U1,tnfa_nfkb_proximal,tierA_p95,ALL,235.0,232.72400665283203,-0.1944510973989963,2.0,0.0666247028940547,27.641321676865783
7239_liver_sbr_Male_52-U1,tnfa_nfkb_proximal,tierA_p95,ALL,245.0,,,0.0,,28.817548131200496
7239_liver_sbr_Male_52-U1,tnfa_nfkb_proximal,tierA_p95,ALL,255.0,255.09913635253903,-0.1751805990934372,2.0,0.0099203566151001,29.99377458553521
7239_liver_sbr_Male_52-U1,tnfa_nfkb_proximal,tierA_p95,ALL,265.0,,,0.0,,31.170001039869923
7239_liver_sbr_Male_52-U1,tnfa_nfkb_proximal,tierA_p95,ALL,275.0,277.7169952392578,-0.2780144214630127,2.0,0.0310345368730572,32.34622749420464
7239_liver_sbr_Male_52-U1,tnfa_nfkb_proximal,tierA_p95,ALL,285.0,280.8573303222656,-0.3219038844108581,1.0,0.0,33.52245394853935
7239_liver_sbr_Male_52-U1,tnfa_nfkb_proximal,tierA_p95,ALL,295.0,,,0.0,,34.69868040287407
7239_liver_sbr_Male_52-U1,oxidative_stress,tierA_p95,ALL,5.0,7.6040407535686,-0.1181552479783194,5506.0,0.00323714620044,0.588113227167357
7239_liver_sbr_Male_52-U1,oxidative_stress,tierA_p95,ALL,15.0,15.235442022913563,-0.0102232554743401,17148.0,0.0019243592813884,1.764339681502071
7239_liver_sbr_Male_52-U1,oxidative_stress,tierA_p95,ALL,25.0,24.94838786532314,0.0033641138636261,17861.0,0.0018601664482902,2.9405661358367854
7239_liver_sbr_Male_52-U1,oxidative_stress,tierA_p95,ALL,35.0,34.79303165407593,0.00331396389597,15287.0,0.0020010368549148,4.1167925901715
7239_liver_sbr_Male_52-U1,oxidative_stress,tierA_p95,ALL,45.0,44.58360510735192,0.0079981615364089,10678.0,0.0023827626513256,5.293019044506213
7239_liver_sbr_Male_52-U1,oxidative_stress,tierA_p95,ALL,55.0,54.48603044419788,0.0143136637132703,6499.0,0.0030327706018388,6.469245498840928
7239_liver_sbr_Male_52-U1,oxidative_stress,tierA_p95,ALL,65.0,64.46026798974596,0.0080806562909969,3582.0,0.0039984540445717,7.645471953175641
7239_liver_sbr_Male_52-U1,oxidative_stress,tierA_p95,ALL,75.0,74.38204107102315,0.0040047066092304,1570.0,0.0061737302555883,8.821698407510356
7239_liver_sbr_Male_52-U1,oxidative_stress,tierA_p95,ALL,85.0,84.25899240898363,0.0275579017968442,660.0,0.0093847625662611,9.99792486184507
7239_liver_sbr_Male_52-U1,oxidative_stress,tierA_p95,ALL,95.0,94.21377146402996,0.0441826669406145,225.0,0.0168151451019022,11.174151316179785
7239_liver_sbr_Male_52-U1,oxidative_stress,tierA_p95,ALL,105.0,103.93916734736015,0.0054028622132349,94.0,0.0235711388302164,12.350377770514498
7239_liver_sbr_Male_52-U1,oxidative_stress,tierA_p95,ALL,115.0,114.0949912752424,0.004149358669695,56.0,0.0338770186981474,13.526604224849212
7239_liver_sbr_Male_52-U1,oxidative_stress,tierA_p95,ALL,125.0,123.79491479056222,-0.0136887750455311,14.0,0.0629515520640163,14.702830679183926
7239_liver_sbr_Male_52-U1,oxidative_stress,tierA_p95,ALL,135.0,133.63780381944446,0.0765919461846351,9.0,0.0500123232195803,15.87905713351864
7239_liver_sbr_Male_52-U1,oxidative_stress,tierA_p95,ALL,145.0,141.22340393066406,-0.3744450559218724,3.0,0.0730572416190453,17.055283587853353
7239_liver_sbr_Male_52-U1,oxidative_stress,tierA_p95,ALL,155.0,150.6741943359375,-0.4474279284477234,1.0,0.0,18.23151004218807
7239_liver_sbr_Male_52-U1,oxidative_stress,tierA_p95,ALL,165.0,164.5111541748047,-0.5974909663200378,1.0,0.0,19.407736496522784
7239_liver_sbr_Male_52-U1,oxidative_stress,tierA_p95,ALL,175.0,,,0.0,,20.583962950857497
7239_liver_sbr_Male_52-U1,oxidative_stress,tierA_p95,ALL,185.0,183.73989868164065,-0.2691337764263153,1.0,0.0,21.76018940519221
7239_liver_sbr_Male_52-U1,oxidative_stress,tierA_p95,ALL,195.0,,,0.0,,22.936415859526925
7239_liver_sbr_Male_52-U1,oxidative_stress,tierA_p95,ALL,205.0,,,0.0,,24.11264231386164
7239_liver_sbr_Male_52-U1,oxidative_stress,tierA_p95,ALL,215.0,216.70941543579104,-0.3152367416769266,4.0,0.1011320990809872,25.28886876819635
7239_liver_sbr_Male_52-U1,oxidative_stress,tierA_p95,ALL,225.0,224.0705795288086,0.0755756832659244,2.0,0.1283323674141883,26.465095222531065
7239_liver_sbr_Male_52-U1,oxidative_stress,tierA_p95,ALL,235.0,232.72400665283203,-0.4716886132955551,2.0,0.0889556969128357,27.641321676865783
7239_liver_sbr_Male_52-U1,oxidative_stress,tierA_p95,ALL,245.0,,,0.0,,28.817548131200496
7239_liver_sbr_Male_52-U1,oxidative_stress,tierA_p95,ALL,255.0,255.09913635253903,-0.4691969454288482,2.0,0.0240435758902824,29.99377458553521
7239_liver_sbr_Male_52-U1,oxidative_stress,tierA_p95,ALL,265.0,,,0.0,,31.170001039869923
7239_liver_sbr_Male_52-U1,oxidative_stress,tierA_p95,ALL,275.0,277.7169952392578,-0.5974909663200378,2.0,0.0,32.34622749420464
7239_liver_sbr_Male_52-U1,oxidative_stress,tierA_p95,ALL,285.0,280.8573303222656,-0.5974909663200378,1.0,0.0,33.52245394853935
7239_liver_sbr_Male_52-U1,oxidative_stress,tierA_p95,ALL,295.0,,,0.0,,34.69868040287407
