section,arm,week,call,celltype,module,bin_lo,bin_hi,n,mean_obs,sem_obs,n_decoy,mean_decoy
7259_liver_sbr_Male_26-U1,sbr,26,tierA_p95,Biliary/ductular,downstream_arrest,0.0,5.0,662.0,0.0019590785633911098,0.0006605828795860875,2190.0,0.0016896986259344474
7259_liver_sbr_Male_26-U1,sbr,26,tierA_p95,Biliary/ductular,downstream_arrest,5.0,10.0,4593.0,0.00190510995846534,0.0002321751097726891,4262.0,0.0021457038895221184
7259_liver_sbr_Male_26-U1,sbr,26,tierA_p95,Biliary/ductular,downstream_arrest,10.0,15.0,4336.0,0.002066326099454551,0.0002300214989368232,4217.0,0.001925292866010642
7259_liver_sbr_Male_26-U1,sbr,26,tierA_p95,Biliary/ductular,downstream_arrest,15.0,20.0,4160.0,0.0018041754777116763,0.00023567593566112906,4073.0,0.0022339528606410085
7259_liver_sbr_Male_26-U1,sbr,26,tierA_p95,Biliary/ductular,downstream_arrest,20.0,25.0,3851.0,0.002011763169513064,0.00024270943364466038,3809.0,0.0018351982138964328
7259_liver_sbr_Male_26-U1,sbr,26,tierA_p95,Biliary/ductular,downstream_arrest,25.0,30.0,3520.0,0.0024657528250000642,0.00025471789725890244,3284.0,0.0023210992622917353
7259_liver_sbr_Male_26-U1,sbr,26,tierA_p95,Biliary/ductular,downstream_arrest,30.0,35.0,2955.0,0.0020415194513550613,0.0002784303406908752,2772.0,0.002313059158394178
7259_liver_sbr_Male_26-U1,sbr,26,tierA_p95,Biliary/ductular,downstream_arrest,35.0,40.0,2305.0,0.002275314530364158,0.0003072456073816033,2127.0,0.002002491773065916
7259_liver_sbr_Male_26-U1,sbr,26,tierA_p95,Biliary/ductular,downstream_arrest,40.0,45.0,1672.0,0.002001106459718349,0.00035364712222625533,1548.0,0.002285839790559738
7259_liver_sbr_Male_26-U1,sbr,26,tierA_p95,Biliary/ductular,downstream_arrest,45.0,50.0,1132.0,0.0018464929398985396,0.00043817277834321146,1013.0,0.0021377788762720453
7259_liver_sbr_Male_26-U1,sbr,26,tierA_p95,Biliary/ductular,downstream_arrest,50.0,55.0,756.0,0.002767208998963325,0.0005106594718656778,707.0,0.0014213578335581796
7259_liver_sbr_Male_26-U1,sbr,26,tierA_p95,Biliary/ductular,downstream_arrest,55.0,60.0,489.0,0.0026364621859131803,0.0006304970428825104,451.0,0.0025817294665865247
7259_liver_sbr_Male_26-U1,sbr,26,tierA_p95,Biliary/ductular,downstream_arrest,60.0,65.0,308.0,0.003123409088544435,0.000792508109110308,306.0,0.0030007842717548827
7259_liver_sbr_Male_26-U1,sbr,26,tierA_p95,Biliary/ductular,downstream_arrest,65.0,70.0,182.0,0.0026768681253707943,0.0011323853171851946,172.0,0.0013297092907525313
7259_liver_sbr_Male_26-U1,sbr,26,tierA_p95,Biliary/ductular,downstream_arrest,70.0,75.0,103.0,0.0029486407497510635,0.0014167772966858841,87.0,0.002052988446608317
7259_liver_sbr_Male_26-U1,sbr,26,tierA_p95,Biliary/ductular,downstream_arrest,75.0,80.0,55.0,0.005450000102758746,0.0018500127432754,56.0,0.005769464305298503
7259_liver_sbr_Male_26-U1,sbr,26,tierA_p95,Biliary/ductular,downstream_arrest,80.0,85.0,38.0,-0.002998947368101462,0.002158381344462176,31.0,0.001868709691822709
7259_liver_sbr_Male_26-U1,sbr,26,tierA_p95,Biliary/ductular,downstream_arrest,85.0,90.0,23.0,0.0009121740358355253,0.0036069478731645755,21.0,-0.0015880952234424296
7259_liver_sbr_Male_26-U1,sbr,26,tierA_p95,Biliary/ductular,downstream_arrest,90.0,95.0,10.0,0.004687999910674989,0.0035004491110275887,12.0,0.007339166773211521
7259_liver_sbr_Male_26-U1,sbr,26,tierA_p95,Biliary/ductular,downstream_arrest,95.0,100.0,5.0,0.003395999944768846,0.006670099795461621,17.0,0.004422941234866705
7259_liver_sbr_Male_26-U1,sbr,26,tierA_p95,Biliary/ductular,emt_ecm,0.0,5.0,662.0,0.044216434999475564,0.001074837172905936,2190.0,0.044598534263328375
7259_liver_sbr_Male_26-U1,sbr,26,tierA_p95,Biliary/ductular,emt_ecm,5.0,10.0,4593.0,0.04585789895910919,0.0004006831134872278,4262.0,0.046325351942723914
7259_liver_sbr_Male_26-U1,sbr,26,tierA_p95,Biliary/ductular,emt_ecm,10.0,15.0,4336.0,0.04626181734137746,0.0004234469770963357,4217.0,0.04547094854318575
7259_liver_sbr_Male_26-U1,sbr,26,tierA_p95,Biliary/ductular,emt_ecm,15.0,20.0,4160.0,0.04493193269728758,0.0004188835469937519,4073.0,0.04431197640785857
7259_liver_sbr_Male_26-U1,sbr,26,tierA_p95,Biliary/ductular,emt_ecm,20.0,25.0,3851.0,0.04392179175083707,0.00043787955736428034,3809.0,0.04538730375910247
7259_liver_sbr_Male_26-U1,sbr,26,tierA_p95,Biliary/ductular,emt_ecm,25.0,30.0,3520.0,0.04448262218270739,0.00045086593424749404,3284.0,0.04509122715327187
7259_liver_sbr_Male_26-U1,sbr,26,tierA_p95,Biliary/ductular,emt_ecm,30.0,35.0,2955.0,0.04402071063240022,0.00048561994680345217,2772.0,0.044389253232311
7259_liver_sbr_Male_26-U1,sbr,26,tierA_p95,Biliary/ductular,emt_ecm,35.0,40.0,2305.0,0.04487660734326106,0.0005678602716884942,2127.0,0.04387448990228047
7259_liver_sbr_Male_26-U1,sbr,26,tierA_p95,Biliary/ductular,emt_ecm,40.0,45.0,1672.0,0.04403068779809116,0.0006416146373443379,1548.0,0.04262817834023971
7259_liver_sbr_Male_26-U1,sbr,26,tierA_p95,Biliary/ductular,emt_ecm,45.0,50.0,1132.0,0.04480447874886503,0.0007859667759492637,1013.0,0.0436063375067334
7259_liver_sbr_Male_26-U1,sbr,26,tierA_p95,Biliary/ductular,emt_ecm,50.0,55.0,756.0,0.04230224866032153,0.0009312091592830413,707.0,0.043155275793305484
7259_liver_sbr_Male_26-U1,sbr,26,tierA_p95,Biliary/ductular,emt_ecm,55.0,60.0,489.0,0.04134525558969591,0.0011361462818855108,451.0,0.043756008879790094
7259_liver_sbr_Male_26-U1,sbr,26,tierA_p95,Biliary/ductular,emt_ecm,60.0,65.0,308.0,0.04462824674827699,0.0014144336609861244,306.0,0.043119640553187885
7259_liver_sbr_Male_26-U1,sbr,26,tierA_p95,Biliary/ductular,emt_ecm,65.0,70.0,182.0,0.043539945127642046,0.002095459102382168,172.0,0.04220017431818929
7259_liver_sbr_Male_26-U1,sbr,26,tierA_p95,Biliary/ductular,emt_ecm,70.0,75.0,103.0,0.04029728177295166,0.0022202349015534115,87.0,0.040107126405928284
7259_liver_sbr_Male_26-U1,sbr,26,tierA_p95,Biliary/ductular,emt_ecm,75.0,80.0,55.0,0.039611273090651426,0.0032980794557120933,56.0,0.04002160704632323
7259_liver_sbr_Male_26-U1,sbr,26,tierA_p95,Biliary/ductular,emt_ecm,80.0,85.0,38.0,0.046280000026519316,0.003861806065771115,31.0,0.046202903373106834
7259_liver_sbr_Male_26-U1,sbr,26,tierA_p95,Biliary/ductular,emt_ecm,85.0,90.0,23.0,0.042796956695383415,0.00665019352178622,21.0,0.04550999961793423
7259_liver_sbr_Male_26-U1,sbr,26,tierA_p95,Biliary/ductular,emt_ecm,90.0,95.0,10.0,0.0398950002156198,0.007476693472987338,12.0,0.03787166623321051
7259_liver_sbr_Male_26-U1,sbr,26,tierA_p95,Biliary/ductular,emt_ecm,95.0,100.0,5.0,0.048082000017166136,0.015978254682502937,17.0,0.027198235374217963
7259_liver_sbr_Male_26-U1,sbr,26,tierA_p95,Biliary/ductular,il6_jak_stat3,0.0,5.0,662.0,0.008413277925785025,0.001239034158450024,2190.0,0.008251757993735679
7259_liver_sbr_Male_26-U1,sbr,26,tierA_p95,Biliary/ductular,il6_jak_stat3,5.0,10.0,4593.0,0.007385495315487678,0.00041985118423209784,4262.0,0.008038735337621332
7259_liver_sbr_Male_26-U1,sbr,26,tierA_p95,Biliary/ductular,il6_jak_stat3,10.0,15.0,4336.0,0.007819499525079683,0.0004364778529984172,4217.0,0.007729309916658415
7259_liver_sbr_Male_26-U1,sbr,26,tierA_p95,Biliary/ductular,il6_jak_stat3,15.0,20.0,4160.0,0.007985459141420612,0.00043852057695070067,4073.0,0.007001581141746505
7259_liver_sbr_Male_26-U1,sbr,26,tierA_p95,Biliary/ductular,il6_jak_stat3,20.0,25.0,3851.0,0.0070335809048591704,0.000454617942270657,3809.0,0.006441706472523149
7259_liver_sbr_Male_26-U1,sbr,26,tierA_p95,Biliary/ductular,il6_jak_stat3,25.0,30.0,3520.0,0.007842713055651984,0.0004754363401840647,3284.0,0.006924378816950568
7259_liver_sbr_Male_26-U1,sbr,26,tierA_p95,Biliary/ductular,il6_jak_stat3,30.0,35.0,2955.0,0.005606903537819345,0.0005103557160209845,2772.0,0.00796561687998377
7259_liver_sbr_Male_26-U1,sbr,26,tierA_p95,Biliary/ductular,il6_jak_stat3,35.0,40.0,2305.0,0.007329691985736696,0.0005788329958359594,2127.0,0.007824724966604562
7259_liver_sbr_Male_26-U1,sbr,26,tierA_p95,Biliary/ductular,il6_jak_stat3,40.0,45.0,1672.0,0.006700807392847714,0.0006686902467520137,1548.0,0.007622603356374746
7259_liver_sbr_Male_26-U1,sbr,26,tierA_p95,Biliary/ductular,il6_jak_stat3,45.0,50.0,1132.0,0.007666828630919728,0.0008369449026565536,1013.0,0.007721026671651953
7259_liver_sbr_Male_26-U1,sbr,26,tierA_p95,Biliary/ductular,il6_jak_stat3,50.0,55.0,756.0,0.007621547627576831,0.000984317713864339,707.0,0.005967326691250522
7259_liver_sbr_Male_26-U1,sbr,26,tierA_p95,Biliary/ductular,il6_jak_stat3,55.0,60.0,489.0,0.005009509177394566,0.0012183267565667756,451.0,0.006842904728488195
7259_liver_sbr_Male_26-U1,sbr,26,tierA_p95,Biliary/ductular,il6_jak_stat3,60.0,65.0,308.0,0.011089123297156162,0.0017626965871485217,306.0,0.00546601300340947
7259_liver_sbr_Male_26-U1,sbr,26,tierA_p95,Biliary/ductular,il6_jak_stat3,65.0,70.0,182.0,0.010173516526984902,0.002086495321397947,172.0,0.003866453482048602
7259_liver_sbr_Male_26-U1,sbr,26,tierA_p95,Biliary/ductular,il6_jak_stat3,70.0,75.0,103.0,0.008461165000024496,0.0027007281922033686,87.0,0.0059243677228812295
7259_liver_sbr_Male_26-U1,sbr,26,tierA_p95,Biliary/ductular,il6_jak_stat3,75.0,80.0,55.0,0.006527454487513751,0.0036629893053753784,56.0,0.009622678476651865
7259_liver_sbr_Male_26-U1,sbr,26,tierA_p95,Biliary/ductular,il6_jak_stat3,80.0,85.0,38.0,0.008282105401648502,0.004809192070683904,31.0,0.0027070968198747705
7259_liver_sbr_Male_26-U1,sbr,26,tierA_p95,Biliary/ductular,il6_jak_stat3,85.0,90.0,23.0,0.01044391316321233,0.0060594776880065135,21.0,0.0048114285427367405
7259_liver_sbr_Male_26-U1,sbr,26,tierA_p95,Biliary/ductular,il6_jak_stat3,90.0,95.0,10.0,0.004959000181406737,0.007206246840970386,12.0,-0.0024983335946065686
7259_liver_sbr_Male_26-U1,sbr,26,tierA_p95,Biliary/ductular,il6_jak_stat3,95.0,100.0,5.0,0.005757999792695046,0.010914790476268215,17.0,0.004677059029585079
7259_liver_sbr_Male_26-U1,sbr,26,tierA_p95,Biliary/ductular,interferon_response,0.0,5.0,662.0,0.024826299098416233,0.0010990724510688951,2190.0,0.02752900912155341
7259_liver_sbr_Male_26-U1,sbr,26,tierA_p95,Biliary/ductular,interferon_response,5.0,10.0,4593.0,0.02784863270989685,0.0003985236821460525,4262.0,0.028820994827803287
7259_liver_sbr_Male_26-U1,sbr,26,tierA_p95,Biliary/ductular,interferon_response,10.0,15.0,4336.0,0.028247331654409114,0.0004098487499523858,4217.0,0.02774726817868965
7259_liver_sbr_Male_26-U1,sbr,26,tierA_p95,Biliary/ductular,interferon_response,15.0,20.0,4160.0,0.027749396626692346,0.00041334485151277756,4073.0,0.02748419593078061
7259_liver_sbr_Male_26-U1,sbr,26,tierA_p95,Biliary/ductular,interferon_response,20.0,25.0,3851.0,0.027411119194768924,0.0004375670490941496,3809.0,0.026343092677897268
7259_liver_sbr_Male_26-U1,sbr,26,tierA_p95,Biliary/ductular,interferon_response,25.0,30.0,3520.0,0.02763458236754869,0.0004579053188538086,3284.0,0.027065517679761602
7259_liver_sbr_Male_26-U1,sbr,26,tierA_p95,Biliary/ductular,interferon_response,30.0,35.0,2955.0,0.025421844310678843,0.0004777949987460237,2772.0,0.02782114717265988
7259_liver_sbr_Male_26-U1,sbr,26,tierA_p95,Biliary/ductular,interferon_response,35.0,40.0,2305.0,0.02787169198825628,0.000568245379846131,2127.0,0.027372219073396792
7259_liver_sbr_Male_26-U1,sbr,26,tierA_p95,Biliary/ductular,interferon_response,40.0,45.0,1672.0,0.026995568162406603,0.0006355126474287748,1548.0,0.026639282928380918
7259_liver_sbr_Male_26-U1,sbr,26,tierA_p95,Biliary/ductular,interferon_response,45.0,50.0,1132.0,0.028225521181945233,0.0007960306539752588,1013.0,0.028354768025106347
7259_liver_sbr_Male_26-U1,sbr,26,tierA_p95,Biliary/ductular,interferon_response,50.0,55.0,756.0,0.026028941810879766,0.0009471833646078312,707.0,0.024161824676684644
7259_liver_sbr_Male_26-U1,sbr,26,tierA_p95,Biliary/ductular,interferon_response,55.0,60.0,489.0,0.024938548082221658,0.0011704605593038928,451.0,0.028246474485098903
7259_liver_sbr_Male_26-U1,sbr,26,tierA_p95,Biliary/ductular,interferon_response,60.0,65.0,308.0,0.027349967361614845,0.0017499048642237607,306.0,0.02487107848838349
7259_liver_sbr_Male_26-U1,sbr,26,tierA_p95,Biliary/ductular,interferon_response,65.0,70.0,182.0,0.02695807693529347,0.0019579158481856525,172.0,0.023414941843014295
7259_liver_sbr_Male_26-U1,sbr,26,tierA_p95,Biliary/ductular,interferon_response,70.0,75.0,103.0,0.029162427130464953,0.0028368541355705324,87.0,0.023547816110022858
7259_liver_sbr_Male_26-U1,sbr,26,tierA_p95,Biliary/ductular,interferon_response,75.0,80.0,55.0,0.028087454552455298,0.003268898829835537,56.0,0.02589017839090957
7259_liver_sbr_Male_26-U1,sbr,26,tierA_p95,Biliary/ductular,interferon_response,80.0,85.0,38.0,0.03152684208103701,0.004165995947317022,31.0,0.022505484004091893
7259_liver_sbr_Male_26-U1,sbr,26,tierA_p95,Biliary/ductular,interferon_response,85.0,90.0,23.0,0.027495652214502512,0.005860889087945995,21.0,0.020427618663580643
7259_liver_sbr_Male_26-U1,sbr,26,tierA_p95,Biliary/ductular,interferon_response,90.0,95.0,10.0,0.025699000502936543,0.009542453112517453,12.0,0.024429166689515114
7259_liver_sbr_Male_26-U1,sbr,26,tierA_p95,Biliary/ductular,interferon_response,95.0,100.0,5.0,0.021837999857962132,0.0046956383151180335,17.0,0.03039823561694528
7259_liver_sbr_Male_26-U1,sbr,26,tierA_p95,Biliary/ductular,oxidative_stress,0.0,5.0,662.0,0.04049557405945126,0.0020645608204020467,2190.0,0.0456908082160209
7259_liver_sbr_Male_26-U1,sbr,26,tierA_p95,Biliary/ductular,oxidative_stress,5.0,10.0,4593.0,0.05241980404535698,0.000753923279768848,4262.0,0.05199166821338972
7259_liver_sbr_Male_26-U1,sbr,26,tierA_p95,Biliary/ductular,oxidative_stress,10.0,15.0,4336.0,0.05470930347002324,0.0007862728311339564,4217.0,0.05507404314152875
7259_liver_sbr_Male_26-U1,sbr,26,tierA_p95,Biliary/ductular,oxidative_stress,15.0,20.0,4160.0,0.054238009630171294,0.0007847301868398626,4073.0,0.05498419838771404
7259_liver_sbr_Male_26-U1,sbr,26,tierA_p95,Biliary/ductular,oxidative_stress,20.0,25.0,3851.0,0.05698855356607727,0.000824578355619375,3809.0,0.056404229420622516
7259_liver_sbr_Male_26-U1,sbr,26,tierA_p95,Biliary/ductular,oxidative_stress,25.0,30.0,3520.0,0.05696796300986038,0.0008720038002665327,3284.0,0.05525318814168151
7259_liver_sbr_Male_26-U1,sbr,26,tierA_p95,Biliary/ductular,oxidative_stress,30.0,35.0,2955.0,0.05677343829981576,0.0009486450987354285,2772.0,0.058560797239569015
7259_liver_sbr_Male_26-U1,sbr,26,tierA_p95,Biliary/ductular,oxidative_stress,35.0,40.0,2305.0,0.057541301498337805,0.0010523216750260155,2127.0,0.05802936063608112
7259_liver_sbr_Male_26-U1,sbr,26,tierA_p95,Biliary/ductular,oxidative_stress,40.0,45.0,1672.0,0.05601592108865136,0.0012653834004494645,1548.0,0.05851691213956891
7259_liver_sbr_Male_26-U1,sbr,26,tierA_p95,Biliary/ductular,oxidative_stress,45.0,50.0,1132.0,0.057279143157937036,0.001540322213795072,1013.0,0.05880569592733595
7259_liver_sbr_Male_26-U1,sbr,26,tierA_p95,Biliary/ductular,oxidative_stress,50.0,55.0,756.0,0.05499751315413546,0.0017833721638416435,707.0,0.05961635080005102
7259_liver_sbr_Male_26-U1,sbr,26,tierA_p95,Biliary/ductular,oxidative_stress,55.0,60.0,489.0,0.06055106330145584,0.0023399705508621916,451.0,0.057438802660853695
7259_liver_sbr_Male_26-U1,sbr,26,tierA_p95,Biliary/ductular,oxidative_stress,60.0,65.0,308.0,0.05761600640003702,0.0029439460000518602,306.0,0.06517656890160307
7259_liver_sbr_Male_26-U1,sbr,26,tierA_p95,Biliary/ductular,oxidative_stress,65.0,70.0,182.0,0.05576467034816333,0.0037765291525144206,172.0,0.06679918601222981
7259_liver_sbr_Male_26-U1,sbr,26,tierA_p95,Biliary/ductular,oxidative_stress,70.0,75.0,103.0,0.06270349532090584,0.005397901079842216,87.0,0.057225287355343414
7259_liver_sbr_Male_26-U1,sbr,26,tierA_p95,Biliary/ductular,oxidative_stress,75.0,80.0,55.0,0.058427818219008096,0.006853565099757874,56.0,0.04857000011751162
7259_liver_sbr_Male_26-U1,sbr,26,tierA_p95,Biliary/ductular,oxidative_stress,80.0,85.0,38.0,0.0664057899542202,0.010417893251435023,31.0,0.07951903134404172
7259_liver_sbr_Male_26-U1,sbr,26,tierA_p95,Biliary/ductular,oxidative_stress,85.0,90.0,23.0,0.04755913034719213,0.009823268689382426,21.0,0.05572952360047826
7259_liver_sbr_Male_26-U1,sbr,26,tierA_p95,Biliary/ductular,oxidative_stress,90.0,95.0,10.0,0.07568099917843937,0.01673171205221862,12.0,0.08254749880870804
7259_liver_sbr_Male_26-U1,sbr,26,tierA_p95,Biliary/ductular,oxidative_stress,95.0,100.0,5.0,0.07761999834328889,0.027096176515654005,17.0,0.05624294060501544
7259_liver_sbr_Male_26-U1,sbr,26,tierA_p95,Biliary/ductular,secondary_senescence,0.0,5.0,662.0,0.011734516652321792,0.001591347327332461,2190.0,0.010393182637140919
7259_liver_sbr_Male_26-U1,sbr,26,tierA_p95,Biliary/ductular,secondary_senescence,5.0,10.0,4593.0,0.00967547355117944,0.0005629443773444752,4262.0,0.010810349619544168
7259_liver_sbr_Male_26-U1,sbr,26,tierA_p95,Biliary/ductular,secondary_senescence,10.0,15.0,4336.0,0.009899068259935499,0.0005817029943203633,4217.0,0.009834190188928936
7259_liver_sbr_Male_26-U1,sbr,26,tierA_p95,Biliary/ductular,secondary_senescence,15.0,20.0,4160.0,0.008742173097171136,0.0006109655960826419,4073.0,0.009684947200061494
7259_liver_sbr_Male_26-U1,sbr,26,tierA_p95,Biliary/ductular,secondary_senescence,20.0,25.0,3851.0,0.009751563231737452,0.0006237207362208964,3809.0,0.008681748486846684
7259_liver_sbr_Male_26-U1,sbr,26,tierA_p95,Biliary/ductular,secondary_senescence,25.0,30.0,3520.0,0.008378034058269309,0.0006461185488892313,3284.0,0.0075089038101472435
7259_liver_sbr_Male_26-U1,sbr,26,tierA_p95,Biliary/ductular,secondary_senescence,30.0,35.0,2955.0,0.008140846010049933,0.0006925106780704702,2772.0,0.00867791125701488
7259_liver_sbr_Male_26-U1,sbr,26,tierA_p95,Biliary/ductular,secondary_senescence,35.0,40.0,2305.0,0.009705171389057977,0.0007948857448294396,2127.0,0.006960582972488491
7259_liver_sbr_Male_26-U1,sbr,26,tierA_p95,Biliary/ductular,secondary_senescence,40.0,45.0,1672.0,0.009563744020843324,0.0009026906866419021,1548.0,0.008965833268414825
7259_liver_sbr_Male_26-U1,sbr,26,tierA_p95,Biliary/ductular,secondary_senescence,45.0,50.0,1132.0,0.007819037087582898,0.0011416929104360925,1013.0,0.008643326714647192
7259_liver_sbr_Male_26-U1,sbr,26,tierA_p95,Biliary/ductular,secondary_senescence,50.0,55.0,756.0,0.006261825415585629,0.001348918211152494,707.0,0.01024889682413094
7259_liver_sbr_Male_26-U1,sbr,26,tierA_p95,Biliary/ductular,secondary_senescence,55.0,60.0,489.0,0.00671590994375735,0.0016134218271611634,451.0,0.005763215043613901
7259_liver_sbr_Male_26-U1,sbr,26,tierA_p95,Biliary/ductular,secondary_senescence,60.0,65.0,308.0,0.007871331245065425,0.0021585521097909296,306.0,0.008834477043706844
7259_liver_sbr_Male_26-U1,sbr,26,tierA_p95,Biliary/ductular,secondary_senescence,65.0,70.0,182.0,0.00805302193643561,0.0028198160045169885,172.0,0.0037291860532795273
7259_liver_sbr_Male_26-U1,sbr,26,tierA_p95,Biliary/ductular,secondary_senescence,70.0,75.0,103.0,0.00402485433973268,0.0037182562137447806,87.0,0.0008494251731504826
7259_liver_sbr_Male_26-U1,sbr,26,tierA_p95,Biliary/ductular,secondary_senescence,75.0,80.0,55.0,0.006689818052638492,0.0044172823709914015,56.0,0.010338214177214209
7259_liver_sbr_Male_26-U1,sbr,26,tierA_p95,Biliary/ductular,secondary_senescence,80.0,85.0,38.0,0.0019439472694342073,0.005171402341364488,31.0,0.0060641935185318996
7259_liver_sbr_Male_26-U1,sbr,26,tierA_p95,Biliary/ductular,secondary_senescence,85.0,90.0,23.0,0.021143043337835243,0.0076658609366391526,21.0,-0.007867619201230506
7259_liver_sbr_Male_26-U1,sbr,26,tierA_p95,Biliary/ductular,secondary_senescence,90.0,95.0,10.0,-0.007099000248126685,0.006205806909712646,12.0,0.0010116665119615693
7259_liver_sbr_Male_26-U1,sbr,26,tierA_p95,Biliary/ductular,secondary_senescence,95.0,100.0,5.0,-0.006585999764502049,0.012131569460851081,17.0,0.006081176373888464
7259_liver_sbr_Male_26-U1,sbr,26,tierA_p95,Biliary/ductular,tnfa_nfkb_proximal,0.0,5.0,662.0,0.024694426017744582,0.001047848989068849,2190.0,0.023669406365010234
7259_liver_sbr_Male_26-U1,sbr,26,tierA_p95,Biliary/ductular,tnfa_nfkb_proximal,5.0,10.0,4593.0,0.023583087277795595,0.0003722368499244101,4262.0,0.024452121064717162
7259_liver_sbr_Male_26-U1,sbr,26,tierA_p95,Biliary/ductular,tnfa_nfkb_proximal,10.0,15.0,4336.0,0.02433614392016453,0.00039016771810266665,4217.0,0.0242037064173496
7259_liver_sbr_Male_26-U1,sbr,26,tierA_p95,Biliary/ductular,tnfa_nfkb_proximal,15.0,20.0,4160.0,0.02398127401888377,0.00040627192441993214,4073.0,0.02405233736457947
7259_liver_sbr_Male_26-U1,sbr,26,tierA_p95,Biliary/ductular,tnfa_nfkb_proximal,20.0,25.0,3851.0,0.023243456265172366,0.0004086408338836766,3809.0,0.023672034659719978
7259_liver_sbr_Male_26-U1,sbr,26,tierA_p95,Biliary/ductular,tnfa_nfkb_proximal,25.0,30.0,3520.0,0.023800906263424664,0.000443207022281356,3284.0,0.022829972600415818
7259_liver_sbr_Male_26-U1,sbr,26,tierA_p95,Biliary/ductular,tnfa_nfkb_proximal,30.0,35.0,2955.0,0.022158328261835922,0.00046606838585774125,2772.0,0.023153639978554984
7259_liver_sbr_Male_26-U1,sbr,26,tierA_p95,Biliary/ductular,tnfa_nfkb_proximal,35.0,40.0,2305.0,0.023111340559446976,0.0005362980828997526,2127.0,0.022757907849441778
7259_liver_sbr_Male_26-U1,sbr,26,tierA_p95,Biliary/ductular,tnfa_nfkb_proximal,40.0,45.0,1672.0,0.023614377968216284,0.0006145170057702653,1548.0,0.022857183476475543
7259_liver_sbr_Male_26-U1,sbr,26,tierA_p95,Biliary/ductular,tnfa_nfkb_proximal,45.0,50.0,1132.0,0.02308594525580162,0.0007618879734645864,1013.0,0.02275995063361508
7259_liver_sbr_Male_26-U1,sbr,26,tierA_p95,Biliary/ductular,tnfa_nfkb_proximal,50.0,55.0,756.0,0.023129761915774594,0.0009103722305393834,707.0,0.02243154168379993
7259_liver_sbr_Male_26-U1,sbr,26,tierA_p95,Biliary/ductular,tnfa_nfkb_proximal,55.0,60.0,489.0,0.02314443764304359,0.0011284726656344722,451.0,0.020045875918300576
7259_liver_sbr_Male_26-U1,sbr,26,tierA_p95,Biliary/ductular,tnfa_nfkb_proximal,60.0,65.0,308.0,0.023729935077520983,0.0014902560222520359,306.0,0.022696764690658264
7259_liver_sbr_Male_26-U1,sbr,26,tierA_p95,Biliary/ductular,tnfa_nfkb_proximal,65.0,70.0,182.0,0.020759340661582998,0.0018820612949231664,172.0,0.022877383664668148
7259_liver_sbr_Male_26-U1,sbr,26,tierA_p95,Biliary/ductular,tnfa_nfkb_proximal,70.0,75.0,103.0,0.02090417493860355,0.0023111386175192197,87.0,0.019650229824246603
7259_liver_sbr_Male_26-U1,sbr,26,tierA_p95,Biliary/ductular,tnfa_nfkb_proximal,75.0,80.0,55.0,0.019516909185172567,0.002447232392128764,56.0,0.02358857124012762
7259_liver_sbr_Male_26-U1,sbr,26,tierA_p95,Biliary/ductular,tnfa_nfkb_proximal,80.0,85.0,38.0,0.01908736838040089,0.0043336838703294306,31.0,0.015875483851789707
7259_liver_sbr_Male_26-U1,sbr,26,tierA_p95,Biliary/ductular,tnfa_nfkb_proximal,85.0,90.0,23.0,0.031051304586150724,0.007222127185525149,21.0,0.014850000167609238
7259_liver_sbr_Male_26-U1,sbr,26,tierA_p95,Biliary/ductular,tnfa_nfkb_proximal,90.0,95.0,10.0,0.015361999801825732,0.009055437314911456,12.0,0.017677499912679195
7259_liver_sbr_Male_26-U1,sbr,26,tierA_p95,Biliary/ductular,tnfa_nfkb_proximal,95.0,100.0,5.0,0.01641400009393692,0.011686660645978722,17.0,0.01881764698362745
7259_liver_sbr_Male_26-U1,sbr,26,tierA_p95,DC,downstream_arrest,0.0,5.0,49.0,0.01634183653917791,0.0036467261421006857,175.0,0.012346342841795246
7259_liver_sbr_Male_26-U1,sbr,26,tierA_p95,DC,downstream_arrest,5.0,10.0,483.0,0.016856749455996342,0.001202015543245247,427.0,0.015062880564329162
7259_liver_sbr_Male_26-U1,sbr,26,tierA_p95,DC,downstream_arrest,10.0,15.0,428.0,0.015700934582705953,0.001214644694919169,427.0,0.01497477744450209
7259_liver_sbr_Male_26-U1,sbr,26,tierA_p95,DC,downstream_arrest,15.0,20.0,387.0,0.015649379863329586,0.0013235625103982295,371.0,0.019042749340458322
7259_liver_sbr_Male_26-U1,sbr,26,tierA_p95,DC,downstream_arrest,20.0,25.0,296.0,0.014873986461286738,0.001452077658017918,310.0,0.014834741922048476
7259_liver_sbr_Male_26-U1,sbr,26,tierA_p95,DC,downstream_arrest,25.0,30.0,279.0,0.01498777776666876,0.0014765431246173885,264.0,0.015534431798380067
7259_liver_sbr_Male_26-U1,sbr,26,tierA_p95,DC,downstream_arrest,30.0,35.0,223.0,0.015503901291276838,0.0015474511064168647,194.0,0.016797422621784415
7259_liver_sbr_Male_26-U1,sbr,26,tierA_p95,DC,downstream_arrest,35.0,40.0,157.0,0.014381210129225335,0.0017836224071834093,161.0,0.01418987584447847
7259_liver_sbr_Male_26-U1,sbr,26,tierA_p95,DC,downstream_arrest,40.0,45.0,109.0,0.010196513798591945,0.002243412980768979,83.0,0.013621325230081104
7259_liver_sbr_Male_26-U1,sbr,26,tierA_p95,DC,downstream_arrest,45.0,50.0,82.0,0.017207804822402712,0.002742136476007208,67.0,0.014332985154478185
7259_liver_sbr_Male_26-U1,sbr,26,tierA_p95,DC,downstream_arrest,50.0,55.0,50.0,0.01349960018240381,0.003399896448873322,50.0,0.011952399974688888
7259_liver_sbr_Male_26-U1,sbr,26,tierA_p95,DC,downstream_arrest,55.0,60.0,30.0,0.011857333354419098,0.003287651151405507,31.0,0.013040322511862483
7259_liver_sbr_Male_26-U1,sbr,26,tierA_p95,DC,downstream_arrest,60.0,65.0,28.0,0.019754999795363153,0.007352974736774365,22.0,0.020974545549093324
7259_liver_sbr_Male_26-U1,sbr,26,tierA_p95,DC,downstream_arrest,65.0,70.0,11.0,0.022147272586483847,0.00789260118728087,21.0,0.0153614285213518
7259_liver_sbr_Male_26-U1,sbr,26,tierA_p95,DC,downstream_arrest,70.0,75.0,3.0,0.018066667020320892,0.01589091499837053,7.0,0.022597142960876226
7259_liver_sbr_Male_26-U1,sbr,26,tierA_p95,DC,downstream_arrest,75.0,80.0,6.0,0.003361666613879303,0.01135720751935217,6.0,0.01608666645673414
7259_liver_sbr_Male_26-U1,sbr,26,tierA_p95,DC,downstream_arrest,80.0,85.0,5.0,0.05613199882209301,0.024429517848509955,6.0,0.024974999600090086
7259_liver_sbr_Male_26-U1,sbr,26,tierA_p95,DC,downstream_arrest,85.0,90.0,1.0,0.004220000002533197,,2.0,-0.00802999990992248
7259_liver_sbr_Male_26-U1,sbr,26,tierA_p95,DC,downstream_arrest,90.0,95.0,0.0,,,2.0,0.07844499684870243
7259_liver_sbr_Male_26-U1,sbr,26,tierA_p95,DC,downstream_arrest,95.0,100.0,0.0,,,1.0,0.010710000060498714
7259_liver_sbr_Male_26-U1,sbr,26,tierA_p95,DC,emt_ecm,0.0,5.0,49.0,0.03091632631400657,0.004671584081044309,175.0,0.03768239990009793
7259_liver_sbr_Male_26-U1,sbr,26,tierA_p95,DC,emt_ecm,5.0,10.0,483.0,0.03845169774368603,0.001489473394608141,427.0,0.03946234200237563
7259_liver_sbr_Male_26-U1,sbr,26,tierA_p95,DC,emt_ecm,10.0,15.0,428.0,0.041912196241840054,0.0016713190074831945,427.0,0.03795580792080489
7259_liver_sbr_Male_26-U1,sbr,26,tierA_p95,DC,emt_ecm,15.0,20.0,387.0,0.03537795874024699,0.0015824051742108962,371.0,0.041009353167447075
7259_liver_sbr_Male_26-U1,sbr,26,tierA_p95,DC,emt_ecm,20.0,25.0,296.0,0.03920479725776523,0.001843930057524689,310.0,0.03736341930799104
7259_liver_sbr_Male_26-U1,sbr,26,tierA_p95,DC,emt_ecm,25.0,30.0,279.0,0.03906516131392503,0.0019673024524978853,264.0,0.035655302917968416
7259_liver_sbr_Male_26-U1,sbr,26,tierA_p95,DC,emt_ecm,30.0,35.0,223.0,0.038991434981204956,0.00210113316433879,194.0,0.04045448444013186
7259_liver_sbr_Male_26-U1,sbr,26,tierA_p95,DC,emt_ecm,35.0,40.0,157.0,0.03785929937734251,0.0023017168944777953,161.0,0.040626646023856836
7259_liver_sbr_Male_26-U1,sbr,26,tierA_p95,DC,emt_ecm,40.0,45.0,109.0,0.04436871552532282,0.0033313397585332037,83.0,0.03620819299599627
7259_liver_sbr_Male_26-U1,sbr,26,tierA_p95,DC,emt_ecm,45.0,50.0,82.0,0.04118975614433222,0.003536135037790017,67.0,0.04437731347853012
7259_liver_sbr_Male_26-U1,sbr,26,tierA_p95,DC,emt_ecm,50.0,55.0,50.0,0.04075240005739033,0.003941864541378744,50.0,0.048877800167538225
7259_liver_sbr_Male_26-U1,sbr,26,tierA_p95,DC,emt_ecm,55.0,60.0,30.0,0.040691666506851715,0.005616146828446307,31.0,0.03508096757990819
7259_liver_sbr_Male_26-U1,sbr,26,tierA_p95,DC,emt_ecm,60.0,65.0,28.0,0.037441071027257876,0.006511279094633975,22.0,0.040134999731724914
7259_liver_sbr_Male_26-U1,sbr,26,tierA_p95,DC,emt_ecm,65.0,70.0,11.0,0.03432909159825861,0.007809660267167959,21.0,0.05136904791357838
7259_liver_sbr_Male_26-U1,sbr,26,tierA_p95,DC,emt_ecm,70.0,75.0,3.0,0.04006333245585362,0.010480042217845504,7.0,0.034752857006554096
7259_liver_sbr_Male_26-U1,sbr,26,tierA_p95,DC,emt_ecm,75.0,80.0,6.0,0.042816666226523616,0.012378863183681704,6.0,0.03046833393940081
7259_liver_sbr_Male_26-U1,sbr,26,tierA_p95,DC,emt_ecm,80.0,85.0,5.0,0.016955999471247197,0.018510457340700275,6.0,0.005853333820899327
7259_liver_sbr_Male_26-U1,sbr,26,tierA_p95,DC,emt_ecm,85.0,90.0,1.0,-0.0020200000144541264,,2.0,-0.00101500004529953
7259_liver_sbr_Male_26-U1,sbr,26,tierA_p95,DC,emt_ecm,90.0,95.0,0.0,,,2.0,0.019435000605881214
7259_liver_sbr_Male_26-U1,sbr,26,tierA_p95,DC,emt_ecm,95.0,100.0,0.0,,,1.0,-0.003379999892786145
7259_liver_sbr_Male_26-U1,sbr,26,tierA_p95,DC,il6_jak_stat3,0.0,5.0,49.0,0.04717428561855982,0.0045918296543552345,175.0,0.03954091408635057
7259_liver_sbr_Male_26-U1,sbr,26,tierA_p95,DC,il6_jak_stat3,5.0,10.0,483.0,0.03697246365686859,0.0016661065269566212,427.0,0.0402595316659106
7259_liver_sbr_Male_26-U1,sbr,26,tierA_p95,DC,il6_jak_stat3,10.0,15.0,428.0,0.03760892519943316,0.0017067939303672753,427.0,0.035908360648713514
7259_liver_sbr_Male_26-U1,sbr,26,tierA_p95,DC,il6_jak_stat3,15.0,20.0,387.0,0.03756614985410049,0.0018615893737806092,371.0,0.037684932582530965
7259_liver_sbr_Male_26-U1,sbr,26,tierA_p95,DC,il6_jak_stat3,20.0,25.0,296.0,0.03744368240792962,0.0021182382521531297,310.0,0.03706341944118556
7259_liver_sbr_Male_26-U1,sbr,26,tierA_p95,DC,il6_jak_stat3,25.0,30.0,279.0,0.033515949833906156,0.0021065477309203545,264.0,0.036972613659489784
7259_liver_sbr_Male_26-U1,sbr,26,tierA_p95,DC,il6_jak_stat3,30.0,35.0,223.0,0.03557273565788024,0.0024890366183676856,194.0,0.03462814423195615
7259_liver_sbr_Male_26-U1,sbr,26,tierA_p95,DC,il6_jak_stat3,35.0,40.0,157.0,0.03716101893705796,0.002911282779934689,161.0,0.03102192534994253
7259_liver_sbr_Male_26-U1,sbr,26,tierA_p95,DC,il6_jak_stat3,40.0,45.0,109.0,0.03441834881439284,0.0032977583890529886,83.0,0.02605409631351323
7259_liver_sbr_Male_26-U1,sbr,26,tierA_p95,DC,il6_jak_stat3,45.0,50.0,82.0,0.03473146347025205,0.0032494983409566843,67.0,0.03290641801162456
7259_liver_sbr_Male_26-U1,sbr,26,tierA_p95,DC,il6_jak_stat3,50.0,55.0,50.0,0.021925999831873922,0.005681397434920417,50.0,0.03590219979640096
7259_liver_sbr_Male_26-U1,sbr,26,tierA_p95,DC,il6_jak_stat3,55.0,60.0,30.0,0.04801466688901807,0.006436661514360064,31.0,0.035092580725529024
7259_liver_sbr_Male_26-U1,sbr,26,tierA_p95,DC,il6_jak_stat3,60.0,65.0,28.0,0.028586428570893725,0.008053550065587813,22.0,0.02975954513319514
7259_liver_sbr_Male_26-U1,sbr,26,tierA_p95,DC,il6_jak_stat3,65.0,70.0,11.0,0.0333072726551274,0.007424249635528343,21.0,0.028703809981899604
7259_liver_sbr_Male_26-U1,sbr,26,tierA_p95,DC,il6_jak_stat3,70.0,75.0,3.0,-0.008713333867490292,0.017425491950319064,7.0,0.02900000022990363
7259_liver_sbr_Male_26-U1,sbr,26,tierA_p95,DC,il6_jak_stat3,75.0,80.0,6.0,0.039941666337351,0.007442126561239474,6.0,0.03003833310989042
7259_liver_sbr_Male_26-U1,sbr,26,tierA_p95,DC,il6_jak_stat3,80.0,85.0,5.0,0.0004939997917972506,0.0078934080293095,6.0,0.04107666628745695
7259_liver_sbr_Male_26-U1,sbr,26,tierA_p95,DC,il6_jak_stat3,85.0,90.0,1.0,0.03197000175714493,,2.0,-0.0029750000685453415
7259_liver_sbr_Male_26-U1,sbr,26,tierA_p95,DC,il6_jak_stat3,90.0,95.0,0.0,,,2.0,0.004960000514984131
7259_liver_sbr_Male_26-U1,sbr,26,tierA_p95,DC,il6_jak_stat3,95.0,100.0,0.0,,,1.0,0.02768000029027462
7259_liver_sbr_Male_26-U1,sbr,26,tierA_p95,DC,interferon_response,0.0,5.0,49.0,0.07916571465035786,0.005190921987764566,175.0,0.06685502868445058
7259_liver_sbr_Male_26-U1,sbr,26,tierA_p95,DC,interferon_response,5.0,10.0,483.0,0.06699768130078923,0.0016866939767289902,427.0,0.07054889917322402
7259_liver_sbr_Male_26-U1,sbr,26,tierA_p95,DC,interferon_response,10.0,15.0,428.0,0.0667341119973843,0.0017309468434462863,427.0,0.06778999991781477
7259_liver_sbr_Male_26-U1,sbr,26,tierA_p95,DC,interferon_response,15.0,20.0,387.0,0.06638785526914479,0.0018994188650740679,371.0,0.06339223723045256
7259_liver_sbr_Male_26-U1,sbr,26,tierA_p95,DC,interferon_response,20.0,25.0,296.0,0.06515827708818579,0.0020542841611039886,310.0,0.0650648708548209
7259_liver_sbr_Male_26-U1,sbr,26,tierA_p95,DC,interferon_response,25.0,30.0,279.0,0.06425899625712295,0.0020596422569564353,264.0,0.06511795463374062
7259_liver_sbr_Male_26-U1,sbr,26,tierA_p95,DC,interferon_response,30.0,35.0,223.0,0.06615614340141533,0.0023355969571323765,194.0,0.06415494841313216
7259_liver_sbr_Male_26-U1,sbr,26,tierA_p95,DC,interferon_response,35.0,40.0,157.0,0.06716114645794176,0.0029216275349422476,161.0,0.06065155272700615
7259_liver_sbr_Male_26-U1,sbr,26,tierA_p95,DC,interferon_response,40.0,45.0,109.0,0.06397238526511467,0.003452908988315909,83.0,0.06596036124637866
7259_liver_sbr_Male_26-U1,sbr,26,tierA_p95,DC,interferon_response,45.0,50.0,82.0,0.06475121949312403,0.0036921598195561235,67.0,0.06685567186770043
7259_liver_sbr_Male_26-U1,sbr,26,tierA_p95,DC,interferon_response,50.0,55.0,50.0,0.059716399824246764,0.004391787243305171,50.0,0.06652000009082258
7259_liver_sbr_Male_26-U1,sbr,26,tierA_p95,DC,interferon_response,55.0,60.0,30.0,0.06012033272612219,0.0059479037091517365,31.0,0.07028999993757855
7259_liver_sbr_Male_26-U1,sbr,26,tierA_p95,DC,interferon_response,60.0,65.0,28.0,0.06272178578988782,0.00914231936749436,22.0,0.06546227329156616
7259_liver_sbr_Male_26-U1,sbr,26,tierA_p95,DC,interferon_response,65.0,70.0,11.0,0.06969909014349635,0.010476468263521015,21.0,0.05879857134035168
7259_liver_sbr_Male_26-U1,sbr,26,tierA_p95,DC,interferon_response,70.0,75.0,3.0,0.007733332924544811,0.009214604580866625,7.0,0.05931285662310464
7259_liver_sbr_Male_26-U1,sbr,26,tierA_p95,DC,interferon_response,75.0,80.0,6.0,0.06714166700839996,0.010181958128436856,6.0,0.04814999954154094
7259_liver_sbr_Male_26-U1,sbr,26,tierA_p95,DC,interferon_response,80.0,85.0,5.0,0.019987999834120272,0.010309538527998121,6.0,0.036044999957084656
7259_liver_sbr_Male_26-U1,sbr,26,tierA_p95,DC,interferon_response,85.0,90.0,1.0,0.08928000181913376,,2.0,0.08446500077843666
7259_liver_sbr_Male_26-U1,sbr,26,tierA_p95,DC,interferon_response,90.0,95.0,0.0,,,2.0,0.0582949984818697
7259_liver_sbr_Male_26-U1,sbr,26,tierA_p95,DC,interferon_response,95.0,100.0,0.0,,,1.0,0.014800000004470348
7259_liver_sbr_Male_26-U1,sbr,26,tierA_p95,DC,oxidative_stress,0.0,5.0,49.0,0.03710551033442726,0.007183490222704361,175.0,0.05008354279844623
7259_liver_sbr_Male_26-U1,sbr,26,tierA_p95,DC,oxidative_stress,5.0,10.0,483.0,0.053067101400531634,0.0023726592331825506,427.0,0.054075597172937806
7259_liver_sbr_Male_26-U1,sbr,26,tierA_p95,DC,oxidative_stress,10.0,15.0,428.0,0.055843271155502736,0.0025805422403788296,427.0,0.05538405165642247
7259_liver_sbr_Male_26-U1,sbr,26,tierA_p95,DC,oxidative_stress,15.0,20.0,387.0,0.05752457368221223,0.002801731371488869,371.0,0.05821698122580016
7259_liver_sbr_Male_26-U1,sbr,26,tierA_p95,DC,oxidative_stress,20.0,25.0,296.0,0.055213884922449254,0.003133392448169612,310.0,0.05660796772554609
7259_liver_sbr_Male_26-U1,sbr,26,tierA_p95,DC,oxidative_stress,25.0,30.0,279.0,0.06256566316781616,0.0034014210344524057,264.0,0.06002954549507139
7259_liver_sbr_Male_26-U1,sbr,26,tierA_p95,DC,oxidative_stress,30.0,35.0,223.0,0.05915246649707653,0.00364085299795146,194.0,0.06323670131303177
7259_liver_sbr_Male_26-U1,sbr,26,tierA_p95,DC,oxidative_stress,35.0,40.0,157.0,0.055554458657932126,0.004593695831672823,161.0,0.07040782590173995
7259_liver_sbr_Male_26-U1,sbr,26,tierA_p95,DC,oxidative_stress,40.0,45.0,109.0,0.07109724759677459,0.0044086591759204315,83.0,0.07220144540068682
7259_liver_sbr_Male_26-U1,sbr,26,tierA_p95,DC,oxidative_stress,45.0,50.0,82.0,0.07256292681516398,0.005329255972710799,67.0,0.05916597016451971
7259_liver_sbr_Male_26-U1,sbr,26,tierA_p95,DC,oxidative_stress,50.0,55.0,50.0,0.0759850000331062,0.008752095112017222,50.0,0.06931559956312412
7259_liver_sbr_Male_26-U1,sbr,26,tierA_p95,DC,oxidative_stress,55.0,60.0,30.0,0.061866666780163844,0.010188231361991987,31.0,0.044498386856679235
7259_liver_sbr_Male_26-U1,sbr,26,tierA_p95,DC,oxidative_stress,60.0,65.0,28.0,0.057540000566015284,0.007464396460752614,22.0,0.03939045444977554
7259_liver_sbr_Male_26-U1,sbr,26,tierA_p95,DC,oxidative_stress,65.0,70.0,11.0,0.09256818010048433,0.022198232321800036,21.0,0.05961190485617235
7259_liver_sbr_Male_26-U1,sbr,26,tierA_p95,DC,oxidative_stress,70.0,75.0,3.0,0.08063666832943757,0.026671137934339346,7.0,0.03673999996057579
7259_liver_sbr_Male_26-U1,sbr,26,tierA_p95,DC,oxidative_stress,75.0,80.0,6.0,0.07319166728605826,0.013487294415054692,6.0,0.08235500085478027
7259_liver_sbr_Male_26-U1,sbr,26,tierA_p95,DC,oxidative_stress,80.0,85.0,5.0,0.060133999958634374,0.01764887117142036,6.0,0.05530166688064734
7259_liver_sbr_Male_26-U1,sbr,26,tierA_p95,DC,oxidative_stress,85.0,90.0,1.0,-0.007170000113546848,,2.0,0.014990000054240227
7259_liver_sbr_Male_26-U1,sbr,26,tierA_p95,DC,oxidative_stress,90.0,95.0,0.0,,,2.0,0.038259999826550484
7259_liver_sbr_Male_26-U1,sbr,26,tierA_p95,DC,oxidative_stress,95.0,100.0,0.0,,,1.0,0.0712599977850914
7259_liver_sbr_Male_26-U1,sbr,26,tierA_p95,DC,secondary_senescence,0.0,5.0,49.0,0.0149067343885022,0.006230430851429594,175.0,0.009611085614555382
7259_liver_sbr_Male_26-U1,sbr,26,tierA_p95,DC,secondary_senescence,5.0,10.0,483.0,0.007937308467512923,0.0017797767750346043,427.0,0.015089437963216908
7259_liver_sbr_Male_26-U1,sbr,26,tierA_p95,DC,secondary_senescence,10.0,15.0,428.0,0.011218200940301163,0.0018614145169740233,427.0,0.007854824347645907
7259_liver_sbr_Male_26-U1,sbr,26,tierA_p95,DC,secondary_senescence,15.0,20.0,387.0,0.009004547791338937,0.0018698414560067152,371.0,0.008289865199844397
7259_liver_sbr_Male_26-U1,sbr,26,tierA_p95,DC,secondary_senescence,20.0,25.0,296.0,0.006748750030252464,0.00240701783930437,310.0,0.005579548342458081
7259_liver_sbr_Male_26-U1,sbr,26,tierA_p95,DC,secondary_senescence,25.0,30.0,279.0,0.009434623613635012,0.002329879491607861,264.0,0.008292159084317753
7259_liver_sbr_Male_26-U1,sbr,26,tierA_p95,DC,secondary_senescence,30.0,35.0,223.0,0.0062709416378078815,0.0025537667113559206,194.0,0.010302783548936954
7259_liver_sbr_Male_26-U1,sbr,26,tierA_p95,DC,secondary_senescence,35.0,40.0,157.0,0.010372038267198416,0.0026406216176640025,161.0,0.012779130413726093
7259_liver_sbr_Male_26-U1,sbr,26,tierA_p95,DC,secondary_senescence,40.0,45.0,109.0,0.011663853115276134,0.003579703619765858,83.0,-0.00235072297187163
7259_liver_sbr_Male_26-U1,sbr,26,tierA_p95,DC,secondary_senescence,45.0,50.0,82.0,0.012102438996208081,0.0037422550179089563,67.0,0.010804029927439571
7259_liver_sbr_Male_26-U1,sbr,26,tierA_p95,DC,secondary_senescence,50.0,55.0,50.0,0.012293000184581616,0.005522569481841541,50.0,0.0097339998325333
7259_liver_sbr_Male_26-U1,sbr,26,tierA_p95,DC,secondary_senescence,55.0,60.0,30.0,0.013835000193891271,0.0059009045010342724,31.0,0.005566774251600427
7259_liver_sbr_Male_26-U1,sbr,26,tierA_p95,DC,secondary_senescence,60.0,65.0,28.0,0.008146785733905355,0.0061691249455040325,22.0,0.020991818508429624
7259_liver_sbr_Male_26-U1,sbr,26,tierA_p95,DC,secondary_senescence,65.0,70.0,11.0,0.008612727481787178,0.008692733234213627,21.0,0.007119047921150923
7259_liver_sbr_Male_26-U1,sbr,26,tierA_p95,DC,secondary_senescence,70.0,75.0,3.0,-0.01281999982893467,0.009958588576333607,7.0,0.017937142002795423
7259_liver_sbr_Male_26-U1,sbr,26,tierA_p95,DC,secondary_senescence,75.0,80.0,6.0,0.02323500020429492,0.00955012184811326,6.0,-0.021139999424728256
7259_liver_sbr_Male_26-U1,sbr,26,tierA_p95,DC,secondary_senescence,80.0,85.0,5.0,0.007167999539524317,0.016380119729323992,6.0,-0.018336666747927666
7259_liver_sbr_Male_26-U1,sbr,26,tierA_p95,DC,secondary_senescence,85.0,90.0,1.0,-0.004800000227987766,,2.0,0.0018199998885393143
7259_liver_sbr_Male_26-U1,sbr,26,tierA_p95,DC,secondary_senescence,90.0,95.0,0.0,,,2.0,0.0316249989264179
7259_liver_sbr_Male_26-U1,sbr,26,tierA_p95,DC,secondary_senescence,95.0,100.0,0.0,,,1.0,-0.029270000755786896
7259_liver_sbr_Male_26-U1,sbr,26,tierA_p95,DC,tnfa_nfkb_proximal,0.0,5.0,49.0,0.03127265287734264,0.00420461469584819,175.0,0.029312800080203618
7259_liver_sbr_Male_26-U1,sbr,26,tierA_p95,DC,tnfa_nfkb_proximal,5.0,10.0,483.0,0.0262182194712284,0.0013905296753824934,427.0,0.02915562058569137
7259_liver_sbr_Male_26-U1,sbr,26,tierA_p95,DC,tnfa_nfkb_proximal,10.0,15.0,428.0,0.02684918218320516,0.0015258376633713524,427.0,0.024529156792317014
7259_liver_sbr_Male_26-U1,sbr,26,tierA_p95,DC,tnfa_nfkb_proximal,15.0,20.0,387.0,0.027846537445667646,0.0016487285612333876,371.0,0.023279191389387457
7259_liver_sbr_Male_26-U1,sbr,26,tierA_p95,DC,tnfa_nfkb_proximal,20.0,25.0,296.0,0.023326587893304374,0.0017209172551657477,310.0,0.029784806492487756
7259_liver_sbr_Male_26-U1,sbr,26,tierA_p95,DC,tnfa_nfkb_proximal,25.0,30.0,279.0,0.025419677536181254,0.00172068065220476,264.0,0.02474643942183651
7259_liver_sbr_Male_26-U1,sbr,26,tierA_p95,DC,tnfa_nfkb_proximal,30.0,35.0,223.0,0.026623049401678145,0.0021418996074564476,194.0,0.02757113390217671
7259_liver_sbr_Male_26-U1,sbr,26,tierA_p95,DC,tnfa_nfkb_proximal,35.0,40.0,157.0,0.02190363057984049,0.0023982721463913525,161.0,0.027828260950446968
7259_liver_sbr_Male_26-U1,sbr,26,tierA_p95,DC,tnfa_nfkb_proximal,40.0,45.0,109.0,0.027759816274612954,0.003055848784570186,83.0,0.019328072282109768
7259_liver_sbr_Male_26-U1,sbr,26,tierA_p95,DC,tnfa_nfkb_proximal,45.0,50.0,82.0,0.03365304852373012,0.004238967711418608,67.0,0.021014626942394272
7259_liver_sbr_Male_26-U1,sbr,26,tierA_p95,DC,tnfa_nfkb_proximal,50.0,55.0,50.0,0.021764199861790984,0.004162332571783062,50.0,0.027607399957487358
7259_liver_sbr_Male_26-U1,sbr,26,tierA_p95,DC,tnfa_nfkb_proximal,55.0,60.0,30.0,0.035072333691641686,0.006284405961290636,31.0,0.01938580644632419
7259_liver_sbr_Male_26-U1,sbr,26,tierA_p95,DC,tnfa_nfkb_proximal,60.0,65.0,28.0,0.012583571353128977,0.004542406781445004,22.0,0.02176363633374091
7259_liver_sbr_Male_26-U1,sbr,26,tierA_p95,DC,tnfa_nfkb_proximal,65.0,70.0,11.0,0.016259999702345918,0.007675858813330768,21.0,0.014324762171045655
7259_liver_sbr_Male_26-U1,sbr,26,tierA_p95,DC,tnfa_nfkb_proximal,70.0,75.0,3.0,-0.005483333254233003,0.0012690006954406959,7.0,0.021078571544161866
7259_liver_sbr_Male_26-U1,sbr,26,tierA_p95,DC,tnfa_nfkb_proximal,75.0,80.0,6.0,0.03742166639616092,0.0057716298957051475,6.0,0.022106666835801054
7259_liver_sbr_Male_26-U1,sbr,26,tierA_p95,DC,tnfa_nfkb_proximal,80.0,85.0,5.0,-0.005839999951422215,0.00548319333797533,6.0,0.021454999844233196
7259_liver_sbr_Male_26-U1,sbr,26,tierA_p95,DC,tnfa_nfkb_proximal,85.0,90.0,1.0,0.02831999957561493,,2.0,0.010759999975562096
7259_liver_sbr_Male_26-U1,sbr,26,tierA_p95,DC,tnfa_nfkb_proximal,90.0,95.0,0.0,,,2.0,0.0038999998942017555
7259_liver_sbr_Male_26-U1,sbr,26,tierA_p95,DC,tnfa_nfkb_proximal,95.0,100.0,0.0,,,1.0,0.003920000046491623
7259_liver_sbr_Male_26-U1,sbr,26,tierA_p95,Endothelial,downstream_arrest,0.0,5.0,75.0,-0.005065866707251795,0.0020024481556970403,709.0,-0.0038241467114134607
7259_liver_sbr_Male_26-U1,sbr,26,tierA_p95,Endothelial,downstream_arrest,5.0,10.0,1064.0,-0.0036202537613305203,0.00047316386089327515,918.0,-0.004306111117290517
7259_liver_sbr_Male_26-U1,sbr,26,tierA_p95,Endothelial,downstream_arrest,10.0,15.0,1479.0,-0.0033783705245048652,0.00038758927660820003,1390.0,-0.0035767841604767534
7259_liver_sbr_Male_26-U1,sbr,26,tierA_p95,Endothelial,downstream_arrest,15.0,20.0,1645.0,-0.0027122735562177883,0.0003610904733096447,1508.0,-0.0025576922858595906
7259_liver_sbr_Male_26-U1,sbr,26,tierA_p95,Endothelial,downstream_arrest,20.0,25.0,1601.0,-0.0034599812518113972,0.0003725568574613047,1551.0,-0.0032383365490513626
7259_liver_sbr_Male_26-U1,sbr,26,tierA_p95,Endothelial,downstream_arrest,25.0,30.0,1544.0,-0.002443361397560406,0.0003678008811989643,1499.0,-0.002756931286292006
7259_liver_sbr_Male_26-U1,sbr,26,tierA_p95,Endothelial,downstream_arrest,30.0,35.0,1247.0,-0.0038152927038826337,0.0004005211039601465,1265.0,-0.0027764505905507816
7259_liver_sbr_Male_26-U1,sbr,26,tierA_p95,Endothelial,downstream_arrest,35.0,40.0,1025.0,-0.001999521940224662,0.00044176101744687537,961.0,-0.0021311966685761026
7259_liver_sbr_Male_26-U1,sbr,26,tierA_p95,Endothelial,downstream_arrest,40.0,45.0,791.0,-0.002044740835807291,0.0005194619711985084,789.0,-0.002887148305848468
7259_liver_sbr_Male_26-U1,sbr,26,tierA_p95,Endothelial,downstream_arrest,45.0,50.0,605.0,-0.0026775206633062247,0.0005765374860416215,542.0,-0.0006548893016532026
7259_liver_sbr_Male_26-U1,sbr,26,tierA_p95,Endothelial,downstream_arrest,50.0,55.0,427.0,-0.0015040514990516973,0.000725093701459348,359.0,-0.0017120055707990681
7259_liver_sbr_Male_26-U1,sbr,26,tierA_p95,Endothelial,downstream_arrest,55.0,60.0,282.0,-0.0014069858733180693,0.0009275702114920097,290.0,-0.0016071034588972467
7259_liver_sbr_Male_26-U1,sbr,26,tierA_p95,Endothelial,downstream_arrest,60.0,65.0,204.0,8.887253996220476e-05,0.0009330655908520942,185.0,-0.0030270270332285027
7259_liver_sbr_Male_26-U1,sbr,26,tierA_p95,Endothelial,downstream_arrest,65.0,70.0,124.0,0.00010798387293400611,0.0011588007144605942,119.0,0.001241932768852082
7259_liver_sbr_Male_26-U1,sbr,26,tierA_p95,Endothelial,downstream_arrest,70.0,75.0,58.0,-0.0024413792016275693,0.0018234066303517394,73.0,-0.001575342570878055
7259_liver_sbr_Male_26-U1,sbr,26,tierA_p95,Endothelial,downstream_arrest,75.0,80.0,55.0,0.0005983636513437059,0.001709290794260612,46.0,0.000516739158664005
7259_liver_sbr_Male_26-U1,sbr,26,tierA_p95,Endothelial,downstream_arrest,80.0,85.0,38.0,0.00011552638668370874,0.002554738233736645,32.0,-0.003587187522498425
7259_liver_sbr_Male_26-U1,sbr,26,tierA_p95,Endothelial,downstream_arrest,85.0,90.0,22.0,-0.006149090919610568,0.0036341665076953145,18.0,0.00571444431827533
7259_liver_sbr_Male_26-U1,sbr,26,tierA_p95,Endothelial,downstream_arrest,90.0,95.0,11.0,-0.0007990908555009148,0.0037878181479819176,16.0,0.005868750005902257
7259_liver_sbr_Male_26-U1,sbr,26,tierA_p95,Endothelial,downstream_arrest,95.0,100.0,4.0,-0.008259999885922298,0.004905727424869737,31.0,0.000263548425150915
7259_liver_sbr_Male_26-U1,sbr,26,tierA_p95,Endothelial,emt_ecm,0.0,5.0,75.0,0.037324400080833584,0.0034745120253389904,709.0,0.03150578277836886
7259_liver_sbr_Male_26-U1,sbr,26,tierA_p95,Endothelial,emt_ecm,5.0,10.0,1064.0,0.035028778179346264,0.0009490099203219056,918.0,0.03559546837892246
7259_liver_sbr_Male_26-U1,sbr,26,tierA_p95,Endothelial,emt_ecm,10.0,15.0,1479.0,0.031087112942280316,0.0007604334028337386,1390.0,0.03266838129898558
7259_liver_sbr_Male_26-U1,sbr,26,tierA_p95,Endothelial,emt_ecm,15.0,20.0,1645.0,0.030072243165644188,0.0007426100103303483,1508.0,0.027664920396687352
7259_liver_sbr_Male_26-U1,sbr,26,tierA_p95,Endothelial,emt_ecm,20.0,25.0,1601.0,0.02865905059582296,0.0007380919092725308,1551.0,0.02906983230773963
7259_liver_sbr_Male_26-U1,sbr,26,tierA_p95,Endothelial,emt_ecm,25.0,30.0,1544.0,0.028786483154476038,0.0007142193604869444,1499.0,0.030487171469326935
7259_liver_sbr_Male_26-U1,sbr,26,tierA_p95,Endothelial,emt_ecm,30.0,35.0,1247.0,0.029165469099010598,0.0008364887781280018,1265.0,0.026346300419365018
7259_liver_sbr_Male_26-U1,sbr,26,tierA_p95,Endothelial,emt_ecm,35.0,40.0,1025.0,0.02738561946538805,0.0008697227095831499,961.0,0.028219053045877473
7259_liver_sbr_Male_26-U1,sbr,26,tierA_p95,Endothelial,emt_ecm,40.0,45.0,791.0,0.024973640975968953,0.0009446715447704538,789.0,0.026620544986054612
7259_liver_sbr_Male_26-U1,sbr,26,tierA_p95,Endothelial,emt_ecm,45.0,50.0,605.0,0.0256091239660161,0.0011241235504407675,542.0,0.024743782285393846
7259_liver_sbr_Male_26-U1,sbr,26,tierA_p95,Endothelial,emt_ecm,50.0,55.0,427.0,0.02448840748034914,0.0013319084353637118,359.0,0.023585041924904283
7259_liver_sbr_Male_26-U1,sbr,26,tierA_p95,Endothelial,emt_ecm,55.0,60.0,282.0,0.021814964461509913,0.0015854991384623314,290.0,0.022870344777063643
7259_liver_sbr_Male_26-U1,sbr,26,tierA_p95,Endothelial,emt_ecm,60.0,65.0,204.0,0.025131813593593417,0.0019681778317107257,185.0,0.023561135043427064
7259_liver_sbr_Male_26-U1,sbr,26,tierA_p95,Endothelial,emt_ecm,65.0,70.0,124.0,0.015978387088961748,0.0021954793776524516,119.0,0.022190504285757345
7259_liver_sbr_Male_26-U1,sbr,26,tierA_p95,Endothelial,emt_ecm,70.0,75.0,58.0,0.023781896593924292,0.003569890618415585,73.0,0.015955890445931726
7259_liver_sbr_Male_26-U1,sbr,26,tierA_p95,Endothelial,emt_ecm,75.0,80.0,55.0,0.02161436369404493,0.0033318110276724677,46.0,0.021812826182450288
7259_liver_sbr_Male_26-U1,sbr,26,tierA_p95,Endothelial,emt_ecm,80.0,85.0,38.0,0.019625263178328935,0.004123222533284344,32.0,0.020131874917751702
7259_liver_sbr_Male_26-U1,sbr,26,tierA_p95,Endothelial,emt_ecm,85.0,90.0,22.0,0.029781817610703663,0.007423280226057018,18.0,0.01655277790268883
7259_liver_sbr_Male_26-U1,sbr,26,tierA_p95,Endothelial,emt_ecm,90.0,95.0,11.0,0.02499636406586929,0.005800537107465828,16.0,0.011978750128037063
7259_liver_sbr_Male_26-U1,sbr,26,tierA_p95,Endothelial,emt_ecm,95.0,100.0,4.0,0.013042499893344939,0.010389421996721744,31.0,0.011431612878016407
7259_liver_sbr_Male_26-U1,sbr,26,tierA_p95,Endothelial,il6_jak_stat3,0.0,5.0,75.0,0.029889866550220176,0.004429686625923539,709.0,0.040170536071879544
7259_liver_sbr_Male_26-U1,sbr,26,tierA_p95,Endothelial,il6_jak_stat3,5.0,10.0,1064.0,0.034923928575071636,0.0011439383022746423,918.0,0.035454172054270164
7259_liver_sbr_Male_26-U1,sbr,26,tierA_p95,Endothelial,il6_jak_stat3,10.0,15.0,1479.0,0.03344994591327769,0.0010125189720928869,1390.0,0.03332843169423246
7259_liver_sbr_Male_26-U1,sbr,26,tierA_p95,Endothelial,il6_jak_stat3,15.0,20.0,1645.0,0.03189207904078985,0.0009335500869044389,1508.0,0.030580298384780442
7259_liver_sbr_Male_26-U1,sbr,26,tierA_p95,Endothelial,il6_jak_stat3,20.0,25.0,1601.0,0.03239414113214104,0.0009582829754782803,1551.0,0.03349036744247139
7259_liver_sbr_Male_26-U1,sbr,26,tierA_p95,Endothelial,il6_jak_stat3,25.0,30.0,1544.0,0.03264237691327597,0.0009721605263838743,1499.0,0.03229401600457193
7259_liver_sbr_Male_26-U1,sbr,26,tierA_p95,Endothelial,il6_jak_stat3,30.0,35.0,1247.0,0.03330327184684267,0.0010148083396173241,1265.0,0.03130691696197706
7259_liver_sbr_Male_26-U1,sbr,26,tierA_p95,Endothelial,il6_jak_stat3,35.0,40.0,1025.0,0.031002058536009493,0.001152467705804926,961.0,0.03147542143230456
7259_liver_sbr_Male_26-U1,sbr,26,tierA_p95,Endothelial,il6_jak_stat3,40.0,45.0,791.0,0.03288384317222657,0.0013465278389946608,789.0,0.03380627380416403
7259_liver_sbr_Male_26-U1,sbr,26,tierA_p95,Endothelial,il6_jak_stat3,45.0,50.0,605.0,0.03284049592715566,0.0014408881173279362,542.0,0.030273265638632477
7259_liver_sbr_Male_26-U1,sbr,26,tierA_p95,Endothelial,il6_jak_stat3,50.0,55.0,427.0,0.0344452225390235,0.0018171019105836124,359.0,0.03161356547113876
7259_liver_sbr_Male_26-U1,sbr,26,tierA_p95,Endothelial,il6_jak_stat3,55.0,60.0,282.0,0.03305166657732928,0.002250743088844201,290.0,0.03010313792993688
7259_liver_sbr_Male_26-U1,sbr,26,tierA_p95,Endothelial,il6_jak_stat3,60.0,65.0,204.0,0.03476686275747602,0.002797487675552354,185.0,0.031294648673910824
7259_liver_sbr_Male_26-U1,sbr,26,tierA_p95,Endothelial,il6_jak_stat3,65.0,70.0,124.0,0.026509919181872618,0.0028987819495624673,119.0,0.030580336069776247
7259_liver_sbr_Male_26-U1,sbr,26,tierA_p95,Endothelial,il6_jak_stat3,70.0,75.0,58.0,0.029353103848326758,0.004735451040295507,73.0,0.03845232891792763
7259_liver_sbr_Male_26-U1,sbr,26,tierA_p95,Endothelial,il6_jak_stat3,75.0,80.0,55.0,0.03158763653958555,0.00438525917114407,46.0,0.02415826088121242
7259_liver_sbr_Male_26-U1,sbr,26,tierA_p95,Endothelial,il6_jak_stat3,80.0,85.0,38.0,0.026576842207041887,0.005246727296119543,32.0,0.029374062418355606
7259_liver_sbr_Male_26-U1,sbr,26,tierA_p95,Endothelial,il6_jak_stat3,85.0,90.0,22.0,0.03793090911031785,0.007703441289652532,18.0,0.022598333718229294
7259_liver_sbr_Male_26-U1,sbr,26,tierA_p95,Endothelial,il6_jak_stat3,90.0,95.0,11.0,0.028094545133750547,0.010835191136831745,16.0,0.01866375005192822
7259_liver_sbr_Male_26-U1,sbr,26,tierA_p95,Endothelial,il6_jak_stat3,95.0,100.0,4.0,0.025982499588280916,0.010873102713936388,31.0,0.03433806473115129
7259_liver_sbr_Male_26-U1,sbr,26,tierA_p95,Endothelial,interferon_response,0.0,5.0,75.0,0.03233253347066541,0.004050409243389873,709.0,0.03576029627633693
7259_liver_sbr_Male_26-U1,sbr,26,tierA_p95,Endothelial,interferon_response,5.0,10.0,1064.0,0.03424328013429624,0.0009050637432517084,918.0,0.03506864925463098
7259_liver_sbr_Male_26-U1,sbr,26,tierA_p95,Endothelial,interferon_response,10.0,15.0,1479.0,0.032054286739419825,0.0007975774569271002,1390.0,0.03300223747364529
7259_liver_sbr_Male_26-U1,sbr,26,tierA_p95,Endothelial,interferon_response,15.0,20.0,1645.0,0.03313764133878526,0.000736320660141751,1508.0,0.03140239398671162
7259_liver_sbr_Male_26-U1,sbr,26,tierA_p95,Endothelial,interferon_response,20.0,25.0,1601.0,0.03174036228734351,0.0007529682767657048,1551.0,0.03286671179449495
7259_liver_sbr_Male_26-U1,sbr,26,tierA_p95,Endothelial,interferon_response,25.0,30.0,1544.0,0.03284207904072354,0.0007635586683708214,1499.0,0.03284266176060974
7259_liver_sbr_Male_26-U1,sbr,26,tierA_p95,Endothelial,interferon_response,30.0,35.0,1247.0,0.03308060144964775,0.0008239117699095656,1265.0,0.03278665613069182
7259_liver_sbr_Male_26-U1,sbr,26,tierA_p95,Endothelial,interferon_response,35.0,40.0,1025.0,0.030563492692013913,0.0009186633424717734,961.0,0.030728959365819552
7259_liver_sbr_Male_26-U1,sbr,26,tierA_p95,Endothelial,interferon_response,40.0,45.0,791.0,0.03115083442420087,0.0009975753565189432,789.0,0.03142708496275669
7259_liver_sbr_Male_26-U1,sbr,26,tierA_p95,Endothelial,interferon_response,45.0,50.0,605.0,0.03261305777402811,0.0012448035093745773,542.0,0.02913073797796182
7259_liver_sbr_Male_26-U1,sbr,26,tierA_p95,Endothelial,interferon_response,50.0,55.0,427.0,0.03146814984422525,0.0014373816708845642,359.0,0.0292326741447169
7259_liver_sbr_Male_26-U1,sbr,26,tierA_p95,Endothelial,interferon_response,55.0,60.0,282.0,0.030523546111476046,0.0017273943029980083,290.0,0.027626137995283552
7259_liver_sbr_Male_26-U1,sbr,26,tierA_p95,Endothelial,interferon_response,60.0,65.0,204.0,0.03264764731483963,0.0021150953294878897,185.0,0.0297656215257735
7259_liver_sbr_Male_26-U1,sbr,26,tierA_p95,Endothelial,interferon_response,65.0,70.0,124.0,0.024177499993158796,0.0021600454792960427,119.0,0.030792857105002402
7259_liver_sbr_Male_26-U1,sbr,26,tierA_p95,Endothelial,interferon_response,70.0,75.0,58.0,0.03000086194628364,0.004323903001272866,73.0,0.032052054738128326
7259_liver_sbr_Male_26-U1,sbr,26,tierA_p95,Endothelial,interferon_response,75.0,80.0,55.0,0.03430636373602531,0.004102587689163033,46.0,0.03327043465105817
7259_liver_sbr_Male_26-U1,sbr,26,tierA_p95,Endothelial,interferon_response,80.0,85.0,38.0,0.02928815794094637,0.004324380443396856,32.0,0.024845312806974107
7259_liver_sbr_Male_26-U1,sbr,26,tierA_p95,Endothelial,interferon_response,85.0,90.0,22.0,0.031432727203619754,0.0058150080756177785,18.0,0.02722277772166611
7259_liver_sbr_Male_26-U1,sbr,26,tierA_p95,Endothelial,interferon_response,90.0,95.0,11.0,0.026317272081293842,0.008660913854707993,16.0,0.025383124811924063
7259_liver_sbr_Male_26-U1,sbr,26,tierA_p95,Endothelial,interferon_response,95.0,100.0,4.0,0.022749999770894647,0.007285930439040782,31.0,0.030883870928758574
7259_liver_sbr_Male_26-U1,sbr,26,tierA_p95,Endothelial,oxidative_stress,0.0,5.0,75.0,0.02419893306835244,0.006385380343410853,709.0,0.04337844849542256
7259_liver_sbr_Male_26-U1,sbr,26,tierA_p95,Endothelial,oxidative_stress,5.0,10.0,1064.0,0.048148016826020386,0.0016849864907738721,918.0,0.050595773261044634
7259_liver_sbr_Male_26-U1,sbr,26,tierA_p95,Endothelial,oxidative_stress,10.0,15.0,1479.0,0.05539426637022175,0.0014406791663586535,1390.0,0.05839453952079919
7259_liver_sbr_Male_26-U1,sbr,26,tierA_p95,Endothelial,oxidative_stress,15.0,20.0,1645.0,0.05823748928833028,0.0013813441599361844,1508.0,0.06017584217258279
7259_liver_sbr_Male_26-U1,sbr,26,tierA_p95,Endothelial,oxidative_stress,20.0,25.0,1601.0,0.059153797667871155,0.0013755868687145123,1551.0,0.0577646099788858
7259_liver_sbr_Male_26-U1,sbr,26,tierA_p95,Endothelial,oxidative_stress,25.0,30.0,1544.0,0.0591114507955509,0.00140160920977655,1499.0,0.057387591777076495
7259_liver_sbr_Male_26-U1,sbr,26,tierA_p95,Endothelial,oxidative_stress,30.0,35.0,1247.0,0.059741788338563605,0.001495098337975034,1265.0,0.06115744664464498
7259_liver_sbr_Male_26-U1,sbr,26,tierA_p95,Endothelial,oxidative_stress,35.0,40.0,1025.0,0.06232290727436321,0.0017230519288931301,961.0,0.0645653277612376
7259_liver_sbr_Male_26-U1,sbr,26,tierA_p95,Endothelial,oxidative_stress,40.0,45.0,791.0,0.06389216176632588,0.0019257955179605175,789.0,0.060525082333127915
7259_liver_sbr_Male_26-U1,sbr,26,tierA_p95,Endothelial,oxidative_stress,45.0,50.0,605.0,0.06312143791876208,0.0021199590152701665,542.0,0.06626750922014152
7259_liver_sbr_Male_26-U1,sbr,26,tierA_p95,Endothelial,oxidative_stress,50.0,55.0,427.0,0.06128278695073075,0.0025544635356406194,359.0,0.06332947061233822
7259_liver_sbr_Male_26-U1,sbr,26,tierA_p95,Endothelial,oxidative_stress,55.0,60.0,282.0,0.06618404242103583,0.0031736626254819465,290.0,0.06735472400504132
7259_liver_sbr_Male_26-U1,sbr,26,tierA_p95,Endothelial,oxidative_stress,60.0,65.0,204.0,0.06660249995754794,0.003967971289758167,185.0,0.06871189177004822
7259_liver_sbr_Male_26-U1,sbr,26,tierA_p95,Endothelial,oxidative_stress,65.0,70.0,124.0,0.06810137085877584,0.005051814615703726,119.0,0.06469386555802296
7259_liver_sbr_Male_26-U1,sbr,26,tierA_p95,Endothelial,oxidative_stress,70.0,75.0,58.0,0.06681724147196731,0.006877317598935917,73.0,0.06246054819258798
7259_liver_sbr_Male_26-U1,sbr,26,tierA_p95,Endothelial,oxidative_stress,75.0,80.0,55.0,0.07910527291453698,0.006986795951601749,46.0,0.06446434682710907
7259_liver_sbr_Male_26-U1,sbr,26,tierA_p95,Endothelial,oxidative_stress,80.0,85.0,38.0,0.07042289468288225,0.00748739384692533,32.0,0.060054999528802
7259_liver_sbr_Male_26-U1,sbr,26,tierA_p95,Endothelial,oxidative_stress,85.0,90.0,22.0,0.05102954533967105,0.011432783098884016,18.0,0.07691833323830603
7259_liver_sbr_Male_26-U1,sbr,26,tierA_p95,Endothelial,oxidative_stress,90.0,95.0,11.0,0.058692726475948635,0.013012383623414118,16.0,0.059994374983944
7259_liver_sbr_Male_26-U1,sbr,26,tierA_p95,Endothelial,oxidative_stress,95.0,100.0,4.0,0.06369500141590834,0.021163610235590925,31.0,0.0437435484472512
7259_liver_sbr_Male_26-U1,sbr,26,tierA_p95,Endothelial,secondary_senescence,0.0,5.0,75.0,-0.000687200028138856,0.0038712709198159066,709.0,-0.0014836107230058423
7259_liver_sbr_Male_26-U1,sbr,26,tierA_p95,Endothelial,secondary_senescence,5.0,10.0,1064.0,-0.0038496710011939393,0.0010519368877031034,918.0,-0.0031288235275334364
7259_liver_sbr_Male_26-U1,sbr,26,tierA_p95,Endothelial,secondary_senescence,10.0,15.0,1479.0,-0.006158336703032315,0.0008716887191571743,1390.0,-0.007178223024206902
7259_liver_sbr_Male_26-U1,sbr,26,tierA_p95,Endothelial,secondary_senescence,15.0,20.0,1645.0,-0.006949367824048236,0.0007889940347564491,1508.0,-0.007338123339985668
7259_liver_sbr_Male_26-U1,sbr,26,tierA_p95,Endothelial,secondary_senescence,20.0,25.0,1601.0,-0.008546183639436624,0.0007921446887376343,1551.0,-0.008377240504673093
7259_liver_sbr_Male_26-U1,sbr,26,tierA_p95,Endothelial,secondary_senescence,25.0,30.0,1544.0,-0.007629268135352443,0.0008157876725396972,1499.0,-0.007270513699276161
7259_liver_sbr_Male_26-U1,sbr,26,tierA_p95,Endothelial,secondary_senescence,30.0,35.0,1247.0,-0.007125180443025111,0.0008669292437390079,1265.0,-0.007230007899730128
7259_liver_sbr_Male_26-U1,sbr,26,tierA_p95,Endothelial,secondary_senescence,35.0,40.0,1025.0,-0.006964487839389377,0.0010034748442676732,961.0,-0.008457294485687291
7259_liver_sbr_Male_26-U1,sbr,26,tierA_p95,Endothelial,secondary_senescence,40.0,45.0,791.0,-0.008978217460097205,0.0011050785839274717,789.0,-0.008766337140875026
7259_liver_sbr_Male_26-U1,sbr,26,tierA_p95,Endothelial,secondary_senescence,45.0,50.0,605.0,-0.008357107478291593,0.0012680798752781118,542.0,-0.009107417051633777
7259_liver_sbr_Male_26-U1,sbr,26,tierA_p95,Endothelial,secondary_senescence,50.0,55.0,427.0,-0.007848501192843468,0.0015521836914358439,359.0,-0.00715593320664056
7259_liver_sbr_Male_26-U1,sbr,26,tierA_p95,Endothelial,secondary_senescence,55.0,60.0,282.0,-0.009888794313465428,0.001954483454007399,290.0,-0.012420413711264826
7259_liver_sbr_Male_26-U1,sbr,26,tierA_p95,Endothelial,secondary_senescence,60.0,65.0,204.0,-0.006731029443792924,0.0022061264272703824,185.0,-0.013360162219819236
7259_liver_sbr_Male_26-U1,sbr,26,tierA_p95,Endothelial,secondary_senescence,65.0,70.0,124.0,-0.012895403258118032,0.0026788038980983214,119.0,-0.004152605097551102
7259_liver_sbr_Male_26-U1,sbr,26,tierA_p95,Endothelial,secondary_senescence,70.0,75.0,58.0,-0.015084137935351965,0.0038122408904932223,73.0,-0.008159726017317416
7259_liver_sbr_Male_26-U1,sbr,26,tierA_p95,Endothelial,secondary_senescence,75.0,80.0,55.0,-0.014651454519480467,0.00317055440540143,46.0,-0.010669130435575347
7259_liver_sbr_Male_26-U1,sbr,26,tierA_p95,Endothelial,secondary_senescence,80.0,85.0,38.0,-0.00813894731139666,0.004856489352528286,32.0,-0.017249375294341007
7259_liver_sbr_Male_26-U1,sbr,26,tierA_p95,Endothelial,secondary_senescence,85.0,90.0,22.0,-0.01141954580618238,0.00626568181643444,18.0,-0.007374444174476796
7259_liver_sbr_Male_26-U1,sbr,26,tierA_p95,Endothelial,secondary_senescence,90.0,95.0,11.0,0.010488181544298475,0.011069941319028775,16.0,-0.014899374858941883
7259_liver_sbr_Male_26-U1,sbr,26,tierA_p95,Endothelial,secondary_senescence,95.0,100.0,4.0,-0.0027000000118277967,0.01342815477566259,31.0,-0.014448709701443272
7259_liver_sbr_Male_26-U1,sbr,26,tierA_p95,Endothelial,tnfa_nfkb_proximal,0.0,5.0,75.0,0.02230733336318129,0.0028861884688570548,709.0,0.021124047911277272
7259_liver_sbr_Male_26-U1,sbr,26,tierA_p95,Endothelial,tnfa_nfkb_proximal,5.0,10.0,1064.0,0.019708580849513747,0.0007296299848665712,918.0,0.01862025055074344
7259_liver_sbr_Male_26-U1,sbr,26,tierA_p95,Endothelial,tnfa_nfkb_proximal,10.0,15.0,1479.0,0.017231054754868504,0.0006134954198861858,1390.0,0.016692482016776714
7259_liver_sbr_Male_26-U1,sbr,26,tierA_p95,Endothelial,tnfa_nfkb_proximal,15.0,20.0,1645.0,0.016134358662634234,0.0005500278315425203,1508.0,0.01636529177319571
7259_liver_sbr_Male_26-U1,sbr,26,tierA_p95,Endothelial,tnfa_nfkb_proximal,20.0,25.0,1601.0,0.015657014387461872,0.0005569404387085005,1551.0,0.016953120585039082
7259_liver_sbr_Male_26-U1,sbr,26,tierA_p95,Endothelial,tnfa_nfkb_proximal,25.0,30.0,1544.0,0.016916373046871384,0.0005973306523950611,1499.0,0.01628948629819167
7259_liver_sbr_Male_26-U1,sbr,26,tierA_p95,Endothelial,tnfa_nfkb_proximal,30.0,35.0,1247.0,0.016517898954410637,0.0006579820865863008,1265.0,0.01560282215259828
7259_liver_sbr_Male_26-U1,sbr,26,tierA_p95,Endothelial,tnfa_nfkb_proximal,35.0,40.0,1025.0,0.015812731709752923,0.0007105423060270317,961.0,0.015219500513736462
7259_liver_sbr_Male_26-U1,sbr,26,tierA_p95,Endothelial,tnfa_nfkb_proximal,40.0,45.0,791.0,0.015545840705450205,0.000827088749369082,789.0,0.01674648925516669
7259_liver_sbr_Male_26-U1,sbr,26,tierA_p95,Endothelial,tnfa_nfkb_proximal,45.0,50.0,605.0,0.016336595036962775,0.0009116048816728039,542.0,0.013936531391006386
7259_liver_sbr_Male_26-U1,sbr,26,tierA_p95,Endothelial,tnfa_nfkb_proximal,50.0,55.0,427.0,0.016068196775603262,0.001061750068719193,359.0,0.01757025067022584
7259_liver_sbr_Male_26-U1,sbr,26,tierA_p95,Endothelial,tnfa_nfkb_proximal,55.0,60.0,282.0,0.014948865268300499,0.0013960842510755862,290.0,0.01416772418134346
7259_liver_sbr_Male_26-U1,sbr,26,tierA_p95,Endothelial,tnfa_nfkb_proximal,60.0,65.0,204.0,0.016529754870776635,0.0016025608006551026,185.0,0.0147465405541093
7259_liver_sbr_Male_26-U1,sbr,26,tierA_p95,Endothelial,tnfa_nfkb_proximal,65.0,70.0,124.0,0.013570403298569633,0.0018831881307934562,119.0,0.013886638759281252
7259_liver_sbr_Male_26-U1,sbr,26,tierA_p95,Endothelial,tnfa_nfkb_proximal,70.0,75.0,58.0,0.010452758529121137,0.0027199229886905193,73.0,0.019121095899345786
7259_liver_sbr_Male_26-U1,sbr,26,tierA_p95,Endothelial,tnfa_nfkb_proximal,75.0,80.0,55.0,0.013461454412159086,0.0026832911566164,46.0,0.010785217504472594
7259_liver_sbr_Male_26-U1,sbr,26,tierA_p95,Endothelial,tnfa_nfkb_proximal,80.0,85.0,38.0,0.013507631630330396,0.0033842206615139685,32.0,0.007822812552831238
7259_liver_sbr_Male_26-U1,sbr,26,tierA_p95,Endothelial,tnfa_nfkb_proximal,85.0,90.0,22.0,0.010252272847785869,0.004238016040518801,18.0,0.011272777660956813
7259_liver_sbr_Male_26-U1,sbr,26,tierA_p95,Endothelial,tnfa_nfkb_proximal,90.0,95.0,11.0,0.02901181790300391,0.00554578218057625,16.0,0.006684374953010774
7259_liver_sbr_Male_26-U1,sbr,26,tierA_p95,Endothelial,tnfa_nfkb_proximal,95.0,100.0,4.0,0.010040000299341045,0.007301278292324296,31.0,0.012059032477648748
7259_liver_sbr_Male_26-U1,sbr,26,tierA_p95,Hepatocytes,downstream_arrest,0.0,5.0,63.0,0.006039841204515791,0.002231192694986974,1541.0,0.0013032122034272462
7259_liver_sbr_Male_26-U1,sbr,26,tierA_p95,Hepatocytes,downstream_arrest,5.0,10.0,1542.0,0.0010253955574419727,0.0003467720820486503,1413.0,0.00043299363932582357
7259_liver_sbr_Male_26-U1,sbr,26,tierA_p95,Hepatocytes,downstream_arrest,10.0,15.0,3690.0,0.0005233983750739258,0.00019515138984705125,3500.0,0.0007119000034685346
7259_liver_sbr_Male_26-U1,sbr,26,tierA_p95,Hepatocytes,downstream_arrest,15.0,20.0,4151.0,0.0005199445928757128,0.00018089475118781103,3965.0,0.00015558385295013299
7259_liver_sbr_Male_26-U1,sbr,26,tierA_p95,Hepatocytes,downstream_arrest,20.0,25.0,3900.0,0.00041208974180802053,0.00018570163109697273,3763.0,0.0004130959241418771
7259_liver_sbr_Male_26-U1,sbr,26,tierA_p95,Hepatocytes,downstream_arrest,25.0,30.0,3577.0,0.000591378247312168,0.0001932198954505008,3481.0,0.0005690203884330004
7259_liver_sbr_Male_26-U1,sbr,26,tierA_p95,Hepatocytes,downstream_arrest,30.0,35.0,3012.0,0.0007926494001045964,0.00021282762612754064,2920.0,0.0014032945182332521
7259_liver_sbr_Male_26-U1,sbr,26,tierA_p95,Hepatocytes,downstream_arrest,35.0,40.0,2397.0,0.001231585313699965,0.0002458832661454358,2365.0,0.0010023509498203079
7259_liver_sbr_Male_26-U1,sbr,26,tierA_p95,Hepatocytes,downstream_arrest,40.0,45.0,1879.0,0.001082373596557082,0.0002660242610124146,1720.0,0.0013665581339113867
7259_liver_sbr_Male_26-U1,sbr,26,tierA_p95,Hepatocytes,downstream_arrest,45.0,50.0,1363.0,0.0011633529052689998,0.00031635116838347506,1219.0,0.0019607055032207455
7259_liver_sbr_Male_26-U1,sbr,26,tierA_p95,Hepatocytes,downstream_arrest,50.0,55.0,1006.0,0.001224960252787225,0.0003449648131849279,889.0,0.001128886392029645
7259_liver_sbr_Male_26-U1,sbr,26,tierA_p95,Hepatocytes,downstream_arrest,55.0,60.0,731.0,0.0025532421273920364,0.000425049380473442,588.0,0.001104795922593334
7259_liver_sbr_Male_26-U1,sbr,26,tierA_p95,Hepatocytes,downstream_arrest,60.0,65.0,432.0,0.0029908102093048473,0.0005233270657410776,428.0,0.002776892524180367
7259_liver_sbr_Male_26-U1,sbr,26,tierA_p95,Hepatocytes,downstream_arrest,65.0,70.0,321.0,0.003419657323983276,0.0006543165657078345,273.0,0.0028834798691345248
7259_liver_sbr_Male_26-U1,sbr,26,tierA_p95,Hepatocytes,downstream_arrest,70.0,75.0,192.0,0.001798385414645054,0.0007453584718030791,176.0,0.002345624977269009
7259_liver_sbr_Male_26-U1,sbr,26,tierA_p95,Hepatocytes,downstream_arrest,75.0,80.0,122.0,0.0038540983454755616,0.001025810126003967,115.0,0.002920173931899784
7259_liver_sbr_Male_26-U1,sbr,26,tierA_p95,Hepatocytes,downstream_arrest,80.0,85.0,87.0,0.0038390804553670734,0.001125437680244089,63.0,0.0046082539974165795
7259_liver_sbr_Male_26-U1,sbr,26,tierA_p95,Hepatocytes,downstream_arrest,85.0,90.0,42.0,0.004320714243346758,0.0015516702016055187,46.0,0.004209565230311178
7259_liver_sbr_Male_26-U1,sbr,26,tierA_p95,Hepatocytes,downstream_arrest,90.0,95.0,35.0,0.006823428519003625,0.0019207832519964334,33.0,0.006735151617304478
7259_liver_sbr_Male_26-U1,sbr,26,tierA_p95,Hepatocytes,downstream_arrest,95.0,100.0,19.0,0.0006563158362711731,0.0036784542876722105,63.0,0.0039230158417633484
7259_liver_sbr_Male_26-U1,sbr,26,tierA_p95,Hepatocytes,emt_ecm,0.0,5.0,63.0,0.02155746039860542,0.0031514808484918756,1541.0,0.01546516547568545
7259_liver_sbr_Male_26-U1,sbr,26,tierA_p95,Hepatocytes,emt_ecm,5.0,10.0,1542.0,0.01748095977913813,0.0006204320899834379,1413.0,0.018930283066971025
7259_liver_sbr_Male_26-U1,sbr,26,tierA_p95,Hepatocytes,emt_ecm,10.0,15.0,3690.0,0.013782791329593824,0.0002941333498702764,3500.0,0.014128337150221342
7259_liver_sbr_Male_26-U1,sbr,26,tierA_p95,Hepatocytes,emt_ecm,15.0,20.0,4151.0,0.013223955665187692,0.00028251755493724224,3965.0,0.012867586397029554
7259_liver_sbr_Male_26-U1,sbr,26,tierA_p95,Hepatocytes,emt_ecm,20.0,25.0,3900.0,0.012793607701132715,0.0002819203569944929,3763.0,0.012608796166872455
7259_liver_sbr_Male_26-U1,sbr,26,tierA_p95,Hepatocytes,emt_ecm,25.0,30.0,3577.0,0.01260084708942917,0.0002930463690442914,3481.0,0.011897342732785376
7259_liver_sbr_Male_26-U1,sbr,26,tierA_p95,Hepatocytes,emt_ecm,30.0,35.0,3012.0,0.012302416996593202,0.00031537559485867714,2920.0,0.01178022602620306
7259_liver_sbr_Male_26-U1,sbr,26,tierA_p95,Hepatocytes,emt_ecm,35.0,40.0,2397.0,0.011876967044381683,0.0003442609601278007,2365.0,0.011834287521039627
7259_liver_sbr_Male_26-U1,sbr,26,tierA_p95,Hepatocytes,emt_ecm,40.0,45.0,1879.0,0.01159572646210708,0.00037901273643805867,1720.0,0.01127498256125131
7259_liver_sbr_Male_26-U1,sbr,26,tierA_p95,Hepatocytes,emt_ecm,45.0,50.0,1363.0,0.010807989741693086,0.00042812512414306113,1219.0,0.010683346986377525
7259_liver_sbr_Male_26-U1,sbr,26,tierA_p95,Hepatocytes,emt_ecm,50.0,55.0,1006.0,0.010670049702030173,0.0005518193324926359,889.0,0.010333554570734716
7259_liver_sbr_Male_26-U1,sbr,26,tierA_p95,Hepatocytes,emt_ecm,55.0,60.0,731.0,0.010236251715267267,0.0006450661355270992,588.0,0.010146632666280256
7259_liver_sbr_Male_26-U1,sbr,26,tierA_p95,Hepatocytes,emt_ecm,60.0,65.0,432.0,0.010714120372355225,0.0009011973724656874,428.0,0.010073177601748922
7259_liver_sbr_Male_26-U1,sbr,26,tierA_p95,Hepatocytes,emt_ecm,65.0,70.0,321.0,0.009751713416392072,0.0009369436918512682,273.0,0.010127362646163577
7259_liver_sbr_Male_26-U1,sbr,26,tierA_p95,Hepatocytes,emt_ecm,70.0,75.0,192.0,0.009674999993402858,0.001263008059013634,176.0,0.008498238629768324
7259_liver_sbr_Male_26-U1,sbr,26,tierA_p95,Hepatocytes,emt_ecm,75.0,80.0,122.0,0.00794401643229992,0.0012358394755327981,115.0,0.006953565194018428
7259_liver_sbr_Male_26-U1,sbr,26,tierA_p95,Hepatocytes,emt_ecm,80.0,85.0,87.0,0.009166781646080768,0.001809005962858861,63.0,0.012809047541056301
7259_liver_sbr_Male_26-U1,sbr,26,tierA_p95,Hepatocytes,emt_ecm,85.0,90.0,42.0,0.0052407141691739,0.002363386850979023,46.0,0.010389565310501695
7259_liver_sbr_Male_26-U1,sbr,26,tierA_p95,Hepatocytes,emt_ecm,90.0,95.0,35.0,0.006513142881781927,0.001596370355577216,33.0,0.011679999973046395
7259_liver_sbr_Male_26-U1,sbr,26,tierA_p95,Hepatocytes,emt_ecm,95.0,100.0,19.0,0.011666842197117052,0.003995895722310685,63.0,0.0069612698083917155
7259_liver_sbr_Male_26-U1,sbr,26,tierA_p95,Hepatocytes,il6_jak_stat3,0.0,5.0,63.0,0.0025579365693764494,0.0037478256135083337,1541.0,-0.009071375724379275
7259_liver_sbr_Male_26-U1,sbr,26,tierA_p95,Hepatocytes,il6_jak_stat3,5.0,10.0,1542.0,-0.007674876788636027,0.0005604494743642868,1413.0,-0.007111224359629513
7259_liver_sbr_Male_26-U1,sbr,26,tierA_p95,Hepatocytes,il6_jak_stat3,10.0,15.0,3690.0,-0.009092696481184987,0.00030884384125715665,3500.0,-0.009113305716891774
7259_liver_sbr_Male_26-U1,sbr,26,tierA_p95,Hepatocytes,il6_jak_stat3,15.0,20.0,4151.0,-0.00916451938612949,0.00027307644836020104,3965.0,-0.009463064319866358
7259_liver_sbr_Male_26-U1,sbr,26,tierA_p95,Hepatocytes,il6_jak_stat3,20.0,25.0,3900.0,-0.009364676918201626,0.000284996776123197,3763.0,-0.00937461067482824
7259_liver_sbr_Male_26-U1,sbr,26,tierA_p95,Hepatocytes,il6_jak_stat3,25.0,30.0,3577.0,-0.009636304166025442,0.00029458681089236026,3481.0,-0.009129411080116596
7259_liver_sbr_Male_26-U1,sbr,26,tierA_p95,Hepatocytes,il6_jak_stat3,30.0,35.0,3012.0,-0.009513917676221503,0.00031330458426381044,2920.0,-0.009850972595668032
7259_liver_sbr_Male_26-U1,sbr,26,tierA_p95,Hepatocytes,il6_jak_stat3,35.0,40.0,2397.0,-0.009969182309545693,0.0003490231449076641,2365.0,-0.009881467232323743
7259_liver_sbr_Male_26-U1,sbr,26,tierA_p95,Hepatocytes,il6_jak_stat3,40.0,45.0,1879.0,-0.010219026067262165,0.00038003227885373414,1720.0,-0.009548197695561993
7259_liver_sbr_Male_26-U1,sbr,26,tierA_p95,Hepatocytes,il6_jak_stat3,45.0,50.0,1363.0,-0.01035125459929853,0.0004476155565556505,1219.0,-0.010026661204599855
7259_liver_sbr_Male_26-U1,sbr,26,tierA_p95,Hepatocytes,il6_jak_stat3,50.0,55.0,1006.0,-0.009679363810129625,0.0005208976040141063,889.0,-0.00977853767843134
7259_liver_sbr_Male_26-U1,sbr,26,tierA_p95,Hepatocytes,il6_jak_stat3,55.0,60.0,731.0,-0.00926610125405655,0.0006075501278738119,588.0,-0.011216190478080534
7259_liver_sbr_Male_26-U1,sbr,26,tierA_p95,Hepatocytes,il6_jak_stat3,60.0,65.0,432.0,-0.011349560174123864,0.0007514379265338995,428.0,-0.010293294363020034
7259_liver_sbr_Male_26-U1,sbr,26,tierA_p95,Hepatocytes,il6_jak_stat3,65.0,70.0,321.0,-0.009292523360051754,0.0009442417707596632,273.0,-0.011486739912114043
7259_liver_sbr_Male_26-U1,sbr,26,tierA_p95,Hepatocytes,il6_jak_stat3,70.0,75.0,192.0,-0.011129427097917718,0.0012480869689263847,176.0,-0.011376420460650976
7259_liver_sbr_Male_26-U1,sbr,26,tierA_p95,Hepatocytes,il6_jak_stat3,75.0,80.0,122.0,-0.00770032781555096,0.0015288090530563485,115.0,-0.011584260903549401
7259_liver_sbr_Male_26-U1,sbr,26,tierA_p95,Hepatocytes,il6_jak_stat3,80.0,85.0,87.0,-0.010130114984516611,0.001886372817798276,63.0,-0.008762063450246518
7259_liver_sbr_Male_26-U1,sbr,26,tierA_p95,Hepatocytes,il6_jak_stat3,85.0,90.0,42.0,-0.012986190489235534,0.002376207368550697,46.0,-0.005723913193872684
7259_liver_sbr_Male_26-U1,sbr,26,tierA_p95,Hepatocytes,il6_jak_stat3,90.0,95.0,35.0,-0.008188857006773884,0.0027529288956197663,33.0,-0.014927272730732731
7259_liver_sbr_Male_26-U1,sbr,26,tierA_p95,Hepatocytes,il6_jak_stat3,95.0,100.0,19.0,-0.011086315762536526,0.0023962908933081715,63.0,-0.012150317500483999
7259_liver_sbr_Male_26-U1,sbr,26,tierA_p95,Hepatocytes,interferon_response,0.0,5.0,63.0,0.01700190474840051,0.0037358401223690943,1541.0,0.006289182358985727
7259_liver_sbr_Male_26-U1,sbr,26,tierA_p95,Hepatocytes,interferon_response,5.0,10.0,1542.0,0.009239539547185557,0.00051172579636318,1413.0,0.009953099768135073
7259_liver_sbr_Male_26-U1,sbr,26,tierA_p95,Hepatocytes,interferon_response,10.0,15.0,3690.0,0.0070328509665679865,0.0002777961097472353,3500.0,0.007085094296373427
7259_liver_sbr_Male_26-U1,sbr,26,tierA_p95,Hepatocytes,interferon_response,15.0,20.0,4151.0,0.006908744877234223,0.00025637565605458434,3965.0,0.0061389861157558736
7259_liver_sbr_Male_26-U1,sbr,26,tierA_p95,Hepatocytes,interferon_response,20.0,25.0,3900.0,0.006145184607938483,0.0002543350157422634,3763.0,0.00678254850956464
7259_liver_sbr_Male_26-U1,sbr,26,tierA_p95,Hepatocytes,interferon_response,25.0,30.0,3577.0,0.0060657226674401,0.0002761070920624168,3481.0,0.00630577707472879
7259_liver_sbr_Male_26-U1,sbr,26,tierA_p95,Hepatocytes,interferon_response,30.0,35.0,3012.0,0.006108087654126622,0.00028663416160545256,2920.0,0.006207472602774992
7259_liver_sbr_Male_26-U1,sbr,26,tierA_p95,Hepatocytes,interferon_response,35.0,40.0,2397.0,0.00606310805503537,0.0003173020681914144,2365.0,0.00573690486896049
7259_liver_sbr_Male_26-U1,sbr,26,tierA_p95,Hepatocytes,interferon_response,40.0,45.0,1879.0,0.005549505072293902,0.00035593147089863734,1720.0,0.005682918606313717
7259_liver_sbr_Male_26-U1,sbr,26,tierA_p95,Hepatocytes,interferon_response,45.0,50.0,1363.0,0.005442421131209214,0.00040963333397404846,1219.0,0.005058326512327134
7259_liver_sbr_Male_26-U1,sbr,26,tierA_p95,Hepatocytes,interferon_response,50.0,55.0,1006.0,0.005083051685320626,0.000467303919380933,889.0,0.005275871756182985
7259_liver_sbr_Male_26-U1,sbr,26,tierA_p95,Hepatocytes,interferon_response,55.0,60.0,731.0,0.005433488366828979,0.0005655231905939349,588.0,0.005183180248126036
7259_liver_sbr_Male_26-U1,sbr,26,tierA_p95,Hepatocytes,interferon_response,60.0,65.0,432.0,0.0036563888570189766,0.0007318861286502084,428.0,0.0052702336631151305
7259_liver_sbr_Male_26-U1,sbr,26,tierA_p95,Hepatocytes,interferon_response,65.0,70.0,321.0,0.0059783800736391,0.0009688708014194747,273.0,0.0058838095565112445
7259_liver_sbr_Male_26-U1,sbr,26,tierA_p95,Hepatocytes,interferon_response,70.0,75.0,192.0,0.0037916146159773234,0.001075241849341502,176.0,0.0029717044964689358
7259_liver_sbr_Male_26-U1,sbr,26,tierA_p95,Hepatocytes,interferon_response,75.0,80.0,122.0,0.006663524595468083,0.001523168248657664,115.0,0.00346243474442694
7259_liver_sbr_Male_26-U1,sbr,26,tierA_p95,Hepatocytes,interferon_response,80.0,85.0,87.0,0.003170000018729914,0.0017778954422086315,63.0,0.003078888867527158
7259_liver_sbr_Male_26-U1,sbr,26,tierA_p95,Hepatocytes,interferon_response,85.0,90.0,42.0,0.002443571492525128,0.0018086204543339875,46.0,0.004242391364760292
7259_liver_sbr_Male_26-U1,sbr,26,tierA_p95,Hepatocytes,interferon_response,90.0,95.0,35.0,0.002253142835356162,0.0024615656197541115,33.0,0.0011699998866595597
7259_liver_sbr_Male_26-U1,sbr,26,tierA_p95,Hepatocytes,interferon_response,95.0,100.0,19.0,0.0013847367617448693,0.003105595482276083,63.0,0.0007239683006431848
7259_liver_sbr_Male_26-U1,sbr,26,tierA_p95,Hepatocytes,oxidative_stress,0.0,5.0,63.0,0.07838968260376344,0.007269925296853846,1541.0,0.09727654110070562
7259_liver_sbr_Male_26-U1,sbr,26,tierA_p95,Hepatocytes,oxidative_stress,5.0,10.0,1542.0,0.09674379366616707,0.0012522043679570247,1413.0,0.09702786978953484
7259_liver_sbr_Male_26-U1,sbr,26,tierA_p95,Hepatocytes,oxidative_stress,10.0,15.0,3690.0,0.09975900000218696,0.0006838769638922718,3500.0,0.10083636293834675
7259_liver_sbr_Male_26-U1,sbr,26,tierA_p95,Hepatocytes,oxidative_stress,15.0,20.0,4151.0,0.09999385933330142,0.00063591635825887,3965.0,0.10133882220951937
7259_liver_sbr_Male_26-U1,sbr,26,tierA_p95,Hepatocytes,oxidative_stress,20.0,25.0,3900.0,0.10088549478343711,0.0006312250402720547,3763.0,0.10090580118184071
7259_liver_sbr_Male_26-U1,sbr,26,tierA_p95,Hepatocytes,oxidative_stress,25.0,30.0,3577.0,0.10152043323837368,0.000674939521558595,3481.0,0.10207005171267465
7259_liver_sbr_Male_26-U1,sbr,26,tierA_p95,Hepatocytes,oxidative_stress,30.0,35.0,3012.0,0.10169386123696501,0.0007388511779608161,2920.0,0.10124097595736913
7259_liver_sbr_Male_26-U1,sbr,26,tierA_p95,Hepatocytes,oxidative_stress,35.0,40.0,2397.0,0.10181533164149682,0.0007894141052750142,2365.0,0.09980811833797307
7259_liver_sbr_Male_26-U1,sbr,26,tierA_p95,Hepatocytes,oxidative_stress,40.0,45.0,1879.0,0.10297102709143448,0.0009125759901545255,1720.0,0.1025359360042954
7259_liver_sbr_Male_26-U1,sbr,26,tierA_p95,Hepatocytes,oxidative_stress,45.0,50.0,1363.0,0.10135454148208739,0.001076613022692796,1219.0,0.10187360946008045
7259_liver_sbr_Male_26-U1,sbr,26,tierA_p95,Hepatocytes,oxidative_stress,50.0,55.0,1006.0,0.10164516903696097,0.0011750883758730832,889.0,0.10133574796129223
7259_liver_sbr_Male_26-U1,sbr,26,tierA_p95,Hepatocytes,oxidative_stress,55.0,60.0,731.0,0.1027801779677541,0.0014192314756392517,588.0,0.1025679081591871
7259_liver_sbr_Male_26-U1,sbr,26,tierA_p95,Hepatocytes,oxidative_stress,60.0,65.0,432.0,0.1046941436232171,0.0016841360949980961,428.0,0.10487310750797287
7259_liver_sbr_Male_26-U1,sbr,26,tierA_p95,Hepatocytes,oxidative_stress,65.0,70.0,321.0,0.10284878495599019,0.0019347596416943549,273.0,0.10558069573080801
7259_liver_sbr_Male_26-U1,sbr,26,tierA_p95,Hepatocytes,oxidative_stress,70.0,75.0,192.0,0.10651880223061501,0.0027813953595216302,176.0,0.1068435795076022
7259_liver_sbr_Male_26-U1,sbr,26,tierA_p95,Hepatocytes,oxidative_stress,75.0,80.0,122.0,0.10653016380355006,0.0027556810279149224,115.0,0.0994623476072498
7259_liver_sbr_Male_26-U1,sbr,26,tierA_p95,Hepatocytes,oxidative_stress,80.0,85.0,87.0,0.10550862034226115,0.0043433792553456375,63.0,0.10542825433529085
7259_liver_sbr_Male_26-U1,sbr,26,tierA_p95,Hepatocytes,oxidative_stress,85.0,90.0,42.0,0.11062881046728719,0.005205201511545441,46.0,0.10219804355469735
7259_liver_sbr_Male_26-U1,sbr,26,tierA_p95,Hepatocytes,oxidative_stress,90.0,95.0,35.0,0.10130542926490307,0.006484168258896664,33.0,0.092220605576806
7259_liver_sbr_Male_26-U1,sbr,26,tierA_p95,Hepatocytes,oxidative_stress,95.0,100.0,19.0,0.10341526244423892,0.008392297163181427,63.0,0.10454206313523981
7259_liver_sbr_Male_26-U1,sbr,26,tierA_p95,Hepatocytes,secondary_senescence,0.0,5.0,63.0,-0.006099523992152027,0.004552732503638726,1541.0,-0.017928695611528964
7259_liver_sbr_Male_26-U1,sbr,26,tierA_p95,Hepatocytes,secondary_senescence,5.0,10.0,1542.0,-0.015705674421261615,0.0006651762785488477,1413.0,-0.014303913652923637
7259_liver_sbr_Male_26-U1,sbr,26,tierA_p95,Hepatocytes,secondary_senescence,10.0,15.0,3690.0,-0.019407720863746165,0.00035771191620848113,3500.0,-0.0187874200011668
7259_liver_sbr_Male_26-U1,sbr,26,tierA_p95,Hepatocytes,secondary_senescence,15.0,20.0,4151.0,-0.019316461088335422,0.00033265523906003707,3965.0,-0.020244438841232004
7259_liver_sbr_Male_26-U1,sbr,26,tierA_p95,Hepatocytes,secondary_senescence,20.0,25.0,3900.0,-0.020298628198374316,0.00032936025887456507,3763.0,-0.019686989113580383
7259_liver_sbr_Male_26-U1,sbr,26,tierA_p95,Hepatocytes,secondary_senescence,25.0,30.0,3577.0,-0.019345127184295503,0.00034905838152570287,3481.0,-0.019799758692141612
7259_liver_sbr_Male_26-U1,sbr,26,tierA_p95,Hepatocytes,secondary_senescence,30.0,35.0,3012.0,-0.019875488063593447,0.0003760949135541465,2920.0,-0.020138839030131164
7259_liver_sbr_Male_26-U1,sbr,26,tierA_p95,Hepatocytes,secondary_senescence,35.0,40.0,2397.0,-0.019924751784369008,0.0004186556129523382,2365.0,-0.019928122607268242
7259_liver_sbr_Male_26-U1,sbr,26,tierA_p95,Hepatocytes,secondary_senescence,40.0,45.0,1879.0,-0.019837418830710177,0.00047120076245571956,1720.0,-0.020079994173112597
7259_liver_sbr_Male_26-U1,sbr,26,tierA_p95,Hepatocytes,secondary_senescence,45.0,50.0,1363.0,-0.020236889213542972,0.0005351374645333823,1219.0,-0.020381591471667366
7259_liver_sbr_Male_26-U1,sbr,26,tierA_p95,Hepatocytes,secondary_senescence,50.0,55.0,1006.0,-0.02069245527204377,0.0005998437093231793,889.0,-0.020748301485030037
7259_liver_sbr_Male_26-U1,sbr,26,tierA_p95,Hepatocytes,secondary_senescence,55.0,60.0,731.0,-0.01963372091907962,0.0006912902274484921,588.0,-0.02100602038285151
7259_liver_sbr_Male_26-U1,sbr,26,tierA_p95,Hepatocytes,secondary_senescence,60.0,65.0,432.0,-0.020302384267661518,0.00101992127331996,428.0,-0.02076957942571315
7259_liver_sbr_Male_26-U1,sbr,26,tierA_p95,Hepatocytes,secondary_senescence,65.0,70.0,321.0,-0.019767570109059454,0.0011335371691356753,273.0,-0.019307912123835588
7259_liver_sbr_Male_26-U1,sbr,26,tierA_p95,Hepatocytes,secondary_senescence,70.0,75.0,192.0,-0.023248281273102595,0.0012825909838267595,176.0,-0.022473636345776784
7259_liver_sbr_Male_26-U1,sbr,26,tierA_p95,Hepatocytes,secondary_senescence,75.0,80.0,122.0,-0.023220081910725728,0.0015345514156085416,115.0,-0.02188800012505532
7259_liver_sbr_Male_26-U1,sbr,26,tierA_p95,Hepatocytes,secondary_senescence,80.0,85.0,87.0,-0.020965057444770757,0.001763212921322702,63.0,-0.022159523716832084
7259_liver_sbr_Male_26-U1,sbr,26,tierA_p95,Hepatocytes,secondary_senescence,85.0,90.0,42.0,-0.02090619044334051,0.00245801778018019,46.0,-0.026304347822746342
7259_liver_sbr_Male_26-U1,sbr,26,tierA_p95,Hepatocytes,secondary_senescence,90.0,95.0,35.0,-0.019491142814513297,0.0027959180889843426,33.0,-0.022670606038335598
7259_liver_sbr_Male_26-U1,sbr,26,tierA_p95,Hepatocytes,secondary_senescence,95.0,100.0,19.0,-0.02510473720337215,0.00483918179071193,63.0,-0.02721317452267699
7259_liver_sbr_Male_26-U1,sbr,26,tierA_p95,Hepatocytes,tnfa_nfkb_proximal,0.0,5.0,63.0,0.007456984206718127,0.0028992563611991064,1541.0,-0.0004985139468009569
7259_liver_sbr_Male_26-U1,sbr,26,tierA_p95,Hepatocytes,tnfa_nfkb_proximal,5.0,10.0,1542.0,-0.00023956548808087505,0.000426845683420776,1413.0,0.0010008775920172385
7259_liver_sbr_Male_26-U1,sbr,26,tierA_p95,Hepatocytes,tnfa_nfkb_proximal,10.0,15.0,3690.0,-7.27994583185802e-05,0.00023599472563863282,3500.0,-7.268572074722865e-05
7259_liver_sbr_Male_26-U1,sbr,26,tierA_p95,Hepatocytes,tnfa_nfkb_proximal,15.0,20.0,4151.0,-6.517465156414679e-05,0.0002240625294939989,3965.0,-0.0004353896599845543
7259_liver_sbr_Male_26-U1,sbr,26,tierA_p95,Hepatocytes,tnfa_nfkb_proximal,20.0,25.0,3900.0,-0.0005328820454740661,0.00021124446560478755,3763.0,-0.0003849269194602972
7259_liver_sbr_Male_26-U1,sbr,26,tierA_p95,Hepatocytes,tnfa_nfkb_proximal,25.0,30.0,3577.0,-0.0002981884280125504,0.00022970357049291673,3481.0,-0.00018948865863016842
7259_liver_sbr_Male_26-U1,sbr,26,tierA_p95,Hepatocytes,tnfa_nfkb_proximal,30.0,35.0,3012.0,-0.0005260358537181425,0.0002489253258119523,2920.0,-0.0007022191757853649
7259_liver_sbr_Male_26-U1,sbr,26,tierA_p95,Hepatocytes,tnfa_nfkb_proximal,35.0,40.0,2397.0,-0.00034256988983831494,0.00028279515664939036,2365.0,-0.0001589344613554092
7259_liver_sbr_Male_26-U1,sbr,26,tierA_p95,Hepatocytes,tnfa_nfkb_proximal,40.0,45.0,1879.0,-0.0005743959620396874,0.0002966459907045703,1720.0,-0.0004548255696601362
7259_liver_sbr_Male_26-U1,sbr,26,tierA_p95,Hepatocytes,tnfa_nfkb_proximal,45.0,50.0,1363.0,-0.0008201760949974969,0.0003612577508029643,1219.0,-0.001031837571197496
7259_liver_sbr_Male_26-U1,sbr,26,tierA_p95,Hepatocytes,tnfa_nfkb_proximal,50.0,55.0,1006.0,-0.0008833200668674076,0.00040735025518571713,889.0,-0.0004166816690712693
7259_liver_sbr_Male_26-U1,sbr,26,tierA_p95,Hepatocytes,tnfa_nfkb_proximal,55.0,60.0,731.0,4.58139678285054e-05,0.0005192951607230318,588.0,-0.0008702550797593454
7259_liver_sbr_Male_26-U1,sbr,26,tierA_p95,Hepatocytes,tnfa_nfkb_proximal,60.0,65.0,432.0,-0.0012342592679622747,0.0006332841357064464,428.0,-0.0012169859751381164
7259_liver_sbr_Male_26-U1,sbr,26,tierA_p95,Hepatocytes,tnfa_nfkb_proximal,65.0,70.0,321.0,-0.0013200311222818326,0.0007300269208232851,273.0,-0.0007649084341426802
7259_liver_sbr_Male_26-U1,sbr,26,tierA_p95,Hepatocytes,tnfa_nfkb_proximal,70.0,75.0,192.0,-0.0014948958249950313,0.000969578759801021,176.0,-0.0007451136115460857
7259_liver_sbr_Male_26-U1,sbr,26,tierA_p95,Hepatocytes,tnfa_nfkb_proximal,75.0,80.0,122.0,0.002477295052664036,0.001401158797659802,115.0,0.000472260848998659
7259_liver_sbr_Male_26-U1,sbr,26,tierA_p95,Hepatocytes,tnfa_nfkb_proximal,80.0,85.0,87.0,2.114946983056143e-05,0.0013343895831801173,63.0,-0.0030087302522068577
7259_liver_sbr_Male_26-U1,sbr,26,tierA_p95,Hepatocytes,tnfa_nfkb_proximal,85.0,90.0,42.0,-0.003323333362849163,0.0017782841819570733,46.0,-0.0023784782641324336
7259_liver_sbr_Male_26-U1,sbr,26,tierA_p95,Hepatocytes,tnfa_nfkb_proximal,90.0,95.0,35.0,-0.0016791429044263038,0.00225472584240806,33.0,-0.0031596969206337676
7259_liver_sbr_Male_26-U1,sbr,26,tierA_p95,Hepatocytes,tnfa_nfkb_proximal,95.0,100.0,19.0,0.0005668419609336477,0.003165880145980024,63.0,-0.002664285710096241
7259_liver_sbr_Male_26-U1,sbr,26,tierA_p95,Macrophages,downstream_arrest,0.0,5.0,116.0,-0.0034403448390266616,0.001512834157413244,748.0,-0.004152058810712547
7259_liver_sbr_Male_26-U1,sbr,26,tierA_p95,Macrophages,downstream_arrest,5.0,10.0,1551.0,-0.003973223734693947,0.00040895324437345646,1514.0,-0.0039499405369163255
7259_liver_sbr_Male_26-U1,sbr,26,tierA_p95,Macrophages,downstream_arrest,10.0,15.0,1730.0,-0.0036943988617183406,0.00038509021161474877,1716.0,-0.003894423093551414
7259_liver_sbr_Male_26-U1,sbr,26,tierA_p95,Macrophages,downstream_arrest,15.0,20.0,1752.0,-0.0037640810307460444,0.000367373084408519,1666.0,-0.0032656782797600213
7259_liver_sbr_Male_26-U1,sbr,26,tierA_p95,Macrophages,downstream_arrest,20.0,25.0,1589.0,-0.0031122404240187932,0.00040966237928306365,1527.0,-0.0033291159191398472
7259_liver_sbr_Male_26-U1,sbr,26,tierA_p95,Macrophages,downstream_arrest,25.0,30.0,1471.0,-0.0029868456818076578,0.00040022134344048696,1406.0,-0.0029705476588433376
7259_liver_sbr_Male_26-U1,sbr,26,tierA_p95,Macrophages,downstream_arrest,30.0,35.0,1198.0,-0.0033892571008161967,0.00048106254246413306,1125.0,-0.0030715111046350405
7259_liver_sbr_Male_26-U1,sbr,26,tierA_p95,Macrophages,downstream_arrest,35.0,40.0,944.0,-0.0030666419431897448,0.0004894636306128878,854.0,-0.0026459016541446915
7259_liver_sbr_Male_26-U1,sbr,26,tierA_p95,Macrophages,downstream_arrest,40.0,45.0,649.0,-0.004113281968317918,0.0006274509849353248,622.0,-0.0019777009835510915
7259_liver_sbr_Male_26-U1,sbr,26,tierA_p95,Macrophages,downstream_arrest,45.0,50.0,477.0,-0.0011016771549325895,0.0007378122500785961,420.0,-0.0031699047525329486
7259_liver_sbr_Male_26-U1,sbr,26,tierA_p95,Macrophages,downstream_arrest,50.0,55.0,371.0,-0.0023095148102770372,0.0007493250464711263,315.0,-0.002111269831140008
7259_liver_sbr_Male_26-U1,sbr,26,tierA_p95,Macrophages,downstream_arrest,55.0,60.0,230.0,-0.001059391350139302,0.0011682248774273988,222.0,-0.0032550901058064417
7259_liver_sbr_Male_26-U1,sbr,26,tierA_p95,Macrophages,downstream_arrest,60.0,65.0,155.0,-0.0007817419191856208,0.0011814800437792547,154.0,-0.00014545452335392814
7259_liver_sbr_Male_26-U1,sbr,26,tierA_p95,Macrophages,downstream_arrest,65.0,70.0,120.0,0.00029808335239067674,0.001296806292259785,88.0,0.0007503409209345012
7259_liver_sbr_Male_26-U1,sbr,26,tierA_p95,Macrophages,downstream_arrest,70.0,75.0,75.0,0.0042841334361582994,0.0021490108013289895,51.0,0.002642745120158675
7259_liver_sbr_Male_26-U1,sbr,26,tierA_p95,Macrophages,downstream_arrest,75.0,80.0,44.0,-0.0019893181081649595,0.002536921724685599,39.0,0.003637179484567008
7259_liver_sbr_Male_26-U1,sbr,26,tierA_p95,Macrophages,downstream_arrest,80.0,85.0,32.0,-0.00045843751104257535,0.002717057789793835,27.0,-0.0035448148868184675
7259_liver_sbr_Male_26-U1,sbr,26,tierA_p95,Macrophages,downstream_arrest,85.0,90.0,22.0,0.0005245454429479486,0.005538509713989955,15.0,0.0007073332866032919
7259_liver_sbr_Male_26-U1,sbr,26,tierA_p95,Macrophages,downstream_arrest,90.0,95.0,12.0,0.004020000128851582,0.0036924171556626433,13.0,0.0038030769747610274
7259_liver_sbr_Male_26-U1,sbr,26,tierA_p95,Macrophages,downstream_arrest,95.0,100.0,5.0,0.0029640001244843005,0.006272835619056693,21.0,-0.0037999999393442912
7259_liver_sbr_Male_26-U1,sbr,26,tierA_p95,Macrophages,emt_ecm,0.0,5.0,116.0,0.04911681016039501,0.003375778981853745,748.0,0.04822509359973263
7259_liver_sbr_Male_26-U1,sbr,26,tierA_p95,Macrophages,emt_ecm,5.0,10.0,1551.0,0.04772068984161656,0.0008532379081800154,1514.0,0.04813353361046445
7259_liver_sbr_Male_26-U1,sbr,26,tierA_p95,Macrophages,emt_ecm,10.0,15.0,1730.0,0.045882329537734766,0.0007972639000774316,1716.0,0.04582984262512448
7259_liver_sbr_Male_26-U1,sbr,26,tierA_p95,Macrophages,emt_ecm,15.0,20.0,1752.0,0.04365953192516154,0.0007584408387948393,1666.0,0.04348305526389809
7259_liver_sbr_Male_26-U1,sbr,26,tierA_p95,Macrophages,emt_ecm,20.0,25.0,1589.0,0.043500981755749596,0.0007935273876649221,1527.0,0.044237825819829796
7259_liver_sbr_Male_26-U1,sbr,26,tierA_p95,Macrophages,emt_ecm,25.0,30.0,1471.0,0.04186065266127205,0.0008096494960162356,1406.0,0.041354687042224225
7259_liver_sbr_Male_26-U1,sbr,26,tierA_p95,Macrophages,emt_ecm,30.0,35.0,1198.0,0.043596252141601545,0.0009294393004790588,1125.0,0.042929093335988
7259_liver_sbr_Male_26-U1,sbr,26,tierA_p95,Macrophages,emt_ecm,35.0,40.0,944.0,0.042666726665413726,0.0010189770549686539,854.0,0.03983855978867617
7259_liver_sbr_Male_26-U1,sbr,26,tierA_p95,Macrophages,emt_ecm,40.0,45.0,649.0,0.04116043152008403,0.0012198989866287944,622.0,0.039972588495434475
7259_liver_sbr_Male_26-U1,sbr,26,tierA_p95,Macrophages,emt_ecm,45.0,50.0,477.0,0.04163763095753851,0.0013992265783189888,420.0,0.04023933338328442
7259_liver_sbr_Male_26-U1,sbr,26,tierA_p95,Macrophages,emt_ecm,50.0,55.0,371.0,0.039802857193346836,0.0016221946129735686,315.0,0.03901073023813614
7259_liver_sbr_Male_26-U1,sbr,26,tierA_p95,Macrophages,emt_ecm,55.0,60.0,230.0,0.033176130320340315,0.001902047596320183,222.0,0.03315909916082993
7259_liver_sbr_Male_26-U1,sbr,26,tierA_p95,Macrophages,emt_ecm,60.0,65.0,155.0,0.03583374192741992,0.0023427722265478507,154.0,0.037464350635236295
7259_liver_sbr_Male_26-U1,sbr,26,tierA_p95,Macrophages,emt_ecm,65.0,70.0,120.0,0.035061499994723515,0.0026814126403085646,88.0,0.03519284098030601
7259_liver_sbr_Male_26-U1,sbr,26,tierA_p95,Macrophages,emt_ecm,70.0,75.0,75.0,0.030580666644188265,0.0034139442380336535,51.0,0.03363215689565621
7259_liver_sbr_Male_26-U1,sbr,26,tierA_p95,Macrophages,emt_ecm,75.0,80.0,44.0,0.03202545470743313,0.00481758327749618,39.0,0.03234179486604168
7259_liver_sbr_Male_26-U1,sbr,26,tierA_p95,Macrophages,emt_ecm,80.0,85.0,32.0,0.028168124867079314,0.004430454589594761,27.0,0.020517037206984782
7259_liver_sbr_Male_26-U1,sbr,26,tierA_p95,Macrophages,emt_ecm,85.0,90.0,22.0,0.02250090924049304,0.004235034702850315,15.0,0.025581332917014758
7259_liver_sbr_Male_26-U1,sbr,26,tierA_p95,Macrophages,emt_ecm,90.0,95.0,12.0,0.02346833309275098,0.004421386519703893,13.0,0.023310769049343295
7259_liver_sbr_Male_26-U1,sbr,26,tierA_p95,Macrophages,emt_ecm,95.0,100.0,5.0,0.04820399880409241,0.014324126771709153,21.0,0.028454285170439454
7259_liver_sbr_Male_26-U1,sbr,26,tierA_p95,Macrophages,il6_jak_stat3,0.0,5.0,116.0,0.04252672409598619,0.003448965293487958,748.0,0.03955118983091833
7259_liver_sbr_Male_26-U1,sbr,26,tierA_p95,Macrophages,il6_jak_stat3,5.0,10.0,1551.0,0.0367085170186936,0.0009088504386037357,1514.0,0.03668972918803606
7259_liver_sbr_Male_26-U1,sbr,26,tierA_p95,Macrophages,il6_jak_stat3,10.0,15.0,1730.0,0.035974618503878134,0.0008782892614099099,1716.0,0.03216016318562158
7259_liver_sbr_Male_26-U1,sbr,26,tierA_p95,Macrophages,il6_jak_stat3,15.0,20.0,1752.0,0.03445748285069231,0.0008809381462450909,1666.0,0.035628265271734474
7259_liver_sbr_Male_26-U1,sbr,26,tierA_p95,Macrophages,il6_jak_stat3,20.0,25.0,1589.0,0.034065909372342384,0.0008960365123207078,1527.0,0.03496963332044703
7259_liver_sbr_Male_26-U1,sbr,26,tierA_p95,Macrophages,il6_jak_stat3,25.0,30.0,1471.0,0.033378946354441094,0.0009413047692136691,1406.0,0.035382119498313234
7259_liver_sbr_Male_26-U1,sbr,26,tierA_p95,Macrophages,il6_jak_stat3,30.0,35.0,1198.0,0.03425297165915424,0.0010327791434846761,1125.0,0.03329281781649398
7259_liver_sbr_Male_26-U1,sbr,26,tierA_p95,Macrophages,il6_jak_stat3,35.0,40.0,944.0,0.03334425852910684,0.001265136167112645,854.0,0.033314765754762735
7259_liver_sbr_Male_26-U1,sbr,26,tierA_p95,Macrophages,il6_jak_stat3,40.0,45.0,649.0,0.033099352833983985,0.001411921308912689,622.0,0.0335406913562935
7259_liver_sbr_Male_26-U1,sbr,26,tierA_p95,Macrophages,il6_jak_stat3,45.0,50.0,477.0,0.03418714887143696,0.0016414716239346626,420.0,0.03333259535212987
7259_liver_sbr_Male_26-U1,sbr,26,tierA_p95,Macrophages,il6_jak_stat3,50.0,55.0,371.0,0.03364706208023043,0.0018508104637798956,315.0,0.0345057142474125
7259_liver_sbr_Male_26-U1,sbr,26,tierA_p95,Macrophages,il6_jak_stat3,55.0,60.0,230.0,0.03302813033491396,0.0021725113790036473,222.0,0.029610585398643766
7259_liver_sbr_Male_26-U1,sbr,26,tierA_p95,Macrophages,il6_jak_stat3,60.0,65.0,155.0,0.03255406452803835,0.002889946230904852,154.0,0.031559350594194825
7259_liver_sbr_Male_26-U1,sbr,26,tierA_p95,Macrophages,il6_jak_stat3,65.0,70.0,120.0,0.03910916679063424,0.0033228676415079346,88.0,0.032578068148392376
7259_liver_sbr_Male_26-U1,sbr,26,tierA_p95,Macrophages,il6_jak_stat3,70.0,75.0,75.0,0.04237919985006253,0.0045383002130364,51.0,0.03939019618829822
7259_liver_sbr_Male_26-U1,sbr,26,tierA_p95,Macrophages,il6_jak_stat3,75.0,80.0,44.0,0.04171977275539327,0.005282284920041653,39.0,0.034678461556979574
7259_liver_sbr_Male_26-U1,sbr,26,tierA_p95,Macrophages,il6_jak_stat3,80.0,85.0,32.0,0.035887499775071774,0.0059189990249469545,27.0,0.04305444426696609
7259_liver_sbr_Male_26-U1,sbr,26,tierA_p95,Macrophages,il6_jak_stat3,85.0,90.0,22.0,0.03708636400882493,0.009118052817768013,15.0,0.05596333335464199
7259_liver_sbr_Male_26-U1,sbr,26,tierA_p95,Macrophages,il6_jak_stat3,90.0,95.0,12.0,0.053915000054985285,0.011248550025794767,13.0,0.051830769480707556
7259_liver_sbr_Male_26-U1,sbr,26,tierA_p95,Macrophages,il6_jak_stat3,95.0,100.0,5.0,0.023990000411868096,0.011285536795082606,21.0,0.036822857069117684
7259_liver_sbr_Male_26-U1,sbr,26,tierA_p95,Macrophages,interferon_response,0.0,5.0,116.0,0.06740405188454666,0.0036816949849403746,748.0,0.06562632355142702
7259_liver_sbr_Male_26-U1,sbr,26,tierA_p95,Macrophages,interferon_response,5.0,10.0,1551.0,0.06077112828422811,0.0009121239963910619,1514.0,0.06031881769219774
7259_liver_sbr_Male_26-U1,sbr,26,tierA_p95,Macrophages,interferon_response,10.0,15.0,1730.0,0.060470133011078016,0.0008557649109620541,1716.0,0.05900377040612376
7259_liver_sbr_Male_26-U1,sbr,26,tierA_p95,Macrophages,interferon_response,15.0,20.0,1752.0,0.05956269981404509,0.0008496783588927096,1666.0,0.06068486803612751
7259_liver_sbr_Male_26-U1,sbr,26,tierA_p95,Macrophages,interferon_response,20.0,25.0,1589.0,0.059943234766310936,0.0008708194006674689,1527.0,0.05960525212344706
7259_liver_sbr_Male_26-U1,sbr,26,tierA_p95,Macrophages,interferon_response,25.0,30.0,1471.0,0.05990757992782798,0.0009063552653862734,1406.0,0.05892584632460662
7259_liver_sbr_Male_26-U1,sbr,26,tierA_p95,Macrophages,interferon_response,30.0,35.0,1198.0,0.058555525783396935,0.0010672294062060697,1125.0,0.06042098664895942
7259_liver_sbr_Male_26-U1,sbr,26,tierA_p95,Macrophages,interferon_response,35.0,40.0,944.0,0.0581470549772718,0.0011596197071183252,854.0,0.056162412202612644
7259_liver_sbr_Male_26-U1,sbr,26,tierA_p95,Macrophages,interferon_response,40.0,45.0,649.0,0.05798707230565189,0.001384361334374364,622.0,0.05773464631004943
7259_liver_sbr_Male_26-U1,sbr,26,tierA_p95,Macrophages,interferon_response,45.0,50.0,477.0,0.05787402529094224,0.001559903754736493,420.0,0.05753254759349927
7259_liver_sbr_Male_26-U1,sbr,26,tierA_p95,Macrophages,interferon_response,50.0,55.0,371.0,0.05713725068321556,0.0018255389881342106,315.0,0.059786126779998464
7259_liver_sbr_Male_26-U1,sbr,26,tierA_p95,Macrophages,interferon_response,55.0,60.0,230.0,0.05365278269638783,0.002289182470348948,222.0,0.05661207228282315
7259_liver_sbr_Male_26-U1,sbr,26,tierA_p95,Macrophages,interferon_response,60.0,65.0,155.0,0.06030948394458861,0.0030628444172690244,154.0,0.055386298757857964
7259_liver_sbr_Male_26-U1,sbr,26,tierA_p95,Macrophages,interferon_response,65.0,70.0,120.0,0.0663241665572059,0.003711617169687801,88.0,0.05408659085977971
7259_liver_sbr_Male_26-U1,sbr,26,tierA_p95,Macrophages,interferon_response,70.0,75.0,75.0,0.060859999808793266,0.003991710048787864,51.0,0.05404254898209782
7259_liver_sbr_Male_26-U1,sbr,26,tierA_p95,Macrophages,interferon_response,75.0,80.0,44.0,0.07219931872730906,0.005290845274739588,39.0,0.061608461615366816
7259_liver_sbr_Male_26-U1,sbr,26,tierA_p95,Macrophages,interferon_response,80.0,85.0,32.0,0.06099218729650602,0.004972195832056944,27.0,0.06985222289545669
7259_liver_sbr_Male_26-U1,sbr,26,tierA_p95,Macrophages,interferon_response,85.0,90.0,22.0,0.060016818048263136,0.007595224152752326,15.0,0.06405733351906141
7259_liver_sbr_Male_26-U1,sbr,26,tierA_p95,Macrophages,interferon_response,90.0,95.0,12.0,0.0633591662432688,0.01076915813923412,13.0,0.07923615322663234
7259_liver_sbr_Male_26-U1,sbr,26,tierA_p95,Macrophages,interferon_response,95.0,100.0,5.0,0.06119400090537965,0.017256172721047142,21.0,0.05973285707434462
7259_liver_sbr_Male_26-U1,sbr,26,tierA_p95,Macrophages,oxidative_stress,0.0,5.0,116.0,0.052569913833426185,0.005097225712196844,748.0,0.07302284737191496
7259_liver_sbr_Male_26-U1,sbr,26,tierA_p95,Macrophages,oxidative_stress,5.0,10.0,1551.0,0.07404940685741891,0.0014137845593056508,1514.0,0.07393165126692637
7259_liver_sbr_Male_26-U1,sbr,26,tierA_p95,Macrophages,oxidative_stress,10.0,15.0,1730.0,0.07907999992212301,0.0013580253729631672,1716.0,0.07872499999797845
7259_liver_sbr_Male_26-U1,sbr,26,tierA_p95,Macrophages,oxidative_stress,15.0,20.0,1752.0,0.08313227733607292,0.0013293943113344229,1666.0,0.07982777917966799
7259_liver_sbr_Male_26-U1,sbr,26,tierA_p95,Macrophages,oxidative_stress,20.0,25.0,1589.0,0.08099672122360055,0.0013920617515520207,1527.0,0.08175700716864923
7259_liver_sbr_Male_26-U1,sbr,26,tierA_p95,Macrophages,oxidative_stress,25.0,30.0,1471.0,0.0834531747105546,0.0014362749153921696,1406.0,0.0847840398081764
7259_liver_sbr_Male_26-U1,sbr,26,tierA_p95,Macrophages,oxidative_stress,30.0,35.0,1198.0,0.0812094240157122,0.001599685391430209,1125.0,0.08247317334647394
7259_liver_sbr_Male_26-U1,sbr,26,tierA_p95,Macrophages,oxidative_stress,35.0,40.0,944.0,0.086799141962775,0.0017734702197760351,854.0,0.08948695556170608
7259_liver_sbr_Male_26-U1,sbr,26,tierA_p95,Macrophages,oxidative_stress,40.0,45.0,649.0,0.08411922957384377,0.0022415316612610908,622.0,0.09071874594779301
7259_liver_sbr_Male_26-U1,sbr,26,tierA_p95,Macrophages,oxidative_stress,45.0,50.0,477.0,0.08660851161009574,0.0025493704078042006,420.0,0.08606604763044742
7259_liver_sbr_Male_26-U1,sbr,26,tierA_p95,Macrophages,oxidative_stress,50.0,55.0,371.0,0.08807816712820847,0.0026514819917595697,315.0,0.08504838092106631
7259_liver_sbr_Male_26-U1,sbr,26,tierA_p95,Macrophages,oxidative_stress,55.0,60.0,230.0,0.08784730455005521,0.003292007942966636,222.0,0.08884373890405924
7259_liver_sbr_Male_26-U1,sbr,26,tierA_p95,Macrophages,oxidative_stress,60.0,65.0,155.0,0.08792116134690361,0.0037829820578487447,154.0,0.09066935055798477
7259_liver_sbr_Male_26-U1,sbr,26,tierA_p95,Macrophages,oxidative_stress,65.0,70.0,120.0,0.08481449999914427,0.005281777683810962,88.0,0.09280261392863891
7259_liver_sbr_Male_26-U1,sbr,26,tierA_p95,Macrophages,oxidative_stress,70.0,75.0,75.0,0.09597213377555211,0.006081690923576198,51.0,0.09785294045201119
7259_liver_sbr_Male_26-U1,sbr,26,tierA_p95,Macrophages,oxidative_stress,75.0,80.0,44.0,0.09082886393562975,0.007949587899377667,39.0,0.09313179480914886
7259_liver_sbr_Male_26-U1,sbr,26,tierA_p95,Macrophages,oxidative_stress,80.0,85.0,32.0,0.10200656269444153,0.01038852716199252,27.0,0.10551111105208595
7259_liver_sbr_Male_26-U1,sbr,26,tierA_p95,Macrophages,oxidative_stress,85.0,90.0,22.0,0.09471363616731568,0.00891654239052394,15.0,0.10877333488315344
7259_liver_sbr_Male_26-U1,sbr,26,tierA_p95,Macrophages,oxidative_stress,90.0,95.0,12.0,0.10806499856213729,0.012107784564691351,13.0,0.0743123064480292
7259_liver_sbr_Male_26-U1,sbr,26,tierA_p95,Macrophages,oxidative_stress,95.0,100.0,5.0,0.09366200119256973,0.008846149818059994,21.0,0.08650285721800867
7259_liver_sbr_Male_26-U1,sbr,26,tierA_p95,Macrophages,secondary_senescence,0.0,5.0,116.0,0.010163879427730943,0.003879445323024538,748.0,0.003730294084061095
7259_liver_sbr_Male_26-U1,sbr,26,tierA_p95,Macrophages,secondary_senescence,5.0,10.0,1551.0,0.0012353964974846623,0.0008966248056306951,1514.0,0.0007882364588493836
7259_liver_sbr_Male_26-U1,sbr,26,tierA_p95,Macrophages,secondary_senescence,10.0,15.0,1730.0,0.001640618479580348,0.000884609118110289,1716.0,-0.0007338345266571895
7259_liver_sbr_Male_26-U1,sbr,26,tierA_p95,Macrophages,secondary_senescence,15.0,20.0,1752.0,0.0002513184689504167,0.0008418379527968167,1666.0,0.0009103000947044686
7259_liver_sbr_Male_26-U1,sbr,26,tierA_p95,Macrophages,secondary_senescence,20.0,25.0,1589.0,0.00042014472528466724,0.00087938540141472,1527.0,0.0006518205511845905
7259_liver_sbr_Male_26-U1,sbr,26,tierA_p95,Macrophages,secondary_senescence,25.0,30.0,1471.0,0.0009916859161218183,0.0009113289831608099,1406.0,0.0004020981407383562
7259_liver_sbr_Male_26-U1,sbr,26,tierA_p95,Macrophages,secondary_senescence,30.0,35.0,1198.0,-0.0027586393987284324,0.0010075082643175083,1125.0,0.0013934222295033073
7259_liver_sbr_Male_26-U1,sbr,26,tierA_p95,Macrophages,secondary_senescence,35.0,40.0,944.0,-0.0001562711720607232,0.0010921746278381391,854.0,-0.0009587587919796093
7259_liver_sbr_Male_26-U1,sbr,26,tierA_p95,Macrophages,secondary_senescence,40.0,45.0,649.0,0.0008311555790261994,0.0013803934174030233,622.0,0.001525948516833798
7259_liver_sbr_Male_26-U1,sbr,26,tierA_p95,Macrophages,secondary_senescence,45.0,50.0,477.0,-0.00025920337092748106,0.0015590252980380885,420.0,-0.002953880895698343
7259_liver_sbr_Male_26-U1,sbr,26,tierA_p95,Macrophages,secondary_senescence,50.0,55.0,371.0,-0.0017633962145803504,0.0016991286753858803,315.0,-0.005185777749515153
7259_liver_sbr_Male_26-U1,sbr,26,tierA_p95,Macrophages,secondary_senescence,55.0,60.0,230.0,-0.0010856086669145558,0.0020832816418181934,222.0,-0.0010890540549741861
7259_liver_sbr_Male_26-U1,sbr,26,tierA_p95,Macrophages,secondary_senescence,60.0,65.0,155.0,0.0005271613227969576,0.002535427133047652,154.0,-0.0033218831123629972
7259_liver_sbr_Male_26-U1,sbr,26,tierA_p95,Macrophages,secondary_senescence,65.0,70.0,120.0,-0.001450166678144645,0.00284760061221016,88.0,-0.002277159129417586
7259_liver_sbr_Male_26-U1,sbr,26,tierA_p95,Macrophages,secondary_senescence,70.0,75.0,75.0,-0.003008533415850252,0.003500919763841794,51.0,0.0018301960494592968
7259_liver_sbr_Male_26-U1,sbr,26,tierA_p95,Macrophages,secondary_senescence,75.0,80.0,44.0,0.0036890909733218987,0.004683795952257054,39.0,0.005143333120474544
7259_liver_sbr_Male_26-U1,sbr,26,tierA_p95,Macrophages,secondary_senescence,80.0,85.0,32.0,-0.006346875088638626,0.004632344479496618,27.0,-0.0015000000173501947
7259_liver_sbr_Male_26-U1,sbr,26,tierA_p95,Macrophages,secondary_senescence,85.0,90.0,22.0,-0.008499545352110132,0.00628674330594469,15.0,-0.002802666431913773
7259_liver_sbr_Male_26-U1,sbr,26,tierA_p95,Macrophages,secondary_senescence,90.0,95.0,12.0,-0.0005016665090806782,0.010542374075233923,13.0,-0.007439999878372943
7259_liver_sbr_Male_26-U1,sbr,26,tierA_p95,Macrophages,secondary_senescence,95.0,100.0,5.0,-0.01942000035196543,0.007694270151353785,21.0,0.00592142828827491
7259_liver_sbr_Male_26-U1,sbr,26,tierA_p95,Macrophages,tnfa_nfkb_proximal,0.0,5.0,116.0,0.02084706909226952,0.0023598473361643624,748.0,0.018503957237666773
7259_liver_sbr_Male_26-U1,sbr,26,tierA_p95,Macrophages,tnfa_nfkb_proximal,5.0,10.0,1551.0,0.016406324979515375,0.0006035296643402215,1514.0,0.016741175685663384
7259_liver_sbr_Male_26-U1,sbr,26,tierA_p95,Macrophages,tnfa_nfkb_proximal,10.0,15.0,1730.0,0.01690583237724172,0.0005609438029901344,1716.0,0.014779790234230894
7259_liver_sbr_Male_26-U1,sbr,26,tierA_p95,Macrophages,tnfa_nfkb_proximal,15.0,20.0,1752.0,0.015785154102380742,0.0005619922142925986,1666.0,0.01592348141562294
7259_liver_sbr_Male_26-U1,sbr,26,tierA_p95,Macrophages,tnfa_nfkb_proximal,20.0,25.0,1589.0,0.01644971678798477,0.0005970383499896414,1527.0,0.016052134888819087
7259_liver_sbr_Male_26-U1,sbr,26,tierA_p95,Macrophages,tnfa_nfkb_proximal,25.0,30.0,1471.0,0.015819442543917327,0.0005828183809653341,1406.0,0.016078520606910385
7259_liver_sbr_Male_26-U1,sbr,26,tierA_p95,Macrophages,tnfa_nfkb_proximal,30.0,35.0,1198.0,0.01640730382875847,0.0007121804927806752,1125.0,0.01661953780046315
7259_liver_sbr_Male_26-U1,sbr,26,tierA_p95,Macrophages,tnfa_nfkb_proximal,35.0,40.0,944.0,0.013916546626949454,0.0007658045201673003,854.0,0.015430105380196341
7259_liver_sbr_Male_26-U1,sbr,26,tierA_p95,Macrophages,tnfa_nfkb_proximal,40.0,45.0,649.0,0.016438012348924485,0.0009631647489113266,622.0,0.014055305502739236
7259_liver_sbr_Male_26-U1,sbr,26,tierA_p95,Macrophages,tnfa_nfkb_proximal,45.0,50.0,477.0,0.014818553478748438,0.0010299263162847699,420.0,0.01657500002308682
7259_liver_sbr_Male_26-U1,sbr,26,tierA_p95,Macrophages,tnfa_nfkb_proximal,50.0,55.0,371.0,0.011820916467177747,0.0011038802221135008,315.0,0.015436730115574651
7259_liver_sbr_Male_26-U1,sbr,26,tierA_p95,Macrophages,tnfa_nfkb_proximal,55.0,60.0,230.0,0.013582521706026139,0.0013646761636219042,222.0,0.012476981980914905
7259_liver_sbr_Male_26-U1,sbr,26,tierA_p95,Macrophages,tnfa_nfkb_proximal,60.0,65.0,155.0,0.015473483974863249,0.0016372239858718877,154.0,0.01325987007332113
7259_liver_sbr_Male_26-U1,sbr,26,tierA_p95,Macrophages,tnfa_nfkb_proximal,65.0,70.0,120.0,0.01650774988932729,0.0019695082808495767,88.0,0.013037727306668372
7259_liver_sbr_Male_26-U1,sbr,26,tierA_p95,Macrophages,tnfa_nfkb_proximal,70.0,75.0,75.0,0.01631919995784604,0.0023064684761597443,51.0,0.016812156618791905
7259_liver_sbr_Male_26-U1,sbr,26,tierA_p95,Macrophages,tnfa_nfkb_proximal,75.0,80.0,44.0,0.018571590907165293,0.0032744236103740155,39.0,0.017176922873402826
7259_liver_sbr_Male_26-U1,sbr,26,tierA_p95,Macrophages,tnfa_nfkb_proximal,80.0,85.0,32.0,0.010439687515372498,0.0033609036711501686,27.0,0.01576703701047572
7259_liver_sbr_Male_26-U1,sbr,26,tierA_p95,Macrophages,tnfa_nfkb_proximal,85.0,90.0,22.0,0.010691363503362729,0.004249691166629201,15.0,0.021764666850989062
7259_liver_sbr_Male_26-U1,sbr,26,tierA_p95,Macrophages,tnfa_nfkb_proximal,90.0,95.0,12.0,0.014775000337976962,0.0047887826540024625,13.0,0.015533077020126466
7259_liver_sbr_Male_26-U1,sbr,26,tierA_p95,Macrophages,tnfa_nfkb_proximal,95.0,100.0,5.0,0.009642000123858453,0.009462921926091475,21.0,0.016838571400425974
7259_liver_sbr_Male_26-U1,sbr,26,tierA_p95,Mesenchymal,downstream_arrest,0.0,5.0,152.0,-0.007105855241541959,0.001288852116106415,882.0,-0.006011224500073029
7259_liver_sbr_Male_26-U1,sbr,26,tierA_p95,Mesenchymal,downstream_arrest,5.0,10.0,1773.0,-0.005008556129315918,0.000373043965219018,1708.0,-0.005366118273794698
7259_liver_sbr_Male_26-U1,sbr,26,tierA_p95,Mesenchymal,downstream_arrest,10.0,15.0,1995.0,-0.004816887226871657,0.000336292018743185,1974.0,-0.004819787247252763
7259_liver_sbr_Male_26-U1,sbr,26,tierA_p95,Mesenchymal,downstream_arrest,15.0,20.0,2014.0,-0.005072254226694887,0.00032319426055462975,1905.0,-0.0038927244084534752
7259_liver_sbr_Male_26-U1,sbr,26,tierA_p95,Mesenchymal,downstream_arrest,20.0,25.0,1841.0,-0.004540363940839001,0.0003482692613667271,1795.0,-0.004634651812503207
7259_liver_sbr_Male_26-U1,sbr,26,tierA_p95,Mesenchymal,downstream_arrest,25.0,30.0,1708.0,-0.0044174590114974665,0.0003450666619657677,1606.0,-0.0051217185598350125
7259_liver_sbr_Male_26-U1,sbr,26,tierA_p95,Mesenchymal,downstream_arrest,30.0,35.0,1369.0,-0.004468130022826502,0.00039780694050524953,1267.0,-0.004233835839743424
7259_liver_sbr_Male_26-U1,sbr,26,tierA_p95,Mesenchymal,downstream_arrest,35.0,40.0,1124.0,-0.004078870097861433,0.0004212029751476147,1017.0,-0.0043630875198305274
7259_liver_sbr_Male_26-U1,sbr,26,tierA_p95,Mesenchymal,downstream_arrest,40.0,45.0,788.0,-0.004108147195521606,0.000491895984964215,688.0,-0.004183008711432321
7259_liver_sbr_Male_26-U1,sbr,26,tierA_p95,Mesenchymal,downstream_arrest,45.0,50.0,585.0,-0.004513282053868841,0.0006222151367675878,535.0,-0.004277831746411356
7259_liver_sbr_Male_26-U1,sbr,26,tierA_p95,Mesenchymal,downstream_arrest,50.0,55.0,391.0,-0.004395728901075825,0.0007302940963316083,403.0,-0.0032692555588812776
7259_liver_sbr_Male_26-U1,sbr,26,tierA_p95,Mesenchymal,downstream_arrest,55.0,60.0,251.0,-0.004478326743311296,0.0008903686194275928,214.0,-0.0049017289879247136
7259_liver_sbr_Male_26-U1,sbr,26,tierA_p95,Mesenchymal,downstream_arrest,60.0,65.0,155.0,-0.004527741926557933,0.001317996788040319,156.0,-0.005223589760554695
7259_liver_sbr_Male_26-U1,sbr,26,tierA_p95,Mesenchymal,downstream_arrest,65.0,70.0,80.0,-0.0015895000196451293,0.0017374346497020196,76.0,-0.00313407899155113
7259_liver_sbr_Male_26-U1,sbr,26,tierA_p95,Mesenchymal,downstream_arrest,70.0,75.0,65.0,-0.0020418461819645016,0.0020567305101119753,49.0,0.0007610204555355582
7259_liver_sbr_Male_26-U1,sbr,26,tierA_p95,Mesenchymal,downstream_arrest,75.0,80.0,34.0,-0.005565882421625943,0.0029554530782783892,32.0,0.001678437529335497
7259_liver_sbr_Male_26-U1,sbr,26,tierA_p95,Mesenchymal,downstream_arrest,80.0,85.0,16.0,0.0015575002780678915,0.004732753138548222,24.0,-0.00029124998157688725
7259_liver_sbr_Male_26-U1,sbr,26,tierA_p95,Mesenchymal,downstream_arrest,85.0,90.0,9.0,-0.011593333264398906,0.004898604242287602,10.0,-0.0009660000581789063
7259_liver_sbr_Male_26-U1,sbr,26,tierA_p95,Mesenchymal,downstream_arrest,90.0,95.0,7.0,0.009537142684816249,0.005103685704829023,9.0,-0.0026122224371647462
7259_liver_sbr_Male_26-U1,sbr,26,tierA_p95,Mesenchymal,downstream_arrest,95.0,100.0,1.0,0.0036299999337643385,,8.0,0.0009437501430511475
7259_liver_sbr_Male_26-U1,sbr,26,tierA_p95,Mesenchymal,emt_ecm,0.0,5.0,152.0,0.11693802645037833,0.0037235342640283228,882.0,0.10594103169790363
7259_liver_sbr_Male_26-U1,sbr,26,tierA_p95,Mesenchymal,emt_ecm,5.0,10.0,1773.0,0.1057714551674322,0.0010756258401860752,1708.0,0.10678046252412189
7259_liver_sbr_Male_26-U1,sbr,26,tierA_p95,Mesenchymal,emt_ecm,10.0,15.0,1995.0,0.09966278184219299,0.0009967160746629051,1974.0,0.09959335353182064
7259_liver_sbr_Male_26-U1,sbr,26,tierA_p95,Mesenchymal,emt_ecm,15.0,20.0,2014.0,0.09543089866346856,0.0009814727942930356,1905.0,0.09779110238497027
7259_liver_sbr_Male_26-U1,sbr,26,tierA_p95,Mesenchymal,emt_ecm,20.0,25.0,1841.0,0.09884189571545342,0.0010672500712585475,1795.0,0.09470034538645655
7259_liver_sbr_Male_26-U1,sbr,26,tierA_p95,Mesenchymal,emt_ecm,25.0,30.0,1708.0,0.095796902865347,0.0010303270318709438,1606.0,0.09418851177399204
7259_liver_sbr_Male_26-U1,sbr,26,tierA_p95,Mesenchymal,emt_ecm,30.0,35.0,1369.0,0.09590083274478739,0.0011976559954082666,1267.0,0.09400102606718741
7259_liver_sbr_Male_26-U1,sbr,26,tierA_p95,Mesenchymal,emt_ecm,35.0,40.0,1124.0,0.09284238435876525,0.0012758815199409772,1017.0,0.09432429691933228
7259_liver_sbr_Male_26-U1,sbr,26,tierA_p95,Mesenchymal,emt_ecm,40.0,45.0,788.0,0.09147079942008093,0.0014706583065039042,688.0,0.0941025001040205
7259_liver_sbr_Male_26-U1,sbr,26,tierA_p95,Mesenchymal,emt_ecm,45.0,50.0,585.0,0.0915593505739513,0.0018006856280643822,535.0,0.09452267321366295
7259_liver_sbr_Male_26-U1,sbr,26,tierA_p95,Mesenchymal,emt_ecm,50.0,55.0,391.0,0.09619979535484367,0.0022842125651556197,403.0,0.09500456553746348
7259_liver_sbr_Male_26-U1,sbr,26,tierA_p95,Mesenchymal,emt_ecm,55.0,60.0,251.0,0.09551924317926762,0.0027593125313385815,214.0,0.0877206074378549
7259_liver_sbr_Male_26-U1,sbr,26,tierA_p95,Mesenchymal,emt_ecm,60.0,65.0,155.0,0.0962675481794342,0.00358119809918621,156.0,0.09441878140951769
7259_liver_sbr_Male_26-U1,sbr,26,tierA_p95,Mesenchymal,emt_ecm,65.0,70.0,80.0,0.09310712476726621,0.004375729106392813,76.0,0.08524236859949796
7259_liver_sbr_Male_26-U1,sbr,26,tierA_p95,Mesenchymal,emt_ecm,70.0,75.0,65.0,0.08667523034203511,0.005806128753733736,49.0,0.08591999991663865
7259_liver_sbr_Male_26-U1,sbr,26,tierA_p95,Mesenchymal,emt_ecm,75.0,80.0,34.0,0.10811852806192987,0.010318419104500907,32.0,0.07621812558500096
7259_liver_sbr_Male_26-U1,sbr,26,tierA_p95,Mesenchymal,emt_ecm,80.0,85.0,16.0,0.07541125119314529,0.010347128946212742,24.0,0.07767666666768491
7259_liver_sbr_Male_26-U1,sbr,26,tierA_p95,Mesenchymal,emt_ecm,85.0,90.0,9.0,0.1079755545490318,0.014479774948454554,10.0,0.08800899945199489
7259_liver_sbr_Male_26-U1,sbr,26,tierA_p95,Mesenchymal,emt_ecm,90.0,95.0,7.0,0.08088571365390505,0.009604122178625772,9.0,0.08476333340836896
7259_liver_sbr_Male_26-U1,sbr,26,tierA_p95,Mesenchymal,emt_ecm,95.0,100.0,1.0,0.0677499994635582,,8.0,0.07011999958194792
7259_liver_sbr_Male_26-U1,sbr,26,tierA_p95,Mesenchymal,il6_jak_stat3,0.0,5.0,152.0,0.02370578952564086,0.0028499813426231444,882.0,0.021059954650291583
7259_liver_sbr_Male_26-U1,sbr,26,tierA_p95,Mesenchymal,il6_jak_stat3,5.0,10.0,1773.0,0.0198320361097235,0.0007699349147245651,1708.0,0.02083722483357697
7259_liver_sbr_Male_26-U1,sbr,26,tierA_p95,Mesenchymal,il6_jak_stat3,10.0,15.0,1995.0,0.01867784963320072,0.0007073555999690029,1974.0,0.017939341427887372
7259_liver_sbr_Male_26-U1,sbr,26,tierA_p95,Mesenchymal,il6_jak_stat3,15.0,20.0,2014.0,0.017612929501076516,0.0007166186294074001,1905.0,0.016983548545131105
7259_liver_sbr_Male_26-U1,sbr,26,tierA_p95,Mesenchymal,il6_jak_stat3,20.0,25.0,1841.0,0.017405768594716774,0.0007361031456601754,1795.0,0.01826612814978118
7259_liver_sbr_Male_26-U1,sbr,26,tierA_p95,Mesenchymal,il6_jak_stat3,25.0,30.0,1708.0,0.016888776345147676,0.0007499954712114714,1606.0,0.017068262757074966
7259_liver_sbr_Male_26-U1,sbr,26,tierA_p95,Mesenchymal,il6_jak_stat3,30.0,35.0,1369.0,0.017281037236804218,0.0008400283067046116,1267.0,0.01703906866987166
7259_liver_sbr_Male_26-U1,sbr,26,tierA_p95,Mesenchymal,il6_jak_stat3,35.0,40.0,1124.0,0.01693301606615007,0.0009602016842932948,1017.0,0.017033235065486717
7259_liver_sbr_Male_26-U1,sbr,26,tierA_p95,Mesenchymal,il6_jak_stat3,40.0,45.0,788.0,0.017459949207528403,0.001135971952487823,688.0,0.015325726802239144
7259_liver_sbr_Male_26-U1,sbr,26,tierA_p95,Mesenchymal,il6_jak_stat3,45.0,50.0,585.0,0.01674822223501237,0.0012735031386529906,535.0,0.017044373802709064
7259_liver_sbr_Male_26-U1,sbr,26,tierA_p95,Mesenchymal,il6_jak_stat3,50.0,55.0,391.0,0.018533555054068007,0.0016330153393859068,403.0,0.016600843696845186
7259_liver_sbr_Male_26-U1,sbr,26,tierA_p95,Mesenchymal,il6_jak_stat3,55.0,60.0,251.0,0.017890318704578738,0.0020369786803711484,214.0,0.015508504638695332
7259_liver_sbr_Male_26-U1,sbr,26,tierA_p95,Mesenchymal,il6_jak_stat3,60.0,65.0,155.0,0.01842729040147406,0.0024833841579148183,156.0,0.020754679509455178
7259_liver_sbr_Male_26-U1,sbr,26,tierA_p95,Mesenchymal,il6_jak_stat3,65.0,70.0,80.0,0.019045249903865625,0.0033834991843394676,76.0,0.01544355265918727
7259_liver_sbr_Male_26-U1,sbr,26,tierA_p95,Mesenchymal,il6_jak_stat3,70.0,75.0,65.0,0.017869384670988298,0.003908080044898449,49.0,0.013834693991788188
7259_liver_sbr_Male_26-U1,sbr,26,tierA_p95,Mesenchymal,il6_jak_stat3,75.0,80.0,34.0,0.017124411826336977,0.005360806309751417,32.0,0.01080968774476787
7259_liver_sbr_Male_26-U1,sbr,26,tierA_p95,Mesenchymal,il6_jak_stat3,80.0,85.0,16.0,0.011393750348361209,0.0069183714436759775,24.0,0.01310083325188316
7259_liver_sbr_Male_26-U1,sbr,26,tierA_p95,Mesenchymal,il6_jak_stat3,85.0,90.0,9.0,0.01668000011704862,0.007174284587646786,10.0,0.01653200008440763
7259_liver_sbr_Male_26-U1,sbr,26,tierA_p95,Mesenchymal,il6_jak_stat3,90.0,95.0,7.0,0.014987143122458033,0.009507958899171531,9.0,0.023822222344784275
7259_liver_sbr_Male_26-U1,sbr,26,tierA_p95,Mesenchymal,il6_jak_stat3,95.0,100.0,1.0,-0.003490000031888485,,8.0,0.01109999988693744
7259_liver_sbr_Male_26-U1,sbr,26,tierA_p95,Mesenchymal,interferon_response,0.0,5.0,152.0,0.03594203944981258,0.0022781485593763866,882.0,0.035123537440729234
7259_liver_sbr_Male_26-U1,sbr,26,tierA_p95,Mesenchymal,interferon_response,5.0,10.0,1773.0,0.03472679073755838,0.0006817457648529906,1708.0,0.03515065571945294
7259_liver_sbr_Male_26-U1,sbr,26,tierA_p95,Mesenchymal,interferon_response,10.0,15.0,1995.0,0.03312234585531391,0.0006199889176606876,1974.0,0.03198859675015172
7259_liver_sbr_Male_26-U1,sbr,26,tierA_p95,Mesenchymal,interferon_response,15.0,20.0,2014.0,0.031413907708001884,0.0006246800597396403,1905.0,0.031888551194594474
7259_liver_sbr_Male_26-U1,sbr,26,tierA_p95,Mesenchymal,interferon_response,20.0,25.0,1841.0,0.03251892447333712,0.00064192058856436,1795.0,0.030539114174277723
7259_liver_sbr_Male_26-U1,sbr,26,tierA_p95,Mesenchymal,interferon_response,25.0,30.0,1708.0,0.03018225992935024,0.0006563553672341653,1606.0,0.030583237856851676
7259_liver_sbr_Male_26-U1,sbr,26,tierA_p95,Mesenchymal,interferon_response,30.0,35.0,1369.0,0.03174526664307065,0.000731445447407286,1267.0,0.03238615627855534
7259_liver_sbr_Male_26-U1,sbr,26,tierA_p95,Mesenchymal,interferon_response,35.0,40.0,1124.0,0.03036661032927577,0.0008123376088456775,1017.0,0.03097454278971086
7259_liver_sbr_Male_26-U1,sbr,26,tierA_p95,Mesenchymal,interferon_response,40.0,45.0,788.0,0.03051116750170623,0.0009542933082668358,688.0,0.03059485466623258
7259_liver_sbr_Male_26-U1,sbr,26,tierA_p95,Mesenchymal,interferon_response,45.0,50.0,585.0,0.029715435887938395,0.0011039815845353541,535.0,0.03199310283204889
7259_liver_sbr_Male_26-U1,sbr,26,tierA_p95,Mesenchymal,interferon_response,50.0,55.0,391.0,0.03379549873814009,0.0014261211963956626,403.0,0.030494888335429987
7259_liver_sbr_Male_26-U1,sbr,26,tierA_p95,Mesenchymal,interferon_response,55.0,60.0,251.0,0.03204430276537277,0.001724089376003725,214.0,0.03078841129981556
7259_liver_sbr_Male_26-U1,sbr,26,tierA_p95,Mesenchymal,interferon_response,60.0,65.0,155.0,0.03121967737660593,0.0022113128194958106,156.0,0.03402724355323582
7259_liver_sbr_Male_26-U1,sbr,26,tierA_p95,Mesenchymal,interferon_response,65.0,70.0,80.0,0.03353462503655465,0.002778301268793142,76.0,0.02574684202294233
7259_liver_sbr_Male_26-U1,sbr,26,tierA_p95,Mesenchymal,interferon_response,70.0,75.0,65.0,0.02801923069111161,0.0026869512834951947,49.0,0.03312632688843854
7259_liver_sbr_Male_26-U1,sbr,26,tierA_p95,Mesenchymal,interferon_response,75.0,80.0,34.0,0.032728529424810616,0.004537905368818452,32.0,0.031179062369346866
7259_liver_sbr_Male_26-U1,sbr,26,tierA_p95,Mesenchymal,interferon_response,80.0,85.0,16.0,0.032045624568127096,0.005684755940656149,24.0,0.02448333350912435
7259_liver_sbr_Male_26-U1,sbr,26,tierA_p95,Mesenchymal,interferon_response,85.0,90.0,9.0,0.03234333319899937,0.008184482194200421,10.0,0.03776000001234934
7259_liver_sbr_Male_26-U1,sbr,26,tierA_p95,Mesenchymal,interferon_response,90.0,95.0,7.0,0.035752857636128156,0.005600245778109098,9.0,0.015676666484473065
7259_liver_sbr_Male_26-U1,sbr,26,tierA_p95,Mesenchymal,interferon_response,95.0,100.0,1.0,0.021730000153183937,,8.0,0.023930000024847686
7259_liver_sbr_Male_26-U1,sbr,26,tierA_p95,Mesenchymal,oxidative_stress,0.0,5.0,152.0,0.038110460583610756,0.004667066434854446,882.0,0.048219353853516486
7259_liver_sbr_Male_26-U1,sbr,26,tierA_p95,Mesenchymal,oxidative_stress,5.0,10.0,1773.0,0.052118065422135235,0.001317459639447586,1708.0,0.053785696728473914
7259_liver_sbr_Male_26-U1,sbr,26,tierA_p95,Mesenchymal,oxidative_stress,10.0,15.0,1995.0,0.05898154390481141,0.0011916403786407092,1974.0,0.06048045593097496
7259_liver_sbr_Male_26-U1,sbr,26,tierA_p95,Mesenchymal,oxidative_stress,15.0,20.0,2014.0,0.0619256355758232,0.001202815865142856,1905.0,0.06405161676294839
7259_liver_sbr_Male_26-U1,sbr,26,tierA_p95,Mesenchymal,oxidative_stress,20.0,25.0,1841.0,0.06392845193235637,0.0013130237721202826,1795.0,0.06150955990221182
7259_liver_sbr_Male_26-U1,sbr,26,tierA_p95,Mesenchymal,oxidative_stress,25.0,30.0,1708.0,0.06225488295309222,0.0013033253416012372,1606.0,0.06381261526908535
7259_liver_sbr_Male_26-U1,sbr,26,tierA_p95,Mesenchymal,oxidative_stress,30.0,35.0,1369.0,0.06543252010764544,0.0014710574357207548,1267.0,0.06506491706446739
7259_liver_sbr_Male_26-U1,sbr,26,tierA_p95,Mesenchymal,oxidative_stress,35.0,40.0,1124.0,0.06323975964851246,0.0015829216235161887,1017.0,0.06415881014277662
7259_liver_sbr_Male_26-U1,sbr,26,tierA_p95,Mesenchymal,oxidative_stress,40.0,45.0,788.0,0.07025789338314296,0.0018915927577627372,688.0,0.06776550878112175
7259_liver_sbr_Male_26-U1,sbr,26,tierA_p95,Mesenchymal,oxidative_stress,45.0,50.0,585.0,0.06241834179041052,0.002161464304791145,535.0,0.06757908417241078
7259_liver_sbr_Male_26-U1,sbr,26,tierA_p95,Mesenchymal,oxidative_stress,50.0,55.0,391.0,0.06496488508384894,0.00276486944787831,403.0,0.06544841207772875
7259_liver_sbr_Male_26-U1,sbr,26,tierA_p95,Mesenchymal,oxidative_stress,55.0,60.0,251.0,0.07082163359073781,0.0034603120831435664,214.0,0.07283817739367363
7259_liver_sbr_Male_26-U1,sbr,26,tierA_p95,Mesenchymal,oxidative_stress,60.0,65.0,155.0,0.06715341912866045,0.003960489172865392,156.0,0.06748839753559785
7259_liver_sbr_Male_26-U1,sbr,26,tierA_p95,Mesenchymal,oxidative_stress,65.0,70.0,80.0,0.0713018749767798,0.005562888444247501,76.0,0.06579921026346519
7259_liver_sbr_Male_26-U1,sbr,26,tierA_p95,Mesenchymal,oxidative_stress,70.0,75.0,65.0,0.07575753871530581,0.006447985677499247,49.0,0.06866591823600916
7259_liver_sbr_Male_26-U1,sbr,26,tierA_p95,Mesenchymal,oxidative_stress,75.0,80.0,34.0,0.051942647516946584,0.009250875572500494,32.0,0.07256843761933851
7259_liver_sbr_Male_26-U1,sbr,26,tierA_p95,Mesenchymal,oxidative_stress,80.0,85.0,16.0,0.08329499966930598,0.0143967535042144,24.0,0.07594666657193254
7259_liver_sbr_Male_26-U1,sbr,26,tierA_p95,Mesenchymal,oxidative_stress,85.0,90.0,9.0,0.07781888875696394,0.017484597918258783,10.0,0.05639500003308058
7259_liver_sbr_Male_26-U1,sbr,26,tierA_p95,Mesenchymal,oxidative_stress,90.0,95.0,7.0,0.09358571523002215,0.013113038175091395,9.0,0.05892666705767624
7259_liver_sbr_Male_26-U1,sbr,26,tierA_p95,Mesenchymal,oxidative_stress,95.0,100.0,1.0,0.04162000119686127,,8.0,0.07503125024959445
7259_liver_sbr_Male_26-U1,sbr,26,tierA_p95,Mesenchymal,secondary_senescence,0.0,5.0,152.0,0.015761908025955274,0.0034304514644189505,882.0,0.01277264171075745
7259_liver_sbr_Male_26-U1,sbr,26,tierA_p95,Mesenchymal,secondary_senescence,5.0,10.0,1773.0,0.011328155672411192,0.0009494684065653587,1708.0,0.012142336063545235
7259_liver_sbr_Male_26-U1,sbr,26,tierA_p95,Mesenchymal,secondary_senescence,10.0,15.0,1995.0,0.010175674207651749,0.0008516126825373902,1974.0,0.006713039509469084
7259_liver_sbr_Male_26-U1,sbr,26,tierA_p95,Mesenchymal,secondary_senescence,15.0,20.0,2014.0,0.006703068565604884,0.0008677996438885201,1905.0,0.007404309687768937
7259_liver_sbr_Male_26-U1,sbr,26,tierA_p95,Mesenchymal,secondary_senescence,20.0,25.0,1841.0,0.006957995610398954,0.0008760893375500329,1795.0,0.007832952653903262
7259_liver_sbr_Male_26-U1,sbr,26,tierA_p95,Mesenchymal,secondary_senescence,25.0,30.0,1708.0,0.008394250611242507,0.0009126205898286565,1606.0,0.007414339984876541
7259_liver_sbr_Male_26-U1,sbr,26,tierA_p95,Mesenchymal,secondary_senescence,30.0,35.0,1369.0,0.007355427292418775,0.0010337729226116519,1267.0,0.00861014206312929
7259_liver_sbr_Male_26-U1,sbr,26,tierA_p95,Mesenchymal,secondary_senescence,35.0,40.0,1124.0,0.007446298919778356,0.0011068353233510263,1017.0,0.008602920358352754
7259_liver_sbr_Male_26-U1,sbr,26,tierA_p95,Mesenchymal,secondary_senescence,40.0,45.0,788.0,0.008596142119514589,0.0013431947741700445,688.0,0.007166569835156456
7259_liver_sbr_Male_26-U1,sbr,26,tierA_p95,Mesenchymal,secondary_senescence,45.0,50.0,585.0,0.007213623898947596,0.0015001939805556763,535.0,0.009377327128996199
7259_liver_sbr_Male_26-U1,sbr,26,tierA_p95,Mesenchymal,secondary_senescence,50.0,55.0,391.0,0.012171508885635412,0.0019551647736263792,403.0,0.007948908245344586
7259_liver_sbr_Male_26-U1,sbr,26,tierA_p95,Mesenchymal,secondary_senescence,55.0,60.0,251.0,0.007703984091752923,0.002521900271538431,214.0,0.008708411188079175
7259_liver_sbr_Male_26-U1,sbr,26,tierA_p95,Mesenchymal,secondary_senescence,60.0,65.0,155.0,0.005965677400367454,0.0029981983724675114,156.0,0.007880192327157158
7259_liver_sbr_Male_26-U1,sbr,26,tierA_p95,Mesenchymal,secondary_senescence,65.0,70.0,80.0,0.01199187493775753,0.004313363703032294,76.0,0.007219342078315094
7259_liver_sbr_Male_26-U1,sbr,26,tierA_p95,Mesenchymal,secondary_senescence,70.0,75.0,65.0,0.013407077101202538,0.005168190655441107,49.0,0.015047142645035282
7259_liver_sbr_Male_26-U1,sbr,26,tierA_p95,Mesenchymal,secondary_senescence,75.0,80.0,34.0,0.008483235097681993,0.00648160591993387,32.0,0.007480937274522148
7259_liver_sbr_Male_26-U1,sbr,26,tierA_p95,Mesenchymal,secondary_senescence,80.0,85.0,16.0,-0.0007412499344354728,0.007814612544972328,24.0,0.006599583333202948
7259_liver_sbr_Male_26-U1,sbr,26,tierA_p95,Mesenchymal,secondary_senescence,85.0,90.0,9.0,0.008877777753190862,0.01198954471561002,10.0,-0.0038720000884495676
7259_liver_sbr_Male_26-U1,sbr,26,tierA_p95,Mesenchymal,secondary_senescence,90.0,95.0,7.0,0.02407428515808923,0.01851715930226004,9.0,0.008501110960625939
7259_liver_sbr_Male_26-U1,sbr,26,tierA_p95,Mesenchymal,secondary_senescence,95.0,100.0,1.0,-0.003019999945536256,,8.0,-0.015146249788813293
7259_liver_sbr_Male_26-U1,sbr,26,tierA_p95,Mesenchymal,tnfa_nfkb_proximal,0.0,5.0,152.0,0.02122671055813522,0.0021166645401292056,882.0,0.016376643982958634
7259_liver_sbr_Male_26-U1,sbr,26,tierA_p95,Mesenchymal,tnfa_nfkb_proximal,5.0,10.0,1773.0,0.016769915392270872,0.0005956646121364241,1708.0,0.016533624111439733
7259_liver_sbr_Male_26-U1,sbr,26,tierA_p95,Mesenchymal,tnfa_nfkb_proximal,10.0,15.0,1995.0,0.014603654138189447,0.000520016237050132,1974.0,0.01296024823673819
7259_liver_sbr_Male_26-U1,sbr,26,tierA_p95,Mesenchymal,tnfa_nfkb_proximal,15.0,20.0,2014.0,0.01315621152938522,0.0005308523810226883,1905.0,0.013289842502380694
7259_liver_sbr_Male_26-U1,sbr,26,tierA_p95,Mesenchymal,tnfa_nfkb_proximal,20.0,25.0,1841.0,0.013442965756672346,0.0005258479343231909,1795.0,0.014174061294958079
7259_liver_sbr_Male_26-U1,sbr,26,tierA_p95,Mesenchymal,tnfa_nfkb_proximal,25.0,30.0,1708.0,0.013770269339775829,0.0005652058840190891,1606.0,0.013698156924027437
7259_liver_sbr_Male_26-U1,sbr,26,tierA_p95,Mesenchymal,tnfa_nfkb_proximal,30.0,35.0,1369.0,0.014009342614344241,0.0006360473933715885,1267.0,0.01472044200446077
7259_liver_sbr_Male_26-U1,sbr,26,tierA_p95,Mesenchymal,tnfa_nfkb_proximal,35.0,40.0,1124.0,0.013396254435900255,0.0006832547029187552,1017.0,0.013244542787654384
7259_liver_sbr_Male_26-U1,sbr,26,tierA_p95,Mesenchymal,tnfa_nfkb_proximal,40.0,45.0,788.0,0.01382437818376487,0.0007822419156788403,688.0,0.013979287789012697
7259_liver_sbr_Male_26-U1,sbr,26,tierA_p95,Mesenchymal,tnfa_nfkb_proximal,45.0,50.0,585.0,0.013900290579302733,0.0009181167052450621,535.0,0.015280672876957465
7259_liver_sbr_Male_26-U1,sbr,26,tierA_p95,Mesenchymal,tnfa_nfkb_proximal,50.0,55.0,391.0,0.015198976960410709,0.0011582180228251265,403.0,0.014518486356311281
7259_liver_sbr_Male_26-U1,sbr,26,tierA_p95,Mesenchymal,tnfa_nfkb_proximal,55.0,60.0,251.0,0.016410318686788255,0.0014869513070992506,214.0,0.01584200934782623
7259_liver_sbr_Male_26-U1,sbr,26,tierA_p95,Mesenchymal,tnfa_nfkb_proximal,60.0,65.0,155.0,0.014603871019696065,0.0018877392044975318,156.0,0.014339358953526617
7259_liver_sbr_Male_26-U1,sbr,26,tierA_p95,Mesenchymal,tnfa_nfkb_proximal,65.0,70.0,80.0,0.014127625072433148,0.0022094411489378546,76.0,0.010586710431916321
7259_liver_sbr_Male_26-U1,sbr,26,tierA_p95,Mesenchymal,tnfa_nfkb_proximal,70.0,75.0,65.0,0.014207692308208118,0.0027955592372702143,49.0,0.014517142914938835
7259_liver_sbr_Male_26-U1,sbr,26,tierA_p95,Mesenchymal,tnfa_nfkb_proximal,75.0,80.0,34.0,0.013668529521536958,0.004057934046807949,32.0,0.016248437606918742
7259_liver_sbr_Male_26-U1,sbr,26,tierA_p95,Mesenchymal,tnfa_nfkb_proximal,80.0,85.0,16.0,0.007758125164400553,0.004444889705918027,24.0,0.019267916824901477
7259_liver_sbr_Male_26-U1,sbr,26,tierA_p95,Mesenchymal,tnfa_nfkb_proximal,85.0,90.0,9.0,0.014702222232396403,0.007086986134832222,10.0,0.010532000183593482
7259_liver_sbr_Male_26-U1,sbr,26,tierA_p95,Mesenchymal,tnfa_nfkb_proximal,90.0,95.0,7.0,0.00978571449273399,0.005435468896986933,9.0,0.022360000516831253
7259_liver_sbr_Male_26-U1,sbr,26,tierA_p95,Mesenchymal,tnfa_nfkb_proximal,95.0,100.0,1.0,0.017829999327659607,,8.0,0.010532500040426385
7259_liver_sbr_Male_26-U1,sbr,26,tierA_p95,T/NK cells,downstream_arrest,0.0,5.0,113.0,0.0037513274544400815,0.002062139424432059,400.0,0.003574399996923603
7259_liver_sbr_Male_26-U1,sbr,26,tierA_p95,T/NK cells,downstream_arrest,5.0,10.0,890.0,0.005238820242967255,0.0006199252637480763,792.0,0.004295239896485079
7259_liver_sbr_Male_26-U1,sbr,26,tierA_p95,T/NK cells,downstream_arrest,10.0,15.0,873.0,0.004815967932153058,0.0006122938145125357,812.0,0.0049153571546967974
7259_liver_sbr_Male_26-U1,sbr,26,tierA_p95,T/NK cells,downstream_arrest,15.0,20.0,834.0,0.00480256594727675,0.0006383856147164156,777.0,0.005638803103804042
7259_liver_sbr_Male_26-U1,sbr,26,tierA_p95,T/NK cells,downstream_arrest,20.0,25.0,732.0,0.003160163940299982,0.0006231387503995525,762.0,0.004594068248093029
7259_liver_sbr_Male_26-U1,sbr,26,tierA_p95,T/NK cells,downstream_arrest,25.0,30.0,679.0,0.004277069220837259,0.0006676465870219361,626.0,0.004428706060243363
7259_liver_sbr_Male_26-U1,sbr,26,tierA_p95,T/NK cells,downstream_arrest,30.0,35.0,541.0,0.004639889061678087,0.000756404069268688,532.0,0.0037446616712751486
7259_liver_sbr_Male_26-U1,sbr,26,tierA_p95,T/NK cells,downstream_arrest,35.0,40.0,428.0,0.003229509329855242,0.0008054379257334697,398.0,0.002404472345481384
7259_liver_sbr_Male_26-U1,sbr,26,tierA_p95,T/NK cells,downstream_arrest,40.0,45.0,283.0,0.002545335727148667,0.0009943115107083143,292.0,0.006444006876410814
7259_liver_sbr_Male_26-U1,sbr,26,tierA_p95,T/NK cells,downstream_arrest,45.0,50.0,193.0,0.004475388653327408,0.0013821420189522346,188.0,0.0033927127087542645
7259_liver_sbr_Male_26-U1,sbr,26,tierA_p95,T/NK cells,downstream_arrest,50.0,55.0,149.0,0.0026442281897050865,0.0011560461497458453,152.0,0.0023307236304294507
7259_liver_sbr_Male_26-U1,sbr,26,tierA_p95,T/NK cells,downstream_arrest,55.0,60.0,95.0,0.005559578941718332,0.001678006388145188,98.0,0.0027364286379080874
7259_liver_sbr_Male_26-U1,sbr,26,tierA_p95,T/NK cells,downstream_arrest,60.0,65.0,55.0,0.003977272640490396,0.0020061034788178664,49.0,0.00839714285824329
7259_liver_sbr_Male_26-U1,sbr,26,tierA_p95,T/NK cells,downstream_arrest,65.0,70.0,47.0,0.008729574518703034,0.002626715077670191,47.0,0.005881276661347464
7259_liver_sbr_Male_26-U1,sbr,26,tierA_p95,T/NK cells,downstream_arrest,70.0,75.0,26.0,0.014410769120261718,0.005591730935406143,32.0,0.006114062559163358
7259_liver_sbr_Male_26-U1,sbr,26,tierA_p95,T/NK cells,downstream_arrest,75.0,80.0,14.0,0.01794285713029759,0.004322417823795129,13.0,0.001394615499660946
7259_liver_sbr_Male_26-U1,sbr,26,tierA_p95,T/NK cells,downstream_arrest,80.0,85.0,18.0,0.010124999927938916,0.003343042346933858,9.0,0.0045722220869114
7259_liver_sbr_Male_26-U1,sbr,26,tierA_p95,T/NK cells,downstream_arrest,85.0,90.0,8.0,0.010251250030705705,0.006826547512767017,0.0,
7259_liver_sbr_Male_26-U1,sbr,26,tierA_p95,T/NK cells,downstream_arrest,90.0,95.0,8.0,0.018167500151321292,0.004974997052065494,2.0,-5.4999953135848045e-05
7259_liver_sbr_Male_26-U1,sbr,26,tierA_p95,T/NK cells,downstream_arrest,95.0,100.0,1.0,0.01803000085055828,,6.0,0.013945000003635263
7259_liver_sbr_Male_26-U1,sbr,26,tierA_p95,T/NK cells,emt_ecm,0.0,5.0,113.0,0.03847999999812697,0.0031638825023827264,400.0,0.041166525123362586
7259_liver_sbr_Male_26-U1,sbr,26,tierA_p95,T/NK cells,emt_ecm,5.0,10.0,890.0,0.0402012583979965,0.0011374301035460186,792.0,0.04226157828691272
7259_liver_sbr_Male_26-U1,sbr,26,tierA_p95,T/NK cells,emt_ecm,10.0,15.0,873.0,0.041309782425281535,0.0011836734890809566,812.0,0.03920880548299788
7259_liver_sbr_Male_26-U1,sbr,26,tierA_p95,T/NK cells,emt_ecm,15.0,20.0,834.0,0.03892956835411922,0.0011640936819018468,777.0,0.03758438864972759
7259_liver_sbr_Male_26-U1,sbr,26,tierA_p95,T/NK cells,emt_ecm,20.0,25.0,732.0,0.038400437106555545,0.0011830340326832306,762.0,0.03883960628475094
7259_liver_sbr_Male_26-U1,sbr,26,tierA_p95,T/NK cells,emt_ecm,25.0,30.0,679.0,0.03903101619463503,0.0012884756333771995,626.0,0.03784578271466154
7259_liver_sbr_Male_26-U1,sbr,26,tierA_p95,T/NK cells,emt_ecm,30.0,35.0,541.0,0.03860783733606882,0.0015222283842349236,532.0,0.03808150373165552
7259_liver_sbr_Male_26-U1,sbr,26,tierA_p95,T/NK cells,emt_ecm,35.0,40.0,428.0,0.0380753270808816,0.0014895002510992596,398.0,0.03741316577791955
7259_liver_sbr_Male_26-U1,sbr,26,tierA_p95,T/NK cells,emt_ecm,40.0,45.0,283.0,0.03887512376716557,0.0019611364447760997,292.0,0.04079458900876439
7259_liver_sbr_Male_26-U1,sbr,26,tierA_p95,T/NK cells,emt_ecm,45.0,50.0,193.0,0.03981611387989028,0.002536041902399803,188.0,0.03636042564675278
7259_liver_sbr_Male_26-U1,sbr,26,tierA_p95,T/NK cells,emt_ecm,50.0,55.0,149.0,0.03762020134655548,0.0027197416862432605,152.0,0.03943177626196733
7259_liver_sbr_Male_26-U1,sbr,26,tierA_p95,T/NK cells,emt_ecm,55.0,60.0,95.0,0.03346621050333947,0.003610588753261183,98.0,0.03982428578827388
7259_liver_sbr_Male_26-U1,sbr,26,tierA_p95,T/NK cells,emt_ecm,60.0,65.0,55.0,0.0348612731767141,0.004706733173404561,49.0,0.029176122417473898
7259_liver_sbr_Male_26-U1,sbr,26,tierA_p95,T/NK cells,emt_ecm,65.0,70.0,47.0,0.02935829831217911,0.004106503929123344,47.0,0.039865106544234453
7259_liver_sbr_Male_26-U1,sbr,26,tierA_p95,T/NK cells,emt_ecm,70.0,75.0,26.0,0.02843153850615356,0.006251416596998446,32.0,0.025494687653917936
7259_liver_sbr_Male_26-U1,sbr,26,tierA_p95,T/NK cells,emt_ecm,75.0,80.0,14.0,0.011110713929935758,0.006746139282872259,13.0,0.03676538412960676
7259_liver_sbr_Male_26-U1,sbr,26,tierA_p95,T/NK cells,emt_ecm,80.0,85.0,18.0,0.03574555564490664,0.010052391065127614,9.0,0.02457444416359067
7259_liver_sbr_Male_26-U1,sbr,26,tierA_p95,T/NK cells,emt_ecm,85.0,90.0,8.0,0.01544875004037749,0.0051320939412794605,0.0,
7259_liver_sbr_Male_26-U1,sbr,26,tierA_p95,T/NK cells,emt_ecm,90.0,95.0,8.0,0.01873500010697171,0.009033037526339466,2.0,0.002629999886266887
7259_liver_sbr_Male_26-U1,sbr,26,tierA_p95,T/NK cells,emt_ecm,95.0,100.0,1.0,0.025059999898076057,,6.0,0.028998333650330704
7259_liver_sbr_Male_26-U1,sbr,26,tierA_p95,T/NK cells,il6_jak_stat3,0.0,5.0,113.0,0.027703451124314566,0.0037851156771584907,400.0,0.02931939989764942
7259_liver_sbr_Male_26-U1,sbr,26,tierA_p95,T/NK cells,il6_jak_stat3,5.0,10.0,890.0,0.03007998881446511,0.0013157546803960068,792.0,0.030028497444218927
7259_liver_sbr_Male_26-U1,sbr,26,tierA_p95,T/NK cells,il6_jak_stat3,10.0,15.0,873.0,0.02910124855688752,0.0014253094429895448,812.0,0.029177044246523284
7259_liver_sbr_Male_26-U1,sbr,26,tierA_p95,T/NK cells,il6_jak_stat3,15.0,20.0,834.0,0.02571774579092939,0.001373719673776872,777.0,0.026683294756793173
7259_liver_sbr_Male_26-U1,sbr,26,tierA_p95,T/NK cells,il6_jak_stat3,20.0,25.0,732.0,0.02686144800865377,0.0013743601586055085,762.0,0.024693451431504303
7259_liver_sbr_Male_26-U1,sbr,26,tierA_p95,T/NK cells,il6_jak_stat3,25.0,30.0,679.0,0.024322356403477973,0.0013875506249144732,626.0,0.026626533587302246
7259_liver_sbr_Male_26-U1,sbr,26,tierA_p95,T/NK cells,il6_jak_stat3,30.0,35.0,541.0,0.022622051720129578,0.0014775027152753423,532.0,0.02340291352911458
7259_liver_sbr_Male_26-U1,sbr,26,tierA_p95,T/NK cells,il6_jak_stat3,35.0,40.0,428.0,0.018184649483535004,0.0016008971103139277,398.0,0.023685175893098775
7259_liver_sbr_Male_26-U1,sbr,26,tierA_p95,T/NK cells,il6_jak_stat3,40.0,45.0,283.0,0.021135547717287807,0.0019209081589146232,292.0,0.02135626717112968
7259_liver_sbr_Male_26-U1,sbr,26,tierA_p95,T/NK cells,il6_jak_stat3,45.0,50.0,193.0,0.024617409412604346,0.0025974824122197487,188.0,0.016658297728776854
7259_liver_sbr_Male_26-U1,sbr,26,tierA_p95,T/NK cells,il6_jak_stat3,50.0,55.0,149.0,0.023319194689877455,0.003263561178368547,152.0,0.026434671159031017
7259_liver_sbr_Male_26-U1,sbr,26,tierA_p95,T/NK cells,il6_jak_stat3,55.0,60.0,95.0,0.022075052549572368,0.0035497091658327844,98.0,0.021430408090889946
7259_liver_sbr_Male_26-U1,sbr,26,tierA_p95,T/NK cells,il6_jak_stat3,60.0,65.0,55.0,0.02876036357113414,0.00581303517696379,49.0,0.0175030612415273
7259_liver_sbr_Male_26-U1,sbr,26,tierA_p95,T/NK cells,il6_jak_stat3,65.0,70.0,47.0,0.03258957443362538,0.006648393557063252,47.0,0.018988297999578903
7259_liver_sbr_Male_26-U1,sbr,26,tierA_p95,T/NK cells,il6_jak_stat3,70.0,75.0,26.0,0.03351230745185883,0.00706716080102301,32.0,0.02224937501750901
7259_liver_sbr_Male_26-U1,sbr,26,tierA_p95,T/NK cells,il6_jak_stat3,75.0,80.0,14.0,0.029620000111338283,0.016066957028613025,13.0,0.017155384895606682
7259_liver_sbr_Male_26-U1,sbr,26,tierA_p95,T/NK cells,il6_jak_stat3,80.0,85.0,18.0,0.045687777811609626,0.013311333108733878,9.0,0.0010466666685210334
7259_liver_sbr_Male_26-U1,sbr,26,tierA_p95,T/NK cells,il6_jak_stat3,85.0,90.0,8.0,0.05346000051940791,0.010500290270226028,0.0,
7259_liver_sbr_Male_26-U1,sbr,26,tierA_p95,T/NK cells,il6_jak_stat3,90.0,95.0,8.0,0.07435624999925494,0.03451052329543034,2.0,-0.00520500005222857
7259_liver_sbr_Male_26-U1,sbr,26,tierA_p95,T/NK cells,il6_jak_stat3,95.0,100.0,1.0,0.12717999517917633,,6.0,0.027281666290946305
7259_liver_sbr_Male_26-U1,sbr,26,tierA_p95,T/NK cells,interferon_response,0.0,5.0,113.0,0.059817876301054736,0.004841213301366573,400.0,0.052689324912098524
7259_liver_sbr_Male_26-U1,sbr,26,tierA_p95,T/NK cells,interferon_response,5.0,10.0,890.0,0.05521366289604895,0.0014394676102377044,792.0,0.055475252475710966
7259_liver_sbr_Male_26-U1,sbr,26,tierA_p95,T/NK cells,interferon_response,10.0,15.0,873.0,0.05638747984994969,0.00158101681042508,812.0,0.056481095934986354
7259_liver_sbr_Male_26-U1,sbr,26,tierA_p95,T/NK cells,interferon_response,15.0,20.0,834.0,0.05297633082920684,0.00150731740910134,777.0,0.055152663980417994
7259_liver_sbr_Male_26-U1,sbr,26,tierA_p95,T/NK cells,interferon_response,20.0,25.0,732.0,0.052411926234054475,0.0014603026156433838,762.0,0.05258380570660721
7259_liver_sbr_Male_26-U1,sbr,26,tierA_p95,T/NK cells,interferon_response,25.0,30.0,679.0,0.049237157664734875,0.0013325529932622427,626.0,0.050607220456880514
7259_liver_sbr_Male_26-U1,sbr,26,tierA_p95,T/NK cells,interferon_response,30.0,35.0,541.0,0.04947075777378987,0.0015834251471660873,532.0,0.05153639098038307
7259_liver_sbr_Male_26-U1,sbr,26,tierA_p95,T/NK cells,interferon_response,35.0,40.0,428.0,0.04288292053296632,0.001662035798905639,398.0,0.04999379401595973
7259_liver_sbr_Male_26-U1,sbr,26,tierA_p95,T/NK cells,interferon_response,40.0,45.0,283.0,0.0461536748756411,0.0020020077529620027,292.0,0.04535311653437444
7259_liver_sbr_Male_26-U1,sbr,26,tierA_p95,T/NK cells,interferon_response,45.0,50.0,193.0,0.050367927195818264,0.002403033898761338,188.0,0.04479000006091503
7259_liver_sbr_Male_26-U1,sbr,26,tierA_p95,T/NK cells,interferon_response,50.0,55.0,149.0,0.05019174490407994,0.0031311553619224088,152.0,0.04571953948087819
7259_liver_sbr_Male_26-U1,sbr,26,tierA_p95,T/NK cells,interferon_response,55.0,60.0,95.0,0.0514781052810385,0.004298865938868741,98.0,0.05130193889027043
7259_liver_sbr_Male_26-U1,sbr,26,tierA_p95,T/NK cells,interferon_response,60.0,65.0,55.0,0.0477563635784794,0.004932689020794807,49.0,0.03938122430539509
7259_liver_sbr_Male_26-U1,sbr,26,tierA_p95,T/NK cells,interferon_response,65.0,70.0,47.0,0.05649808520498249,0.0069828594402653495,47.0,0.044785531956028746
7259_liver_sbr_Male_26-U1,sbr,26,tierA_p95,T/NK cells,interferon_response,70.0,75.0,26.0,0.0654396155419258,0.008825528146898062,32.0,0.05018406267845421
7259_liver_sbr_Male_26-U1,sbr,26,tierA_p95,T/NK cells,interferon_response,75.0,80.0,14.0,0.07331571456909712,0.02069494111945286,13.0,0.026750000480275888
7259_liver_sbr_Male_26-U1,sbr,26,tierA_p95,T/NK cells,interferon_response,80.0,85.0,18.0,0.07763388999349748,0.018323678223012934,9.0,0.011242222196112076
7259_liver_sbr_Male_26-U1,sbr,26,tierA_p95,T/NK cells,interferon_response,85.0,90.0,8.0,0.1088750003837049,0.022138306549648063,0.0,
7259_liver_sbr_Male_26-U1,sbr,26,tierA_p95,T/NK cells,interferon_response,90.0,95.0,8.0,0.12187124788761139,0.035052993031361265,2.0,-0.004255000036209822
7259_liver_sbr_Male_26-U1,sbr,26,tierA_p95,T/NK cells,interferon_response,95.0,100.0,1.0,0.18696999549865723,,6.0,0.0501949992030859
7259_liver_sbr_Male_26-U1,sbr,26,tierA_p95,T/NK cells,oxidative_stress,0.0,5.0,113.0,0.04620929214324539,0.005669775809045363,400.0,0.04060337510803947
7259_liver_sbr_Male_26-U1,sbr,26,tierA_p95,T/NK cells,oxidative_stress,5.0,10.0,890.0,0.04909934839769234,0.0018841989146841875,792.0,0.046150366269351005
7259_liver_sbr_Male_26-U1,sbr,26,tierA_p95,T/NK cells,oxidative_stress,10.0,15.0,873.0,0.04987268056558391,0.0019025064670194257,812.0,0.05380674883919459
7259_liver_sbr_Male_26-U1,sbr,26,tierA_p95,T/NK cells,oxidative_stress,15.0,20.0,834.0,0.05539745807166689,0.0020773769042897895,777.0,0.055142342312181084
7259_liver_sbr_Male_26-U1,sbr,26,tierA_p95,T/NK cells,oxidative_stress,20.0,25.0,732.0,0.053715109270471725,0.002202044078210902,762.0,0.055087887195505454
7259_liver_sbr_Male_26-U1,sbr,26,tierA_p95,T/NK cells,oxidative_stress,25.0,30.0,679.0,0.057298939638080686,0.0021093146802524596,626.0,0.05503154963683304
7259_liver_sbr_Male_26-U1,sbr,26,tierA_p95,T/NK cells,oxidative_stress,30.0,35.0,541.0,0.054741922205977026,0.0022803265832452317,532.0,0.057367067739430504
7259_liver_sbr_Male_26-U1,sbr,26,tierA_p95,T/NK cells,oxidative_stress,35.0,40.0,428.0,0.05897315439383802,0.002809062456028694,398.0,0.05777630653332993
7259_liver_sbr_Male_26-U1,sbr,26,tierA_p95,T/NK cells,oxidative_stress,40.0,45.0,283.0,0.05341597194542743,0.003329583473340816,292.0,0.05692897261921133
7259_liver_sbr_Male_26-U1,sbr,26,tierA_p95,T/NK cells,oxidative_stress,45.0,50.0,193.0,0.04966248706410068,0.0038287962585224844,188.0,0.06194010620194913
7259_liver_sbr_Male_26-U1,sbr,26,tierA_p95,T/NK cells,oxidative_stress,50.0,55.0,149.0,0.05845852364550013,0.004397230976875098,152.0,0.06769223698282938
7259_liver_sbr_Male_26-U1,sbr,26,tierA_p95,T/NK cells,oxidative_stress,55.0,60.0,95.0,0.06205084197419254,0.005789591860336879,98.0,0.049276734738817385
7259_liver_sbr_Male_26-U1,sbr,26,tierA_p95,T/NK cells,oxidative_stress,60.0,65.0,55.0,0.06373927291821349,0.007801155424307991,49.0,0.06555326488724321
7259_liver_sbr_Male_26-U1,sbr,26,tierA_p95,T/NK cells,oxidative_stress,65.0,70.0,47.0,0.06777404256810884,0.008866056686845446,47.0,0.062181702502904106
7259_liver_sbr_Male_26-U1,sbr,26,tierA_p95,T/NK cells,oxidative_stress,70.0,75.0,26.0,0.06948422991599028,0.008716440474199005,32.0,0.06302031173981959
7259_liver_sbr_Male_26-U1,sbr,26,tierA_p95,T/NK cells,oxidative_stress,75.0,80.0,14.0,0.06868857085438711,0.013577920688672116,13.0,0.07067538484429511
7259_liver_sbr_Male_26-U1,sbr,26,tierA_p95,T/NK cells,oxidative_stress,80.0,85.0,18.0,0.0678499993454251,0.014111956157071092,9.0,0.08322888902491993
7259_liver_sbr_Male_26-U1,sbr,26,tierA_p95,T/NK cells,oxidative_stress,85.0,90.0,8.0,0.07737375097349286,0.02560963532839496,0.0,
7259_liver_sbr_Male_26-U1,sbr,26,tierA_p95,T/NK cells,oxidative_stress,90.0,95.0,8.0,0.06638124921300914,0.013826198611664153,2.0,0.07629000023007393
7259_liver_sbr_Male_26-U1,sbr,26,tierA_p95,T/NK cells,oxidative_stress,95.0,100.0,1.0,0.18513000011444092,,6.0,0.07267500025530656
7259_liver_sbr_Male_26-U1,sbr,26,tierA_p95,T/NK cells,secondary_senescence,0.0,5.0,113.0,0.011753008798005851,0.003886193165781776,400.0,0.0037051749273450695
7259_liver_sbr_Male_26-U1,sbr,26,tierA_p95,T/NK cells,secondary_senescence,5.0,10.0,890.0,0.004081022469051348,0.0013598289254340254,792.0,0.005076805560260842
7259_liver_sbr_Male_26-U1,sbr,26,tierA_p95,T/NK cells,secondary_senescence,10.0,15.0,873.0,0.004957537254744185,0.0013223659178245792,812.0,0.003888140385552016
7259_liver_sbr_Male_26-U1,sbr,26,tierA_p95,T/NK cells,secondary_senescence,15.0,20.0,834.0,0.0019218105035549956,0.0013099474867361975,777.0,0.001101428626111819
7259_liver_sbr_Male_26-U1,sbr,26,tierA_p95,T/NK cells,secondary_senescence,20.0,25.0,732.0,-0.00029252734976913526,0.0013819688317884208,762.0,0.0006765223147447714
7259_liver_sbr_Male_26-U1,sbr,26,tierA_p95,T/NK cells,secondary_senescence,25.0,30.0,679.0,-0.0014442709419016167,0.0014292405896686202,626.0,-0.0011199201321760368
7259_liver_sbr_Male_26-U1,sbr,26,tierA_p95,T/NK cells,secondary_senescence,30.0,35.0,541.0,1.8299483675199824e-06,0.001573224504604574,532.0,0.0027362030127699114
7259_liver_sbr_Male_26-U1,sbr,26,tierA_p95,T/NK cells,secondary_senescence,35.0,40.0,428.0,-0.0014385280250807627,0.0017088705809896725,398.0,-0.0011641708350080492
7259_liver_sbr_Male_26-U1,sbr,26,tierA_p95,T/NK cells,secondary_senescence,40.0,45.0,283.0,0.00033148426880118807,0.002299781726657586,292.0,-2.917809264271118e-05
7259_liver_sbr_Male_26-U1,sbr,26,tierA_p95,T/NK cells,secondary_senescence,45.0,50.0,193.0,-0.003292435282801213,0.002565208487683564,188.0,-0.0014807979434331077
7259_liver_sbr_Male_26-U1,sbr,26,tierA_p95,T/NK cells,secondary_senescence,50.0,55.0,149.0,0.0012304027427703567,0.0034649683282177613,152.0,-0.0012627631593587513
7259_liver_sbr_Male_26-U1,sbr,26,tierA_p95,T/NK cells,secondary_senescence,55.0,60.0,95.0,0.002266631727903395,0.003853988583135039,98.0,0.002673469541651703
7259_liver_sbr_Male_26-U1,sbr,26,tierA_p95,T/NK cells,secondary_senescence,60.0,65.0,55.0,-0.0022196363694754174,0.00469652254567887,49.0,-0.0043567346446976365
7259_liver_sbr_Male_26-U1,sbr,26,tierA_p95,T/NK cells,secondary_senescence,65.0,70.0,47.0,0.006735957556303858,0.0048537524332867826,47.0,-0.006434255265280917
7259_liver_sbr_Male_26-U1,sbr,26,tierA_p95,T/NK cells,secondary_senescence,70.0,75.0,26.0,-0.0006038463280464595,0.006872343921010046,32.0,0.0023843752751417924
7259_liver_sbr_Male_26-U1,sbr,26,tierA_p95,T/NK cells,secondary_senescence,75.0,80.0,14.0,0.01384714265753116,0.013542607390804508,13.0,-0.0024323074791866997
7259_liver_sbr_Male_26-U1,sbr,26,tierA_p95,T/NK cells,secondary_senescence,80.0,85.0,18.0,0.0020161106820321744,0.007757986967267787,9.0,0.0012499999461902513
7259_liver_sbr_Male_26-U1,sbr,26,tierA_p95,T/NK cells,secondary_senescence,85.0,90.0,8.0,0.012001249706372619,0.012789338123641773,0.0,
7259_liver_sbr_Male_26-U1,sbr,26,tierA_p95,T/NK cells,secondary_senescence,90.0,95.0,8.0,0.007863749473472126,0.012391229862660344,2.0,-0.038999998942017555
7259_liver_sbr_Male_26-U1,sbr,26,tierA_p95,T/NK cells,secondary_senescence,95.0,100.0,1.0,0.01858999952673912,,6.0,-0.007150000261996563
7259_liver_sbr_Male_26-U1,sbr,26,tierA_p95,T/NK cells,tnfa_nfkb_proximal,0.0,5.0,113.0,0.016845840686443878,0.003023848459099291,400.0,0.016484150021278766
7259_liver_sbr_Male_26-U1,sbr,26,tierA_p95,T/NK cells,tnfa_nfkb_proximal,5.0,10.0,890.0,0.01732800004268366,0.0010115397624083132,792.0,0.0169023864132857
7259_liver_sbr_Male_26-U1,sbr,26,tierA_p95,T/NK cells,tnfa_nfkb_proximal,10.0,15.0,873.0,0.01671481103255141,0.0011094360302128332,812.0,0.015812746299139115
7259_liver_sbr_Male_26-U1,sbr,26,tierA_p95,T/NK cells,tnfa_nfkb_proximal,15.0,20.0,834.0,0.014655791401951352,0.0010133813147089772,777.0,0.013920823668970345
7259_liver_sbr_Male_26-U1,sbr,26,tierA_p95,T/NK cells,tnfa_nfkb_proximal,20.0,25.0,732.0,0.014954275990607864,0.000982434967393901,762.0,0.015361614191559849
7259_liver_sbr_Male_26-U1,sbr,26,tierA_p95,T/NK cells,tnfa_nfkb_proximal,25.0,30.0,679.0,0.012553667148410766,0.0009655940701294431,626.0,0.012980910520830696
7259_liver_sbr_Male_26-U1,sbr,26,tierA_p95,T/NK cells,tnfa_nfkb_proximal,30.0,35.0,541.0,0.011089316076736135,0.0010819835173049826,532.0,0.014154548953147036
7259_liver_sbr_Male_26-U1,sbr,26,tierA_p95,T/NK cells,tnfa_nfkb_proximal,35.0,40.0,428.0,0.010845724258734517,0.0011866271562106221,398.0,0.013644849301317891
7259_liver_sbr_Male_26-U1,sbr,26,tierA_p95,T/NK cells,tnfa_nfkb_proximal,40.0,45.0,283.0,0.010328939900084197,0.0013939785968385032,292.0,0.010083869904482439
7259_liver_sbr_Male_26-U1,sbr,26,tierA_p95,T/NK cells,tnfa_nfkb_proximal,45.0,50.0,193.0,0.009110932648944949,0.0018104219647483834,188.0,0.01050478719093433
7259_liver_sbr_Male_26-U1,sbr,26,tierA_p95,T/NK cells,tnfa_nfkb_proximal,50.0,55.0,149.0,0.013734496700196159,0.0026003884325927875,152.0,0.013275263118932918
7259_liver_sbr_Male_26-U1,sbr,26,tierA_p95,T/NK cells,tnfa_nfkb_proximal,55.0,60.0,95.0,0.011165789539288533,0.0028155711535455268,98.0,0.012631530638679337
7259_liver_sbr_Male_26-U1,sbr,26,tierA_p95,T/NK cells,tnfa_nfkb_proximal,60.0,65.0,55.0,0.011499272756521928,0.0034676460767057186,49.0,0.008778367322223375
7259_liver_sbr_Male_26-U1,sbr,26,tierA_p95,T/NK cells,tnfa_nfkb_proximal,65.0,70.0,47.0,0.01652723400571205,0.004209235776919245,47.0,0.01135723396362935
7259_liver_sbr_Male_26-U1,sbr,26,tierA_p95,T/NK cells,tnfa_nfkb_proximal,70.0,75.0,26.0,0.014306923338713555,0.006622006982770313,32.0,0.004574062466417672
7259_liver_sbr_Male_26-U1,sbr,26,tierA_p95,T/NK cells,tnfa_nfkb_proximal,75.0,80.0,14.0,0.01944142811615685,0.010429784004693257,13.0,0.0002807692194787356
7259_liver_sbr_Male_26-U1,sbr,26,tierA_p95,T/NK cells,tnfa_nfkb_proximal,80.0,85.0,18.0,0.037385554938939296,0.008966204529360866,9.0,-0.0060866669874586575
7259_liver_sbr_Male_26-U1,sbr,26,tierA_p95,T/NK cells,tnfa_nfkb_proximal,85.0,90.0,8.0,0.0406174999079667,0.014253119067576373,0.0,
7259_liver_sbr_Male_26-U1,sbr,26,tierA_p95,T/NK cells,tnfa_nfkb_proximal,90.0,95.0,8.0,0.0452900001546368,0.021335568459033883,2.0,-0.03741500061005354
7259_liver_sbr_Male_26-U1,sbr,26,tierA_p95,T/NK cells,tnfa_nfkb_proximal,95.0,100.0,1.0,0.10008999705314636,,6.0,-0.005684999884882321
7260_liver_sbr_Male_26-U1,sbr,26,tierA_p95,Biliary/ductular,downstream_arrest,0.0,5.0,253.0,0.01636905142347919,0.001248254556718373,1678.0,0.01662808103970352
7260_liver_sbr_Male_26-U1,sbr,26,tierA_p95,Biliary/ductular,downstream_arrest,5.0,10.0,3300.0,0.017298584856595852,0.00034563362509538835,3094.0,0.017562672937623595
7260_liver_sbr_Male_26-U1,sbr,26,tierA_p95,Biliary/ductular,downstream_arrest,10.0,15.0,3254.0,0.01748914566048348,0.00034787901589486463,3060.0,0.017035866024438816
7260_liver_sbr_Male_26-U1,sbr,26,tierA_p95,Biliary/ductular,downstream_arrest,15.0,20.0,3092.0,0.017304482532516676,0.0003471043362268669,3031.0,0.01763142526307473
7260_liver_sbr_Male_26-U1,sbr,26,tierA_p95,Biliary/ductular,downstream_arrest,20.0,25.0,3056.0,0.016549633509870574,0.0003530769921848173,3014.0,0.01685752820361084
7260_liver_sbr_Male_26-U1,sbr,26,tierA_p95,Biliary/ductular,downstream_arrest,25.0,30.0,2839.0,0.016359816844922458,0.0003650607334964126,2747.0,0.016748456488451104
7260_liver_sbr_Male_26-U1,sbr,26,tierA_p95,Biliary/ductular,downstream_arrest,30.0,35.0,2503.0,0.016238557743239287,0.0003779533781822505,2377.0,0.016166470354674858
7260_liver_sbr_Male_26-U1,sbr,26,tierA_p95,Biliary/ductular,downstream_arrest,35.0,40.0,2179.0,0.016037273977011796,0.00040747886125042614,2048.0,0.016456118201750414
7260_liver_sbr_Male_26-U1,sbr,26,tierA_p95,Biliary/ductular,downstream_arrest,40.0,45.0,1786.0,0.015790363965235216,0.00044418296097711553,1695.0,0.01598826544454837
7260_liver_sbr_Male_26-U1,sbr,26,tierA_p95,Biliary/ductular,downstream_arrest,45.0,50.0,1521.0,0.015418422081500509,0.00048671561810271065,1305.0,0.015854536379400687
7260_liver_sbr_Male_26-U1,sbr,26,tierA_p95,Biliary/ductular,downstream_arrest,50.0,55.0,1092.0,0.016843644714734204,0.0005711276659812743,1058.0,0.014045964112997552
7260_liver_sbr_Male_26-U1,sbr,26,tierA_p95,Biliary/ductular,downstream_arrest,55.0,60.0,834.0,0.016737997566482202,0.0006655558961730037,785.0,0.014588407652451105
7260_liver_sbr_Male_26-U1,sbr,26,tierA_p95,Biliary/ductular,downstream_arrest,60.0,65.0,615.0,0.016495804892598775,0.0007918589806310317,506.0,0.015581699548686165
7260_liver_sbr_Male_26-U1,sbr,26,tierA_p95,Biliary/ductular,downstream_arrest,65.0,70.0,448.0,0.016250691969949976,0.0008846960984746262,400.0,0.017280300033335153
7260_liver_sbr_Male_26-U1,sbr,26,tierA_p95,Biliary/ductular,downstream_arrest,70.0,75.0,333.0,0.01493069068901905,0.0011023156870046498,277.0,0.016518014452946775
7260_liver_sbr_Male_26-U1,sbr,26,tierA_p95,Biliary/ductular,downstream_arrest,75.0,80.0,221.0,0.01560470591614242,0.0012944309230136918,189.0,0.01534502648162685
7260_liver_sbr_Male_26-U1,sbr,26,tierA_p95,Biliary/ductular,downstream_arrest,80.0,85.0,125.0,0.015690400000690715,0.0019251581869640278,120.0,0.017185250068177994
7260_liver_sbr_Male_26-U1,sbr,26,tierA_p95,Biliary/ductular,downstream_arrest,85.0,90.0,67.0,0.016337014852029118,0.002046736203117707,92.0,0.015879239201714645
7260_liver_sbr_Male_26-U1,sbr,26,tierA_p95,Biliary/ductular,downstream_arrest,90.0,95.0,56.0,0.016224107096994494,0.002377707110323576,45.0,0.014053333316567457
7260_liver_sbr_Male_26-U1,sbr,26,tierA_p95,Biliary/ductular,downstream_arrest,95.0,100.0,49.0,0.0183669387301126,0.0025885848870023593,102.0,0.01648019605964495
7260_liver_sbr_Male_26-U1,sbr,26,tierA_p95,Biliary/ductular,emt_ecm,0.0,5.0,253.0,0.05228169953354851,0.001866131473901525,1678.0,0.0547269308971299
7260_liver_sbr_Male_26-U1,sbr,26,tierA_p95,Biliary/ductular,emt_ecm,5.0,10.0,3300.0,0.05701839084864663,0.0005510601373488296,3094.0,0.058127562990777044
7260_liver_sbr_Male_26-U1,sbr,26,tierA_p95,Biliary/ductular,emt_ecm,10.0,15.0,3254.0,0.05741519363939283,0.0005636830782472021,3060.0,0.05692414050448076
7260_liver_sbr_Male_26-U1,sbr,26,tierA_p95,Biliary/ductular,emt_ecm,15.0,20.0,3092.0,0.05636754529670471,0.0005751559284249886,3031.0,0.05737023755075788
7260_liver_sbr_Male_26-U1,sbr,26,tierA_p95,Biliary/ductular,emt_ecm,20.0,25.0,3056.0,0.057435232280750155,0.0005663072818074842,3014.0,0.05620220635833805
7260_liver_sbr_Male_26-U1,sbr,26,tierA_p95,Biliary/ductular,emt_ecm,25.0,30.0,2839.0,0.05615419514408917,0.0005837803009309588,2747.0,0.05586681105491249
7260_liver_sbr_Male_26-U1,sbr,26,tierA_p95,Biliary/ductular,emt_ecm,30.0,35.0,2503.0,0.05563378747984173,0.0006039305403413796,2377.0,0.05456080352588392
7260_liver_sbr_Male_26-U1,sbr,26,tierA_p95,Biliary/ductular,emt_ecm,35.0,40.0,2179.0,0.054223437285643286,0.0006600935069514218,2048.0,0.05539962399068621
7260_liver_sbr_Male_26-U1,sbr,26,tierA_p95,Biliary/ductular,emt_ecm,40.0,45.0,1786.0,0.054975778273189,0.0007190863185052192,1695.0,0.056241109100053505
7260_liver_sbr_Male_26-U1,sbr,26,tierA_p95,Biliary/ductular,emt_ecm,45.0,50.0,1521.0,0.05645787634761976,0.0008031461584274102,1305.0,0.055477938726863296
7260_liver_sbr_Male_26-U1,sbr,26,tierA_p95,Biliary/ductular,emt_ecm,50.0,55.0,1092.0,0.055212829696453504,0.0009185228393861768,1058.0,0.05553522686563455
7260_liver_sbr_Male_26-U1,sbr,26,tierA_p95,Biliary/ductular,emt_ecm,55.0,60.0,834.0,0.056062110234540496,0.0010643672639376364,785.0,0.056410242046027854
7260_liver_sbr_Male_26-U1,sbr,26,tierA_p95,Biliary/ductular,emt_ecm,60.0,65.0,615.0,0.05552320340750039,0.0012288531660006367,506.0,0.05449665995616569
7260_liver_sbr_Male_26-U1,sbr,26,tierA_p95,Biliary/ductular,emt_ecm,65.0,70.0,448.0,0.05237176333360237,0.001347819130917051,400.0,0.05163265005830908
7260_liver_sbr_Male_26-U1,sbr,26,tierA_p95,Biliary/ductular,emt_ecm,70.0,75.0,333.0,0.05254660667075465,0.0016412102353473969,277.0,0.054921299747938614
7260_liver_sbr_Male_26-U1,sbr,26,tierA_p95,Biliary/ductular,emt_ecm,75.0,80.0,221.0,0.052471402706999785,0.0019821859252532213,189.0,0.05105195747763559
7260_liver_sbr_Male_26-U1,sbr,26,tierA_p95,Biliary/ductular,emt_ecm,80.0,85.0,125.0,0.052330880280584094,0.0025412969564734484,120.0,0.04850941671514496
7260_liver_sbr_Male_26-U1,sbr,26,tierA_p95,Biliary/ductular,emt_ecm,85.0,90.0,67.0,0.05057089533587334,0.0038747549978155314,92.0,0.0494978259730092
7260_liver_sbr_Male_26-U1,sbr,26,tierA_p95,Biliary/ductular,emt_ecm,90.0,95.0,56.0,0.05346517855442861,0.004454109658324137,45.0,0.050484221825738335
7260_liver_sbr_Male_26-U1,sbr,26,tierA_p95,Biliary/ductular,emt_ecm,95.0,100.0,49.0,0.05291673442234798,0.00469456652288327,102.0,0.0579766669201062
7260_liver_sbr_Male_26-U1,sbr,26,tierA_p95,Biliary/ductular,il6_jak_stat3,0.0,5.0,253.0,-0.013794466353688995,0.0019230581038055283,1678.0,-0.012636787817908052
7260_liver_sbr_Male_26-U1,sbr,26,tierA_p95,Biliary/ductular,il6_jak_stat3,5.0,10.0,3300.0,-0.012474872750891805,0.0005467972508606634,3094.0,-0.011907611519560652
7260_liver_sbr_Male_26-U1,sbr,26,tierA_p95,Biliary/ductular,il6_jak_stat3,10.0,15.0,3254.0,-0.01313624460515468,0.0005392997408673175,3060.0,-0.012944937923073227
7260_liver_sbr_Male_26-U1,sbr,26,tierA_p95,Biliary/ductular,il6_jak_stat3,15.0,20.0,3092.0,-0.012868434678969937,0.0005404850190847614,3031.0,-0.01283680304720773
7260_liver_sbr_Male_26-U1,sbr,26,tierA_p95,Biliary/ductular,il6_jak_stat3,20.0,25.0,3056.0,-0.012289905123172873,0.0005434490792279434,3014.0,-0.013235358332208418
7260_liver_sbr_Male_26-U1,sbr,26,tierA_p95,Biliary/ductular,il6_jak_stat3,25.0,30.0,2839.0,-0.015324998220421228,0.0005491625447099475,2747.0,-0.015105074634992076
7260_liver_sbr_Male_26-U1,sbr,26,tierA_p95,Biliary/ductular,il6_jak_stat3,30.0,35.0,2503.0,-0.014743567761626606,0.0006033637850985937,2377.0,-0.013767177128191583
7260_liver_sbr_Male_26-U1,sbr,26,tierA_p95,Biliary/ductular,il6_jak_stat3,35.0,40.0,2179.0,-0.014052693897104167,0.0006332848524499469,2048.0,-0.013772807601771575
7260_liver_sbr_Male_26-U1,sbr,26,tierA_p95,Biliary/ductular,il6_jak_stat3,40.0,45.0,1786.0,-0.012581948488644943,0.0007175590531751044,1695.0,-0.014485109170418797
7260_liver_sbr_Male_26-U1,sbr,26,tierA_p95,Biliary/ductular,il6_jak_stat3,45.0,50.0,1521.0,-0.013970986208139764,0.0007577652985584671,1305.0,-0.013579662846573281
7260_liver_sbr_Male_26-U1,sbr,26,tierA_p95,Biliary/ductular,il6_jak_stat3,50.0,55.0,1092.0,-0.014163534826819313,0.0008796186444278597,1058.0,-0.013312627605843888
7260_liver_sbr_Male_26-U1,sbr,26,tierA_p95,Biliary/ductular,il6_jak_stat3,55.0,60.0,834.0,-0.013453237421240275,0.0010351360751510814,785.0,-0.015060649653846639
7260_liver_sbr_Male_26-U1,sbr,26,tierA_p95,Biliary/ductular,il6_jak_stat3,60.0,65.0,615.0,-0.015455235725480966,0.0011764673481668856,506.0,-0.016181086938267836
7260_liver_sbr_Male_26-U1,sbr,26,tierA_p95,Biliary/ductular,il6_jak_stat3,65.0,70.0,448.0,-0.014250133940525498,0.0013270019661591017,400.0,-0.016624650005687726
7260_liver_sbr_Male_26-U1,sbr,26,tierA_p95,Biliary/ductular,il6_jak_stat3,70.0,75.0,333.0,-0.01456357356128192,0.0016125120697037467,277.0,-0.013801516258961664
7260_liver_sbr_Male_26-U1,sbr,26,tierA_p95,Biliary/ductular,il6_jak_stat3,75.0,80.0,221.0,-0.011450135699828626,0.0019548821532575636,189.0,-0.012070052855908033
7260_liver_sbr_Male_26-U1,sbr,26,tierA_p95,Biliary/ductular,il6_jak_stat3,80.0,85.0,125.0,-0.01724655985739082,0.002552952094038243,120.0,-0.02040316668771993
7260_liver_sbr_Male_26-U1,sbr,26,tierA_p95,Biliary/ductular,il6_jak_stat3,85.0,90.0,67.0,-0.014631791010763107,0.003765902390433534,92.0,-0.016706304406397976
7260_liver_sbr_Male_26-U1,sbr,26,tierA_p95,Biliary/ductular,il6_jak_stat3,90.0,95.0,56.0,-0.011593392725834357,0.004440897365184444,45.0,-0.015723333393947946
7260_liver_sbr_Male_26-U1,sbr,26,tierA_p95,Biliary/ductular,il6_jak_stat3,95.0,100.0,49.0,-0.014018775472489937,0.004098896588334704,102.0,-0.012077548903214526
7260_liver_sbr_Male_26-U1,sbr,26,tierA_p95,Biliary/ductular,interferon_response,0.0,5.0,253.0,0.0008740711263642074,0.001683927327927442,1678.0,0.0002432538548222753
7260_liver_sbr_Male_26-U1,sbr,26,tierA_p95,Biliary/ductular,interferon_response,5.0,10.0,3300.0,6.106362706442737e-05,0.00047249724684082393,3094.0,0.0005622624376232508
7260_liver_sbr_Male_26-U1,sbr,26,tierA_p95,Biliary/ductular,interferon_response,10.0,15.0,3254.0,0.0002330854312627136,0.0004589939433991357,3060.0,0.0003819084961684531
7260_liver_sbr_Male_26-U1,sbr,26,tierA_p95,Biliary/ductular,interferon_response,15.0,20.0,3092.0,-8.619339411649348e-05,0.0004678412305630125,3031.0,0.000552164318133643
7260_liver_sbr_Male_26-U1,sbr,26,tierA_p95,Biliary/ductular,interferon_response,20.0,25.0,3056.0,0.0008694895347476221,0.0004739067249565819,3014.0,0.0006056370066319849
7260_liver_sbr_Male_26-U1,sbr,26,tierA_p95,Biliary/ductular,interferon_response,25.0,30.0,2839.0,-0.0004047094163727195,0.000486760163225915,2747.0,-0.0010472078381347629
7260_liver_sbr_Male_26-U1,sbr,26,tierA_p95,Biliary/ductular,interferon_response,30.0,35.0,2503.0,-0.0004644506606151031,0.0005255256350278448,2377.0,0.0008921665799643318
7260_liver_sbr_Male_26-U1,sbr,26,tierA_p95,Biliary/ductular,interferon_response,35.0,40.0,2179.0,0.0007045020688609099,0.0005501980600445644,2048.0,-4.755369632469808e-05
7260_liver_sbr_Male_26-U1,sbr,26,tierA_p95,Biliary/ductular,interferon_response,40.0,45.0,1786.0,0.000175134384811896,0.0006162531104037686,1695.0,-8.115041717911994e-05
7260_liver_sbr_Male_26-U1,sbr,26,tierA_p95,Biliary/ductular,interferon_response,45.0,50.0,1521.0,0.0005185075699654859,0.000660690602198648,1305.0,0.0009001302734794366
7260_liver_sbr_Male_26-U1,sbr,26,tierA_p95,Biliary/ductular,interferon_response,50.0,55.0,1092.0,0.001268406612115751,0.0007721347959506159,1058.0,0.00029671076258989634
7260_liver_sbr_Male_26-U1,sbr,26,tierA_p95,Biliary/ductular,interferon_response,55.0,60.0,834.0,0.0004440047905562061,0.0009789821441099095,785.0,-0.0004414394945087902
7260_liver_sbr_Male_26-U1,sbr,26,tierA_p95,Biliary/ductular,interferon_response,60.0,65.0,615.0,-0.0005112845376933682,0.0010032081105952355,506.0,-0.0018196442647080862
7260_liver_sbr_Male_26-U1,sbr,26,tierA_p95,Biliary/ductular,interferon_response,65.0,70.0,448.0,-0.0016362722995414255,0.0012764827135782453,400.0,-0.0008457499641735921
7260_liver_sbr_Male_26-U1,sbr,26,tierA_p95,Biliary/ductular,interferon_response,70.0,75.0,333.0,-0.0012642042213749712,0.0014171960240473454,277.0,-0.001699025210855522
7260_liver_sbr_Male_26-U1,sbr,26,tierA_p95,Biliary/ductular,interferon_response,75.0,80.0,221.0,-0.00027547506761038676,0.0016885492714851257,189.0,-0.0012382010496347754
7260_liver_sbr_Male_26-U1,sbr,26,tierA_p95,Biliary/ductular,interferon_response,80.0,85.0,125.0,-0.0008631998361088336,0.002550952132277188,120.0,-0.003205583414940823
7260_liver_sbr_Male_26-U1,sbr,26,tierA_p95,Biliary/ductular,interferon_response,85.0,90.0,67.0,0.00544343278013559,0.004300362361833151,92.0,-0.0019227175134406223
7260_liver_sbr_Male_26-U1,sbr,26,tierA_p95,Biliary/ductular,interferon_response,90.0,95.0,56.0,0.002888392918976024,0.0042753100086839295,45.0,-0.0031775554719691477
7260_liver_sbr_Male_26-U1,sbr,26,tierA_p95,Biliary/ductular,interferon_response,95.0,100.0,49.0,0.0001453060742315589,0.0032251850666018328,102.0,0.0024530393146800205
7260_liver_sbr_Male_26-U1,sbr,26,tierA_p95,Biliary/ductular,oxidative_stress,0.0,5.0,253.0,0.03339869575369369,0.0038976771966783637,1678.0,0.0457784148578058
7260_liver_sbr_Male_26-U1,sbr,26,tierA_p95,Biliary/ductular,oxidative_stress,5.0,10.0,3300.0,0.044460912086964746,0.0009257581938883593,3094.0,0.04327256300919123
7260_liver_sbr_Male_26-U1,sbr,26,tierA_p95,Biliary/ductular,oxidative_stress,10.0,15.0,3254.0,0.043911078648271235,0.0009428421878233158,3060.0,0.04695788560137432
7260_liver_sbr_Male_26-U1,sbr,26,tierA_p95,Biliary/ductular,oxidative_stress,15.0,20.0,3092.0,0.04604865137454372,0.0009646107577239175,3031.0,0.04603601451779283
7260_liver_sbr_Male_26-U1,sbr,26,tierA_p95,Biliary/ductular,oxidative_stress,20.0,25.0,3056.0,0.04771673435150932,0.0009582159333869391,3014.0,0.047792033835861635
7260_liver_sbr_Male_26-U1,sbr,26,tierA_p95,Biliary/ductular,oxidative_stress,25.0,30.0,2839.0,0.047059288499398014,0.0010338919649870674,2747.0,0.04661457954282764
7260_liver_sbr_Male_26-U1,sbr,26,tierA_p95,Biliary/ductular,oxidative_stress,30.0,35.0,2503.0,0.04858437872268638,0.0010958462259811643,2377.0,0.04975515779983318
7260_liver_sbr_Male_26-U1,sbr,26,tierA_p95,Biliary/ductular,oxidative_stress,35.0,40.0,2179.0,0.04971670489372484,0.0011711013097797502,2048.0,0.049116811480038436
7260_liver_sbr_Male_26-U1,sbr,26,tierA_p95,Biliary/ductular,oxidative_stress,40.0,45.0,1786.0,0.051069031255143886,0.001331649878846862,1695.0,0.05121230085491425
7260_liver_sbr_Male_26-U1,sbr,26,tierA_p95,Biliary/ductular,oxidative_stress,45.0,50.0,1521.0,0.05095129516917713,0.0013752566016378448,1305.0,0.04966121836966254
7260_liver_sbr_Male_26-U1,sbr,26,tierA_p95,Biliary/ductular,oxidative_stress,50.0,55.0,1092.0,0.0486964743820983,0.0016292033480801943,1058.0,0.04927337426050794
7260_liver_sbr_Male_26-U1,sbr,26,tierA_p95,Biliary/ductular,oxidative_stress,55.0,60.0,834.0,0.04857876497580445,0.0019908337265081137,785.0,0.04979774524898666
7260_liver_sbr_Male_26-U1,sbr,26,tierA_p95,Biliary/ductular,oxidative_stress,60.0,65.0,615.0,0.05490269920380778,0.0023487575968009805,506.0,0.04863037544413306
7260_liver_sbr_Male_26-U1,sbr,26,tierA_p95,Biliary/ductular,oxidative_stress,65.0,70.0,448.0,0.0542018526945997,0.002477960223968986,400.0,0.05446922498311323
7260_liver_sbr_Male_26-U1,sbr,26,tierA_p95,Biliary/ductular,oxidative_stress,70.0,75.0,333.0,0.05470093095403912,0.0029196182450360302,277.0,0.0546082668718387
7260_liver_sbr_Male_26-U1,sbr,26,tierA_p95,Biliary/ductular,oxidative_stress,75.0,80.0,221.0,0.05112606325260602,0.003583572703755821,189.0,0.04691709006131595
7260_liver_sbr_Male_26-U1,sbr,26,tierA_p95,Biliary/ductular,oxidative_stress,80.0,85.0,125.0,0.049044480317272245,0.005054481930433449,120.0,0.0464517499494832
7260_liver_sbr_Male_26-U1,sbr,26,tierA_p95,Biliary/ductular,oxidative_stress,85.0,90.0,67.0,0.04873253731230802,0.006799776627409255,92.0,0.04317163037099501
7260_liver_sbr_Male_26-U1,sbr,26,tierA_p95,Biliary/ductular,oxidative_stress,90.0,95.0,56.0,0.053470892829604315,0.00697173790886655,45.0,0.055347110593639726
7260_liver_sbr_Male_26-U1,sbr,26,tierA_p95,Biliary/ductular,oxidative_stress,95.0,100.0,49.0,0.056720815759332736,0.006943313953352186,102.0,0.046950000218417054
7260_liver_sbr_Male_26-U1,sbr,26,tierA_p95,Biliary/ductular,secondary_senescence,0.0,5.0,253.0,0.012762332071569517,0.0034623178349082457,1678.0,0.011371650750426225
7260_liver_sbr_Male_26-U1,sbr,26,tierA_p95,Biliary/ductular,secondary_senescence,5.0,10.0,3300.0,0.010510672731974355,0.0008510336053597668,3094.0,0.013325025877267655
7260_liver_sbr_Male_26-U1,sbr,26,tierA_p95,Biliary/ductular,secondary_senescence,10.0,15.0,3254.0,0.009937802677870158,0.0008016155075116713,3060.0,0.011294261454928893
7260_liver_sbr_Male_26-U1,sbr,26,tierA_p95,Biliary/ductular,secondary_senescence,15.0,20.0,3092.0,0.01149369339365563,0.0008463612809769017,3031.0,0.011025994704573732
7260_liver_sbr_Male_26-U1,sbr,26,tierA_p95,Biliary/ductular,secondary_senescence,20.0,25.0,3056.0,0.010569041227448506,0.0008522490709688708,3014.0,0.008642153273466109
7260_liver_sbr_Male_26-U1,sbr,26,tierA_p95,Biliary/ductular,secondary_senescence,25.0,30.0,2839.0,0.009368295164216292,0.0008660359710590344,2747.0,0.008038249007215588
7260_liver_sbr_Male_26-U1,sbr,26,tierA_p95,Biliary/ductular,secondary_senescence,30.0,35.0,2503.0,0.00812447863660502,0.0009156304537139734,2377.0,0.007527543162689634
7260_liver_sbr_Male_26-U1,sbr,26,tierA_p95,Biliary/ductular,secondary_senescence,35.0,40.0,2179.0,0.008383538346362065,0.000943876333866232,2048.0,0.008506201164788507
7260_liver_sbr_Male_26-U1,sbr,26,tierA_p95,Biliary/ductular,secondary_senescence,40.0,45.0,1786.0,0.009504820844755924,0.0011017430429599863,1695.0,0.009201793478342796
7260_liver_sbr_Male_26-U1,sbr,26,tierA_p95,Biliary/ductular,secondary_senescence,45.0,50.0,1521.0,0.00845896121536785,0.001168858646594742,1305.0,0.009767532565935837
7260_liver_sbr_Male_26-U1,sbr,26,tierA_p95,Biliary/ductular,secondary_senescence,50.0,55.0,1092.0,0.009129780249081489,0.0013996285232954402,1058.0,0.00830689032383149
7260_liver_sbr_Male_26-U1,sbr,26,tierA_p95,Biliary/ductular,secondary_senescence,55.0,60.0,834.0,0.011329592307233714,0.0015909083351058069,785.0,0.006703528617989757
7260_liver_sbr_Male_26-U1,sbr,26,tierA_p95,Biliary/ductular,secondary_senescence,60.0,65.0,615.0,0.008663284539748352,0.0018952279009443428,506.0,0.006058735151505654
7260_liver_sbr_Male_26-U1,sbr,26,tierA_p95,Biliary/ductular,secondary_senescence,65.0,70.0,448.0,0.00621736602336601,0.0021346791302420468,400.0,0.009313475077069597
7260_liver_sbr_Male_26-U1,sbr,26,tierA_p95,Biliary/ductular,secondary_senescence,70.0,75.0,333.0,0.008651111189481543,0.0023874764484301176,277.0,0.008415992848930454
7260_liver_sbr_Male_26-U1,sbr,26,tierA_p95,Biliary/ductular,secondary_senescence,75.0,80.0,221.0,0.00917819002146092,0.002955902873344359,189.0,0.006904179957158194
7260_liver_sbr_Male_26-U1,sbr,26,tierA_p95,Biliary/ductular,secondary_senescence,80.0,85.0,125.0,-0.0012171999961137772,0.0032637221622779855,120.0,0.0022665832861093805
7260_liver_sbr_Male_26-U1,sbr,26,tierA_p95,Biliary/ductular,secondary_senescence,85.0,90.0,67.0,0.014787313451907083,0.005682206658404922,92.0,0.004891086927787198
7260_liver_sbr_Male_26-U1,sbr,26,tierA_p95,Biliary/ductular,secondary_senescence,90.0,95.0,56.0,0.0015342856038062433,0.005873485294965826,45.0,-0.006113333199431913
7260_liver_sbr_Male_26-U1,sbr,26,tierA_p95,Biliary/ductular,secondary_senescence,95.0,100.0,49.0,-0.004334285593952755,0.005126143145435891,102.0,0.012584313662634539
7260_liver_sbr_Male_26-U1,sbr,26,tierA_p95,Biliary/ductular,tnfa_nfkb_proximal,0.0,5.0,253.0,0.018997628406895645,0.0021194502881930967,1678.0,0.018765536349688444
7260_liver_sbr_Male_26-U1,sbr,26,tierA_p95,Biliary/ductular,tnfa_nfkb_proximal,5.0,10.0,3300.0,0.01887510608075624,0.0005953475487875446,3094.0,0.01981056558645826
7260_liver_sbr_Male_26-U1,sbr,26,tierA_p95,Biliary/ductular,tnfa_nfkb_proximal,10.0,15.0,3254.0,0.01794795023695235,0.0005646451058093992,3060.0,0.019044882339587833
7260_liver_sbr_Male_26-U1,sbr,26,tierA_p95,Biliary/ductular,tnfa_nfkb_proximal,15.0,20.0,3092.0,0.01855869015012392,0.0005802609369443247,3031.0,0.01812525568177976
7260_liver_sbr_Male_26-U1,sbr,26,tierA_p95,Biliary/ductular,tnfa_nfkb_proximal,20.0,25.0,3056.0,0.018147202196668336,0.0005865916040903066,3014.0,0.018221668887806186
7260_liver_sbr_Male_26-U1,sbr,26,tierA_p95,Biliary/ductular,tnfa_nfkb_proximal,25.0,30.0,2839.0,0.016985079264289858,0.0005855448016649799,2747.0,0.015710859118204246
7260_liver_sbr_Male_26-U1,sbr,26,tierA_p95,Biliary/ductular,tnfa_nfkb_proximal,30.0,35.0,2503.0,0.01708190172193885,0.0006187397425489696,2377.0,0.017256045427404016
7260_liver_sbr_Male_26-U1,sbr,26,tierA_p95,Biliary/ductular,tnfa_nfkb_proximal,35.0,40.0,2179.0,0.01660094997614783,0.0006617853875896187,2048.0,0.0171304540956001
7260_liver_sbr_Male_26-U1,sbr,26,tierA_p95,Biliary/ductular,tnfa_nfkb_proximal,40.0,45.0,1786.0,0.01890943449444846,0.000770304137231887,1695.0,0.016980236026471834
7260_liver_sbr_Male_26-U1,sbr,26,tierA_p95,Biliary/ductular,tnfa_nfkb_proximal,45.0,50.0,1521.0,0.016466305047669685,0.000820608041291128,1305.0,0.01968022228044494
7260_liver_sbr_Male_26-U1,sbr,26,tierA_p95,Biliary/ductular,tnfa_nfkb_proximal,50.0,55.0,1092.0,0.018097106187382944,0.0009662881791189962,1058.0,0.016462731534046673
7260_liver_sbr_Male_26-U1,sbr,26,tierA_p95,Biliary/ductular,tnfa_nfkb_proximal,55.0,60.0,834.0,0.018887110274023598,0.0011375048484265318,785.0,0.01619235673354576
7260_liver_sbr_Male_26-U1,sbr,26,tierA_p95,Biliary/ductular,tnfa_nfkb_proximal,60.0,65.0,615.0,0.018072341424928848,0.001275235611288263,506.0,0.01502936756398355
7260_liver_sbr_Male_26-U1,sbr,26,tierA_p95,Biliary/ductular,tnfa_nfkb_proximal,65.0,70.0,448.0,0.0167459598269813,0.0014008179964979425,400.0,0.016007399947338855
7260_liver_sbr_Male_26-U1,sbr,26,tierA_p95,Biliary/ductular,tnfa_nfkb_proximal,70.0,75.0,333.0,0.01650168167533765,0.0016321952722165051,277.0,0.020166786994330336
7260_liver_sbr_Male_26-U1,sbr,26,tierA_p95,Biliary/ductular,tnfa_nfkb_proximal,75.0,80.0,221.0,0.01917592768273706,0.0020948900636276416,189.0,0.0136018517654395
7260_liver_sbr_Male_26-U1,sbr,26,tierA_p95,Biliary/ductular,tnfa_nfkb_proximal,80.0,85.0,125.0,0.01341944002895616,0.002203430998314937,120.0,0.01159649997013427
7260_liver_sbr_Male_26-U1,sbr,26,tierA_p95,Biliary/ductular,tnfa_nfkb_proximal,85.0,90.0,67.0,0.02099567169754474,0.004623014283781532,92.0,0.013702065263793844
7260_liver_sbr_Male_26-U1,sbr,26,tierA_p95,Biliary/ductular,tnfa_nfkb_proximal,90.0,95.0,56.0,0.015811071324346164,0.005676517834071537,45.0,0.01372155546818653
7260_liver_sbr_Male_26-U1,sbr,26,tierA_p95,Biliary/ductular,tnfa_nfkb_proximal,95.0,100.0,49.0,0.0065295919918512205,0.0035368911726984154,102.0,0.022113529475081675
7260_liver_sbr_Male_26-U1,sbr,26,tierA_p95,DC,downstream_arrest,0.0,5.0,79.0,0.0318588605732657,0.0037853668872231136,338.0,0.01980505914812406
7260_liver_sbr_Male_26-U1,sbr,26,tierA_p95,DC,downstream_arrest,5.0,10.0,745.0,0.022148348898151243,0.0010401212332159509,729.0,0.020316104206595475
7260_liver_sbr_Male_26-U1,sbr,26,tierA_p95,DC,downstream_arrest,10.0,15.0,726.0,0.0178615564843861,0.0009286894252473679,752.0,0.022053484030493564
7260_liver_sbr_Male_26-U1,sbr,26,tierA_p95,DC,downstream_arrest,15.0,20.0,708.0,0.019426468915529984,0.0010239591748547041,661.0,0.021521467512875724
7260_liver_sbr_Male_26-U1,sbr,26,tierA_p95,DC,downstream_arrest,20.0,25.0,613.0,0.021339918421551477,0.001048977724878946,643.0,0.019794370148649668
7260_liver_sbr_Male_26-U1,sbr,26,tierA_p95,DC,downstream_arrest,25.0,30.0,588.0,0.02098243193360177,0.0011380258588062609,504.0,0.021786666657250847
7260_liver_sbr_Male_26-U1,sbr,26,tierA_p95,DC,downstream_arrest,30.0,35.0,484.0,0.020914855382621937,0.0011953167947254923,443.0,0.020523544016700715
7260_liver_sbr_Male_26-U1,sbr,26,tierA_p95,DC,downstream_arrest,35.0,40.0,402.0,0.022698631825819146,0.001433068933942913,340.0,0.01942785288736238
7260_liver_sbr_Male_26-U1,sbr,26,tierA_p95,DC,downstream_arrest,40.0,45.0,304.0,0.022422927660141125,0.0015773205684347753,283.0,0.020573816198154574
7260_liver_sbr_Male_26-U1,sbr,26,tierA_p95,DC,downstream_arrest,45.0,50.0,224.0,0.017879955440353763,0.001609763852840389,227.0,0.019771673939707368
7260_liver_sbr_Male_26-U1,sbr,26,tierA_p95,DC,downstream_arrest,50.0,55.0,162.0,0.018129012417184752,0.001959511500843217,182.0,0.020382252737533066
7260_liver_sbr_Male_26-U1,sbr,26,tierA_p95,DC,downstream_arrest,55.0,60.0,145.0,0.022464689740445465,0.002260368050842961,101.0,0.022383762497021495
7260_liver_sbr_Male_26-U1,sbr,26,tierA_p95,DC,downstream_arrest,60.0,65.0,88.0,0.024884318246305073,0.003064619675041832,97.0,0.018152886601981045
7260_liver_sbr_Male_26-U1,sbr,26,tierA_p95,DC,downstream_arrest,65.0,70.0,75.0,0.020091066617557468,0.0027166077803874593,68.0,0.018661176559844
7260_liver_sbr_Male_26-U1,sbr,26,tierA_p95,DC,downstream_arrest,70.0,75.0,53.0,0.018114339659113507,0.003105663837589879,39.0,0.02448974374550371
7260_liver_sbr_Male_26-U1,sbr,26,tierA_p95,DC,downstream_arrest,75.0,80.0,33.0,0.014134848412747184,0.004589899366789646,29.0,0.019802758678922366
7260_liver_sbr_Male_26-U1,sbr,26,tierA_p95,DC,downstream_arrest,80.0,85.0,30.0,0.025957999933355798,0.004986669068238742,23.0,0.021768695452129064
7260_liver_sbr_Male_26-U1,sbr,26,tierA_p95,DC,downstream_arrest,85.0,90.0,15.0,0.014745333573470513,0.004775401200038879,17.0,0.017899999965105533
7260_liver_sbr_Male_26-U1,sbr,26,tierA_p95,DC,downstream_arrest,90.0,95.0,15.0,0.019962000181355202,0.005400471110637753,6.0,0.04407333303242922
7260_liver_sbr_Male_26-U1,sbr,26,tierA_p95,DC,downstream_arrest,95.0,100.0,6.0,0.014208333709272361,0.008087820789101106,13.0,0.023046153738575343
7260_liver_sbr_Male_26-U1,sbr,26,tierA_p95,DC,emt_ecm,0.0,5.0,79.0,0.05717164541512162,0.004631681521251295,338.0,0.0595264498052427
7260_liver_sbr_Male_26-U1,sbr,26,tierA_p95,DC,emt_ecm,5.0,10.0,745.0,0.06394244290930501,0.0017231142317478015,729.0,0.06726489708420065
7260_liver_sbr_Male_26-U1,sbr,26,tierA_p95,DC,emt_ecm,10.0,15.0,726.0,0.06267119836476581,0.0018846904662389334,752.0,0.06712448144672306
7260_liver_sbr_Male_26-U1,sbr,26,tierA_p95,DC,emt_ecm,15.0,20.0,708.0,0.07085912438414696,0.0019405937546748103,661.0,0.061599697455318764
7260_liver_sbr_Male_26-U1,sbr,26,tierA_p95,DC,emt_ecm,20.0,25.0,613.0,0.06599525280517954,0.0020083691241731985,643.0,0.06186712293958385
7260_liver_sbr_Male_26-U1,sbr,26,tierA_p95,DC,emt_ecm,25.0,30.0,588.0,0.06005578241330317,0.0020593269665335335,504.0,0.05909240091369568
7260_liver_sbr_Male_26-U1,sbr,26,tierA_p95,DC,emt_ecm,30.0,35.0,484.0,0.056419855504955645,0.0022135725427653635,443.0,0.060267178210040004
7260_liver_sbr_Male_26-U1,sbr,26,tierA_p95,DC,emt_ecm,35.0,40.0,402.0,0.05813584579874119,0.0025504985890149718,340.0,0.05880282348711369
7260_liver_sbr_Male_26-U1,sbr,26,tierA_p95,DC,emt_ecm,40.0,45.0,304.0,0.05790223679689102,0.0027881170481789713,283.0,0.0527330741946436
7260_liver_sbr_Male_26-U1,sbr,26,tierA_p95,DC,emt_ecm,45.0,50.0,224.0,0.05182995540339367,0.00316267340511223,227.0,0.05269295165555281
7260_liver_sbr_Male_26-U1,sbr,26,tierA_p95,DC,emt_ecm,50.0,55.0,162.0,0.04581993832370143,0.0037005276245906855,182.0,0.05297384620995957
7260_liver_sbr_Male_26-U1,sbr,26,tierA_p95,DC,emt_ecm,55.0,60.0,145.0,0.049929724362726996,0.0041188446177379155,101.0,0.05198089124249885
7260_liver_sbr_Male_26-U1,sbr,26,tierA_p95,DC,emt_ecm,60.0,65.0,88.0,0.05399500010125022,0.005051341446288448,97.0,0.049311959022684884
7260_liver_sbr_Male_26-U1,sbr,26,tierA_p95,DC,emt_ecm,65.0,70.0,75.0,0.04928173349432958,0.004675117313401156,68.0,0.05470882344268509
7260_liver_sbr_Male_26-U1,sbr,26,tierA_p95,DC,emt_ecm,70.0,75.0,53.0,0.03895698065203966,0.006243914139188311,39.0,0.05321615379757415
7260_liver_sbr_Male_26-U1,sbr,26,tierA_p95,DC,emt_ecm,75.0,80.0,33.0,0.041159394050323914,0.008723535596054382,29.0,0.026562758496609228
7260_liver_sbr_Male_26-U1,sbr,26,tierA_p95,DC,emt_ecm,80.0,85.0,30.0,0.02971966674667783,0.007706512680961491,23.0,0.04893521740830139
7260_liver_sbr_Male_26-U1,sbr,26,tierA_p95,DC,emt_ecm,85.0,90.0,15.0,0.07390933359662692,0.016511672858476156,17.0,0.04929058801601915
7260_liver_sbr_Male_26-U1,sbr,26,tierA_p95,DC,emt_ecm,90.0,95.0,15.0,0.014289999587830001,0.011830295713376853,6.0,0.03175666625611484
7260_liver_sbr_Male_26-U1,sbr,26,tierA_p95,DC,emt_ecm,95.0,100.0,6.0,0.038935000309720635,0.0205277410866672,13.0,0.04429615389269132
7260_liver_sbr_Male_26-U1,sbr,26,tierA_p95,DC,il6_jak_stat3,0.0,5.0,79.0,0.03808455720036939,0.005683734198991562,338.0,0.034761272072802385
7260_liver_sbr_Male_26-U1,sbr,26,tierA_p95,DC,il6_jak_stat3,5.0,10.0,745.0,0.033741369036232566,0.001554917115483826,729.0,0.036861467865742924
7260_liver_sbr_Male_26-U1,sbr,26,tierA_p95,DC,il6_jak_stat3,10.0,15.0,726.0,0.0337169697470403,0.0016072510311882175,752.0,0.03384933511511298
7260_liver_sbr_Male_26-U1,sbr,26,tierA_p95,DC,il6_jak_stat3,15.0,20.0,708.0,0.033654759909102536,0.001604352266300854,661.0,0.033587049990049675
7260_liver_sbr_Male_26-U1,sbr,26,tierA_p95,DC,il6_jak_stat3,20.0,25.0,613.0,0.0337710113768335,0.00179445808658215,643.0,0.029753716963409043
7260_liver_sbr_Male_26-U1,sbr,26,tierA_p95,DC,il6_jak_stat3,25.0,30.0,588.0,0.030454642814628622,0.0018781640884441046,504.0,0.033135813554010726
7260_liver_sbr_Male_26-U1,sbr,26,tierA_p95,DC,il6_jak_stat3,30.0,35.0,484.0,0.0328736570699228,0.0019710709291625435,443.0,0.032872979599251555
7260_liver_sbr_Male_26-U1,sbr,26,tierA_p95,DC,il6_jak_stat3,35.0,40.0,402.0,0.027563781196354897,0.0020162536575169926,340.0,0.028955735232589444
7260_liver_sbr_Male_26-U1,sbr,26,tierA_p95,DC,il6_jak_stat3,40.0,45.0,304.0,0.027834046054713804,0.0024099777068087177,283.0,0.02940473500630973
7260_liver_sbr_Male_26-U1,sbr,26,tierA_p95,DC,il6_jak_stat3,45.0,50.0,224.0,0.026626740974344493,0.0026776587486571322,227.0,0.02551885455088292
7260_liver_sbr_Male_26-U1,sbr,26,tierA_p95,DC,il6_jak_stat3,50.0,55.0,162.0,0.028418765619992174,0.003084638728152975,182.0,0.026208186728731413
7260_liver_sbr_Male_26-U1,sbr,26,tierA_p95,DC,il6_jak_stat3,55.0,60.0,145.0,0.03679737926798005,0.003569742591715514,101.0,0.023231188259502447
7260_liver_sbr_Male_26-U1,sbr,26,tierA_p95,DC,il6_jak_stat3,60.0,65.0,88.0,0.0284167043838269,0.004247289359012249,97.0,0.029733401716155114
7260_liver_sbr_Male_26-U1,sbr,26,tierA_p95,DC,il6_jak_stat3,65.0,70.0,75.0,0.03515466670660923,0.004602772506504794,68.0,0.030344853136578902
7260_liver_sbr_Male_26-U1,sbr,26,tierA_p95,DC,il6_jak_stat3,70.0,75.0,53.0,0.02744188724428345,0.006395570291073156,39.0,0.015521025773173628
7260_liver_sbr_Male_26-U1,sbr,26,tierA_p95,DC,il6_jak_stat3,75.0,80.0,33.0,0.03620696989254969,0.00930930658656326,29.0,0.028919999616156364
7260_liver_sbr_Male_26-U1,sbr,26,tierA_p95,DC,il6_jak_stat3,80.0,85.0,30.0,0.02855899991312375,0.007701339619884354,23.0,0.019441304196927533
7260_liver_sbr_Male_26-U1,sbr,26,tierA_p95,DC,il6_jak_stat3,85.0,90.0,15.0,0.02668066609185189,0.008420502966847623,17.0,0.02666058824123705
7260_liver_sbr_Male_26-U1,sbr,26,tierA_p95,DC,il6_jak_stat3,90.0,95.0,15.0,0.005622000107541681,0.008873160683023785,6.0,0.04943833344926437
7260_liver_sbr_Male_26-U1,sbr,26,tierA_p95,DC,il6_jak_stat3,95.0,100.0,6.0,0.011914999748114496,0.01432244460241068,13.0,0.02163615392950865
7260_liver_sbr_Male_26-U1,sbr,26,tierA_p95,DC,interferon_response,0.0,5.0,79.0,0.057104177810483804,0.005031132055947882,338.0,0.061635503129640626
7260_liver_sbr_Male_26-U1,sbr,26,tierA_p95,DC,interferon_response,5.0,10.0,745.0,0.0627759462315433,0.0014980810320401714,729.0,0.06420902605432013
7260_liver_sbr_Male_26-U1,sbr,26,tierA_p95,DC,interferon_response,10.0,15.0,726.0,0.06256732787001594,0.0015432858917856713,752.0,0.06234444140526396
7260_liver_sbr_Male_26-U1,sbr,26,tierA_p95,DC,interferon_response,15.0,20.0,708.0,0.05886083323742236,0.0014892540731666025,661.0,0.05986444780904613
7260_liver_sbr_Male_26-U1,sbr,26,tierA_p95,DC,interferon_response,20.0,25.0,613.0,0.06273688420194329,0.001699871628016206,643.0,0.0611007775794119
7260_liver_sbr_Male_26-U1,sbr,26,tierA_p95,DC,interferon_response,25.0,30.0,588.0,0.06424321428543792,0.001690663895097514,504.0,0.062398035778974265
7260_liver_sbr_Male_26-U1,sbr,26,tierA_p95,DC,interferon_response,30.0,35.0,484.0,0.05992235546146121,0.001714915671165442,443.0,0.0604499322341221
7260_liver_sbr_Male_26-U1,sbr,26,tierA_p95,DC,interferon_response,35.0,40.0,402.0,0.057661716335983625,0.0018135521070867912,340.0,0.057171617465835024
7260_liver_sbr_Male_26-U1,sbr,26,tierA_p95,DC,interferon_response,40.0,45.0,304.0,0.05493634863236557,0.0024147515484461515,283.0,0.06075639574149461
7260_liver_sbr_Male_26-U1,sbr,26,tierA_p95,DC,interferon_response,45.0,50.0,224.0,0.05680120536531571,0.002620114274079104,227.0,0.05460814985247649
7260_liver_sbr_Male_26-U1,sbr,26,tierA_p95,DC,interferon_response,50.0,55.0,162.0,0.0607217283082988,0.002890257716069693,182.0,0.06017236279900656
7260_liver_sbr_Male_26-U1,sbr,26,tierA_p95,DC,interferon_response,55.0,60.0,145.0,0.06324662062789088,0.003825750605278536,101.0,0.056646039741722366
7260_liver_sbr_Male_26-U1,sbr,26,tierA_p95,DC,interferon_response,60.0,65.0,88.0,0.05831227279188831,0.003629488300699009,97.0,0.061972886674374957
7260_liver_sbr_Male_26-U1,sbr,26,tierA_p95,DC,interferon_response,65.0,70.0,75.0,0.06354773319636782,0.005174246519606134,68.0,0.055906617325758017
7260_liver_sbr_Male_26-U1,sbr,26,tierA_p95,DC,interferon_response,70.0,75.0,53.0,0.07535358478605114,0.00973240250725422,39.0,0.05406230731079212
7260_liver_sbr_Male_26-U1,sbr,26,tierA_p95,DC,interferon_response,75.0,80.0,33.0,0.061321514969070755,0.0056893570115501045,29.0,0.06437896560588531
7260_liver_sbr_Male_26-U1,sbr,26,tierA_p95,DC,interferon_response,80.0,85.0,30.0,0.05544966645538807,0.008035312322148588,23.0,0.06184695588181848
7260_liver_sbr_Male_26-U1,sbr,26,tierA_p95,DC,interferon_response,85.0,90.0,15.0,0.07756866632650296,0.008665818953440096,17.0,0.07312529345097787
7260_liver_sbr_Male_26-U1,sbr,26,tierA_p95,DC,interferon_response,90.0,95.0,15.0,0.04267133314472934,0.011466772187336188,6.0,0.07043999860373636
7260_liver_sbr_Male_26-U1,sbr,26,tierA_p95,DC,interferon_response,95.0,100.0,6.0,0.0716666675483187,0.018298536602583834,13.0,0.06519307697621676
7260_liver_sbr_Male_26-U1,sbr,26,tierA_p95,DC,oxidative_stress,0.0,5.0,79.0,0.048170252999878795,0.006835571919522145,338.0,0.052349852129214954
7260_liver_sbr_Male_26-U1,sbr,26,tierA_p95,DC,oxidative_stress,5.0,10.0,745.0,0.05677241604806833,0.0024146895107016093,729.0,0.05958185175565341
7260_liver_sbr_Male_26-U1,sbr,26,tierA_p95,DC,oxidative_stress,10.0,15.0,726.0,0.06319907715453266,0.0024508454218817822,752.0,0.06082271285554077
7260_liver_sbr_Male_26-U1,sbr,26,tierA_p95,DC,oxidative_stress,15.0,20.0,708.0,0.05765666660407869,0.0023630855337270027,661.0,0.06204877468258604
7260_liver_sbr_Male_26-U1,sbr,26,tierA_p95,DC,oxidative_stress,20.0,25.0,613.0,0.059420978902224954,0.0026801872112342468,643.0,0.059728678140462836
7260_liver_sbr_Male_26-U1,sbr,26,tierA_p95,DC,oxidative_stress,25.0,30.0,588.0,0.06201940463199121,0.002676463628575823,504.0,0.06667539670204514
7260_liver_sbr_Male_26-U1,sbr,26,tierA_p95,DC,oxidative_stress,30.0,35.0,484.0,0.07325778943661045,0.003056079291414571,443.0,0.0690078780869165
7260_liver_sbr_Male_26-U1,sbr,26,tierA_p95,DC,oxidative_stress,35.0,40.0,402.0,0.06593062190680468,0.0034137414987056264,340.0,0.06773517649712363
7260_liver_sbr_Male_26-U1,sbr,26,tierA_p95,DC,oxidative_stress,40.0,45.0,304.0,0.06715036196597841,0.0038547081698776567,283.0,0.0628771731228916
7260_liver_sbr_Male_26-U1,sbr,26,tierA_p95,DC,oxidative_stress,45.0,50.0,224.0,0.0733322765362183,0.004671048800529603,227.0,0.07200017618682104
7260_liver_sbr_Male_26-U1,sbr,26,tierA_p95,DC,oxidative_stress,50.0,55.0,162.0,0.0761468520010376,0.0048769513343571965,182.0,0.07525390122728012
7260_liver_sbr_Male_26-U1,sbr,26,tierA_p95,DC,oxidative_stress,55.0,60.0,145.0,0.07436648287473183,0.00554157887500734,101.0,0.0782893068424546
7260_liver_sbr_Male_26-U1,sbr,26,tierA_p95,DC,oxidative_stress,60.0,65.0,88.0,0.0802913635975115,0.006297476647034355,97.0,0.0820324738502752
7260_liver_sbr_Male_26-U1,sbr,26,tierA_p95,DC,oxidative_stress,65.0,70.0,75.0,0.07862346665002405,0.0077301842194807974,68.0,0.08729735272337326
7260_liver_sbr_Male_26-U1,sbr,26,tierA_p95,DC,oxidative_stress,70.0,75.0,53.0,0.09018830170433195,0.009251615766553062,39.0,0.06476717969212004
7260_liver_sbr_Male_26-U1,sbr,26,tierA_p95,DC,oxidative_stress,75.0,80.0,33.0,0.07794909136877819,0.009673213565923829,29.0,0.10599344805011461
7260_liver_sbr_Male_26-U1,sbr,26,tierA_p95,DC,oxidative_stress,80.0,85.0,30.0,0.07870766633811097,0.00903836735825275,23.0,0.07681565265596399
7260_liver_sbr_Male_26-U1,sbr,26,tierA_p95,DC,oxidative_stress,85.0,90.0,15.0,0.05450000090834995,0.017193694626865517,17.0,0.06310352984377567
7260_liver_sbr_Male_26-U1,sbr,26,tierA_p95,DC,oxidative_stress,90.0,95.0,15.0,0.09020600095391273,0.009953760990892482,6.0,0.07502333330921829
7260_liver_sbr_Male_26-U1,sbr,26,tierA_p95,DC,oxidative_stress,95.0,100.0,6.0,0.09293833343933026,0.02318242812526152,13.0,0.07720923097804189
7260_liver_sbr_Male_26-U1,sbr,26,tierA_p95,DC,secondary_senescence,0.0,5.0,79.0,0.012686455635577912,0.0051629431302207375,338.0,0.024100266276859954
7260_liver_sbr_Male_26-U1,sbr,26,tierA_p95,DC,secondary_senescence,5.0,10.0,745.0,0.023320120781263175,0.001992318509136847,729.0,0.02609868307179902
7260_liver_sbr_Male_26-U1,sbr,26,tierA_p95,DC,secondary_senescence,10.0,15.0,726.0,0.024188250674873436,0.0019991122422603927,752.0,0.025273510754435305
7260_liver_sbr_Male_26-U1,sbr,26,tierA_p95,DC,secondary_senescence,15.0,20.0,708.0,0.02181919494864943,0.0019066645313817244,661.0,0.02048157334489662
7260_liver_sbr_Male_26-U1,sbr,26,tierA_p95,DC,secondary_senescence,20.0,25.0,613.0,0.024762593726502663,0.0021721194364167002,643.0,0.020291306361975684
7260_liver_sbr_Male_26-U1,sbr,26,tierA_p95,DC,secondary_senescence,25.0,30.0,588.0,0.020247721097821712,0.0020322947552914436,504.0,0.018329622906931613
7260_liver_sbr_Male_26-U1,sbr,26,tierA_p95,DC,secondary_senescence,30.0,35.0,484.0,0.018599028915454525,0.002320649567453733,443.0,0.019879074511144512
7260_liver_sbr_Male_26-U1,sbr,26,tierA_p95,DC,secondary_senescence,35.0,40.0,402.0,0.01374893043380574,0.0024474730939601868,340.0,0.012380794165566091
7260_liver_sbr_Male_26-U1,sbr,26,tierA_p95,DC,secondary_senescence,40.0,45.0,304.0,0.01037309207158375,0.002628286209663598,283.0,0.017713427606848412
7260_liver_sbr_Male_26-U1,sbr,26,tierA_p95,DC,secondary_senescence,45.0,50.0,224.0,0.014955089252258144,0.0032284736192503475,227.0,0.013183568262929478
7260_liver_sbr_Male_26-U1,sbr,26,tierA_p95,DC,secondary_senescence,50.0,55.0,162.0,0.011970061822073969,0.003972326220299084,182.0,0.010638571306896796
7260_liver_sbr_Male_26-U1,sbr,26,tierA_p95,DC,secondary_senescence,55.0,60.0,145.0,0.02509710342805945,0.004308321901800669,101.0,0.010414554449063402
7260_liver_sbr_Male_26-U1,sbr,26,tierA_p95,DC,secondary_senescence,60.0,65.0,88.0,0.007477159012606452,0.005057431582650042,97.0,0.007854536099592824
7260_liver_sbr_Male_26-U1,sbr,26,tierA_p95,DC,secondary_senescence,65.0,70.0,75.0,0.023064400067863366,0.005515164237461327,68.0,0.018596029287918474
7260_liver_sbr_Male_26-U1,sbr,26,tierA_p95,DC,secondary_senescence,70.0,75.0,53.0,0.015788679381828086,0.007994602119532254,39.0,0.006181282188313512
7260_liver_sbr_Male_26-U1,sbr,26,tierA_p95,DC,secondary_senescence,75.0,80.0,33.0,0.01279333337019621,0.007501051793552665,29.0,0.00900310320089218
7260_liver_sbr_Male_26-U1,sbr,26,tierA_p95,DC,secondary_senescence,80.0,85.0,30.0,0.015103666528011673,0.008958799505997693,23.0,0.016988260982780837
7260_liver_sbr_Male_26-U1,sbr,26,tierA_p95,DC,secondary_senescence,85.0,90.0,15.0,0.008259333142389854,0.012041935373371249,17.0,0.004158823449602898
7260_liver_sbr_Male_26-U1,sbr,26,tierA_p95,DC,secondary_senescence,90.0,95.0,15.0,-0.014959333247194688,0.007406211550965055,6.0,0.015721666549022
7260_liver_sbr_Male_26-U1,sbr,26,tierA_p95,DC,secondary_senescence,95.0,100.0,6.0,0.019919999487077195,0.010646539438594926,13.0,0.007989231165713416
7260_liver_sbr_Male_26-U1,sbr,26,tierA_p95,DC,tnfa_nfkb_proximal,0.0,5.0,79.0,0.02540139243584362,0.004235281030051447,338.0,0.034904171586723466
7260_liver_sbr_Male_26-U1,sbr,26,tierA_p95,DC,tnfa_nfkb_proximal,5.0,10.0,745.0,0.037070322092172286,0.0016792964543728924,729.0,0.038426131811254254
7260_liver_sbr_Male_26-U1,sbr,26,tierA_p95,DC,tnfa_nfkb_proximal,10.0,15.0,726.0,0.03705987609634373,0.0017183946106955341,752.0,0.036689933493441476
7260_liver_sbr_Male_26-U1,sbr,26,tierA_p95,DC,tnfa_nfkb_proximal,15.0,20.0,708.0,0.038097033979001264,0.0018166826472690478,661.0,0.03579449319059676
7260_liver_sbr_Male_26-U1,sbr,26,tierA_p95,DC,tnfa_nfkb_proximal,20.0,25.0,613.0,0.040086362143275996,0.001945401405439517,643.0,0.036139300167251434
7260_liver_sbr_Male_26-U1,sbr,26,tierA_p95,DC,tnfa_nfkb_proximal,25.0,30.0,588.0,0.03672215984814869,0.002003049386544847,504.0,0.03667198414699496
7260_liver_sbr_Male_26-U1,sbr,26,tierA_p95,DC,tnfa_nfkb_proximal,30.0,35.0,484.0,0.034307830529654866,0.0020922096866857307,443.0,0.03548381485548656
7260_liver_sbr_Male_26-U1,sbr,26,tierA_p95,DC,tnfa_nfkb_proximal,35.0,40.0,402.0,0.03099519906390924,0.002255778255276548,340.0,0.03562829406514271
7260_liver_sbr_Male_26-U1,sbr,26,tierA_p95,DC,tnfa_nfkb_proximal,40.0,45.0,304.0,0.030222401267206135,0.00260592712621806,283.0,0.03637204951000035
7260_liver_sbr_Male_26-U1,sbr,26,tierA_p95,DC,tnfa_nfkb_proximal,45.0,50.0,224.0,0.030165089468092838,0.0030034622788393077,227.0,0.02979656387540247
7260_liver_sbr_Male_26-U1,sbr,26,tierA_p95,DC,tnfa_nfkb_proximal,50.0,55.0,162.0,0.03032419765202823,0.0034847853386195202,182.0,0.03290917591820599
7260_liver_sbr_Male_26-U1,sbr,26,tierA_p95,DC,tnfa_nfkb_proximal,55.0,60.0,145.0,0.037357172174860946,0.0038944081671465646,101.0,0.026413861316361344
7260_liver_sbr_Male_26-U1,sbr,26,tierA_p95,DC,tnfa_nfkb_proximal,60.0,65.0,88.0,0.024289318048845,0.0030513698605452565,97.0,0.03328865971752279
7260_liver_sbr_Male_26-U1,sbr,26,tierA_p95,DC,tnfa_nfkb_proximal,65.0,70.0,75.0,0.03492653325064263,0.005412186175029362,68.0,0.02862058796253062
7260_liver_sbr_Male_26-U1,sbr,26,tierA_p95,DC,tnfa_nfkb_proximal,70.0,75.0,53.0,0.04444886828478391,0.008677602033165479,39.0,0.022195128201602552
7260_liver_sbr_Male_26-U1,sbr,26,tierA_p95,DC,tnfa_nfkb_proximal,75.0,80.0,33.0,0.04472424254786209,0.010208406457750096,29.0,0.03653586251813726
7260_liver_sbr_Male_26-U1,sbr,26,tierA_p95,DC,tnfa_nfkb_proximal,80.0,85.0,30.0,0.03001666641794145,0.009137125789125407,23.0,0.029433478143207892
7260_liver_sbr_Male_26-U1,sbr,26,tierA_p95,DC,tnfa_nfkb_proximal,85.0,90.0,15.0,0.038208666769787666,0.010974055282478206,17.0,0.019307058961952433
7260_liver_sbr_Male_26-U1,sbr,26,tierA_p95,DC,tnfa_nfkb_proximal,90.0,95.0,15.0,-0.001178666716441512,0.005069673421648063,6.0,0.05672333168331534
7260_liver_sbr_Male_26-U1,sbr,26,tierA_p95,DC,tnfa_nfkb_proximal,95.0,100.0,6.0,0.042614999848107495,0.017814199715265464,13.0,0.04095153893845586
7260_liver_sbr_Male_26-U1,sbr,26,tierA_p95,Endothelial,downstream_arrest,0.0,5.0,48.0,0.00018562513650977053,0.00294606744790423,1232.0,0.0018028733831061954
7260_liver_sbr_Male_26-U1,sbr,26,tierA_p95,Endothelial,downstream_arrest,5.0,10.0,1029.0,0.0023939941673638797,0.0005909662408335021,959.0,0.002342575589139721
7260_liver_sbr_Male_26-U1,sbr,26,tierA_p95,Endothelial,downstream_arrest,10.0,15.0,1906.0,0.002538856239318149,0.00043543934414711936,1761.0,0.0023750993730439853
7260_liver_sbr_Male_26-U1,sbr,26,tierA_p95,Endothelial,downstream_arrest,15.0,20.0,2132.0,0.0031756472711864402,0.0004036229526406901,2100.0,0.0027706809433082178
7260_liver_sbr_Male_26-U1,sbr,26,tierA_p95,Endothelial,downstream_arrest,20.0,25.0,2394.0,0.0033736800399180667,0.0003802194691712654,2230.0,0.002798488804646165
7260_liver_sbr_Male_26-U1,sbr,26,tierA_p95,Endothelial,downstream_arrest,25.0,30.0,2428.0,0.0029527182821787452,0.00037384134351165854,2389.0,0.0037975345257851424
7260_liver_sbr_Male_26-U1,sbr,26,tierA_p95,Endothelial,downstream_arrest,30.0,35.0,2339.0,0.003241487830168211,0.0003897889584795498,2296.0,0.003300657657651273
7260_liver_sbr_Male_26-U1,sbr,26,tierA_p95,Endothelial,downstream_arrest,35.0,40.0,2141.0,0.002320892100606373,0.00039631238796623277,2026.0,0.002832981258716254
7260_liver_sbr_Male_26-U1,sbr,26,tierA_p95,Endothelial,downstream_arrest,40.0,45.0,1760.0,0.002899772727962293,0.00043254363745899794,1712.0,0.0037586390182215803
7260_liver_sbr_Male_26-U1,sbr,26,tierA_p95,Endothelial,downstream_arrest,45.0,50.0,1527.0,0.003289986909383726,0.0004677790724381291,1438.0,0.0033293671747157932
7260_liver_sbr_Male_26-U1,sbr,26,tierA_p95,Endothelial,downstream_arrest,50.0,55.0,1238.0,0.0030407592577613198,0.0005510074338411764,1096.0,0.0034684945211612655
7260_liver_sbr_Male_26-U1,sbr,26,tierA_p95,Endothelial,downstream_arrest,55.0,60.0,917.0,0.003404591055086583,0.0006048896712252852,809.0,0.0029083188946992526
7260_liver_sbr_Male_26-U1,sbr,26,tierA_p95,Endothelial,downstream_arrest,60.0,65.0,752.0,0.002496143626113406,0.0006729029490630335,650.0,0.004009246169488716
7260_liver_sbr_Male_26-U1,sbr,26,tierA_p95,Endothelial,downstream_arrest,65.0,70.0,530.0,0.004268622673963655,0.0008244800560962451,517.0,0.001924119929254336
7260_liver_sbr_Male_26-U1,sbr,26,tierA_p95,Endothelial,downstream_arrest,70.0,75.0,365.0,0.0038741369744781117,0.0009194498525127636,341.0,0.002219706758875294
7260_liver_sbr_Male_26-U1,sbr,26,tierA_p95,Endothelial,downstream_arrest,75.0,80.0,260.0,0.004756423053242123,0.0011145918344710728,239.0,0.002987740607259412
7260_liver_sbr_Male_26-U1,sbr,26,tierA_p95,Endothelial,downstream_arrest,80.0,85.0,207.0,0.003643526557882447,0.0011752126913912718,183.0,0.004685901597385865
7260_liver_sbr_Male_26-U1,sbr,26,tierA_p95,Endothelial,downstream_arrest,85.0,90.0,151.0,0.00356450332076187,0.00115942510662227,104.0,0.003785480823912971
7260_liver_sbr_Male_26-U1,sbr,26,tierA_p95,Endothelial,downstream_arrest,90.0,95.0,104.0,0.005253653858604734,0.0018417931977571364,84.0,0.004875357056984545
7260_liver_sbr_Male_26-U1,sbr,26,tierA_p95,Endothelial,downstream_arrest,95.0,100.0,76.0,0.006560526369101258,0.001881442353674378,138.0,0.00587891303660834
7260_liver_sbr_Male_26-U1,sbr,26,tierA_p95,Endothelial,emt_ecm,0.0,5.0,48.0,0.031223750233039027,0.005397360835437583,1232.0,0.03257621747457937
7260_liver_sbr_Male_26-U1,sbr,26,tierA_p95,Endothelial,emt_ecm,5.0,10.0,1029.0,0.04145737614413587,0.0013037703237948563,959.0,0.04178498437821103
7260_liver_sbr_Male_26-U1,sbr,26,tierA_p95,Endothelial,emt_ecm,10.0,15.0,1906.0,0.03509312698436541,0.000893796070507916,1761.0,0.03455995456388832
7260_liver_sbr_Male_26-U1,sbr,26,tierA_p95,Endothelial,emt_ecm,15.0,20.0,2132.0,0.032093949357370484,0.000802501420203901,2100.0,0.03297975715160387
7260_liver_sbr_Male_26-U1,sbr,26,tierA_p95,Endothelial,emt_ecm,20.0,25.0,2394.0,0.032690137803232544,0.0007596832476383812,2230.0,0.031783865440178846
7260_liver_sbr_Male_26-U1,sbr,26,tierA_p95,Endothelial,emt_ecm,25.0,30.0,2428.0,0.030475032965754018,0.0007100129809424436,2389.0,0.031115755544144596
7260_liver_sbr_Male_26-U1,sbr,26,tierA_p95,Endothelial,emt_ecm,30.0,35.0,2339.0,0.02988423250910822,0.0007522682904261491,2296.0,0.02856890245229109
7260_liver_sbr_Male_26-U1,sbr,26,tierA_p95,Endothelial,emt_ecm,35.0,40.0,2141.0,0.029633526379952913,0.0007961578060965165,2026.0,0.027633741415047194
7260_liver_sbr_Male_26-U1,sbr,26,tierA_p95,Endothelial,emt_ecm,40.0,45.0,1760.0,0.029264005669837057,0.0008571648240091779,1712.0,0.028438200918034343
7260_liver_sbr_Male_26-U1,sbr,26,tierA_p95,Endothelial,emt_ecm,45.0,50.0,1527.0,0.026902089093060733,0.0009090450379010068,1438.0,0.027260945722059123
7260_liver_sbr_Male_26-U1,sbr,26,tierA_p95,Endothelial,emt_ecm,50.0,55.0,1238.0,0.026304079132158206,0.0009361187759286398,1096.0,0.025431651447556793
7260_liver_sbr_Male_26-U1,sbr,26,tierA_p95,Endothelial,emt_ecm,55.0,60.0,917.0,0.02364988005001132,0.0011272071389496015,809.0,0.0265258343700352
7260_liver_sbr_Male_26-U1,sbr,26,tierA_p95,Endothelial,emt_ecm,60.0,65.0,752.0,0.024783843116065716,0.001189376310294563,650.0,0.02522498464747444
7260_liver_sbr_Male_26-U1,sbr,26,tierA_p95,Endothelial,emt_ecm,65.0,70.0,530.0,0.023255056643337976,0.0013344659533261374,517.0,0.024901450720389216
7260_liver_sbr_Male_26-U1,sbr,26,tierA_p95,Endothelial,emt_ecm,70.0,75.0,365.0,0.023716547958750583,0.0018089528240620813,341.0,0.022209911983677996
7260_liver_sbr_Male_26-U1,sbr,26,tierA_p95,Endothelial,emt_ecm,75.0,80.0,260.0,0.023170153930690364,0.002129924395872692,239.0,0.023744602463959236
7260_liver_sbr_Male_26-U1,sbr,26,tierA_p95,Endothelial,emt_ecm,80.0,85.0,207.0,0.018878115900085816,0.002136709019279218,183.0,0.021541694005429008
7260_liver_sbr_Male_26-U1,sbr,26,tierA_p95,Endothelial,emt_ecm,85.0,90.0,151.0,0.022207880757143104,0.0024825080024596297,104.0,0.02631586535895062
7260_liver_sbr_Male_26-U1,sbr,26,tierA_p95,Endothelial,emt_ecm,90.0,95.0,104.0,0.0186381731403414,0.0028658958949767488,84.0,0.017572023904427796
7260_liver_sbr_Male_26-U1,sbr,26,tierA_p95,Endothelial,emt_ecm,95.0,100.0,76.0,0.010757368405297472,0.003148223134038392,138.0,0.018504347738664786
7260_liver_sbr_Male_26-U1,sbr,26,tierA_p95,Endothelial,il6_jak_stat3,0.0,5.0,48.0,0.032886249983372785,0.0053363902152304575,1232.0,0.031198133084494834
7260_liver_sbr_Male_26-U1,sbr,26,tierA_p95,Endothelial,il6_jak_stat3,5.0,10.0,1029.0,0.02995042755291834,0.0012617250803116202,959.0,0.032551616300438235
7260_liver_sbr_Male_26-U1,sbr,26,tierA_p95,Endothelial,il6_jak_stat3,10.0,15.0,1906.0,0.029241741906995997,0.00092227486873725,1761.0,0.027791658191482348
7260_liver_sbr_Male_26-U1,sbr,26,tierA_p95,Endothelial,il6_jak_stat3,15.0,20.0,2132.0,0.0279107645671739,0.0008598297247660671,2100.0,0.02698860478114858
7260_liver_sbr_Male_26-U1,sbr,26,tierA_p95,Endothelial,il6_jak_stat3,20.0,25.0,2394.0,0.027682602325061235,0.0007935270087160958,2230.0,0.029523542632175975
7260_liver_sbr_Male_26-U1,sbr,26,tierA_p95,Endothelial,il6_jak_stat3,25.0,30.0,2428.0,0.027792957161791955,0.0007991966862503194,2389.0,0.027575847634634807
7260_liver_sbr_Male_26-U1,sbr,26,tierA_p95,Endothelial,il6_jak_stat3,30.0,35.0,2339.0,0.0279144420867102,0.0008158969841120549,2296.0,0.026119372767054606
7260_liver_sbr_Male_26-U1,sbr,26,tierA_p95,Endothelial,il6_jak_stat3,35.0,40.0,2141.0,0.026796071939667612,0.0008487574143784676,2026.0,0.02722720634019631
7260_liver_sbr_Male_26-U1,sbr,26,tierA_p95,Endothelial,il6_jak_stat3,40.0,45.0,1760.0,0.02726382384433402,0.0009247948436143549,1712.0,0.026624608634337393
7260_liver_sbr_Male_26-U1,sbr,26,tierA_p95,Endothelial,il6_jak_stat3,45.0,50.0,1527.0,0.026884577609289396,0.0010098329537622406,1438.0,0.026526689776596585
7260_liver_sbr_Male_26-U1,sbr,26,tierA_p95,Endothelial,il6_jak_stat3,50.0,55.0,1238.0,0.02768642969158096,0.0011258166863748796,1096.0,0.024492381383451355
7260_liver_sbr_Male_26-U1,sbr,26,tierA_p95,Endothelial,il6_jak_stat3,55.0,60.0,917.0,0.02492311886828045,0.001268065007133454,809.0,0.02557683563003991
7260_liver_sbr_Male_26-U1,sbr,26,tierA_p95,Endothelial,il6_jak_stat3,60.0,65.0,752.0,0.026064335055678463,0.0013746266778470804,650.0,0.026397492334575733
7260_liver_sbr_Male_26-U1,sbr,26,tierA_p95,Endothelial,il6_jak_stat3,65.0,70.0,530.0,0.025622415147902432,0.0016105407618017497,517.0,0.024081740931027846
7260_liver_sbr_Male_26-U1,sbr,26,tierA_p95,Endothelial,il6_jak_stat3,70.0,75.0,365.0,0.02198657538797244,0.0020469096757083846,341.0,0.024854897333498868
7260_liver_sbr_Male_26-U1,sbr,26,tierA_p95,Endothelial,il6_jak_stat3,75.0,80.0,260.0,0.021950807711297014,0.002265564632512074,239.0,0.021568451884346838
7260_liver_sbr_Male_26-U1,sbr,26,tierA_p95,Endothelial,il6_jak_stat3,80.0,85.0,207.0,0.02150289857071703,0.002689897135761856,183.0,0.025014262259816955
7260_liver_sbr_Male_26-U1,sbr,26,tierA_p95,Endothelial,il6_jak_stat3,85.0,90.0,151.0,0.027018278424353618,0.0033707729205686007,104.0,0.024233173283181923
7260_liver_sbr_Male_26-U1,sbr,26,tierA_p95,Endothelial,il6_jak_stat3,90.0,95.0,104.0,0.0157549999902795,0.003074330810352117,84.0,0.02395392869394051
7260_liver_sbr_Male_26-U1,sbr,26,tierA_p95,Endothelial,il6_jak_stat3,95.0,100.0,76.0,0.027866315850252777,0.004599804735115081,138.0,0.026746594255108495
7260_liver_sbr_Male_26-U1,sbr,26,tierA_p95,Endothelial,interferon_response,0.0,5.0,48.0,0.02819083340727957,0.004896530693678393,1232.0,0.027298279224325667
7260_liver_sbr_Male_26-U1,sbr,26,tierA_p95,Endothelial,interferon_response,5.0,10.0,1029.0,0.02639135088485295,0.0009972544229648445,959.0,0.030877205440468954
7260_liver_sbr_Male_26-U1,sbr,26,tierA_p95,Endothelial,interferon_response,10.0,15.0,1906.0,0.026507722972314195,0.0007403959866691476,1761.0,0.025541527525563032
7260_liver_sbr_Male_26-U1,sbr,26,tierA_p95,Endothelial,interferon_response,15.0,20.0,2132.0,0.02589925422998624,0.000693707223920792,2100.0,0.02525747619660251
7260_liver_sbr_Male_26-U1,sbr,26,tierA_p95,Endothelial,interferon_response,20.0,25.0,2394.0,0.02542886385035961,0.0006281352185282691,2230.0,0.025475067279041932
7260_liver_sbr_Male_26-U1,sbr,26,tierA_p95,Endothelial,interferon_response,25.0,30.0,2428.0,0.02539524711366683,0.0006600322300408512,2389.0,0.024900862278709607
7260_liver_sbr_Male_26-U1,sbr,26,tierA_p95,Endothelial,interferon_response,30.0,35.0,2339.0,0.025404305271019313,0.0006730865120216043,2296.0,0.024243767421368818
7260_liver_sbr_Male_26-U1,sbr,26,tierA_p95,Endothelial,interferon_response,35.0,40.0,2141.0,0.02452517044743738,0.0006949145207322039,2026.0,0.02379361301469366
7260_liver_sbr_Male_26-U1,sbr,26,tierA_p95,Endothelial,interferon_response,40.0,45.0,1760.0,0.025861999988435195,0.000753651786384513,1712.0,0.025575607484878138
7260_liver_sbr_Male_26-U1,sbr,26,tierA_p95,Endothelial,interferon_response,45.0,50.0,1527.0,0.02480455795141315,0.0009077794255144984,1438.0,0.02602485399217986
7260_liver_sbr_Male_26-U1,sbr,26,tierA_p95,Endothelial,interferon_response,50.0,55.0,1238.0,0.024267665572134497,0.0008660684120279543,1096.0,0.023509635039281288
7260_liver_sbr_Male_26-U1,sbr,26,tierA_p95,Endothelial,interferon_response,55.0,60.0,917.0,0.025334427469634265,0.0010394531182084052,809.0,0.02458159462091909
7260_liver_sbr_Male_26-U1,sbr,26,tierA_p95,Endothelial,interferon_response,60.0,65.0,752.0,0.023526874993678497,0.0010802681691800314,650.0,0.02516396920749125
7260_liver_sbr_Male_26-U1,sbr,26,tierA_p95,Endothelial,interferon_response,65.0,70.0,530.0,0.02469503769881964,0.0013213156212592517,517.0,0.024487640162115548
7260_liver_sbr_Male_26-U1,sbr,26,tierA_p95,Endothelial,interferon_response,70.0,75.0,365.0,0.022294493126686923,0.0014403123260402731,341.0,0.023740351919292697
7260_liver_sbr_Male_26-U1,sbr,26,tierA_p95,Endothelial,interferon_response,75.0,80.0,260.0,0.020519538576123663,0.0017870773999751814,239.0,0.02677163175890752
7260_liver_sbr_Male_26-U1,sbr,26,tierA_p95,Endothelial,interferon_response,80.0,85.0,207.0,0.024250434897446348,0.0020412018959182735,183.0,0.024016557309058967
7260_liver_sbr_Male_26-U1,sbr,26,tierA_p95,Endothelial,interferon_response,85.0,90.0,151.0,0.026478675381982637,0.0022952020036728837,104.0,0.020877596102099442
7260_liver_sbr_Male_26-U1,sbr,26,tierA_p95,Endothelial,interferon_response,90.0,95.0,104.0,0.018929519211479392,0.002730538357100266,84.0,0.0209854760874112
7260_liver_sbr_Male_26-U1,sbr,26,tierA_p95,Endothelial,interferon_response,95.0,100.0,76.0,0.03141921053496557,0.003936816025532987,138.0,0.020881666678389487
7260_liver_sbr_Male_26-U1,sbr,26,tierA_p95,Endothelial,oxidative_stress,0.0,5.0,48.0,0.0388172915118048,0.010446739254766302,1232.0,0.05445977265257666
7260_liver_sbr_Male_26-U1,sbr,26,tierA_p95,Endothelial,oxidative_stress,5.0,10.0,1029.0,0.05270074820203946,0.0020129151166164232,959.0,0.048128310504437236
7260_liver_sbr_Male_26-U1,sbr,26,tierA_p95,Endothelial,oxidative_stress,10.0,15.0,1906.0,0.057510640006390244,0.0014338888022647767,1761.0,0.05867971606224592
7260_liver_sbr_Male_26-U1,sbr,26,tierA_p95,Endothelial,oxidative_stress,15.0,20.0,2132.0,0.06117908530384527,0.0014055244049888073,2100.0,0.06052338567449624
7260_liver_sbr_Male_26-U1,sbr,26,tierA_p95,Endothelial,oxidative_stress,20.0,25.0,2394.0,0.05966924391084659,0.0012701733534262823,2230.0,0.06316123314398837
7260_liver_sbr_Male_26-U1,sbr,26,tierA_p95,Endothelial,oxidative_stress,25.0,30.0,2428.0,0.06192570435582016,0.0013071065852106284,2389.0,0.06156349936684542
7260_liver_sbr_Male_26-U1,sbr,26,tierA_p95,Endothelial,oxidative_stress,30.0,35.0,2339.0,0.06158453614421552,0.001338919859906909,2296.0,0.061091045287767196
7260_liver_sbr_Male_26-U1,sbr,26,tierA_p95,Endothelial,oxidative_stress,35.0,40.0,2141.0,0.061472293242448336,0.0013792893804840385,2026.0,0.06450729021384562
7260_liver_sbr_Male_26-U1,sbr,26,tierA_p95,Endothelial,oxidative_stress,40.0,45.0,1760.0,0.06296742041317678,0.0015499160449027724,1712.0,0.06311638433932029
7260_liver_sbr_Male_26-U1,sbr,26,tierA_p95,Endothelial,oxidative_stress,45.0,50.0,1527.0,0.06370327445955652,0.0016562762758886974,1438.0,0.06711225317638825
7260_liver_sbr_Male_26-U1,sbr,26,tierA_p95,Endothelial,oxidative_stress,50.0,55.0,1238.0,0.06167963649678755,0.0018240413719432763,1096.0,0.06629282853586398
7260_liver_sbr_Male_26-U1,sbr,26,tierA_p95,Endothelial,oxidative_stress,55.0,60.0,917.0,0.06488066521744146,0.0020886867937998754,809.0,0.05979927063430918
7260_liver_sbr_Male_26-U1,sbr,26,tierA_p95,Endothelial,oxidative_stress,60.0,65.0,752.0,0.06753268608448262,0.002376299616080041,650.0,0.06588996928285969
7260_liver_sbr_Male_26-U1,sbr,26,tierA_p95,Endothelial,oxidative_stress,65.0,70.0,530.0,0.06771415104193916,0.002706731636255845,517.0,0.0698782592112058
7260_liver_sbr_Male_26-U1,sbr,26,tierA_p95,Endothelial,oxidative_stress,70.0,75.0,365.0,0.06656202738087988,0.003131811272506034,341.0,0.06424079175990154
7260_liver_sbr_Male_26-U1,sbr,26,tierA_p95,Endothelial,oxidative_stress,75.0,80.0,260.0,0.06953399989579338,0.003812304596197161,239.0,0.0672408786152244
7260_liver_sbr_Male_26-U1,sbr,26,tierA_p95,Endothelial,oxidative_stress,80.0,85.0,207.0,0.07799599025311885,0.004328001163555753,183.0,0.06979300541077395
7260_liver_sbr_Male_26-U1,sbr,26,tierA_p95,Endothelial,oxidative_stress,85.0,90.0,151.0,0.07333430469295146,0.004910413791015286,104.0,0.05837115380563773
7260_liver_sbr_Male_26-U1,sbr,26,tierA_p95,Endothelial,oxidative_stress,90.0,95.0,104.0,0.07434115360956639,0.006179859486278526,84.0,0.06290964290036798
7260_liver_sbr_Male_26-U1,sbr,26,tierA_p95,Endothelial,oxidative_stress,95.0,100.0,76.0,0.07533657887880078,0.007501858660622978,138.0,0.06853014484437628
7260_liver_sbr_Male_26-U1,sbr,26,tierA_p95,Endothelial,secondary_senescence,0.0,5.0,48.0,-0.008023333311333166,0.006489494447051763,1232.0,-0.01053136361194636
7260_liver_sbr_Male_26-U1,sbr,26,tierA_p95,Endothelial,secondary_senescence,5.0,10.0,1029.0,-0.009409183596862693,0.0013086838807554809,959.0,-0.008062460898814773
7260_liver_sbr_Male_26-U1,sbr,26,tierA_p95,Endothelial,secondary_senescence,10.0,15.0,1906.0,-0.01263077650880375,0.0009021165085117442,1761.0,-0.01203853493074754
7260_liver_sbr_Male_26-U1,sbr,26,tierA_p95,Endothelial,secondary_senescence,15.0,20.0,2132.0,-0.011212903360871796,0.0008982155548110037,2100.0,-0.012423600013599276
7260_liver_sbr_Male_26-U1,sbr,26,tierA_p95,Endothelial,secondary_senescence,20.0,25.0,2394.0,-0.01372160399864146,0.0008061900820959143,2230.0,-0.013922959598262688
7260_liver_sbr_Male_26-U1,sbr,26,tierA_p95,Endothelial,secondary_senescence,25.0,30.0,2428.0,-0.014083838556436822,0.0008043642489026995,2389.0,-0.014508991197372216
7260_liver_sbr_Male_26-U1,sbr,26,tierA_p95,Endothelial,secondary_senescence,30.0,35.0,2339.0,-0.01341849080114375,0.000821482610193674,2296.0,-0.013867591463012348
7260_liver_sbr_Male_26-U1,sbr,26,tierA_p95,Endothelial,secondary_senescence,35.0,40.0,2141.0,-0.014195782320644626,0.0008468873457221448,2026.0,-0.014402601197430755
7260_liver_sbr_Male_26-U1,sbr,26,tierA_p95,Endothelial,secondary_senescence,40.0,45.0,1760.0,-0.013567176130358018,0.0009086962875734472,1712.0,-0.013129012867525871
7260_liver_sbr_Male_26-U1,sbr,26,tierA_p95,Endothelial,secondary_senescence,45.0,50.0,1527.0,-0.012870399497428946,0.0010187712743069315,1438.0,-0.013848247558450816
7260_liver_sbr_Male_26-U1,sbr,26,tierA_p95,Endothelial,secondary_senescence,50.0,55.0,1238.0,-0.01425910336936601,0.0011105722197410875,1096.0,-0.01379845803038581
7260_liver_sbr_Male_26-U1,sbr,26,tierA_p95,Endothelial,secondary_senescence,55.0,60.0,917.0,-0.014374907293392247,0.0013009319126857772,809.0,-0.015075117419569161
7260_liver_sbr_Male_26-U1,sbr,26,tierA_p95,Endothelial,secondary_senescence,60.0,65.0,752.0,-0.016367393600540573,0.0013498562441639128,650.0,-0.014676815360345735
7260_liver_sbr_Male_26-U1,sbr,26,tierA_p95,Endothelial,secondary_senescence,65.0,70.0,530.0,-0.011974962246944724,0.0016421142341001256,517.0,-0.014587910994765476
7260_liver_sbr_Male_26-U1,sbr,26,tierA_p95,Endothelial,secondary_senescence,70.0,75.0,365.0,-0.014772767185796473,0.0019439633619847108,341.0,-0.012497243414089476
7260_liver_sbr_Male_26-U1,sbr,26,tierA_p95,Endothelial,secondary_senescence,75.0,80.0,260.0,-0.014267961599818172,0.0022761546354617386,239.0,-0.015592468510419384
7260_liver_sbr_Male_26-U1,sbr,26,tierA_p95,Endothelial,secondary_senescence,80.0,85.0,207.0,-0.013782995174006798,0.002616107663349031,183.0,-0.013412240374862926
7260_liver_sbr_Male_26-U1,sbr,26,tierA_p95,Endothelial,secondary_senescence,85.0,90.0,151.0,-0.016609801605709254,0.0032316663695278183,104.0,-0.012682404028405122
7260_liver_sbr_Male_26-U1,sbr,26,tierA_p95,Endothelial,secondary_senescence,90.0,95.0,104.0,-0.01297048078021572,0.003793101120283437,84.0,-0.01591797618892174
7260_liver_sbr_Male_26-U1,sbr,26,tierA_p95,Endothelial,secondary_senescence,95.0,100.0,76.0,-0.00888355257522658,0.005546612017239603,138.0,-0.01277840573195557
7260_liver_sbr_Male_26-U1,sbr,26,tierA_p95,Endothelial,tnfa_nfkb_proximal,0.0,5.0,48.0,0.019846041717149394,0.004547687861912357,1232.0,0.017864829544867625
7260_liver_sbr_Male_26-U1,sbr,26,tierA_p95,Endothelial,tnfa_nfkb_proximal,5.0,10.0,1029.0,0.01913480079208231,0.0009466769168671041,959.0,0.02066969765648605
7260_liver_sbr_Male_26-U1,sbr,26,tierA_p95,Endothelial,tnfa_nfkb_proximal,10.0,15.0,1906.0,0.016288887740229484,0.0006192321998067062,1761.0,0.01702498011546326
7260_liver_sbr_Male_26-U1,sbr,26,tierA_p95,Endothelial,tnfa_nfkb_proximal,15.0,20.0,2132.0,0.016895867733220507,0.0006124710460289011,2100.0,0.015932761887841998
7260_liver_sbr_Male_26-U1,sbr,26,tierA_p95,Endothelial,tnfa_nfkb_proximal,20.0,25.0,2394.0,0.015729406855844036,0.0005525391706991833,2230.0,0.017489695064649428
7260_liver_sbr_Male_26-U1,sbr,26,tierA_p95,Endothelial,tnfa_nfkb_proximal,25.0,30.0,2428.0,0.016087759459731888,0.0005659910929713711,2389.0,0.01580717037502889
7260_liver_sbr_Male_26-U1,sbr,26,tierA_p95,Endothelial,tnfa_nfkb_proximal,30.0,35.0,2339.0,0.016567340729008874,0.0005715089252566281,2296.0,0.015134904194972553
7260_liver_sbr_Male_26-U1,sbr,26,tierA_p95,Endothelial,tnfa_nfkb_proximal,35.0,40.0,2141.0,0.01610103218398164,0.0005852379287857877,2026.0,0.015740567607211233
7260_liver_sbr_Male_26-U1,sbr,26,tierA_p95,Endothelial,tnfa_nfkb_proximal,40.0,45.0,1760.0,0.01610314771184924,0.0006367935600555974,1712.0,0.016096606309408863
7260_liver_sbr_Male_26-U1,sbr,26,tierA_p95,Endothelial,tnfa_nfkb_proximal,45.0,50.0,1527.0,0.016029947614279928,0.0007367706089657668,1438.0,0.01659964532275268
7260_liver_sbr_Male_26-U1,sbr,26,tierA_p95,Endothelial,tnfa_nfkb_proximal,50.0,55.0,1238.0,0.015903360267932022,0.0007618973085264663,1096.0,0.01576121346689254
7260_liver_sbr_Male_26-U1,sbr,26,tierA_p95,Endothelial,tnfa_nfkb_proximal,55.0,60.0,917.0,0.015669531050995295,0.0009469212864177741,809.0,0.014073250871555325
7260_liver_sbr_Male_26-U1,sbr,26,tierA_p95,Endothelial,tnfa_nfkb_proximal,60.0,65.0,752.0,0.014547127645223458,0.000920531650540014,650.0,0.014348138424505193
7260_liver_sbr_Male_26-U1,sbr,26,tierA_p95,Endothelial,tnfa_nfkb_proximal,65.0,70.0,530.0,0.015466981144832834,0.0011879021765731225,517.0,0.01188613155762324
7260_liver_sbr_Male_26-U1,sbr,26,tierA_p95,Endothelial,tnfa_nfkb_proximal,70.0,75.0,365.0,0.014144410932582504,0.0012524004598862923,341.0,0.01623390024270411
7260_liver_sbr_Male_26-U1,sbr,26,tierA_p95,Endothelial,tnfa_nfkb_proximal,75.0,80.0,260.0,0.01309684614013979,0.0015532852833613842,239.0,0.012907740612763709
7260_liver_sbr_Male_26-U1,sbr,26,tierA_p95,Endothelial,tnfa_nfkb_proximal,80.0,85.0,207.0,0.01357009665265,0.0018679386584431463,183.0,0.017247540986323168
7260_liver_sbr_Male_26-U1,sbr,26,tierA_p95,Endothelial,tnfa_nfkb_proximal,85.0,90.0,151.0,0.015255430476995962,0.002429742825845622,104.0,0.014730384674644133
7260_liver_sbr_Male_26-U1,sbr,26,tierA_p95,Endothelial,tnfa_nfkb_proximal,90.0,95.0,104.0,0.015715384685161274,0.0029837772023963505,84.0,0.012174642793113543
7260_liver_sbr_Male_26-U1,sbr,26,tierA_p95,Endothelial,tnfa_nfkb_proximal,95.0,100.0,76.0,0.018220394886539953,0.003914866625366793,138.0,0.013024710070053317
7260_liver_sbr_Male_26-U1,sbr,26,tierA_p95,Hepatocytes,downstream_arrest,0.0,5.0,36.0,0.00762666669066271,0.0032248691656843083,2812.0,0.00582175320023957
7260_liver_sbr_Male_26-U1,sbr,26,tierA_p95,Hepatocytes,downstream_arrest,5.0,10.0,1291.0,0.00690937259849174,0.0005069047951703147,1144.0,0.006451660857606471
7260_liver_sbr_Male_26-U1,sbr,26,tierA_p95,Hepatocytes,downstream_arrest,10.0,15.0,4258.0,0.006148694226476928,0.00023876514390884122,3991.0,0.0059372713623136245
7260_liver_sbr_Male_26-U1,sbr,26,tierA_p95,Hepatocytes,downstream_arrest,15.0,20.0,5418.0,0.006024542257666531,0.0002032253709405833,5144.0,0.005932709942908544
7260_liver_sbr_Male_26-U1,sbr,26,tierA_p95,Hepatocytes,downstream_arrest,20.0,25.0,5465.0,0.006282058558878399,0.00019873711849166287,5400.0,0.00592208518458291
7260_liver_sbr_Male_26-U1,sbr,26,tierA_p95,Hepatocytes,downstream_arrest,25.0,30.0,5612.0,0.005982362797924985,0.00018489762470078763,5553.0,0.006301878266768986
7260_liver_sbr_Male_26-U1,sbr,26,tierA_p95,Hepatocytes,downstream_arrest,30.0,35.0,5351.0,0.006114122590849252,0.0001919443121134612,5108.0,0.0060959671091931214
7260_liver_sbr_Male_26-U1,sbr,26,tierA_p95,Hepatocytes,downstream_arrest,35.0,40.0,5029.0,0.006333155691704668,0.0002005314608608239,4697.0,0.006233246762952127
7260_liver_sbr_Male_26-U1,sbr,26,tierA_p95,Hepatocytes,downstream_arrest,40.0,45.0,4351.0,0.00638363135895646,0.00021346990869543998,4213.0,0.006885789222716844
7260_liver_sbr_Male_26-U1,sbr,26,tierA_p95,Hepatocytes,downstream_arrest,45.0,50.0,3684.0,0.006313963091446691,0.00022732956323648172,3489.0,0.006461894531370945
7260_liver_sbr_Male_26-U1,sbr,26,tierA_p95,Hepatocytes,downstream_arrest,50.0,55.0,3121.0,0.006505853898257186,0.000256527217092419,2859.0,0.0067115704861373205
7260_liver_sbr_Male_26-U1,sbr,26,tierA_p95,Hepatocytes,downstream_arrest,55.0,60.0,2388.0,0.00706279731940859,0.00027799681428262275,2283.0,0.007005010958422656
7260_liver_sbr_Male_26-U1,sbr,26,tierA_p95,Hepatocytes,downstream_arrest,60.0,65.0,1923.0,0.007292834109400236,0.00033109231294253344,1683.0,0.006866696381673174
7260_liver_sbr_Male_26-U1,sbr,26,tierA_p95,Hepatocytes,downstream_arrest,65.0,70.0,1476.0,0.007138909221966698,0.0003595278397287729,1336.0,0.007930067361880112
7260_liver_sbr_Male_26-U1,sbr,26,tierA_p95,Hepatocytes,downstream_arrest,70.0,75.0,1101.0,0.007687420518272248,0.00044225596254869875,939.0,0.00843057507236047
7260_liver_sbr_Male_26-U1,sbr,26,tierA_p95,Hepatocytes,downstream_arrest,75.0,80.0,801.0,0.007480549299383683,0.0005046900825393941,678.0,0.008050398225106222
7260_liver_sbr_Male_26-U1,sbr,26,tierA_p95,Hepatocytes,downstream_arrest,80.0,85.0,626.0,0.008027396167716987,0.000555975281489747,498.0,0.009111044173090683
7260_liver_sbr_Male_26-U1,sbr,26,tierA_p95,Hepatocytes,downstream_arrest,85.0,90.0,427.0,0.007857658078426994,0.0007074584337528607,338.0,0.008629319472362845
7260_liver_sbr_Male_26-U1,sbr,26,tierA_p95,Hepatocytes,downstream_arrest,90.0,95.0,300.0,0.008065833337301835,0.0008081453569245586,235.0,0.007240851135708347
7260_liver_sbr_Male_26-U1,sbr,26,tierA_p95,Hepatocytes,downstream_arrest,95.0,100.0,174.0,0.010589655184958247,0.001086351090549171,432.0,0.008290740743581814
7260_liver_sbr_Male_26-U1,sbr,26,tierA_p95,Hepatocytes,emt_ecm,0.0,5.0,36.0,0.0069041666510101,0.003572328726462209,2812.0,0.0075410561910778376
7260_liver_sbr_Male_26-U1,sbr,26,tierA_p95,Hepatocytes,emt_ecm,5.0,10.0,1291.0,0.00820584816520728,0.000631023327815064,1144.0,0.009113347958744626
7260_liver_sbr_Male_26-U1,sbr,26,tierA_p95,Hepatocytes,emt_ecm,10.0,15.0,4258.0,0.008651582912644439,0.0002958292841367939,3991.0,0.00850281133315327
7260_liver_sbr_Male_26-U1,sbr,26,tierA_p95,Hepatocytes,emt_ecm,15.0,20.0,5418.0,0.007531587283946102,0.00025039493395554303,5144.0,0.007634358474080351
7260_liver_sbr_Male_26-U1,sbr,26,tierA_p95,Hepatocytes,emt_ecm,20.0,25.0,5465.0,0.008415769449471415,0.0002591235295050051,5400.0,0.007343622214953535
7260_liver_sbr_Male_26-U1,sbr,26,tierA_p95,Hepatocytes,emt_ecm,25.0,30.0,5612.0,0.007064511767536908,0.00023817598779004727,5553.0,0.007200262916425564
7260_liver_sbr_Male_26-U1,sbr,26,tierA_p95,Hepatocytes,emt_ecm,30.0,35.0,5351.0,0.006938841346730599,0.00024291670592321718,5108.0,0.006829935396300309
7260_liver_sbr_Male_26-U1,sbr,26,tierA_p95,Hepatocytes,emt_ecm,35.0,40.0,5029.0,0.0072665619361910825,0.00025450140608672834,4697.0,0.007088207372776364
7260_liver_sbr_Male_26-U1,sbr,26,tierA_p95,Hepatocytes,emt_ecm,40.0,45.0,4351.0,0.006948974938022002,0.00027366774978688775,4213.0,0.006725115108468947
7260_liver_sbr_Male_26-U1,sbr,26,tierA_p95,Hepatocytes,emt_ecm,45.0,50.0,3684.0,0.006590198156117289,0.00029401430545371863,3489.0,0.0064981943220615256
7260_liver_sbr_Male_26-U1,sbr,26,tierA_p95,Hepatocytes,emt_ecm,50.0,55.0,3121.0,0.006609852613454427,0.00031692804886670697,2859.0,0.006521916745977584
7260_liver_sbr_Male_26-U1,sbr,26,tierA_p95,Hepatocytes,emt_ecm,55.0,60.0,2388.0,0.006851892808978908,0.0003726884723985561,2283.0,0.006334472193822973
7260_liver_sbr_Male_26-U1,sbr,26,tierA_p95,Hepatocytes,emt_ecm,60.0,65.0,1923.0,0.005500270410525419,0.00039125435811539677,1683.0,0.006960998214681505
7260_liver_sbr_Male_26-U1,sbr,26,tierA_p95,Hepatocytes,emt_ecm,65.0,70.0,1476.0,0.005620365843599715,0.0004379662696622045,1336.0,0.006464303896271434
7260_liver_sbr_Male_26-U1,sbr,26,tierA_p95,Hepatocytes,emt_ecm,70.0,75.0,1101.0,0.004931734801437342,0.0005249908365003579,939.0,0.005811629403287603
7260_liver_sbr_Male_26-U1,sbr,26,tierA_p95,Hepatocytes,emt_ecm,75.0,80.0,801.0,0.004910074905179163,0.0006054737885548641,678.0,0.0063934071022821596
7260_liver_sbr_Male_26-U1,sbr,26,tierA_p95,Hepatocytes,emt_ecm,80.0,85.0,626.0,0.006415463262495638,0.0007135964000881047,498.0,0.004612550187992011
7260_liver_sbr_Male_26-U1,sbr,26,tierA_p95,Hepatocytes,emt_ecm,85.0,90.0,427.0,0.0038203044292475837,0.000746521656731349,338.0,0.004620532558277041
7260_liver_sbr_Male_26-U1,sbr,26,tierA_p95,Hepatocytes,emt_ecm,90.0,95.0,300.0,0.00443416667682565,0.0010309586409382404,235.0,0.008314255322082008
7260_liver_sbr_Male_26-U1,sbr,26,tierA_p95,Hepatocytes,emt_ecm,95.0,100.0,174.0,0.00241614939908289,0.001252824268562054,432.0,0.005119398133063913
7260_liver_sbr_Male_26-U1,sbr,26,tierA_p95,Hepatocytes,il6_jak_stat3,0.0,5.0,36.0,-0.01704972214712244,0.003987034033466148,2812.0,-0.020119128725841807
7260_liver_sbr_Male_26-U1,sbr,26,tierA_p95,Hepatocytes,il6_jak_stat3,5.0,10.0,1291.0,-0.020184732735430286,0.0006586427254449527,1144.0,-0.020653784979391798
7260_liver_sbr_Male_26-U1,sbr,26,tierA_p95,Hepatocytes,il6_jak_stat3,10.0,15.0,4258.0,-0.022327670264869516,0.00029544824844724105,3991.0,-0.021986862935918734
7260_liver_sbr_Male_26-U1,sbr,26,tierA_p95,Hepatocytes,il6_jak_stat3,15.0,20.0,5418.0,-0.02249822996345662,0.0002563579147343702,5144.0,-0.02208653771408698
7260_liver_sbr_Male_26-U1,sbr,26,tierA_p95,Hepatocytes,il6_jak_stat3,20.0,25.0,5465.0,-0.021773463876416217,0.00027139536735193307,5400.0,-0.022310722222013687
7260_liver_sbr_Male_26-U1,sbr,26,tierA_p95,Hepatocytes,il6_jak_stat3,25.0,30.0,5612.0,-0.02202599607817261,0.0002501375287729212,5553.0,-0.022418271204066125
7260_liver_sbr_Male_26-U1,sbr,26,tierA_p95,Hepatocytes,il6_jak_stat3,30.0,35.0,5351.0,-0.02223004671935844,0.00026422811220063635,5108.0,-0.021968792087236243
7260_liver_sbr_Male_26-U1,sbr,26,tierA_p95,Hepatocytes,il6_jak_stat3,35.0,40.0,5029.0,-0.021990505081729707,0.00027163228591406917,4697.0,-0.022351383865532724
7260_liver_sbr_Male_26-U1,sbr,26,tierA_p95,Hepatocytes,il6_jak_stat3,40.0,45.0,4351.0,-0.021841969644246922,0.0002961726652821641,4213.0,-0.022507816280164676
7260_liver_sbr_Male_26-U1,sbr,26,tierA_p95,Hepatocytes,il6_jak_stat3,45.0,50.0,3684.0,-0.022236720961078354,0.0003224171357734234,3489.0,-0.022537853249413466
7260_liver_sbr_Male_26-U1,sbr,26,tierA_p95,Hepatocytes,il6_jak_stat3,50.0,55.0,3121.0,-0.02218856135256678,0.00034261362291074937,2859.0,-0.021828905216524187
7260_liver_sbr_Male_26-U1,sbr,26,tierA_p95,Hepatocytes,il6_jak_stat3,55.0,60.0,2388.0,-0.02257852596128247,0.00039050085888824737,2283.0,-0.022549623273857147
7260_liver_sbr_Male_26-U1,sbr,26,tierA_p95,Hepatocytes,il6_jak_stat3,60.0,65.0,1923.0,-0.022153073312834545,0.0004365658801855117,1683.0,-0.022688989918443037
7260_liver_sbr_Male_26-U1,sbr,26,tierA_p95,Hepatocytes,il6_jak_stat3,65.0,70.0,1476.0,-0.023214004079668202,0.0004955768304122836,1336.0,-0.022528764971150462
7260_liver_sbr_Male_26-U1,sbr,26,tierA_p95,Hepatocytes,il6_jak_stat3,70.0,75.0,1101.0,-0.022297438703333897,0.0005742966295003715,939.0,-0.023003290730546945
7260_liver_sbr_Male_26-U1,sbr,26,tierA_p95,Hepatocytes,il6_jak_stat3,75.0,80.0,801.0,-0.02276607990407069,0.0006571664662966803,678.0,-0.023774085573237447
7260_liver_sbr_Male_26-U1,sbr,26,tierA_p95,Hepatocytes,il6_jak_stat3,80.0,85.0,626.0,-0.022496485561657554,0.0008203614042275311,498.0,-0.021805622504947986
7260_liver_sbr_Male_26-U1,sbr,26,tierA_p95,Hepatocytes,il6_jak_stat3,85.0,90.0,427.0,-0.023819203722961105,0.0009138140170711871,338.0,-0.023022988116765685
7260_liver_sbr_Male_26-U1,sbr,26,tierA_p95,Hepatocytes,il6_jak_stat3,90.0,95.0,300.0,-0.021959200122510084,0.001146025306168257,235.0,-0.022594085107080667
7260_liver_sbr_Male_26-U1,sbr,26,tierA_p95,Hepatocytes,il6_jak_stat3,95.0,100.0,174.0,-0.022585114957611698,0.001450058210442512,432.0,-0.021506157440752658
7260_liver_sbr_Male_26-U1,sbr,26,tierA_p95,Hepatocytes,interferon_response,0.0,5.0,36.0,-0.006273333384241495,0.0032693475159133404,2812.0,0.0006805618765351103
7260_liver_sbr_Male_26-U1,sbr,26,tierA_p95,Hepatocytes,interferon_response,5.0,10.0,1291.0,0.00024602631139367896,0.0005573797323203692,1144.0,0.00021471152600319507
7260_liver_sbr_Male_26-U1,sbr,26,tierA_p95,Hepatocytes,interferon_response,10.0,15.0,4258.0,-0.00044950445638433395,0.00026617161822536174,3991.0,1.5820591381644065e-05
7260_liver_sbr_Male_26-U1,sbr,26,tierA_p95,Hepatocytes,interferon_response,15.0,20.0,5418.0,-0.00023211148736673815,0.0002265082154560865,5144.0,-0.0003474999993375556
7260_liver_sbr_Male_26-U1,sbr,26,tierA_p95,Hepatocytes,interferon_response,20.0,25.0,5465.0,-0.0003006880127348797,0.0002299234141579425,5400.0,-0.0003704833320019437
7260_liver_sbr_Male_26-U1,sbr,26,tierA_p95,Hepatocytes,interferon_response,25.0,30.0,5612.0,2.753742415593132e-05,0.00021961092614938802,5553.0,9.598414534574595e-06
7260_liver_sbr_Male_26-U1,sbr,26,tierA_p95,Hepatocytes,interferon_response,30.0,35.0,5351.0,0.00042079237124469625,0.0002280531011651579,5108.0,0.00027642914755359566
7260_liver_sbr_Male_26-U1,sbr,26,tierA_p95,Hepatocytes,interferon_response,35.0,40.0,5029.0,0.00036161464683028384,0.0002342447874398329,4697.0,3.6927826428205804e-05
7260_liver_sbr_Male_26-U1,sbr,26,tierA_p95,Hepatocytes,interferon_response,40.0,45.0,4351.0,0.0007295954928080589,0.00025695780547046744,4213.0,0.00037965108073768607
7260_liver_sbr_Male_26-U1,sbr,26,tierA_p95,Hepatocytes,interferon_response,45.0,50.0,3684.0,0.0008547557028842664,0.0002753287347428174,3489.0,0.000790822590443168
7260_liver_sbr_Male_26-U1,sbr,26,tierA_p95,Hepatocytes,interferon_response,50.0,55.0,3121.0,0.001174549824147313,0.0002902715459484756,2859.0,0.0013245400517956452
7260_liver_sbr_Male_26-U1,sbr,26,tierA_p95,Hepatocytes,interferon_response,55.0,60.0,2388.0,0.0010138693393811466,0.000328750947966153,2283.0,0.0010450766323200414
7260_liver_sbr_Male_26-U1,sbr,26,tierA_p95,Hepatocytes,interferon_response,60.0,65.0,1923.0,0.0011381227348775732,0.0003732231420871981,1683.0,0.0014522935136117973
7260_liver_sbr_Male_26-U1,sbr,26,tierA_p95,Hepatocytes,interferon_response,65.0,70.0,1476.0,0.0008103726399513058,0.00043293424612383285,1336.0,0.0012942589818886697
7260_liver_sbr_Male_26-U1,sbr,26,tierA_p95,Hepatocytes,interferon_response,70.0,75.0,1101.0,0.001614068996074889,0.0004982567505136159,939.0,0.001849254517219766
7260_liver_sbr_Male_26-U1,sbr,26,tierA_p95,Hepatocytes,interferon_response,75.0,80.0,801.0,0.0018692634065985985,0.0005646575303469057,678.0,0.0015999557268182086
7260_liver_sbr_Male_26-U1,sbr,26,tierA_p95,Hepatocytes,interferon_response,80.0,85.0,626.0,0.0010115016073820433,0.0006563622134808483,498.0,0.001521686760567086
7260_liver_sbr_Male_26-U1,sbr,26,tierA_p95,Hepatocytes,interferon_response,85.0,90.0,427.0,0.00044419206156429727,0.0007408452510671524,338.0,0.0026020414423102447
7260_liver_sbr_Male_26-U1,sbr,26,tierA_p95,Hepatocytes,interferon_response,90.0,95.0,300.0,0.002481799991231431,0.0009523497596453448,235.0,0.002128425548521881
7260_liver_sbr_Male_26-U1,sbr,26,tierA_p95,Hepatocytes,interferon_response,95.0,100.0,174.0,0.004379310347413311,0.0013956096746530623,432.0,0.0026942824023097746
7260_liver_sbr_Male_26-U1,sbr,26,tierA_p95,Hepatocytes,oxidative_stress,0.0,5.0,36.0,0.08950138941953709,0.010805622633304411,2812.0,0.11450747500153949
7260_liver_sbr_Male_26-U1,sbr,26,tierA_p95,Hepatocytes,oxidative_stress,5.0,10.0,1291.0,0.11523780002751116,0.001659086258142363,1144.0,0.11729245640407072
7260_liver_sbr_Male_26-U1,sbr,26,tierA_p95,Hepatocytes,oxidative_stress,10.0,15.0,4258.0,0.118779189815553,0.0007234131778344275,3991.0,0.11806339264031075
7260_liver_sbr_Male_26-U1,sbr,26,tierA_p95,Hepatocytes,oxidative_stress,15.0,20.0,5418.0,0.11893029162233723,0.0006163615258991886,5144.0,0.11787572702756949
7260_liver_sbr_Male_26-U1,sbr,26,tierA_p95,Hepatocytes,oxidative_stress,20.0,25.0,5465.0,0.11793006044643722,0.0006211150328873671,5400.0,0.11899296113726988
7260_liver_sbr_Male_26-U1,sbr,26,tierA_p95,Hepatocytes,oxidative_stress,25.0,30.0,5612.0,0.11821619032343214,0.0005969109002052407,5553.0,0.11998095264812295
7260_liver_sbr_Male_26-U1,sbr,26,tierA_p95,Hepatocytes,oxidative_stress,30.0,35.0,5351.0,0.11965034947711331,0.0006112943881910081,5108.0,0.11974198895882378
7260_liver_sbr_Male_26-U1,sbr,26,tierA_p95,Hepatocytes,oxidative_stress,35.0,40.0,5029.0,0.11952424542657708,0.0006422507397966686,4697.0,0.119848826912373
7260_liver_sbr_Male_26-U1,sbr,26,tierA_p95,Hepatocytes,oxidative_stress,40.0,45.0,4351.0,0.11948335543966522,0.0006738476443545076,4213.0,0.12155375267399876
7260_liver_sbr_Male_26-U1,sbr,26,tierA_p95,Hepatocytes,oxidative_stress,45.0,50.0,3684.0,0.12099824910816277,0.0007456702859031992,3489.0,0.11972853530936159
7260_liver_sbr_Male_26-U1,sbr,26,tierA_p95,Hepatocytes,oxidative_stress,50.0,55.0,3121.0,0.12144875683186993,0.0007998139668280845,2859.0,0.12232264082086601
7260_liver_sbr_Male_26-U1,sbr,26,tierA_p95,Hepatocytes,oxidative_stress,55.0,60.0,2388.0,0.12156751247957388,0.0009103182241514756,2283.0,0.12202775738664484
7260_liver_sbr_Male_26-U1,sbr,26,tierA_p95,Hepatocytes,oxidative_stress,60.0,65.0,1923.0,0.1218105302457671,0.0010456795238481243,1683.0,0.11940428999304012
7260_liver_sbr_Male_26-U1,sbr,26,tierA_p95,Hepatocytes,oxidative_stress,65.0,70.0,1476.0,0.12388470190357787,0.0012008319912916374,1336.0,0.12291818877426255
7260_liver_sbr_Male_26-U1,sbr,26,tierA_p95,Hepatocytes,oxidative_stress,70.0,75.0,1101.0,0.12132554059818267,0.0013768996938949207,939.0,0.12489582525583082
7260_liver_sbr_Male_26-U1,sbr,26,tierA_p95,Hepatocytes,oxidative_stress,75.0,80.0,801.0,0.12338220961037302,0.0016425744882630504,678.0,0.122933643045533
7260_liver_sbr_Male_26-U1,sbr,26,tierA_p95,Hepatocytes,oxidative_stress,80.0,85.0,626.0,0.1219065332682595,0.0018852261537188014,498.0,0.12518247006737804
7260_liver_sbr_Male_26-U1,sbr,26,tierA_p95,Hepatocytes,oxidative_stress,85.0,90.0,427.0,0.12541548002389122,0.001913475319440048,338.0,0.12021156793774365
7260_liver_sbr_Male_26-U1,sbr,26,tierA_p95,Hepatocytes,oxidative_stress,90.0,95.0,300.0,0.12849743367463817,0.002493701983089254,235.0,0.12170451063107937
7260_liver_sbr_Male_26-U1,sbr,26,tierA_p95,Hepatocytes,oxidative_stress,95.0,100.0,174.0,0.12411867807373062,0.003548807641887167,432.0,0.12321863415504426
7260_liver_sbr_Male_26-U1,sbr,26,tierA_p95,Hepatocytes,secondary_senescence,0.0,5.0,36.0,-0.020732500053580023,0.005122629888328469,2812.0,-0.027831689173264288
7260_liver_sbr_Male_26-U1,sbr,26,tierA_p95,Hepatocytes,secondary_senescence,5.0,10.0,1291.0,-0.02760499615139841,0.000821138117366116,1144.0,-0.02473158217517139
7260_liver_sbr_Male_26-U1,sbr,26,tierA_p95,Hepatocytes,secondary_senescence,10.0,15.0,4258.0,-0.030203560392881273,0.00039285624564143517,3991.0,-0.030287416693201806
7260_liver_sbr_Male_26-U1,sbr,26,tierA_p95,Hepatocytes,secondary_senescence,15.0,20.0,5418.0,-0.031230693974911225,0.0003356365017584107,5144.0,-0.030731736008250802
7260_liver_sbr_Male_26-U1,sbr,26,tierA_p95,Hepatocytes,secondary_senescence,20.0,25.0,5465.0,-0.029648486738445903,0.00034455042355875957,5400.0,-0.03159447036492363
7260_liver_sbr_Male_26-U1,sbr,26,tierA_p95,Hepatocytes,secondary_senescence,25.0,30.0,5612.0,-0.030486609062982336,0.0003240008037755593,5553.0,-0.029916731501616067
7260_liver_sbr_Male_26-U1,sbr,26,tierA_p95,Hepatocytes,secondary_senescence,30.0,35.0,5351.0,-0.0302656923981713,0.0003378524792544426,5108.0,-0.030454295239298542
7260_liver_sbr_Male_26-U1,sbr,26,tierA_p95,Hepatocytes,secondary_senescence,35.0,40.0,5029.0,-0.03056497716869002,0.0003532422392601744,4697.0,-0.03010932935152782
7260_liver_sbr_Male_26-U1,sbr,26,tierA_p95,Hepatocytes,secondary_senescence,40.0,45.0,4351.0,-0.030853095835510665,0.0003703295122376117,4213.0,-0.03078500593291748
7260_liver_sbr_Male_26-U1,sbr,26,tierA_p95,Hepatocytes,secondary_senescence,45.0,50.0,3684.0,-0.029917383247851707,0.0004120951189367415,3489.0,-0.031120894218778283
7260_liver_sbr_Male_26-U1,sbr,26,tierA_p95,Hepatocytes,secondary_senescence,50.0,55.0,3121.0,-0.030360589553463702,0.00043838720983221545,2859.0,-0.03028610003614565
7260_liver_sbr_Male_26-U1,sbr,26,tierA_p95,Hepatocytes,secondary_senescence,55.0,60.0,2388.0,-0.030532035167254414,0.000506170840965978,2283.0,-0.030427192301275042
7260_liver_sbr_Male_26-U1,sbr,26,tierA_p95,Hepatocytes,secondary_senescence,60.0,65.0,1923.0,-0.029671300052429392,0.0005745722462239713,1683.0,-0.030951610256039853
7260_liver_sbr_Male_26-U1,sbr,26,tierA_p95,Hepatocytes,secondary_senescence,65.0,70.0,1476.0,-0.030334451226967523,0.000641195532917084,1336.0,-0.03063512726581546
7260_liver_sbr_Male_26-U1,sbr,26,tierA_p95,Hepatocytes,secondary_senescence,70.0,75.0,1101.0,-0.031137266070491304,0.0007365514889454633,939.0,-0.031397007448514806
7260_liver_sbr_Male_26-U1,sbr,26,tierA_p95,Hepatocytes,secondary_senescence,75.0,80.0,801.0,-0.031896629167621704,0.0008077537479429598,678.0,-0.03169460182970099
7260_liver_sbr_Male_26-U1,sbr,26,tierA_p95,Hepatocytes,secondary_senescence,80.0,85.0,626.0,-0.030161996823571884,0.001033002884651238,498.0,-0.02951026105686735
7260_liver_sbr_Male_26-U1,sbr,26,tierA_p95,Hepatocytes,secondary_senescence,85.0,90.0,427.0,-0.03180168610738154,0.001085534400971766,338.0,-0.031329230814393795
7260_liver_sbr_Male_26-U1,sbr,26,tierA_p95,Hepatocytes,secondary_senescence,90.0,95.0,300.0,-0.030406599974667187,0.001354473177717834,235.0,-0.029905616925556232
7260_liver_sbr_Male_26-U1,sbr,26,tierA_p95,Hepatocytes,secondary_senescence,95.0,100.0,174.0,-0.029200000019630967,0.0018457908849651582,432.0,-0.031383750084757966
7260_liver_sbr_Male_26-U1,sbr,26,tierA_p95,Hepatocytes,tnfa_nfkb_proximal,0.0,5.0,36.0,-0.0034352778424767572,0.0035886151806028507,2812.0,-0.006755881934006065
7260_liver_sbr_Male_26-U1,sbr,26,tierA_p95,Hepatocytes,tnfa_nfkb_proximal,5.0,10.0,1291.0,-0.0066641595602586895,0.0005578880526491188,1144.0,-0.007053059418108109
7260_liver_sbr_Male_26-U1,sbr,26,tierA_p95,Hepatocytes,tnfa_nfkb_proximal,10.0,15.0,4258.0,-0.006621108502758964,0.00026821519408560385,3991.0,-0.006212836369763459
7260_liver_sbr_Male_26-U1,sbr,26,tierA_p95,Hepatocytes,tnfa_nfkb_proximal,15.0,20.0,5418.0,-0.006955404206050704,0.00023562217140885312,5144.0,-0.006329916402391209
7260_liver_sbr_Male_26-U1,sbr,26,tierA_p95,Hepatocytes,tnfa_nfkb_proximal,20.0,25.0,5465.0,-0.005931354065510689,0.00024320133174923794,5400.0,-0.006679909262137598
7260_liver_sbr_Male_26-U1,sbr,26,tierA_p95,Hepatocytes,tnfa_nfkb_proximal,25.0,30.0,5612.0,-0.006340110470924046,0.00022328444627237086,5553.0,-0.0067311903542180964
7260_liver_sbr_Male_26-U1,sbr,26,tierA_p95,Hepatocytes,tnfa_nfkb_proximal,30.0,35.0,5351.0,-0.006565955904557549,0.00023422126796186424,5108.0,-0.006684565382301891
7260_liver_sbr_Male_26-U1,sbr,26,tierA_p95,Hepatocytes,tnfa_nfkb_proximal,35.0,40.0,5029.0,-0.006913867563505781,0.00023275205624120253,4697.0,-0.006957355745385877
7260_liver_sbr_Male_26-U1,sbr,26,tierA_p95,Hepatocytes,tnfa_nfkb_proximal,40.0,45.0,4351.0,-0.00746183864925043,0.000245990926983397,4213.0,-0.007395817701806183
7260_liver_sbr_Male_26-U1,sbr,26,tierA_p95,Hepatocytes,tnfa_nfkb_proximal,45.0,50.0,3684.0,-0.00697242399318375,0.00027806769052949194,3489.0,-0.007049911148991185
7260_liver_sbr_Male_26-U1,sbr,26,tierA_p95,Hepatocytes,tnfa_nfkb_proximal,50.0,55.0,3121.0,-0.008137978203782866,0.0002962011580260869,2859.0,-0.0068805876216651365
7260_liver_sbr_Male_26-U1,sbr,26,tierA_p95,Hepatocytes,tnfa_nfkb_proximal,55.0,60.0,2388.0,-0.007708601325729717,0.000344252558485187,2283.0,-0.007999872973576452
7260_liver_sbr_Male_26-U1,sbr,26,tierA_p95,Hepatocytes,tnfa_nfkb_proximal,60.0,65.0,1923.0,-0.007913463330850946,0.00040402839291084835,1683.0,-0.008100184192421863
7260_liver_sbr_Male_26-U1,sbr,26,tierA_p95,Hepatocytes,tnfa_nfkb_proximal,65.0,70.0,1476.0,-0.008384037931649515,0.00043758144050992474,1336.0,-0.008179064357218359
7260_liver_sbr_Male_26-U1,sbr,26,tierA_p95,Hepatocytes,tnfa_nfkb_proximal,70.0,75.0,1101.0,-0.007696321511934932,0.0005182553883875501,939.0,-0.00890735887495134
7260_liver_sbr_Male_26-U1,sbr,26,tierA_p95,Hepatocytes,tnfa_nfkb_proximal,75.0,80.0,801.0,-0.009351223475004304,0.0005463371606442975,678.0,-0.009894115059675338
7260_liver_sbr_Male_26-U1,sbr,26,tierA_p95,Hepatocytes,tnfa_nfkb_proximal,80.0,85.0,626.0,-0.007860766766652276,0.0006697621309627195,498.0,-0.00835090362420031
7260_liver_sbr_Male_26-U1,sbr,26,tierA_p95,Hepatocytes,tnfa_nfkb_proximal,85.0,90.0,427.0,-0.00837901642934938,0.0007615229146929136,338.0,-0.008493313650255671
7260_liver_sbr_Male_26-U1,sbr,26,tierA_p95,Hepatocytes,tnfa_nfkb_proximal,90.0,95.0,300.0,-0.007384300007045871,0.000963238790113523,235.0,-0.009021063830980293
7260_liver_sbr_Male_26-U1,sbr,26,tierA_p95,Hepatocytes,tnfa_nfkb_proximal,95.0,100.0,174.0,-0.01020091959690453,0.0012299302928819166,432.0,-0.007732407367383429
7260_liver_sbr_Male_26-U1,sbr,26,tierA_p95,Macrophages,downstream_arrest,0.0,5.0,87.0,0.003922528788332303,0.00230333423296361,1044.0,0.004013994237037219
7260_liver_sbr_Male_26-U1,sbr,26,tierA_p95,Macrophages,downstream_arrest,5.0,10.0,1567.0,0.006319157631601191,0.0005735912731831474,1442.0,0.005894160874931447
7260_liver_sbr_Male_26-U1,sbr,26,tierA_p95,Macrophages,downstream_arrest,10.0,15.0,1909.0,0.006071136717162878,0.00047310965956819687,1779.0,0.005551669476026117
7260_liver_sbr_Male_26-U1,sbr,26,tierA_p95,Macrophages,downstream_arrest,15.0,20.0,2056.0,0.005530111857383719,0.0004453737207059252,1969.0,0.006071477929658057
7260_liver_sbr_Male_26-U1,sbr,26,tierA_p95,Macrophages,downstream_arrest,20.0,25.0,1910.0,0.006175057593099112,0.00047732431954981537,1824.0,0.005880087703000451
7260_liver_sbr_Male_26-U1,sbr,26,tierA_p95,Macrophages,downstream_arrest,25.0,30.0,1950.0,0.00568700000233105,0.00046885909173314324,1815.0,0.005492639118323591
7260_liver_sbr_Male_26-U1,sbr,26,tierA_p95,Macrophages,downstream_arrest,30.0,35.0,1726.0,0.006011436847394271,0.0005027129233172952,1632.0,0.005142475500272614
7260_liver_sbr_Male_26-U1,sbr,26,tierA_p95,Macrophages,downstream_arrest,35.0,40.0,1432.0,0.00527525838123941,0.0005364288321954411,1518.0,0.006186567851252169
7260_liver_sbr_Male_26-U1,sbr,26,tierA_p95,Macrophages,downstream_arrest,40.0,45.0,1245.0,0.005891871459230554,0.000561554160946558,1221.0,0.0064854954834133605
7260_liver_sbr_Male_26-U1,sbr,26,tierA_p95,Macrophages,downstream_arrest,45.0,50.0,1003.0,0.004851525429506564,0.0006491796509430599,968.0,0.006018646675799145
7260_liver_sbr_Male_26-U1,sbr,26,tierA_p95,Macrophages,downstream_arrest,50.0,55.0,817.0,0.004894039169667741,0.0006927478995776809,743.0,0.007260026917139881
7260_liver_sbr_Male_26-U1,sbr,26,tierA_p95,Macrophages,downstream_arrest,55.0,60.0,672.0,0.006425997056837895,0.0007860839193411408,600.0,0.005656699999514482
7260_liver_sbr_Male_26-U1,sbr,26,tierA_p95,Macrophages,downstream_arrest,60.0,65.0,480.0,0.00661170830624845,0.0009665402932445116,458.0,0.006874781712677683
7260_liver_sbr_Male_26-U1,sbr,26,tierA_p95,Macrophages,downstream_arrest,65.0,70.0,339.0,0.0057431268526785826,0.0010387033188830888,291.0,0.005505154616443666
7260_liver_sbr_Male_26-U1,sbr,26,tierA_p95,Macrophages,downstream_arrest,70.0,75.0,299.0,0.007365518371644371,0.0011764327641125868,226.0,0.008693805228579075
7260_liver_sbr_Male_26-U1,sbr,26,tierA_p95,Macrophages,downstream_arrest,75.0,80.0,203.0,0.0069104926335927,0.001310047539503726,161.0,0.006980993827173677
7260_liver_sbr_Male_26-U1,sbr,26,tierA_p95,Macrophages,downstream_arrest,80.0,85.0,128.0,0.005923281188643159,0.0017787577896211698,109.0,0.006164678904388651
7260_liver_sbr_Male_26-U1,sbr,26,tierA_p95,Macrophages,downstream_arrest,85.0,90.0,82.0,0.0065315853399380746,0.0021730117664457587,79.0,0.004483924064228217
7260_liver_sbr_Male_26-U1,sbr,26,tierA_p95,Macrophages,downstream_arrest,90.0,95.0,86.0,0.00679069766801847,0.0020693044165754856,41.0,0.006460243737021257
7260_liver_sbr_Male_26-U1,sbr,26,tierA_p95,Macrophages,downstream_arrest,95.0,100.0,54.0,0.010877222194620926,0.002545240458917279,125.0,0.008505360055831261
7260_liver_sbr_Male_26-U1,sbr,26,tierA_p95,Macrophages,emt_ecm,0.0,5.0,87.0,0.06860356288694444,0.004623037930565148,1044.0,0.0591883620816247
7260_liver_sbr_Male_26-U1,sbr,26,tierA_p95,Macrophages,emt_ecm,5.0,10.0,1567.0,0.07011019779159286,0.00120059390039173,1442.0,0.06951153251404558
7260_liver_sbr_Male_26-U1,sbr,26,tierA_p95,Macrophages,emt_ecm,10.0,15.0,1909.0,0.06374121528184779,0.0010495431237460189,1779.0,0.06290164698491209
7260_liver_sbr_Male_26-U1,sbr,26,tierA_p95,Macrophages,emt_ecm,15.0,20.0,2056.0,0.06137193086356322,0.0010040003889887023,1969.0,0.06058219903750306
7260_liver_sbr_Male_26-U1,sbr,26,tierA_p95,Macrophages,emt_ecm,20.0,25.0,1910.0,0.05811641880741382,0.0010288692196514524,1824.0,0.05955370610091019
7260_liver_sbr_Male_26-U1,sbr,26,tierA_p95,Macrophages,emt_ecm,25.0,30.0,1950.0,0.056904435826440114,0.0010073921248913518,1815.0,0.05652804954609291
7260_liver_sbr_Male_26-U1,sbr,26,tierA_p95,Macrophages,emt_ecm,30.0,35.0,1726.0,0.05387050983073313,0.0010709466558773025,1632.0,0.05565953421649497
7260_liver_sbr_Male_26-U1,sbr,26,tierA_p95,Macrophages,emt_ecm,35.0,40.0,1432.0,0.05419499999867215,0.0011610557157004974,1518.0,0.05171495386196311
7260_liver_sbr_Male_26-U1,sbr,26,tierA_p95,Macrophages,emt_ecm,40.0,45.0,1245.0,0.05055288347710989,0.0012233776735891037,1221.0,0.05264629810365259
7260_liver_sbr_Male_26-U1,sbr,26,tierA_p95,Macrophages,emt_ecm,45.0,50.0,1003.0,0.049714336984187084,0.0013461238501028521,968.0,0.051409844984432726
7260_liver_sbr_Male_26-U1,sbr,26,tierA_p95,Macrophages,emt_ecm,50.0,55.0,817.0,0.05168235001119049,0.001562338243521111,743.0,0.04836411837961673
7260_liver_sbr_Male_26-U1,sbr,26,tierA_p95,Macrophages,emt_ecm,55.0,60.0,672.0,0.04758633931565522,0.001582617049292925,600.0,0.04531181666854536
7260_liver_sbr_Male_26-U1,sbr,26,tierA_p95,Macrophages,emt_ecm,60.0,65.0,480.0,0.04509325000005144,0.0019072871824844777,458.0,0.048717095956102616
7260_liver_sbr_Male_26-U1,sbr,26,tierA_p95,Macrophages,emt_ecm,65.0,70.0,339.0,0.0437558405891567,0.0023206587102279448,291.0,0.04458639181343658
7260_liver_sbr_Male_26-U1,sbr,26,tierA_p95,Macrophages,emt_ecm,70.0,75.0,299.0,0.043744548358590936,0.0023202395471621827,226.0,0.0384934955541574
7260_liver_sbr_Male_26-U1,sbr,26,tierA_p95,Macrophages,emt_ecm,75.0,80.0,203.0,0.04521034481439721,0.0030434588523175644,161.0,0.044577763984753514
7260_liver_sbr_Male_26-U1,sbr,26,tierA_p95,Macrophages,emt_ecm,80.0,85.0,128.0,0.043374843736501134,0.0038348733070022252,109.0,0.03879623849333665
7260_liver_sbr_Male_26-U1,sbr,26,tierA_p95,Macrophages,emt_ecm,85.0,90.0,82.0,0.04267121953094696,0.005264551093152319,79.0,0.04047468359305087
7260_liver_sbr_Male_26-U1,sbr,26,tierA_p95,Macrophages,emt_ecm,90.0,95.0,86.0,0.03722500026586119,0.003845049730389347,41.0,0.03692097561449883
7260_liver_sbr_Male_26-U1,sbr,26,tierA_p95,Macrophages,emt_ecm,95.0,100.0,54.0,0.028851296363697015,0.0050148783718798095,125.0,0.037965840307530016
7260_liver_sbr_Male_26-U1,sbr,26,tierA_p95,Macrophages,il6_jak_stat3,0.0,5.0,87.0,0.039080114878952264,0.004471672317690211,1044.0,0.03457776814555689
7260_liver_sbr_Male_26-U1,sbr,26,tierA_p95,Macrophages,il6_jak_stat3,5.0,10.0,1567.0,0.03842202297046538,0.001154075836708275,1442.0,0.038655624091318334
7260_liver_sbr_Male_26-U1,sbr,26,tierA_p95,Macrophages,il6_jak_stat3,10.0,15.0,1909.0,0.03529466209573854,0.001018971161972561,1779.0,0.035832394660481964
7260_liver_sbr_Male_26-U1,sbr,26,tierA_p95,Macrophages,il6_jak_stat3,15.0,20.0,2056.0,0.033017247080514595,0.0009412200670175278,1969.0,0.03445369220918762
7260_liver_sbr_Male_26-U1,sbr,26,tierA_p95,Macrophages,il6_jak_stat3,20.0,25.0,1910.0,0.034789486926540256,0.0009852576562066815,1824.0,0.03346503282166954
7260_liver_sbr_Male_26-U1,sbr,26,tierA_p95,Macrophages,il6_jak_stat3,25.0,30.0,1950.0,0.034686528203095895,0.0010020355735679155,1815.0,0.03222677136787456
7260_liver_sbr_Male_26-U1,sbr,26,tierA_p95,Macrophages,il6_jak_stat3,30.0,35.0,1726.0,0.031966083422051705,0.0010436500507633153,1632.0,0.03214018379287386
7260_liver_sbr_Male_26-U1,sbr,26,tierA_p95,Macrophages,il6_jak_stat3,35.0,40.0,1432.0,0.035382234596060734,0.001123135922628139,1518.0,0.03459688402773726
7260_liver_sbr_Male_26-U1,sbr,26,tierA_p95,Macrophages,il6_jak_stat3,40.0,45.0,1245.0,0.029915004026976482,0.0012360805654728132,1221.0,0.03365776414825561
7260_liver_sbr_Male_26-U1,sbr,26,tierA_p95,Macrophages,il6_jak_stat3,45.0,50.0,1003.0,0.03306352942864548,0.0013829757297075735,968.0,0.032001497970668424
7260_liver_sbr_Male_26-U1,sbr,26,tierA_p95,Macrophages,il6_jak_stat3,50.0,55.0,817.0,0.03421940022551656,0.0015146391603953952,743.0,0.03134528931462902
7260_liver_sbr_Male_26-U1,sbr,26,tierA_p95,Macrophages,il6_jak_stat3,55.0,60.0,672.0,0.030513958274598605,0.0015766970710200175,600.0,0.03037476666828297
7260_liver_sbr_Male_26-U1,sbr,26,tierA_p95,Macrophages,il6_jak_stat3,60.0,65.0,480.0,0.02850054168306997,0.0019324818902960378,458.0,0.030911331820268922
7260_liver_sbr_Male_26-U1,sbr,26,tierA_p95,Macrophages,il6_jak_stat3,65.0,70.0,339.0,0.03164501457181855,0.002418450976877102,291.0,0.03555498284994744
7260_liver_sbr_Male_26-U1,sbr,26,tierA_p95,Macrophages,il6_jak_stat3,70.0,75.0,299.0,0.0317688627471693,0.0023924664627286807,226.0,0.02956119466192332
7260_liver_sbr_Male_26-U1,sbr,26,tierA_p95,Macrophages,il6_jak_stat3,75.0,80.0,203.0,0.03226064034425676,0.0028031923216785427,161.0,0.033292670913007374
7260_liver_sbr_Male_26-U1,sbr,26,tierA_p95,Macrophages,il6_jak_stat3,80.0,85.0,128.0,0.024081328022589332,0.0033456585838553487,109.0,0.031719082426023455
7260_liver_sbr_Male_26-U1,sbr,26,tierA_p95,Macrophages,il6_jak_stat3,85.0,90.0,82.0,0.03882902431750398,0.004886386232693426,79.0,0.03491506301785032
7260_liver_sbr_Male_26-U1,sbr,26,tierA_p95,Macrophages,il6_jak_stat3,90.0,95.0,86.0,0.02775383702490132,0.004579918110769071,41.0,0.024491463316513633
7260_liver_sbr_Male_26-U1,sbr,26,tierA_p95,Macrophages,il6_jak_stat3,95.0,100.0,54.0,0.03863648124873483,0.005423198890540627,125.0,0.028635999881778843
7260_liver_sbr_Male_26-U1,sbr,26,tierA_p95,Macrophages,interferon_response,0.0,5.0,87.0,0.05240632184062236,0.003874358071305277,1044.0,0.046526178153343194
7260_liver_sbr_Male_26-U1,sbr,26,tierA_p95,Macrophages,interferon_response,5.0,10.0,1567.0,0.049887479243513055,0.001030425806630833,1442.0,0.047883897404270875
7260_liver_sbr_Male_26-U1,sbr,26,tierA_p95,Macrophages,interferon_response,10.0,15.0,1909.0,0.04702301209825059,0.0008688599096911144,1779.0,0.04705043280259578
7260_liver_sbr_Male_26-U1,sbr,26,tierA_p95,Macrophages,interferon_response,15.0,20.0,2056.0,0.046141060299461245,0.0008531981944300651,1969.0,0.04840960898906014
7260_liver_sbr_Male_26-U1,sbr,26,tierA_p95,Macrophages,interferon_response,20.0,25.0,1910.0,0.04749474348266474,0.000882583935493628,1824.0,0.04747508774797002
7260_liver_sbr_Male_26-U1,sbr,26,tierA_p95,Macrophages,interferon_response,25.0,30.0,1950.0,0.04635267694432957,0.0008588940278516297,1815.0,0.047015294768284206
7260_liver_sbr_Male_26-U1,sbr,26,tierA_p95,Macrophages,interferon_response,30.0,35.0,1726.0,0.04541771140386775,0.0009113455758417413,1632.0,0.04539359679091715
7260_liver_sbr_Male_26-U1,sbr,26,tierA_p95,Macrophages,interferon_response,35.0,40.0,1432.0,0.047423065639437816,0.0009899362802573348,1518.0,0.04742303028636993
7260_liver_sbr_Male_26-U1,sbr,26,tierA_p95,Macrophages,interferon_response,40.0,45.0,1245.0,0.04613523701210291,0.0010719747614525493,1221.0,0.04546571662639382
7260_liver_sbr_Male_26-U1,sbr,26,tierA_p95,Macrophages,interferon_response,45.0,50.0,1003.0,0.0482584446774275,0.001216874189321247,968.0,0.04708990705247826
7260_liver_sbr_Male_26-U1,sbr,26,tierA_p95,Macrophages,interferon_response,50.0,55.0,817.0,0.04629835994080636,0.0013257082731358033,743.0,0.04647271866109275
7260_liver_sbr_Male_26-U1,sbr,26,tierA_p95,Macrophages,interferon_response,55.0,60.0,672.0,0.048204330319203154,0.00144096100868063,600.0,0.04816710000309589
7260_liver_sbr_Male_26-U1,sbr,26,tierA_p95,Macrophages,interferon_response,60.0,65.0,480.0,0.0490998749623941,0.0017365030667150232,458.0,0.044747314420066096
7260_liver_sbr_Male_26-U1,sbr,26,tierA_p95,Macrophages,interferon_response,65.0,70.0,339.0,0.04644654865215593,0.002002714014978465,291.0,0.05141017172658413
7260_liver_sbr_Male_26-U1,sbr,26,tierA_p95,Macrophages,interferon_response,70.0,75.0,299.0,0.047591304355519,0.002105407645335052,226.0,0.045801194710985385
7260_liver_sbr_Male_26-U1,sbr,26,tierA_p95,Macrophages,interferon_response,75.0,80.0,203.0,0.0476257634705295,0.002758971837533331,161.0,0.050393913020665454
7260_liver_sbr_Male_26-U1,sbr,26,tierA_p95,Macrophages,interferon_response,80.0,85.0,128.0,0.040490468833468185,0.003025072683088969,109.0,0.044292935911179394
7260_liver_sbr_Male_26-U1,sbr,26,tierA_p95,Macrophages,interferon_response,85.0,90.0,82.0,0.055086707061713154,0.004899358173125994,79.0,0.0511022785832222
7260_liver_sbr_Male_26-U1,sbr,26,tierA_p95,Macrophages,interferon_response,90.0,95.0,86.0,0.047444302176002165,0.003866307538657963,41.0,0.05104951244756216
7260_liver_sbr_Male_26-U1,sbr,26,tierA_p95,Macrophages,interferon_response,95.0,100.0,54.0,0.04551407391274417,0.005134283221503287,125.0,0.0498786398555385
7260_liver_sbr_Male_26-U1,sbr,26,tierA_p95,Macrophages,oxidative_stress,0.0,5.0,87.0,0.07260011439479289,0.0075649302957209695,1044.0,0.08592556528565601
7260_liver_sbr_Male_26-U1,sbr,26,tierA_p95,Macrophages,oxidative_stress,5.0,10.0,1567.0,0.08192429477178191,0.0017517799624465478,1442.0,0.08300857154579051
7260_liver_sbr_Male_26-U1,sbr,26,tierA_p95,Macrophages,oxidative_stress,10.0,15.0,1909.0,0.08854694078545892,0.0015300107226071584,1779.0,0.08972465982690385
7260_liver_sbr_Male_26-U1,sbr,26,tierA_p95,Macrophages,oxidative_stress,15.0,20.0,2056.0,0.0917636138647883,0.0015023076582203418,1969.0,0.09237699342487335
7260_liver_sbr_Male_26-U1,sbr,26,tierA_p95,Macrophages,oxidative_stress,20.0,25.0,1910.0,0.09467171722272148,0.00156826104663171,1824.0,0.09260729721332259
7260_liver_sbr_Male_26-U1,sbr,26,tierA_p95,Macrophages,oxidative_stress,25.0,30.0,1950.0,0.09285641553869564,0.0015673242252186403,1815.0,0.09431602760659372
7260_liver_sbr_Male_26-U1,sbr,26,tierA_p95,Macrophages,oxidative_stress,30.0,35.0,1726.0,0.09537042298531243,0.0016591222684719045,1632.0,0.09266475486544203
7260_liver_sbr_Male_26-U1,sbr,26,tierA_p95,Macrophages,oxidative_stress,35.0,40.0,1432.0,0.09551740924615329,0.0018001836641898744,1518.0,0.09768371533153256
7260_liver_sbr_Male_26-U1,sbr,26,tierA_p95,Macrophages,oxidative_stress,40.0,45.0,1245.0,0.09638247390155658,0.0018898659371560651,1221.0,0.099348935362836
7260_liver_sbr_Male_26-U1,sbr,26,tierA_p95,Macrophages,oxidative_stress,45.0,50.0,1003.0,0.1003290329321741,0.0020230909176984753,968.0,0.09637310950734554
7260_liver_sbr_Male_26-U1,sbr,26,tierA_p95,Macrophages,oxidative_stress,50.0,55.0,817.0,0.09845097920402965,0.0023077846020035323,743.0,0.10301238227068175
7260_liver_sbr_Male_26-U1,sbr,26,tierA_p95,Macrophages,oxidative_stress,55.0,60.0,672.0,0.10101828854669748,0.002647041519759085,600.0,0.10221163302529021
7260_liver_sbr_Male_26-U1,sbr,26,tierA_p95,Macrophages,oxidative_stress,60.0,65.0,480.0,0.09601243749154188,0.0030899296533484213,458.0,0.1023211134874082
7260_liver_sbr_Male_26-U1,sbr,26,tierA_p95,Macrophages,oxidative_stress,65.0,70.0,339.0,0.10062247792953917,0.003464348964170474,291.0,0.10236381427761962
7260_liver_sbr_Male_26-U1,sbr,26,tierA_p95,Macrophages,oxidative_stress,70.0,75.0,299.0,0.10219719056065356,0.003819126240478639,226.0,0.10204305284063175
7260_liver_sbr_Male_26-U1,sbr,26,tierA_p95,Macrophages,oxidative_stress,75.0,80.0,203.0,0.10648896554978152,0.004652378862799098,161.0,0.09828080774085331
7260_liver_sbr_Male_26-U1,sbr,26,tierA_p95,Macrophages,oxidative_stress,80.0,85.0,128.0,0.10748093778602197,0.005000757224052333,109.0,0.10478990870194697
7260_liver_sbr_Male_26-U1,sbr,26,tierA_p95,Macrophages,oxidative_stress,85.0,90.0,82.0,0.10431695115616227,0.006649228262418448,79.0,0.10853518989516268
7260_liver_sbr_Male_26-U1,sbr,26,tierA_p95,Macrophages,oxidative_stress,90.0,95.0,86.0,0.108228720792266,0.005849251588381281,41.0,0.0947597560291065
7260_liver_sbr_Male_26-U1,sbr,26,tierA_p95,Macrophages,oxidative_stress,95.0,100.0,54.0,0.1172964810911152,0.0077835534842632835,125.0,0.1003387203332968
7260_liver_sbr_Male_26-U1,sbr,26,tierA_p95,Macrophages,secondary_senescence,0.0,5.0,87.0,0.019088965498584045,0.00592459298871938,1044.0,0.007654827570024344
7260_liver_sbr_Male_26-U1,sbr,26,tierA_p95,Macrophages,secondary_senescence,5.0,10.0,1567.0,0.012248545009203774,0.0013002599417763574,1442.0,0.01486002072233633
7260_liver_sbr_Male_26-U1,sbr,26,tierA_p95,Macrophages,secondary_senescence,10.0,15.0,1909.0,0.011065442606584337,0.0012125729726470639,1779.0,0.009951433384831475
7260_liver_sbr_Male_26-U1,sbr,26,tierA_p95,Macrophages,secondary_senescence,15.0,20.0,2056.0,0.007835685810950326,0.001110614118728682,1969.0,0.008999492123211918
7260_liver_sbr_Male_26-U1,sbr,26,tierA_p95,Macrophages,secondary_senescence,20.0,25.0,1910.0,0.008284727726987651,0.0011489626015985833,1824.0,0.006102417749111896
7260_liver_sbr_Male_26-U1,sbr,26,tierA_p95,Macrophages,secondary_senescence,25.0,30.0,1950.0,0.0057644871596988735,0.001077593393988359,1815.0,0.0049712286341463
7260_liver_sbr_Male_26-U1,sbr,26,tierA_p95,Macrophages,secondary_senescence,30.0,35.0,1726.0,0.005307641944238001,0.001124326393013833,1632.0,0.005927990207077991
7260_liver_sbr_Male_26-U1,sbr,26,tierA_p95,Macrophages,secondary_senescence,35.0,40.0,1432.0,0.0031551326529709683,0.0012178680444202604,1518.0,0.005088438751565086
7260_liver_sbr_Male_26-U1,sbr,26,tierA_p95,Macrophages,secondary_senescence,40.0,45.0,1245.0,0.002630264996921496,0.0013372086109172078,1221.0,0.004259131843228506
7260_liver_sbr_Male_26-U1,sbr,26,tierA_p95,Macrophages,secondary_senescence,45.0,50.0,1003.0,0.00368906279664813,0.0014880598520442146,968.0,0.0020639256827128197
7260_liver_sbr_Male_26-U1,sbr,26,tierA_p95,Macrophages,secondary_senescence,50.0,55.0,817.0,0.005264724537916987,0.0016881114230116062,743.0,0.0038090847371859615
7260_liver_sbr_Male_26-U1,sbr,26,tierA_p95,Macrophages,secondary_senescence,55.0,60.0,672.0,0.003883392862982354,0.0018022337382898794,600.0,0.001988549963668144
7260_liver_sbr_Male_26-U1,sbr,26,tierA_p95,Macrophages,secondary_senescence,60.0,65.0,480.0,0.0035555625818687988,0.0021469950822450776,458.0,0.0014401529492338479
7260_liver_sbr_Male_26-U1,sbr,26,tierA_p95,Macrophages,secondary_senescence,65.0,70.0,339.0,0.0006417405004231918,0.0024055897736330314,291.0,0.0033760823238312182
7260_liver_sbr_Male_26-U1,sbr,26,tierA_p95,Macrophages,secondary_senescence,70.0,75.0,299.0,0.0010904013690749732,0.0026854952049509364,226.0,0.0010266373288702834
7260_liver_sbr_Male_26-U1,sbr,26,tierA_p95,Macrophages,secondary_senescence,75.0,80.0,203.0,0.0018294580800348682,0.003018724487794663,161.0,-0.00016670803715162534
7260_liver_sbr_Male_26-U1,sbr,26,tierA_p95,Macrophages,secondary_senescence,80.0,85.0,128.0,-0.00577390600005856,0.003988858807961914,109.0,-0.0008833030599341386
7260_liver_sbr_Male_26-U1,sbr,26,tierA_p95,Macrophages,secondary_senescence,85.0,90.0,82.0,0.0077853658035675795,0.005238245964666728,79.0,0.001747088634285227
7260_liver_sbr_Male_26-U1,sbr,26,tierA_p95,Macrophages,secondary_senescence,90.0,95.0,86.0,-0.0009316279137301323,0.004306069304142671,41.0,-0.003512439283928493
7260_liver_sbr_Male_26-U1,sbr,26,tierA_p95,Macrophages,secondary_senescence,95.0,100.0,54.0,-0.003992407548206824,0.005900109337216873,125.0,-0.003353520080447197
7260_liver_sbr_Male_26-U1,sbr,26,tierA_p95,Macrophages,tnfa_nfkb_proximal,0.0,5.0,87.0,0.020937930951512154,0.003813755514528372,1044.0,0.018793994216052136
7260_liver_sbr_Male_26-U1,sbr,26,tierA_p95,Macrophages,tnfa_nfkb_proximal,5.0,10.0,1567.0,0.02235756221521785,0.0009337322744992957,1442.0,0.02234967403269624
7260_liver_sbr_Male_26-U1,sbr,26,tierA_p95,Macrophages,tnfa_nfkb_proximal,10.0,15.0,1909.0,0.02028348348725636,0.0008450476732848463,1779.0,0.02059894880926179
7260_liver_sbr_Male_26-U1,sbr,26,tierA_p95,Macrophages,tnfa_nfkb_proximal,15.0,20.0,2056.0,0.019050500967669456,0.0008061018380157415,1969.0,0.019213311341451204
7260_liver_sbr_Male_26-U1,sbr,26,tierA_p95,Macrophages,tnfa_nfkb_proximal,20.0,25.0,1910.0,0.01858850258805523,0.0008180058603007275,1824.0,0.01699949015816353
7260_liver_sbr_Male_26-U1,sbr,26,tierA_p95,Macrophages,tnfa_nfkb_proximal,25.0,30.0,1950.0,0.017150953865631705,0.000790022219578335,1815.0,0.01805109643687564
7260_liver_sbr_Male_26-U1,sbr,26,tierA_p95,Macrophages,tnfa_nfkb_proximal,30.0,35.0,1726.0,0.016630585168464784,0.0008052466484828622,1632.0,0.01699685662083093
7260_liver_sbr_Male_26-U1,sbr,26,tierA_p95,Macrophages,tnfa_nfkb_proximal,35.0,40.0,1432.0,0.01749678071756692,0.0009373893782343177,1518.0,0.0180924835381761
7260_liver_sbr_Male_26-U1,sbr,26,tierA_p95,Macrophages,tnfa_nfkb_proximal,40.0,45.0,1245.0,0.014819140499206419,0.0009639095808185992,1221.0,0.017024234248937863
7260_liver_sbr_Male_26-U1,sbr,26,tierA_p95,Macrophages,tnfa_nfkb_proximal,45.0,50.0,1003.0,0.015346191431930082,0.0010545447723375532,968.0,0.013738977267877083
7260_liver_sbr_Male_26-U1,sbr,26,tierA_p95,Macrophages,tnfa_nfkb_proximal,50.0,55.0,817.0,0.01750208082521211,0.0013004472475216472,743.0,0.01635090174507707
7260_liver_sbr_Male_26-U1,sbr,26,tierA_p95,Macrophages,tnfa_nfkb_proximal,55.0,60.0,672.0,0.013845178592938672,0.0012432621813152703,600.0,0.013217783297780747
7260_liver_sbr_Male_26-U1,sbr,26,tierA_p95,Macrophages,tnfa_nfkb_proximal,60.0,65.0,480.0,0.015239812533248671,0.0016161907025005742,458.0,0.012116550195099688
7260_liver_sbr_Male_26-U1,sbr,26,tierA_p95,Macrophages,tnfa_nfkb_proximal,65.0,70.0,339.0,0.012330914400467716,0.0018402796245807441,291.0,0.013688556698349058
7260_liver_sbr_Male_26-U1,sbr,26,tierA_p95,Macrophages,tnfa_nfkb_proximal,70.0,75.0,299.0,0.015014247604946365,0.0018821115135164229,226.0,0.01223508840422231
7260_liver_sbr_Male_26-U1,sbr,26,tierA_p95,Macrophages,tnfa_nfkb_proximal,75.0,80.0,203.0,0.014642512230709363,0.0023686525445189444,161.0,0.014620310504362565
7260_liver_sbr_Male_26-U1,sbr,26,tierA_p95,Macrophages,tnfa_nfkb_proximal,80.0,85.0,128.0,0.011832968801058996,0.002747404444012688,109.0,0.011972110064320028
7260_liver_sbr_Male_26-U1,sbr,26,tierA_p95,Macrophages,tnfa_nfkb_proximal,85.0,90.0,82.0,0.017612682874087335,0.0037304581112247866,79.0,0.019245696298282922
7260_liver_sbr_Male_26-U1,sbr,26,tierA_p95,Macrophages,tnfa_nfkb_proximal,90.0,95.0,86.0,0.013984883742861796,0.00337057920871839,41.0,0.010283170637416244
7260_liver_sbr_Male_26-U1,sbr,26,tierA_p95,Macrophages,tnfa_nfkb_proximal,95.0,100.0,54.0,0.01228518528040257,0.004572526425947602,125.0,0.010539439957239665
7260_liver_sbr_Male_26-U1,sbr,26,tierA_p95,Mesenchymal,downstream_arrest,0.0,5.0,119.0,0.001521932778348305,0.0017564030432211995,1618.0,0.0012018912254559417
7260_liver_sbr_Male_26-U1,sbr,26,tierA_p95,Mesenchymal,downstream_arrest,5.0,10.0,2445.0,0.00236986501679137,0.0003835556714620707,2351.0,0.0024282730777592768
7260_liver_sbr_Male_26-U1,sbr,26,tierA_p95,Mesenchymal,downstream_arrest,10.0,15.0,3134.0,0.0019248883224005557,0.00032723122901886056,3040.0,0.002345490137863156
7260_liver_sbr_Male_26-U1,sbr,26,tierA_p95,Mesenchymal,downstream_arrest,15.0,20.0,3330.0,0.0018427867871705585,0.00031692219423912,3208.0,0.0021303117204594566
7260_liver_sbr_Male_26-U1,sbr,26,tierA_p95,Mesenchymal,downstream_arrest,20.0,25.0,3303.0,0.0018865849186541787,0.0003180846233711997,3183.0,0.0021675714612949255
7260_liver_sbr_Male_26-U1,sbr,26,tierA_p95,Mesenchymal,downstream_arrest,25.0,30.0,3172.0,0.00201368221635757,0.0003174936320726621,3020.0,0.0024521655527997605
7260_liver_sbr_Male_26-U1,sbr,26,tierA_p95,Mesenchymal,downstream_arrest,30.0,35.0,2801.0,0.0025968939628636723,0.0003414657614961698,2803.0,0.0021553585371771214
7260_liver_sbr_Male_26-U1,sbr,26,tierA_p95,Mesenchymal,downstream_arrest,35.0,40.0,2441.0,0.0024758910251416527,0.00036983827364465966,2262.0,0.002035698510338921
7260_liver_sbr_Male_26-U1,sbr,26,tierA_p95,Mesenchymal,downstream_arrest,40.0,45.0,2097.0,0.0014085121787828583,0.00040509522968792505,1973.0,0.002683335013863119
7260_liver_sbr_Male_26-U1,sbr,26,tierA_p95,Mesenchymal,downstream_arrest,45.0,50.0,1607.0,0.00282166771480941,0.00045510543761912765,1512.0,0.0025303571558281503
7260_liver_sbr_Male_26-U1,sbr,26,tierA_p95,Mesenchymal,downstream_arrest,50.0,55.0,1282.0,0.0030423713003631843,0.0005148421021834652,1193.0,0.003379513824017338
7260_liver_sbr_Male_26-U1,sbr,26,tierA_p95,Mesenchymal,downstream_arrest,55.0,60.0,994.0,0.0034747082347122804,0.0005591748054427044,835.0,0.0026687065798344516
7260_liver_sbr_Male_26-U1,sbr,26,tierA_p95,Mesenchymal,downstream_arrest,60.0,65.0,680.0,0.0029090735378999584,0.0006673633083629997,587.0,0.0018514480878837173
7260_liver_sbr_Male_26-U1,sbr,26,tierA_p95,Mesenchymal,downstream_arrest,65.0,70.0,512.0,0.003440175798395728,0.0008245239901184964,456.0,0.0023554166366107224
7260_liver_sbr_Male_26-U1,sbr,26,tierA_p95,Mesenchymal,downstream_arrest,70.0,75.0,394.0,0.004028350225679173,0.0008807663503898026,298.0,0.003215167781289459
7260_liver_sbr_Male_26-U1,sbr,26,tierA_p95,Mesenchymal,downstream_arrest,75.0,80.0,254.0,0.006005708732189978,0.0010860141648363101,214.0,0.0026513551641745214
7260_liver_sbr_Male_26-U1,sbr,26,tierA_p95,Mesenchymal,downstream_arrest,80.0,85.0,172.0,0.0030874999464326402,0.0013329365344583223,132.0,0.0030922727577159426
7260_liver_sbr_Male_26-U1,sbr,26,tierA_p95,Mesenchymal,downstream_arrest,85.0,90.0,105.0,0.002939904808729244,0.0017148802257343076,94.0,0.004795531935165042
7260_liver_sbr_Male_26-U1,sbr,26,tierA_p95,Mesenchymal,downstream_arrest,90.0,95.0,71.0,0.004061267457895873,0.001888644313848742,61.0,0.0011695081993224688
7260_liver_sbr_Male_26-U1,sbr,26,tierA_p95,Mesenchymal,downstream_arrest,95.0,100.0,32.0,0.004721562501799781,0.004035983571971079,105.0,0.004652476239183064
7260_liver_sbr_Male_26-U1,sbr,26,tierA_p95,Mesenchymal,emt_ecm,0.0,5.0,119.0,0.13742831937906122,0.005197659945162165,1618.0,0.12321795438207934
7260_liver_sbr_Male_26-U1,sbr,26,tierA_p95,Mesenchymal,emt_ecm,5.0,10.0,2445.0,0.12894889576582463,0.000996874047479643,2351.0,0.12965391321991235
7260_liver_sbr_Male_26-U1,sbr,26,tierA_p95,Mesenchymal,emt_ecm,10.0,15.0,3134.0,0.12451729737114936,0.000891071874936152,3040.0,0.12447098691171911
7260_liver_sbr_Male_26-U1,sbr,26,tierA_p95,Mesenchymal,emt_ecm,15.0,20.0,3330.0,0.12366562756276606,0.0008658230118802024,3208.0,0.12339379377366291
7260_liver_sbr_Male_26-U1,sbr,26,tierA_p95,Mesenchymal,emt_ecm,20.0,25.0,3303.0,0.12229661228061355,0.0008646292423281941,3183.0,0.12199488214395315
7260_liver_sbr_Male_26-U1,sbr,26,tierA_p95,Mesenchymal,emt_ecm,25.0,30.0,3172.0,0.12152625786545079,0.0008938361392782277,3020.0,0.11962979140280729
7260_liver_sbr_Male_26-U1,sbr,26,tierA_p95,Mesenchymal,emt_ecm,30.0,35.0,2801.0,0.12123283486460362,0.0009146898022773134,2803.0,0.12017566890992817
7260_liver_sbr_Male_26-U1,sbr,26,tierA_p95,Mesenchymal,emt_ecm,35.0,40.0,2441.0,0.11845426059660717,0.0009646615228385243,2262.0,0.11794641914658675
7260_liver_sbr_Male_26-U1,sbr,26,tierA_p95,Mesenchymal,emt_ecm,40.0,45.0,2097.0,0.11818984258377793,0.0010660107233436602,1973.0,0.11733404453752376
7260_liver_sbr_Male_26-U1,sbr,26,tierA_p95,Mesenchymal,emt_ecm,45.0,50.0,1607.0,0.11776963917001869,0.0012142724357386062,1512.0,0.11667986134225478
7260_liver_sbr_Male_26-U1,sbr,26,tierA_p95,Mesenchymal,emt_ecm,50.0,55.0,1282.0,0.11851015621770825,0.0013114690497366432,1193.0,0.11612077133299913
7260_liver_sbr_Male_26-U1,sbr,26,tierA_p95,Mesenchymal,emt_ecm,55.0,60.0,994.0,0.11608629773035496,0.00154111389865,835.0,0.11764898192650544
7260_liver_sbr_Male_26-U1,sbr,26,tierA_p95,Mesenchymal,emt_ecm,60.0,65.0,680.0,0.11467764709788539,0.001858664582347567,587.0,0.11499356045792264
7260_liver_sbr_Male_26-U1,sbr,26,tierA_p95,Mesenchymal,emt_ecm,65.0,70.0,512.0,0.10993474632050493,0.0020432135759433576,456.0,0.12048638150046923
7260_liver_sbr_Male_26-U1,sbr,26,tierA_p95,Mesenchymal,emt_ecm,70.0,75.0,394.0,0.11070149763118532,0.0023563587562592217,298.0,0.11616268473827349
7260_liver_sbr_Male_26-U1,sbr,26,tierA_p95,Mesenchymal,emt_ecm,75.0,80.0,254.0,0.11087409415700304,0.0030472575283260893,214.0,0.11593341140963777
7260_liver_sbr_Male_26-U1,sbr,26,tierA_p95,Mesenchymal,emt_ecm,80.0,85.0,172.0,0.11070930208404396,0.00335463512086251,132.0,0.10950030294726744
7260_liver_sbr_Male_26-U1,sbr,26,tierA_p95,Mesenchymal,emt_ecm,85.0,90.0,105.0,0.1019178089552692,0.004695121949505824,94.0,0.11567127686786524
7260_liver_sbr_Male_26-U1,sbr,26,tierA_p95,Mesenchymal,emt_ecm,90.0,95.0,71.0,0.10366084510591668,0.005690875168481934,61.0,0.12260672120285816
7260_liver_sbr_Male_26-U1,sbr,26,tierA_p95,Mesenchymal,emt_ecm,95.0,100.0,32.0,0.10769687563879415,0.007572037623282795,105.0,0.11251933267783551
7260_liver_sbr_Male_26-U1,sbr,26,tierA_p95,Mesenchymal,il6_jak_stat3,0.0,5.0,119.0,0.014563613340597083,0.004117372832956799,1618.0,0.010060636564261241
7260_liver_sbr_Male_26-U1,sbr,26,tierA_p95,Mesenchymal,il6_jak_stat3,5.0,10.0,2445.0,0.009269971372163283,0.0007446878520344073,2351.0,0.010383334741427929
7260_liver_sbr_Male_26-U1,sbr,26,tierA_p95,Mesenchymal,il6_jak_stat3,10.0,15.0,3134.0,0.00983223356029746,0.0006636190643258448,3040.0,0.0074780427777245435
7260_liver_sbr_Male_26-U1,sbr,26,tierA_p95,Mesenchymal,il6_jak_stat3,15.0,20.0,3330.0,0.008847048028563675,0.0006201638560022639,3208.0,0.008927905231315631
7260_liver_sbr_Male_26-U1,sbr,26,tierA_p95,Mesenchymal,il6_jak_stat3,20.0,25.0,3303.0,0.008154377842222222,0.000643430869657063,3183.0,0.008663587785361093
7260_liver_sbr_Male_26-U1,sbr,26,tierA_p95,Mesenchymal,il6_jak_stat3,25.0,30.0,3172.0,0.008477708063857921,0.0006428494845786064,3020.0,0.008667490083926107
7260_liver_sbr_Male_26-U1,sbr,26,tierA_p95,Mesenchymal,il6_jak_stat3,30.0,35.0,2801.0,0.009893009667699472,0.0007012496626341503,2803.0,0.009687049603757998
7260_liver_sbr_Male_26-U1,sbr,26,tierA_p95,Mesenchymal,il6_jak_stat3,35.0,40.0,2441.0,0.008351851733010132,0.0007140797488813178,2262.0,0.009352608285950538
7260_liver_sbr_Male_26-U1,sbr,26,tierA_p95,Mesenchymal,il6_jak_stat3,40.0,45.0,2097.0,0.009753962800248052,0.0008046811784516478,1973.0,0.00803955907085221
7260_liver_sbr_Male_26-U1,sbr,26,tierA_p95,Mesenchymal,il6_jak_stat3,45.0,50.0,1607.0,0.008445899203997706,0.0008963724671215244,1512.0,0.009414146860690958
7260_liver_sbr_Male_26-U1,sbr,26,tierA_p95,Mesenchymal,il6_jak_stat3,50.0,55.0,1282.0,0.008642636488767095,0.0010106871399323141,1193.0,0.007721844078009411
7260_liver_sbr_Male_26-U1,sbr,26,tierA_p95,Mesenchymal,il6_jak_stat3,55.0,60.0,994.0,0.009316166999503862,0.001108783645919312,835.0,0.011033688675642535
7260_liver_sbr_Male_26-U1,sbr,26,tierA_p95,Mesenchymal,il6_jak_stat3,60.0,65.0,680.0,0.008572985325581078,0.0014065271243971782,587.0,0.008335962495937634
7260_liver_sbr_Male_26-U1,sbr,26,tierA_p95,Mesenchymal,il6_jak_stat3,65.0,70.0,512.0,0.010836972525368083,0.001599831043212129,456.0,0.009095043817739535
7260_liver_sbr_Male_26-U1,sbr,26,tierA_p95,Mesenchymal,il6_jak_stat3,70.0,75.0,394.0,0.009213629385199679,0.001992184320246906,298.0,0.013101006718879822
7260_liver_sbr_Male_26-U1,sbr,26,tierA_p95,Mesenchymal,il6_jak_stat3,75.0,80.0,254.0,0.014784566831729636,0.002477095330116057,214.0,0.01487275704558695
7260_liver_sbr_Male_26-U1,sbr,26,tierA_p95,Mesenchymal,il6_jak_stat3,80.0,85.0,172.0,0.0066268606704313225,0.002642617588317869,132.0,0.00953053028702429
7260_liver_sbr_Male_26-U1,sbr,26,tierA_p95,Mesenchymal,il6_jak_stat3,85.0,90.0,105.0,0.010237428567571831,0.0032334106417524293,94.0,0.010698617039684286
7260_liver_sbr_Male_26-U1,sbr,26,tierA_p95,Mesenchymal,il6_jak_stat3,90.0,95.0,71.0,0.011017746535901712,0.0033888184861046887,61.0,0.011344590051611122
7260_liver_sbr_Male_26-U1,sbr,26,tierA_p95,Mesenchymal,il6_jak_stat3,95.0,100.0,32.0,0.013325000111649388,0.00741482263396674,105.0,0.013531523585801812
7260_liver_sbr_Male_26-U1,sbr,26,tierA_p95,Mesenchymal,interferon_response,0.0,5.0,119.0,0.024076638644841938,0.0031055022036949108,1618.0,0.022069511723111532
7260_liver_sbr_Male_26-U1,sbr,26,tierA_p95,Mesenchymal,interferon_response,5.0,10.0,2445.0,0.020769607396052978,0.0006349670168687458,2351.0,0.020183700530682885
7260_liver_sbr_Male_26-U1,sbr,26,tierA_p95,Mesenchymal,interferon_response,10.0,15.0,3134.0,0.020313280174602922,0.0005573302318672401,3040.0,0.01908598686144447
7260_liver_sbr_Male_26-U1,sbr,26,tierA_p95,Mesenchymal,interferon_response,15.0,20.0,3330.0,0.02087425825775208,0.000527914182242288,3208.0,0.021754965719048953
7260_liver_sbr_Male_26-U1,sbr,26,tierA_p95,Mesenchymal,interferon_response,20.0,25.0,3303.0,0.020082092052976324,0.000540015628564953,3183.0,0.020376110602105
7260_liver_sbr_Male_26-U1,sbr,26,tierA_p95,Mesenchymal,interferon_response,25.0,30.0,3172.0,0.020654378935945426,0.0005421423594139803,3020.0,0.019541155662244403
7260_liver_sbr_Male_26-U1,sbr,26,tierA_p95,Mesenchymal,interferon_response,30.0,35.0,2801.0,0.021230796160092668,0.0005718305827054758,2803.0,0.021260770619539283
7260_liver_sbr_Male_26-U1,sbr,26,tierA_p95,Mesenchymal,interferon_response,35.0,40.0,2441.0,0.019980225313621026,0.0006146656837535399,2262.0,0.02073078691638184
7260_liver_sbr_Male_26-U1,sbr,26,tierA_p95,Mesenchymal,interferon_response,40.0,45.0,2097.0,0.020715236077765476,0.0006767985099748283,1973.0,0.020519923977102464
7260_liver_sbr_Male_26-U1,sbr,26,tierA_p95,Mesenchymal,interferon_response,45.0,50.0,1607.0,0.02123370255268475,0.0007508441380224216,1512.0,0.021000654750676202
7260_liver_sbr_Male_26-U1,sbr,26,tierA_p95,Mesenchymal,interferon_response,50.0,55.0,1282.0,0.019491817457156016,0.0008530802353208197,1193.0,0.02102813075399725
7260_liver_sbr_Male_26-U1,sbr,26,tierA_p95,Mesenchymal,interferon_response,55.0,60.0,994.0,0.021600633773794203,0.0009772728747322302,835.0,0.02175962877935419
7260_liver_sbr_Male_26-U1,sbr,26,tierA_p95,Mesenchymal,interferon_response,60.0,65.0,680.0,0.020638779380586877,0.0011809773675160863,587.0,0.021385758050933686
7260_liver_sbr_Male_26-U1,sbr,26,tierA_p95,Mesenchymal,interferon_response,65.0,70.0,512.0,0.022722753829825137,0.0013706241719265624,456.0,0.021448552590874515
7260_liver_sbr_Male_26-U1,sbr,26,tierA_p95,Mesenchymal,interferon_response,70.0,75.0,394.0,0.02256977169828839,0.0015386944332364798,298.0,0.026360469799609494
7260_liver_sbr_Male_26-U1,sbr,26,tierA_p95,Mesenchymal,interferon_response,75.0,80.0,254.0,0.02204748038896891,0.0018750247224048524,214.0,0.023653691680996517
7260_liver_sbr_Male_26-U1,sbr,26,tierA_p95,Mesenchymal,interferon_response,80.0,85.0,172.0,0.024275058062833754,0.002457082749161893,132.0,0.02187295457891499
7260_liver_sbr_Male_26-U1,sbr,26,tierA_p95,Mesenchymal,interferon_response,85.0,90.0,105.0,0.022658761947449032,0.002416740967793208,94.0,0.026143404517070132
7260_liver_sbr_Male_26-U1,sbr,26,tierA_p95,Mesenchymal,interferon_response,90.0,95.0,71.0,0.02500267599444528,0.0041313920271772425,61.0,0.01770229502266166
7260_liver_sbr_Male_26-U1,sbr,26,tierA_p95,Mesenchymal,interferon_response,95.0,100.0,32.0,0.03250718771778338,0.00657154002057928,105.0,0.018649143013144135
7260_liver_sbr_Male_26-U1,sbr,26,tierA_p95,Mesenchymal,oxidative_stress,0.0,5.0,119.0,0.029828235613154796,0.005829442745853605,1618.0,0.04996196536629099
7260_liver_sbr_Male_26-U1,sbr,26,tierA_p95,Mesenchymal,oxidative_stress,5.0,10.0,2445.0,0.043610204559368634,0.001287115264390058,2351.0,0.0467071331427884
7260_liver_sbr_Male_26-U1,sbr,26,tierA_p95,Mesenchymal,oxidative_stress,10.0,15.0,3134.0,0.05091823868491354,0.0011255148870171396,3040.0,0.055937763183679205
7260_liver_sbr_Male_26-U1,sbr,26,tierA_p95,Mesenchymal,oxidative_stress,15.0,20.0,3330.0,0.052104042013830926,0.0010911968101004709,3208.0,0.05390067955644817
7260_liver_sbr_Male_26-U1,sbr,26,tierA_p95,Mesenchymal,oxidative_stress,20.0,25.0,3303.0,0.0559069270446717,0.001124758643546364,3183.0,0.053144769050419684
7260_liver_sbr_Male_26-U1,sbr,26,tierA_p95,Mesenchymal,oxidative_stress,25.0,30.0,3172.0,0.05567892810280909,0.0011084570349684868,3020.0,0.05813186424990233
7260_liver_sbr_Male_26-U1,sbr,26,tierA_p95,Mesenchymal,oxidative_stress,30.0,35.0,2801.0,0.056733563024201475,0.001163008827132718,2803.0,0.05612105954629092
7260_liver_sbr_Male_26-U1,sbr,26,tierA_p95,Mesenchymal,oxidative_stress,35.0,40.0,2441.0,0.057448357162370914,0.0012612734581822506,2262.0,0.05720872241504282
7260_liver_sbr_Male_26-U1,sbr,26,tierA_p95,Mesenchymal,oxidative_stress,40.0,45.0,2097.0,0.05575174055904525,0.0013460293530145743,1973.0,0.05878727824266298
7260_liver_sbr_Male_26-U1,sbr,26,tierA_p95,Mesenchymal,oxidative_stress,45.0,50.0,1607.0,0.05930166770374658,0.001536383189777878,1512.0,0.05847760575197657
7260_liver_sbr_Male_26-U1,sbr,26,tierA_p95,Mesenchymal,oxidative_stress,50.0,55.0,1282.0,0.05928311236601589,0.0017432032646389768,1193.0,0.056869128252664436
7260_liver_sbr_Male_26-U1,sbr,26,tierA_p95,Mesenchymal,oxidative_stress,55.0,60.0,994.0,0.062342736482074994,0.0019980471140386676,835.0,0.05911534140663762
7260_liver_sbr_Male_26-U1,sbr,26,tierA_p95,Mesenchymal,oxidative_stress,60.0,65.0,680.0,0.06492223516688682,0.0023891210113850757,587.0,0.05955233395817964
7260_liver_sbr_Male_26-U1,sbr,26,tierA_p95,Mesenchymal,oxidative_stress,65.0,70.0,512.0,0.06633330088914136,0.002770526955466456,456.0,0.056960131654034886
7260_liver_sbr_Male_26-U1,sbr,26,tierA_p95,Mesenchymal,oxidative_stress,70.0,75.0,394.0,0.06716030458265237,0.003085919969955995,298.0,0.051794496685228994
7260_liver_sbr_Male_26-U1,sbr,26,tierA_p95,Mesenchymal,oxidative_stress,75.0,80.0,254.0,0.07090169315888202,0.003740689880171706,214.0,0.06172401863561016
7260_liver_sbr_Male_26-U1,sbr,26,tierA_p95,Mesenchymal,oxidative_stress,80.0,85.0,172.0,0.06587947652401771,0.0046210515139758065,132.0,0.06495484844890598
7260_liver_sbr_Male_26-U1,sbr,26,tierA_p95,Mesenchymal,oxidative_stress,85.0,90.0,105.0,0.0666519048512869,0.005712036891193448,94.0,0.0601162766152869
7260_liver_sbr_Male_26-U1,sbr,26,tierA_p95,Mesenchymal,oxidative_stress,90.0,95.0,71.0,0.05507774644164028,0.007631167450414742,61.0,0.0591622948146532
7260_liver_sbr_Male_26-U1,sbr,26,tierA_p95,Mesenchymal,oxidative_stress,95.0,100.0,32.0,0.07193718769121915,0.009107719014631414,105.0,0.06585895273102714
7260_liver_sbr_Male_26-U1,sbr,26,tierA_p95,Mesenchymal,secondary_senescence,0.0,5.0,119.0,0.00561168061558572,0.005288205398328201,1618.0,-0.001042132314288245
7260_liver_sbr_Male_26-U1,sbr,26,tierA_p95,Mesenchymal,secondary_senescence,5.0,10.0,2445.0,0.0009396973361087637,0.0010944641222804506,2351.0,0.0018404593664905153
7260_liver_sbr_Male_26-U1,sbr,26,tierA_p95,Mesenchymal,secondary_senescence,10.0,15.0,3134.0,-0.0032908966383637136,0.0009029333352065476,3040.0,-0.0024578487120224006
7260_liver_sbr_Male_26-U1,sbr,26,tierA_p95,Mesenchymal,secondary_senescence,15.0,20.0,3330.0,-0.0016303483399434237,0.0008949415475892837,3208.0,-0.001206352857921081
7260_liver_sbr_Male_26-U1,sbr,26,tierA_p95,Mesenchymal,secondary_senescence,20.0,25.0,3303.0,-0.002372939749020539,0.0008938150572540171,3183.0,-0.0022574458104761496
7260_liver_sbr_Male_26-U1,sbr,26,tierA_p95,Mesenchymal,secondary_senescence,25.0,30.0,3172.0,-0.0028791834755590388,0.0009289384165811143,3020.0,-0.00273539072194707
7260_liver_sbr_Male_26-U1,sbr,26,tierA_p95,Mesenchymal,secondary_senescence,30.0,35.0,2801.0,-0.0023454872844591123,0.0009550811900853121,2803.0,-0.0037348019919977793
7260_liver_sbr_Male_26-U1,sbr,26,tierA_p95,Mesenchymal,secondary_senescence,35.0,40.0,2441.0,-0.004595714891442914,0.0009865279069936038,2262.0,-0.005025773623489674
7260_liver_sbr_Male_26-U1,sbr,26,tierA_p95,Mesenchymal,secondary_senescence,40.0,45.0,2097.0,-0.0024581402013957748,0.0011162085303731684,1973.0,-0.004634247316158905
7260_liver_sbr_Male_26-U1,sbr,26,tierA_p95,Mesenchymal,secondary_senescence,45.0,50.0,1607.0,-0.005863951426348486,0.0011950377131251782,1512.0,-0.004202572676787039
7260_liver_sbr_Male_26-U1,sbr,26,tierA_p95,Mesenchymal,secondary_senescence,50.0,55.0,1282.0,-0.003345038973315405,0.0014667930892649757,1193.0,-0.005538449296907083
7260_liver_sbr_Male_26-U1,sbr,26,tierA_p95,Mesenchymal,secondary_senescence,55.0,60.0,994.0,-0.0035944265518315236,0.0014336320101448463,835.0,-0.002176562863127412
7260_liver_sbr_Male_26-U1,sbr,26,tierA_p95,Mesenchymal,secondary_senescence,60.0,65.0,680.0,-0.005235661779057837,0.0019746511810539913,587.0,-0.0020418909199462864
7260_liver_sbr_Male_26-U1,sbr,26,tierA_p95,Mesenchymal,secondary_senescence,65.0,70.0,512.0,-0.0005198438162636876,0.002429221918284416,456.0,-0.002079868383756739
7260_liver_sbr_Male_26-U1,sbr,26,tierA_p95,Mesenchymal,secondary_senescence,70.0,75.0,394.0,0.0008437563067807067,0.002776313288168846,298.0,-0.005807684618146034
7260_liver_sbr_Male_26-U1,sbr,26,tierA_p95,Mesenchymal,secondary_senescence,75.0,80.0,254.0,-0.0032700786483817823,0.0028696436271308796,214.0,-0.0015135981804089052
7260_liver_sbr_Male_26-U1,sbr,26,tierA_p95,Mesenchymal,secondary_senescence,80.0,85.0,172.0,-0.0031265116578948057,0.0035726752762413054,132.0,-0.003970984910583039
7260_liver_sbr_Male_26-U1,sbr,26,tierA_p95,Mesenchymal,secondary_senescence,85.0,90.0,105.0,-0.005347143028241893,0.004000497916772044,94.0,-0.006467553241391409
7260_liver_sbr_Male_26-U1,sbr,26,tierA_p95,Mesenchymal,secondary_senescence,90.0,95.0,71.0,-0.007854929475874548,0.006008523421161361,61.0,0.0021850823361062076
7260_liver_sbr_Male_26-U1,sbr,26,tierA_p95,Mesenchymal,secondary_senescence,95.0,100.0,32.0,-0.00924937453964958,0.011125604412749299,105.0,-0.010907619119444418
7260_liver_sbr_Male_26-U1,sbr,26,tierA_p95,Mesenchymal,tnfa_nfkb_proximal,0.0,5.0,119.0,0.014883865559637006,0.0030496296296260482,1618.0,0.01208886276433782
7260_liver_sbr_Male_26-U1,sbr,26,tierA_p95,Mesenchymal,tnfa_nfkb_proximal,5.0,10.0,2445.0,0.012019570598467517,0.000665317743133825,2351.0,0.011976911982669645
7260_liver_sbr_Male_26-U1,sbr,26,tierA_p95,Mesenchymal,tnfa_nfkb_proximal,10.0,15.0,3134.0,0.009951282711583756,0.000598663845578478,3040.0,0.009336118402913934
7260_liver_sbr_Male_26-U1,sbr,26,tierA_p95,Mesenchymal,tnfa_nfkb_proximal,15.0,20.0,3330.0,0.009931357386137877,0.0005687297976039598,3208.0,0.0108829800532705
7260_liver_sbr_Male_26-U1,sbr,26,tierA_p95,Mesenchymal,tnfa_nfkb_proximal,20.0,25.0,3303.0,0.009640420842053276,0.0005746713281924046,3183.0,0.010085054973424887
7260_liver_sbr_Male_26-U1,sbr,26,tierA_p95,Mesenchymal,tnfa_nfkb_proximal,25.0,30.0,3172.0,0.010744668956967332,0.0006012323114829924,3020.0,0.010111317886685055
7260_liver_sbr_Male_26-U1,sbr,26,tierA_p95,Mesenchymal,tnfa_nfkb_proximal,30.0,35.0,2801.0,0.010401117415820747,0.0006101646031762082,2803.0,0.009732729228962943
7260_liver_sbr_Male_26-U1,sbr,26,tierA_p95,Mesenchymal,tnfa_nfkb_proximal,35.0,40.0,2441.0,0.00953568209424203,0.0006394871171927594,2262.0,0.009599637498453453
7260_liver_sbr_Male_26-U1,sbr,26,tierA_p95,Mesenchymal,tnfa_nfkb_proximal,40.0,45.0,2097.0,0.009971778712303023,0.0007018251043101987,1973.0,0.008019386734006349
7260_liver_sbr_Male_26-U1,sbr,26,tierA_p95,Mesenchymal,tnfa_nfkb_proximal,45.0,50.0,1607.0,0.008923503447859986,0.0007616062009488539,1512.0,0.009328974849804533
7260_liver_sbr_Male_26-U1,sbr,26,tierA_p95,Mesenchymal,tnfa_nfkb_proximal,50.0,55.0,1282.0,0.009538642731694297,0.0009218186415979924,1193.0,0.00891438393002214
7260_liver_sbr_Male_26-U1,sbr,26,tierA_p95,Mesenchymal,tnfa_nfkb_proximal,55.0,60.0,994.0,0.008779054342242524,0.0008948091901947638,835.0,0.009554311333963623
7260_liver_sbr_Male_26-U1,sbr,26,tierA_p95,Mesenchymal,tnfa_nfkb_proximal,60.0,65.0,680.0,0.009076397022737877,0.0012579902884178348,587.0,0.010424361166830239
7260_liver_sbr_Male_26-U1,sbr,26,tierA_p95,Mesenchymal,tnfa_nfkb_proximal,65.0,70.0,512.0,0.011808320344492529,0.0014938749048400396,456.0,0.010093771936577437
7260_liver_sbr_Male_26-U1,sbr,26,tierA_p95,Mesenchymal,tnfa_nfkb_proximal,70.0,75.0,394.0,0.009273197985268855,0.0016840848674109488,298.0,0.009648758377172283
7260_liver_sbr_Male_26-U1,sbr,26,tierA_p95,Mesenchymal,tnfa_nfkb_proximal,75.0,80.0,254.0,0.00887661403096964,0.00167829440779114,214.0,0.015115841132181776
7260_liver_sbr_Male_26-U1,sbr,26,tierA_p95,Mesenchymal,tnfa_nfkb_proximal,80.0,85.0,172.0,0.007381511574812764,0.0023581648913956364,132.0,0.006995303035540873
7260_liver_sbr_Male_26-U1,sbr,26,tierA_p95,Mesenchymal,tnfa_nfkb_proximal,85.0,90.0,105.0,0.006955142922067482,0.0021781184978879706,94.0,0.009351702104005257
7260_liver_sbr_Male_26-U1,sbr,26,tierA_p95,Mesenchymal,tnfa_nfkb_proximal,90.0,95.0,71.0,0.00991957736038439,0.003927749297717382,61.0,0.004994590132168998
7260_liver_sbr_Male_26-U1,sbr,26,tierA_p95,Mesenchymal,tnfa_nfkb_proximal,95.0,100.0,32.0,0.008094999928289326,0.007091324859397509,105.0,0.008799714295032788
7260_liver_sbr_Male_26-U1,sbr,26,tierA_p95,Proliferating,downstream_arrest,0.0,5.0,8.0,0.07187250058632344,0.016920823877831993,2.0,0.09144999831914902
7260_liver_sbr_Male_26-U1,sbr,26,tierA_p95,Proliferating,downstream_arrest,5.0,10.0,120.0,0.059643833407123266,0.003126329139945682,86.0,0.05642360460749546
7260_liver_sbr_Male_26-U1,sbr,26,tierA_p95,Proliferating,downstream_arrest,10.0,15.0,350.0,0.051775599889889626,0.0018347105339537413,304.0,0.048909210493500145
7260_liver_sbr_Male_26-U1,sbr,26,tierA_p95,Proliferating,downstream_arrest,15.0,20.0,410.0,0.04796570720809097,0.0014565550290161478,399.0,0.04799132821046401
7260_liver_sbr_Male_26-U1,sbr,26,tierA_p95,Proliferating,downstream_arrest,20.0,25.0,373.0,0.05150865947989367,0.0014910347627872605,436.0,0.05041383027401859
7260_liver_sbr_Male_26-U1,sbr,26,tierA_p95,Proliferating,downstream_arrest,25.0,30.0,380.0,0.05266513148181778,0.0015542827267507671,411.0,0.05093048673401484
7260_liver_sbr_Male_26-U1,sbr,26,tierA_p95,Proliferating,downstream_arrest,30.0,35.0,354.0,0.04882056501619291,0.0016021912810436788,395.0,0.05035450644369305
7260_liver_sbr_Male_26-U1,sbr,26,tierA_p95,Proliferating,downstream_arrest,35.0,40.0,353.0,0.05310232296227227,0.001558165635326176,336.0,0.05111854171229338
7260_liver_sbr_Male_26-U1,sbr,26,tierA_p95,Proliferating,downstream_arrest,40.0,45.0,249.0,0.04818875498841886,0.0018769358663732734,275.0,0.05329919992289929
7260_liver_sbr_Male_26-U1,sbr,26,tierA_p95,Proliferating,downstream_arrest,45.0,50.0,224.0,0.05433352685057408,0.0019391088883904221,237.0,0.0519424894535305
7260_liver_sbr_Male_26-U1,sbr,26,tierA_p95,Proliferating,downstream_arrest,50.0,55.0,205.0,0.04955053657191101,0.0020388900260460553,200.0,0.05289790006820112
7260_liver_sbr_Male_26-U1,sbr,26,tierA_p95,Proliferating,downstream_arrest,55.0,60.0,142.0,0.05104105637743282,0.002337534074669598,142.0,0.05044880279497257
7260_liver_sbr_Male_26-U1,sbr,26,tierA_p95,Proliferating,downstream_arrest,60.0,65.0,119.0,0.04973243723991288,0.002578756260293695,113.0,0.05677876080411066
7260_liver_sbr_Male_26-U1,sbr,26,tierA_p95,Proliferating,downstream_arrest,65.0,70.0,77.0,0.04879714320859775,0.00302807670130976,62.0,0.05214983857642379
7260_liver_sbr_Male_26-U1,sbr,26,tierA_p95,Proliferating,downstream_arrest,70.0,75.0,53.0,0.048654151417069,0.003964428693835422,47.0,0.05357404250374183
7260_liver_sbr_Male_26-U1,sbr,26,tierA_p95,Proliferating,downstream_arrest,75.0,80.0,50.0,0.049215599971357736,0.00369475643566902,36.0,0.04816333349380228
7260_liver_sbr_Male_26-U1,sbr,26,tierA_p95,Proliferating,downstream_arrest,80.0,85.0,31.0,0.04881161278594406,0.006257737620912181,17.0,0.055768823415479236
7260_liver_sbr_Male_26-U1,sbr,26,tierA_p95,Proliferating,downstream_arrest,85.0,90.0,24.0,0.04148833351306772,0.005718582641423366,20.0,0.04827200043946504
7260_liver_sbr_Male_26-U1,sbr,26,tierA_p95,Proliferating,downstream_arrest,90.0,95.0,7.0,0.05173142892973764,0.007209707893517206,9.0,0.04902666641606225
7260_liver_sbr_Male_26-U1,sbr,26,tierA_p95,Proliferating,downstream_arrest,95.0,100.0,13.0,0.04951000056014611,0.0064166115641203485,15.0,0.038659333065152165
7260_liver_sbr_Male_26-U1,sbr,26,tierA_p95,Proliferating,emt_ecm,0.0,5.0,8.0,0.03074125002603978,0.006960303362120708,2.0,0.04766000062227249
7260_liver_sbr_Male_26-U1,sbr,26,tierA_p95,Proliferating,emt_ecm,5.0,10.0,120.0,0.023211416778758577,0.0031532920191891106,86.0,0.026215232644506953
7260_liver_sbr_Male_26-U1,sbr,26,tierA_p95,Proliferating,emt_ecm,10.0,15.0,350.0,0.013537057076859389,0.0013921431676906665,304.0,0.014187598656390995
7260_liver_sbr_Male_26-U1,sbr,26,tierA_p95,Proliferating,emt_ecm,15.0,20.0,410.0,0.014024951288326808,0.0013456897974135243,399.0,0.012381303208523587
7260_liver_sbr_Male_26-U1,sbr,26,tierA_p95,Proliferating,emt_ecm,20.0,25.0,373.0,0.012864584493280411,0.0012833405445421167,436.0,0.01451630741659522
7260_liver_sbr_Male_26-U1,sbr,26,tierA_p95,Proliferating,emt_ecm,25.0,30.0,380.0,0.012520394749126832,0.0013582858316532967,411.0,0.013701897825045316
7260_liver_sbr_Male_26-U1,sbr,26,tierA_p95,Proliferating,emt_ecm,30.0,35.0,354.0,0.011640508485095388,0.0014866947067578248,395.0,0.011238025347046448
7260_liver_sbr_Male_26-U1,sbr,26,tierA_p95,Proliferating,emt_ecm,35.0,40.0,353.0,0.010191728064800922,0.0013805799096656035,336.0,0.008485178577562433
7260_liver_sbr_Male_26-U1,sbr,26,tierA_p95,Proliferating,emt_ecm,40.0,45.0,249.0,0.014643534190582726,0.0016112176137445659,275.0,0.012581890983723993
7260_liver_sbr_Male_26-U1,sbr,26,tierA_p95,Proliferating,emt_ecm,45.0,50.0,224.0,0.01382000008441407,0.0017817039533559423,237.0,0.011774852344219058
7260_liver_sbr_Male_26-U1,sbr,26,tierA_p95,Proliferating,emt_ecm,50.0,55.0,205.0,0.010643658524438762,0.0017273048192145083,200.0,0.010717750027470174
7260_liver_sbr_Male_26-U1,sbr,26,tierA_p95,Proliferating,emt_ecm,55.0,60.0,142.0,0.014120492881464625,0.0023800282759823444,142.0,0.011431971765643898
7260_liver_sbr_Male_26-U1,sbr,26,tierA_p95,Proliferating,emt_ecm,60.0,65.0,119.0,0.007132352960689489,0.0019267471579098579,113.0,0.009702920318355545
7260_liver_sbr_Male_26-U1,sbr,26,tierA_p95,Proliferating,emt_ecm,65.0,70.0,77.0,0.007405584399488622,0.0025201931816670633,62.0,0.012257580810147639
7260_liver_sbr_Male_26-U1,sbr,26,tierA_p95,Proliferating,emt_ecm,70.0,75.0,53.0,0.0057605660692371325,0.003267515413331738,47.0,0.01828106374360938
7260_liver_sbr_Male_26-U1,sbr,26,tierA_p95,Proliferating,emt_ecm,75.0,80.0,50.0,0.010343600054911804,0.00423652448158078,36.0,0.00987250001829428
7260_liver_sbr_Male_26-U1,sbr,26,tierA_p95,Proliferating,emt_ecm,80.0,85.0,31.0,0.005659354706069515,0.0035495991899084545,17.0,0.012614117818456554
7260_liver_sbr_Male_26-U1,sbr,26,tierA_p95,Proliferating,emt_ecm,85.0,90.0,24.0,0.008775833378119083,0.0038208055150354306,20.0,0.008521500107599422
7260_liver_sbr_Male_26-U1,sbr,26,tierA_p95,Proliferating,emt_ecm,90.0,95.0,7.0,0.008764285414404835,0.00941813615785596,9.0,0.0037488887189990943
7260_liver_sbr_Male_26-U1,sbr,26,tierA_p95,Proliferating,emt_ecm,95.0,100.0,13.0,0.010973846090984387,0.009660563530404905,15.0,0.012924667044232289
7260_liver_sbr_Male_26-U1,sbr,26,tierA_p95,Proliferating,il6_jak_stat3,0.0,5.0,8.0,-0.012753749935654923,0.005880103306433209,2.0,-0.015410000458359718
7260_liver_sbr_Male_26-U1,sbr,26,tierA_p95,Proliferating,il6_jak_stat3,5.0,10.0,120.0,-0.009856499998083261,0.0029604963611465323,86.0,-0.010376744177381964
7260_liver_sbr_Male_26-U1,sbr,26,tierA_p95,Proliferating,il6_jak_stat3,10.0,15.0,350.0,-0.016662542886250388,0.0011637669863006424,304.0,-0.013209539450144803
7260_liver_sbr_Male_26-U1,sbr,26,tierA_p95,Proliferating,il6_jak_stat3,15.0,20.0,410.0,-0.015091829246695143,0.0011539750717709711,399.0,-0.014780551380216568
7260_liver_sbr_Male_26-U1,sbr,26,tierA_p95,Proliferating,il6_jak_stat3,20.0,25.0,373.0,-0.017807211775553347,0.0010635246222005371,436.0,-0.015325481635521042
7260_liver_sbr_Male_26-U1,sbr,26,tierA_p95,Proliferating,il6_jak_stat3,25.0,30.0,380.0,-0.015856842042366655,0.0011820208538200689,411.0,-0.01582396590050729
7260_liver_sbr_Male_26-U1,sbr,26,tierA_p95,Proliferating,il6_jak_stat3,30.0,35.0,354.0,-0.01687491526178546,0.0011401933659239366,395.0,-0.016389443077280737
7260_liver_sbr_Male_26-U1,sbr,26,tierA_p95,Proliferating,il6_jak_stat3,35.0,40.0,353.0,-0.014034929155118475,0.0013600297994941903,336.0,-0.016752946484605975
7260_liver_sbr_Male_26-U1,sbr,26,tierA_p95,Proliferating,il6_jak_stat3,40.0,45.0,249.0,-0.01440016056907019,0.0016063868136934215,275.0,-0.01590458182252901
7260_liver_sbr_Male_26-U1,sbr,26,tierA_p95,Proliferating,il6_jak_stat3,45.0,50.0,224.0,-0.01674973216735712,0.0015004649003738492,237.0,-0.017196371260730065
7260_liver_sbr_Male_26-U1,sbr,26,tierA_p95,Proliferating,il6_jak_stat3,50.0,55.0,205.0,-0.01580824396747275,0.001537639570961557,200.0,-0.016216950002581144
7260_liver_sbr_Male_26-U1,sbr,26,tierA_p95,Proliferating,il6_jak_stat3,55.0,60.0,142.0,-0.015351901509399192,0.001957302468919491,142.0,-0.01764992952533722
7260_liver_sbr_Male_26-U1,sbr,26,tierA_p95,Proliferating,il6_jak_stat3,60.0,65.0,119.0,-0.01724310926890036,0.0017713085468465863,113.0,-0.018627787631909587
7260_liver_sbr_Male_26-U1,sbr,26,tierA_p95,Proliferating,il6_jak_stat3,65.0,70.0,77.0,-0.012670000071318702,0.002537023171389773,62.0,-0.019457903165828377
7260_liver_sbr_Male_26-U1,sbr,26,tierA_p95,Proliferating,il6_jak_stat3,70.0,75.0,53.0,-0.018676603721102747,0.002660018773537395,47.0,-0.00828510640620036
7260_liver_sbr_Male_26-U1,sbr,26,tierA_p95,Proliferating,il6_jak_stat3,75.0,80.0,50.0,-0.011860200064256787,0.0034471648555846343,36.0,-0.01821000032537591
7260_liver_sbr_Male_26-U1,sbr,26,tierA_p95,Proliferating,il6_jak_stat3,80.0,85.0,31.0,-0.014272258061194611,0.0038671137928859363,17.0,-0.020890588118859073
7260_liver_sbr_Male_26-U1,sbr,26,tierA_p95,Proliferating,il6_jak_stat3,85.0,90.0,24.0,-0.019969583518104628,0.003983314927363425,20.0,-0.010799499927270518
7260_liver_sbr_Male_26-U1,sbr,26,tierA_p95,Proliferating,il6_jak_stat3,90.0,95.0,7.0,-0.026558571628161838,0.003312934801022072,9.0,-0.017216666653338406
7260_liver_sbr_Male_26-U1,sbr,26,tierA_p95,Proliferating,il6_jak_stat3,95.0,100.0,13.0,-0.015292307827621698,0.007330488881372494,15.0,-0.011269999823222557
7260_liver_sbr_Male_26-U1,sbr,26,tierA_p95,Proliferating,interferon_response,0.0,5.0,8.0,-0.0040625003712193575,0.007136843957959825,2.0,-0.0057299998588860035
7260_liver_sbr_Male_26-U1,sbr,26,tierA_p95,Proliferating,interferon_response,5.0,10.0,120.0,-0.0012203333236660305,0.002482132270882401,86.0,-0.0006565117114934215
7260_liver_sbr_Male_26-U1,sbr,26,tierA_p95,Proliferating,interferon_response,10.0,15.0,350.0,-0.005396428575861916,0.0010574363198013075,304.0,-0.004010032870179489
7260_liver_sbr_Male_26-U1,sbr,26,tierA_p95,Proliferating,interferon_response,15.0,20.0,410.0,-0.004951097612998948,0.0010034459704461338,399.0,-0.004874385959329973
7260_liver_sbr_Male_26-U1,sbr,26,tierA_p95,Proliferating,interferon_response,20.0,25.0,373.0,-0.0056850402228758624,0.0009604108162925322,436.0,-0.005108325663701564
7260_liver_sbr_Male_26-U1,sbr,26,tierA_p95,Proliferating,interferon_response,25.0,30.0,380.0,-0.006743184216046709,0.0009271703234036169,411.0,-0.006840924542468639
7260_liver_sbr_Male_26-U1,sbr,26,tierA_p95,Proliferating,interferon_response,30.0,35.0,354.0,-0.0046775705654780505,0.0010102082912904525,395.0,-0.005065215195645578
7260_liver_sbr_Male_26-U1,sbr,26,tierA_p95,Proliferating,interferon_response,35.0,40.0,353.0,-0.004335807323287289,0.0011262582568712833,336.0,-0.005679226128720637
7260_liver_sbr_Male_26-U1,sbr,26,tierA_p95,Proliferating,interferon_response,40.0,45.0,249.0,-0.005127951796468157,0.0012276542138047485,275.0,-0.006706109104058917
7260_liver_sbr_Male_26-U1,sbr,26,tierA_p95,Proliferating,interferon_response,45.0,50.0,224.0,-0.004445223154464527,0.0013466936865365767,237.0,-0.005733924058976019
7260_liver_sbr_Male_26-U1,sbr,26,tierA_p95,Proliferating,interferon_response,50.0,55.0,205.0,-0.00628356099016567,0.0013693939323194577,200.0,-0.006259249983158952
7260_liver_sbr_Male_26-U1,sbr,26,tierA_p95,Proliferating,interferon_response,55.0,60.0,142.0,-0.007249999892785998,0.001794286539015033,142.0,-0.005400140835365779
7260_liver_sbr_Male_26-U1,sbr,26,tierA_p95,Proliferating,interferon_response,60.0,65.0,119.0,-0.007771764617589862,0.0016071050120682693,113.0,-0.005333274356151346
7260_liver_sbr_Male_26-U1,sbr,26,tierA_p95,Proliferating,interferon_response,65.0,70.0,77.0,-0.005422077920324133,0.002288065994677653,62.0,-0.006422096719395467
7260_liver_sbr_Male_26-U1,sbr,26,tierA_p95,Proliferating,interferon_response,70.0,75.0,53.0,-0.009701509363641787,0.002237879113327827,47.0,-0.004074468084194875
7260_liver_sbr_Male_26-U1,sbr,26,tierA_p95,Proliferating,interferon_response,75.0,80.0,50.0,-0.0036566000303719193,0.002514163793245361,36.0,0.0014552778836029272
7260_liver_sbr_Male_26-U1,sbr,26,tierA_p95,Proliferating,interferon_response,80.0,85.0,31.0,-0.00016516142885290806,0.0034063595122805824,17.0,-0.00959705883938381
7260_liver_sbr_Male_26-U1,sbr,26,tierA_p95,Proliferating,interferon_response,85.0,90.0,24.0,-0.009359999831455449,0.0032468232198458783,20.0,-0.009086500073317438
7260_liver_sbr_Male_26-U1,sbr,26,tierA_p95,Proliferating,interferon_response,90.0,95.0,7.0,-0.012019999961402001,0.004360485353370386,9.0,-0.0065033335445655715
7260_liver_sbr_Male_26-U1,sbr,26,tierA_p95,Proliferating,interferon_response,95.0,100.0,13.0,-0.0022615385286581633,0.007002695009484549,15.0,0.0003319999765759955
7260_liver_sbr_Male_26-U1,sbr,26,tierA_p95,Proliferating,oxidative_stress,0.0,5.0,8.0,0.07509000081336126,0.024074562797657694,2.0,0.004799999296665192
7260_liver_sbr_Male_26-U1,sbr,26,tierA_p95,Proliferating,oxidative_stress,5.0,10.0,120.0,0.10932249993735847,0.006023773387775053,86.0,0.09151499986322495
7260_liver_sbr_Male_26-U1,sbr,26,tierA_p95,Proliferating,oxidative_stress,10.0,15.0,350.0,0.11795437142486792,0.0029197141259793597,304.0,0.12393694096030422
7260_liver_sbr_Male_26-U1,sbr,26,tierA_p95,Proliferating,oxidative_stress,15.0,20.0,410.0,0.1254185613565624,0.0024899024721720285,399.0,0.1264714285834018
7260_liver_sbr_Male_26-U1,sbr,26,tierA_p95,Proliferating,oxidative_stress,20.0,25.0,373.0,0.12269142091169863,0.002734459568127553,436.0,0.12451229372273794
7260_liver_sbr_Male_26-U1,sbr,26,tierA_p95,Proliferating,oxidative_stress,25.0,30.0,380.0,0.12208250000043527,0.002722934581310227,411.0,0.12225676398908288
7260_liver_sbr_Male_26-U1,sbr,26,tierA_p95,Proliferating,oxidative_stress,30.0,35.0,354.0,0.12645536737492186,0.0027390358624174802,395.0,0.12445630376828433
7260_liver_sbr_Male_26-U1,sbr,26,tierA_p95,Proliferating,oxidative_stress,35.0,40.0,353.0,0.12779461766300307,0.0027625241173549068,336.0,0.13123363102065577
7260_liver_sbr_Male_26-U1,sbr,26,tierA_p95,Proliferating,oxidative_stress,40.0,45.0,249.0,0.12314606389876111,0.0033435536294667357,275.0,0.12539829102260144
7260_liver_sbr_Male_26-U1,sbr,26,tierA_p95,Proliferating,oxidative_stress,45.0,50.0,224.0,0.11878642882948043,0.003441179665651987,237.0,0.12094248951690759
7260_liver_sbr_Male_26-U1,sbr,26,tierA_p95,Proliferating,oxidative_stress,50.0,55.0,205.0,0.1269490241799958,0.00362232692214293,200.0,0.12891250029206275
7260_liver_sbr_Male_26-U1,sbr,26,tierA_p95,Proliferating,oxidative_stress,55.0,60.0,142.0,0.1315353524241544,0.004376990015410694,142.0,0.12385816927540155
7260_liver_sbr_Male_26-U1,sbr,26,tierA_p95,Proliferating,oxidative_stress,60.0,65.0,119.0,0.140202604703793,0.004113456412303057,113.0,0.12800265516080292
7260_liver_sbr_Male_26-U1,sbr,26,tierA_p95,Proliferating,oxidative_stress,65.0,70.0,77.0,0.13297948061621614,0.006336420055514306,62.0,0.13013145075209678
7260_liver_sbr_Male_26-U1,sbr,26,tierA_p95,Proliferating,oxidative_stress,70.0,75.0,53.0,0.13061641539745736,0.006195669922395032,47.0,0.11653340393875508
7260_liver_sbr_Male_26-U1,sbr,26,tierA_p95,Proliferating,oxidative_stress,75.0,80.0,50.0,0.13545599948614837,0.006998798311142497,36.0,0.12435722220430358
7260_liver_sbr_Male_26-U1,sbr,26,tierA_p95,Proliferating,oxidative_stress,80.0,85.0,31.0,0.11731161327371674,0.011241968322168432,17.0,0.13430941192542806
7260_liver_sbr_Male_26-U1,sbr,26,tierA_p95,Proliferating,oxidative_stress,85.0,90.0,24.0,0.14066041788707176,0.008816980967677626,20.0,0.13230899926275014
7260_liver_sbr_Male_26-U1,sbr,26,tierA_p95,Proliferating,oxidative_stress,90.0,95.0,7.0,0.11529285780021123,0.035098501735949986,9.0,0.12455889044536485
7260_liver_sbr_Male_26-U1,sbr,26,tierA_p95,Proliferating,oxidative_stress,95.0,100.0,13.0,0.1270653849037794,0.009824345721182693,15.0,0.11053066601355871
7260_liver_sbr_Male_26-U1,sbr,26,tierA_p95,Proliferating,secondary_senescence,0.0,5.0,8.0,0.021378751029260457,0.0128165614815477,2.0,0.08939000219106674
7260_liver_sbr_Male_26-U1,sbr,26,tierA_p95,Proliferating,secondary_senescence,5.0,10.0,120.0,-0.0013771666743195965,0.0038356021083788693,86.0,-0.00827174403897262
7260_liver_sbr_Male_26-U1,sbr,26,tierA_p95,Proliferating,secondary_senescence,10.0,15.0,350.0,-0.013070142821130244,0.0019078374883962112,304.0,-0.012263092097303965
7260_liver_sbr_Male_26-U1,sbr,26,tierA_p95,Proliferating,secondary_senescence,15.0,20.0,410.0,-0.012400024253754343,0.0018106400957069865,399.0,-0.013512731756749335
7260_liver_sbr_Male_26-U1,sbr,26,tierA_p95,Proliferating,secondary_senescence,20.0,25.0,373.0,-0.012299410140219246,0.0018402117585504386,436.0,-0.0102359173884122
7260_liver_sbr_Male_26-U1,sbr,26,tierA_p95,Proliferating,secondary_senescence,25.0,30.0,380.0,-0.009758868427592174,0.0018975761948500831,411.0,-0.012577055964773008
7260_liver_sbr_Male_26-U1,sbr,26,tierA_p95,Proliferating,secondary_senescence,30.0,35.0,354.0,-0.010997740124048248,0.0017442207514207061,395.0,-0.011844025315804174
7260_liver_sbr_Male_26-U1,sbr,26,tierA_p95,Proliferating,secondary_senescence,35.0,40.0,353.0,-0.012391133125991875,0.0017755190476324925,336.0,-0.015305029831367955
7260_liver_sbr_Male_26-U1,sbr,26,tierA_p95,Proliferating,secondary_senescence,40.0,45.0,249.0,-0.012340963790606965,0.002267215441701707,275.0,-0.014359963624791073
7260_liver_sbr_Male_26-U1,sbr,26,tierA_p95,Proliferating,secondary_senescence,45.0,50.0,224.0,-0.01604727679802766,0.0022274691652037744,237.0,-0.01211358641039969
7260_liver_sbr_Male_26-U1,sbr,26,tierA_p95,Proliferating,secondary_senescence,50.0,55.0,205.0,-0.01844502431432796,0.0020276744797438607,200.0,-0.015569949986202118
7260_liver_sbr_Male_26-U1,sbr,26,tierA_p95,Proliferating,secondary_senescence,55.0,60.0,142.0,-0.016341408509234358,0.002758610319869762,142.0,-0.014481901350836138
7260_liver_sbr_Male_26-U1,sbr,26,tierA_p95,Proliferating,secondary_senescence,60.0,65.0,119.0,-0.016041848734177713,0.003205510667575195,113.0,-0.007100796265439007
7260_liver_sbr_Male_26-U1,sbr,26,tierA_p95,Proliferating,secondary_senescence,65.0,70.0,77.0,-0.012533376614000745,0.004134291535763115,62.0,-0.014586290346473576
7260_liver_sbr_Male_26-U1,sbr,26,tierA_p95,Proliferating,secondary_senescence,70.0,75.0,53.0,-0.019616603630568552,0.003835147220335102,47.0,-0.01853255313533814
7260_liver_sbr_Male_26-U1,sbr,26,tierA_p95,Proliferating,secondary_senescence,75.0,80.0,50.0,-0.015603200116456719,0.005881011327126554,36.0,-0.011216388885966606
7260_liver_sbr_Male_26-U1,sbr,26,tierA_p95,Proliferating,secondary_senescence,80.0,85.0,31.0,-0.015534838586444817,0.005824889750887312,17.0,-0.010219999678049456
7260_liver_sbr_Male_26-U1,sbr,26,tierA_p95,Proliferating,secondary_senescence,85.0,90.0,24.0,-0.019389167010861758,0.006978627689622156,20.0,-0.014315499953227118
7260_liver_sbr_Male_26-U1,sbr,26,tierA_p95,Proliferating,secondary_senescence,90.0,95.0,7.0,-0.022898571698793342,0.011656643622795768,9.0,-0.02805111153672139
7260_liver_sbr_Male_26-U1,sbr,26,tierA_p95,Proliferating,secondary_senescence,95.0,100.0,13.0,-0.014804615925710935,0.009026144174979918,15.0,-0.012627333278457324
7260_liver_sbr_Male_26-U1,sbr,26,tierA_p95,Proliferating,tnfa_nfkb_proximal,0.0,5.0,8.0,0.00031750023481436074,0.007564704076785497,2.0,0.023394999792799354
7260_liver_sbr_Male_26-U1,sbr,26,tierA_p95,Proliferating,tnfa_nfkb_proximal,5.0,10.0,120.0,0.01543658330413867,0.003296740900886304,86.0,0.012421511540048604
7260_liver_sbr_Male_26-U1,sbr,26,tierA_p95,Proliferating,tnfa_nfkb_proximal,10.0,15.0,350.0,0.00909274286731878,0.0015183639955259213,304.0,0.012080921088837434
7260_liver_sbr_Male_26-U1,sbr,26,tierA_p95,Proliferating,tnfa_nfkb_proximal,15.0,20.0,410.0,0.013143536542178836,0.001370725362153424,399.0,0.011230275695393664
7260_liver_sbr_Male_26-U1,sbr,26,tierA_p95,Proliferating,tnfa_nfkb_proximal,20.0,25.0,373.0,0.009326193016002937,0.0014455801916784961,436.0,0.013128807281162053
7260_liver_sbr_Male_26-U1,sbr,26,tierA_p95,Proliferating,tnfa_nfkb_proximal,25.0,30.0,380.0,0.01075744739931619,0.0014585460734864563,411.0,0.010466034106492153
7260_liver_sbr_Male_26-U1,sbr,26,tierA_p95,Proliferating,tnfa_nfkb_proximal,30.0,35.0,354.0,0.01130463281300619,0.0014905767015041076,395.0,0.012027443004654179
7260_liver_sbr_Male_26-U1,sbr,26,tierA_p95,Proliferating,tnfa_nfkb_proximal,35.0,40.0,353.0,0.01045101989958407,0.0015094850857963332,336.0,0.009611309605556275
7260_liver_sbr_Male_26-U1,sbr,26,tierA_p95,Proliferating,tnfa_nfkb_proximal,40.0,45.0,249.0,0.013910120480095904,0.00190646267520583,275.0,0.009343636373100294
7260_liver_sbr_Male_26-U1,sbr,26,tierA_p95,Proliferating,tnfa_nfkb_proximal,45.0,50.0,224.0,0.006839107167966826,0.0018772778942997075,237.0,0.010489156083616464
7260_liver_sbr_Male_26-U1,sbr,26,tierA_p95,Proliferating,tnfa_nfkb_proximal,50.0,55.0,205.0,0.009219707288281004,0.0017832770961118884,200.0,0.008430799950147047
7260_liver_sbr_Male_26-U1,sbr,26,tierA_p95,Proliferating,tnfa_nfkb_proximal,55.0,60.0,142.0,0.012516690234893041,0.0024572343821277843,142.0,0.00966035222917923
7260_liver_sbr_Male_26-U1,sbr,26,tierA_p95,Proliferating,tnfa_nfkb_proximal,60.0,65.0,119.0,0.013707899086924755,0.0024053811966634514,113.0,0.012339203584727015
7260_liver_sbr_Male_26-U1,sbr,26,tierA_p95,Proliferating,tnfa_nfkb_proximal,65.0,70.0,77.0,0.0161864935052309,0.003499549796148772,62.0,0.009744193573902932
7260_liver_sbr_Male_26-U1,sbr,26,tierA_p95,Proliferating,tnfa_nfkb_proximal,70.0,75.0,53.0,0.010735660279059853,0.00309453189006213,47.0,0.008244468098750308
7260_liver_sbr_Male_26-U1,sbr,26,tierA_p95,Proliferating,tnfa_nfkb_proximal,75.0,80.0,50.0,0.009517999866511672,0.004437934624510205,36.0,0.010632222292365946
7260_liver_sbr_Male_26-U1,sbr,26,tierA_p95,Proliferating,tnfa_nfkb_proximal,80.0,85.0,31.0,0.007312258157218175,0.0044094351476077305,17.0,0.005798823778818855
7260_liver_sbr_Male_26-U1,sbr,26,tierA_p95,Proliferating,tnfa_nfkb_proximal,85.0,90.0,24.0,0.007069583458360285,0.0048940141181321815,20.0,0.015859000016280333
7260_liver_sbr_Male_26-U1,sbr,26,tierA_p95,Proliferating,tnfa_nfkb_proximal,90.0,95.0,7.0,0.008792856841215066,0.009484874977955096,9.0,0.015521110759841071
7260_liver_sbr_Male_26-U1,sbr,26,tierA_p95,Proliferating,tnfa_nfkb_proximal,95.0,100.0,13.0,0.004990769048722891,0.006472998456188247,15.0,0.0053373333532363175
7260_liver_sbr_Male_26-U1,sbr,26,tierA_p95,T/NK cells,downstream_arrest,0.0,5.0,56.0,0.018016607014162998,0.0035678197799562917,325.0,0.013101723081736754
7260_liver_sbr_Male_26-U1,sbr,26,tierA_p95,T/NK cells,downstream_arrest,5.0,10.0,563.0,0.016253534615080455,0.0010423878853026793,519.0,0.016613217717950542
7260_liver_sbr_Male_26-U1,sbr,26,tierA_p95,T/NK cells,downstream_arrest,10.0,15.0,627.0,0.013911132402873798,0.0009496189578376509,600.0,0.013173666654159508
7260_liver_sbr_Male_26-U1,sbr,26,tierA_p95,T/NK cells,downstream_arrest,15.0,20.0,573.0,0.01280069812765009,0.000985983968705194,625.0,0.013962736014724942
7260_liver_sbr_Male_26-U1,sbr,26,tierA_p95,T/NK cells,downstream_arrest,20.0,25.0,580.0,0.013735379308516336,0.000910066535691016,588.0,0.013839897979691852
7260_liver_sbr_Male_26-U1,sbr,26,tierA_p95,T/NK cells,downstream_arrest,25.0,30.0,566.0,0.015328074204047198,0.0008843592294073465,531.0,0.013745762726291248
7260_liver_sbr_Male_26-U1,sbr,26,tierA_p95,T/NK cells,downstream_arrest,30.0,35.0,472.0,0.013979555029452011,0.0010238367534756475,473.0,0.014927716694940097
7260_liver_sbr_Male_26-U1,sbr,26,tierA_p95,T/NK cells,downstream_arrest,35.0,40.0,435.0,0.013074666697544651,0.0010498069418530564,373.0,0.014201260063178955
7260_liver_sbr_Male_26-U1,sbr,26,tierA_p95,T/NK cells,downstream_arrest,40.0,45.0,374.0,0.01479208556700415,0.0011525349477702262,319.0,0.014988369913388564
7260_liver_sbr_Male_26-U1,sbr,26,tierA_p95,T/NK cells,downstream_arrest,45.0,50.0,287.0,0.015551637731786498,0.001391590287139118,246.0,0.013901219534726976
7260_liver_sbr_Male_26-U1,sbr,26,tierA_p95,T/NK cells,downstream_arrest,50.0,55.0,210.0,0.01451161904371388,0.0016059142053714394,201.0,0.01415611931791214
7260_liver_sbr_Male_26-U1,sbr,26,tierA_p95,T/NK cells,downstream_arrest,55.0,60.0,173.0,0.01158971086530031,0.0015798187404064492,166.0,0.014930180784494403
7260_liver_sbr_Male_26-U1,sbr,26,tierA_p95,T/NK cells,downstream_arrest,60.0,65.0,126.0,0.013678333356871181,0.0018528489494052938,119.0,0.01588100846728433
7260_liver_sbr_Male_26-U1,sbr,26,tierA_p95,T/NK cells,downstream_arrest,65.0,70.0,105.0,0.0128845714448419,0.0022281736613343076,80.0,0.009359500051141367
7260_liver_sbr_Male_26-U1,sbr,26,tierA_p95,T/NK cells,downstream_arrest,70.0,75.0,74.0,0.015571216193682237,0.0020609612987259715,56.0,0.013774107139657385
7260_liver_sbr_Male_26-U1,sbr,26,tierA_p95,T/NK cells,downstream_arrest,75.0,80.0,54.0,0.00886166676786228,0.002950719124008994,38.0,0.011938684215573104
7260_liver_sbr_Male_26-U1,sbr,26,tierA_p95,T/NK cells,downstream_arrest,80.0,85.0,31.0,0.015799032144939468,0.003552964225410688,32.0,0.012759062443819857
7260_liver_sbr_Male_26-U1,sbr,26,tierA_p95,T/NK cells,downstream_arrest,85.0,90.0,23.0,0.011829130634673082,0.004279940760604019,16.0,0.014926874875527574
7260_liver_sbr_Male_26-U1,sbr,26,tierA_p95,T/NK cells,downstream_arrest,90.0,95.0,16.0,0.029428124747937545,0.006880798557651273,18.0,0.0040872221450424856
7260_liver_sbr_Male_26-U1,sbr,26,tierA_p95,T/NK cells,downstream_arrest,95.0,100.0,8.0,-0.001353750099951867,0.0034383086278245763,28.0,0.025241428529885264
7260_liver_sbr_Male_26-U1,sbr,26,tierA_p95,T/NK cells,emt_ecm,0.0,5.0,56.0,0.05979875020316935,0.007249465536935293,325.0,0.05590710773526762
7260_liver_sbr_Male_26-U1,sbr,26,tierA_p95,T/NK cells,emt_ecm,5.0,10.0,563.0,0.06488694493701437,0.002143966871504746,519.0,0.06267863217246541
7260_liver_sbr_Male_26-U1,sbr,26,tierA_p95,T/NK cells,emt_ecm,10.0,15.0,627.0,0.05913918669044691,0.0021028079524113338,600.0,0.062107166667313626
7260_liver_sbr_Male_26-U1,sbr,26,tierA_p95,T/NK cells,emt_ecm,15.0,20.0,573.0,0.06360125650398453,0.002245861035910139,625.0,0.060995808005030266
7260_liver_sbr_Male_26-U1,sbr,26,tierA_p95,T/NK cells,emt_ecm,20.0,25.0,580.0,0.056998741414770786,0.0021916082317293426,588.0,0.05983290810867662
7260_liver_sbr_Male_26-U1,sbr,26,tierA_p95,T/NK cells,emt_ecm,25.0,30.0,566.0,0.05304159020177992,0.002059544783656514,531.0,0.0572683427115154
7260_liver_sbr_Male_26-U1,sbr,26,tierA_p95,T/NK cells,emt_ecm,30.0,35.0,472.0,0.05081531776232947,0.002199297172744084,473.0,0.051059746311961016
7260_liver_sbr_Male_26-U1,sbr,26,tierA_p95,T/NK cells,emt_ecm,35.0,40.0,435.0,0.05068703443835618,0.002257791006365382,373.0,0.04604335108365559
7260_liver_sbr_Male_26-U1,sbr,26,tierA_p95,T/NK cells,emt_ecm,40.0,45.0,374.0,0.04919639036825417,0.0024489991776359297,319.0,0.04595780549258896
7260_liver_sbr_Male_26-U1,sbr,26,tierA_p95,T/NK cells,emt_ecm,45.0,50.0,287.0,0.04709153310739547,0.0029751459050235303,246.0,0.04585902454547193
7260_liver_sbr_Male_26-U1,sbr,26,tierA_p95,T/NK cells,emt_ecm,50.0,55.0,210.0,0.0444901429691873,0.0031576775164865755,201.0,0.038612089479522806
7260_liver_sbr_Male_26-U1,sbr,26,tierA_p95,T/NK cells,emt_ecm,55.0,60.0,173.0,0.04150647381288632,0.0034753372748058597,166.0,0.04212560238865771
7260_liver_sbr_Male_26-U1,sbr,26,tierA_p95,T/NK cells,emt_ecm,60.0,65.0,126.0,0.04431547594198029,0.004352171491508501,119.0,0.042461428483126354
7260_liver_sbr_Male_26-U1,sbr,26,tierA_p95,T/NK cells,emt_ecm,65.0,70.0,105.0,0.0400467616544726,0.004682598099226791,80.0,0.040089750105107666
7260_liver_sbr_Male_26-U1,sbr,26,tierA_p95,T/NK cells,emt_ecm,70.0,75.0,74.0,0.040009999915177154,0.0054851864824530154,56.0,0.04416500028621938
7260_liver_sbr_Male_26-U1,sbr,26,tierA_p95,T/NK cells,emt_ecm,75.0,80.0,54.0,0.04733666657638322,0.00610219232221869,38.0,0.037145526359764564
7260_liver_sbr_Male_26-U1,sbr,26,tierA_p95,T/NK cells,emt_ecm,80.0,85.0,31.0,0.033041613041273045,0.006706962604890787,32.0,0.02931843706073778
7260_liver_sbr_Male_26-U1,sbr,26,tierA_p95,T/NK cells,emt_ecm,85.0,90.0,23.0,0.038209999658410314,0.007218928735388034,16.0,0.018883124794228934
7260_liver_sbr_Male_26-U1,sbr,26,tierA_p95,T/NK cells,emt_ecm,90.0,95.0,16.0,0.01199499997892417,0.006902141662085352,18.0,0.04893833375212529
7260_liver_sbr_Male_26-U1,sbr,26,tierA_p95,T/NK cells,emt_ecm,95.0,100.0,8.0,0.03755750021082349,0.019418418859893736,28.0,0.024733571540439567
7260_liver_sbr_Male_26-U1,sbr,26,tierA_p95,T/NK cells,il6_jak_stat3,0.0,5.0,56.0,0.032563750093686394,0.005929694639900881,325.0,0.025957692147057967
7260_liver_sbr_Male_26-U1,sbr,26,tierA_p95,T/NK cells,il6_jak_stat3,5.0,10.0,563.0,0.02958202492214893,0.0017218996874538896,519.0,0.025913410510397125
7260_liver_sbr_Male_26-U1,sbr,26,tierA_p95,T/NK cells,il6_jak_stat3,10.0,15.0,627.0,0.025145534262943702,0.0016294301836573672,600.0,0.02303966672578099
7260_liver_sbr_Male_26-U1,sbr,26,tierA_p95,T/NK cells,il6_jak_stat3,15.0,20.0,573.0,0.02687075050655601,0.0018182940575662233,625.0,0.025755792036978527
7260_liver_sbr_Male_26-U1,sbr,26,tierA_p95,T/NK cells,il6_jak_stat3,20.0,25.0,580.0,0.02498217236869346,0.001865788551566685,588.0,0.022715425216942788
7260_liver_sbr_Male_26-U1,sbr,26,tierA_p95,T/NK cells,il6_jak_stat3,25.0,30.0,566.0,0.02054144872190816,0.0016470854795023666,531.0,0.024376629008788776
7260_liver_sbr_Male_26-U1,sbr,26,tierA_p95,T/NK cells,il6_jak_stat3,30.0,35.0,472.0,0.02060701271399258,0.0018615947115766,473.0,0.022362938659557536
7260_liver_sbr_Male_26-U1,sbr,26,tierA_p95,T/NK cells,il6_jak_stat3,35.0,40.0,435.0,0.022118092043644445,0.0019685664216148114,373.0,0.019884772181263426
7260_liver_sbr_Male_26-U1,sbr,26,tierA_p95,T/NK cells,il6_jak_stat3,40.0,45.0,374.0,0.020940855640647522,0.0020436054178329735,319.0,0.021187303948011226
7260_liver_sbr_Male_26-U1,sbr,26,tierA_p95,T/NK cells,il6_jak_stat3,45.0,50.0,287.0,0.0140112892311644,0.0022005060273791273,246.0,0.022946178854805273
7260_liver_sbr_Male_26-U1,sbr,26,tierA_p95,T/NK cells,il6_jak_stat3,50.0,55.0,210.0,0.01886490486114261,0.0029327234866492868,201.0,0.01998054725791279
7260_liver_sbr_Male_26-U1,sbr,26,tierA_p95,T/NK cells,il6_jak_stat3,55.0,60.0,173.0,0.020308670393027084,0.003158233936268859,166.0,0.02230415667662487
7260_liver_sbr_Male_26-U1,sbr,26,tierA_p95,T/NK cells,il6_jak_stat3,60.0,65.0,126.0,0.01857674599067116,0.0037683581888015485,119.0,0.019407899230972966
7260_liver_sbr_Male_26-U1,sbr,26,tierA_p95,T/NK cells,il6_jak_stat3,65.0,70.0,105.0,0.021696952437577282,0.00374461258849685,80.0,0.018528125401280703
7260_liver_sbr_Male_26-U1,sbr,26,tierA_p95,T/NK cells,il6_jak_stat3,70.0,75.0,74.0,0.022694054095867416,0.004588777988641164,56.0,0.017438392909493165
7260_liver_sbr_Male_26-U1,sbr,26,tierA_p95,T/NK cells,il6_jak_stat3,75.0,80.0,54.0,0.02066111132713828,0.005198272055261727,38.0,0.004190526225628625
7260_liver_sbr_Male_26-U1,sbr,26,tierA_p95,T/NK cells,il6_jak_stat3,80.0,85.0,31.0,0.014953548490490404,0.006237756038675478,32.0,0.015402812448883196
7260_liver_sbr_Male_26-U1,sbr,26,tierA_p95,T/NK cells,il6_jak_stat3,85.0,90.0,23.0,0.023049130651128034,0.011016283219824556,16.0,0.007834374926460441
7260_liver_sbr_Male_26-U1,sbr,26,tierA_p95,T/NK cells,il6_jak_stat3,90.0,95.0,16.0,5.437517393147573e-05,0.0076852538450172215,18.0,0.03148111095651984
7260_liver_sbr_Male_26-U1,sbr,26,tierA_p95,T/NK cells,il6_jak_stat3,95.0,100.0,8.0,0.010978749953210354,0.011141674912538105,28.0,0.021196071158296297
7260_liver_sbr_Male_26-U1,sbr,26,tierA_p95,T/NK cells,interferon_response,0.0,5.0,56.0,0.04950678586257189,0.0050047055013422255,325.0,0.046036707758724406
7260_liver_sbr_Male_26-U1,sbr,26,tierA_p95,T/NK cells,interferon_response,5.0,10.0,563.0,0.05060468917660048,0.0017569685386486583,519.0,0.047254836187103084
7260_liver_sbr_Male_26-U1,sbr,26,tierA_p95,T/NK cells,interferon_response,10.0,15.0,627.0,0.045730462489026076,0.0015495439582385087,600.0,0.04857663339134888
7260_liver_sbr_Male_26-U1,sbr,26,tierA_p95,T/NK cells,interferon_response,15.0,20.0,573.0,0.04710914472154692,0.0017173257452442073,625.0,0.04574774400340393
7260_liver_sbr_Male_26-U1,sbr,26,tierA_p95,T/NK cells,interferon_response,20.0,25.0,580.0,0.04746915528618862,0.0016264240959911142,588.0,0.04651739787525102
7260_liver_sbr_Male_26-U1,sbr,26,tierA_p95,T/NK cells,interferon_response,25.0,30.0,566.0,0.04424524734426176,0.001582028023819612,531.0,0.046877947226439676
7260_liver_sbr_Male_26-U1,sbr,26,tierA_p95,T/NK cells,interferon_response,30.0,35.0,472.0,0.045687542483299974,0.00190149392494313,473.0,0.04561896409960637
7260_liver_sbr_Male_26-U1,sbr,26,tierA_p95,T/NK cells,interferon_response,35.0,40.0,435.0,0.04253383900812324,0.0018001115455564094,373.0,0.0432702412029384
7260_liver_sbr_Male_26-U1,sbr,26,tierA_p95,T/NK cells,interferon_response,40.0,45.0,374.0,0.04350499999631415,0.002007645374830481,319.0,0.04191373052192468
7260_liver_sbr_Male_26-U1,sbr,26,tierA_p95,T/NK cells,interferon_response,45.0,50.0,287.0,0.04211459921868453,0.0020138882865174254,246.0,0.04596260176562859
7260_liver_sbr_Male_26-U1,sbr,26,tierA_p95,T/NK cells,interferon_response,50.0,55.0,210.0,0.03781866687135161,0.002465516170490795,201.0,0.042158457731869506
7260_liver_sbr_Male_26-U1,sbr,26,tierA_p95,T/NK cells,interferon_response,55.0,60.0,173.0,0.0405610982433629,0.00255229920807354,166.0,0.04382090372908636
7260_liver_sbr_Male_26-U1,sbr,26,tierA_p95,T/NK cells,interferon_response,60.0,65.0,126.0,0.04119992075536016,0.0032222519230626235,119.0,0.0442038655169543
7260_liver_sbr_Male_26-U1,sbr,26,tierA_p95,T/NK cells,interferon_response,65.0,70.0,105.0,0.05061923809005835,0.0038424821664085535,80.0,0.035044750259112335
7260_liver_sbr_Male_26-U1,sbr,26,tierA_p95,T/NK cells,interferon_response,70.0,75.0,74.0,0.049246081100529804,0.004721447286021625,56.0,0.03347892859528656
7260_liver_sbr_Male_26-U1,sbr,26,tierA_p95,T/NK cells,interferon_response,75.0,80.0,54.0,0.04068370361562335,0.004438272889581283,38.0,0.030212894716226544
7260_liver_sbr_Male_26-U1,sbr,26,tierA_p95,T/NK cells,interferon_response,80.0,85.0,31.0,0.047097096895618785,0.007278187562664739,32.0,0.047350624765385874
7260_liver_sbr_Male_26-U1,sbr,26,tierA_p95,T/NK cells,interferon_response,85.0,90.0,23.0,0.05092913123940968,0.011514391687165833,16.0,0.03325062501244247
7260_liver_sbr_Male_26-U1,sbr,26,tierA_p95,T/NK cells,interferon_response,90.0,95.0,16.0,0.04016500010038726,0.006598803971900445,18.0,0.04244666670759519
7260_liver_sbr_Male_26-U1,sbr,26,tierA_p95,T/NK cells,interferon_response,95.0,100.0,8.0,0.03743500041309744,0.008283704795618097,28.0,0.04634607127601547
7260_liver_sbr_Male_26-U1,sbr,26,tierA_p95,T/NK cells,oxidative_stress,0.0,5.0,56.0,0.04789946483184134,0.0075040942742145185,325.0,0.04792473841539154
7260_liver_sbr_Male_26-U1,sbr,26,tierA_p95,T/NK cells,oxidative_stress,5.0,10.0,563.0,0.04584806376528371,0.002780033600536675,519.0,0.048967321719933905
7260_liver_sbr_Male_26-U1,sbr,26,tierA_p95,T/NK cells,oxidative_stress,10.0,15.0,627.0,0.05586840509953838,0.0027124131399325077,600.0,0.05076613342123286
7260_liver_sbr_Male_26-U1,sbr,26,tierA_p95,T/NK cells,oxidative_stress,15.0,20.0,573.0,0.05302413606445405,0.0027562147657449153,625.0,0.05486771192217711
7260_liver_sbr_Male_26-U1,sbr,26,tierA_p95,T/NK cells,oxidative_stress,20.0,25.0,580.0,0.05555982762789113,0.0027259433996504987,588.0,0.05642522093852812
7260_liver_sbr_Male_26-U1,sbr,26,tierA_p95,T/NK cells,oxidative_stress,25.0,30.0,566.0,0.059858268540058046,0.002796637072155032,531.0,0.056070941494281885
7260_liver_sbr_Male_26-U1,sbr,26,tierA_p95,T/NK cells,oxidative_stress,30.0,35.0,472.0,0.05559273305260507,0.0030967260228365948,473.0,0.0637875686744639
7260_liver_sbr_Male_26-U1,sbr,26,tierA_p95,T/NK cells,oxidative_stress,35.0,40.0,435.0,0.061321149463363894,0.0031164385008169144,373.0,0.06215731897724552
7260_liver_sbr_Male_26-U1,sbr,26,tierA_p95,T/NK cells,oxidative_stress,40.0,45.0,374.0,0.06071267382912263,0.003267385024877714,319.0,0.05733260204198078
7260_liver_sbr_Male_26-U1,sbr,26,tierA_p95,T/NK cells,oxidative_stress,45.0,50.0,287.0,0.06604965169020062,0.0037180840870757615,246.0,0.059966260119155804
7260_liver_sbr_Male_26-U1,sbr,26,tierA_p95,T/NK cells,oxidative_stress,50.0,55.0,210.0,0.07136104743618663,0.0044343655318653755,201.0,0.07253363173783975
7260_liver_sbr_Male_26-U1,sbr,26,tierA_p95,T/NK cells,oxidative_stress,55.0,60.0,173.0,0.061263005294477216,0.005070348033208753,166.0,0.0699882532101046
7260_liver_sbr_Male_26-U1,sbr,26,tierA_p95,T/NK cells,oxidative_stress,60.0,65.0,126.0,0.06488746022602307,0.005526082340666362,119.0,0.07077016823674638
7260_liver_sbr_Male_26-U1,sbr,26,tierA_p95,T/NK cells,oxidative_stress,65.0,70.0,105.0,0.06765476218868224,0.006406676775722773,80.0,0.07468800000060583
7260_liver_sbr_Male_26-U1,sbr,26,tierA_p95,T/NK cells,oxidative_stress,70.0,75.0,74.0,0.06413054056296509,0.007009443420661135,56.0,0.062533928614617
7260_liver_sbr_Male_26-U1,sbr,26,tierA_p95,T/NK cells,oxidative_stress,75.0,80.0,54.0,0.059052592673752874,0.008246304365158568,38.0,0.06725815846584737
7260_liver_sbr_Male_26-U1,sbr,26,tierA_p95,T/NK cells,oxidative_stress,80.0,85.0,31.0,0.07008322661239354,0.008692925458039968,32.0,0.07765906271379208
7260_liver_sbr_Male_26-U1,sbr,26,tierA_p95,T/NK cells,oxidative_stress,85.0,90.0,23.0,0.07373521639965475,0.012226782706588191,16.0,0.05364187533268705
7260_liver_sbr_Male_26-U1,sbr,26,tierA_p95,T/NK cells,oxidative_stress,90.0,95.0,16.0,0.05970875057391822,0.017395848405089148,18.0,0.07233555661514401
7260_liver_sbr_Male_26-U1,sbr,26,tierA_p95,T/NK cells,oxidative_stress,95.0,100.0,8.0,0.0696124997921288,0.017156015828110084,28.0,0.08502214248957378
7260_liver_sbr_Male_26-U1,sbr,26,tierA_p95,T/NK cells,secondary_senescence,0.0,5.0,56.0,0.019375178825742165,0.006830750396390098,325.0,0.01147843062510499
7260_liver_sbr_Male_26-U1,sbr,26,tierA_p95,T/NK cells,secondary_senescence,5.0,10.0,563.0,0.009662895150889798,0.002098632237449607,519.0,0.007897668659719791
7260_liver_sbr_Male_26-U1,sbr,26,tierA_p95,T/NK cells,secondary_senescence,10.0,15.0,627.0,0.01177132373895352,0.0020840505898780627,600.0,0.00833684998821506
7260_liver_sbr_Male_26-U1,sbr,26,tierA_p95,T/NK cells,secondary_senescence,15.0,20.0,573.0,0.009496003609529251,0.0021649656238663323,625.0,0.005593088001187425
7260_liver_sbr_Male_26-U1,sbr,26,tierA_p95,T/NK cells,secondary_senescence,20.0,25.0,580.0,0.004381137944701236,0.0019916563666449883,588.0,0.009609489842319682
7260_liver_sbr_Male_26-U1,sbr,26,tierA_p95,T/NK cells,secondary_senescence,25.0,30.0,566.0,0.002707155469814052,0.0020006385802879435,531.0,0.006267608358776754
7260_liver_sbr_Male_26-U1,sbr,26,tierA_p95,T/NK cells,secondary_senescence,30.0,35.0,472.0,0.005239576158046321,0.0022843453121638504,473.0,0.004037632137924275
7260_liver_sbr_Male_26-U1,sbr,26,tierA_p95,T/NK cells,secondary_senescence,35.0,40.0,435.0,0.002797356331667424,0.0022603059830736674,373.0,0.004884155560296557
7260_liver_sbr_Male_26-U1,sbr,26,tierA_p95,T/NK cells,secondary_senescence,40.0,45.0,374.0,0.004029010715239176,0.0023769567417990006,319.0,-0.00041329146776681176
7260_liver_sbr_Male_26-U1,sbr,26,tierA_p95,T/NK cells,secondary_senescence,45.0,50.0,287.0,-0.00010916357020825595,0.0025486030026047085,246.0,0.004640650392791097
7260_liver_sbr_Male_26-U1,sbr,26,tierA_p95,T/NK cells,secondary_senescence,50.0,55.0,210.0,-0.001505190407693763,0.003139962378947589,201.0,-0.002245820858462225
7260_liver_sbr_Male_26-U1,sbr,26,tierA_p95,T/NK cells,secondary_senescence,55.0,60.0,173.0,0.0033022542818882798,0.0033748239224794395,166.0,-0.004862951814186133
7260_liver_sbr_Male_26-U1,sbr,26,tierA_p95,T/NK cells,secondary_senescence,60.0,65.0,126.0,-0.004491745969264432,0.0039057535511931502,119.0,0.0017997476510985308
7260_liver_sbr_Male_26-U1,sbr,26,tierA_p95,T/NK cells,secondary_senescence,65.0,70.0,105.0,-0.0003487618207665426,0.004164448286741617,80.0,0.0028882500308100136
7260_liver_sbr_Male_26-U1,sbr,26,tierA_p95,T/NK cells,secondary_senescence,70.0,75.0,74.0,-0.0038416215538745746,0.005076659837683885,56.0,-0.007231964337864026
7260_liver_sbr_Male_26-U1,sbr,26,tierA_p95,T/NK cells,secondary_senescence,75.0,80.0,54.0,0.006241481091516714,0.007158125716106821,38.0,-0.011145789477986431
7260_liver_sbr_Male_26-U1,sbr,26,tierA_p95,T/NK cells,secondary_senescence,80.0,85.0,31.0,0.00578161321895858,0.007399327759258213,32.0,-0.010738124776253244
7260_liver_sbr_Male_26-U1,sbr,26,tierA_p95,T/NK cells,secondary_senescence,85.0,90.0,23.0,0.0019130438829407744,0.010391057295972039,16.0,-0.0021543752118304837
7260_liver_sbr_Male_26-U1,sbr,26,tierA_p95,T/NK cells,secondary_senescence,90.0,95.0,16.0,-0.02033187522465596,0.008771961949118478,18.0,-0.005630555453535635
7260_liver_sbr_Male_26-U1,sbr,26,tierA_p95,T/NK cells,secondary_senescence,95.0,100.0,8.0,-0.03056874987669289,0.007597989135817432,28.0,0.0006771430073838149
7260_liver_sbr_Male_26-U1,sbr,26,tierA_p95,T/NK cells,tnfa_nfkb_proximal,0.0,5.0,56.0,0.01954714302701177,0.0037188577805414634,325.0,0.011738830804780054
7260_liver_sbr_Male_26-U1,sbr,26,tierA_p95,T/NK cells,tnfa_nfkb_proximal,5.0,10.0,563.0,0.013883694477836194,0.0013620229467514542,519.0,0.016680847845949937
7260_liver_sbr_Male_26-U1,sbr,26,tierA_p95,T/NK cells,tnfa_nfkb_proximal,10.0,15.0,627.0,0.01590593302199759,0.0014408549587827217,600.0,0.013490149937685297
7260_liver_sbr_Male_26-U1,sbr,26,tierA_p95,T/NK cells,tnfa_nfkb_proximal,15.0,20.0,573.0,0.015248464210584211,0.001461059346228764,625.0,0.014359904023446142
7260_liver_sbr_Male_26-U1,sbr,26,tierA_p95,T/NK cells,tnfa_nfkb_proximal,20.0,25.0,580.0,0.011574741433500534,0.0013052517971622033,588.0,0.012471751706099746
7260_liver_sbr_Male_26-U1,sbr,26,tierA_p95,T/NK cells,tnfa_nfkb_proximal,25.0,30.0,566.0,0.012154151923431441,0.0013930883769830164,531.0,0.016162372836433157
7260_liver_sbr_Male_26-U1,sbr,26,tierA_p95,T/NK cells,tnfa_nfkb_proximal,30.0,35.0,472.0,0.014007139797024015,0.0015264573275771637,473.0,0.009876701878042878
7260_liver_sbr_Male_26-U1,sbr,26,tierA_p95,T/NK cells,tnfa_nfkb_proximal,35.0,40.0,435.0,0.010841632208506907,0.0014624679853389563,373.0,0.010444396729665326
7260_liver_sbr_Male_26-U1,sbr,26,tierA_p95,T/NK cells,tnfa_nfkb_proximal,40.0,45.0,374.0,0.009955561450118557,0.0015077063738388233,319.0,0.010753416951754325
7260_liver_sbr_Male_26-U1,sbr,26,tierA_p95,T/NK cells,tnfa_nfkb_proximal,45.0,50.0,287.0,0.008624843213044919,0.001913876036829424,246.0,0.01173069104053008
7260_liver_sbr_Male_26-U1,sbr,26,tierA_p95,T/NK cells,tnfa_nfkb_proximal,50.0,55.0,210.0,0.0104083809903906,0.00227619357185221,201.0,0.012673880598236764
7260_liver_sbr_Male_26-U1,sbr,26,tierA_p95,T/NK cells,tnfa_nfkb_proximal,55.0,60.0,173.0,0.014182138687902739,0.0024997718686355277,166.0,0.008217710865232307
7260_liver_sbr_Male_26-U1,sbr,26,tierA_p95,T/NK cells,tnfa_nfkb_proximal,60.0,65.0,126.0,0.007084126932553888,0.0026808020523784617,119.0,0.010181512616373239
7260_liver_sbr_Male_26-U1,sbr,26,tierA_p95,T/NK cells,tnfa_nfkb_proximal,65.0,70.0,105.0,0.008865142818484899,0.0028478083193687227,80.0,0.006728875040425919
7260_liver_sbr_Male_26-U1,sbr,26,tierA_p95,T/NK cells,tnfa_nfkb_proximal,70.0,75.0,74.0,0.011267026907483563,0.003380765962364238,56.0,0.00713232135655874
7260_liver_sbr_Male_26-U1,sbr,26,tierA_p95,T/NK cells,tnfa_nfkb_proximal,75.0,80.0,54.0,0.00695611125384285,0.004348961628262563,38.0,-0.0008007894755696485
7260_liver_sbr_Male_26-U1,sbr,26,tierA_p95,T/NK cells,tnfa_nfkb_proximal,80.0,85.0,31.0,0.012873870917716093,0.004142770842969001,32.0,0.005797500089101959
7260_liver_sbr_Male_26-U1,sbr,26,tierA_p95,T/NK cells,tnfa_nfkb_proximal,85.0,90.0,23.0,0.011996521801768762,0.006647563637298475,16.0,0.004616875104602514
7260_liver_sbr_Male_26-U1,sbr,26,tierA_p95,T/NK cells,tnfa_nfkb_proximal,90.0,95.0,16.0,-0.0025131250458798604,0.006359512971662231,18.0,0.014591111214637445
7260_liver_sbr_Male_26-U1,sbr,26,tierA_p95,T/NK cells,tnfa_nfkb_proximal,95.0,100.0,8.0,0.0015612498100381345,0.00558021996172575,28.0,0.005948928621364757
7260_liver_sbr_Male_26-U1,sbr,26,tierA_p95,vSMCs,downstream_arrest,0.0,5.0,43.0,0.0015881395097388778,0.003036991019761084,296.0,-0.0017770946044431577
7260_liver_sbr_Male_26-U1,sbr,26,tierA_p95,vSMCs,downstream_arrest,5.0,10.0,596.0,0.0004362583866095031,0.0008733468285093744,599.0,-0.0013199165004515634
7260_liver_sbr_Male_26-U1,sbr,26,tierA_p95,vSMCs,downstream_arrest,10.0,15.0,761.0,-0.001003061767765284,0.0007529175159699314,746.0,-8.030830122883608e-05
7260_liver_sbr_Male_26-U1,sbr,26,tierA_p95,vSMCs,downstream_arrest,15.0,20.0,702.0,-4.0327612149333145e-05,0.0008076371370309526,748.0,-0.0010506951671450807
7260_liver_sbr_Male_26-U1,sbr,26,tierA_p95,vSMCs,downstream_arrest,20.0,25.0,668.0,-0.0003876497059569309,0.0008190127671706167,649.0,0.0009899691865404203
7260_liver_sbr_Male_26-U1,sbr,26,tierA_p95,vSMCs,downstream_arrest,25.0,30.0,549.0,-0.0009116575511574036,0.000873063054136256,500.0,0.0006513200115878135
7260_liver_sbr_Male_26-U1,sbr,26,tierA_p95,vSMCs,downstream_arrest,30.0,35.0,391.0,-0.0004988490835485278,0.0010361075088332614,379.0,8.31925882653015e-05
7260_liver_sbr_Male_26-U1,sbr,26,tierA_p95,vSMCs,downstream_arrest,35.0,40.0,350.0,0.00017942857921298127,0.0010677780689002298,279.0,0.0006415053656409031
7260_liver_sbr_Male_26-U1,sbr,26,tierA_p95,vSMCs,downstream_arrest,40.0,45.0,266.0,-0.0007140225484055604,0.0011922102162786998,223.0,0.0008631838838661961
7260_liver_sbr_Male_26-U1,sbr,26,tierA_p95,vSMCs,downstream_arrest,45.0,50.0,213.0,0.0007375587075317449,0.0014978387210012973,152.0,-0.0013027631805590844
7260_liver_sbr_Male_26-U1,sbr,26,tierA_p95,vSMCs,downstream_arrest,50.0,55.0,155.0,-0.0013774193549667664,0.0015390254613312285,126.0,0.0008057936753348692
7260_liver_sbr_Male_26-U1,sbr,26,tierA_p95,vSMCs,downstream_arrest,55.0,60.0,97.0,0.002290000111409511,0.0019947306061603616,92.0,-0.00024956518862619186
7260_liver_sbr_Male_26-U1,sbr,26,tierA_p95,vSMCs,downstream_arrest,60.0,65.0,66.0,0.00294621222785667,0.0026098454960702773,57.0,-5.578937679386224e-05
7260_liver_sbr_Male_26-U1,sbr,26,tierA_p95,vSMCs,downstream_arrest,65.0,70.0,54.0,-0.0012009258045711452,0.002550545393978171,50.0,-0.0023373999260365964
7260_liver_sbr_Male_26-U1,sbr,26,tierA_p95,vSMCs,downstream_arrest,70.0,75.0,28.0,0.00043249990890866945,0.004179446185224693,29.0,0.00040551723414582424
7260_liver_sbr_Male_26-U1,sbr,26,tierA_p95,vSMCs,downstream_arrest,75.0,80.0,21.0,-0.0006485714832143415,0.004071975539392455,19.0,-0.002343157925152857
7260_liver_sbr_Male_26-U1,sbr,26,tierA_p95,vSMCs,downstream_arrest,80.0,85.0,15.0,0.0031486666780741264,0.004215730401798265,17.0,-0.007472352823242545
7260_liver_sbr_Male_26-U1,sbr,26,tierA_p95,vSMCs,downstream_arrest,85.0,90.0,12.0,0.0020733335598682365,0.004855900027015032,15.0,0.0040660000095764795
7260_liver_sbr_Male_26-U1,sbr,26,tierA_p95,vSMCs,downstream_arrest,90.0,95.0,6.0,0.0018216667231172323,0.0030772484536168835,8.0,0.007991249905899167
7260_liver_sbr_Male_26-U1,sbr,26,tierA_p95,vSMCs,downstream_arrest,95.0,100.0,2.0,0.027834999724291265,0.01845195127575446,11.0,-0.004249090836806731
7260_liver_sbr_Male_26-U1,sbr,26,tierA_p95,vSMCs,emt_ecm,0.0,5.0,43.0,0.1360734884388918,0.010097814839876495,296.0,0.14427993231770783
7260_liver_sbr_Male_26-U1,sbr,26,tierA_p95,vSMCs,emt_ecm,5.0,10.0,596.0,0.14960555375269272,0.0027217152496618467,599.0,0.1500642233461535
7260_liver_sbr_Male_26-U1,sbr,26,tierA_p95,vSMCs,emt_ecm,10.0,15.0,761.0,0.15242286466541308,0.0025386715704555423,746.0,0.15203458452584775
7260_liver_sbr_Male_26-U1,sbr,26,tierA_p95,vSMCs,emt_ecm,15.0,20.0,702.0,0.14502017094485528,0.0025163724536347307,748.0,0.1473352943121621
7260_liver_sbr_Male_26-U1,sbr,26,tierA_p95,vSMCs,emt_ecm,20.0,25.0,668.0,0.14535016447171836,0.0027309276478221234,649.0,0.1476456702181722
7260_liver_sbr_Male_26-U1,sbr,26,tierA_p95,vSMCs,emt_ecm,25.0,30.0,549.0,0.1469687428556549,0.003139862255747396,500.0,0.14167002000752837
7260_liver_sbr_Male_26-U1,sbr,26,tierA_p95,vSMCs,emt_ecm,30.0,35.0,391.0,0.1430097696827622,0.0037277616640976233,379.0,0.14215356213635627
7260_liver_sbr_Male_26-U1,sbr,26,tierA_p95,vSMCs,emt_ecm,35.0,40.0,350.0,0.14576154259565685,0.0037810668612552624,279.0,0.13960340497289253
7260_liver_sbr_Male_26-U1,sbr,26,tierA_p95,vSMCs,emt_ecm,40.0,45.0,266.0,0.14258590288511896,0.0046717207139077834,223.0,0.14495923780030132
7260_liver_sbr_Male_26-U1,sbr,26,tierA_p95,vSMCs,emt_ecm,45.0,50.0,213.0,0.1387830045972754,0.004573095697385894,152.0,0.13773144695503442
7260_liver_sbr_Male_26-U1,sbr,26,tierA_p95,vSMCs,emt_ecm,50.0,55.0,155.0,0.13993335482514194,0.005916269449182535,126.0,0.13490190443726965
7260_liver_sbr_Male_26-U1,sbr,26,tierA_p95,vSMCs,emt_ecm,55.0,60.0,97.0,0.12921051594870375,0.00766006261076658,92.0,0.1366864132460646
7260_liver_sbr_Male_26-U1,sbr,26,tierA_p95,vSMCs,emt_ecm,60.0,65.0,66.0,0.11445333370250989,0.009923015234106542,57.0,0.12440526304080297
7260_liver_sbr_Male_26-U1,sbr,26,tierA_p95,vSMCs,emt_ecm,65.0,70.0,54.0,0.12383722290569157,0.009988301914152335,50.0,0.11334059979068116
7260_liver_sbr_Male_26-U1,sbr,26,tierA_p95,vSMCs,emt_ecm,70.0,75.0,28.0,0.1144439286519108,0.013052253888818345,29.0,0.11024241345324393
7260_liver_sbr_Male_26-U1,sbr,26,tierA_p95,vSMCs,emt_ecm,75.0,80.0,21.0,0.10338428691916522,0.01574298512516862,19.0,0.11270789424643705
7260_liver_sbr_Male_26-U1,sbr,26,tierA_p95,vSMCs,emt_ecm,80.0,85.0,15.0,0.136610665358603,0.026396857537718588,17.0,0.13250235435278976
7260_liver_sbr_Male_26-U1,sbr,26,tierA_p95,vSMCs,emt_ecm,85.0,90.0,12.0,0.09771749982610345,0.023583783386144353,15.0,0.13390333304802576
7260_liver_sbr_Male_26-U1,sbr,26,tierA_p95,vSMCs,emt_ecm,90.0,95.0,6.0,0.1404183377356579,0.04235105726419261,8.0,0.0747337497305125
7260_liver_sbr_Male_26-U1,sbr,26,tierA_p95,vSMCs,emt_ecm,95.0,100.0,2.0,0.12935500033199787,0.07812469309829587,11.0,0.15331818163394928
7260_liver_sbr_Male_26-U1,sbr,26,tierA_p95,vSMCs,il6_jak_stat3,0.0,5.0,43.0,0.01848511646777868,0.005706450221185537,296.0,0.015101891958324445
7260_liver_sbr_Male_26-U1,sbr,26,tierA_p95,vSMCs,il6_jak_stat3,5.0,10.0,596.0,0.014444614018039346,0.001602975097350735,599.0,0.014079515915227983
7260_liver_sbr_Male_26-U1,sbr,26,tierA_p95,vSMCs,il6_jak_stat3,10.0,15.0,761.0,0.013928212889298979,0.0013589585940895763,746.0,0.012543940996322356
7260_liver_sbr_Male_26-U1,sbr,26,tierA_p95,vSMCs,il6_jak_stat3,15.0,20.0,702.0,0.015257962984403153,0.0014258030752786737,748.0,0.01626798125986452
7260_liver_sbr_Male_26-U1,sbr,26,tierA_p95,vSMCs,il6_jak_stat3,20.0,25.0,668.0,0.01339344310741842,0.0014262721129436678,649.0,0.014160308149337495
7260_liver_sbr_Male_26-U1,sbr,26,tierA_p95,vSMCs,il6_jak_stat3,25.0,30.0,549.0,0.017397868863604022,0.0016586563625334034,500.0,0.018527400034101447
7260_liver_sbr_Male_26-U1,sbr,26,tierA_p95,vSMCs,il6_jak_stat3,30.0,35.0,391.0,0.011919795392916517,0.0019164929619369078,379.0,0.015565725581395337
7260_liver_sbr_Male_26-U1,sbr,26,tierA_p95,vSMCs,il6_jak_stat3,35.0,40.0,350.0,0.018704485707151306,0.002173399041812142,279.0,0.016657347642456927
7260_liver_sbr_Male_26-U1,sbr,26,tierA_p95,vSMCs,il6_jak_stat3,40.0,45.0,266.0,0.014902067671981167,0.002190652023592829,223.0,0.01668739909798976
7260_liver_sbr_Male_26-U1,sbr,26,tierA_p95,vSMCs,il6_jak_stat3,45.0,50.0,213.0,0.015930140870658815,0.0026455222708309085,152.0,0.018757039453990536
7260_liver_sbr_Male_26-U1,sbr,26,tierA_p95,vSMCs,il6_jak_stat3,50.0,55.0,155.0,0.019807096781779922,0.003478779058803428,126.0,0.015847777676147718
7260_liver_sbr_Male_26-U1,sbr,26,tierA_p95,vSMCs,il6_jak_stat3,55.0,60.0,97.0,0.02061835051749439,0.0035820965873882156,92.0,0.021467608637897723
7260_liver_sbr_Male_26-U1,sbr,26,tierA_p95,vSMCs,il6_jak_stat3,60.0,65.0,66.0,0.01925287870990084,0.004890656997359222,57.0,0.00909807031316552
7260_liver_sbr_Male_26-U1,sbr,26,tierA_p95,vSMCs,il6_jak_stat3,65.0,70.0,54.0,0.029601111313914536,0.00569543715526078,50.0,0.01818480020563584
7260_liver_sbr_Male_26-U1,sbr,26,tierA_p95,vSMCs,il6_jak_stat3,70.0,75.0,28.0,0.012973571462290627,0.006367746267152859,29.0,0.016836551720565505
7260_liver_sbr_Male_26-U1,sbr,26,tierA_p95,vSMCs,il6_jak_stat3,75.0,80.0,21.0,0.012772380906556333,0.007794383360058051,19.0,0.011063157323453771
7260_liver_sbr_Male_26-U1,sbr,26,tierA_p95,vSMCs,il6_jak_stat3,80.0,85.0,15.0,0.009230666576574247,0.007644934771254876,17.0,0.020869999798699555
7260_liver_sbr_Male_26-U1,sbr,26,tierA_p95,vSMCs,il6_jak_stat3,85.0,90.0,12.0,0.021095000362644594,0.01368742250850416,15.0,0.014106000463167826
7260_liver_sbr_Male_26-U1,sbr,26,tierA_p95,vSMCs,il6_jak_stat3,90.0,95.0,6.0,0.01956666672291855,0.01450894601128829,8.0,0.025465000071562827
7260_liver_sbr_Male_26-U1,sbr,26,tierA_p95,vSMCs,il6_jak_stat3,95.0,100.0,2.0,0.024794999975711107,0.01048992879660416,11.0,0.003180000020868399
7260_liver_sbr_Male_26-U1,sbr,26,tierA_p95,vSMCs,interferon_response,0.0,5.0,43.0,0.015132325308852244,0.004807841007009257,296.0,0.02125128367048534
7260_liver_sbr_Male_26-U1,sbr,26,tierA_p95,vSMCs,interferon_response,5.0,10.0,596.0,0.025369395967902542,0.0014316120152176278,599.0,0.024143138527630885
7260_liver_sbr_Male_26-U1,sbr,26,tierA_p95,vSMCs,interferon_response,10.0,15.0,761.0,0.022628160357983852,0.0012088120713773394,746.0,0.019173525472045358
7260_liver_sbr_Male_26-U1,sbr,26,tierA_p95,vSMCs,interferon_response,15.0,20.0,702.0,0.021035640981564546,0.0012413022121735057,748.0,0.02306700532092832
7260_liver_sbr_Male_26-U1,sbr,26,tierA_p95,vSMCs,interferon_response,20.0,25.0,668.0,0.02022839824551515,0.001333728681404708,649.0,0.024100369863773646
7260_liver_sbr_Male_26-U1,sbr,26,tierA_p95,vSMCs,interferon_response,25.0,30.0,549.0,0.0218824954491639,0.0014333292678568377,500.0,0.021380760001120505
7260_liver_sbr_Male_26-U1,sbr,26,tierA_p95,vSMCs,interferon_response,30.0,35.0,391.0,0.019866675143963043,0.0016416564257500084,379.0,0.0213815039515988
7260_liver_sbr_Male_26-U1,sbr,26,tierA_p95,vSMCs,interferon_response,35.0,40.0,350.0,0.02391959996380527,0.0018610947355442824,279.0,0.02135544792012734
7260_liver_sbr_Male_26-U1,sbr,26,tierA_p95,vSMCs,interferon_response,40.0,45.0,266.0,0.01793184206638086,0.0019520789413008978,223.0,0.019078968686230206
7260_liver_sbr_Male_26-U1,sbr,26,tierA_p95,vSMCs,interferon_response,45.0,50.0,213.0,0.01876305158691647,0.0022019929437199345,152.0,0.023768552587314747
7260_liver_sbr_Male_26-U1,sbr,26,tierA_p95,vSMCs,interferon_response,50.0,55.0,155.0,0.023379677508707956,0.0027932387615004265,126.0,0.018804841312596673
7260_liver_sbr_Male_26-U1,sbr,26,tierA_p95,vSMCs,interferon_response,55.0,60.0,97.0,0.02364927829413065,0.003677222548664359,92.0,0.016876087155335128
7260_liver_sbr_Male_26-U1,sbr,26,tierA_p95,vSMCs,interferon_response,60.0,65.0,66.0,0.020336969669160404,0.003881771059316844,57.0,0.01658122798069503
7260_liver_sbr_Male_26-U1,sbr,26,tierA_p95,vSMCs,interferon_response,65.0,70.0,54.0,0.018772592451703665,0.004613221535713356,50.0,0.01859239998375415
7260_liver_sbr_Male_26-U1,sbr,26,tierA_p95,vSMCs,interferon_response,70.0,75.0,28.0,0.01288642851717928,0.005347356413773969,29.0,0.01797275849746476
7260_liver_sbr_Male_26-U1,sbr,26,tierA_p95,vSMCs,interferon_response,75.0,80.0,21.0,0.004995238185594124,0.004819540887380709,19.0,0.007673157942726424
7260_liver_sbr_Male_26-U1,sbr,26,tierA_p95,vSMCs,interferon_response,80.0,85.0,15.0,0.011895999894477427,0.007358239625413747,17.0,0.017612352938158438
7260_liver_sbr_Male_26-U1,sbr,26,tierA_p95,vSMCs,interferon_response,85.0,90.0,12.0,0.03500666686644157,0.012227246296188793,15.0,0.02152066686345885
7260_liver_sbr_Male_26-U1,sbr,26,tierA_p95,vSMCs,interferon_response,90.0,95.0,6.0,0.019015000046541292,0.0032042346734920315,8.0,0.006103749852627516
7260_liver_sbr_Male_26-U1,sbr,26,tierA_p95,vSMCs,interferon_response,95.0,100.0,2.0,0.02637500036507845,0.0123779044489115,11.0,-0.0009318181546404958
7260_liver_sbr_Male_26-U1,sbr,26,tierA_p95,vSMCs,oxidative_stress,0.0,5.0,43.0,0.00509627865692384,0.01005725748419569,296.0,0.005431317718584732
7260_liver_sbr_Male_26-U1,sbr,26,tierA_p95,vSMCs,oxidative_stress,5.0,10.0,596.0,0.011179932863470585,0.0022778487430407347,599.0,0.01429691142030896
7260_liver_sbr_Male_26-U1,sbr,26,tierA_p95,vSMCs,oxidative_stress,10.0,15.0,761.0,0.014376925118827814,0.0020973966072202993,746.0,0.01257800268382349
7260_liver_sbr_Male_26-U1,sbr,26,tierA_p95,vSMCs,oxidative_stress,15.0,20.0,702.0,0.013277863187606292,0.00217824698697219,748.0,0.014812526803038501
7260_liver_sbr_Male_26-U1,sbr,26,tierA_p95,vSMCs,oxidative_stress,20.0,25.0,668.0,0.014268278391029014,0.0021194526354832363,649.0,0.013093959887132467
7260_liver_sbr_Male_26-U1,sbr,26,tierA_p95,vSMCs,oxidative_stress,25.0,30.0,549.0,0.014013934423368787,0.0023945571796214404,500.0,0.015329019955548574
7260_liver_sbr_Male_26-U1,sbr,26,tierA_p95,vSMCs,oxidative_stress,30.0,35.0,391.0,0.01254460360637367,0.0029173067530716226,379.0,0.01479488121386185
7260_liver_sbr_Male_26-U1,sbr,26,tierA_p95,vSMCs,oxidative_stress,35.0,40.0,350.0,0.0241533428605596,0.003115495135845865,279.0,0.015188458745402667
7260_liver_sbr_Male_26-U1,sbr,26,tierA_p95,vSMCs,oxidative_stress,40.0,45.0,266.0,0.008956052580541106,0.003338413626611541,223.0,0.0215262780715453
7260_liver_sbr_Male_26-U1,sbr,26,tierA_p95,vSMCs,oxidative_stress,45.0,50.0,213.0,0.007282300456707145,0.0036556428626427118,152.0,0.015157763258780745
7260_liver_sbr_Male_26-U1,sbr,26,tierA_p95,vSMCs,oxidative_stress,50.0,55.0,155.0,0.01701593559625889,0.004725686651437504,126.0,0.014667539504386248
7260_liver_sbr_Male_26-U1,sbr,26,tierA_p95,vSMCs,oxidative_stress,55.0,60.0,97.0,0.010001237247350444,0.00479325605138779,92.0,0.013287391311124615
7260_liver_sbr_Male_26-U1,sbr,26,tierA_p95,vSMCs,oxidative_stress,60.0,65.0,66.0,0.02254151523458969,0.007612323925251466,57.0,0.020791227937463606
7260_liver_sbr_Male_26-U1,sbr,26,tierA_p95,vSMCs,oxidative_stress,65.0,70.0,54.0,0.02493037063740539,0.007414655934115639,50.0,0.02504420018522069
7260_liver_sbr_Male_26-U1,sbr,26,tierA_p95,vSMCs,oxidative_stress,70.0,75.0,28.0,0.02138821448066405,0.011059217743655314,29.0,0.009682414009524831
7260_liver_sbr_Male_26-U1,sbr,26,tierA_p95,vSMCs,oxidative_stress,75.0,80.0,21.0,0.02726380910219935,0.012036017636199488,19.0,0.008430000100480882
7260_liver_sbr_Male_26-U1,sbr,26,tierA_p95,vSMCs,oxidative_stress,80.0,85.0,15.0,0.0552980006672442,0.016381610946855866,17.0,0.036112352952306324
7260_liver_sbr_Male_26-U1,sbr,26,tierA_p95,vSMCs,oxidative_stress,85.0,90.0,12.0,0.028279167289535206,0.01613740074951861,15.0,0.012776000223432978
7260_liver_sbr_Male_26-U1,sbr,26,tierA_p95,vSMCs,oxidative_stress,90.0,95.0,6.0,0.022851666978870828,0.025334681422712692,8.0,0.01555625011678785
7260_liver_sbr_Male_26-U1,sbr,26,tierA_p95,vSMCs,oxidative_stress,95.0,100.0,2.0,0.06136999907903373,0.04603972192335914,11.0,0.0070790905844081535
7260_liver_sbr_Male_26-U1,sbr,26,tierA_p95,vSMCs,secondary_senescence,0.0,5.0,43.0,0.03938813936330789,0.010283572051325619,296.0,0.030596587970452477
7260_liver_sbr_Male_26-U1,sbr,26,tierA_p95,vSMCs,secondary_senescence,5.0,10.0,596.0,0.029506057147961392,0.0024106269921831134,599.0,0.02935430722189841
7260_liver_sbr_Male_26-U1,sbr,26,tierA_p95,vSMCs,secondary_senescence,10.0,15.0,761.0,0.03141123518891592,0.002102724612472965,746.0,0.026880254728601616
7260_liver_sbr_Male_26-U1,sbr,26,tierA_p95,vSMCs,secondary_senescence,15.0,20.0,702.0,0.028845256335099368,0.0021729518971632597,748.0,0.026799064168368535
7260_liver_sbr_Male_26-U1,sbr,26,tierA_p95,vSMCs,secondary_senescence,20.0,25.0,668.0,0.022633652668702268,0.0021415824946888077,649.0,0.026448644074254495
7260_liver_sbr_Male_26-U1,sbr,26,tierA_p95,vSMCs,secondary_senescence,25.0,30.0,549.0,0.02466590164494548,0.0022089484899907243,500.0,0.024554879897150387
7260_liver_sbr_Male_26-U1,sbr,26,tierA_p95,vSMCs,secondary_senescence,30.0,35.0,391.0,0.020205856725389538,0.0029451851024473483,379.0,0.025082005134460857
7260_liver_sbr_Male_26-U1,sbr,26,tierA_p95,vSMCs,secondary_senescence,35.0,40.0,350.0,0.025335399876514984,0.002800799336856793,279.0,0.020667705984492402
7260_liver_sbr_Male_26-U1,sbr,26,tierA_p95,vSMCs,secondary_senescence,40.0,45.0,266.0,0.017043571524386368,0.0031056124528702003,223.0,0.017001793708343208
7260_liver_sbr_Male_26-U1,sbr,26,tierA_p95,vSMCs,secondary_senescence,45.0,50.0,213.0,0.017764225584250424,0.0037033857875275297,152.0,0.018454671043927146
7260_liver_sbr_Male_26-U1,sbr,26,tierA_p95,vSMCs,secondary_senescence,50.0,55.0,155.0,0.020113870975065735,0.004016070035409007,126.0,0.016537777806950052
7260_liver_sbr_Male_26-U1,sbr,26,tierA_p95,vSMCs,secondary_senescence,55.0,60.0,97.0,0.009122474352497915,0.004740689535994982,92.0,0.015694565239676234
7260_liver_sbr_Male_26-U1,sbr,26,tierA_p95,vSMCs,secondary_senescence,60.0,65.0,66.0,0.021816515332003208,0.006666360664729281,57.0,0.013368772017042431
7260_liver_sbr_Male_26-U1,sbr,26,tierA_p95,vSMCs,secondary_senescence,65.0,70.0,54.0,0.013995185359682957,0.007759183799919197,50.0,0.014297000178776215
7260_liver_sbr_Male_26-U1,sbr,26,tierA_p95,vSMCs,secondary_senescence,70.0,75.0,28.0,0.02002285688182123,0.008590386142571177,29.0,0.020989310702887076
7260_liver_sbr_Male_26-U1,sbr,26,tierA_p95,vSMCs,secondary_senescence,75.0,80.0,21.0,-0.005243333167440835,0.009052885912677189,19.0,0.016843158188030907
7260_liver_sbr_Male_26-U1,sbr,26,tierA_p95,vSMCs,secondary_senescence,80.0,85.0,15.0,0.016127333231270313,0.00814522697631848,17.0,0.01653000060468912
7260_liver_sbr_Male_26-U1,sbr,26,tierA_p95,vSMCs,secondary_senescence,85.0,90.0,12.0,0.017710833034167688,0.014983542724101727,15.0,0.014183333547164997
7260_liver_sbr_Male_26-U1,sbr,26,tierA_p95,vSMCs,secondary_senescence,90.0,95.0,6.0,-0.013058333657681942,0.011997090378676986,8.0,-0.020742500200867653
7260_liver_sbr_Male_26-U1,sbr,26,tierA_p95,vSMCs,secondary_senescence,95.0,100.0,2.0,0.045989999547600746,0.006477097386106827,11.0,-0.0013863639429804277
7260_liver_sbr_Male_26-U1,sbr,26,tierA_p95,vSMCs,tnfa_nfkb_proximal,0.0,5.0,43.0,0.022663721300358344,0.0050370190518533465,296.0,0.019032567639589763
7260_liver_sbr_Male_26-U1,sbr,26,tierA_p95,vSMCs,tnfa_nfkb_proximal,5.0,10.0,596.0,0.019992030202376932,0.001259490248793639,599.0,0.02053520867356594
7260_liver_sbr_Male_26-U1,sbr,26,tierA_p95,vSMCs,tnfa_nfkb_proximal,10.0,15.0,761.0,0.020058488847152268,0.0011827178310580438,746.0,0.019165388761047602
7260_liver_sbr_Male_26-U1,sbr,26,tierA_p95,vSMCs,tnfa_nfkb_proximal,15.0,20.0,702.0,0.019992108284095284,0.001167646732200369,748.0,0.02049342244126479
7260_liver_sbr_Male_26-U1,sbr,26,tierA_p95,vSMCs,tnfa_nfkb_proximal,20.0,25.0,668.0,0.0181432335163015,0.0011913618845812136,649.0,0.021638043125975125
7260_liver_sbr_Male_26-U1,sbr,26,tierA_p95,vSMCs,tnfa_nfkb_proximal,25.0,30.0,549.0,0.019926047444428174,0.0013185025125125138,500.0,0.018580060039443198
7260_liver_sbr_Male_26-U1,sbr,26,tierA_p95,vSMCs,tnfa_nfkb_proximal,30.0,35.0,391.0,0.017829258321145267,0.0014996381850083216,379.0,0.01988065972429736
7260_liver_sbr_Male_26-U1,sbr,26,tierA_p95,vSMCs,tnfa_nfkb_proximal,35.0,40.0,350.0,0.021052857124294472,0.001609644597100794,279.0,0.017806917454736094
7260_liver_sbr_Male_26-U1,sbr,26,tierA_p95,vSMCs,tnfa_nfkb_proximal,40.0,45.0,266.0,0.01633654137590486,0.0016802239923722263,223.0,0.01729479824955525
7260_liver_sbr_Male_26-U1,sbr,26,tierA_p95,vSMCs,tnfa_nfkb_proximal,45.0,50.0,213.0,0.01742056334345326,0.0019103006961496342,152.0,0.021843618546786035
7260_liver_sbr_Male_26-U1,sbr,26,tierA_p95,vSMCs,tnfa_nfkb_proximal,50.0,55.0,155.0,0.019132258019019518,0.0025417823267810126,126.0,0.016468492122507925
7260_liver_sbr_Male_26-U1,sbr,26,tierA_p95,vSMCs,tnfa_nfkb_proximal,55.0,60.0,97.0,0.019994639183068166,0.0031189874387044666,92.0,0.012897391273722662
7260_liver_sbr_Male_26-U1,sbr,26,tierA_p95,vSMCs,tnfa_nfkb_proximal,60.0,65.0,66.0,0.02242636349624125,0.00375711789299619,57.0,0.020077543912185847
7260_liver_sbr_Male_26-U1,sbr,26,tierA_p95,vSMCs,tnfa_nfkb_proximal,65.0,70.0,54.0,0.02271092617822298,0.00367142180304384,50.0,0.01083120000155759
7260_liver_sbr_Male_26-U1,sbr,26,tierA_p95,vSMCs,tnfa_nfkb_proximal,70.0,75.0,28.0,0.011243571493001323,0.006057535626026522,29.0,0.020351723984590377
7260_liver_sbr_Male_26-U1,sbr,26,tierA_p95,vSMCs,tnfa_nfkb_proximal,75.0,80.0,21.0,0.014582856890878506,0.0061767689131165815,19.0,0.013833684209538134
7260_liver_sbr_Male_26-U1,sbr,26,tierA_p95,vSMCs,tnfa_nfkb_proximal,80.0,85.0,15.0,0.019667333368367203,0.009193845636349804,17.0,0.01670411754372146
7260_liver_sbr_Male_26-U1,sbr,26,tierA_p95,vSMCs,tnfa_nfkb_proximal,85.0,90.0,12.0,0.04584249993786216,0.01181932130963106,15.0,0.011919333677118024
7260_liver_sbr_Male_26-U1,sbr,26,tierA_p95,vSMCs,tnfa_nfkb_proximal,90.0,95.0,6.0,0.02926833318391194,0.015309206978512286,8.0,0.016339999972842634
7260_liver_sbr_Male_26-U1,sbr,26,tierA_p95,vSMCs,tnfa_nfkb_proximal,95.0,100.0,2.0,0.02402999997138977,0.0016829144414168867,11.0,-0.002066363495859233
7001_liver_sham_Male_52-U1,sham,52,tierA_p95,Biliary/ductular,downstream_arrest,0.0,5.0,228.0,0.021772500003224417,0.0017332825448244465,1323.0,0.021699939529370556
7001_liver_sham_Male_52-U1,sham,52,tierA_p95,Biliary/ductular,downstream_arrest,5.0,10.0,2098.0,0.0222009104007649,0.0005145367237870324,1836.0,0.02237772329723129
7001_liver_sham_Male_52-U1,sham,52,tierA_p95,Biliary/ductular,downstream_arrest,10.0,15.0,1892.0,0.022928245248465973,0.0005146973680802874,1794.0,0.023733467144468348
7001_liver_sham_Male_52-U1,sham,52,tierA_p95,Biliary/ductular,downstream_arrest,15.0,20.0,1787.0,0.02242776721536581,0.0005306323429869356,1805.0,0.022917972312521604
7001_liver_sham_Male_52-U1,sham,52,tierA_p95,Biliary/ductular,downstream_arrest,20.0,25.0,1895.0,0.022429134537835467,0.000508336624127521,1809.0,0.021681282488911123
7001_liver_sham_Male_52-U1,sham,52,tierA_p95,Biliary/ductular,downstream_arrest,25.0,30.0,1960.0,0.02256420916808714,0.0004891756015561279,1843.0,0.02281693437396315
7001_liver_sham_Male_52-U1,sham,52,tierA_p95,Biliary/ductular,downstream_arrest,30.0,35.0,1902.0,0.021811256572852083,0.0005048203765941849,1831.0,0.022072555963754677
7001_liver_sham_Male_52-U1,sham,52,tierA_p95,Biliary/ductular,downstream_arrest,35.0,40.0,1828.0,0.0227374671453687,0.0005209884239983606,1624.0,0.021694254905733616
7001_liver_sham_Male_52-U1,sham,52,tierA_p95,Biliary/ductular,downstream_arrest,40.0,45.0,1563.0,0.023506308395632343,0.0005678498599671476,1383.0,0.022807216206458595
7001_liver_sham_Male_52-U1,sham,52,tierA_p95,Biliary/ductular,downstream_arrest,45.0,50.0,1413.0,0.022767077179816197,0.0006013940167035743,1291.0,0.022833253279771034
7001_liver_sham_Male_52-U1,sham,52,tierA_p95,Biliary/ductular,downstream_arrest,50.0,55.0,1214.0,0.02141481054113054,0.0006321969094579671,1143.0,0.021313963262885236
7001_liver_sham_Male_52-U1,sham,52,tierA_p95,Biliary/ductular,downstream_arrest,55.0,60.0,981.0,0.021534760487693542,0.0007051501068529785,946.0,0.022648541259177382
7001_liver_sham_Male_52-U1,sham,52,tierA_p95,Biliary/ductular,downstream_arrest,60.0,65.0,780.0,0.023540897427893726,0.0007918741613001554,783.0,0.02129675608295777
7001_liver_sham_Male_52-U1,sham,52,tierA_p95,Biliary/ductular,downstream_arrest,65.0,70.0,623.0,0.021689277769852244,0.0009128512216602684,590.0,0.022837661028251653
7001_liver_sham_Male_52-U1,sham,52,tierA_p95,Biliary/ductular,downstream_arrest,70.0,75.0,521.0,0.022045700617666707,0.001003861763245103,454.0,0.021614273129871676
7001_liver_sham_Male_52-U1,sham,52,tierA_p95,Biliary/ductular,downstream_arrest,75.0,80.0,405.0,0.020576814866810175,0.001041787848306694,357.0,0.02210582634927728
7001_liver_sham_Male_52-U1,sham,52,tierA_p95,Biliary/ductular,downstream_arrest,80.0,85.0,293.0,0.02166399315098712,0.0012244980897576953,292.0,0.023175958848858574
7001_liver_sham_Male_52-U1,sham,52,tierA_p95,Biliary/ductular,downstream_arrest,85.0,90.0,183.0,0.020392021893384793,0.0014729625792784693,217.0,0.02052940099722355
7001_liver_sham_Male_52-U1,sham,52,tierA_p95,Biliary/ductular,downstream_arrest,90.0,95.0,137.0,0.021447810228938664,0.0019391795109821638,150.0,0.021304399890553518
7001_liver_sham_Male_52-U1,sham,52,tierA_p95,Biliary/ductular,downstream_arrest,95.0,100.0,93.0,0.018448817155634362,0.0022455680144450635,325.0,0.02307901536002576
7001_liver_sham_Male_52-U1,sham,52,tierA_p95,Biliary/ductular,emt_ecm,0.0,5.0,228.0,0.06396504395955785,0.0026736160643626096,1323.0,0.07049488281964983
7001_liver_sham_Male_52-U1,sham,52,tierA_p95,Biliary/ductular,emt_ecm,5.0,10.0,2098.0,0.07091440898089384,0.0009193175064783792,1836.0,0.07352979845401937
7001_liver_sham_Male_52-U1,sham,52,tierA_p95,Biliary/ductular,emt_ecm,10.0,15.0,1892.0,0.07304692394188733,0.0009644199473132022,1794.0,0.07026515045987677
7001_liver_sham_Male_52-U1,sham,52,tierA_p95,Biliary/ductular,emt_ecm,15.0,20.0,1787.0,0.07245797981688139,0.0010170968463180164,1805.0,0.07013748475753781
7001_liver_sham_Male_52-U1,sham,52,tierA_p95,Biliary/ductular,emt_ecm,20.0,25.0,1895.0,0.06993978365581995,0.0009792232710939869,1809.0,0.07086396358902783
7001_liver_sham_Male_52-U1,sham,52,tierA_p95,Biliary/ductular,emt_ecm,25.0,30.0,1960.0,0.0708893928795709,0.0009701820793167475,1843.0,0.06968174718656817
7001_liver_sham_Male_52-U1,sham,52,tierA_p95,Biliary/ductular,emt_ecm,30.0,35.0,1902.0,0.07026138280255745,0.0009518625463011066,1831.0,0.0716436210394475
7001_liver_sham_Male_52-U1,sham,52,tierA_p95,Biliary/ductular,emt_ecm,35.0,40.0,1828.0,0.069319392783376,0.0009636411966117534,1624.0,0.07127604075667747
7001_liver_sham_Male_52-U1,sham,52,tierA_p95,Biliary/ductular,emt_ecm,40.0,45.0,1563.0,0.0713804542696821,0.001038389284931741,1383.0,0.06936319593316757
7001_liver_sham_Male_52-U1,sham,52,tierA_p95,Biliary/ductular,emt_ecm,45.0,50.0,1413.0,0.07068568294257702,0.001108163376367774,1291.0,0.07080746708818067
7001_liver_sham_Male_52-U1,sham,52,tierA_p95,Biliary/ductular,emt_ecm,50.0,55.0,1214.0,0.07079214180832732,0.0011779960230554154,1143.0,0.07026784782672618
7001_liver_sham_Male_52-U1,sham,52,tierA_p95,Biliary/ductular,emt_ecm,55.0,60.0,981.0,0.07052282374711787,0.0013375157387352764,946.0,0.07141341445915869
7001_liver_sham_Male_52-U1,sham,52,tierA_p95,Biliary/ductular,emt_ecm,60.0,65.0,780.0,0.07027300000981762,0.0015286277008303784,783.0,0.0728848019722905
7001_liver_sham_Male_52-U1,sham,52,tierA_p95,Biliary/ductular,emt_ecm,65.0,70.0,623.0,0.07172268057285434,0.0017926284155427917,590.0,0.0702819831363617
7001_liver_sham_Male_52-U1,sham,52,tierA_p95,Biliary/ductular,emt_ecm,70.0,75.0,521.0,0.06735779276057799,0.0018291350580308472,454.0,0.07136387666836094
7001_liver_sham_Male_52-U1,sham,52,tierA_p95,Biliary/ductular,emt_ecm,75.0,80.0,405.0,0.0696092591732726,0.002116170060060546,357.0,0.07100047628527001
7001_liver_sham_Male_52-U1,sham,52,tierA_p95,Biliary/ductular,emt_ecm,80.0,85.0,293.0,0.06981313988604541,0.002466977255898144,292.0,0.06779931513660377
7001_liver_sham_Male_52-U1,sham,52,tierA_p95,Biliary/ductular,emt_ecm,85.0,90.0,183.0,0.07115021865761488,0.002864172907127375,217.0,0.06484857149538048
7001_liver_sham_Male_52-U1,sham,52,tierA_p95,Biliary/ductular,emt_ecm,90.0,95.0,137.0,0.07815708019124874,0.003748851306466479,150.0,0.0770833331697698
7001_liver_sham_Male_52-U1,sham,52,tierA_p95,Biliary/ductular,emt_ecm,95.0,100.0,93.0,0.07048215075165674,0.0037489870396593392,325.0,0.0663885538859848
7001_liver_sham_Male_52-U1,sham,52,tierA_p95,Biliary/ductular,il6_jak_stat3,0.0,5.0,228.0,-0.01613153512079678,0.00227860194873004,1323.0,-0.016895079337420255
7001_liver_sham_Male_52-U1,sham,52,tierA_p95,Biliary/ductular,il6_jak_stat3,5.0,10.0,2098.0,-0.017862883702945552,0.0007220848577213283,1836.0,-0.016587734185929286
7001_liver_sham_Male_52-U1,sham,52,tierA_p95,Biliary/ductular,il6_jak_stat3,10.0,15.0,1892.0,-0.017578403779690804,0.0007902726263440922,1794.0,-0.019256688948348737
7001_liver_sham_Male_52-U1,sham,52,tierA_p95,Biliary/ductular,il6_jak_stat3,15.0,20.0,1787.0,-0.019343463894974707,0.0007481173451519863,1805.0,-0.018610559534371785
7001_liver_sham_Male_52-U1,sham,52,tierA_p95,Biliary/ductular,il6_jak_stat3,20.0,25.0,1895.0,-0.021326248017841602,0.0007235154160800315,1809.0,-0.01895796571162052
7001_liver_sham_Male_52-U1,sham,52,tierA_p95,Biliary/ductular,il6_jak_stat3,25.0,30.0,1960.0,-0.020670244878273274,0.0007407550150145565,1843.0,-0.02040516546007787
7001_liver_sham_Male_52-U1,sham,52,tierA_p95,Biliary/ductular,il6_jak_stat3,30.0,35.0,1902.0,-0.018830462634796888,0.0007432964504514911,1831.0,-0.021569524819866657
7001_liver_sham_Male_52-U1,sham,52,tierA_p95,Biliary/ductular,il6_jak_stat3,35.0,40.0,1828.0,-0.021459644360817452,0.0007335886748102269,1624.0,-0.02222859605086933
7001_liver_sham_Male_52-U1,sham,52,tierA_p95,Biliary/ductular,il6_jak_stat3,40.0,45.0,1563.0,-0.02033981442597108,0.0008156145059976565,1383.0,-0.022651287021829298
7001_liver_sham_Male_52-U1,sham,52,tierA_p95,Biliary/ductular,il6_jak_stat3,45.0,50.0,1413.0,-0.021782399144267568,0.0008383482705882873,1291.0,-0.02206247873089074
7001_liver_sham_Male_52-U1,sham,52,tierA_p95,Biliary/ductular,il6_jak_stat3,50.0,55.0,1214.0,-0.02171281713913868,0.0008681522065069681,1143.0,-0.02098010499504721
7001_liver_sham_Male_52-U1,sham,52,tierA_p95,Biliary/ductular,il6_jak_stat3,55.0,60.0,981.0,-0.02258927626564519,0.0009694378349618884,946.0,-0.020174133144859295
7001_liver_sham_Male_52-U1,sham,52,tierA_p95,Biliary/ductular,il6_jak_stat3,60.0,65.0,780.0,-0.02185334610687091,0.0011478475670268695,783.0,-0.020910753458120938
7001_liver_sham_Male_52-U1,sham,52,tierA_p95,Biliary/ductular,il6_jak_stat3,65.0,70.0,623.0,-0.019894478308020058,0.001240112961498165,590.0,-0.017684474584295798
7001_liver_sham_Male_52-U1,sham,52,tierA_p95,Biliary/ductular,il6_jak_stat3,70.0,75.0,521.0,-0.02194537432053088,0.0013608493469104404,454.0,-0.024020044064346192
7001_liver_sham_Male_52-U1,sham,52,tierA_p95,Biliary/ductular,il6_jak_stat3,75.0,80.0,405.0,-0.019951728323401228,0.001509442664497802,357.0,-0.022589523735565737
7001_liver_sham_Male_52-U1,sham,52,tierA_p95,Biliary/ductular,il6_jak_stat3,80.0,85.0,293.0,-0.02141901017040773,0.0018167915490875186,292.0,-0.023557020532242772
7001_liver_sham_Male_52-U1,sham,52,tierA_p95,Biliary/ductular,il6_jak_stat3,85.0,90.0,183.0,-0.017169781411550126,0.002530789260395852,217.0,-0.021761244247529482
7001_liver_sham_Male_52-U1,sham,52,tierA_p95,Biliary/ductular,il6_jak_stat3,90.0,95.0,137.0,-0.02368007286750868,0.002730318147874832,150.0,-0.020359399990120437
7001_liver_sham_Male_52-U1,sham,52,tierA_p95,Biliary/ductular,il6_jak_stat3,95.0,100.0,93.0,-0.021900967769221506,0.002848554511266842,325.0,-0.02444824612394978
7001_liver_sham_Male_52-U1,sham,52,tierA_p95,Biliary/ductular,interferon_response,0.0,5.0,228.0,-0.008123464904712276,0.0018941983045807698,1323.0,-0.008275895722460132
7001_liver_sham_Male_52-U1,sham,52,tierA_p95,Biliary/ductular,interferon_response,5.0,10.0,2098.0,-0.008027664454701523,0.0006346421548441552,1836.0,-0.006810479316555798
7001_liver_sham_Male_52-U1,sham,52,tierA_p95,Biliary/ductular,interferon_response,10.0,15.0,1892.0,-0.007511908042420097,0.0006388802770772684,1794.0,-0.008443439268503852
7001_liver_sham_Male_52-U1,sham,52,tierA_p95,Biliary/ductular,interferon_response,15.0,20.0,1787.0,-0.007928326824781695,0.0006399456981191361,1805.0,-0.007876271453619224
7001_liver_sham_Male_52-U1,sham,52,tierA_p95,Biliary/ductular,interferon_response,20.0,25.0,1895.0,-0.009034121364016746,0.0006352975565768382,1809.0,-0.00746207297426601
7001_liver_sham_Male_52-U1,sham,52,tierA_p95,Biliary/ductular,interferon_response,25.0,30.0,1960.0,-0.008507377569562128,0.0005951584667348741,1843.0,-0.007863071091907039
7001_liver_sham_Male_52-U1,sham,52,tierA_p95,Biliary/ductular,interferon_response,30.0,35.0,1902.0,-0.008242008442112073,0.0006373481897083517,1831.0,-0.009539972724737725
7001_liver_sham_Male_52-U1,sham,52,tierA_p95,Biliary/ductular,interferon_response,35.0,40.0,1828.0,-0.009658960612911792,0.0006069797753790719,1624.0,-0.007456182296740502
7001_liver_sham_Male_52-U1,sham,52,tierA_p95,Biliary/ductular,interferon_response,40.0,45.0,1563.0,-0.00791697380420213,0.0006964159894647384,1383.0,-0.008471077362625791
7001_liver_sham_Male_52-U1,sham,52,tierA_p95,Biliary/ductular,interferon_response,45.0,50.0,1413.0,-0.009355060166212858,0.0007239741291622616,1291.0,-0.01057621225816344
7001_liver_sham_Male_52-U1,sham,52,tierA_p95,Biliary/ductular,interferon_response,50.0,55.0,1214.0,-0.008572471169420073,0.0007692666168677374,1143.0,-0.00871746279773756
7001_liver_sham_Male_52-U1,sham,52,tierA_p95,Biliary/ductular,interferon_response,55.0,60.0,981.0,-0.008021416935443476,0.000838213676421895,946.0,-0.010040887945372735
7001_liver_sham_Male_52-U1,sham,52,tierA_p95,Biliary/ductular,interferon_response,60.0,65.0,780.0,-0.009130435874785457,0.0010220521838441691,783.0,-0.008381034524853434
7001_liver_sham_Male_52-U1,sham,52,tierA_p95,Biliary/ductular,interferon_response,65.0,70.0,623.0,-0.008052728790184876,0.0010901668161857035,590.0,-0.006719898306243013
7001_liver_sham_Male_52-U1,sham,52,tierA_p95,Biliary/ductular,interferon_response,70.0,75.0,521.0,-0.009360403044872071,0.0011863074825886311,454.0,-0.011647995574390725
7001_liver_sham_Male_52-U1,sham,52,tierA_p95,Biliary/ductular,interferon_response,75.0,80.0,405.0,-0.008571753077270797,0.0013379558902320851,357.0,-0.0107462465229746
7001_liver_sham_Male_52-U1,sham,52,tierA_p95,Biliary/ductular,interferon_response,80.0,85.0,293.0,-0.007333413007804836,0.0015594194342189603,292.0,-0.007190924672252312
7001_liver_sham_Male_52-U1,sham,52,tierA_p95,Biliary/ductular,interferon_response,85.0,90.0,183.0,-0.004581748703373799,0.002115275644373445,217.0,-0.010685483914784431
7001_liver_sham_Male_52-U1,sham,52,tierA_p95,Biliary/ductular,interferon_response,90.0,95.0,137.0,-0.010032481699374702,0.0024035135772758603,150.0,-0.009069999922649003
7001_liver_sham_Male_52-U1,sham,52,tierA_p95,Biliary/ductular,interferon_response,95.0,100.0,93.0,-0.009807311730103827,0.0023753749251795597,325.0,-0.009797015358568528
7001_liver_sham_Male_52-U1,sham,52,tierA_p95,Biliary/ductular,oxidative_stress,0.0,5.0,228.0,0.05091675438227851,0.004355552489659451,1323.0,0.06063498105049184
7001_liver_sham_Male_52-U1,sham,52,tierA_p95,Biliary/ductular,oxidative_stress,5.0,10.0,2098.0,0.059906744550288576,0.0013630665762900509,1836.0,0.06132188455792021
7001_liver_sham_Male_52-U1,sham,52,tierA_p95,Biliary/ductular,oxidative_stress,10.0,15.0,1892.0,0.06668632660927752,0.0014237191991510426,1794.0,0.06652712933549873
7001_liver_sham_Male_52-U1,sham,52,tierA_p95,Biliary/ductular,oxidative_stress,15.0,20.0,1787.0,0.06775722434529763,0.001474627498394371,1805.0,0.06983045435961564
7001_liver_sham_Male_52-U1,sham,52,tierA_p95,Biliary/ductular,oxidative_stress,20.0,25.0,1895.0,0.07087910289915211,0.0014363451863609149,1809.0,0.06839080710709765
7001_liver_sham_Male_52-U1,sham,52,tierA_p95,Biliary/ductular,oxidative_stress,25.0,30.0,1960.0,0.06867834692407736,0.0014159746360634478,1843.0,0.0677178839124605
7001_liver_sham_Male_52-U1,sham,52,tierA_p95,Biliary/ductular,oxidative_stress,30.0,35.0,1902.0,0.06967680342691303,0.001487750150169882,1831.0,0.06996747139820067
7001_liver_sham_Male_52-U1,sham,52,tierA_p95,Biliary/ductular,oxidative_stress,35.0,40.0,1828.0,0.07261460071230245,0.0014833520941152942,1624.0,0.07106388533582933
7001_liver_sham_Male_52-U1,sham,52,tierA_p95,Biliary/ductular,oxidative_stress,40.0,45.0,1563.0,0.07053928358253034,0.001592174844174922,1383.0,0.07479279107882499
7001_liver_sham_Male_52-U1,sham,52,tierA_p95,Biliary/ductular,oxidative_stress,45.0,50.0,1413.0,0.07024165602059995,0.001673521083908043,1291.0,0.0715862044751415
7001_liver_sham_Male_52-U1,sham,52,tierA_p95,Biliary/ductular,oxidative_stress,50.0,55.0,1214.0,0.0712145716013951,0.0016821757223369207,1143.0,0.06942575679373955
7001_liver_sham_Male_52-U1,sham,52,tierA_p95,Biliary/ductular,oxidative_stress,55.0,60.0,981.0,0.07196922533256339,0.002003442814031508,946.0,0.07185721989021399
7001_liver_sham_Male_52-U1,sham,52,tierA_p95,Biliary/ductular,oxidative_stress,60.0,65.0,780.0,0.07112364108508747,0.0022480186353275727,783.0,0.07162699875400487
7001_liver_sham_Male_52-U1,sham,52,tierA_p95,Biliary/ductular,oxidative_stress,65.0,70.0,623.0,0.06941149274583246,0.0024351095799098024,590.0,0.07070744073464115
7001_liver_sham_Male_52-U1,sham,52,tierA_p95,Biliary/ductular,oxidative_stress,70.0,75.0,521.0,0.07071642992866535,0.0027974723230368534,454.0,0.0720886124347594
7001_liver_sham_Male_52-U1,sham,52,tierA_p95,Biliary/ductular,oxidative_stress,75.0,80.0,405.0,0.07144153089746531,0.002980724773044821,357.0,0.07587154054083582
7001_liver_sham_Male_52-U1,sham,52,tierA_p95,Biliary/ductular,oxidative_stress,80.0,85.0,293.0,0.07103535825380286,0.0035441414875360877,292.0,0.07760910968689332
7001_liver_sham_Male_52-U1,sham,52,tierA_p95,Biliary/ductular,oxidative_stress,85.0,90.0,183.0,0.07588437165606314,0.004483425274510657,217.0,0.0660550693653026
7001_liver_sham_Male_52-U1,sham,52,tierA_p95,Biliary/ductular,oxidative_stress,90.0,95.0,137.0,0.08206795631053035,0.005212554845307061,150.0,0.07019726634762871
7001_liver_sham_Male_52-U1,sham,52,tierA_p95,Biliary/ductular,oxidative_stress,95.0,100.0,93.0,0.07754215025324224,0.0063313791349330194,325.0,0.07501215368401833
7001_liver_sham_Male_52-U1,sham,52,tierA_p95,Biliary/ductular,secondary_senescence,0.0,5.0,228.0,0.010635833227289575,0.0032495579847574606,1323.0,0.007857853300579724
7001_liver_sham_Male_52-U1,sham,52,tierA_p95,Biliary/ductular,secondary_senescence,5.0,10.0,2098.0,0.006767959985260224,0.0010608297791850725,1836.0,0.00950793568640491
7001_liver_sham_Male_52-U1,sham,52,tierA_p95,Biliary/ductular,secondary_senescence,10.0,15.0,1892.0,0.00746430761281374,0.0011789082776233251,1794.0,0.006740000086630551
7001_liver_sham_Male_52-U1,sham,52,tierA_p95,Biliary/ductular,secondary_senescence,15.0,20.0,1787.0,0.005678774481296763,0.0011585665268624026,1805.0,0.006646049840689715
7001_liver_sham_Male_52-U1,sham,52,tierA_p95,Biliary/ductular,secondary_senescence,20.0,25.0,1895.0,0.0047138258592040695,0.0010734228110163239,1809.0,0.0057812934912348755
7001_liver_sham_Male_52-U1,sham,52,tierA_p95,Biliary/ductular,secondary_senescence,25.0,30.0,1960.0,0.006530693903951775,0.0011031273128239772,1843.0,0.004012647869281874
7001_liver_sham_Male_52-U1,sham,52,tierA_p95,Biliary/ductular,secondary_senescence,30.0,35.0,1902.0,0.005820462644927415,0.0011056112206160324,1831.0,0.0037409667003665712
7001_liver_sham_Male_52-U1,sham,52,tierA_p95,Biliary/ductular,secondary_senescence,35.0,40.0,1828.0,0.004875650975126612,0.0011008026026412888,1624.0,0.0038059113125213824
7001_liver_sham_Male_52-U1,sham,52,tierA_p95,Biliary/ductular,secondary_senescence,40.0,45.0,1563.0,0.003342335216926022,0.0011900161498969305,1383.0,0.002895726694847972
7001_liver_sham_Male_52-U1,sham,52,tierA_p95,Biliary/ductular,secondary_senescence,45.0,50.0,1413.0,0.003088584574233076,0.0012492552872327067,1291.0,0.004512013967884243
7001_liver_sham_Male_52-U1,sham,52,tierA_p95,Biliary/ductular,secondary_senescence,50.0,55.0,1214.0,0.005712388820245207,0.0013759292859719457,1143.0,0.0060967367308818335
7001_liver_sham_Male_52-U1,sham,52,tierA_p95,Biliary/ductular,secondary_senescence,55.0,60.0,981.0,0.003994332287347473,0.0015001867643207154,946.0,0.0026430338139088105
7001_liver_sham_Male_52-U1,sham,52,tierA_p95,Biliary/ductular,secondary_senescence,60.0,65.0,780.0,0.0041534871636124595,0.0016892943843077987,783.0,0.006792401022011898
7001_liver_sham_Male_52-U1,sham,52,tierA_p95,Biliary/ductular,secondary_senescence,65.0,70.0,623.0,0.006072279291413762,0.001956556459945299,590.0,0.005119271083865403
7001_liver_sham_Male_52-U1,sham,52,tierA_p95,Biliary/ductular,secondary_senescence,70.0,75.0,521.0,0.0035239731382271707,0.002079164924892564,454.0,0.0013693612590580891
7001_liver_sham_Male_52-U1,sham,52,tierA_p95,Biliary/ductular,secondary_senescence,75.0,80.0,405.0,0.0038395802565238777,0.0022351003879143936,357.0,0.0030836133941274635
7001_liver_sham_Male_52-U1,sham,52,tierA_p95,Biliary/ductular,secondary_senescence,80.0,85.0,293.0,0.0006322865987007042,0.002639549579436717,292.0,0.002139657552779432
7001_liver_sham_Male_52-U1,sham,52,tierA_p95,Biliary/ductular,secondary_senescence,85.0,90.0,183.0,0.00487202193479555,0.0035983492630906663,217.0,-0.000767880167314125
7001_liver_sham_Male_52-U1,sham,52,tierA_p95,Biliary/ductular,secondary_senescence,90.0,95.0,137.0,0.00181043790236972,0.004084953993687769,150.0,0.0010855332639766856
7001_liver_sham_Male_52-U1,sham,52,tierA_p95,Biliary/ductular,secondary_senescence,95.0,100.0,93.0,0.0018505375120057774,0.004655107272933788,325.0,0.006638553752160918
7001_liver_sham_Male_52-U1,sham,52,tierA_p95,Biliary/ductular,tnfa_nfkb_proximal,0.0,5.0,228.0,0.009727631509217884,0.002235655090412016,1323.0,0.007672569955453886
7001_liver_sham_Male_52-U1,sham,52,tierA_p95,Biliary/ductular,tnfa_nfkb_proximal,5.0,10.0,2098.0,0.007221801730204964,0.0007200745932879094,1836.0,0.007893850768639759
7001_liver_sham_Male_52-U1,sham,52,tierA_p95,Biliary/ductular,tnfa_nfkb_proximal,10.0,15.0,1892.0,0.006657537009755336,0.0007711961132139894,1794.0,0.004437179479316823
7001_liver_sham_Male_52-U1,sham,52,tierA_p95,Biliary/ductular,tnfa_nfkb_proximal,15.0,20.0,1787.0,0.006160928940313316,0.0007722934557802584,1805.0,0.005675429355874245
7001_liver_sham_Male_52-U1,sham,52,tierA_p95,Biliary/ductular,tnfa_nfkb_proximal,20.0,25.0,1895.0,0.0036295725803842703,0.0007178372073347323,1809.0,0.003833559980363901
7001_liver_sham_Male_52-U1,sham,52,tierA_p95,Biliary/ductular,tnfa_nfkb_proximal,25.0,30.0,1960.0,0.004666785669315705,0.0007333267390392656,1843.0,0.0036276614146961796
7001_liver_sham_Male_52-U1,sham,52,tierA_p95,Biliary/ductular,tnfa_nfkb_proximal,30.0,35.0,1902.0,0.0037219505775474594,0.0007182592768929237,1831.0,0.003593571829500183
7001_liver_sham_Male_52-U1,sham,52,tierA_p95,Biliary/ductular,tnfa_nfkb_proximal,35.0,40.0,1828.0,0.002891159720469265,0.0007353857790632043,1624.0,0.0028682635430691715
7001_liver_sham_Male_52-U1,sham,52,tierA_p95,Biliary/ductular,tnfa_nfkb_proximal,40.0,45.0,1563.0,0.002753531710345713,0.0007995392424337194,1383.0,0.003986182194445354
7001_liver_sham_Male_52-U1,sham,52,tierA_p95,Biliary/ductular,tnfa_nfkb_proximal,45.0,50.0,1413.0,0.0025598442928350994,0.0008483436373818966,1291.0,0.0037319751921714296
7001_liver_sham_Male_52-U1,sham,52,tierA_p95,Biliary/ductular,tnfa_nfkb_proximal,50.0,55.0,1214.0,0.0031950411524839296,0.000894809970921214,1143.0,0.004329536308169997
7001_liver_sham_Male_52-U1,sham,52,tierA_p95,Biliary/ductular,tnfa_nfkb_proximal,55.0,60.0,981.0,0.002022528006869893,0.0009831058783723711,946.0,0.0026485729348991855
7001_liver_sham_Male_52-U1,sham,52,tierA_p95,Biliary/ductular,tnfa_nfkb_proximal,60.0,65.0,780.0,0.0052181538662691125,0.0011692605715359352,783.0,0.0055452873752013685
7001_liver_sham_Male_52-U1,sham,52,tierA_p95,Biliary/ductular,tnfa_nfkb_proximal,65.0,70.0,623.0,0.004080353156772044,0.0013392473614478012,590.0,0.0039544237028290435
7001_liver_sham_Male_52-U1,sham,52,tierA_p95,Biliary/ductular,tnfa_nfkb_proximal,70.0,75.0,521.0,0.0033527830160899317,0.0012976891558943954,454.0,-0.0002064318215694496
7001_liver_sham_Male_52-U1,sham,52,tierA_p95,Biliary/ductular,tnfa_nfkb_proximal,75.0,80.0,405.0,0.0038444197922711475,0.0014567383497208982,357.0,0.00032647058283107966
7001_liver_sham_Male_52-U1,sham,52,tierA_p95,Biliary/ductular,tnfa_nfkb_proximal,80.0,85.0,293.0,0.0024629693318100974,0.0016435319106652285,292.0,0.002896883522088788
7001_liver_sham_Male_52-U1,sham,52,tierA_p95,Biliary/ductular,tnfa_nfkb_proximal,85.0,90.0,183.0,0.006433770291699998,0.002533521717217372,217.0,0.0016237327484049178
7001_liver_sham_Male_52-U1,sham,52,tierA_p95,Biliary/ductular,tnfa_nfkb_proximal,90.0,95.0,137.0,0.0027966422952302003,0.0029562048216548635,150.0,0.003930266685783863
7001_liver_sham_Male_52-U1,sham,52,tierA_p95,Biliary/ductular,tnfa_nfkb_proximal,95.0,100.0,93.0,-6.053760639637188e-05,0.003017909333715167,325.0,0.004192492293111102
7001_liver_sham_Male_52-U1,sham,52,tierA_p95,DC,downstream_arrest,0.0,5.0,21.0,0.04467142883333422,0.007692829702982026,186.0,0.04437838699881448
7001_liver_sham_Male_52-U1,sham,52,tierA_p95,DC,downstream_arrest,5.0,10.0,260.0,0.045071038307819083,0.0023683776806544274,255.0,0.044860156870152636
7001_liver_sham_Male_52-U1,sham,52,tierA_p95,DC,downstream_arrest,10.0,15.0,282.0,0.04006606384027949,0.0022151985763698883,282.0,0.03778148936838446
7001_liver_sham_Male_52-U1,sham,52,tierA_p95,DC,downstream_arrest,15.0,20.0,270.0,0.04102751840945092,0.002327399469088068,255.0,0.04279788246232213
7001_liver_sham_Male_52-U1,sham,52,tierA_p95,DC,downstream_arrest,20.0,25.0,265.0,0.0396840377107267,0.002405717818155164,235.0,0.040424553153632664
7001_liver_sham_Male_52-U1,sham,52,tierA_p95,DC,downstream_arrest,25.0,30.0,234.0,0.041808461523654625,0.0025388997671520423,245.0,0.03802604064958916
7001_liver_sham_Male_52-U1,sham,52,tierA_p95,DC,downstream_arrest,30.0,35.0,275.0,0.040561345413814044,0.002235194258802376,229.0,0.03927772922881607
7001_liver_sham_Male_52-U1,sham,52,tierA_p95,DC,downstream_arrest,35.0,40.0,234.0,0.03715132475877504,0.0023529688054488326,254.0,0.03823905509872973
7001_liver_sham_Male_52-U1,sham,52,tierA_p95,DC,downstream_arrest,40.0,45.0,222.0,0.04117927918376334,0.002629797608382533,184.0,0.03990668488720827
7001_liver_sham_Male_52-U1,sham,52,tierA_p95,DC,downstream_arrest,45.0,50.0,206.0,0.03604922347267789,0.002698784511270247,173.0,0.03839786121883494
7001_liver_sham_Male_52-U1,sham,52,tierA_p95,DC,downstream_arrest,50.0,55.0,186.0,0.03870043014920998,0.0025419668733083502,157.0,0.03467050941095978
7001_liver_sham_Male_52-U1,sham,52,tierA_p95,DC,downstream_arrest,55.0,60.0,145.0,0.035118414011607264,0.0030680565050026235,158.0,0.04048145592637814
7001_liver_sham_Male_52-U1,sham,52,tierA_p95,DC,downstream_arrest,60.0,65.0,121.0,0.03923008284264067,0.0032049480932497963,122.0,0.04196106584634838
7001_liver_sham_Male_52-U1,sham,52,tierA_p95,DC,downstream_arrest,65.0,70.0,86.0,0.04202569778744662,0.0043251046216026675,77.0,0.03504415593932492
7001_liver_sham_Male_52-U1,sham,52,tierA_p95,DC,downstream_arrest,70.0,75.0,60.0,0.031464666846053056,0.004597660683761319,76.0,0.03824078938678691
7001_liver_sham_Male_52-U1,sham,52,tierA_p95,DC,downstream_arrest,75.0,80.0,77.0,0.04189285717136529,0.004595580807201156,40.0,0.03931549985536549
7001_liver_sham_Male_52-U1,sham,52,tierA_p95,DC,downstream_arrest,80.0,85.0,42.0,0.028139285532580244,0.004109561459447776,45.0,0.03185044426160554
7001_liver_sham_Male_52-U1,sham,52,tierA_p95,DC,downstream_arrest,85.0,90.0,24.0,0.03796250005446685,0.006584191578902022,27.0,0.032887037472661446
7001_liver_sham_Male_52-U1,sham,52,tierA_p95,DC,downstream_arrest,90.0,95.0,25.0,0.03976799997501075,0.005740297970187186,21.0,0.04231952330363648
7001_liver_sham_Male_52-U1,sham,52,tierA_p95,DC,downstream_arrest,95.0,100.0,29.0,0.032710344760963725,0.005137956808425337,43.0,0.033305814078207624
7001_liver_sham_Male_52-U1,sham,52,tierA_p95,DC,emt_ecm,0.0,5.0,21.0,0.05278571437866915,0.012256256891885904,186.0,0.05482413989809556
7001_liver_sham_Male_52-U1,sham,52,tierA_p95,DC,emt_ecm,5.0,10.0,260.0,0.06602188455542021,0.003813055012137255,255.0,0.06446792158325586
7001_liver_sham_Male_52-U1,sham,52,tierA_p95,DC,emt_ecm,10.0,15.0,282.0,0.0632245035053497,0.003577238847206042,282.0,0.06219819133344469
7001_liver_sham_Male_52-U1,sham,52,tierA_p95,DC,emt_ecm,15.0,20.0,270.0,0.062471666800168656,0.0038013421239579057,255.0,0.05814937263288918
7001_liver_sham_Male_52-U1,sham,52,tierA_p95,DC,emt_ecm,20.0,25.0,265.0,0.058507509571983356,0.0038289828246627308,235.0,0.06881127666701821
7001_liver_sham_Male_52-U1,sham,52,tierA_p95,DC,emt_ecm,25.0,30.0,234.0,0.06235636757765339,0.0036821419823724055,245.0,0.06011093882726546
7001_liver_sham_Male_52-U1,sham,52,tierA_p95,DC,emt_ecm,30.0,35.0,275.0,0.05877858176105127,0.003501104701734549,229.0,0.05983986916855755
7001_liver_sham_Male_52-U1,sham,52,tierA_p95,DC,emt_ecm,35.0,40.0,234.0,0.06100760706429619,0.0038278022093779242,254.0,0.060219330581956484
7001_liver_sham_Male_52-U1,sham,52,tierA_p95,DC,emt_ecm,40.0,45.0,222.0,0.05565139633908329,0.003975851116845373,184.0,0.055877011081579636
7001_liver_sham_Male_52-U1,sham,52,tierA_p95,DC,emt_ecm,45.0,50.0,206.0,0.054907669915107885,0.0043297636713752466,173.0,0.05651473984185531
7001_liver_sham_Male_52-U1,sham,52,tierA_p95,DC,emt_ecm,50.0,55.0,186.0,0.05287333330347939,0.004019747678392321,157.0,0.0573913377530244
7001_liver_sham_Male_52-U1,sham,52,tierA_p95,DC,emt_ecm,55.0,60.0,145.0,0.05518482755709054,0.004796108695155655,158.0,0.052128987682558144
7001_liver_sham_Male_52-U1,sham,52,tierA_p95,DC,emt_ecm,60.0,65.0,121.0,0.051742645001716235,0.0054822618005450205,122.0,0.055274671911856935
7001_liver_sham_Male_52-U1,sham,52,tierA_p95,DC,emt_ecm,65.0,70.0,86.0,0.059384186366345564,0.0065384755251155675,77.0,0.0508627273099249
7001_liver_sham_Male_52-U1,sham,52,tierA_p95,DC,emt_ecm,70.0,75.0,60.0,0.042037666479882316,0.006380779666830501,76.0,0.05977144724180873
7001_liver_sham_Male_52-U1,sham,52,tierA_p95,DC,emt_ecm,75.0,80.0,77.0,0.05124688288678835,0.006697634929314643,40.0,0.04567449923197273
7001_liver_sham_Male_52-U1,sham,52,tierA_p95,DC,emt_ecm,80.0,85.0,42.0,0.0548119049122934,0.009612111675843379,45.0,0.037894000302832055
7001_liver_sham_Male_52-U1,sham,52,tierA_p95,DC,emt_ecm,85.0,90.0,24.0,0.031588749852138186,0.009365866408629447,27.0,0.05009888851997891
7001_liver_sham_Male_52-U1,sham,52,tierA_p95,DC,emt_ecm,90.0,95.0,25.0,0.0560612003877759,0.010005523000987114,21.0,0.030981904982278746
7001_liver_sham_Male_52-U1,sham,52,tierA_p95,DC,emt_ecm,95.0,100.0,29.0,0.07361999985858284,0.012288475767222062,43.0,0.058060233356691034
7001_liver_sham_Male_52-U1,sham,52,tierA_p95,DC,il6_jak_stat3,0.0,5.0,21.0,0.03291428570325176,0.009363030810615288,186.0,0.03879112900798528
7001_liver_sham_Male_52-U1,sham,52,tierA_p95,DC,il6_jak_stat3,5.0,10.0,260.0,0.04093384627891422,0.0030439096079160955,255.0,0.04332149024886152
7001_liver_sham_Male_52-U1,sham,52,tierA_p95,DC,il6_jak_stat3,10.0,15.0,282.0,0.04034659547860493,0.0028515368582046185,282.0,0.03868808497093512
7001_liver_sham_Male_52-U1,sham,52,tierA_p95,DC,il6_jak_stat3,15.0,20.0,270.0,0.028598777616355587,0.0030255275146363774,255.0,0.033089882247555116
7001_liver_sham_Male_52-U1,sham,52,tierA_p95,DC,il6_jak_stat3,20.0,25.0,265.0,0.03281015097273443,0.0031315627008568284,235.0,0.03396893602156853
7001_liver_sham_Male_52-U1,sham,52,tierA_p95,DC,il6_jak_stat3,25.0,30.0,234.0,0.029944187944168404,0.0031874101203020564,245.0,0.03336612250078565
7001_liver_sham_Male_52-U1,sham,52,tierA_p95,DC,il6_jak_stat3,30.0,35.0,275.0,0.03575887270949104,0.002934806950521989,229.0,0.03427960688205574
7001_liver_sham_Male_52-U1,sham,52,tierA_p95,DC,il6_jak_stat3,35.0,40.0,234.0,0.028250769198578374,0.002848963852007358,254.0,0.03015496048619824
7001_liver_sham_Male_52-U1,sham,52,tierA_p95,DC,il6_jak_stat3,40.0,45.0,222.0,0.03295590096574931,0.003240181122324183,184.0,0.029240760834553563
7001_liver_sham_Male_52-U1,sham,52,tierA_p95,DC,il6_jak_stat3,45.0,50.0,206.0,0.0368135435851709,0.003457271262521304,173.0,0.03502693624887414
7001_liver_sham_Male_52-U1,sham,52,tierA_p95,DC,il6_jak_stat3,50.0,55.0,186.0,0.03701478478310052,0.0038465314306324557,157.0,0.03431452228187192
7001_liver_sham_Male_52-U1,sham,52,tierA_p95,DC,il6_jak_stat3,55.0,60.0,145.0,0.030756896499399868,0.004507469378839324,158.0,0.03054651911326248
7001_liver_sham_Male_52-U1,sham,52,tierA_p95,DC,il6_jak_stat3,60.0,65.0,121.0,0.03425413241774933,0.005176851798363733,122.0,0.03125811478439871
7001_liver_sham_Male_52-U1,sham,52,tierA_p95,DC,il6_jak_stat3,65.0,70.0,86.0,0.03620976761936448,0.005237006048294757,77.0,0.030791039279262935
7001_liver_sham_Male_52-U1,sham,52,tierA_p95,DC,il6_jak_stat3,70.0,75.0,60.0,0.03215683349893273,0.005948069290855876,76.0,0.033141578927538114
7001_liver_sham_Male_52-U1,sham,52,tierA_p95,DC,il6_jak_stat3,75.0,80.0,77.0,0.0313554543702464,0.004933264129389103,40.0,0.025230750138871372
7001_liver_sham_Male_52-U1,sham,52,tierA_p95,DC,il6_jak_stat3,80.0,85.0,42.0,0.027207856989532177,0.006586247544089333,45.0,0.030921555160441334
7001_liver_sham_Male_52-U1,sham,52,tierA_p95,DC,il6_jak_stat3,85.0,90.0,24.0,0.030593749892432243,0.008687209424146204,27.0,0.04885629671453326
7001_liver_sham_Male_52-U1,sham,52,tierA_p95,DC,il6_jak_stat3,90.0,95.0,25.0,0.0523971998738125,0.00697697533591563,21.0,0.023865714425309784
7001_liver_sham_Male_52-U1,sham,52,tierA_p95,DC,il6_jak_stat3,95.0,100.0,29.0,0.03379551739560376,0.009734814588786068,43.0,0.017175116208057072
7001_liver_sham_Male_52-U1,sham,52,tierA_p95,DC,interferon_response,0.0,5.0,21.0,0.07059380998613224,0.008905902382159627,186.0,0.06090241938029301
7001_liver_sham_Male_52-U1,sham,52,tierA_p95,DC,interferon_response,5.0,10.0,260.0,0.07234996176736716,0.0031664341373314597,255.0,0.06597694117295118
7001_liver_sham_Male_52-U1,sham,52,tierA_p95,DC,interferon_response,10.0,15.0,282.0,0.06631223406809454,0.0027981399011503044,282.0,0.07056241157255796
7001_liver_sham_Male_52-U1,sham,52,tierA_p95,DC,interferon_response,15.0,20.0,270.0,0.057053962955790294,0.002712134506581431,255.0,0.06290058824364964
7001_liver_sham_Male_52-U1,sham,52,tierA_p95,DC,interferon_response,20.0,25.0,265.0,0.06677603773100857,0.002720079519922439,235.0,0.061772255285053534
7001_liver_sham_Male_52-U1,sham,52,tierA_p95,DC,interferon_response,25.0,30.0,234.0,0.06016290589350397,0.0031501196718199064,245.0,0.06037599988120171
7001_liver_sham_Male_52-U1,sham,52,tierA_p95,DC,interferon_response,30.0,35.0,275.0,0.06191236359945668,0.002717974898083453,229.0,0.06516606968422888
7001_liver_sham_Male_52-U1,sham,52,tierA_p95,DC,interferon_response,35.0,40.0,234.0,0.059107692467703477,0.003013477637704203,254.0,0.0574011417622788
7001_liver_sham_Male_52-U1,sham,52,tierA_p95,DC,interferon_response,40.0,45.0,222.0,0.0620732882200648,0.0029388443814632945,184.0,0.061777554447357746
7001_liver_sham_Male_52-U1,sham,52,tierA_p95,DC,interferon_response,45.0,50.0,206.0,0.06307024285660659,0.00316668326678163,173.0,0.06355277471031692
7001_liver_sham_Male_52-U1,sham,52,tierA_p95,DC,interferon_response,50.0,55.0,186.0,0.062384139340225686,0.003043357212566965,157.0,0.061450191192509857
7001_liver_sham_Male_52-U1,sham,52,tierA_p95,DC,interferon_response,55.0,60.0,145.0,0.06040655163213097,0.003919404787585718,158.0,0.06103202539549174
7001_liver_sham_Male_52-U1,sham,52,tierA_p95,DC,interferon_response,60.0,65.0,121.0,0.06796694235599116,0.005450672265963503,122.0,0.0629340983437256
7001_liver_sham_Male_52-U1,sham,52,tierA_p95,DC,interferon_response,65.0,70.0,86.0,0.05383139515301039,0.005034479987084698,77.0,0.05636181815999088
7001_liver_sham_Male_52-U1,sham,52,tierA_p95,DC,interferon_response,70.0,75.0,60.0,0.048099166973649216,0.004976664530644806,76.0,0.06449473648957026
7001_liver_sham_Male_52-U1,sham,52,tierA_p95,DC,interferon_response,75.0,80.0,77.0,0.06026493479775918,0.004648748309979056,40.0,0.056299000105354935
7001_liver_sham_Male_52-U1,sham,52,tierA_p95,DC,interferon_response,80.0,85.0,42.0,0.056826428854643986,0.006542156825403002,45.0,0.05704511104979449
7001_liver_sham_Male_52-U1,sham,52,tierA_p95,DC,interferon_response,85.0,90.0,24.0,0.06501500003408485,0.011041407105241065,27.0,0.0648700002649868
7001_liver_sham_Male_52-U1,sham,52,tierA_p95,DC,interferon_response,90.0,95.0,25.0,0.06310840051621198,0.009803384734571792,21.0,0.0418928569914507
7001_liver_sham_Male_52-U1,sham,52,tierA_p95,DC,interferon_response,95.0,100.0,29.0,0.05042689693449386,0.006233046229785204,43.0,0.060634185912000926
7001_liver_sham_Male_52-U1,sham,52,tierA_p95,DC,oxidative_stress,0.0,5.0,21.0,0.09122285779033389,0.011353889918814895,186.0,0.08650080636719502
7001_liver_sham_Male_52-U1,sham,52,tierA_p95,DC,oxidative_stress,5.0,10.0,260.0,0.07647180771947695,0.004286202374643266,255.0,0.08642972534323823
7001_liver_sham_Male_52-U1,sham,52,tierA_p95,DC,oxidative_stress,10.0,15.0,282.0,0.09481322654600978,0.004353967012788207,282.0,0.08520744683797693
7001_liver_sham_Male_52-U1,sham,52,tierA_p95,DC,oxidative_stress,15.0,20.0,270.0,0.1005376301011657,0.004611016049764444,255.0,0.09404674499839494
7001_liver_sham_Male_52-U1,sham,52,tierA_p95,DC,oxidative_stress,20.0,25.0,265.0,0.11156128337431066,0.004657895169731519,235.0,0.096142084791543
7001_liver_sham_Male_52-U1,sham,52,tierA_p95,DC,oxidative_stress,25.0,30.0,234.0,0.10218666695927978,0.0051741744141814115,245.0,0.10195685734364147
7001_liver_sham_Male_52-U1,sham,52,tierA_p95,DC,oxidative_stress,30.0,35.0,275.0,0.09732170896435326,0.004594734390103563,229.0,0.09937117924109533
7001_liver_sham_Male_52-U1,sham,52,tierA_p95,DC,oxidative_stress,35.0,40.0,234.0,0.10024320491894699,0.004547322438808693,254.0,0.09960940950751804
7001_liver_sham_Male_52-U1,sham,52,tierA_p95,DC,oxidative_stress,40.0,45.0,222.0,0.09770810801477113,0.0048873641734110415,184.0,0.1088787502667401
7001_liver_sham_Male_52-U1,sham,52,tierA_p95,DC,oxidative_stress,45.0,50.0,206.0,0.1014574757071881,0.00514633577682236,173.0,0.10547768763425314
7001_liver_sham_Male_52-U1,sham,52,tierA_p95,DC,oxidative_stress,50.0,55.0,186.0,0.0924908062174005,0.005429250582769185,157.0,0.1056184077243896
7001_liver_sham_Male_52-U1,sham,52,tierA_p95,DC,oxidative_stress,55.0,60.0,145.0,0.10327517226627418,0.005280689007477672,158.0,0.10672436742100251
7001_liver_sham_Male_52-U1,sham,52,tierA_p95,DC,oxidative_stress,60.0,65.0,121.0,0.11221049608824359,0.00631158349505865,122.0,0.10648131208517207
7001_liver_sham_Male_52-U1,sham,52,tierA_p95,DC,oxidative_stress,65.0,70.0,86.0,0.10175790745754142,0.009585756851464358,77.0,0.10978948097530898
7001_liver_sham_Male_52-U1,sham,52,tierA_p95,DC,oxidative_stress,70.0,75.0,60.0,0.10129083386661174,0.010235387204061242,76.0,0.11659407838688869
7001_liver_sham_Male_52-U1,sham,52,tierA_p95,DC,oxidative_stress,75.0,80.0,77.0,0.10196376608098047,0.008118779341948858,40.0,0.10929449966643005
7001_liver_sham_Male_52-U1,sham,52,tierA_p95,DC,oxidative_stress,80.0,85.0,42.0,0.11109595178138643,0.011801299492051866,45.0,0.10858400001501044
7001_liver_sham_Male_52-U1,sham,52,tierA_p95,DC,oxidative_stress,85.0,90.0,24.0,0.07628416628964867,0.012334623081385155,27.0,0.12505296252116008
7001_liver_sham_Male_52-U1,sham,52,tierA_p95,DC,oxidative_stress,90.0,95.0,25.0,0.10903720008325762,0.014808262337134124,21.0,0.09795809506128232
7001_liver_sham_Male_52-U1,sham,52,tierA_p95,DC,oxidative_stress,95.0,100.0,29.0,0.10476172400702691,0.008386321721751768,43.0,0.0970360464064491
7001_liver_sham_Male_52-U1,sham,52,tierA_p95,DC,secondary_senescence,0.0,5.0,21.0,0.03905571450568026,0.013869226153447831,186.0,0.02901752690428033
7001_liver_sham_Male_52-U1,sham,52,tierA_p95,DC,secondary_senescence,5.0,10.0,260.0,0.023863846152380574,0.003392235455651159,255.0,0.019365960798384943
7001_liver_sham_Male_52-U1,sham,52,tierA_p95,DC,secondary_senescence,10.0,15.0,282.0,0.016884680795852765,0.003344570331393372,282.0,0.016475000059697983
7001_liver_sham_Male_52-U1,sham,52,tierA_p95,DC,secondary_senescence,15.0,20.0,270.0,0.016302592642993354,0.003089954375399913,255.0,0.016494901853615837
7001_liver_sham_Male_52-U1,sham,52,tierA_p95,DC,secondary_senescence,20.0,25.0,265.0,0.020056415233708356,0.0035051471250351477,235.0,0.021522680857773632
7001_liver_sham_Male_52-U1,sham,52,tierA_p95,DC,secondary_senescence,25.0,30.0,234.0,0.019282264760834698,0.003729321687242076,245.0,0.014942816331654748
7001_liver_sham_Male_52-U1,sham,52,tierA_p95,DC,secondary_senescence,30.0,35.0,275.0,0.009769090812610971,0.0032168405943735733,229.0,0.016680218234879887
7001_liver_sham_Male_52-U1,sham,52,tierA_p95,DC,secondary_senescence,35.0,40.0,234.0,0.014193461533301534,0.0035857964370253383,254.0,0.01172716537750359
7001_liver_sham_Male_52-U1,sham,52,tierA_p95,DC,secondary_senescence,40.0,45.0,222.0,0.011939729719243414,0.00357623968743277,184.0,0.014606467215977002
7001_liver_sham_Male_52-U1,sham,52,tierA_p95,DC,secondary_senescence,45.0,50.0,206.0,0.015481699150751031,0.003981540104342756,173.0,0.009003063471805482
7001_liver_sham_Male_52-U1,sham,52,tierA_p95,DC,secondary_senescence,50.0,55.0,186.0,0.007288172067786437,0.003964389637549839,157.0,0.01315471358025583
7001_liver_sham_Male_52-U1,sham,52,tierA_p95,DC,secondary_senescence,55.0,60.0,145.0,0.0056088964701710466,0.00400681824315459,158.0,0.008451518937179088
7001_liver_sham_Male_52-U1,sham,52,tierA_p95,DC,secondary_senescence,60.0,65.0,121.0,0.01418082635803533,0.005079791127140092,122.0,0.0087536066077787
7001_liver_sham_Male_52-U1,sham,52,tierA_p95,DC,secondary_senescence,65.0,70.0,86.0,0.012924999939440207,0.005430072970469933,77.0,0.01331558423615726
7001_liver_sham_Male_52-U1,sham,52,tierA_p95,DC,secondary_senescence,70.0,75.0,60.0,0.0012749999412335455,0.006382308514823552,76.0,0.015339078948416403
7001_liver_sham_Male_52-U1,sham,52,tierA_p95,DC,secondary_senescence,75.0,80.0,77.0,0.01340922074204964,0.0059637743932365855,40.0,0.0014012499606906204
7001_liver_sham_Male_52-U1,sham,52,tierA_p95,DC,secondary_senescence,80.0,85.0,42.0,0.021754523548657916,0.009205809940236643,45.0,0.0008584446118523677
7001_liver_sham_Male_52-U1,sham,52,tierA_p95,DC,secondary_senescence,85.0,90.0,24.0,0.009736666358852139,0.010031931949652306,27.0,0.0016607410636627013
7001_liver_sham_Male_52-U1,sham,52,tierA_p95,DC,secondary_senescence,90.0,95.0,25.0,0.02543120016111061,0.010041502972018262,21.0,0.008714285479592425
7001_liver_sham_Male_52-U1,sham,52,tierA_p95,DC,secondary_senescence,95.0,100.0,29.0,0.017892758817620705,0.009703458345621545,43.0,0.007852092875319338
7001_liver_sham_Male_52-U1,sham,52,tierA_p95,DC,tnfa_nfkb_proximal,0.0,5.0,21.0,0.04111476214824333,0.011178903847547909,186.0,0.031468817233471
7001_liver_sham_Male_52-U1,sham,52,tierA_p95,DC,tnfa_nfkb_proximal,5.0,10.0,260.0,0.0205102692978751,0.0029318446703316707,255.0,0.027238627315462366
7001_liver_sham_Male_52-U1,sham,52,tierA_p95,DC,tnfa_nfkb_proximal,10.0,15.0,282.0,0.024177163069946394,0.0029639216433872953,282.0,0.02464024812725772
7001_liver_sham_Male_52-U1,sham,52,tierA_p95,DC,tnfa_nfkb_proximal,15.0,20.0,270.0,0.01743740736042296,0.0028968816605568744,255.0,0.02314215687151505
7001_liver_sham_Male_52-U1,sham,52,tierA_p95,DC,tnfa_nfkb_proximal,20.0,25.0,265.0,0.020451396302389253,0.003233158103636011,235.0,0.02070923419051588
7001_liver_sham_Male_52-U1,sham,52,tierA_p95,DC,tnfa_nfkb_proximal,25.0,30.0,234.0,0.021659230751507323,0.003254172549410157,245.0,0.016714938873233873
7001_liver_sham_Male_52-U1,sham,52,tierA_p95,DC,tnfa_nfkb_proximal,30.0,35.0,275.0,0.019134691042867913,0.0028540200619202364,229.0,0.018687772921461402
7001_liver_sham_Male_52-U1,sham,52,tierA_p95,DC,tnfa_nfkb_proximal,35.0,40.0,234.0,0.017308290506607746,0.0032027372958352293,254.0,0.019171495963546045
7001_liver_sham_Male_52-U1,sham,52,tierA_p95,DC,tnfa_nfkb_proximal,40.0,45.0,222.0,0.020000315248883755,0.0031304966501032212,184.0,0.01746706521906004
7001_liver_sham_Male_52-U1,sham,52,tierA_p95,DC,tnfa_nfkb_proximal,45.0,50.0,206.0,0.02148000000101781,0.003195526792304279,173.0,0.021488092504939698
7001_liver_sham_Male_52-U1,sham,52,tierA_p95,DC,tnfa_nfkb_proximal,50.0,55.0,186.0,0.019868709597303483,0.0036250496482197457,157.0,0.01856184713808474
7001_liver_sham_Male_52-U1,sham,52,tierA_p95,DC,tnfa_nfkb_proximal,55.0,60.0,145.0,0.01843220713259331,0.004129925375304059,158.0,0.018819746703022385
7001_liver_sham_Male_52-U1,sham,52,tierA_p95,DC,tnfa_nfkb_proximal,60.0,65.0,121.0,0.01949718997025793,0.004898783622383642,122.0,0.01831622957729078
7001_liver_sham_Male_52-U1,sham,52,tierA_p95,DC,tnfa_nfkb_proximal,65.0,70.0,86.0,0.015062325558849194,0.005222925694483016,77.0,0.006587922271846056
7001_liver_sham_Male_52-U1,sham,52,tierA_p95,DC,tnfa_nfkb_proximal,70.0,75.0,60.0,0.02981200024175147,0.005758368840704612,76.0,0.01722960552289901
7001_liver_sham_Male_52-U1,sham,52,tierA_p95,DC,tnfa_nfkb_proximal,75.0,80.0,77.0,0.0235690909011483,0.005700040125379421,40.0,0.010350499916967237
7001_liver_sham_Male_52-U1,sham,52,tierA_p95,DC,tnfa_nfkb_proximal,80.0,85.0,42.0,0.02521666630803208,0.007758404385247927,45.0,0.012118889215505786
7001_liver_sham_Male_52-U1,sham,52,tierA_p95,DC,tnfa_nfkb_proximal,85.0,90.0,24.0,0.02813458332942294,0.011720974295839976,27.0,0.03630370369043063
7001_liver_sham_Male_52-U1,sham,52,tierA_p95,DC,tnfa_nfkb_proximal,90.0,95.0,25.0,0.03734439954161644,0.009791753209339133,21.0,0.011147142787064825
7001_liver_sham_Male_52-U1,sham,52,tierA_p95,DC,tnfa_nfkb_proximal,95.0,100.0,29.0,0.015556551564227918,0.006206531497258701,43.0,0.0076448833786470945
7001_liver_sham_Male_52-U1,sham,52,tierA_p95,Endothelial,downstream_arrest,0.0,5.0,10.0,0.006205999967642128,0.004667267958794316,996.0,0.007936104425038408
7001_liver_sham_Male_52-U1,sham,52,tierA_p95,Endothelial,downstream_arrest,5.0,10.0,375.0,0.010535279963961027,0.0012711795461668755,344.0,0.010685494156521515
7001_liver_sham_Male_52-U1,sham,52,tierA_p95,Endothelial,downstream_arrest,10.0,15.0,993.0,0.0091889023072483,0.0007101212467888082,987.0,0.009736940230946413
7001_liver_sham_Male_52-U1,sham,52,tierA_p95,Endothelial,downstream_arrest,15.0,20.0,1166.0,0.009172855924609665,0.0006479422720023297,1127.0,0.009269804783600746
7001_liver_sham_Male_52-U1,sham,52,tierA_p95,Endothelial,downstream_arrest,20.0,25.0,1467.0,0.010662808457171482,0.0005996742733206025,1329.0,0.009336486051833908
7001_liver_sham_Male_52-U1,sham,52,tierA_p95,Endothelial,downstream_arrest,25.0,30.0,1605.0,0.008750822423034125,0.0005216083765950481,1416.0,0.009743290951115794
7001_liver_sham_Male_52-U1,sham,52,tierA_p95,Endothelial,downstream_arrest,30.0,35.0,1729.0,0.0090306824670451,0.0005134533348720898,1525.0,0.010351967193046966
7001_liver_sham_Male_52-U1,sham,52,tierA_p95,Endothelial,downstream_arrest,35.0,40.0,1656.0,0.008753278977929737,0.0005423545583289469,1519.0,0.009936418701454805
7001_liver_sham_Male_52-U1,sham,52,tierA_p95,Endothelial,downstream_arrest,40.0,45.0,1545.0,0.010214640774401876,0.0005458849148746188,1462.0,0.009341573177894425
7001_liver_sham_Male_52-U1,sham,52,tierA_p95,Endothelial,downstream_arrest,45.0,50.0,1447.0,0.009424498961790932,0.0005550326559376241,1310.0,0.010503114533631414
7001_liver_sham_Male_52-U1,sham,52,tierA_p95,Endothelial,downstream_arrest,50.0,55.0,1335.0,0.009415737844525953,0.0005699485117614637,1279.0,0.00966709146635625
7001_liver_sham_Male_52-U1,sham,52,tierA_p95,Endothelial,downstream_arrest,55.0,60.0,1145.0,0.009909973821586749,0.0006191522470813525,1093.0,0.007914583735529421
7001_liver_sham_Male_52-U1,sham,52,tierA_p95,Endothelial,downstream_arrest,60.0,65.0,1013.0,0.010046959510121046,0.0006785776538066698,889.0,0.008615939249788726
7001_liver_sham_Male_52-U1,sham,52,tierA_p95,Endothelial,downstream_arrest,65.0,70.0,870.0,0.009441954002040906,0.0007401617360533389,761.0,0.008163942176433585
7001_liver_sham_Male_52-U1,sham,52,tierA_p95,Endothelial,downstream_arrest,70.0,75.0,638.0,0.008182116020196925,0.00084533294603874,584.0,0.009633133575085618
7001_liver_sham_Male_52-U1,sham,52,tierA_p95,Endothelial,downstream_arrest,75.0,80.0,522.0,0.009981379307465219,0.0009002110094971527,495.0,0.009568808117734135
7001_liver_sham_Male_52-U1,sham,52,tierA_p95,Endothelial,downstream_arrest,80.0,85.0,453.0,0.008779668897521044,0.0010645813448343126,421.0,0.008627339677530951
7001_liver_sham_Male_52-U1,sham,52,tierA_p95,Endothelial,downstream_arrest,85.0,90.0,332.0,0.009476506024937803,0.001213835505711588,325.0,0.008702369299582922
7001_liver_sham_Male_52-U1,sham,52,tierA_p95,Endothelial,downstream_arrest,90.0,95.0,226.0,0.010204513239962347,0.0012492576503385837,245.0,0.008651306145445549
7001_liver_sham_Male_52-U1,sham,52,tierA_p95,Endothelial,downstream_arrest,95.0,100.0,181.0,0.00900342542686479,0.001622194008853127,601.0,0.011445956709641191
7001_liver_sham_Male_52-U1,sham,52,tierA_p95,Endothelial,emt_ecm,0.0,5.0,10.0,0.049110000813379885,0.01797604635929312,996.0,0.03208778111565039
7001_liver_sham_Male_52-U1,sham,52,tierA_p95,Endothelial,emt_ecm,5.0,10.0,375.0,0.043554293249171074,0.002458550988387943,344.0,0.037643430159690516
7001_liver_sham_Male_52-U1,sham,52,tierA_p95,Endothelial,emt_ecm,10.0,15.0,993.0,0.03761006043480482,0.001408383439981801,987.0,0.03387848030299096
7001_liver_sham_Male_52-U1,sham,52,tierA_p95,Endothelial,emt_ecm,15.0,20.0,1166.0,0.033370849036963406,0.0012000532863100195,1127.0,0.03273927246118224
7001_liver_sham_Male_52-U1,sham,52,tierA_p95,Endothelial,emt_ecm,20.0,25.0,1467.0,0.03187870481896944,0.001054413361109365,1329.0,0.03168930785383031
7001_liver_sham_Male_52-U1,sham,52,tierA_p95,Endothelial,emt_ecm,25.0,30.0,1605.0,0.029234006248849805,0.000936629957644759,1416.0,0.031603170919643264
7001_liver_sham_Male_52-U1,sham,52,tierA_p95,Endothelial,emt_ecm,30.0,35.0,1729.0,0.031249300231085873,0.0009842575356215839,1525.0,0.0320046753524378
7001_liver_sham_Male_52-U1,sham,52,tierA_p95,Endothelial,emt_ecm,35.0,40.0,1656.0,0.02940687799431816,0.0009601416918491895,1519.0,0.031073614239358713
7001_liver_sham_Male_52-U1,sham,52,tierA_p95,Endothelial,emt_ecm,40.0,45.0,1545.0,0.028228737906331323,0.0009418737338638497,1462.0,0.027646094389386842
7001_liver_sham_Male_52-U1,sham,52,tierA_p95,Endothelial,emt_ecm,45.0,50.0,1447.0,0.027399170697799773,0.0009787972551708556,1310.0,0.028846885471956678
7001_liver_sham_Male_52-U1,sham,52,tierA_p95,Endothelial,emt_ecm,50.0,55.0,1335.0,0.0277325468049486,0.001015901093926584,1279.0,0.02796308048325768
7001_liver_sham_Male_52-U1,sham,52,tierA_p95,Endothelial,emt_ecm,55.0,60.0,1145.0,0.028948724891208307,0.0011323795948673706,1093.0,0.029862076852159948
7001_liver_sham_Male_52-U1,sham,52,tierA_p95,Endothelial,emt_ecm,60.0,65.0,1013.0,0.0258724086896662,0.00121559990761419,889.0,0.028930596108419682
7001_liver_sham_Male_52-U1,sham,52,tierA_p95,Endothelial,emt_ecm,65.0,70.0,870.0,0.027729252854180816,0.0012972440157304173,761.0,0.02739954006085121
7001_liver_sham_Male_52-U1,sham,52,tierA_p95,Endothelial,emt_ecm,70.0,75.0,638.0,0.026549247623480373,0.0015241616028865727,584.0,0.025988476098506273
7001_liver_sham_Male_52-U1,sham,52,tierA_p95,Endothelial,emt_ecm,75.0,80.0,522.0,0.027606954032942048,0.0016112136269764655,495.0,0.026942828195986826
7001_liver_sham_Male_52-U1,sham,52,tierA_p95,Endothelial,emt_ecm,80.0,85.0,453.0,0.024633995598822237,0.0017566142902684155,421.0,0.026552802796779486
7001_liver_sham_Male_52-U1,sham,52,tierA_p95,Endothelial,emt_ecm,85.0,90.0,332.0,0.0277015662498573,0.002029465000569577,325.0,0.024695261545622578
7001_liver_sham_Male_52-U1,sham,52,tierA_p95,Endothelial,emt_ecm,90.0,95.0,226.0,0.029443893777918683,0.0027750216139651057,245.0,0.024367591780752932
7001_liver_sham_Male_52-U1,sham,52,tierA_p95,Endothelial,emt_ecm,95.0,100.0,181.0,0.026367900450987282,0.0027333887712320437,601.0,0.018971913541723725
7001_liver_sham_Male_52-U1,sham,52,tierA_p95,Endothelial,il6_jak_stat3,0.0,5.0,10.0,0.013264000276103615,0.01191526035728281,996.0,0.04477804218556073
7001_liver_sham_Male_52-U1,sham,52,tierA_p95,Endothelial,il6_jak_stat3,5.0,10.0,375.0,0.047926399995417646,0.0025628015508485846,344.0,0.04591412776815475
7001_liver_sham_Male_52-U1,sham,52,tierA_p95,Endothelial,il6_jak_stat3,10.0,15.0,993.0,0.042606686785016744,0.0014351865798993696,987.0,0.04058271529436332
7001_liver_sham_Male_52-U1,sham,52,tierA_p95,Endothelial,il6_jak_stat3,15.0,20.0,1166.0,0.04160111487496109,0.00136357177729203,1127.0,0.03995048797306548
7001_liver_sham_Male_52-U1,sham,52,tierA_p95,Endothelial,il6_jak_stat3,20.0,25.0,1467.0,0.0394088275563,0.0011921384937961942,1329.0,0.04047724601453714
7001_liver_sham_Male_52-U1,sham,52,tierA_p95,Endothelial,il6_jak_stat3,25.0,30.0,1605.0,0.04114899685701288,0.0011762766562971648,1416.0,0.039559936411920606
7001_liver_sham_Male_52-U1,sham,52,tierA_p95,Endothelial,il6_jak_stat3,30.0,35.0,1729.0,0.039217183362984,0.001113369926370751,1525.0,0.040073331162938465
7001_liver_sham_Male_52-U1,sham,52,tierA_p95,Endothelial,il6_jak_stat3,35.0,40.0,1656.0,0.03746732493113051,0.0011204427138160778,1519.0,0.042017182315240265
7001_liver_sham_Male_52-U1,sham,52,tierA_p95,Endothelial,il6_jak_stat3,40.0,45.0,1545.0,0.03923524275978177,0.0011638718172256935,1462.0,0.038750383047519064
7001_liver_sham_Male_52-U1,sham,52,tierA_p95,Endothelial,il6_jak_stat3,45.0,50.0,1447.0,0.03692118857236791,0.0011441095969833522,1310.0,0.03753459541945103
7001_liver_sham_Male_52-U1,sham,52,tierA_p95,Endothelial,il6_jak_stat3,50.0,55.0,1335.0,0.03773630700100951,0.0012137444714097156,1279.0,0.038637068014959385
7001_liver_sham_Male_52-U1,sham,52,tierA_p95,Endothelial,il6_jak_stat3,55.0,60.0,1145.0,0.04013525764238967,0.0013211083667243133,1093.0,0.03851781335741085
7001_liver_sham_Male_52-U1,sham,52,tierA_p95,Endothelial,il6_jak_stat3,60.0,65.0,1013.0,0.03885791709522022,0.0013560530144827072,889.0,0.03773134986858893
7001_liver_sham_Male_52-U1,sham,52,tierA_p95,Endothelial,il6_jak_stat3,65.0,70.0,870.0,0.038642402337557114,0.0015802830305633266,761.0,0.03817528254705236
7001_liver_sham_Male_52-U1,sham,52,tierA_p95,Endothelial,il6_jak_stat3,70.0,75.0,638.0,0.03713233547757703,0.0017820428654801935,584.0,0.03685910955675653
7001_liver_sham_Male_52-U1,sham,52,tierA_p95,Endothelial,il6_jak_stat3,75.0,80.0,522.0,0.038537184000575035,0.0020462858000274125,495.0,0.03612600002528081
7001_liver_sham_Male_52-U1,sham,52,tierA_p95,Endothelial,il6_jak_stat3,80.0,85.0,453.0,0.03803927155847805,0.002074440968246469,421.0,0.03577845625369478
7001_liver_sham_Male_52-U1,sham,52,tierA_p95,Endothelial,il6_jak_stat3,85.0,90.0,332.0,0.04091370481252951,0.0026589260875751106,325.0,0.036367138509387865
7001_liver_sham_Male_52-U1,sham,52,tierA_p95,Endothelial,il6_jak_stat3,90.0,95.0,226.0,0.041251637244265345,0.003031376652555237,245.0,0.04327077553435276
7001_liver_sham_Male_52-U1,sham,52,tierA_p95,Endothelial,il6_jak_stat3,95.0,100.0,181.0,0.038799447535205304,0.0032134312611074574,601.0,0.03312718806906339
7001_liver_sham_Male_52-U1,sham,52,tierA_p95,Endothelial,interferon_response,0.0,5.0,10.0,0.02347600037464872,0.009411174245097463,996.0,0.02790880523147404
7001_liver_sham_Male_52-U1,sham,52,tierA_p95,Endothelial,interferon_response,5.0,10.0,375.0,0.030881973351798174,0.002126148625059208,344.0,0.02956168608759685
7001_liver_sham_Male_52-U1,sham,52,tierA_p95,Endothelial,interferon_response,10.0,15.0,993.0,0.027957210485425408,0.001137200952296227,987.0,0.026639837882765447
7001_liver_sham_Male_52-U1,sham,52,tierA_p95,Endothelial,interferon_response,15.0,20.0,1166.0,0.026726646634537055,0.0011005878215006278,1127.0,0.0237970540785267
7001_liver_sham_Male_52-U1,sham,52,tierA_p95,Endothelial,interferon_response,20.0,25.0,1467.0,0.02545728694277196,0.0009304124782305757,1329.0,0.02513764483612497
7001_liver_sham_Male_52-U1,sham,52,tierA_p95,Endothelial,interferon_response,25.0,30.0,1605.0,0.025821034245192914,0.0009069680649177612,1416.0,0.028241377121454504
7001_liver_sham_Male_52-U1,sham,52,tierA_p95,Endothelial,interferon_response,30.0,35.0,1729.0,0.025770399042130916,0.0008786695588193647,1525.0,0.025523495105427754
7001_liver_sham_Male_52-U1,sham,52,tierA_p95,Endothelial,interferon_response,35.0,40.0,1656.0,0.024833677495845016,0.0008591544388755383,1519.0,0.027144786039259697
7001_liver_sham_Male_52-U1,sham,52,tierA_p95,Endothelial,interferon_response,40.0,45.0,1545.0,0.025843462799169034,0.0009109137290527743,1462.0,0.02530779754542319
7001_liver_sham_Male_52-U1,sham,52,tierA_p95,Endothelial,interferon_response,45.0,50.0,1447.0,0.024910062182931184,0.0009145358961738701,1310.0,0.024790534335236335
7001_liver_sham_Male_52-U1,sham,52,tierA_p95,Endothelial,interferon_response,50.0,55.0,1335.0,0.02525079402953128,0.0009559847920318831,1279.0,0.025532986665415418
7001_liver_sham_Male_52-U1,sham,52,tierA_p95,Endothelial,interferon_response,55.0,60.0,1145.0,0.024813109147705556,0.0009898598288219647,1093.0,0.026708417184777806
7001_liver_sham_Male_52-U1,sham,52,tierA_p95,Endothelial,interferon_response,60.0,65.0,1013.0,0.024456811437190744,0.0010734528391541636,889.0,0.02482643412574072
7001_liver_sham_Male_52-U1,sham,52,tierA_p95,Endothelial,interferon_response,65.0,70.0,870.0,0.026581471212231353,0.001286029040726195,761.0,0.024208699072169135
7001_liver_sham_Male_52-U1,sham,52,tierA_p95,Endothelial,interferon_response,70.0,75.0,638.0,0.02510164574641321,0.001348042642335355,584.0,0.02496041091982789
7001_liver_sham_Male_52-U1,sham,52,tierA_p95,Endothelial,interferon_response,75.0,80.0,522.0,0.027236819903988935,0.0017924105564532168,495.0,0.023004868538327623
7001_liver_sham_Male_52-U1,sham,52,tierA_p95,Endothelial,interferon_response,80.0,85.0,453.0,0.023761015426250334,0.0016044543367718543,421.0,0.02701486929515714
7001_liver_sham_Male_52-U1,sham,52,tierA_p95,Endothelial,interferon_response,85.0,90.0,332.0,0.027557258993850604,0.0019427177003779642,325.0,0.02210298455033738
7001_liver_sham_Male_52-U1,sham,52,tierA_p95,Endothelial,interferon_response,90.0,95.0,226.0,0.027081548744210957,0.002476320552912043,245.0,0.027751836748033457
7001_liver_sham_Male_52-U1,sham,52,tierA_p95,Endothelial,interferon_response,95.0,100.0,181.0,0.024733701690081804,0.002656510958416663,601.0,0.02358715476276028
7001_liver_sham_Male_52-U1,sham,52,tierA_p95,Endothelial,oxidative_stress,0.0,5.0,10.0,0.02810299932025373,0.02133351818716307,996.0,0.07208941763086746
7001_liver_sham_Male_52-U1,sham,52,tierA_p95,Endothelial,oxidative_stress,5.0,10.0,375.0,0.07284679981848846,0.003754707305215688,344.0,0.0694645931658712
7001_liver_sham_Male_52-U1,sham,52,tierA_p95,Endothelial,oxidative_stress,10.0,15.0,993.0,0.08019574002387934,0.002256169443303971,987.0,0.08091739626673759
7001_liver_sham_Male_52-U1,sham,52,tierA_p95,Endothelial,oxidative_stress,15.0,20.0,1166.0,0.08156891066780907,0.0020136314660235393,1127.0,0.08414305233671655
7001_liver_sham_Male_52-U1,sham,52,tierA_p95,Endothelial,oxidative_stress,20.0,25.0,1467.0,0.08792044315274869,0.0017797793799558094,1329.0,0.08072352134012964
7001_liver_sham_Male_52-U1,sham,52,tierA_p95,Endothelial,oxidative_stress,25.0,30.0,1605.0,0.08286140189099749,0.0016938316441205646,1416.0,0.08338062856066532
7001_liver_sham_Male_52-U1,sham,52,tierA_p95,Endothelial,oxidative_stress,30.0,35.0,1729.0,0.08389021398365973,0.0016350551535321805,1525.0,0.0845779147891654
7001_liver_sham_Male_52-U1,sham,52,tierA_p95,Endothelial,oxidative_stress,35.0,40.0,1656.0,0.0852573974026872,0.00165096653536363,1519.0,0.08229540493179603
7001_liver_sham_Male_52-U1,sham,52,tierA_p95,Endothelial,oxidative_stress,40.0,45.0,1545.0,0.08206716514094378,0.0016721857546325202,1462.0,0.08268767438837146
7001_liver_sham_Male_52-U1,sham,52,tierA_p95,Endothelial,oxidative_stress,45.0,50.0,1447.0,0.08336008987538242,0.0017893749064663066,1310.0,0.0878710229124686
7001_liver_sham_Male_52-U1,sham,52,tierA_p95,Endothelial,oxidative_stress,50.0,55.0,1335.0,0.08321753558932764,0.0018606920436864333,1279.0,0.0864584910383148
7001_liver_sham_Male_52-U1,sham,52,tierA_p95,Endothelial,oxidative_stress,55.0,60.0,1145.0,0.0864984802818119,0.0020205323005169492,1093.0,0.08663833473060645
7001_liver_sham_Male_52-U1,sham,52,tierA_p95,Endothelial,oxidative_stress,60.0,65.0,1013.0,0.08604105637000938,0.002142094684458548,889.0,0.08457887516585776
7001_liver_sham_Male_52-U1,sham,52,tierA_p95,Endothelial,oxidative_stress,65.0,70.0,870.0,0.08882474714357222,0.0022616757093976113,761.0,0.08570034177194259
7001_liver_sham_Male_52-U1,sham,52,tierA_p95,Endothelial,oxidative_stress,70.0,75.0,638.0,0.08548177104369595,0.0026114187097446458,584.0,0.09218589045914298
7001_liver_sham_Male_52-U1,sham,52,tierA_p95,Endothelial,oxidative_stress,75.0,80.0,522.0,0.08863837177636837,0.0029247993837686805,495.0,0.09191438386139149
7001_liver_sham_Male_52-U1,sham,52,tierA_p95,Endothelial,oxidative_stress,80.0,85.0,453.0,0.08850640185552786,0.003004784380827499,421.0,0.08643591447015495
7001_liver_sham_Male_52-U1,sham,52,tierA_p95,Endothelial,oxidative_stress,85.0,90.0,332.0,0.08380813260579549,0.003626911202655112,325.0,0.09672830748685206
7001_liver_sham_Male_52-U1,sham,52,tierA_p95,Endothelial,oxidative_stress,90.0,95.0,226.0,0.09204898269608024,0.004723643865210987,245.0,0.08376967343252285
7001_liver_sham_Male_52-U1,sham,52,tierA_p95,Endothelial,oxidative_stress,95.0,100.0,181.0,0.08272342549721216,0.0050424584007542185,601.0,0.09640394366016182
7001_liver_sham_Male_52-U1,sham,52,tierA_p95,Endothelial,secondary_senescence,0.0,5.0,10.0,-0.003390999766997993,0.01401045215610373,996.0,-0.009944226888211529
7001_liver_sham_Male_52-U1,sham,52,tierA_p95,Endothelial,secondary_senescence,5.0,10.0,375.0,9.207994774139176e-05,0.002616723258622392,344.0,-0.0014256105138756962
7001_liver_sham_Male_52-U1,sham,52,tierA_p95,Endothelial,secondary_senescence,10.0,15.0,993.0,-0.0071192950329240145,0.001559390900857143,987.0,-0.010160628144932338
7001_liver_sham_Male_52-U1,sham,52,tierA_p95,Endothelial,secondary_senescence,15.0,20.0,1166.0,-0.010151037745281132,0.00136544047897164,1127.0,-0.013637107353604907
7001_liver_sham_Male_52-U1,sham,52,tierA_p95,Endothelial,secondary_senescence,20.0,25.0,1467.0,-0.011619141084635446,0.001207675967483592,1329.0,-0.01156623781605341
7001_liver_sham_Male_52-U1,sham,52,tierA_p95,Endothelial,secondary_senescence,25.0,30.0,1605.0,-0.011820261700761017,0.001119839320203667,1416.0,-0.01108251405230476
7001_liver_sham_Male_52-U1,sham,52,tierA_p95,Endothelial,secondary_senescence,30.0,35.0,1729.0,-0.013030329646104327,0.0010918852220563595,1525.0,-0.010981626230593558
7001_liver_sham_Male_52-U1,sham,52,tierA_p95,Endothelial,secondary_senescence,35.0,40.0,1656.0,-0.013361352649696533,0.0010657018587191475,1519.0,-0.00974408159818938
7001_liver_sham_Male_52-U1,sham,52,tierA_p95,Endothelial,secondary_senescence,40.0,45.0,1545.0,-0.012131928765403543,0.0011026658454811396,1462.0,-0.012441313193858211
7001_liver_sham_Male_52-U1,sham,52,tierA_p95,Endothelial,secondary_senescence,45.0,50.0,1447.0,-0.013778382862681487,0.0011508697176874259,1310.0,-0.01250333581385265
7001_liver_sham_Male_52-U1,sham,52,tierA_p95,Endothelial,secondary_senescence,50.0,55.0,1335.0,-0.014464711648898638,0.0011694469487356844,1279.0,-0.013832533202641103
7001_liver_sham_Male_52-U1,sham,52,tierA_p95,Endothelial,secondary_senescence,55.0,60.0,1145.0,-0.01209301313517669,0.001274740180052862,1093.0,-0.01344917660884183
7001_liver_sham_Male_52-U1,sham,52,tierA_p95,Endothelial,secondary_senescence,60.0,65.0,1013.0,-0.013163208226988592,0.0013973237466031441,889.0,-0.01461365582064319
7001_liver_sham_Male_52-U1,sham,52,tierA_p95,Endothelial,secondary_senescence,65.0,70.0,870.0,-0.010365666649484975,0.0015934992870086913,761.0,-0.01340390272482335
7001_liver_sham_Male_52-U1,sham,52,tierA_p95,Endothelial,secondary_senescence,70.0,75.0,638.0,-0.01457120684183715,0.0016873645322538406,584.0,-0.011337414442974253
7001_liver_sham_Male_52-U1,sham,52,tierA_p95,Endothelial,secondary_senescence,75.0,80.0,522.0,-0.012996934776547765,0.0018880176228834495,495.0,-0.015265272807109704
7001_liver_sham_Male_52-U1,sham,52,tierA_p95,Endothelial,secondary_senescence,80.0,85.0,453.0,-0.015031854360998879,0.0020142185511728946,421.0,-0.011388741205490665
7001_liver_sham_Male_52-U1,sham,52,tierA_p95,Endothelial,secondary_senescence,85.0,90.0,332.0,-0.013948975781105733,0.002253231633961305,325.0,-0.019004215318384993
7001_liver_sham_Male_52-U1,sham,52,tierA_p95,Endothelial,secondary_senescence,90.0,95.0,226.0,-0.015307831835882935,0.002786802958871993,245.0,-0.01550469378540138
7001_liver_sham_Male_52-U1,sham,52,tierA_p95,Endothelial,secondary_senescence,95.0,100.0,181.0,-0.008076629711965289,0.003502225186702642,601.0,-0.014486755447519054
7001_liver_sham_Male_52-U1,sham,52,tierA_p95,Endothelial,tnfa_nfkb_proximal,0.0,5.0,10.0,0.012883999953919556,0.007048915437942418,996.0,0.014509668619109607
7001_liver_sham_Male_52-U1,sham,52,tierA_p95,Endothelial,tnfa_nfkb_proximal,5.0,10.0,375.0,0.019266453256326106,0.001916008800122872,344.0,0.017688720948298882
7001_liver_sham_Male_52-U1,sham,52,tierA_p95,Endothelial,tnfa_nfkb_proximal,10.0,15.0,993.0,0.014605609277689847,0.0010163472720307988,987.0,0.01421951369162747
7001_liver_sham_Male_52-U1,sham,52,tierA_p95,Endothelial,tnfa_nfkb_proximal,15.0,20.0,1166.0,0.013085403083663875,0.0009843820408984947,1127.0,0.012556885548386904
7001_liver_sham_Male_52-U1,sham,52,tierA_p95,Endothelial,tnfa_nfkb_proximal,20.0,25.0,1467.0,0.012812692559663432,0.0008527207210182215,1329.0,0.013966734431523891
7001_liver_sham_Male_52-U1,sham,52,tierA_p95,Endothelial,tnfa_nfkb_proximal,25.0,30.0,1605.0,0.013076099688374468,0.0008072917303759488,1416.0,0.012648785339646217
7001_liver_sham_Male_52-U1,sham,52,tierA_p95,Endothelial,tnfa_nfkb_proximal,30.0,35.0,1729.0,0.012913076926229542,0.0007692516439546758,1525.0,0.012851573766300313
7001_liver_sham_Male_52-U1,sham,52,tierA_p95,Endothelial,tnfa_nfkb_proximal,35.0,40.0,1656.0,0.011793731910377877,0.000780320078148374,1519.0,0.014758163286494147
7001_liver_sham_Male_52-U1,sham,52,tierA_p95,Endothelial,tnfa_nfkb_proximal,40.0,45.0,1545.0,0.012426440140569069,0.0008013630249546404,1462.0,0.012839151880274256
7001_liver_sham_Male_52-U1,sham,52,tierA_p95,Endothelial,tnfa_nfkb_proximal,45.0,50.0,1447.0,0.0117533103070726,0.0007979341142878955,1310.0,0.01226759540772564
7001_liver_sham_Male_52-U1,sham,52,tierA_p95,Endothelial,tnfa_nfkb_proximal,50.0,55.0,1335.0,0.011722239708688811,0.000829392616820726,1279.0,0.010481118031719893
7001_liver_sham_Male_52-U1,sham,52,tierA_p95,Endothelial,tnfa_nfkb_proximal,55.0,60.0,1145.0,0.011901301312138068,0.0008729985125025652,1093.0,0.011539551707314874
7001_liver_sham_Male_52-U1,sham,52,tierA_p95,Endothelial,tnfa_nfkb_proximal,60.0,65.0,1013.0,0.010671776920762271,0.0009246529843467666,889.0,0.010463644542769124
7001_liver_sham_Male_52-U1,sham,52,tierA_p95,Endothelial,tnfa_nfkb_proximal,65.0,70.0,870.0,0.011229758617377354,0.0010792696455719285,761.0,0.009837805517907784
7001_liver_sham_Male_52-U1,sham,52,tierA_p95,Endothelial,tnfa_nfkb_proximal,70.0,75.0,638.0,0.010917727299724147,0.0012205126914876811,584.0,0.011064640405835883
7001_liver_sham_Male_52-U1,sham,52,tierA_p95,Endothelial,tnfa_nfkb_proximal,75.0,80.0,522.0,0.011898505758714146,0.00154451127651852,495.0,0.009020343426873113
7001_liver_sham_Male_52-U1,sham,52,tierA_p95,Endothelial,tnfa_nfkb_proximal,80.0,85.0,453.0,0.0094298896530492,0.0014817719482365008,421.0,0.010790950127825032
7001_liver_sham_Male_52-U1,sham,52,tierA_p95,Endothelial,tnfa_nfkb_proximal,85.0,90.0,332.0,0.013057108417890421,0.001717036528308498,325.0,0.006751261555115119
7001_liver_sham_Male_52-U1,sham,52,tierA_p95,Endothelial,tnfa_nfkb_proximal,90.0,95.0,226.0,0.01205146010767821,0.0020134851578186125,245.0,0.012384693842435884
7001_liver_sham_Male_52-U1,sham,52,tierA_p95,Endothelial,tnfa_nfkb_proximal,95.0,100.0,181.0,0.010859226593291079,0.0021139168538941502,601.0,0.009537470877231967
7001_liver_sham_Male_52-U1,sham,52,tierA_p95,Hepatocytes,downstream_arrest,0.0,5.0,10.0,0.000279000005684793,0.0063459994277900115,3027.0,0.0043665609477295305
7001_liver_sham_Male_52-U1,sham,52,tierA_p95,Hepatocytes,downstream_arrest,5.0,10.0,841.0,0.005998121272240065,0.0006417383066454399,672.0,0.006520863073909649
7001_liver_sham_Male_52-U1,sham,52,tierA_p95,Hepatocytes,downstream_arrest,10.0,15.0,3426.0,0.006054751902303977,0.0002845329390811352,3127.0,0.006179443549888507
7001_liver_sham_Male_52-U1,sham,52,tierA_p95,Hepatocytes,downstream_arrest,15.0,20.0,4260.0,0.00603726055801737,0.0002519318700211783,3975.0,0.005846306923848252
7001_liver_sham_Male_52-U1,sham,52,tierA_p95,Hepatocytes,downstream_arrest,20.0,25.0,4729.0,0.00591190314910469,0.0002385884117351269,4423.0,0.006062428208330447
7001_liver_sham_Male_52-U1,sham,52,tierA_p95,Hepatocytes,downstream_arrest,25.0,30.0,5109.0,0.005994658448085198,0.00023023969230689614,4764.0,0.005795503776974196
7001_liver_sham_Male_52-U1,sham,52,tierA_p95,Hepatocytes,downstream_arrest,30.0,35.0,5208.0,0.0060916973953127765,0.00023092633594279504,4789.0,0.006313462115294933
7001_liver_sham_Male_52-U1,sham,52,tierA_p95,Hepatocytes,downstream_arrest,35.0,40.0,4954.0,0.005752503038819109,0.00023775013268334292,4639.0,0.005962192279437729
7001_liver_sham_Male_52-U1,sham,52,tierA_p95,Hepatocytes,downstream_arrest,40.0,45.0,4898.0,0.005690165368614826,0.00023212125369840382,4452.0,0.005821327484424302
7001_liver_sham_Male_52-U1,sham,52,tierA_p95,Hepatocytes,downstream_arrest,45.0,50.0,4434.0,0.006248804688485528,0.00024107830740849144,4176.0,0.005666733716221796
7001_liver_sham_Male_52-U1,sham,52,tierA_p95,Hepatocytes,downstream_arrest,50.0,55.0,3946.0,0.00568560820186443,0.00026007295918151815,3563.0,0.006095781646040855
7001_liver_sham_Male_52-U1,sham,52,tierA_p95,Hepatocytes,downstream_arrest,55.0,60.0,3351.0,0.006200355118226796,0.00027426246364368415,3183.0,0.006528089848957741
7001_liver_sham_Male_52-U1,sham,52,tierA_p95,Hepatocytes,downstream_arrest,60.0,65.0,2831.0,0.005705217234472969,0.00030725730981427587,2674.0,0.0054563126545882565
7001_liver_sham_Male_52-U1,sham,52,tierA_p95,Hepatocytes,downstream_arrest,65.0,70.0,2360.0,0.005594000013379474,0.00034169324406870606,2288.0,0.006142163474498909
7001_liver_sham_Male_52-U1,sham,52,tierA_p95,Hepatocytes,downstream_arrest,70.0,75.0,1981.0,0.005851898027684902,0.0003556589733550389,1810.0,0.006307397802815485
7001_liver_sham_Male_52-U1,sham,52,tierA_p95,Hepatocytes,downstream_arrest,75.0,80.0,1607.0,0.005785980097700465,0.0004188374514471751,1454.0,0.006193569462986258
7001_liver_sham_Male_52-U1,sham,52,tierA_p95,Hepatocytes,downstream_arrest,80.0,85.0,1199.0,0.005755487891240851,0.00046067283305319703,1023.0,0.0054214076152020035
7001_liver_sham_Male_52-U1,sham,52,tierA_p95,Hepatocytes,downstream_arrest,85.0,90.0,946.0,0.005629957736855662,0.0005113433477663201,908.0,0.005999581522564968
7001_liver_sham_Male_52-U1,sham,52,tierA_p95,Hepatocytes,downstream_arrest,90.0,95.0,676.0,0.006555547341558204,0.0006351222444682669,701.0,0.006446077014994799
7001_liver_sham_Male_52-U1,sham,52,tierA_p95,Hepatocytes,downstream_arrest,95.0,100.0,523.0,0.006320611850235174,0.0006816609781403442,1641.0,0.006203113958173012
7001_liver_sham_Male_52-U1,sham,52,tierA_p95,Hepatocytes,emt_ecm,0.0,5.0,10.0,0.013456999941263348,0.004458946718868022,3027.0,0.00783364056274603
7001_liver_sham_Male_52-U1,sham,52,tierA_p95,Hepatocytes,emt_ecm,5.0,10.0,841.0,0.01107854932533223,0.0008395199863232361,672.0,0.010760089262400166
7001_liver_sham_Male_52-U1,sham,52,tierA_p95,Hepatocytes,emt_ecm,10.0,15.0,3426.0,0.009651123766521594,0.0004044287340625749,3127.0,0.009895820306278105
7001_liver_sham_Male_52-U1,sham,52,tierA_p95,Hepatocytes,emt_ecm,15.0,20.0,4260.0,0.009100420207760864,0.0003616752558475605,3975.0,0.008863363511263284
7001_liver_sham_Male_52-U1,sham,52,tierA_p95,Hepatocytes,emt_ecm,20.0,25.0,4729.0,0.008102010999849262,0.0003297061610755822,4423.0,0.008489966073585695
7001_liver_sham_Male_52-U1,sham,52,tierA_p95,Hepatocytes,emt_ecm,25.0,30.0,5109.0,0.008283783520595665,0.00032220508429856227,4764.0,0.009075585639588584
7001_liver_sham_Male_52-U1,sham,52,tierA_p95,Hepatocytes,emt_ecm,30.0,35.0,5208.0,0.00783831796540769,0.00031504774260066986,4789.0,0.008463119648084333
7001_liver_sham_Male_52-U1,sham,52,tierA_p95,Hepatocytes,emt_ecm,35.0,40.0,4954.0,0.0074800847622094385,0.0003201159613681247,4639.0,0.0069739254155235285
7001_liver_sham_Male_52-U1,sham,52,tierA_p95,Hepatocytes,emt_ecm,40.0,45.0,4898.0,0.007551431202468185,0.00031875494989816775,4452.0,0.0072928212034488555
7001_liver_sham_Male_52-U1,sham,52,tierA_p95,Hepatocytes,emt_ecm,45.0,50.0,4434.0,0.0069868177733808014,0.0003275067695368707,4176.0,0.007031939661245121
7001_liver_sham_Male_52-U1,sham,52,tierA_p95,Hepatocytes,emt_ecm,50.0,55.0,3946.0,0.006737283317332994,0.0003544326998193095,3563.0,0.006704364302741266
7001_liver_sham_Male_52-U1,sham,52,tierA_p95,Hepatocytes,emt_ecm,55.0,60.0,3351.0,0.006858367625260921,0.00037450746631912475,3183.0,0.006652789816942838
7001_liver_sham_Male_52-U1,sham,52,tierA_p95,Hepatocytes,emt_ecm,60.0,65.0,2831.0,0.006184146947188702,0.0004086580072792712,2674.0,0.007013100200405428
7001_liver_sham_Male_52-U1,sham,52,tierA_p95,Hepatocytes,emt_ecm,65.0,70.0,2360.0,0.006738326266943243,0.00045043365540127636,2288.0,0.0061039685037638115
7001_liver_sham_Male_52-U1,sham,52,tierA_p95,Hepatocytes,emt_ecm,70.0,75.0,1981.0,0.006778379604814514,0.0005036357843855132,1810.0,0.005974502768451946
7001_liver_sham_Male_52-U1,sham,52,tierA_p95,Hepatocytes,emt_ecm,75.0,80.0,1607.0,0.005988537650600015,0.0005384607414920206,1454.0,0.005567613487471512
7001_liver_sham_Male_52-U1,sham,52,tierA_p95,Hepatocytes,emt_ecm,80.0,85.0,1199.0,0.0060627356204310335,0.0006041324101010564,1023.0,0.005894418374763814
7001_liver_sham_Male_52-U1,sham,52,tierA_p95,Hepatocytes,emt_ecm,85.0,90.0,946.0,0.00644953486713794,0.0007039243175162473,908.0,0.006689152021210192
7001_liver_sham_Male_52-U1,sham,52,tierA_p95,Hepatocytes,emt_ecm,90.0,95.0,676.0,0.0042584763284500195,0.0007591712360171509,701.0,0.0052396290964306135
7001_liver_sham_Male_52-U1,sham,52,tierA_p95,Hepatocytes,emt_ecm,95.0,100.0,523.0,0.0038284894843599367,0.0009277240186563133,1641.0,0.004238878736722367
7001_liver_sham_Male_52-U1,sham,52,tierA_p95,Hepatocytes,il6_jak_stat3,0.0,5.0,10.0,-0.025905999820679426,0.010169552362742713,3027.0,-0.030413587727662266
7001_liver_sham_Male_52-U1,sham,52,tierA_p95,Hepatocytes,il6_jak_stat3,5.0,10.0,841.0,-0.026203745511891256,0.0009481595070750473,672.0,-0.02800187504345515
7001_liver_sham_Male_52-U1,sham,52,tierA_p95,Hepatocytes,il6_jak_stat3,10.0,15.0,3426.0,-0.03140208696771309,0.0004203705719322413,3127.0,-0.030848960674858646
7001_liver_sham_Male_52-U1,sham,52,tierA_p95,Hepatocytes,il6_jak_stat3,15.0,20.0,4260.0,-0.03163653520825537,0.00035432866494495473,3975.0,-0.03134037485208458
7001_liver_sham_Male_52-U1,sham,52,tierA_p95,Hepatocytes,il6_jak_stat3,20.0,25.0,4729.0,-0.03124813067749722,0.00034669433309239447,4423.0,-0.03142003842526056
7001_liver_sham_Male_52-U1,sham,52,tierA_p95,Hepatocytes,il6_jak_stat3,25.0,30.0,5109.0,-0.03202087493365159,0.00032766601038192276,4764.0,-0.03219564440398189
7001_liver_sham_Male_52-U1,sham,52,tierA_p95,Hepatocytes,il6_jak_stat3,30.0,35.0,5208.0,-0.03213944315671904,0.0003196643858786509,4789.0,-0.03167098558363775
7001_liver_sham_Male_52-U1,sham,52,tierA_p95,Hepatocytes,il6_jak_stat3,35.0,40.0,4954.0,-0.03200111021862384,0.0003358012582568373,4639.0,-0.032271782705214185
7001_liver_sham_Male_52-U1,sham,52,tierA_p95,Hepatocytes,il6_jak_stat3,40.0,45.0,4898.0,-0.03213829931760307,0.0003313039606986707,4452.0,-0.03228254266815667
7001_liver_sham_Male_52-U1,sham,52,tierA_p95,Hepatocytes,il6_jak_stat3,45.0,50.0,4434.0,-0.03264174106281966,0.00034837371239099246,4176.0,-0.03168393198096654
7001_liver_sham_Male_52-U1,sham,52,tierA_p95,Hepatocytes,il6_jak_stat3,50.0,55.0,3946.0,-0.03257160669277778,0.00037568810872343574,3563.0,-0.03219249228161895
7001_liver_sham_Male_52-U1,sham,52,tierA_p95,Hepatocytes,il6_jak_stat3,55.0,60.0,3351.0,-0.03291601614394716,0.00039152618153935305,3183.0,-0.03261543200589761
7001_liver_sham_Male_52-U1,sham,52,tierA_p95,Hepatocytes,il6_jak_stat3,60.0,65.0,2831.0,-0.03248927939736745,0.00041507330664529717,2674.0,-0.03305550485255723
7001_liver_sham_Male_52-U1,sham,52,tierA_p95,Hepatocytes,il6_jak_stat3,65.0,70.0,2360.0,-0.03235908052060102,0.00047865195411667734,2288.0,-0.032802840932549614
7001_liver_sham_Male_52-U1,sham,52,tierA_p95,Hepatocytes,il6_jak_stat3,70.0,75.0,1981.0,-0.031390969213435385,0.0005161480455453412,1810.0,-0.03305917683239828
7001_liver_sham_Male_52-U1,sham,52,tierA_p95,Hepatocytes,il6_jak_stat3,75.0,80.0,1607.0,-0.03253414439456324,0.0005777761999118162,1454.0,-0.0331848418341328
7001_liver_sham_Male_52-U1,sham,52,tierA_p95,Hepatocytes,il6_jak_stat3,80.0,85.0,1199.0,-0.032078156771691964,0.0006593235666141858,1023.0,-0.033174858230152426
7001_liver_sham_Male_52-U1,sham,52,tierA_p95,Hepatocytes,il6_jak_stat3,85.0,90.0,946.0,-0.03216837211916283,0.0007661372913589669,908.0,-0.033007984625901335
7001_liver_sham_Male_52-U1,sham,52,tierA_p95,Hepatocytes,il6_jak_stat3,90.0,95.0,676.0,-0.03309102080165973,0.0008400863737311086,701.0,-0.03269436518275377
7001_liver_sham_Male_52-U1,sham,52,tierA_p95,Hepatocytes,il6_jak_stat3,95.0,100.0,523.0,-0.03062128109460003,0.0010602657772299164,1641.0,-0.03317279706533621
7001_liver_sham_Male_52-U1,sham,52,tierA_p95,Hepatocytes,interferon_response,0.0,5.0,10.0,-0.022321999934501947,0.006539584349362865,3027.0,-0.010610109000688634
7001_liver_sham_Male_52-U1,sham,52,tierA_p95,Hepatocytes,interferon_response,5.0,10.0,841.0,-0.006357847806578447,0.0008720111854709422,672.0,-0.0071440922802356085
7001_liver_sham_Male_52-U1,sham,52,tierA_p95,Hepatocytes,interferon_response,10.0,15.0,3426.0,-0.009937197886305324,0.0003767656587592549,3127.0,-0.009039632221593952
7001_liver_sham_Male_52-U1,sham,52,tierA_p95,Hepatocytes,interferon_response,15.0,20.0,4260.0,-0.010082340365804323,0.0003175574026864036,3975.0,-0.009500530816159949
7001_liver_sham_Male_52-U1,sham,52,tierA_p95,Hepatocytes,interferon_response,20.0,25.0,4729.0,-0.009954647925975233,0.00031715484630759236,4423.0,-0.010278926062975991
7001_liver_sham_Male_52-U1,sham,52,tierA_p95,Hepatocytes,interferon_response,25.0,30.0,5109.0,-0.010611695061515299,0.00029222618958716013,4764.0,-0.010272130577629341
7001_liver_sham_Male_52-U1,sham,52,tierA_p95,Hepatocytes,interferon_response,30.0,35.0,5208.0,-0.010955136322234651,0.00028485416421687195,4789.0,-0.010709851748440701
7001_liver_sham_Male_52-U1,sham,52,tierA_p95,Hepatocytes,interferon_response,35.0,40.0,4954.0,-0.010503280183152237,0.00030837007558495684,4639.0,-0.010815755547801486
7001_liver_sham_Male_52-U1,sham,52,tierA_p95,Hepatocytes,interferon_response,40.0,45.0,4898.0,-0.010739893822435708,0.0003044612375084829,4452.0,-0.010880089844606694
7001_liver_sham_Male_52-U1,sham,52,tierA_p95,Hepatocytes,interferon_response,45.0,50.0,4434.0,-0.011085908881189729,0.00031922243405151383,4176.0,-0.01072731321787057
7001_liver_sham_Male_52-U1,sham,52,tierA_p95,Hepatocytes,interferon_response,50.0,55.0,3946.0,-0.010737453106988828,0.0003326903569532848,3563.0,-0.011069225387142306
7001_liver_sham_Male_52-U1,sham,52,tierA_p95,Hepatocytes,interferon_response,55.0,60.0,3351.0,-0.011826959118932575,0.0003573036011037055,3183.0,-0.010615227769699424
7001_liver_sham_Male_52-U1,sham,52,tierA_p95,Hepatocytes,interferon_response,60.0,65.0,2831.0,-0.011289883441385939,0.0003994291418214054,2674.0,-0.012099154840746838
7001_liver_sham_Male_52-U1,sham,52,tierA_p95,Hepatocytes,interferon_response,65.0,70.0,2360.0,-0.01101968644951724,0.0004244512631866705,2288.0,-0.011822106616095467
7001_liver_sham_Male_52-U1,sham,52,tierA_p95,Hepatocytes,interferon_response,70.0,75.0,1981.0,-0.011092695606897959,0.0004620955601803662,1810.0,-0.011858933696856394
7001_liver_sham_Male_52-U1,sham,52,tierA_p95,Hepatocytes,interferon_response,75.0,80.0,1607.0,-0.01117020534747023,0.0005080493170962106,1454.0,-0.011858576352627296
7001_liver_sham_Male_52-U1,sham,52,tierA_p95,Hepatocytes,interferon_response,80.0,85.0,1199.0,-0.010905771456332411,0.0005528368298596464,1023.0,-0.011391182793715704
7001_liver_sham_Male_52-U1,sham,52,tierA_p95,Hepatocytes,interferon_response,85.0,90.0,946.0,-0.011928784363146067,0.00066352098300577,908.0,-0.011257103525504176
7001_liver_sham_Male_52-U1,sham,52,tierA_p95,Hepatocytes,interferon_response,90.0,95.0,676.0,-0.012253727825419345,0.0007017153090695652,701.0,-0.011218174002016853
7001_liver_sham_Male_52-U1,sham,52,tierA_p95,Hepatocytes,interferon_response,95.0,100.0,523.0,-0.011072084139189742,0.0009995154630184438,1641.0,-0.01213230955868226
7001_liver_sham_Male_52-U1,sham,52,tierA_p95,Hepatocytes,oxidative_stress,0.0,5.0,10.0,0.08319899924099446,0.014723093901634286,3027.0,0.1210330955883864
7001_liver_sham_Male_52-U1,sham,52,tierA_p95,Hepatocytes,oxidative_stress,5.0,10.0,841.0,0.12316787173849997,0.0019602081913457346,672.0,0.12301293175367045
7001_liver_sham_Male_52-U1,sham,52,tierA_p95,Hepatocytes,oxidative_stress,10.0,15.0,3426.0,0.1275927496660336,0.0008841845413997842,3127.0,0.12788910458919028
7001_liver_sham_Male_52-U1,sham,52,tierA_p95,Hepatocytes,oxidative_stress,15.0,20.0,4260.0,0.12644309621144953,0.0007700628978762836,3975.0,0.12796351198925482
7001_liver_sham_Male_52-U1,sham,52,tierA_p95,Hepatocytes,oxidative_stress,20.0,25.0,4729.0,0.1284751258095792,0.0007473918934723682,4423.0,0.12830505315082266
7001_liver_sham_Male_52-U1,sham,52,tierA_p95,Hepatocytes,oxidative_stress,25.0,30.0,5109.0,0.12709531025663962,0.0007096884269982337,4764.0,0.12862727545499122
7001_liver_sham_Male_52-U1,sham,52,tierA_p95,Hepatocytes,oxidative_stress,30.0,35.0,5208.0,0.12807615785067328,0.0007053504559932943,4789.0,0.1277521967772083
7001_liver_sham_Male_52-U1,sham,52,tierA_p95,Hepatocytes,oxidative_stress,35.0,40.0,4954.0,0.12826623126712358,0.0007155051547616396,4639.0,0.129650127171414
7001_liver_sham_Male_52-U1,sham,52,tierA_p95,Hepatocytes,oxidative_stress,40.0,45.0,4898.0,0.1280357493345383,0.0007243832704482831,4452.0,0.12838915097861195
7001_liver_sham_Male_52-U1,sham,52,tierA_p95,Hepatocytes,oxidative_stress,45.0,50.0,4434.0,0.12894837396168254,0.000763103172733704,4176.0,0.128041781656679
7001_liver_sham_Male_52-U1,sham,52,tierA_p95,Hepatocytes,oxidative_stress,50.0,55.0,3946.0,0.1289899366654035,0.0008063912171806481,3563.0,0.12883402754290108
7001_liver_sham_Male_52-U1,sham,52,tierA_p95,Hepatocytes,oxidative_stress,55.0,60.0,3351.0,0.12956002996373292,0.0008786288792717679,3183.0,0.12816327035397762
7001_liver_sham_Male_52-U1,sham,52,tierA_p95,Hepatocytes,oxidative_stress,60.0,65.0,2831.0,0.12899151900548994,0.000920341388744761,2674.0,0.12846837318325174
7001_liver_sham_Male_52-U1,sham,52,tierA_p95,Hepatocytes,oxidative_stress,65.0,70.0,2360.0,0.12780697027271143,0.0010378492894719934,2288.0,0.13016799844466528
7001_liver_sham_Male_52-U1,sham,52,tierA_p95,Hepatocytes,oxidative_stress,70.0,75.0,1981.0,0.12943445743404325,0.0011351334386934138,1810.0,0.12940958557632437
7001_liver_sham_Male_52-U1,sham,52,tierA_p95,Hepatocytes,oxidative_stress,75.0,80.0,1607.0,0.1282069385255472,0.0012594221330928701,1454.0,0.1297052203311855
7001_liver_sham_Male_52-U1,sham,52,tierA_p95,Hepatocytes,oxidative_stress,80.0,85.0,1199.0,0.12926672236300465,0.0015066296395871881,1023.0,0.13079373410607953
7001_liver_sham_Male_52-U1,sham,52,tierA_p95,Hepatocytes,oxidative_stress,85.0,90.0,946.0,0.12829830860458197,0.001613974640073589,908.0,0.13055100213787707
7001_liver_sham_Male_52-U1,sham,52,tierA_p95,Hepatocytes,oxidative_stress,90.0,95.0,676.0,0.1314550889559509,0.0019815035921301643,701.0,0.13169510700951162
7001_liver_sham_Male_52-U1,sham,52,tierA_p95,Hepatocytes,oxidative_stress,95.0,100.0,523.0,0.13611858498205362,0.0021418575767412113,1641.0,0.1304028213309254
7001_liver_sham_Male_52-U1,sham,52,tierA_p95,Hepatocytes,secondary_senescence,0.0,5.0,10.0,-0.01024500010535121,0.013842259177549937,3027.0,-0.03962754214218724
7001_liver_sham_Male_52-U1,sham,52,tierA_p95,Hepatocytes,secondary_senescence,5.0,10.0,841.0,-0.03665214036959561,0.0012545728382368714,672.0,-0.037647083269391826
7001_liver_sham_Male_52-U1,sham,52,tierA_p95,Hepatocytes,secondary_senescence,10.0,15.0,3426.0,-0.03879341211939766,0.0005565442790136095,3127.0,-0.03935228017044434
7001_liver_sham_Male_52-U1,sham,52,tierA_p95,Hepatocytes,secondary_senescence,15.0,20.0,4260.0,-0.0402459765383035,0.00048431765308592253,3975.0,-0.040516759765256816
7001_liver_sham_Male_52-U1,sham,52,tierA_p95,Hepatocytes,secondary_senescence,20.0,25.0,4729.0,-0.04025809261528822,0.00045723063568196994,4423.0,-0.04117154195200966
7001_liver_sham_Male_52-U1,sham,52,tierA_p95,Hepatocytes,secondary_senescence,25.0,30.0,5109.0,-0.04155395773864314,0.00041869976896833646,4764.0,-0.04096926952107209
7001_liver_sham_Male_52-U1,sham,52,tierA_p95,Hepatocytes,secondary_senescence,30.0,35.0,5208.0,-0.04140312786316708,0.00040630481812531285,4789.0,-0.04103059512635582
7001_liver_sham_Male_52-U1,sham,52,tierA_p95,Hepatocytes,secondary_senescence,35.0,40.0,4954.0,-0.041393809041283786,0.0004219994230451643,4639.0,-0.041617273121119264
7001_liver_sham_Male_52-U1,sham,52,tierA_p95,Hepatocytes,secondary_senescence,40.0,45.0,4898.0,-0.042044283420561726,0.00042397989240838905,4452.0,-0.040817942546024895
7001_liver_sham_Male_52-U1,sham,52,tierA_p95,Hepatocytes,secondary_senescence,45.0,50.0,4434.0,-0.04196826345791854,0.00044498346339619493,4176.0,-0.04148058907149106
7001_liver_sham_Male_52-U1,sham,52,tierA_p95,Hepatocytes,secondary_senescence,50.0,55.0,3946.0,-0.041984308178144615,0.0004874661445330782,3563.0,-0.042299955116373404
7001_liver_sham_Male_52-U1,sham,52,tierA_p95,Hepatocytes,secondary_senescence,55.0,60.0,3351.0,-0.041765165655675854,0.0005216609464996162,3183.0,-0.04127752433143306
7001_liver_sham_Male_52-U1,sham,52,tierA_p95,Hepatocytes,secondary_senescence,60.0,65.0,2831.0,-0.042323136720561275,0.0005338448472415385,2674.0,-0.04194890427531779
7001_liver_sham_Male_52-U1,sham,52,tierA_p95,Hepatocytes,secondary_senescence,65.0,70.0,2360.0,-0.042604894069394876,0.0006028687199216123,2288.0,-0.04275772728092656
7001_liver_sham_Male_52-U1,sham,52,tierA_p95,Hepatocytes,secondary_senescence,70.0,75.0,1981.0,-0.04210068151363575,0.000680517164213525,1810.0,-0.043561215471765426
7001_liver_sham_Male_52-U1,sham,52,tierA_p95,Hepatocytes,secondary_senescence,75.0,80.0,1607.0,-0.04231177968584044,0.0007324623588638795,1454.0,-0.04234163693028947
7001_liver_sham_Male_52-U1,sham,52,tierA_p95,Hepatocytes,secondary_senescence,80.0,85.0,1199.0,-0.03998321100904245,0.0008915138115466655,1023.0,-0.045362404679822305
7001_liver_sham_Male_52-U1,sham,52,tierA_p95,Hepatocytes,secondary_senescence,85.0,90.0,946.0,-0.04150667015606664,0.0009811923250192638,908.0,-0.041450297365468694
7001_liver_sham_Male_52-U1,sham,52,tierA_p95,Hepatocytes,secondary_senescence,90.0,95.0,676.0,-0.04264636098966855,0.0011119663868472988,701.0,-0.04182864480538406
7001_liver_sham_Male_52-U1,sham,52,tierA_p95,Hepatocytes,secondary_senescence,95.0,100.0,523.0,-0.04468523895291297,0.0013103058258144417,1641.0,-0.04292789149436632
7001_liver_sham_Male_52-U1,sham,52,tierA_p95,Hepatocytes,tnfa_nfkb_proximal,0.0,5.0,10.0,-0.006950000018696301,0.006161964974300711,3027.0,-0.015063772719896729
7001_liver_sham_Male_52-U1,sham,52,tierA_p95,Hepatocytes,tnfa_nfkb_proximal,5.0,10.0,841.0,-0.012750879902509319,0.0009093393010541458,672.0,-0.013937410689799262
7001_liver_sham_Male_52-U1,sham,52,tierA_p95,Hepatocytes,tnfa_nfkb_proximal,10.0,15.0,3426.0,-0.014776762973817723,0.0003926425087798358,3127.0,-0.014422817383899302
7001_liver_sham_Male_52-U1,sham,52,tierA_p95,Hepatocytes,tnfa_nfkb_proximal,15.0,20.0,4260.0,-0.015659579802449,0.0003384528379220504,3975.0,-0.01534384401375373
7001_liver_sham_Male_52-U1,sham,52,tierA_p95,Hepatocytes,tnfa_nfkb_proximal,20.0,25.0,4729.0,-0.015018098968645147,0.0003319752237710129,4423.0,-0.015930865934533793
7001_liver_sham_Male_52-U1,sham,52,tierA_p95,Hepatocytes,tnfa_nfkb_proximal,25.0,30.0,5109.0,-0.01662299079226158,0.00029550026082409645,4764.0,-0.01642861881041285
7001_liver_sham_Male_52-U1,sham,52,tierA_p95,Hepatocytes,tnfa_nfkb_proximal,30.0,35.0,5208.0,-0.01590572772775759,0.0002846184892634225,4789.0,-0.015993343081189278
7001_liver_sham_Male_52-U1,sham,52,tierA_p95,Hepatocytes,tnfa_nfkb_proximal,35.0,40.0,4954.0,-0.015704925315283134,0.00030597179912329476,4639.0,-0.016108131057230343
7001_liver_sham_Male_52-U1,sham,52,tierA_p95,Hepatocytes,tnfa_nfkb_proximal,40.0,45.0,4898.0,-0.01608455901297908,0.0002931789496644894,4452.0,-0.01566287285585117
7001_liver_sham_Male_52-U1,sham,52,tierA_p95,Hepatocytes,tnfa_nfkb_proximal,45.0,50.0,4434.0,-0.01641503831663284,0.00031436213113020917,4176.0,-0.016379492328688437
7001_liver_sham_Male_52-U1,sham,52,tierA_p95,Hepatocytes,tnfa_nfkb_proximal,50.0,55.0,3946.0,-0.01638041560115396,0.00033909023704996593,3563.0,-0.01639009540638045
7001_liver_sham_Male_52-U1,sham,52,tierA_p95,Hepatocytes,tnfa_nfkb_proximal,55.0,60.0,3351.0,-0.016305705777144575,0.0003695399907689087,3183.0,-0.016754819357156565
7001_liver_sham_Male_52-U1,sham,52,tierA_p95,Hepatocytes,tnfa_nfkb_proximal,60.0,65.0,2831.0,-0.017094962900340682,0.000373930737235337,2674.0,-0.016094080011296558
7001_liver_sham_Male_52-U1,sham,52,tierA_p95,Hepatocytes,tnfa_nfkb_proximal,65.0,70.0,2360.0,-0.017019555065597436,0.00042143706215355453,2288.0,-0.016826678324079084
7001_liver_sham_Male_52-U1,sham,52,tierA_p95,Hepatocytes,tnfa_nfkb_proximal,70.0,75.0,1981.0,-0.015914659248036915,0.000479342522925842,1810.0,-0.016291712704666544
7001_liver_sham_Male_52-U1,sham,52,tierA_p95,Hepatocytes,tnfa_nfkb_proximal,75.0,80.0,1607.0,-0.016450093323710495,0.0005357505661568792,1454.0,-0.01683248968921966
7001_liver_sham_Male_52-U1,sham,52,tierA_p95,Hepatocytes,tnfa_nfkb_proximal,80.0,85.0,1199.0,-0.01579384483742163,0.0006040580414891966,1023.0,-0.016187653910852435
7001_liver_sham_Male_52-U1,sham,52,tierA_p95,Hepatocytes,tnfa_nfkb_proximal,85.0,90.0,946.0,-0.01506842492861047,0.0006985489323130355,908.0,-0.015843050655713235
7001_liver_sham_Male_52-U1,sham,52,tierA_p95,Hepatocytes,tnfa_nfkb_proximal,90.0,95.0,676.0,-0.017033387559713016,0.0007874812990608766,701.0,-0.015501255359837852
7001_liver_sham_Male_52-U1,sham,52,tierA_p95,Hepatocytes,tnfa_nfkb_proximal,95.0,100.0,523.0,-0.01717435949294268,0.0009624022775102332,1641.0,-0.01675790978095582
7001_liver_sham_Male_52-U1,sham,52,tierA_p95,Macrophages,downstream_arrest,0.0,5.0,68.0,0.011847794144855203,0.0034123575775580122,1001.0,0.00851055944109579
7001_liver_sham_Male_52-U1,sham,52,tierA_p95,Macrophages,downstream_arrest,5.0,10.0,759.0,0.011883082998777238,0.0009837165941952582,701.0,0.012467189718101323
7001_liver_sham_Male_52-U1,sham,52,tierA_p95,Macrophages,downstream_arrest,10.0,15.0,1215.0,0.011762592598789064,0.000765137910482715,1131.0,0.01125860301007717
7001_liver_sham_Male_52-U1,sham,52,tierA_p95,Macrophages,downstream_arrest,15.0,20.0,1397.0,0.010888718712394347,0.0006684238435263925,1299.0,0.009897051553881207
7001_liver_sham_Male_52-U1,sham,52,tierA_p95,Macrophages,downstream_arrest,20.0,25.0,1472.0,0.008859966032747727,0.0006360001248203747,1309.0,0.010553506497160687
7001_liver_sham_Male_52-U1,sham,52,tierA_p95,Macrophages,downstream_arrest,25.0,30.0,1494.0,0.009000388213240352,0.0006397614960117282,1402.0,0.009507689004487329
7001_liver_sham_Male_52-U1,sham,52,tierA_p95,Macrophages,downstream_arrest,30.0,35.0,1470.0,0.008947999993831966,0.0006598292457256005,1411.0,0.008731984437526461
7001_liver_sham_Male_52-U1,sham,52,tierA_p95,Macrophages,downstream_arrest,35.0,40.0,1504.0,0.008622134326689311,0.000609458609404977,1327.0,0.010444868137908117
7001_liver_sham_Male_52-U1,sham,52,tierA_p95,Macrophages,downstream_arrest,40.0,45.0,1373.0,0.009724573909422215,0.0006891444149754012,1267.0,0.008979060797277673
7001_liver_sham_Male_52-U1,sham,52,tierA_p95,Macrophages,downstream_arrest,45.0,50.0,1217.0,0.009416910407631226,0.0006808473946145431,1173.0,0.008411508956367808
7001_liver_sham_Male_52-U1,sham,52,tierA_p95,Macrophages,downstream_arrest,50.0,55.0,1148.0,0.008409738648606752,0.0007439714929645124,1033.0,0.00877555664164717
7001_liver_sham_Male_52-U1,sham,52,tierA_p95,Macrophages,downstream_arrest,55.0,60.0,998.0,0.009033116245662602,0.0007443798498507281,922.0,0.010420455543635496
7001_liver_sham_Male_52-U1,sham,52,tierA_p95,Macrophages,downstream_arrest,60.0,65.0,849.0,0.008839246176421778,0.0008338634023150588,793.0,0.009595069341888878
7001_liver_sham_Male_52-U1,sham,52,tierA_p95,Macrophages,downstream_arrest,65.0,70.0,679.0,0.009326126696702856,0.0009213956788086953,655.0,0.007812000001630282
7001_liver_sham_Male_52-U1,sham,52,tierA_p95,Macrophages,downstream_arrest,70.0,75.0,559.0,0.010940572478210403,0.0010684317186796292,514.0,0.008903677016506567
7001_liver_sham_Male_52-U1,sham,52,tierA_p95,Macrophages,downstream_arrest,75.0,80.0,442.0,0.00838436654606278,0.0012275456438378476,446.0,0.010692511245086874
7001_liver_sham_Male_52-U1,sham,52,tierA_p95,Macrophages,downstream_arrest,80.0,85.0,342.0,0.010238567276587009,0.001381824622748753,328.0,0.009354603609519872
7001_liver_sham_Male_52-U1,sham,52,tierA_p95,Macrophages,downstream_arrest,85.0,90.0,268.0,0.009728283557475396,0.0014243290575221867,249.0,0.009643052162032857
7001_liver_sham_Male_52-U1,sham,52,tierA_p95,Macrophages,downstream_arrest,90.0,95.0,208.0,0.01207427881350808,0.00172660709437539,176.0,0.010181590960407695
7001_liver_sham_Male_52-U1,sham,52,tierA_p95,Macrophages,downstream_arrest,95.0,100.0,178.0,0.010931573094781474,0.002025558990095099,503.0,0.00839312127489892
7001_liver_sham_Male_52-U1,sham,52,tierA_p95,Macrophages,emt_ecm,0.0,5.0,68.0,0.059302794017746824,0.005809399478347082,1001.0,0.05406014985090552
7001_liver_sham_Male_52-U1,sham,52,tierA_p95,Macrophages,emt_ecm,5.0,10.0,759.0,0.0627248354442663,0.0020032413287081174,701.0,0.06643941496309895
7001_liver_sham_Male_52-U1,sham,52,tierA_p95,Macrophages,emt_ecm,10.0,15.0,1215.0,0.0578956543023836,0.0015206867560355933,1131.0,0.059558284721484396
7001_liver_sham_Male_52-U1,sham,52,tierA_p95,Macrophages,emt_ecm,15.0,20.0,1397.0,0.054508783191624735,0.001321165174690585,1299.0,0.053211809129876546
7001_liver_sham_Male_52-U1,sham,52,tierA_p95,Macrophages,emt_ecm,20.0,25.0,1472.0,0.05349778532233714,0.0012691222276816877,1309.0,0.05384520239780262
7001_liver_sham_Male_52-U1,sham,52,tierA_p95,Macrophages,emt_ecm,25.0,30.0,1494.0,0.05270805883807759,0.0012753614802342023,1402.0,0.052165278229197254
7001_liver_sham_Male_52-U1,sham,52,tierA_p95,Macrophages,emt_ecm,30.0,35.0,1470.0,0.0518404013931444,0.001308075897418261,1411.0,0.05155743454350179
7001_liver_sham_Male_52-U1,sham,52,tierA_p95,Macrophages,emt_ecm,35.0,40.0,1504.0,0.05057466091142864,0.0012239836001907874,1327.0,0.04668127356404195
7001_liver_sham_Male_52-U1,sham,52,tierA_p95,Macrophages,emt_ecm,40.0,45.0,1373.0,0.047036598717896165,0.0012847838390785894,1267.0,0.04630830307388296
7001_liver_sham_Male_52-U1,sham,52,tierA_p95,Macrophages,emt_ecm,45.0,50.0,1217.0,0.04734556285728099,0.0013938258831733392,1173.0,0.04910652177175147
7001_liver_sham_Male_52-U1,sham,52,tierA_p95,Macrophages,emt_ecm,50.0,55.0,1148.0,0.04587010454927302,0.0014029306388954295,1033.0,0.04758605035731184
7001_liver_sham_Male_52-U1,sham,52,tierA_p95,Macrophages,emt_ecm,55.0,60.0,998.0,0.046927635363350484,0.0015394103008489917,922.0,0.04707195228599873
7001_liver_sham_Male_52-U1,sham,52,tierA_p95,Macrophages,emt_ecm,60.0,65.0,849.0,0.04233736156069248,0.0015694119173298147,793.0,0.04728785626610291
7001_liver_sham_Male_52-U1,sham,52,tierA_p95,Macrophages,emt_ecm,65.0,70.0,679.0,0.04623384386155757,0.0017651817485679886,655.0,0.04445664128446365
7001_liver_sham_Male_52-U1,sham,52,tierA_p95,Macrophages,emt_ecm,70.0,75.0,559.0,0.04592982112018313,0.0019406926169807826,514.0,0.0472412841341432
7001_liver_sham_Male_52-U1,sham,52,tierA_p95,Macrophages,emt_ecm,75.0,80.0,442.0,0.04172316746984696,0.00215691613818243,446.0,0.037871008957871925
7001_liver_sham_Male_52-U1,sham,52,tierA_p95,Macrophages,emt_ecm,80.0,85.0,342.0,0.041622339295587917,0.002285325896817761,328.0,0.04413134146493465
7001_liver_sham_Male_52-U1,sham,52,tierA_p95,Macrophages,emt_ecm,85.0,90.0,268.0,0.044010522468241435,0.0029405430821568862,249.0,0.04080646605180082
7001_liver_sham_Male_52-U1,sham,52,tierA_p95,Macrophages,emt_ecm,90.0,95.0,208.0,0.04092322124688508,0.003300986691133708,176.0,0.04088500007074716
7001_liver_sham_Male_52-U1,sham,52,tierA_p95,Macrophages,emt_ecm,95.0,100.0,178.0,0.03773247180480426,0.0030174887010936662,503.0,0.03651061624448948
7001_liver_sham_Male_52-U1,sham,52,tierA_p95,Macrophages,il6_jak_stat3,0.0,5.0,68.0,0.06126749965786824,0.008309829512501494,1001.0,0.04711277724421522
7001_liver_sham_Male_52-U1,sham,52,tierA_p95,Macrophages,il6_jak_stat3,5.0,10.0,759.0,0.05032198948289517,0.002200549658745104,701.0,0.06069500729458229
7001_liver_sham_Male_52-U1,sham,52,tierA_p95,Macrophages,il6_jak_stat3,10.0,15.0,1215.0,0.04330423042376252,0.0016038799969129484,1131.0,0.04428410260374894
7001_liver_sham_Male_52-U1,sham,52,tierA_p95,Macrophages,il6_jak_stat3,15.0,20.0,1397.0,0.040409055112813765,0.0015507277242745247,1299.0,0.04078973826556924
7001_liver_sham_Male_52-U1,sham,52,tierA_p95,Macrophages,il6_jak_stat3,20.0,25.0,1472.0,0.03783871603175108,0.0014403291284229153,1309.0,0.03823495794884468
7001_liver_sham_Male_52-U1,sham,52,tierA_p95,Macrophages,il6_jak_stat3,25.0,30.0,1494.0,0.039262309326630086,0.0014554420969951315,1402.0,0.03876946501623543
7001_liver_sham_Male_52-U1,sham,52,tierA_p95,Macrophages,il6_jak_stat3,30.0,35.0,1470.0,0.038490448912298664,0.0014353019465287971,1411.0,0.037401140995836656
7001_liver_sham_Male_52-U1,sham,52,tierA_p95,Macrophages,il6_jak_stat3,35.0,40.0,1504.0,0.03906284574431412,0.001389940684068391,1327.0,0.035902471818418866
7001_liver_sham_Male_52-U1,sham,52,tierA_p95,Macrophages,il6_jak_stat3,40.0,45.0,1373.0,0.036725222218800535,0.0014238192470656219,1267.0,0.03449611684434989
7001_liver_sham_Male_52-U1,sham,52,tierA_p95,Macrophages,il6_jak_stat3,45.0,50.0,1217.0,0.03490271968893853,0.0015837399334949038,1173.0,0.03730017048618792
7001_liver_sham_Male_52-U1,sham,52,tierA_p95,Macrophages,il6_jak_stat3,50.0,55.0,1148.0,0.03782275259243267,0.0015796843206978522,1033.0,0.036662729878015554
7001_liver_sham_Male_52-U1,sham,52,tierA_p95,Macrophages,il6_jak_stat3,55.0,60.0,998.0,0.03758482967266368,0.001714080201877756,922.0,0.03546164859102184
7001_liver_sham_Male_52-U1,sham,52,tierA_p95,Macrophages,il6_jak_stat3,60.0,65.0,849.0,0.03585519439257341,0.001880035210377809,793.0,0.0352601891628122
7001_liver_sham_Male_52-U1,sham,52,tierA_p95,Macrophages,il6_jak_stat3,65.0,70.0,679.0,0.0340762298527725,0.0019711067829202115,655.0,0.03541041211414379
7001_liver_sham_Male_52-U1,sham,52,tierA_p95,Macrophages,il6_jak_stat3,70.0,75.0,559.0,0.03678259381130519,0.0022082068887619754,514.0,0.030868502008677835
7001_liver_sham_Male_52-U1,sham,52,tierA_p95,Macrophages,il6_jak_stat3,75.0,80.0,442.0,0.03435425347680595,0.0024798372936865386,446.0,0.03104753342225525
7001_liver_sham_Male_52-U1,sham,52,tierA_p95,Macrophages,il6_jak_stat3,80.0,85.0,342.0,0.03821304093877688,0.0028446719439157633,328.0,0.03581067071940108
7001_liver_sham_Male_52-U1,sham,52,tierA_p95,Macrophages,il6_jak_stat3,85.0,90.0,268.0,0.033616753673196574,0.0030619918300016204,249.0,0.039027309345584515
7001_liver_sham_Male_52-U1,sham,52,tierA_p95,Macrophages,il6_jak_stat3,90.0,95.0,208.0,0.039155192358101394,0.003947107634662007,176.0,0.028450965962210004
7001_liver_sham_Male_52-U1,sham,52,tierA_p95,Macrophages,il6_jak_stat3,95.0,100.0,178.0,0.04123404495566207,0.004348552926089469,503.0,0.0375072365510046
7001_liver_sham_Male_52-U1,sham,52,tierA_p95,Macrophages,interferon_response,0.0,5.0,68.0,0.06060220590135192,0.005580290500687255,1001.0,0.05047329661749689
7001_liver_sham_Male_52-U1,sham,52,tierA_p95,Macrophages,interferon_response,5.0,10.0,759.0,0.05708467719079626,0.0019413834997485055,701.0,0.061088502080974064
7001_liver_sham_Male_52-U1,sham,52,tierA_p95,Macrophages,interferon_response,10.0,15.0,1215.0,0.05234548976615411,0.0014996939589455413,1131.0,0.05239373120085136
7001_liver_sham_Male_52-U1,sham,52,tierA_p95,Macrophages,interferon_response,15.0,20.0,1397.0,0.04932999282192697,0.0013152596441628089,1299.0,0.04969670516462475
7001_liver_sham_Male_52-U1,sham,52,tierA_p95,Macrophages,interferon_response,20.0,25.0,1472.0,0.048884986514614724,0.0012796870629627464,1309.0,0.04968645528528751
7001_liver_sham_Male_52-U1,sham,52,tierA_p95,Macrophages,interferon_response,25.0,30.0,1494.0,0.049290495316860784,0.0012287455490669144,1402.0,0.051587646319416834
7001_liver_sham_Male_52-U1,sham,52,tierA_p95,Macrophages,interferon_response,30.0,35.0,1470.0,0.05060282308308544,0.0012882715456069864,1411.0,0.0495788802321496
7001_liver_sham_Male_52-U1,sham,52,tierA_p95,Macrophages,interferon_response,35.0,40.0,1504.0,0.049980279208548285,0.0012248312216078022,1327.0,0.04892312734984674
7001_liver_sham_Male_52-U1,sham,52,tierA_p95,Macrophages,interferon_response,40.0,45.0,1373.0,0.04679896576854783,0.0011965377700766276,1267.0,0.04687868188848485
7001_liver_sham_Male_52-U1,sham,52,tierA_p95,Macrophages,interferon_response,45.0,50.0,1217.0,0.046322054203888026,0.0013623493307006011,1173.0,0.047530110808431426
7001_liver_sham_Male_52-U1,sham,52,tierA_p95,Macrophages,interferon_response,50.0,55.0,1148.0,0.049669660252265005,0.001399520798802668,1033.0,0.04845047435413654
7001_liver_sham_Male_52-U1,sham,52,tierA_p95,Macrophages,interferon_response,55.0,60.0,998.0,0.04731182371671423,0.0014567254894923196,922.0,0.0453435899545616
7001_liver_sham_Male_52-U1,sham,52,tierA_p95,Macrophages,interferon_response,60.0,65.0,849.0,0.04729608945510895,0.0016590548918474124,793.0,0.04941837329559114
7001_liver_sham_Male_52-U1,sham,52,tierA_p95,Macrophages,interferon_response,65.0,70.0,679.0,0.046537393257340805,0.0018240422898249803,655.0,0.04475453433036722
7001_liver_sham_Male_52-U1,sham,52,tierA_p95,Macrophages,interferon_response,70.0,75.0,559.0,0.051078407796682795,0.0019369945617285652,514.0,0.045516925960434246
7001_liver_sham_Male_52-U1,sham,52,tierA_p95,Macrophages,interferon_response,75.0,80.0,442.0,0.048465090501997925,0.002408799913882165,446.0,0.04551677133145663
7001_liver_sham_Male_52-U1,sham,52,tierA_p95,Macrophages,interferon_response,80.0,85.0,342.0,0.04821397654871505,0.0025371145938037423,328.0,0.05314265257757364
7001_liver_sham_Male_52-U1,sham,52,tierA_p95,Macrophages,interferon_response,85.0,90.0,268.0,0.04653526122241764,0.002862956082331168,249.0,0.05108445787898592
7001_liver_sham_Male_52-U1,sham,52,tierA_p95,Macrophages,interferon_response,90.0,95.0,208.0,0.049777259489788915,0.0031859415009820864,176.0,0.038978068262374356
7001_liver_sham_Male_52-U1,sham,52,tierA_p95,Macrophages,interferon_response,95.0,100.0,178.0,0.04825971899223854,0.003457441486802798,503.0,0.04771276346637421
7001_liver_sham_Male_52-U1,sham,52,tierA_p95,Macrophages,oxidative_stress,0.0,5.0,68.0,0.08635441186026369,0.010786694098548112,1001.0,0.11100443587834984
7001_liver_sham_Male_52-U1,sham,52,tierA_p95,Macrophages,oxidative_stress,5.0,10.0,759.0,0.10981756244474415,0.0027911125914846582,701.0,0.11289527817836367
7001_liver_sham_Male_52-U1,sham,52,tierA_p95,Macrophages,oxidative_stress,10.0,15.0,1215.0,0.12095235399347337,0.002116052869240756,1131.0,0.12281460657733656
7001_liver_sham_Male_52-U1,sham,52,tierA_p95,Macrophages,oxidative_stress,15.0,20.0,1397.0,0.1260685182981146,0.001984166340755045,1299.0,0.12498946889128128
7001_liver_sham_Male_52-U1,sham,52,tierA_p95,Macrophages,oxidative_stress,20.0,25.0,1472.0,0.12415684105621949,0.0018912832776792254,1309.0,0.1265109165567428
7001_liver_sham_Male_52-U1,sham,52,tierA_p95,Macrophages,oxidative_stress,25.0,30.0,1494.0,0.12534918343034912,0.0018353514588913505,1402.0,0.1248742725079805
7001_liver_sham_Male_52-U1,sham,52,tierA_p95,Macrophages,oxidative_stress,30.0,35.0,1470.0,0.128577680260396,0.0018174539700473143,1411.0,0.12738499646796167
7001_liver_sham_Male_52-U1,sham,52,tierA_p95,Macrophages,oxidative_stress,35.0,40.0,1504.0,0.12824085105525798,0.0017491721588465273,1327.0,0.12968943480584444
7001_liver_sham_Male_52-U1,sham,52,tierA_p95,Macrophages,oxidative_stress,40.0,45.0,1373.0,0.12641166774871457,0.0018340704825011889,1267.0,0.12825318843771497
7001_liver_sham_Male_52-U1,sham,52,tierA_p95,Macrophages,oxidative_stress,45.0,50.0,1217.0,0.1288063026007347,0.002045674066334397,1173.0,0.12809053705728196
7001_liver_sham_Male_52-U1,sham,52,tierA_p95,Macrophages,oxidative_stress,50.0,55.0,1148.0,0.12952533094456803,0.0019509817421363889,1033.0,0.1283752372503833
7001_liver_sham_Male_52-U1,sham,52,tierA_p95,Macrophages,oxidative_stress,55.0,60.0,998.0,0.13008606212463497,0.0023059412280101326,922.0,0.1312483297092562
7001_liver_sham_Male_52-U1,sham,52,tierA_p95,Macrophages,oxidative_stress,60.0,65.0,849.0,0.127841001083286,0.0024021762326979406,793.0,0.1284585871939544
7001_liver_sham_Male_52-U1,sham,52,tierA_p95,Macrophages,oxidative_stress,65.0,70.0,679.0,0.12619724562286197,0.0026971828371562877,655.0,0.12756644284214028
7001_liver_sham_Male_52-U1,sham,52,tierA_p95,Macrophages,oxidative_stress,70.0,75.0,559.0,0.13027493751083863,0.0029437525281017416,514.0,0.13590192604605705
7001_liver_sham_Male_52-U1,sham,52,tierA_p95,Macrophages,oxidative_stress,75.0,80.0,442.0,0.1323112442278792,0.0034402975196187366,446.0,0.1305452913480222
7001_liver_sham_Male_52-U1,sham,52,tierA_p95,Macrophages,oxidative_stress,80.0,85.0,342.0,0.13125573081231257,0.003584620021597247,328.0,0.12486847582210718
7001_liver_sham_Male_52-U1,sham,52,tierA_p95,Macrophages,oxidative_stress,85.0,90.0,268.0,0.12786041059441788,0.004471330874218233,249.0,0.13403690735067064
7001_liver_sham_Male_52-U1,sham,52,tierA_p95,Macrophages,oxidative_stress,90.0,95.0,208.0,0.13761221152246714,0.004810109759289238,176.0,0.13704920465798667
7001_liver_sham_Male_52-U1,sham,52,tierA_p95,Macrophages,oxidative_stress,95.0,100.0,178.0,0.13936207823329763,0.005291751247753801,503.0,0.13680495032841603
7001_liver_sham_Male_52-U1,sham,52,tierA_p95,Macrophages,secondary_senescence,0.0,5.0,68.0,0.02515264691764434,0.007831662528600253,1001.0,0.0089038860938412
7001_liver_sham_Male_52-U1,sham,52,tierA_p95,Macrophages,secondary_senescence,5.0,10.0,759.0,0.014437022486798276,0.002307338513781553,701.0,0.02090138372657491
7001_liver_sham_Male_52-U1,sham,52,tierA_p95,Macrophages,secondary_senescence,10.0,15.0,1215.0,0.006749876545322484,0.001687583951477314,1131.0,0.006535260838997974
7001_liver_sham_Male_52-U1,sham,52,tierA_p95,Macrophages,secondary_senescence,15.0,20.0,1397.0,0.003784917662493079,0.0015645062294530271,1299.0,0.0044134641829805055
7001_liver_sham_Male_52-U1,sham,52,tierA_p95,Macrophages,secondary_senescence,20.0,25.0,1472.0,0.0045915760335531,0.0013775756028500154,1309.0,0.005519595150649161
7001_liver_sham_Male_52-U1,sham,52,tierA_p95,Macrophages,secondary_senescence,25.0,30.0,1494.0,0.0024858032147250433,0.0014123984472471868,1402.0,0.0031204422514912195
7001_liver_sham_Male_52-U1,sham,52,tierA_p95,Macrophages,secondary_senescence,30.0,35.0,1470.0,0.0012921564813443344,0.001426455386116258,1411.0,-0.0005464138897237294
7001_liver_sham_Male_52-U1,sham,52,tierA_p95,Macrophages,secondary_senescence,35.0,40.0,1504.0,0.0019213497319208515,0.0013778375994908504,1327.0,0.0011538432994171834
7001_liver_sham_Male_52-U1,sham,52,tierA_p95,Macrophages,secondary_senescence,40.0,45.0,1373.0,-0.001129104156977856,0.0014092241075598364,1267.0,-0.002660718285447756
7001_liver_sham_Male_52-U1,sham,52,tierA_p95,Macrophages,secondary_senescence,45.0,50.0,1217.0,-0.00043717332483675245,0.001519343671176625,1173.0,0.001036376876098971
7001_liver_sham_Male_52-U1,sham,52,tierA_p95,Macrophages,secondary_senescence,50.0,55.0,1148.0,0.0010364024713355308,0.0016100108379155417,1033.0,0.0004100387541133816
7001_liver_sham_Male_52-U1,sham,52,tierA_p95,Macrophages,secondary_senescence,55.0,60.0,998.0,-0.0004239078059248994,0.0017153716851466265,922.0,0.0003713991366107236
7001_liver_sham_Male_52-U1,sham,52,tierA_p95,Macrophages,secondary_senescence,60.0,65.0,849.0,-0.0025497408513717387,0.0017312449495926411,793.0,-0.0014765320725999285
7001_liver_sham_Male_52-U1,sham,52,tierA_p95,Macrophages,secondary_senescence,65.0,70.0,679.0,-0.004877113419225868,0.0019384679538214042,655.0,-0.002443648894776889
7001_liver_sham_Male_52-U1,sham,52,tierA_p95,Macrophages,secondary_senescence,70.0,75.0,559.0,0.002321377513103007,0.002266472845001189,514.0,-0.002829474648349766
7001_liver_sham_Male_52-U1,sham,52,tierA_p95,Macrophages,secondary_senescence,75.0,80.0,442.0,-0.0025977148689803452,0.0023264980323046405,446.0,-0.008862174918485916
7001_liver_sham_Male_52-U1,sham,52,tierA_p95,Macrophages,secondary_senescence,80.0,85.0,342.0,-0.003944064321788504,0.002790065718984235,328.0,-0.007248902487401388
7001_liver_sham_Male_52-U1,sham,52,tierA_p95,Macrophages,secondary_senescence,85.0,90.0,268.0,-0.004025970093376844,0.0030478093465904294,249.0,-0.008058674708001168
7001_liver_sham_Male_52-U1,sham,52,tierA_p95,Macrophages,secondary_senescence,90.0,95.0,208.0,0.002971490237121963,0.003794390591829292,176.0,-0.005064602345555613
7001_liver_sham_Male_52-U1,sham,52,tierA_p95,Macrophages,secondary_senescence,95.0,100.0,178.0,0.0009201684380682666,0.003907622614208745,503.0,-0.002138668105519325
7001_liver_sham_Male_52-U1,sham,52,tierA_p95,Macrophages,tnfa_nfkb_proximal,0.0,5.0,68.0,0.03144485310558059,0.0058417226866309185,1001.0,0.009704994984770326
7001_liver_sham_Male_52-U1,sham,52,tierA_p95,Macrophages,tnfa_nfkb_proximal,5.0,10.0,759.0,0.01888648221089297,0.0018636889081603003,701.0,0.02169833089641291
7001_liver_sham_Male_52-U1,sham,52,tierA_p95,Macrophages,tnfa_nfkb_proximal,10.0,15.0,1215.0,0.010023909487940371,0.0012043431035927063,1131.0,0.009557930996633693
7001_liver_sham_Male_52-U1,sham,52,tierA_p95,Macrophages,tnfa_nfkb_proximal,15.0,20.0,1397.0,0.008915239789139188,0.0011832479370312875,1299.0,0.008972101659539933
7001_liver_sham_Male_52-U1,sham,52,tierA_p95,Macrophages,tnfa_nfkb_proximal,20.0,25.0,1472.0,0.007547730956619232,0.0010388639020692898,1309.0,0.00923330785250494
7001_liver_sham_Male_52-U1,sham,52,tierA_p95,Macrophages,tnfa_nfkb_proximal,25.0,30.0,1494.0,0.0064830789681361144,0.0010106093783402302,1402.0,0.006951854480869221
7001_liver_sham_Male_52-U1,sham,52,tierA_p95,Macrophages,tnfa_nfkb_proximal,30.0,35.0,1470.0,0.006650523810398858,0.0010543536863840146,1411.0,0.006722218285955786
7001_liver_sham_Male_52-U1,sham,52,tierA_p95,Macrophages,tnfa_nfkb_proximal,35.0,40.0,1504.0,0.005598597059140937,0.0009877585011405243,1327.0,0.004580165795468915
7001_liver_sham_Male_52-U1,sham,52,tierA_p95,Macrophages,tnfa_nfkb_proximal,40.0,45.0,1373.0,0.003317312413898083,0.000979602797841415,1267.0,0.004225509061851168
7001_liver_sham_Male_52-U1,sham,52,tierA_p95,Macrophages,tnfa_nfkb_proximal,45.0,50.0,1217.0,0.004315250631620988,0.0010692084038373233,1173.0,0.006498115942859605
7001_liver_sham_Male_52-U1,sham,52,tierA_p95,Macrophages,tnfa_nfkb_proximal,50.0,55.0,1148.0,0.005759102732513115,0.001157107197008825,1033.0,0.004643000955823306
7001_liver_sham_Male_52-U1,sham,52,tierA_p95,Macrophages,tnfa_nfkb_proximal,55.0,60.0,998.0,0.005108697374886973,0.0011421214188339593,922.0,0.004073253791402098
7001_liver_sham_Male_52-U1,sham,52,tierA_p95,Macrophages,tnfa_nfkb_proximal,60.0,65.0,849.0,0.0034687868157478193,0.0012212974957453257,793.0,0.003081639287227547
7001_liver_sham_Male_52-U1,sham,52,tierA_p95,Macrophages,tnfa_nfkb_proximal,65.0,70.0,679.0,0.0031624300604823643,0.0013381758812060854,655.0,0.0023865495598808335
7001_liver_sham_Male_52-U1,sham,52,tierA_p95,Macrophages,tnfa_nfkb_proximal,70.0,75.0,559.0,0.005893452581210222,0.0015400374256936838,514.0,0.0032032684917398186
7001_liver_sham_Male_52-U1,sham,52,tierA_p95,Macrophages,tnfa_nfkb_proximal,75.0,80.0,442.0,0.0016174660105038566,0.001508743566295193,446.0,-0.0005354709485763707
7001_liver_sham_Male_52-U1,sham,52,tierA_p95,Macrophages,tnfa_nfkb_proximal,80.0,85.0,342.0,0.005006052669313786,0.0019349215440502472,328.0,0.002399817118169644
7001_liver_sham_Male_52-U1,sham,52,tierA_p95,Macrophages,tnfa_nfkb_proximal,85.0,90.0,268.0,0.002019775998823166,0.0021696266880514444,249.0,0.002227791177311559
7001_liver_sham_Male_52-U1,sham,52,tierA_p95,Macrophages,tnfa_nfkb_proximal,90.0,95.0,208.0,0.007009038485473586,0.002957790706521863,176.0,-0.0012235227900832383
7001_liver_sham_Male_52-U1,sham,52,tierA_p95,Macrophages,tnfa_nfkb_proximal,95.0,100.0,178.0,0.007663258419567039,0.002770882341140978,503.0,0.005840497065765879
7001_liver_sham_Male_52-U1,sham,52,tierA_p95,Mesenchymal,downstream_arrest,0.0,5.0,48.0,0.0027102081609579423,0.0033339425550653573,49.0,-0.0003773468835825785
7001_liver_sham_Male_52-U1,sham,52,tierA_p95,Mesenchymal,downstream_arrest,5.0,10.0,968.0,0.006209524786758386,0.0007544282205481926,968.0,0.005320764433574278
7001_liver_sham_Male_52-U1,sham,52,tierA_p95,Mesenchymal,downstream_arrest,10.0,15.0,1464.0,0.004638360655413049,0.000599265143209848,1465.0,0.004448607527108449
7001_liver_sham_Male_52-U1,sham,52,tierA_p95,Mesenchymal,downstream_arrest,15.0,20.0,1584.0,0.003763977260007897,0.0005512158118210299,1585.0,0.00449611985421929
7001_liver_sham_Male_52-U1,sham,52,tierA_p95,Mesenchymal,downstream_arrest,20.0,25.0,1651.0,0.004478231380851967,0.0005323441826666557,1628.0,0.004192788695344522
7001_liver_sham_Male_52-U1,sham,52,tierA_p95,Mesenchymal,downstream_arrest,25.0,30.0,1643.0,0.004200310406640761,0.0005293650433787885,1653.0,0.0041933756915797
7001_liver_sham_Male_52-U1,sham,52,tierA_p95,Mesenchymal,downstream_arrest,30.0,35.0,1645.0,0.0049755015421850185,0.0005417606317465706,1660.0,0.004319084342584454
7001_liver_sham_Male_52-U1,sham,52,tierA_p95,Mesenchymal,downstream_arrest,35.0,40.0,1571.0,0.003966632706803445,0.0005248555610258389,1565.0,0.004145744414472865
7001_liver_sham_Male_52-U1,sham,52,tierA_p95,Mesenchymal,downstream_arrest,40.0,45.0,1535.0,0.0038017263753332632,0.0005474031349595394,1519.0,0.0036613495914534938
7001_liver_sham_Male_52-U1,sham,52,tierA_p95,Mesenchymal,downstream_arrest,45.0,50.0,1341.0,0.004044123789667805,0.0005823565179862032,1355.0,0.00435430998065261
7001_liver_sham_Male_52-U1,sham,52,tierA_p95,Mesenchymal,downstream_arrest,50.0,55.0,1149.0,0.003971549165871819,0.0006089735335039762,1113.0,0.004592111354888528
7001_liver_sham_Male_52-U1,sham,52,tierA_p95,Mesenchymal,downstream_arrest,55.0,60.0,1023.0,0.003977878801119519,0.0006701403297907822,987.0,0.003443059784301639
7001_liver_sham_Male_52-U1,sham,52,tierA_p95,Mesenchymal,downstream_arrest,60.0,65.0,827.0,0.003752962503791421,0.0007750348584214882,779.0,0.004172490368598816
7001_liver_sham_Male_52-U1,sham,52,tierA_p95,Mesenchymal,downstream_arrest,65.0,70.0,667.0,0.0038612443509766386,0.0008439726687453154,626.0,0.0043220926742075
7001_liver_sham_Male_52-U1,sham,52,tierA_p95,Mesenchymal,downstream_arrest,70.0,75.0,561.0,0.00328746879605074,0.0008607119299481817,527.0,0.004423358590367288
7001_liver_sham_Male_52-U1,sham,52,tierA_p95,Mesenchymal,downstream_arrest,75.0,80.0,452.0,0.003940066389013013,0.0010099209817547047,420.0,0.0031045714477104846
7001_liver_sham_Male_52-U1,sham,52,tierA_p95,Mesenchymal,downstream_arrest,80.0,85.0,317.0,0.004340851746408371,0.001149279985511408,294.0,0.0016698298927219934
7001_liver_sham_Male_52-U1,sham,52,tierA_p95,Mesenchymal,downstream_arrest,85.0,90.0,261.0,0.0002868582665974005,0.0011771850373011204,248.0,0.0017539516262449098
7001_liver_sham_Male_52-U1,sham,52,tierA_p95,Mesenchymal,downstream_arrest,90.0,95.0,208.0,0.006464134686141803,0.001397712121632419,190.0,0.004758789382934705
7001_liver_sham_Male_52-U1,sham,52,tierA_p95,Mesenchymal,downstream_arrest,95.0,100.0,134.0,0.0044482089361369635,0.0019499607065059535,418.0,0.006241507206480679
7001_liver_sham_Male_52-U1,sham,52,tierA_p95,Mesenchymal,emt_ecm,0.0,5.0,48.0,0.17109999968670309,0.009768225708440768,49.0,0.19253938614713903
7001_liver_sham_Male_52-U1,sham,52,tierA_p95,Mesenchymal,emt_ecm,5.0,10.0,968.0,0.17336165301563325,0.002001185055402683,968.0,0.17555960731423068
7001_liver_sham_Male_52-U1,sham,52,tierA_p95,Mesenchymal,emt_ecm,10.0,15.0,1464.0,0.1678582378213047,0.0016712815894536228,1465.0,0.16993346095717682
7001_liver_sham_Male_52-U1,sham,52,tierA_p95,Mesenchymal,emt_ecm,15.0,20.0,1584.0,0.16586130066593108,0.0015748940289366685,1585.0,0.16651113565018905
7001_liver_sham_Male_52-U1,sham,52,tierA_p95,Mesenchymal,emt_ecm,20.0,25.0,1651.0,0.16467378547059122,0.0015820675820085396,1628.0,0.16613049768266114
7001_liver_sham_Male_52-U1,sham,52,tierA_p95,Mesenchymal,emt_ecm,25.0,30.0,1643.0,0.1636929458820069,0.0015519594136152903,1653.0,0.16178346650561692
7001_liver_sham_Male_52-U1,sham,52,tierA_p95,Mesenchymal,emt_ecm,30.0,35.0,1645.0,0.16042960491201255,0.0015078930621386297,1660.0,0.16184566277259868
7001_liver_sham_Male_52-U1,sham,52,tierA_p95,Mesenchymal,emt_ecm,35.0,40.0,1571.0,0.1623522087432255,0.0016284691358555788,1565.0,0.1622700573162387
7001_liver_sham_Male_52-U1,sham,52,tierA_p95,Mesenchymal,emt_ecm,40.0,45.0,1535.0,0.1606315504823256,0.0016384443222208043,1519.0,0.15996389069801062
7001_liver_sham_Male_52-U1,sham,52,tierA_p95,Mesenchymal,emt_ecm,45.0,50.0,1341.0,0.1591698806027977,0.0016797298565128784,1355.0,0.16060592608863136
7001_liver_sham_Male_52-U1,sham,52,tierA_p95,Mesenchymal,emt_ecm,50.0,55.0,1149.0,0.15970926874238606,0.0018388905208575322,1113.0,0.15842348597910313
7001_liver_sham_Male_52-U1,sham,52,tierA_p95,Mesenchymal,emt_ecm,55.0,60.0,1023.0,0.15961682299226668,0.0019400522690652647,987.0,0.1621462714829102
7001_liver_sham_Male_52-U1,sham,52,tierA_p95,Mesenchymal,emt_ecm,60.0,65.0,827.0,0.16439244240475087,0.0021664408479958107,779.0,0.16026960199266022
7001_liver_sham_Male_52-U1,sham,52,tierA_p95,Mesenchymal,emt_ecm,65.0,70.0,667.0,0.16091529242177752,0.0024645436425786297,626.0,0.15846091100928217
7001_liver_sham_Male_52-U1,sham,52,tierA_p95,Mesenchymal,emt_ecm,70.0,75.0,561.0,0.15552071310951643,0.0025002385728044477,527.0,0.1595816697432276
7001_liver_sham_Male_52-U1,sham,52,tierA_p95,Mesenchymal,emt_ecm,75.0,80.0,452.0,0.16221165948390828,0.002996943013009409,420.0,0.15657183327933863
7001_liver_sham_Male_52-U1,sham,52,tierA_p95,Mesenchymal,emt_ecm,80.0,85.0,317.0,0.1522634382820938,0.003663888980484837,294.0,0.1570506804229907
7001_liver_sham_Male_52-U1,sham,52,tierA_p95,Mesenchymal,emt_ecm,85.0,90.0,261.0,0.1631040999458896,0.0036097915711541507,248.0,0.15321096753881824
7001_liver_sham_Male_52-U1,sham,52,tierA_p95,Mesenchymal,emt_ecm,90.0,95.0,208.0,0.15519009627706298,0.004267828548867002,190.0,0.15117805241852214
7001_liver_sham_Male_52-U1,sham,52,tierA_p95,Mesenchymal,emt_ecm,95.0,100.0,134.0,0.1446563433438762,0.005508387473586038,418.0,0.14574124393583626
7001_liver_sham_Male_52-U1,sham,52,tierA_p95,Mesenchymal,il6_jak_stat3,0.0,5.0,48.0,0.0076141667110884255,0.005790505091758908,49.0,0.0024728569591463048
7001_liver_sham_Male_52-U1,sham,52,tierA_p95,Mesenchymal,il6_jak_stat3,5.0,10.0,968.0,0.008633398784597887,0.0013570817058790173,968.0,0.008035351298087695
7001_liver_sham_Male_52-U1,sham,52,tierA_p95,Mesenchymal,il6_jak_stat3,10.0,15.0,1464.0,0.005542308725003859,0.0010319710143030785,1465.0,0.006243365156760681
7001_liver_sham_Male_52-U1,sham,52,tierA_p95,Mesenchymal,il6_jak_stat3,15.0,20.0,1584.0,0.006235220957368063,0.0010141271579075656,1585.0,0.007238220801740945
7001_liver_sham_Male_52-U1,sham,52,tierA_p95,Mesenchymal,il6_jak_stat3,20.0,25.0,1651.0,0.006334021800860086,0.000999133730114738,1628.0,0.00738673216149032
7001_liver_sham_Male_52-U1,sham,52,tierA_p95,Mesenchymal,il6_jak_stat3,25.0,30.0,1643.0,0.006682659769042558,0.001030392095929229,1653.0,0.004980308453155958
7001_liver_sham_Male_52-U1,sham,52,tierA_p95,Mesenchymal,il6_jak_stat3,30.0,35.0,1645.0,0.004772650446451912,0.0009871628708218714,1660.0,0.00567887952515611
7001_liver_sham_Male_52-U1,sham,52,tierA_p95,Mesenchymal,il6_jak_stat3,35.0,40.0,1571.0,0.005942826224265636,0.0009523980781834023,1565.0,0.005929725219196374
7001_liver_sham_Male_52-U1,sham,52,tierA_p95,Mesenchymal,il6_jak_stat3,40.0,45.0,1535.0,0.005950208441099794,0.0010262142164017861,1519.0,0.0049931994918342975
7001_liver_sham_Male_52-U1,sham,52,tierA_p95,Mesenchymal,il6_jak_stat3,45.0,50.0,1341.0,0.004686659231460558,0.001098718738286348,1355.0,0.005340605188657081
7001_liver_sham_Male_52-U1,sham,52,tierA_p95,Mesenchymal,il6_jak_stat3,50.0,55.0,1149.0,0.00566468232353571,0.0011619423999873234,1113.0,0.0051121294082426185
7001_liver_sham_Male_52-U1,sham,52,tierA_p95,Mesenchymal,il6_jak_stat3,55.0,60.0,1023.0,0.007120381262218707,0.0012960654901686883,987.0,0.005132867328920598
7001_liver_sham_Male_52-U1,sham,52,tierA_p95,Mesenchymal,il6_jak_stat3,60.0,65.0,827.0,0.0032361064296236677,0.0013332313374918746,779.0,0.007363594359632633
7001_liver_sham_Male_52-U1,sham,52,tierA_p95,Mesenchymal,il6_jak_stat3,65.0,70.0,667.0,0.007903208500278746,0.0016484896669695021,626.0,0.005529920138086166
7001_liver_sham_Male_52-U1,sham,52,tierA_p95,Mesenchymal,il6_jak_stat3,70.0,75.0,561.0,0.00547306580403801,0.0017551435444505528,527.0,0.00999631885577442
7001_liver_sham_Male_52-U1,sham,52,tierA_p95,Mesenchymal,il6_jak_stat3,75.0,80.0,452.0,0.008214535332634887,0.0018902793565161338,420.0,0.0053406428834672885
7001_liver_sham_Male_52-U1,sham,52,tierA_p95,Mesenchymal,il6_jak_stat3,80.0,85.0,317.0,0.006797003135696929,0.0024365476454911847,294.0,0.0025105442175959226
7001_liver_sham_Male_52-U1,sham,52,tierA_p95,Mesenchymal,il6_jak_stat3,85.0,90.0,261.0,0.004599578573789547,0.002147878182167523,248.0,0.004343467751251381
7001_liver_sham_Male_52-U1,sham,52,tierA_p95,Mesenchymal,il6_jak_stat3,90.0,95.0,208.0,0.0053437980461519775,0.002631712617622734,190.0,0.007873473601763468
7001_liver_sham_Male_52-U1,sham,52,tierA_p95,Mesenchymal,il6_jak_stat3,95.0,100.0,134.0,0.004393806018273228,0.0036470764024918324,418.0,0.003000382724737205
7001_liver_sham_Male_52-U1,sham,52,tierA_p95,Mesenchymal,interferon_response,0.0,5.0,48.0,0.025197500128645817,0.0053171385795361395,49.0,0.017522244907830064
7001_liver_sham_Male_52-U1,sham,52,tierA_p95,Mesenchymal,interferon_response,5.0,10.0,968.0,0.02035177685312485,0.001072205927923378,968.0,0.022409504124192427
7001_liver_sham_Male_52-U1,sham,52,tierA_p95,Mesenchymal,interferon_response,10.0,15.0,1464.0,0.01878200819701405,0.0008822723069529497,1465.0,0.019977023915576715
7001_liver_sham_Male_52-U1,sham,52,tierA_p95,Mesenchymal,interferon_response,15.0,20.0,1584.0,0.017631571977864326,0.0008412933965188974,1585.0,0.018519280729073537
7001_liver_sham_Male_52-U1,sham,52,tierA_p95,Mesenchymal,interferon_response,20.0,25.0,1651.0,0.01842796488184179,0.0008120581637430259,1628.0,0.01943539923268946
7001_liver_sham_Male_52-U1,sham,52,tierA_p95,Mesenchymal,interferon_response,25.0,30.0,1643.0,0.017287924534557544,0.000826049994785584,1653.0,0.01722313370141442
7001_liver_sham_Male_52-U1,sham,52,tierA_p95,Mesenchymal,interferon_response,30.0,35.0,1645.0,0.017946571362540385,0.0007915026561176005,1660.0,0.017583102455465856
7001_liver_sham_Male_52-U1,sham,52,tierA_p95,Mesenchymal,interferon_response,35.0,40.0,1571.0,0.019212100529037265,0.0008199657858386531,1565.0,0.01691990411732658
7001_liver_sham_Male_52-U1,sham,52,tierA_p95,Mesenchymal,interferon_response,40.0,45.0,1535.0,0.01827399349018817,0.0008481464112927054,1519.0,0.016728946627573793
7001_liver_sham_Male_52-U1,sham,52,tierA_p95,Mesenchymal,interferon_response,45.0,50.0,1341.0,0.015861029120710003,0.0008816321455274419,1355.0,0.017280287797051798
7001_liver_sham_Male_52-U1,sham,52,tierA_p95,Mesenchymal,interferon_response,50.0,55.0,1149.0,0.01885259359478305,0.00095736816560781,1113.0,0.01728999999338189
7001_liver_sham_Male_52-U1,sham,52,tierA_p95,Mesenchymal,interferon_response,55.0,60.0,1023.0,0.014629970691805083,0.0010467485115485929,987.0,0.015878318143178482
7001_liver_sham_Male_52-U1,sham,52,tierA_p95,Mesenchymal,interferon_response,60.0,65.0,827.0,0.01699477630595104,0.0011115871198276253,779.0,0.018055789504485355
7001_liver_sham_Male_52-U1,sham,52,tierA_p95,Mesenchymal,interferon_response,65.0,70.0,667.0,0.016698800600938445,0.0013134422694614214,626.0,0.015070958499441817
7001_liver_sham_Male_52-U1,sham,52,tierA_p95,Mesenchymal,interferon_response,70.0,75.0,561.0,0.01545415324248431,0.0013245143765426147,527.0,0.020942049438740323
7001_liver_sham_Male_52-U1,sham,52,tierA_p95,Mesenchymal,interferon_response,75.0,80.0,452.0,0.01792378325216007,0.0015070057606160494,420.0,0.014655976200083387
7001_liver_sham_Male_52-U1,sham,52,tierA_p95,Mesenchymal,interferon_response,80.0,85.0,317.0,0.01961965300272447,0.001977122121308004,294.0,0.015469183705729903
7001_liver_sham_Male_52-U1,sham,52,tierA_p95,Mesenchymal,interferon_response,85.0,90.0,261.0,0.01852356319048835,0.001803707222563642,248.0,0.0163017338953567
7001_liver_sham_Male_52-U1,sham,52,tierA_p95,Mesenchymal,interferon_response,90.0,95.0,208.0,0.017498269313923977,0.002185168464598089,190.0,0.01518047367545047
7001_liver_sham_Male_52-U1,sham,52,tierA_p95,Mesenchymal,interferon_response,95.0,100.0,134.0,0.017152537305278135,0.0026197487337470005,418.0,0.016544258434405316
7001_liver_sham_Male_52-U1,sham,52,tierA_p95,Mesenchymal,oxidative_stress,0.0,5.0,48.0,0.029709166651855412,0.008511782653419855,49.0,0.046749795967598956
7001_liver_sham_Male_52-U1,sham,52,tierA_p95,Mesenchymal,oxidative_stress,5.0,10.0,968.0,0.05823150823194241,0.0022215894979426146,968.0,0.05622526859325405
7001_liver_sham_Male_52-U1,sham,52,tierA_p95,Mesenchymal,oxidative_stress,10.0,15.0,1464.0,0.06998433069507197,0.0018122621599673337,1465.0,0.06930262115191979
7001_liver_sham_Male_52-U1,sham,52,tierA_p95,Mesenchymal,oxidative_stress,15.0,20.0,1584.0,0.07124575763854905,0.0016921728045964004,1585.0,0.07057762143253724
7001_liver_sham_Male_52-U1,sham,52,tierA_p95,Mesenchymal,oxidative_stress,20.0,25.0,1651.0,0.07224543910716111,0.0016364012943548376,1628.0,0.07251832309171928
7001_liver_sham_Male_52-U1,sham,52,tierA_p95,Mesenchymal,oxidative_stress,25.0,30.0,1643.0,0.07432979292807664,0.0016657428067483973,1653.0,0.07415258916443705
7001_liver_sham_Male_52-U1,sham,52,tierA_p95,Mesenchymal,oxidative_stress,30.0,35.0,1645.0,0.07861388451359175,0.0016590422535559136,1660.0,0.07671211444785841
7001_liver_sham_Male_52-U1,sham,52,tierA_p95,Mesenchymal,oxidative_stress,35.0,40.0,1571.0,0.07574144488938404,0.00168036820423733,1565.0,0.07374100319670594
7001_liver_sham_Male_52-U1,sham,52,tierA_p95,Mesenchymal,oxidative_stress,40.0,45.0,1535.0,0.07530650823400868,0.0017285219841095272,1519.0,0.07876648458326692
7001_liver_sham_Male_52-U1,sham,52,tierA_p95,Mesenchymal,oxidative_stress,45.0,50.0,1341.0,0.07372701717871756,0.0018968288515050764,1355.0,0.07698375647278126
7001_liver_sham_Male_52-U1,sham,52,tierA_p95,Mesenchymal,oxidative_stress,50.0,55.0,1149.0,0.07927875543136621,0.0020231646424911614,1113.0,0.07637987413634068
7001_liver_sham_Male_52-U1,sham,52,tierA_p95,Mesenchymal,oxidative_stress,55.0,60.0,1023.0,0.07978587485319132,0.0021500908813449128,987.0,0.07876292815488686
7001_liver_sham_Male_52-U1,sham,52,tierA_p95,Mesenchymal,oxidative_stress,60.0,65.0,827.0,0.07793937122054054,0.002289749995189754,779.0,0.07622622586480765
7001_liver_sham_Male_52-U1,sham,52,tierA_p95,Mesenchymal,oxidative_stress,65.0,70.0,667.0,0.0778432683400697,0.0025431682297550715,626.0,0.07771907349252577
7001_liver_sham_Male_52-U1,sham,52,tierA_p95,Mesenchymal,oxidative_stress,70.0,75.0,561.0,0.08379155065768971,0.0027778723403839114,527.0,0.08005280824217924
7001_liver_sham_Male_52-U1,sham,52,tierA_p95,Mesenchymal,oxidative_stress,75.0,80.0,452.0,0.07824311940470402,0.0031985039795430327,420.0,0.07673595230179282
7001_liver_sham_Male_52-U1,sham,52,tierA_p95,Mesenchymal,oxidative_stress,80.0,85.0,317.0,0.0772733121142871,0.0038927691789913455,294.0,0.08429057826486029
7001_liver_sham_Male_52-U1,sham,52,tierA_p95,Mesenchymal,oxidative_stress,85.0,90.0,261.0,0.07061344810419848,0.003943017390916881,248.0,0.08801330642393534
7001_liver_sham_Male_52-U1,sham,52,tierA_p95,Mesenchymal,oxidative_stress,90.0,95.0,208.0,0.08438725932557226,0.004699357110444381,190.0,0.08734952621682743
7001_liver_sham_Male_52-U1,sham,52,tierA_p95,Mesenchymal,oxidative_stress,95.0,100.0,134.0,0.09181432848198534,0.006368915249012525,418.0,0.08532897124591096
7001_liver_sham_Male_52-U1,sham,52,tierA_p95,Mesenchymal,secondary_senescence,0.0,5.0,48.0,0.014829374810991188,0.009486861598127528,49.0,0.006775918288384469
7001_liver_sham_Male_52-U1,sham,52,tierA_p95,Mesenchymal,secondary_senescence,5.0,10.0,968.0,0.00032082642778469327,0.0019531153547822017,968.0,0.0033418698694430917
7001_liver_sham_Male_52-U1,sham,52,tierA_p95,Mesenchymal,secondary_senescence,10.0,15.0,1464.0,-0.002019166630799077,0.001391414916114361,1465.0,-0.00040621165855753524
7001_liver_sham_Male_52-U1,sham,52,tierA_p95,Mesenchymal,secondary_senescence,15.0,20.0,1584.0,-0.0018020391685217643,0.0013854602338872887,1585.0,-0.0001768012439957137
7001_liver_sham_Male_52-U1,sham,52,tierA_p95,Mesenchymal,secondary_senescence,20.0,25.0,1651.0,-0.001530036346952057,0.0014360781685709891,1628.0,-0.001993765314823722
7001_liver_sham_Male_52-U1,sham,52,tierA_p95,Mesenchymal,secondary_senescence,25.0,30.0,1643.0,-0.0019707243094006493,0.0013682258905848201,1653.0,-0.0016633031162253315
7001_liver_sham_Male_52-U1,sham,52,tierA_p95,Mesenchymal,secondary_senescence,30.0,35.0,1645.0,-0.003314595765698794,0.0013256191880327232,1660.0,-0.0015804397253918704
7001_liver_sham_Male_52-U1,sham,52,tierA_p95,Mesenchymal,secondary_senescence,35.0,40.0,1571.0,-0.0024498917278963366,0.0013449288771544743,1565.0,-0.002148734822344595
7001_liver_sham_Male_52-U1,sham,52,tierA_p95,Mesenchymal,secondary_senescence,40.0,45.0,1535.0,-0.0013076612888508307,0.0015013840250220883,1519.0,-0.003758880895664362
7001_liver_sham_Male_52-U1,sham,52,tierA_p95,Mesenchymal,secondary_senescence,45.0,50.0,1341.0,-0.0014435421347927893,0.0015852374633615629,1355.0,-0.002283667856292555
7001_liver_sham_Male_52-U1,sham,52,tierA_p95,Mesenchymal,secondary_senescence,50.0,55.0,1149.0,-0.00014093992334222738,0.0017099226085914073,1113.0,-0.0004887871753613672
7001_liver_sham_Male_52-U1,sham,52,tierA_p95,Mesenchymal,secondary_senescence,55.0,60.0,1023.0,-0.0011844281811561135,0.001781885201722975,987.0,-0.0032921276509850507
7001_liver_sham_Male_52-U1,sham,52,tierA_p95,Mesenchymal,secondary_senescence,60.0,65.0,827.0,-0.001112091969421882,0.001988917197686483,779.0,-0.002469512196455161
7001_liver_sham_Male_52-U1,sham,52,tierA_p95,Mesenchymal,secondary_senescence,65.0,70.0,667.0,0.00033994004785592354,0.002046477273086622,626.0,-0.0019949362276892994
7001_liver_sham_Male_52-U1,sham,52,tierA_p95,Mesenchymal,secondary_senescence,70.0,75.0,561.0,-0.0018302496910158402,0.0023864256623423396,527.0,-0.000548709754741961
7001_liver_sham_Male_52-U1,sham,52,tierA_p95,Mesenchymal,secondary_senescence,75.0,80.0,452.0,-0.003120154759266676,0.002288218712919837,420.0,-0.0005637858221321256
7001_liver_sham_Male_52-U1,sham,52,tierA_p95,Mesenchymal,secondary_senescence,80.0,85.0,317.0,0.0001512303444961224,0.0031471645759578565,294.0,0.0007467348395639295
7001_liver_sham_Male_52-U1,sham,52,tierA_p95,Mesenchymal,secondary_senescence,85.0,90.0,261.0,-0.0027911111425766295,0.0031065004437347116,248.0,-0.005005564323372739
7001_liver_sham_Male_52-U1,sham,52,tierA_p95,Mesenchymal,secondary_senescence,90.0,95.0,208.0,0.0037653365171326394,0.004300231225176579,190.0,-0.0010291053291630785
7001_liver_sham_Male_52-U1,sham,52,tierA_p95,Mesenchymal,secondary_senescence,95.0,100.0,134.0,0.004317686502098926,0.005826471447382077,418.0,-0.00195105260120348
7001_liver_sham_Male_52-U1,sham,52,tierA_p95,Mesenchymal,tnfa_nfkb_proximal,0.0,5.0,48.0,0.0055833335015146686,0.004528979648102938,49.0,0.00504163254381452
7001_liver_sham_Male_52-U1,sham,52,tierA_p95,Mesenchymal,tnfa_nfkb_proximal,5.0,10.0,968.0,-0.0005999689907214868,0.0012518567586650873,968.0,0.0005875619697066258
7001_liver_sham_Male_52-U1,sham,52,tierA_p95,Mesenchymal,tnfa_nfkb_proximal,10.0,15.0,1464.0,-0.0023358674951791205,0.0008700076242365284,1465.0,-0.0011601843030790721
7001_liver_sham_Male_52-U1,sham,52,tierA_p95,Mesenchymal,tnfa_nfkb_proximal,15.0,20.0,1584.0,-0.0010666350693081584,0.000867415553842387,1585.0,-0.0027750157375363866
7001_liver_sham_Male_52-U1,sham,52,tierA_p95,Mesenchymal,tnfa_nfkb_proximal,20.0,25.0,1651.0,-0.0028391156906282067,0.0008526535256062301,1628.0,-0.0020163329219261023
7001_liver_sham_Male_52-U1,sham,52,tierA_p95,Mesenchymal,tnfa_nfkb_proximal,25.0,30.0,1643.0,-0.003711478997264097,0.0008467842583653597,1653.0,-0.0032906836082244924
7001_liver_sham_Male_52-U1,sham,52,tierA_p95,Mesenchymal,tnfa_nfkb_proximal,30.0,35.0,1645.0,-0.004216717304634005,0.0008019976440976111,1660.0,-0.003690957821301533
7001_liver_sham_Male_52-U1,sham,52,tierA_p95,Mesenchymal,tnfa_nfkb_proximal,35.0,40.0,1571.0,-0.0038691406709535957,0.0008244085685487116,1565.0,-0.0034904855901210646
7001_liver_sham_Male_52-U1,sham,52,tierA_p95,Mesenchymal,tnfa_nfkb_proximal,40.0,45.0,1535.0,-0.0026980456186969253,0.0009040300440660431,1519.0,-0.0041951217763348345
7001_liver_sham_Male_52-U1,sham,52,tierA_p95,Mesenchymal,tnfa_nfkb_proximal,45.0,50.0,1341.0,-0.004032102892245461,0.0009554455559881682,1355.0,-0.003098730643060122
7001_liver_sham_Male_52-U1,sham,52,tierA_p95,Mesenchymal,tnfa_nfkb_proximal,50.0,55.0,1149.0,-0.0024184943373269496,0.001031112531396793,1113.0,-0.003037133839322033
7001_liver_sham_Male_52-U1,sham,52,tierA_p95,Mesenchymal,tnfa_nfkb_proximal,55.0,60.0,1023.0,-0.0030521309814584975,0.0010709477905168046,987.0,-0.0043509624968731085
7001_liver_sham_Male_52-U1,sham,52,tierA_p95,Mesenchymal,tnfa_nfkb_proximal,60.0,65.0,827.0,-0.003136843985442007,0.0012103022602809412,779.0,-0.0035193067335982675
7001_liver_sham_Male_52-U1,sham,52,tierA_p95,Mesenchymal,tnfa_nfkb_proximal,65.0,70.0,667.0,-0.0025948875631072914,0.0012238427130051078,626.0,-0.004291677357969819
7001_liver_sham_Male_52-U1,sham,52,tierA_p95,Mesenchymal,tnfa_nfkb_proximal,70.0,75.0,561.0,-0.004129893073092625,0.001367021505652893,527.0,-0.00046559772738613423
7001_liver_sham_Male_52-U1,sham,52,tierA_p95,Mesenchymal,tnfa_nfkb_proximal,75.0,80.0,452.0,-0.003217986700718963,0.0013441080660334124,420.0,-0.0028299762210649317
7001_liver_sham_Male_52-U1,sham,52,tierA_p95,Mesenchymal,tnfa_nfkb_proximal,80.0,85.0,317.0,-0.001666624631905489,0.0019697527805471304,294.0,-0.0037795918272787604
7001_liver_sham_Male_52-U1,sham,52,tierA_p95,Mesenchymal,tnfa_nfkb_proximal,85.0,90.0,261.0,-0.005762682061776665,0.001762511345256973,248.0,-0.005777822597073898
7001_liver_sham_Male_52-U1,sham,52,tierA_p95,Mesenchymal,tnfa_nfkb_proximal,90.0,95.0,208.0,-0.0036205288872154665,0.0023942770661431806,190.0,-0.002901263286529636
7001_liver_sham_Male_52-U1,sham,52,tierA_p95,Mesenchymal,tnfa_nfkb_proximal,95.0,100.0,134.0,-0.0005866416639634477,0.0032432485635876785,418.0,-0.004390311072058736
7001_liver_sham_Male_52-U1,sham,52,tierA_p95,T/NK cells,downstream_arrest,0.0,5.0,25.0,0.02753719996660948,0.006774460396203885,276.0,0.025445833273609067
7001_liver_sham_Male_52-U1,sham,52,tierA_p95,T/NK cells,downstream_arrest,5.0,10.0,340.0,0.027642441219605268,0.0015796467576606077,288.0,0.029470868129768252
7001_liver_sham_Male_52-U1,sham,52,tierA_p95,T/NK cells,downstream_arrest,10.0,15.0,377.0,0.026461379368504942,0.0015462381335053055,378.0,0.023883809452079865
7001_liver_sham_Male_52-U1,sham,52,tierA_p95,T/NK cells,downstream_arrest,15.0,20.0,390.0,0.028092717817903925,0.001698530233000215,364.0,0.0255947526786438
7001_liver_sham_Male_52-U1,sham,52,tierA_p95,T/NK cells,downstream_arrest,20.0,25.0,389.0,0.024750642736472612,0.0013697869148649449,361.0,0.021977229891419883
7001_liver_sham_Male_52-U1,sham,52,tierA_p95,T/NK cells,downstream_arrest,25.0,30.0,417.0,0.023415515592100648,0.0013177465703166104,385.0,0.0247330649871649
7001_liver_sham_Male_52-U1,sham,52,tierA_p95,T/NK cells,downstream_arrest,30.0,35.0,382.0,0.026967041830818567,0.0014250190708800423,401.0,0.024621695837656565
7001_liver_sham_Male_52-U1,sham,52,tierA_p95,T/NK cells,downstream_arrest,35.0,40.0,387.0,0.024058966379274568,0.0013370967561454595,353.0,0.024618498533785248
7001_liver_sham_Male_52-U1,sham,52,tierA_p95,T/NK cells,downstream_arrest,40.0,45.0,374.0,0.02268133689455637,0.0013042220215973353,336.0,0.02597589283431305
7001_liver_sham_Male_52-U1,sham,52,tierA_p95,T/NK cells,downstream_arrest,45.0,50.0,347.0,0.02357913547711563,0.001402880719831044,278.0,0.02385071946523469
7001_liver_sham_Male_52-U1,sham,52,tierA_p95,T/NK cells,downstream_arrest,50.0,55.0,294.0,0.024907244809954286,0.0016547897706903525,266.0,0.025522330911310138
7001_liver_sham_Male_52-U1,sham,52,tierA_p95,T/NK cells,downstream_arrest,55.0,60.0,237.0,0.02365447263002375,0.0017184297942925764,242.0,0.028857975117927166
7001_liver_sham_Male_52-U1,sham,52,tierA_p95,T/NK cells,downstream_arrest,60.0,65.0,214.0,0.025155280363187302,0.0018048854699174298,207.0,0.026724734306400124
7001_liver_sham_Male_52-U1,sham,52,tierA_p95,T/NK cells,downstream_arrest,65.0,70.0,176.0,0.023228068250401437,0.0019336199986601942,174.0,0.02303172413349398
7001_liver_sham_Male_52-U1,sham,52,tierA_p95,T/NK cells,downstream_arrest,70.0,75.0,146.0,0.025743835696630413,0.002367008280971686,127.0,0.023978267780525288
7001_liver_sham_Male_52-U1,sham,52,tierA_p95,T/NK cells,downstream_arrest,75.0,80.0,97.0,0.024288350455198896,0.002916684344308938,101.0,0.027253465473393697
7001_liver_sham_Male_52-U1,sham,52,tierA_p95,T/NK cells,downstream_arrest,80.0,85.0,89.0,0.025524381968700275,0.0029683974221539717,59.0,0.02683999973077473
7001_liver_sham_Male_52-U1,sham,52,tierA_p95,T/NK cells,downstream_arrest,85.0,90.0,54.0,0.019077777684692085,0.0032463948667079646,64.0,0.02101796870420003
7001_liver_sham_Male_52-U1,sham,52,tierA_p95,T/NK cells,downstream_arrest,90.0,95.0,50.0,0.030769400200806558,0.004098295762483547,49.0,0.029707143043419728
7001_liver_sham_Male_52-U1,sham,52,tierA_p95,T/NK cells,downstream_arrest,95.0,100.0,34.0,0.027948529274641153,0.0050002825349129395,110.0,0.020600272668790158
7001_liver_sham_Male_52-U1,sham,52,tierA_p95,T/NK cells,emt_ecm,0.0,5.0,25.0,0.050989200049079954,0.010148985298239991,276.0,0.04681938427455717
7001_liver_sham_Male_52-U1,sham,52,tierA_p95,T/NK cells,emt_ecm,5.0,10.0,340.0,0.05178258785775089,0.003112001886216083,288.0,0.058005937459206
7001_liver_sham_Male_52-U1,sham,52,tierA_p95,T/NK cells,emt_ecm,10.0,15.0,377.0,0.050466419210279514,0.0028427394881576002,378.0,0.05301793650270883
7001_liver_sham_Male_52-U1,sham,52,tierA_p95,T/NK cells,emt_ecm,15.0,20.0,390.0,0.0529525126798268,0.002917638670126998,364.0,0.05218681288230013
7001_liver_sham_Male_52-U1,sham,52,tierA_p95,T/NK cells,emt_ecm,20.0,25.0,389.0,0.04554187658845233,0.0026061348859123448,361.0,0.051304459644880125
7001_liver_sham_Male_52-U1,sham,52,tierA_p95,T/NK cells,emt_ecm,25.0,30.0,417.0,0.045564004743099885,0.0025871003442660143,385.0,0.046852078118366065
7001_liver_sham_Male_52-U1,sham,52,tierA_p95,T/NK cells,emt_ecm,30.0,35.0,382.0,0.04629117802738163,0.0028595632464410827,401.0,0.038217181982802405
7001_liver_sham_Male_52-U1,sham,52,tierA_p95,T/NK cells,emt_ecm,35.0,40.0,387.0,0.04258656322612254,0.002673302566235001,353.0,0.04310240788163613
7001_liver_sham_Male_52-U1,sham,52,tierA_p95,T/NK cells,emt_ecm,40.0,45.0,374.0,0.04297794113642247,0.002940299951378341,336.0,0.04478324380319724
7001_liver_sham_Male_52-U1,sham,52,tierA_p95,T/NK cells,emt_ecm,45.0,50.0,347.0,0.03782659942465056,0.0025567314855883634,278.0,0.046327445986777
7001_liver_sham_Male_52-U1,sham,52,tierA_p95,T/NK cells,emt_ecm,50.0,55.0,294.0,0.046106292590624445,0.003332010878699944,266.0,0.03572330831519864
7001_liver_sham_Male_52-U1,sham,52,tierA_p95,T/NK cells,emt_ecm,55.0,60.0,237.0,0.036226413430227804,0.00326906160352624,242.0,0.03675140483205761
7001_liver_sham_Male_52-U1,sham,52,tierA_p95,T/NK cells,emt_ecm,60.0,65.0,214.0,0.04046457953450257,0.0034590212613283917,207.0,0.037253091521833905
7001_liver_sham_Male_52-U1,sham,52,tierA_p95,T/NK cells,emt_ecm,65.0,70.0,176.0,0.03717704556567531,0.004432805959873353,174.0,0.028962528872492337
7001_liver_sham_Male_52-U1,sham,52,tierA_p95,T/NK cells,emt_ecm,70.0,75.0,146.0,0.0352727395327822,0.004533585106121722,127.0,0.03169330736029482
7001_liver_sham_Male_52-U1,sham,52,tierA_p95,T/NK cells,emt_ecm,75.0,80.0,97.0,0.035403917615599544,0.005309609866385855,101.0,0.026402277353140158
7001_liver_sham_Male_52-U1,sham,52,tierA_p95,T/NK cells,emt_ecm,80.0,85.0,89.0,0.03614550541181855,0.0063883142910452296,59.0,0.03676762725266044
7001_liver_sham_Male_52-U1,sham,52,tierA_p95,T/NK cells,emt_ecm,85.0,90.0,54.0,0.03548666648074922,0.005458195511838249,64.0,0.05384421870257938
7001_liver_sham_Male_52-U1,sham,52,tierA_p95,T/NK cells,emt_ecm,90.0,95.0,50.0,0.03633779968949966,0.007206967770380849,49.0,0.04117081595622763
7001_liver_sham_Male_52-U1,sham,52,tierA_p95,T/NK cells,emt_ecm,95.0,100.0,34.0,0.026964117553742492,0.006173956580880027,110.0,0.029734454391555944
7001_liver_sham_Male_52-U1,sham,52,tierA_p95,T/NK cells,il6_jak_stat3,0.0,5.0,25.0,0.036810399945825335,0.009656978253542127,276.0,0.0327413768472584
7001_liver_sham_Male_52-U1,sham,52,tierA_p95,T/NK cells,il6_jak_stat3,5.0,10.0,340.0,0.036817823633293084,0.0027961160251735923,288.0,0.041380937506599165
7001_liver_sham_Male_52-U1,sham,52,tierA_p95,T/NK cells,il6_jak_stat3,10.0,15.0,377.0,0.03647241383264167,0.002460660921189342,378.0,0.03030259270811079
7001_liver_sham_Male_52-U1,sham,52,tierA_p95,T/NK cells,il6_jak_stat3,15.0,20.0,390.0,0.028811923055381602,0.0024572870045608936,364.0,0.035835934018605554
7001_liver_sham_Male_52-U1,sham,52,tierA_p95,T/NK cells,il6_jak_stat3,20.0,25.0,389.0,0.03135964006032082,0.0027402513792599797,361.0,0.031407673101641796
7001_liver_sham_Male_52-U1,sham,52,tierA_p95,T/NK cells,il6_jak_stat3,25.0,30.0,417.0,0.030401534853804337,0.00266682981899429,385.0,0.02938140271769764
7001_liver_sham_Male_52-U1,sham,52,tierA_p95,T/NK cells,il6_jak_stat3,30.0,35.0,382.0,0.030937356085267226,0.0025521770656559005,401.0,0.028538753109228706
7001_liver_sham_Male_52-U1,sham,52,tierA_p95,T/NK cells,il6_jak_stat3,35.0,40.0,387.0,0.027932170463935892,0.002396734633880909,353.0,0.028736005667921484
7001_liver_sham_Male_52-U1,sham,52,tierA_p95,T/NK cells,il6_jak_stat3,40.0,45.0,374.0,0.028845695212778646,0.002604745985582408,336.0,0.02306666672752943
7001_liver_sham_Male_52-U1,sham,52,tierA_p95,T/NK cells,il6_jak_stat3,45.0,50.0,347.0,0.02489371756017906,0.0026627889337474515,278.0,0.02289546762707517
7001_liver_sham_Male_52-U1,sham,52,tierA_p95,T/NK cells,il6_jak_stat3,50.0,55.0,294.0,0.024181700627288628,0.0028271051928802442,266.0,0.02649105251524939
7001_liver_sham_Male_52-U1,sham,52,tierA_p95,T/NK cells,il6_jak_stat3,55.0,60.0,237.0,0.025034261642801005,0.003117239869485655,242.0,0.02543809928189028
7001_liver_sham_Male_52-U1,sham,52,tierA_p95,T/NK cells,il6_jak_stat3,60.0,65.0,214.0,0.02155714964522805,0.0032399518592091613,207.0,0.02749299503949185
7001_liver_sham_Male_52-U1,sham,52,tierA_p95,T/NK cells,il6_jak_stat3,65.0,70.0,176.0,0.03002096604640511,0.0036798016108822084,174.0,0.027892816079855394
7001_liver_sham_Male_52-U1,sham,52,tierA_p95,T/NK cells,il6_jak_stat3,70.0,75.0,146.0,0.026564931486313045,0.003948710626952067,127.0,0.030153464533385865
7001_liver_sham_Male_52-U1,sham,52,tierA_p95,T/NK cells,il6_jak_stat3,75.0,80.0,97.0,0.024807525729444287,0.004980658126550767,101.0,0.02294891097728108
7001_liver_sham_Male_52-U1,sham,52,tierA_p95,T/NK cells,il6_jak_stat3,80.0,85.0,89.0,0.021068202210014708,0.004637246880028065,59.0,0.025207626956941214
7001_liver_sham_Male_52-U1,sham,52,tierA_p95,T/NK cells,il6_jak_stat3,85.0,90.0,54.0,0.03319092570045204,0.006347763217872079,64.0,0.026172031422902364
7001_liver_sham_Male_52-U1,sham,52,tierA_p95,T/NK cells,il6_jak_stat3,90.0,95.0,50.0,0.03531080016458873,0.0070028206241482685,49.0,0.027257142978131164
7001_liver_sham_Male_52-U1,sham,52,tierA_p95,T/NK cells,il6_jak_stat3,95.0,100.0,34.0,0.02895176473333884,0.009462058538064186,110.0,0.025443363751930355
7001_liver_sham_Male_52-U1,sham,52,tierA_p95,T/NK cells,interferon_response,0.0,5.0,25.0,0.06872279920615255,0.00966461641155149,276.0,0.05875431173616021
7001_liver_sham_Male_52-U1,sham,52,tierA_p95,T/NK cells,interferon_response,5.0,10.0,340.0,0.06144202942454927,0.002961634054593634,288.0,0.0658478124906752
7001_liver_sham_Male_52-U1,sham,52,tierA_p95,T/NK cells,interferon_response,10.0,15.0,377.0,0.05869692304592817,0.0025719460743895664,378.0,0.05754216933131656
7001_liver_sham_Male_52-U1,sham,52,tierA_p95,T/NK cells,interferon_response,15.0,20.0,390.0,0.053649153789499394,0.002181440856314988,364.0,0.05908008221262867
7001_liver_sham_Male_52-U1,sham,52,tierA_p95,T/NK cells,interferon_response,20.0,25.0,389.0,0.05030347030190272,0.0023355614513382536,361.0,0.05865216061022711
7001_liver_sham_Male_52-U1,sham,52,tierA_p95,T/NK cells,interferon_response,25.0,30.0,417.0,0.05579477215461585,0.0022132658214751807,385.0,0.05670805201327501
7001_liver_sham_Male_52-U1,sham,52,tierA_p95,T/NK cells,interferon_response,30.0,35.0,382.0,0.058581308967614286,0.002421381882734663,401.0,0.053932019948617946
7001_liver_sham_Male_52-U1,sham,52,tierA_p95,T/NK cells,interferon_response,35.0,40.0,387.0,0.05721436672479931,0.002510529643420268,353.0,0.05754631749703796
7001_liver_sham_Male_52-U1,sham,52,tierA_p95,T/NK cells,interferon_response,40.0,45.0,374.0,0.05653919790820315,0.0025960748918696323,336.0,0.05073285711307021
7001_liver_sham_Male_52-U1,sham,52,tierA_p95,T/NK cells,interferon_response,45.0,50.0,347.0,0.05239821340327127,0.002562972880885489,278.0,0.05048010792213043
7001_liver_sham_Male_52-U1,sham,52,tierA_p95,T/NK cells,interferon_response,50.0,55.0,294.0,0.05246258505648176,0.0029494661019262036,266.0,0.049711090058783734
7001_liver_sham_Male_52-U1,sham,52,tierA_p95,T/NK cells,interferon_response,55.0,60.0,237.0,0.052334219439355276,0.0033895419953235135,242.0,0.048919545581818304
7001_liver_sham_Male_52-U1,sham,52,tierA_p95,T/NK cells,interferon_response,60.0,65.0,214.0,0.05189149548469882,0.0032292500749912193,207.0,0.05561623195324606
7001_liver_sham_Male_52-U1,sham,52,tierA_p95,T/NK cells,interferon_response,65.0,70.0,176.0,0.0600230112673175,0.0037084565666440656,174.0,0.055835057288841826
7001_liver_sham_Male_52-U1,sham,52,tierA_p95,T/NK cells,interferon_response,70.0,75.0,146.0,0.05217589050063334,0.003726139905698448,127.0,0.04964692890277411
7001_liver_sham_Male_52-U1,sham,52,tierA_p95,T/NK cells,interferon_response,75.0,80.0,97.0,0.05025628858076987,0.004246259565227054,101.0,0.04599544531631163
7001_liver_sham_Male_52-U1,sham,52,tierA_p95,T/NK cells,interferon_response,80.0,85.0,89.0,0.04674539298180156,0.004063823287804878,59.0,0.047766101789775195
7001_liver_sham_Male_52-U1,sham,52,tierA_p95,T/NK cells,interferon_response,85.0,90.0,54.0,0.048663148169267784,0.006322678210421873,64.0,0.04800187510022624
7001_liver_sham_Male_52-U1,sham,52,tierA_p95,T/NK cells,interferon_response,90.0,95.0,50.0,0.05284660004079342,0.00694652339104438,49.0,0.05695469380470411
7001_liver_sham_Male_52-U1,sham,52,tierA_p95,T/NK cells,interferon_response,95.0,100.0,34.0,0.06003911795971148,0.008981853626419005,110.0,0.049262454188217154
7001_liver_sham_Male_52-U1,sham,52,tierA_p95,T/NK cells,oxidative_stress,0.0,5.0,25.0,0.053325599869713185,0.014318756901549537,276.0,0.06881170289309829
7001_liver_sham_Male_52-U1,sham,52,tierA_p95,T/NK cells,oxidative_stress,5.0,10.0,340.0,0.0719015586656443,0.004070855564477649,288.0,0.06561677056662221
7001_liver_sham_Male_52-U1,sham,52,tierA_p95,T/NK cells,oxidative_stress,10.0,15.0,377.0,0.08187705553995213,0.0037176369837718126,378.0,0.08084007946493489
7001_liver_sham_Male_52-U1,sham,52,tierA_p95,T/NK cells,oxidative_stress,15.0,20.0,390.0,0.07943005115614654,0.003567942795814488,364.0,0.07915392834315803
7001_liver_sham_Male_52-U1,sham,52,tierA_p95,T/NK cells,oxidative_stress,20.0,25.0,389.0,0.08553442158431035,0.0037686353621407126,361.0,0.07614753458928188
7001_liver_sham_Male_52-U1,sham,52,tierA_p95,T/NK cells,oxidative_stress,25.0,30.0,417.0,0.07770923277412316,0.0033763061446359178,385.0,0.0787550129778018
7001_liver_sham_Male_52-U1,sham,52,tierA_p95,T/NK cells,oxidative_stress,30.0,35.0,382.0,0.07726554987662294,0.003507626257947013,401.0,0.08725885283132258
7001_liver_sham_Male_52-U1,sham,52,tierA_p95,T/NK cells,oxidative_stress,35.0,40.0,387.0,0.08263658911339233,0.0037557909015030417,353.0,0.08193832858534125
7001_liver_sham_Male_52-U1,sham,52,tierA_p95,T/NK cells,oxidative_stress,40.0,45.0,374.0,0.07587026739326483,0.0036837334693312477,336.0,0.0879586013407312
7001_liver_sham_Male_52-U1,sham,52,tierA_p95,T/NK cells,oxidative_stress,45.0,50.0,347.0,0.08462193068776981,0.00397380585821689,278.0,0.07532165469974447
7001_liver_sham_Male_52-U1,sham,52,tierA_p95,T/NK cells,oxidative_stress,50.0,55.0,294.0,0.07884503381927085,0.004117426482976829,266.0,0.08500687994852424
7001_liver_sham_Male_52-U1,sham,52,tierA_p95,T/NK cells,oxidative_stress,55.0,60.0,237.0,0.0752983964167443,0.004772521765671548,242.0,0.08902086788047132
7001_liver_sham_Male_52-U1,sham,52,tierA_p95,T/NK cells,oxidative_stress,60.0,65.0,214.0,0.08388771038955604,0.004841236758555572,207.0,0.06668043490018412
7001_liver_sham_Male_52-U1,sham,52,tierA_p95,T/NK cells,oxidative_stress,65.0,70.0,176.0,0.07840857966485518,0.005351124955370181,174.0,0.09133385025746264
7001_liver_sham_Male_52-U1,sham,52,tierA_p95,T/NK cells,oxidative_stress,70.0,75.0,146.0,0.09061835620517217,0.006024408835958838,127.0,0.07929795265736747
7001_liver_sham_Male_52-U1,sham,52,tierA_p95,T/NK cells,oxidative_stress,75.0,80.0,97.0,0.08206288700985732,0.007431887559235269,101.0,0.08452346537430484
7001_liver_sham_Male_52-U1,sham,52,tierA_p95,T/NK cells,oxidative_stress,80.0,85.0,89.0,0.07834865195085451,0.006966238736639511,59.0,0.07914559310302138
7001_liver_sham_Male_52-U1,sham,52,tierA_p95,T/NK cells,oxidative_stress,85.0,90.0,54.0,0.09447370331596446,0.01038858599334735,64.0,0.07990328105370281
7001_liver_sham_Male_52-U1,sham,52,tierA_p95,T/NK cells,oxidative_stress,90.0,95.0,50.0,0.08935180017724634,0.010644246295397427,49.0,0.10493102004960636
7001_liver_sham_Male_52-U1,sham,52,tierA_p95,T/NK cells,oxidative_stress,95.0,100.0,34.0,0.10683882385766243,0.012759187876818975,110.0,0.08927854534069246
7001_liver_sham_Male_52-U1,sham,52,tierA_p95,T/NK cells,secondary_senescence,0.0,5.0,25.0,0.014064399935305118,0.008552281149831103,276.0,0.003038333209153042
7001_liver_sham_Male_52-U1,sham,52,tierA_p95,T/NK cells,secondary_senescence,5.0,10.0,340.0,0.01017947058297817,0.0034175342634159885,288.0,0.014183819440505532
7001_liver_sham_Male_52-U1,sham,52,tierA_p95,T/NK cells,secondary_senescence,10.0,15.0,377.0,0.006041936348823877,0.0029018603467979164,378.0,0.007666746029735324
7001_liver_sham_Male_52-U1,sham,52,tierA_p95,T/NK cells,secondary_senescence,15.0,20.0,390.0,0.0013964359006748942,0.0030357010129869197,364.0,0.006428296693159679
7001_liver_sham_Male_52-U1,sham,52,tierA_p95,T/NK cells,secondary_senescence,20.0,25.0,389.0,-0.0008861696744723135,0.002411778376745394,361.0,-0.00033725764971017486
7001_liver_sham_Male_52-U1,sham,52,tierA_p95,T/NK cells,secondary_senescence,25.0,30.0,417.0,-0.0018407915250121278,0.002502234654965347,385.0,-0.00040755843136659157
7001_liver_sham_Male_52-U1,sham,52,tierA_p95,T/NK cells,secondary_senescence,30.0,35.0,382.0,0.0009843194535440497,0.002881404071455857,401.0,-0.0013041396041013453
7001_liver_sham_Male_52-U1,sham,52,tierA_p95,T/NK cells,secondary_senescence,35.0,40.0,387.0,-0.004287958621387809,0.0027529168349839602,353.0,-0.0043416713727519405
7001_liver_sham_Male_52-U1,sham,52,tierA_p95,T/NK cells,secondary_senescence,40.0,45.0,374.0,-0.002287352927467091,0.002851284964044329,336.0,-0.0030558035586225395
7001_liver_sham_Male_52-U1,sham,52,tierA_p95,T/NK cells,secondary_senescence,45.0,50.0,347.0,-0.003552132623551295,0.0026532152820476964,278.0,-0.006321150947089153
7001_liver_sham_Male_52-U1,sham,52,tierA_p95,T/NK cells,secondary_senescence,50.0,55.0,294.0,-0.008088741371119838,0.0027398057098038915,266.0,-0.00893624061870667
7001_liver_sham_Male_52-U1,sham,52,tierA_p95,T/NK cells,secondary_senescence,55.0,60.0,237.0,-0.0013590717530035205,0.003482140663768763,242.0,-0.005727190230234646
7001_liver_sham_Male_52-U1,sham,52,tierA_p95,T/NK cells,secondary_senescence,60.0,65.0,214.0,-0.008829906513710739,0.0032782339695991017,207.0,-0.00650971008373024
7001_liver_sham_Male_52-U1,sham,52,tierA_p95,T/NK cells,secondary_senescence,65.0,70.0,176.0,-0.007584090891710234,0.003983437872100381,174.0,-0.006389425291703886
7001_liver_sham_Male_52-U1,sham,52,tierA_p95,T/NK cells,secondary_senescence,70.0,75.0,146.0,-0.006181232848488535,0.004177712824182374,127.0,-0.008247322869014112
7001_liver_sham_Male_52-U1,sham,52,tierA_p95,T/NK cells,secondary_senescence,75.0,80.0,97.0,0.0004184535151280309,0.004693599592340655,101.0,-0.019066138582022878
7001_liver_sham_Male_52-U1,sham,52,tierA_p95,T/NK cells,secondary_senescence,80.0,85.0,89.0,-0.019486292307212782,0.004933119573630433,59.0,-0.0027596613653551715
7001_liver_sham_Male_52-U1,sham,52,tierA_p95,T/NK cells,secondary_senescence,85.0,90.0,54.0,-0.00999740755974522,0.007396686496016454,64.0,-0.016830468654006836
7001_liver_sham_Male_52-U1,sham,52,tierA_p95,T/NK cells,secondary_senescence,90.0,95.0,50.0,-0.004200800113612786,0.006058918293636197,49.0,0.0007922451925934387
7001_liver_sham_Male_52-U1,sham,52,tierA_p95,T/NK cells,secondary_senescence,95.0,100.0,34.0,0.0006338237264357946,0.012059715913051312,110.0,-0.01585927285010588
7001_liver_sham_Male_52-U1,sham,52,tierA_p95,T/NK cells,tnfa_nfkb_proximal,0.0,5.0,25.0,0.010189999919384718,0.007063011421755257,276.0,0.004550869513943748
7001_liver_sham_Male_52-U1,sham,52,tierA_p95,T/NK cells,tnfa_nfkb_proximal,5.0,10.0,340.0,0.0075971176439077895,0.002055861679302246,288.0,0.007563090262136838
7001_liver_sham_Male_52-U1,sham,52,tierA_p95,T/NK cells,tnfa_nfkb_proximal,10.0,15.0,377.0,0.006078514512762256,0.001851408126657533,378.0,0.0026887037036421512
7001_liver_sham_Male_52-U1,sham,52,tierA_p95,T/NK cells,tnfa_nfkb_proximal,15.0,20.0,390.0,0.0008534871882707543,0.0018247783529375932,364.0,0.0032287362738605847
7001_liver_sham_Male_52-U1,sham,52,tierA_p95,T/NK cells,tnfa_nfkb_proximal,20.0,25.0,389.0,0.00023087407740431234,0.0018829666217127618,361.0,0.0037620775342638857
7001_liver_sham_Male_52-U1,sham,52,tierA_p95,T/NK cells,tnfa_nfkb_proximal,25.0,30.0,417.0,0.0009369304664358323,0.0016913729640298347,385.0,-0.0005823636128168021
7001_liver_sham_Male_52-U1,sham,52,tierA_p95,T/NK cells,tnfa_nfkb_proximal,30.0,35.0,382.0,0.0017227486907301838,0.001819615282790968,401.0,0.0013501495299274404
7001_liver_sham_Male_52-U1,sham,52,tierA_p95,T/NK cells,tnfa_nfkb_proximal,35.0,40.0,387.0,-0.002947209316622574,0.001562752756883997,353.0,0.0007441643135844421
7001_liver_sham_Male_52-U1,sham,52,tierA_p95,T/NK cells,tnfa_nfkb_proximal,40.0,45.0,374.0,1.3342240798370515e-05,0.001840834240434599,336.0,-0.00260574400979186
7001_liver_sham_Male_52-U1,sham,52,tierA_p95,T/NK cells,tnfa_nfkb_proximal,45.0,50.0,347.0,-0.0015752162755066422,0.0017830782505829387,278.0,-0.002077230252430225
7001_liver_sham_Male_52-U1,sham,52,tierA_p95,T/NK cells,tnfa_nfkb_proximal,50.0,55.0,294.0,-0.004877312894083788,0.0018223372863574788,266.0,-0.0021045488670883663
7001_liver_sham_Male_52-U1,sham,52,tierA_p95,T/NK cells,tnfa_nfkb_proximal,55.0,60.0,237.0,-0.0038166666215036127,0.0020096706433679634,242.0,-0.003996487682486099
7001_liver_sham_Male_52-U1,sham,52,tierA_p95,T/NK cells,tnfa_nfkb_proximal,60.0,65.0,214.0,-0.006057009310216782,0.0021969318261407765,207.0,-0.004010966086484872
7001_liver_sham_Male_52-U1,sham,52,tierA_p95,T/NK cells,tnfa_nfkb_proximal,65.0,70.0,176.0,0.0001048864208066582,0.0025742457640666222,174.0,-0.004078160876732041
7001_liver_sham_Male_52-U1,sham,52,tierA_p95,T/NK cells,tnfa_nfkb_proximal,70.0,75.0,146.0,-0.005983972664119529,0.002417411308558421,127.0,-0.009037086570554772
7001_liver_sham_Male_52-U1,sham,52,tierA_p95,T/NK cells,tnfa_nfkb_proximal,75.0,80.0,97.0,-0.0019723710966459717,0.0035716460533023768,101.0,-0.00967584164250679
7001_liver_sham_Male_52-U1,sham,52,tierA_p95,T/NK cells,tnfa_nfkb_proximal,80.0,85.0,89.0,-0.007738539408186053,0.003337083160385479,59.0,-0.0021891525293694478
7001_liver_sham_Male_52-U1,sham,52,tierA_p95,T/NK cells,tnfa_nfkb_proximal,85.0,90.0,54.0,-0.006301111057702521,0.004056344712411631,64.0,-0.0037690625122195343
7001_liver_sham_Male_52-U1,sham,52,tierA_p95,T/NK cells,tnfa_nfkb_proximal,90.0,95.0,50.0,-0.003552799996105023,0.004771948865568608,49.0,-0.007511020250641028
7001_liver_sham_Male_52-U1,sham,52,tierA_p95,T/NK cells,tnfa_nfkb_proximal,95.0,100.0,34.0,0.011296176607549354,0.007816130016458714,110.0,-0.006960818164754363
7001_liver_sham_Male_52-U1,sham,52,tierA_p95,vSMCs,downstream_arrest,0.0,5.0,9.0,0.018418889169374272,0.009409000843221516,166.0,0.005318433700957972
7001_liver_sham_Male_52-U1,sham,52,tierA_p95,vSMCs,downstream_arrest,5.0,10.0,140.0,0.008350214286838308,0.002139476327858244,123.0,0.00122292681683065
7001_liver_sham_Male_52-U1,sham,52,tierA_p95,vSMCs,downstream_arrest,10.0,15.0,237.0,0.00788405069748931,0.0014876016402826332,215.0,0.011738837154942217
7001_liver_sham_Male_52-U1,sham,52,tierA_p95,vSMCs,downstream_arrest,15.0,20.0,260.0,0.007397307651766684,0.0014245098657632558,266.0,0.00785736843271363
7001_liver_sham_Male_52-U1,sham,52,tierA_p95,vSMCs,downstream_arrest,20.0,25.0,316.0,0.009839683527734221,0.001305453197530066,244.0,0.00806897543492089
7001_liver_sham_Male_52-U1,sham,52,tierA_p95,vSMCs,downstream_arrest,25.0,30.0,291.0,0.008087903760362891,0.001283921381760884,306.0,0.010497091457164417
7001_liver_sham_Male_52-U1,sham,52,tierA_p95,vSMCs,downstream_arrest,30.0,35.0,283.0,0.008590883408315634,0.0013708321697033811,251.0,0.008510796804852094
7001_liver_sham_Male_52-U1,sham,52,tierA_p95,vSMCs,downstream_arrest,35.0,40.0,227.0,0.008137092522561775,0.0014225660892997682,224.0,0.010189508969850587
7001_liver_sham_Male_52-U1,sham,52,tierA_p95,vSMCs,downstream_arrest,40.0,45.0,232.0,0.008919224101379674,0.0014703257557562197,186.0,0.0056931720646780475
7001_liver_sham_Male_52-U1,sham,52,tierA_p95,vSMCs,downstream_arrest,45.0,50.0,176.0,0.005883636280693529,0.0016665076631305733,172.0,0.009124360506194895
7001_liver_sham_Male_52-U1,sham,52,tierA_p95,vSMCs,downstream_arrest,50.0,55.0,152.0,0.00961039477729891,0.0018945973049807308,162.0,0.006810246864421779
7001_liver_sham_Male_52-U1,sham,52,tierA_p95,vSMCs,downstream_arrest,55.0,60.0,138.0,0.007862898527030442,0.0019195751043110372,128.0,0.008949999885714988
7001_liver_sham_Male_52-U1,sham,52,tierA_p95,vSMCs,downstream_arrest,60.0,65.0,116.0,0.007591120677434133,0.0021596536270688076,99.0,0.008950808075799918
7001_liver_sham_Male_52-U1,sham,52,tierA_p95,vSMCs,downstream_arrest,65.0,70.0,82.0,0.005996341460381589,0.002617436935283533,85.0,0.009458235393771355
7001_liver_sham_Male_52-U1,sham,52,tierA_p95,vSMCs,downstream_arrest,70.0,75.0,55.0,0.01436618180014193,0.002622811716026415,70.0,0.011336428561896485
7001_liver_sham_Male_52-U1,sham,52,tierA_p95,vSMCs,downstream_arrest,75.0,80.0,52.0,0.010877115355889635,0.00333334965634661,47.0,0.01272808513896691
7001_liver_sham_Male_52-U1,sham,52,tierA_p95,vSMCs,downstream_arrest,80.0,85.0,35.0,0.008215714217034735,0.0028152754245355637,36.0,0.006982500120809871
7001_liver_sham_Male_52-U1,sham,52,tierA_p95,vSMCs,downstream_arrest,85.0,90.0,27.0,0.01103814812032161,0.004380704968367201,32.0,0.006425624851999601
7001_liver_sham_Male_52-U1,sham,52,tierA_p95,vSMCs,downstream_arrest,90.0,95.0,18.0,0.012055555630164841,0.004531107344475559,17.0,0.013405294048853274
7001_liver_sham_Male_52-U1,sham,52,tierA_p95,vSMCs,downstream_arrest,95.0,100.0,13.0,0.00847461549206995,0.003253324133364565,30.0,0.00895299998592236
7001_liver_sham_Male_52-U1,sham,52,tierA_p95,vSMCs,emt_ecm,0.0,5.0,9.0,0.07262555644330052,0.018741667843751617,166.0,0.07251668674625872
7001_liver_sham_Male_52-U1,sham,52,tierA_p95,vSMCs,emt_ecm,5.0,10.0,140.0,0.07500964259358756,0.005416259771991547,123.0,0.07968292663932013
7001_liver_sham_Male_52-U1,sham,52,tierA_p95,vSMCs,emt_ecm,10.0,15.0,237.0,0.07051751050241695,0.004381303920969517,215.0,0.0650527438993544
7001_liver_sham_Male_52-U1,sham,52,tierA_p95,vSMCs,emt_ecm,15.0,20.0,260.0,0.06183573087551989,0.003911615420633738,266.0,0.06092736826143035
7001_liver_sham_Male_52-U1,sham,52,tierA_p95,vSMCs,emt_ecm,20.0,25.0,316.0,0.052862658258509096,0.0032229570065351034,244.0,0.06148987689466296
7001_liver_sham_Male_52-U1,sham,52,tierA_p95,vSMCs,emt_ecm,25.0,30.0,291.0,0.057240240446432285,0.003990488114199394,306.0,0.0562685621360264
7001_liver_sham_Male_52-U1,sham,52,tierA_p95,vSMCs,emt_ecm,30.0,35.0,283.0,0.05669081277730661,0.003621201558408792,251.0,0.05091569708956269
7001_liver_sham_Male_52-U1,sham,52,tierA_p95,vSMCs,emt_ecm,35.0,40.0,227.0,0.05275092510098672,0.0040563694068507005,224.0,0.05270357161186569
7001_liver_sham_Male_52-U1,sham,52,tierA_p95,vSMCs,emt_ecm,40.0,45.0,232.0,0.048746034315439016,0.003468212601951217,186.0,0.05524209685777302
7001_liver_sham_Male_52-U1,sham,52,tierA_p95,vSMCs,emt_ecm,45.0,50.0,176.0,0.05159676118720116,0.004483412279346596,172.0,0.05469040686689686
7001_liver_sham_Male_52-U1,sham,52,tierA_p95,vSMCs,emt_ecm,50.0,55.0,152.0,0.053279736941285114,0.004729261475912951,162.0,0.05616876538305753
7001_liver_sham_Male_52-U1,sham,52,tierA_p95,vSMCs,emt_ecm,55.0,60.0,138.0,0.047375797076434224,0.004153043595652012,128.0,0.03992687499430758
7001_liver_sham_Male_52-U1,sham,52,tierA_p95,vSMCs,emt_ecm,60.0,65.0,116.0,0.048351379366820386,0.00538830842585101,99.0,0.043920303070420906
7001_liver_sham_Male_52-U1,sham,52,tierA_p95,vSMCs,emt_ecm,65.0,70.0,82.0,0.05754231680369164,0.007519761059447897,85.0,0.04641647053992047
7001_liver_sham_Male_52-U1,sham,52,tierA_p95,vSMCs,emt_ecm,70.0,75.0,55.0,0.03831490897573531,0.006631853998312995,70.0,0.04169914287880861
7001_liver_sham_Male_52-U1,sham,52,tierA_p95,vSMCs,emt_ecm,75.0,80.0,52.0,0.043244423044738,0.008219839199847005,47.0,0.03358191510097698
7001_liver_sham_Male_52-U1,sham,52,tierA_p95,vSMCs,emt_ecm,80.0,85.0,35.0,0.04736542820963743,0.008685287238157697,36.0,0.04044055542383123
7001_liver_sham_Male_52-U1,sham,52,tierA_p95,vSMCs,emt_ecm,85.0,90.0,27.0,0.06296074076521176,0.010629968304194723,32.0,0.040159375726943836
7001_liver_sham_Male_52-U1,sham,52,tierA_p95,vSMCs,emt_ecm,90.0,95.0,18.0,0.041131666305267975,0.011244583656699253,17.0,0.02683176497435745
7001_liver_sham_Male_52-U1,sham,52,tierA_p95,vSMCs,emt_ecm,95.0,100.0,13.0,0.0328015389207464,0.012740324170264761,30.0,0.028002000196526447
7001_liver_sham_Male_52-U1,sham,52,tierA_p95,vSMCs,il6_jak_stat3,0.0,5.0,9.0,0.06522555649280548,0.014965894222363342,166.0,0.043555180916488336
7001_liver_sham_Male_52-U1,sham,52,tierA_p95,vSMCs,il6_jak_stat3,5.0,10.0,140.0,0.04368442850547061,0.003921438545347275,123.0,0.0438871544717652
7001_liver_sham_Male_52-U1,sham,52,tierA_p95,vSMCs,il6_jak_stat3,10.0,15.0,237.0,0.03554974677459188,0.0030564922425461356,215.0,0.035013441838524416
7001_liver_sham_Male_52-U1,sham,52,tierA_p95,vSMCs,il6_jak_stat3,15.0,20.0,260.0,0.036031346288263405,0.003074360363514927,266.0,0.035179624179814926
7001_liver_sham_Male_52-U1,sham,52,tierA_p95,vSMCs,il6_jak_stat3,20.0,25.0,316.0,0.033637911465834634,0.0024107943533570957,244.0,0.03615196724899388
7001_liver_sham_Male_52-U1,sham,52,tierA_p95,vSMCs,il6_jak_stat3,25.0,30.0,291.0,0.03928161517031254,0.0025772259381748666,306.0,0.035514477211418004
7001_liver_sham_Male_52-U1,sham,52,tierA_p95,vSMCs,il6_jak_stat3,30.0,35.0,283.0,0.03591671388909651,0.002591468102157899,251.0,0.037572350633373316
7001_liver_sham_Male_52-U1,sham,52,tierA_p95,vSMCs,il6_jak_stat3,35.0,40.0,227.0,0.03804088103138003,0.0032818372076950575,224.0,0.03583169660383386
7001_liver_sham_Male_52-U1,sham,52,tierA_p95,vSMCs,il6_jak_stat3,40.0,45.0,232.0,0.0361564656577057,0.002912372098798957,186.0,0.03519838705899254
7001_liver_sham_Male_52-U1,sham,52,tierA_p95,vSMCs,il6_jak_stat3,45.0,50.0,176.0,0.03688994322651111,0.0034702062783720216,172.0,0.03225813953602398
7001_liver_sham_Male_52-U1,sham,52,tierA_p95,vSMCs,il6_jak_stat3,50.0,55.0,152.0,0.030779934194470115,0.0030433443035091977,162.0,0.03603012344890122
7001_liver_sham_Male_52-U1,sham,52,tierA_p95,vSMCs,il6_jak_stat3,55.0,60.0,138.0,0.0417881883863563,0.004348145044006477,128.0,0.03760406270657768
7001_liver_sham_Male_52-U1,sham,52,tierA_p95,vSMCs,il6_jak_stat3,60.0,65.0,116.0,0.03821568986439098,0.004411033652884002,99.0,0.033628989854766374
7001_liver_sham_Male_52-U1,sham,52,tierA_p95,vSMCs,il6_jak_stat3,65.0,70.0,82.0,0.033724512423604455,0.004337428381701255,85.0,0.03918188215808614
7001_liver_sham_Male_52-U1,sham,52,tierA_p95,vSMCs,il6_jak_stat3,70.0,75.0,55.0,0.03445018199484118,0.006006826392138945,70.0,0.03601257152695325
7001_liver_sham_Male_52-U1,sham,52,tierA_p95,vSMCs,il6_jak_stat3,75.0,80.0,52.0,0.033886538445445834,0.005971090227364389,47.0,0.029851914857801524
7001_liver_sham_Male_52-U1,sham,52,tierA_p95,vSMCs,il6_jak_stat3,80.0,85.0,35.0,0.020389428468687194,0.008030548499428067,36.0,0.03446583322430444
7001_liver_sham_Male_52-U1,sham,52,tierA_p95,vSMCs,il6_jak_stat3,85.0,90.0,27.0,0.03170037014340913,0.00819759911724334,32.0,0.04149406265059952
7001_liver_sham_Male_52-U1,sham,52,tierA_p95,vSMCs,il6_jak_stat3,90.0,95.0,18.0,0.033992778137972995,0.006982446755736533,17.0,0.03037117694175857
7001_liver_sham_Male_52-U1,sham,52,tierA_p95,vSMCs,il6_jak_stat3,95.0,100.0,13.0,0.031179230731840316,0.009889969290453077,30.0,0.03504500037524849
7001_liver_sham_Male_52-U1,sham,52,tierA_p95,vSMCs,interferon_response,0.0,5.0,9.0,0.04092777717030711,0.014507015618876287,166.0,0.024351506039194473
7001_liver_sham_Male_52-U1,sham,52,tierA_p95,vSMCs,interferon_response,5.0,10.0,140.0,0.0265119999023487,0.0028504844324350564,123.0,0.02451764234652595
7001_liver_sham_Male_52-U1,sham,52,tierA_p95,vSMCs,interferon_response,10.0,15.0,237.0,0.02060333340240147,0.0022918520730746427,215.0,0.021041860469690723
7001_liver_sham_Male_52-U1,sham,52,tierA_p95,vSMCs,interferon_response,15.0,20.0,260.0,0.023150269245133342,0.0022721463881683886,266.0,0.020696015044983567
7001_liver_sham_Male_52-U1,sham,52,tierA_p95,vSMCs,interferon_response,20.0,25.0,316.0,0.015161455630686185,0.0018905643880341336,244.0,0.016804958991162463
7001_liver_sham_Male_52-U1,sham,52,tierA_p95,vSMCs,interferon_response,25.0,30.0,291.0,0.022776219989479155,0.0021551685312699367,306.0,0.019498431345186723
7001_liver_sham_Male_52-U1,sham,52,tierA_p95,vSMCs,interferon_response,30.0,35.0,283.0,0.020089434630006335,0.002069136107320422,251.0,0.019910119547679336
7001_liver_sham_Male_52-U1,sham,52,tierA_p95,vSMCs,interferon_response,35.0,40.0,227.0,0.01948722463435394,0.002196594268693275,224.0,0.020369732082924332
7001_liver_sham_Male_52-U1,sham,52,tierA_p95,vSMCs,interferon_response,40.0,45.0,232.0,0.02049750003674615,0.0021782337550495384,186.0,0.017740215072364507
7001_liver_sham_Male_52-U1,sham,52,tierA_p95,vSMCs,interferon_response,45.0,50.0,176.0,0.018981647662836953,0.002571498663988352,172.0,0.021375639488660666
7001_liver_sham_Male_52-U1,sham,52,tierA_p95,vSMCs,interferon_response,50.0,55.0,152.0,0.012735000037585115,0.0025420754494561775,162.0,0.019035802396153743
7001_liver_sham_Male_52-U1,sham,52,tierA_p95,vSMCs,interferon_response,55.0,60.0,138.0,0.021015217394460047,0.0030337745155507227,128.0,0.02221796876119697
7001_liver_sham_Male_52-U1,sham,52,tierA_p95,vSMCs,interferon_response,60.0,65.0,116.0,0.021857672557134406,0.0033489486497403275,99.0,0.015418484908142927
7001_liver_sham_Male_52-U1,sham,52,tierA_p95,vSMCs,interferon_response,65.0,70.0,82.0,0.019270853565014876,0.0036853583969111673,85.0,0.021082705956445458
7001_liver_sham_Male_52-U1,sham,52,tierA_p95,vSMCs,interferon_response,70.0,75.0,55.0,0.015908181764693424,0.0036767503019217254,70.0,0.017668285723941933
7001_liver_sham_Male_52-U1,sham,52,tierA_p95,vSMCs,interferon_response,75.0,80.0,52.0,0.019568461338237215,0.004130122667764836,47.0,0.02128723390558933
7001_liver_sham_Male_52-U1,sham,52,tierA_p95,vSMCs,interferon_response,80.0,85.0,35.0,0.0140854282969875,0.004921463402942708,36.0,0.01677333310039507
7001_liver_sham_Male_52-U1,sham,52,tierA_p95,vSMCs,interferon_response,85.0,90.0,27.0,0.021286296244296763,0.005468099038472302,32.0,0.02028937539034814
7001_liver_sham_Male_52-U1,sham,52,tierA_p95,vSMCs,interferon_response,90.0,95.0,18.0,0.0160633334178581,0.005132956312058956,17.0,0.023841764558764064
7001_liver_sham_Male_52-U1,sham,52,tierA_p95,vSMCs,interferon_response,95.0,100.0,13.0,0.011306923509647068,0.012840324787494667,30.0,0.004049333293611805
7001_liver_sham_Male_52-U1,sham,52,tierA_p95,vSMCs,oxidative_stress,0.0,5.0,9.0,0.030532222448123827,0.030773960730247688,166.0,0.04044668665555508
7001_liver_sham_Male_52-U1,sham,52,tierA_p95,vSMCs,oxidative_stress,5.0,10.0,140.0,0.03313828546628689,0.0064831966109902,123.0,0.02539967466204908
7001_liver_sham_Male_52-U1,sham,52,tierA_p95,vSMCs,oxidative_stress,10.0,15.0,237.0,0.047704599053428984,0.00480312761245586,215.0,0.05623548817428284
7001_liver_sham_Male_52-U1,sham,52,tierA_p95,vSMCs,oxidative_stress,15.0,20.0,260.0,0.05940299990783947,0.0043955768892713735,266.0,0.057989962462684196
7001_liver_sham_Male_52-U1,sham,52,tierA_p95,vSMCs,oxidative_stress,20.0,25.0,316.0,0.058673227918179575,0.004003887124002347,244.0,0.06141327863130502
7001_liver_sham_Male_52-U1,sham,52,tierA_p95,vSMCs,oxidative_stress,25.0,30.0,291.0,0.057121340239961,0.004121154509452901,306.0,0.056753823616210175
7001_liver_sham_Male_52-U1,sham,52,tierA_p95,vSMCs,oxidative_stress,30.0,35.0,283.0,0.06371646620579086,0.00432570572980529,251.0,0.06513737066589997
7001_liver_sham_Male_52-U1,sham,52,tierA_p95,vSMCs,oxidative_stress,35.0,40.0,227.0,0.056762202719015185,0.004636840529648775,224.0,0.06860191997722202
7001_liver_sham_Male_52-U1,sham,52,tierA_p95,vSMCs,oxidative_stress,40.0,45.0,232.0,0.06310875010654102,0.0048322996008808225,186.0,0.0643752153551094
7001_liver_sham_Male_52-U1,sham,52,tierA_p95,vSMCs,oxidative_stress,45.0,50.0,176.0,0.05755755674644289,0.005401495738296468,172.0,0.050414418438882676
7001_liver_sham_Male_52-U1,sham,52,tierA_p95,vSMCs,oxidative_stress,50.0,55.0,152.0,0.06990210538022343,0.005809849536522468,162.0,0.05279425907595138
7001_liver_sham_Male_52-U1,sham,52,tierA_p95,vSMCs,oxidative_stress,55.0,60.0,138.0,0.06829528975599121,0.006085991433950009,128.0,0.06486726560888201
7001_liver_sham_Male_52-U1,sham,52,tierA_p95,vSMCs,oxidative_stress,60.0,65.0,116.0,0.06957051741633692,0.006343646050508071,99.0,0.05932141371974439
7001_liver_sham_Male_52-U1,sham,52,tierA_p95,vSMCs,oxidative_stress,65.0,70.0,82.0,0.05939780504168749,0.007505772657521987,85.0,0.06895035305060446
7001_liver_sham_Male_52-U1,sham,52,tierA_p95,vSMCs,oxidative_stress,70.0,75.0,55.0,0.06581727248849348,0.009306195563330172,70.0,0.07864100006076374
7001_liver_sham_Male_52-U1,sham,52,tierA_p95,vSMCs,oxidative_stress,75.0,80.0,52.0,0.06405826945466778,0.009219200708459994,47.0,0.08789276531798408
7001_liver_sham_Male_52-U1,sham,52,tierA_p95,vSMCs,oxidative_stress,80.0,85.0,35.0,0.06071914333317961,0.012123377364828058,36.0,0.07058194420662606
7001_liver_sham_Male_52-U1,sham,52,tierA_p95,vSMCs,oxidative_stress,85.0,90.0,27.0,0.0664859256638145,0.010671589015891079,32.0,0.08636812501208624
7001_liver_sham_Male_52-U1,sham,52,tierA_p95,vSMCs,oxidative_stress,90.0,95.0,18.0,0.0721311101784118,0.014745174754254116,17.0,0.05403117591734318
7001_liver_sham_Male_52-U1,sham,52,tierA_p95,vSMCs,oxidative_stress,95.0,100.0,13.0,0.09550461617226784,0.02207480985562684,30.0,0.08008133235077063
7001_liver_sham_Male_52-U1,sham,52,tierA_p95,vSMCs,secondary_senescence,0.0,5.0,9.0,0.024481111102634005,0.01875447576193213,166.0,-0.0092586746363247
7001_liver_sham_Male_52-U1,sham,52,tierA_p95,vSMCs,secondary_senescence,5.0,10.0,140.0,-0.009465285787882749,0.0040369379015296756,123.0,-0.0008258534797914023
7001_liver_sham_Male_52-U1,sham,52,tierA_p95,vSMCs,secondary_senescence,10.0,15.0,237.0,-0.0049394935004527084,0.00330628071578021,215.0,-0.01047646488701968
7001_liver_sham_Male_52-U1,sham,52,tierA_p95,vSMCs,secondary_senescence,15.0,20.0,260.0,-0.008404538287700583,0.0034606457697900495,266.0,-0.006893571437103674
7001_liver_sham_Male_52-U1,sham,52,tierA_p95,vSMCs,secondary_senescence,20.0,25.0,316.0,-0.008098386239320854,0.00281152329471392,244.0,-0.00993520497739483
7001_liver_sham_Male_52-U1,sham,52,tierA_p95,vSMCs,secondary_senescence,25.0,30.0,291.0,-0.01966975932569592,0.0026026525513643847,306.0,-0.013475359506521593
7001_liver_sham_Male_52-U1,sham,52,tierA_p95,vSMCs,secondary_senescence,30.0,35.0,283.0,-0.009704946995056283,0.0029752380342168744,251.0,-0.014221474216635008
7001_liver_sham_Male_52-U1,sham,52,tierA_p95,vSMCs,secondary_senescence,35.0,40.0,227.0,-0.011716211515107364,0.0035058980542562804,224.0,-0.012762857093288662
7001_liver_sham_Male_52-U1,sham,52,tierA_p95,vSMCs,secondary_senescence,40.0,45.0,232.0,-0.01931297416063146,0.002899024789321326,186.0,-0.009745376304909837
7001_liver_sham_Male_52-U1,sham,52,tierA_p95,vSMCs,secondary_senescence,45.0,50.0,176.0,-0.016142556785449746,0.003927925441359263,172.0,-0.021356627917686086
7001_liver_sham_Male_52-U1,sham,52,tierA_p95,vSMCs,secondary_senescence,50.0,55.0,152.0,-0.022131052568224015,0.003684977855833513,162.0,-0.013941419761056435
7001_liver_sham_Male_52-U1,sham,52,tierA_p95,vSMCs,secondary_senescence,55.0,60.0,138.0,-0.015076014519908695,0.004111339128830227,128.0,-0.017090703133817442
7001_liver_sham_Male_52-U1,sham,52,tierA_p95,vSMCs,secondary_senescence,60.0,65.0,116.0,-0.010968103337478984,0.004448252000215447,99.0,-0.016583434020191423
7001_liver_sham_Male_52-U1,sham,52,tierA_p95,vSMCs,secondary_senescence,65.0,70.0,82.0,-0.015112072924682984,0.00510815759488754,85.0,-0.01344541175674428
7001_liver_sham_Male_52-U1,sham,52,tierA_p95,vSMCs,secondary_senescence,70.0,75.0,55.0,-0.018408363477580927,0.005358343512619495,70.0,-0.013801714232457536
7001_liver_sham_Male_52-U1,sham,52,tierA_p95,vSMCs,secondary_senescence,75.0,80.0,52.0,-0.0061269230410779035,0.006072907758238203,47.0,-0.02850340435558811
7001_liver_sham_Male_52-U1,sham,52,tierA_p95,vSMCs,secondary_senescence,80.0,85.0,35.0,-0.025175999690379414,0.007371092326766034,36.0,-0.018061943889026426
7001_liver_sham_Male_52-U1,sham,52,tierA_p95,vSMCs,secondary_senescence,85.0,90.0,27.0,-0.003284814819279644,0.0065947375906977,32.0,-0.012621249683434144
7001_liver_sham_Male_52-U1,sham,52,tierA_p95,vSMCs,secondary_senescence,90.0,95.0,18.0,-0.014933333059565889,0.009115585688445995,17.0,-0.014692941440871972
7001_liver_sham_Male_52-U1,sham,52,tierA_p95,vSMCs,secondary_senescence,95.0,100.0,13.0,-0.03149615433693935,0.009986442903696843,30.0,-0.045977333114327244
7001_liver_sham_Male_52-U1,sham,52,tierA_p95,vSMCs,tnfa_nfkb_proximal,0.0,5.0,9.0,0.03918333346438077,0.009475405219448035,166.0,0.015126927624192196
7001_liver_sham_Male_52-U1,sham,52,tierA_p95,vSMCs,tnfa_nfkb_proximal,5.0,10.0,140.0,0.014268071395677647,0.002777840134109418,123.0,0.020547154482885414
7001_liver_sham_Male_52-U1,sham,52,tierA_p95,vSMCs,tnfa_nfkb_proximal,10.0,15.0,237.0,0.019373839669138828,0.00212212966228124,215.0,0.013751395220470988
7001_liver_sham_Male_52-U1,sham,52,tierA_p95,vSMCs,tnfa_nfkb_proximal,15.0,20.0,260.0,0.015608923107916221,0.001904284596913016,266.0,0.014556127888100403
7001_liver_sham_Male_52-U1,sham,52,tierA_p95,vSMCs,tnfa_nfkb_proximal,20.0,25.0,316.0,0.013957721490879533,0.0017748044103876484,244.0,0.011936352470777328
7001_liver_sham_Male_52-U1,sham,52,tierA_p95,vSMCs,tnfa_nfkb_proximal,25.0,30.0,291.0,0.01184089344162478,0.0018107249604800298,306.0,0.01241065353821671
7001_liver_sham_Male_52-U1,sham,52,tierA_p95,vSMCs,tnfa_nfkb_proximal,30.0,35.0,283.0,0.014342862159357646,0.0019085455498559997,251.0,0.013900557799131212
7001_liver_sham_Male_52-U1,sham,52,tierA_p95,vSMCs,tnfa_nfkb_proximal,35.0,40.0,227.0,0.011947797310445252,0.0022509526781143065,224.0,0.010291116034165628
7001_liver_sham_Male_52-U1,sham,52,tierA_p95,vSMCs,tnfa_nfkb_proximal,40.0,45.0,232.0,0.012124741367956474,0.0019670396282674865,186.0,0.011268655920209694
7001_liver_sham_Male_52-U1,sham,52,tierA_p95,vSMCs,tnfa_nfkb_proximal,45.0,50.0,176.0,0.009168636354615955,0.0024299534902176337,172.0,0.010148778948479409
7001_liver_sham_Male_52-U1,sham,52,tierA_p95,vSMCs,tnfa_nfkb_proximal,50.0,55.0,152.0,0.009729868276640206,0.0022450994144100245,162.0,0.011949197612853756
7001_liver_sham_Male_52-U1,sham,52,tierA_p95,vSMCs,tnfa_nfkb_proximal,55.0,60.0,138.0,0.01087449270130162,0.0027130505724272044,128.0,0.016602656204213417
7001_liver_sham_Male_52-U1,sham,52,tierA_p95,vSMCs,tnfa_nfkb_proximal,60.0,65.0,116.0,0.01471974144856333,0.002963525933711618,99.0,0.010106565694458726
7001_liver_sham_Male_52-U1,sham,52,tierA_p95,vSMCs,tnfa_nfkb_proximal,65.0,70.0,82.0,0.008896585222562241,0.0028276842162528195,85.0,0.011976117483401836
7001_liver_sham_Male_52-U1,sham,52,tierA_p95,vSMCs,tnfa_nfkb_proximal,70.0,75.0,55.0,0.004927818269722841,0.0037865794336657934,70.0,0.01753657131775981
7001_liver_sham_Male_52-U1,sham,52,tierA_p95,vSMCs,tnfa_nfkb_proximal,75.0,80.0,52.0,0.008677499882861203,0.00413396141960919,47.0,0.001750425519508389
7001_liver_sham_Male_52-U1,sham,52,tierA_p95,vSMCs,tnfa_nfkb_proximal,80.0,85.0,35.0,0.007426000003969031,0.005118251718850111,36.0,0.009241666757993193
7001_liver_sham_Male_52-U1,sham,52,tierA_p95,vSMCs,tnfa_nfkb_proximal,85.0,90.0,27.0,0.007348888853340651,0.004740959860433768,32.0,0.011257187561568571
7001_liver_sham_Male_52-U1,sham,52,tierA_p95,vSMCs,tnfa_nfkb_proximal,90.0,95.0,18.0,0.006278888737142552,0.0064581290640859995,17.0,0.020492352634284866
7001_liver_sham_Male_52-U1,sham,52,tierA_p95,vSMCs,tnfa_nfkb_proximal,95.0,100.0,13.0,0.00619384609700109,0.006354249051136432,30.0,0.006721666501834989
7248_liver_sham_Male_26-U1,sham,26,tierA_p95,Biliary/ductular,downstream_arrest,0.0,5.0,115.0,0.022548434853366495,0.0027825989937106145,519.0,0.0188307322054022
7248_liver_sham_Male_26-U1,sham,26,tierA_p95,Biliary/ductular,downstream_arrest,5.0,10.0,1253.0,0.019474493199242833,0.000726327315599367,1100.0,0.018748163618577316
7248_liver_sham_Male_26-U1,sham,26,tierA_p95,Biliary/ductular,downstream_arrest,10.0,15.0,1087.0,0.018787065313434145,0.0007580950829999786,1033.0,0.019189699909408255
7248_liver_sham_Male_26-U1,sham,26,tierA_p95,Biliary/ductular,downstream_arrest,15.0,20.0,943.0,0.01865268293531911,0.0008211913437378937,984.0,0.019844451275627013
7248_liver_sham_Male_26-U1,sham,26,tierA_p95,Biliary/ductular,downstream_arrest,20.0,25.0,828.0,0.01823219807057913,0.000908539314733781,830.0,0.019624337351285565
7248_liver_sham_Male_26-U1,sham,26,tierA_p95,Biliary/ductular,downstream_arrest,25.0,30.0,812.0,0.02002636703505926,0.0008361001531717926,631.0,0.0198505388252324
7248_liver_sham_Male_26-U1,sham,26,tierA_p95,Biliary/ductular,downstream_arrest,30.0,35.0,646.0,0.02080854485608627,0.0010604899559491137,551.0,0.02010221413101698
7248_liver_sham_Male_26-U1,sham,26,tierA_p95,Biliary/ductular,downstream_arrest,35.0,40.0,528.0,0.018145795400373158,0.00117708681666155,482.0,0.019417883806816773
7248_liver_sham_Male_26-U1,sham,26,tierA_p95,Biliary/ductular,downstream_arrest,40.0,45.0,421.0,0.017540285071648985,0.0012615553382680916,377.0,0.015750450902009834
7248_liver_sham_Male_26-U1,sham,26,tierA_p95,Biliary/ductular,downstream_arrest,45.0,50.0,341.0,0.016070029335538583,0.0012877640407372736,339.0,0.015855545738004018
7248_liver_sham_Male_26-U1,sham,26,tierA_p95,Biliary/ductular,downstream_arrest,50.0,55.0,237.0,0.016908987367950344,0.0014377594122350994,246.0,0.019566382058175392
7248_liver_sham_Male_26-U1,sham,26,tierA_p95,Biliary/ductular,downstream_arrest,55.0,60.0,208.0,0.02366110581362171,0.0017941341288783789,181.0,0.01922348062752216
7248_liver_sham_Male_26-U1,sham,26,tierA_p95,Biliary/ductular,downstream_arrest,60.0,65.0,151.0,0.0211304635937412,0.0019348513392817767,169.0,0.018328402376442336
7248_liver_sham_Male_26-U1,sham,26,tierA_p95,Biliary/ductular,downstream_arrest,65.0,70.0,96.0,0.020458125002884724,0.0029574643558706966,128.0,0.019402187547314043
7248_liver_sham_Male_26-U1,sham,26,tierA_p95,Biliary/ductular,downstream_arrest,70.0,75.0,91.0,0.017132747282560628,0.0033423300134280314,106.0,0.01966764153731451
7248_liver_sham_Male_26-U1,sham,26,tierA_p95,Biliary/ductular,downstream_arrest,75.0,80.0,85.0,0.01936211777604459,0.002358662634774495,65.0,0.01678384618851571
7248_liver_sham_Male_26-U1,sham,26,tierA_p95,Biliary/ductular,downstream_arrest,80.0,85.0,43.0,0.019558372055884277,0.004812390649680057,54.0,0.018820370293084393
7248_liver_sham_Male_26-U1,sham,26,tierA_p95,Biliary/ductular,downstream_arrest,85.0,90.0,38.0,0.017170526598898794,0.0032809683947007603,35.0,0.01629942874216275
7248_liver_sham_Male_26-U1,sham,26,tierA_p95,Biliary/ductular,downstream_arrest,90.0,95.0,15.0,0.006767999846488237,0.006917399136183172,39.0,0.01905641047200427
7248_liver_sham_Male_26-U1,sham,26,tierA_p95,Biliary/ductular,downstream_arrest,95.0,100.0,20.0,0.021805500012123957,0.005178461903186402,89.0,0.021151348261759104
7248_liver_sham_Male_26-U1,sham,26,tierA_p95,Biliary/ductular,emt_ecm,0.0,5.0,115.0,0.04242826075465216,0.0032186967618523404,519.0,0.04556816954829702
7248_liver_sham_Male_26-U1,sham,26,tierA_p95,Biliary/ductular,emt_ecm,5.0,10.0,1253.0,0.051769161983832364,0.0012502475966724375,1100.0,0.04966537265482409
7248_liver_sham_Male_26-U1,sham,26,tierA_p95,Biliary/ductular,emt_ecm,10.0,15.0,1087.0,0.049660377060723036,0.0013862275289454507,1033.0,0.04938144232509677
7248_liver_sham_Male_26-U1,sham,26,tierA_p95,Biliary/ductular,emt_ecm,15.0,20.0,943.0,0.0494806787730807,0.0014298067022693597,984.0,0.050585873909723175
7248_liver_sham_Male_26-U1,sham,26,tierA_p95,Biliary/ductular,emt_ecm,20.0,25.0,828.0,0.049052632772866006,0.001590521835349815,830.0,0.046453469806252236
7248_liver_sham_Male_26-U1,sham,26,tierA_p95,Biliary/ductular,emt_ecm,25.0,30.0,812.0,0.04845209360663933,0.0015850457200274005,631.0,0.04751058638213194
7248_liver_sham_Male_26-U1,sham,26,tierA_p95,Biliary/ductular,emt_ecm,30.0,35.0,646.0,0.044630495452096984,0.0017280689954745254,551.0,0.04895666059601617
7248_liver_sham_Male_26-U1,sham,26,tierA_p95,Biliary/ductular,emt_ecm,35.0,40.0,528.0,0.04412636354859525,0.0018744506923233381,482.0,0.046557946011508415
7248_liver_sham_Male_26-U1,sham,26,tierA_p95,Biliary/ductular,emt_ecm,40.0,45.0,421.0,0.049309358677263826,0.0021548267595785544,377.0,0.04520827588237021
7248_liver_sham_Male_26-U1,sham,26,tierA_p95,Biliary/ductular,emt_ecm,45.0,50.0,341.0,0.04834486808814928,0.0026538429383810157,339.0,0.048084837726631476
7248_liver_sham_Male_26-U1,sham,26,tierA_p95,Biliary/ductular,emt_ecm,50.0,55.0,237.0,0.05206691962439628,0.003275272227259831,246.0,0.046141870100263174
7248_liver_sham_Male_26-U1,sham,26,tierA_p95,Biliary/ductular,emt_ecm,55.0,60.0,208.0,0.04669754794382733,0.0031896082268361983,181.0,0.05554386734749732
7248_liver_sham_Male_26-U1,sham,26,tierA_p95,Biliary/ductular,emt_ecm,60.0,65.0,151.0,0.048624569284174565,0.003968194617902998,169.0,0.05451183433275251
7248_liver_sham_Male_26-U1,sham,26,tierA_p95,Biliary/ductular,emt_ecm,65.0,70.0,96.0,0.048555103910985054,0.004739476952886008,128.0,0.056343281236877374
7248_liver_sham_Male_26-U1,sham,26,tierA_p95,Biliary/ductular,emt_ecm,70.0,75.0,91.0,0.050257142969652766,0.004468827829015418,106.0,0.04617009481869831
7248_liver_sham_Male_26-U1,sham,26,tierA_p95,Biliary/ductular,emt_ecm,75.0,80.0,85.0,0.04694741181318771,0.005264283096222481,65.0,0.05794969261265718
7248_liver_sham_Male_26-U1,sham,26,tierA_p95,Biliary/ductular,emt_ecm,80.0,85.0,43.0,0.0440734883480662,0.006023248103945783,54.0,0.0453227773455351
7248_liver_sham_Male_26-U1,sham,26,tierA_p95,Biliary/ductular,emt_ecm,85.0,90.0,38.0,0.05130210505970018,0.007697261211372657,35.0,0.04066599976836837
7248_liver_sham_Male_26-U1,sham,26,tierA_p95,Biliary/ductular,emt_ecm,90.0,95.0,15.0,0.061476666604479153,0.011848583047327844,39.0,0.05951051253270215
7248_liver_sham_Male_26-U1,sham,26,tierA_p95,Biliary/ductular,emt_ecm,95.0,100.0,20.0,0.04222749995678896,0.00882853567536234,89.0,0.05512449448618232
7248_liver_sham_Male_26-U1,sham,26,tierA_p95,Biliary/ductular,il6_jak_stat3,0.0,5.0,115.0,-0.013696956490267717,0.0033734758867792272,519.0,-0.017456666688454518
7248_liver_sham_Male_26-U1,sham,26,tierA_p95,Biliary/ductular,il6_jak_stat3,5.0,10.0,1253.0,-0.017984860331611997,0.0009706121364212808,1100.0,-0.01630812729228637
7248_liver_sham_Male_26-U1,sham,26,tierA_p95,Biliary/ductular,il6_jak_stat3,10.0,15.0,1087.0,-0.016270542823456902,0.001026304490075631,1033.0,-0.01759218775588729
7248_liver_sham_Male_26-U1,sham,26,tierA_p95,Biliary/ductular,il6_jak_stat3,15.0,20.0,943.0,-0.016262789026964375,0.0010938702406837373,984.0,-0.01662544719380922
7248_liver_sham_Male_26-U1,sham,26,tierA_p95,Biliary/ductular,il6_jak_stat3,20.0,25.0,828.0,-0.018677041096505465,0.001210830257840667,830.0,-0.016083698810926073
7248_liver_sham_Male_26-U1,sham,26,tierA_p95,Biliary/ductular,il6_jak_stat3,25.0,30.0,812.0,-0.01942721676663173,0.0011486147563869854,631.0,-0.0171302536133217
7248_liver_sham_Male_26-U1,sham,26,tierA_p95,Biliary/ductular,il6_jak_stat3,30.0,35.0,646.0,-0.019371129948759003,0.0013316451513586958,551.0,-0.020674500918938497
7248_liver_sham_Male_26-U1,sham,26,tierA_p95,Biliary/ductular,il6_jak_stat3,35.0,40.0,528.0,-0.020505643862592973,0.0014201237226757566,482.0,-0.020889999963008873
7248_liver_sham_Male_26-U1,sham,26,tierA_p95,Biliary/ductular,il6_jak_stat3,40.0,45.0,421.0,-0.017253515469204832,0.0016532114053198577,377.0,-0.018438461610624495
7248_liver_sham_Male_26-U1,sham,26,tierA_p95,Biliary/ductular,il6_jak_stat3,45.0,50.0,341.0,-0.01949856307104406,0.001783404146856186,339.0,-0.022658937966370692
7248_liver_sham_Male_26-U1,sham,26,tierA_p95,Biliary/ductular,il6_jak_stat3,50.0,55.0,237.0,-0.016332489392427405,0.0021945084081168107,246.0,-0.02056178870980961
7248_liver_sham_Male_26-U1,sham,26,tierA_p95,Biliary/ductular,il6_jak_stat3,55.0,60.0,208.0,-0.022732788515266014,0.002089344091455786,181.0,-0.019107790080957802
7248_liver_sham_Male_26-U1,sham,26,tierA_p95,Biliary/ductular,il6_jak_stat3,60.0,65.0,151.0,-0.015133178793279368,0.002700453467326248,169.0,-0.01788627212218246
7248_liver_sham_Male_26-U1,sham,26,tierA_p95,Biliary/ductular,il6_jak_stat3,65.0,70.0,96.0,-0.022499895896241167,0.003450331096632407,128.0,-0.018470937438507917
7248_liver_sham_Male_26-U1,sham,26,tierA_p95,Biliary/ductular,il6_jak_stat3,70.0,75.0,91.0,-0.013846153782611548,0.0040014784184388905,106.0,-0.025072924575997947
7248_liver_sham_Male_26-U1,sham,26,tierA_p95,Biliary/ductular,il6_jak_stat3,75.0,80.0,85.0,-0.024322352961719255,0.0036165478094019143,65.0,-0.02210738456163269
7248_liver_sham_Male_26-U1,sham,26,tierA_p95,Biliary/ductular,il6_jak_stat3,80.0,85.0,43.0,-0.024783255838312555,0.004493167782664991,54.0,-0.020198148440276446
7248_liver_sham_Male_26-U1,sham,26,tierA_p95,Biliary/ductular,il6_jak_stat3,85.0,90.0,38.0,-0.01756105279070509,0.005216724986813418,35.0,-0.009444571492661322
7248_liver_sham_Male_26-U1,sham,26,tierA_p95,Biliary/ductular,il6_jak_stat3,90.0,95.0,15.0,-0.01210999966909488,0.01189538673813926,39.0,-0.027113846025596827
7248_liver_sham_Male_26-U1,sham,26,tierA_p95,Biliary/ductular,il6_jak_stat3,95.0,100.0,20.0,-0.015937500142899807,0.007040800580467977,89.0,-0.022133483017109375
7248_liver_sham_Male_26-U1,sham,26,tierA_p95,Biliary/ductular,interferon_response,0.0,5.0,115.0,-0.004699130310188554,0.00287586572869198,519.0,-0.009310616547028604
7248_liver_sham_Male_26-U1,sham,26,tierA_p95,Biliary/ductular,interferon_response,5.0,10.0,1253.0,-0.010363463648991964,0.0008173303215183724,1100.0,-0.011113245429028624
7248_liver_sham_Male_26-U1,sham,26,tierA_p95,Biliary/ductular,interferon_response,10.0,15.0,1087.0,-0.009817884099367097,0.00090670499629901,1033.0,-0.009156340790205424
7248_liver_sham_Male_26-U1,sham,26,tierA_p95,Biliary/ductular,interferon_response,15.0,20.0,943.0,-0.008549374348058626,0.0009652806201065671,984.0,-0.008017632091384546
7248_liver_sham_Male_26-U1,sham,26,tierA_p95,Biliary/ductular,interferon_response,20.0,25.0,828.0,-0.007529625603853415,0.0009658409520131038,830.0,-0.008190168636595566
7248_liver_sham_Male_26-U1,sham,26,tierA_p95,Biliary/ductular,interferon_response,25.0,30.0,812.0,-0.0085785837201436,0.0009981967878406278,631.0,-0.008135736925445492
7248_liver_sham_Male_26-U1,sham,26,tierA_p95,Biliary/ductular,interferon_response,30.0,35.0,646.0,-0.011411300292539093,0.0010812471962219038,551.0,-0.011144972799863276
7248_liver_sham_Male_26-U1,sham,26,tierA_p95,Biliary/ductular,interferon_response,35.0,40.0,528.0,-0.010802765156726806,0.0012148023511378643,482.0,-0.009184419107641513
7248_liver_sham_Male_26-U1,sham,26,tierA_p95,Biliary/ductular,interferon_response,40.0,45.0,421.0,-0.009530095017687671,0.0013002539239070684,377.0,-0.007078806333310547
7248_liver_sham_Male_26-U1,sham,26,tierA_p95,Biliary/ductular,interferon_response,45.0,50.0,341.0,-0.005742873920834776,0.0016463127236687036,339.0,-0.0087597049998058
7248_liver_sham_Male_26-U1,sham,26,tierA_p95,Biliary/ductular,interferon_response,50.0,55.0,237.0,-0.008589535822381707,0.001889851334500619,246.0,-0.009169634206341655
7248_liver_sham_Male_26-U1,sham,26,tierA_p95,Biliary/ductular,interferon_response,55.0,60.0,208.0,-0.007376153863613301,0.001988876586020541,181.0,-0.0067180110130700904
7248_liver_sham_Male_26-U1,sham,26,tierA_p95,Biliary/ductular,interferon_response,60.0,65.0,151.0,-0.007007748382366478,0.0026439223698305685,169.0,-0.006053372716101317
7248_liver_sham_Male_26-U1,sham,26,tierA_p95,Biliary/ductular,interferon_response,65.0,70.0,96.0,-0.004615521018270859,0.004156755002679098,128.0,-0.009777187463896553
7248_liver_sham_Male_26-U1,sham,26,tierA_p95,Biliary/ductular,interferon_response,70.0,75.0,91.0,-0.007037692226851385,0.003205973816574242,106.0,-0.012626132109083832
7248_liver_sham_Male_26-U1,sham,26,tierA_p95,Biliary/ductular,interferon_response,75.0,80.0,85.0,-0.009887646985075929,0.003158984561618714,65.0,-0.010797076899325474
7248_liver_sham_Male_26-U1,sham,26,tierA_p95,Biliary/ductular,interferon_response,80.0,85.0,43.0,-0.006091395229897137,0.004979250388761518,54.0,-0.008651296321423379
7248_liver_sham_Male_26-U1,sham,26,tierA_p95,Biliary/ductular,interferon_response,85.0,90.0,38.0,-0.00956710521744466,0.005090993200209035,35.0,-0.0113088571017475
7248_liver_sham_Male_26-U1,sham,26,tierA_p95,Biliary/ductular,interferon_response,90.0,95.0,15.0,0.0043213334555427235,0.00857547592077977,39.0,-0.011258974172867453
7248_liver_sham_Male_26-U1,sham,26,tierA_p95,Biliary/ductular,interferon_response,95.0,100.0,20.0,-0.022135000000707804,0.005831522398901206,89.0,-0.004844719168237604
7248_liver_sham_Male_26-U1,sham,26,tierA_p95,Biliary/ductular,oxidative_stress,0.0,5.0,115.0,0.06954617383510239,0.006957897480023569,519.0,0.07724173413853157
7248_liver_sham_Male_26-U1,sham,26,tierA_p95,Biliary/ductular,oxidative_stress,5.0,10.0,1253.0,0.06858581801796837,0.0020838688583169535,1100.0,0.0742609910806641
7248_liver_sham_Male_26-U1,sham,26,tierA_p95,Biliary/ductular,oxidative_stress,10.0,15.0,1087.0,0.08217475628911919,0.002352048084013958,1033.0,0.07444484998895885
7248_liver_sham_Male_26-U1,sham,26,tierA_p95,Biliary/ductular,oxidative_stress,15.0,20.0,943.0,0.08387201482468123,0.0025347921272284987,984.0,0.07964299798791254
7248_liver_sham_Male_26-U1,sham,26,tierA_p95,Biliary/ductular,oxidative_stress,20.0,25.0,828.0,0.08602923909217684,0.002707516000896966,830.0,0.08710380707329549
7248_liver_sham_Male_26-U1,sham,26,tierA_p95,Biliary/ductular,oxidative_stress,25.0,30.0,812.0,0.08982089893667533,0.0027175006874823097,631.0,0.09144286856008399
7248_liver_sham_Male_26-U1,sham,26,tierA_p95,Biliary/ductular,oxidative_stress,30.0,35.0,646.0,0.09280294134323384,0.003082540230787003,551.0,0.09989802170200053
7248_liver_sham_Male_26-U1,sham,26,tierA_p95,Biliary/ductular,oxidative_stress,35.0,40.0,528.0,0.10153768929806327,0.0034883020656284645,482.0,0.09432966812073951
7248_liver_sham_Male_26-U1,sham,26,tierA_p95,Biliary/ductular,oxidative_stress,40.0,45.0,421.0,0.09716049900307898,0.003800458676112856,377.0,0.10702397886378659
7248_liver_sham_Male_26-U1,sham,26,tierA_p95,Biliary/ductular,oxidative_stress,45.0,50.0,341.0,0.1063473901565117,0.00427996984780507,339.0,0.11149761061081773
7248_liver_sham_Male_26-U1,sham,26,tierA_p95,Biliary/ductular,oxidative_stress,50.0,55.0,237.0,0.10716059050947145,0.004948019088138055,246.0,0.09816975601547082
7248_liver_sham_Male_26-U1,sham,26,tierA_p95,Biliary/ductular,oxidative_stress,55.0,60.0,208.0,0.10861004825458692,0.005697336637017766,181.0,0.1038422650163633
7248_liver_sham_Male_26-U1,sham,26,tierA_p95,Biliary/ductular,oxidative_stress,60.0,65.0,151.0,0.09814198691300957,0.00592874835700729,169.0,0.10280337230303771
7248_liver_sham_Male_26-U1,sham,26,tierA_p95,Biliary/ductular,oxidative_stress,65.0,70.0,96.0,0.09790864612538523,0.007421884735227981,128.0,0.0962470310939807
7248_liver_sham_Male_26-U1,sham,26,tierA_p95,Biliary/ductular,oxidative_stress,70.0,75.0,91.0,0.1188521979192456,0.0073190151655314895,106.0,0.1146024532686427
7248_liver_sham_Male_26-U1,sham,26,tierA_p95,Biliary/ductular,oxidative_stress,75.0,80.0,85.0,0.1072717644575545,0.008548396141572611,65.0,0.11357076934431322
7248_liver_sham_Male_26-U1,sham,26,tierA_p95,Biliary/ductular,oxidative_stress,80.0,85.0,43.0,0.10830883696393738,0.010130676491850517,54.0,0.12217666672680665
7248_liver_sham_Male_26-U1,sham,26,tierA_p95,Biliary/ductular,oxidative_stress,85.0,90.0,38.0,0.10772263062627692,0.011717500705546115,35.0,0.12228800031755652
7248_liver_sham_Male_26-U1,sham,26,tierA_p95,Biliary/ductular,oxidative_stress,90.0,95.0,15.0,0.10345866704980532,0.024390888499361465,39.0,0.10634487102894734
7248_liver_sham_Male_26-U1,sham,26,tierA_p95,Biliary/ductular,oxidative_stress,95.0,100.0,20.0,0.13283400116488336,0.020305719274653262,89.0,0.10625415760631349
7248_liver_sham_Male_26-U1,sham,26,tierA_p95,Biliary/ductular,secondary_senescence,0.0,5.0,115.0,0.006875565203676081,0.004980384270448068,519.0,0.005596531830659753
7248_liver_sham_Male_26-U1,sham,26,tierA_p95,Biliary/ductular,secondary_senescence,5.0,10.0,1253.0,0.00098146850782944,0.001441723671876751,1100.0,0.004817327322691033
7248_liver_sham_Male_26-U1,sham,26,tierA_p95,Biliary/ductular,secondary_senescence,10.0,15.0,1087.0,0.0017126863201039782,0.0014995361030089728,1033.0,-0.000338247772618091
7248_liver_sham_Male_26-U1,sham,26,tierA_p95,Biliary/ductular,secondary_senescence,15.0,20.0,943.0,0.0004044539591468242,0.0016341269243288462,984.0,0.0017440447261360236
7248_liver_sham_Male_26-U1,sham,26,tierA_p95,Biliary/ductular,secondary_senescence,20.0,25.0,828.0,-0.00014252409075575506,0.0016998490862095335,830.0,-0.006001132537582075
7248_liver_sham_Male_26-U1,sham,26,tierA_p95,Biliary/ductular,secondary_senescence,25.0,30.0,812.0,-0.004073682226849736,0.0017539711428476415,631.0,-0.001993882875072603
7248_liver_sham_Male_26-U1,sham,26,tierA_p95,Biliary/ductular,secondary_senescence,30.0,35.0,646.0,-0.0016946594218035797,0.0020643901450972477,551.0,-0.006405081540198144
7248_liver_sham_Male_26-U1,sham,26,tierA_p95,Biliary/ductular,secondary_senescence,35.0,40.0,528.0,-0.004581155324338011,0.002153482844926495,482.0,-0.0017016182300495562
7248_liver_sham_Male_26-U1,sham,26,tierA_p95,Biliary/ductular,secondary_senescence,40.0,45.0,421.0,-0.005664560610582336,0.002441476030738365,377.0,-0.00459371335015185
7248_liver_sham_Male_26-U1,sham,26,tierA_p95,Biliary/ductular,secondary_senescence,45.0,50.0,341.0,-0.0023480058720067713,0.0026173623009971133,339.0,-0.007730914496680705
7248_liver_sham_Male_26-U1,sham,26,tierA_p95,Biliary/ductular,secondary_senescence,50.0,55.0,237.0,-0.0038618567077450864,0.0032682964834083697,246.0,-0.006754756076744099
7248_liver_sham_Male_26-U1,sham,26,tierA_p95,Biliary/ductular,secondary_senescence,55.0,60.0,208.0,-0.005711442333799473,0.0031651827147801165,181.0,-0.0030486740860753586
7248_liver_sham_Male_26-U1,sham,26,tierA_p95,Biliary/ductular,secondary_senescence,60.0,65.0,151.0,0.0026308610398917526,0.0036890672447638124,169.0,0.004365443686001311
7248_liver_sham_Male_26-U1,sham,26,tierA_p95,Biliary/ductular,secondary_senescence,65.0,70.0,96.0,-0.005890833484348453,0.004670511933020598,128.0,-0.0030927341950928167
7248_liver_sham_Male_26-U1,sham,26,tierA_p95,Biliary/ductular,secondary_senescence,70.0,75.0,91.0,-0.006378681370783802,0.004677435006877384,106.0,-0.004644811293988858
7248_liver_sham_Male_26-U1,sham,26,tierA_p95,Biliary/ductular,secondary_senescence,75.0,80.0,85.0,-0.0024630587965743067,0.004270418321946821,65.0,-0.011081384412066724
7248_liver_sham_Male_26-U1,sham,26,tierA_p95,Biliary/ductular,secondary_senescence,80.0,85.0,43.0,0.00011348855400154757,0.006821741430045224,54.0,-0.007080185119304116
7248_liver_sham_Male_26-U1,sham,26,tierA_p95,Biliary/ductular,secondary_senescence,85.0,90.0,38.0,-0.005748420959877733,0.007835699793407452,35.0,0.015197714298431362
7248_liver_sham_Male_26-U1,sham,26,tierA_p95,Biliary/ductular,secondary_senescence,90.0,95.0,15.0,-0.026299999662054083,0.011135165765445402,39.0,-0.007617692194449214
7248_liver_sham_Male_26-U1,sham,26,tierA_p95,Biliary/ductular,secondary_senescence,95.0,100.0,20.0,0.013063500262796878,0.007292999533236765,89.0,-0.0074947191339530305
7248_liver_sham_Male_26-U1,sham,26,tierA_p95,Biliary/ductular,tnfa_nfkb_proximal,0.0,5.0,115.0,0.0020219130244146545,0.0028005851473929806,519.0,-0.002152793878803917
7248_liver_sham_Male_26-U1,sham,26,tierA_p95,Biliary/ductular,tnfa_nfkb_proximal,5.0,10.0,1253.0,-0.0016599839990967399,0.000862984329503477,1100.0,-0.0008807999374932313
7248_liver_sham_Male_26-U1,sham,26,tierA_p95,Biliary/ductular,tnfa_nfkb_proximal,10.0,15.0,1087.0,-0.002634903409588263,0.0009122516380157776,1033.0,-0.0018780348221457842
7248_liver_sham_Male_26-U1,sham,26,tierA_p95,Biliary/ductular,tnfa_nfkb_proximal,15.0,20.0,943.0,-0.0010553764408800087,0.0009796805943781768,984.0,-0.0007964735793016521
7248_liver_sham_Male_26-U1,sham,26,tierA_p95,Biliary/ductular,tnfa_nfkb_proximal,20.0,25.0,828.0,-0.0036709782397984004,0.0010350409630768091,830.0,-0.0019893011658211205
7248_liver_sham_Male_26-U1,sham,26,tierA_p95,Biliary/ductular,tnfa_nfkb_proximal,25.0,30.0,812.0,-0.004056871916514784,0.0010047093433983778,631.0,-0.004335245613036688
7248_liver_sham_Male_26-U1,sham,26,tierA_p95,Biliary/ductular,tnfa_nfkb_proximal,30.0,35.0,646.0,-0.006284969017962157,0.0012092790354949914,551.0,-0.005824101608027996
7248_liver_sham_Male_26-U1,sham,26,tierA_p95,Biliary/ductular,tnfa_nfkb_proximal,35.0,40.0,528.0,-0.005297007555933912,0.0012809578030586535,482.0,-0.004841265586879045
7248_liver_sham_Male_26-U1,sham,26,tierA_p95,Biliary/ductular,tnfa_nfkb_proximal,40.0,45.0,421.0,-0.005993562995844256,0.001438751318555509,377.0,-0.006994854120392274
7248_liver_sham_Male_26-U1,sham,26,tierA_p95,Biliary/ductular,tnfa_nfkb_proximal,45.0,50.0,341.0,-0.005776246293305209,0.0016978954006065291,339.0,-0.008386165242369842
7248_liver_sham_Male_26-U1,sham,26,tierA_p95,Biliary/ductular,tnfa_nfkb_proximal,50.0,55.0,237.0,-0.004651940834851821,0.001870547338273339,246.0,-0.009981829297644957
7248_liver_sham_Male_26-U1,sham,26,tierA_p95,Biliary/ductular,tnfa_nfkb_proximal,55.0,60.0,208.0,-0.006972211602855028,0.0021399047066722483,181.0,-0.004270828647038305
7248_liver_sham_Male_26-U1,sham,26,tierA_p95,Biliary/ductular,tnfa_nfkb_proximal,60.0,65.0,151.0,-0.005128543024469439,0.002240152946810189,169.0,-0.0070689941906079525
7248_liver_sham_Male_26-U1,sham,26,tierA_p95,Biliary/ductular,tnfa_nfkb_proximal,65.0,70.0,96.0,-0.005882395783449586,0.002994692286974807,128.0,-0.008421484442635574
7248_liver_sham_Male_26-U1,sham,26,tierA_p95,Biliary/ductular,tnfa_nfkb_proximal,70.0,75.0,91.0,-0.006574175830042645,0.0031428552252353646,106.0,-0.012643301837395586
7248_liver_sham_Male_26-U1,sham,26,tierA_p95,Biliary/ductular,tnfa_nfkb_proximal,75.0,80.0,85.0,-0.005893764758537359,0.00290656225520071,65.0,-0.00497107673705054
7248_liver_sham_Male_26-U1,sham,26,tierA_p95,Biliary/ductular,tnfa_nfkb_proximal,80.0,85.0,43.0,-0.014106976653386291,0.003552266024565513,54.0,-0.011496111008994005
7248_liver_sham_Male_26-U1,sham,26,tierA_p95,Biliary/ductular,tnfa_nfkb_proximal,85.0,90.0,38.0,-0.010742894880853495,0.00313620610160596,35.0,-0.003280856952603374
7248_liver_sham_Male_26-U1,sham,26,tierA_p95,Biliary/ductular,tnfa_nfkb_proximal,90.0,95.0,15.0,-0.00824800015737613,0.007374941239088647,39.0,-0.012525897454440545
7248_liver_sham_Male_26-U1,sham,26,tierA_p95,Biliary/ductular,tnfa_nfkb_proximal,95.0,100.0,20.0,-0.0013699999544769526,0.007045520816214299,89.0,-0.01055898885844338
7248_liver_sham_Male_26-U1,sham,26,tierA_p95,Endothelial,downstream_arrest,0.0,5.0,38.0,-0.00657131596189605,0.004515059265506793,1753.0,-0.002631317751845105
7248_liver_sham_Male_26-U1,sham,26,tierA_p95,Endothelial,downstream_arrest,5.0,10.0,1086.0,-0.001607394097747005,0.0006625596949060296,995.0,-0.003070713587742341
7248_liver_sham_Male_26-U1,sham,26,tierA_p95,Endothelial,downstream_arrest,10.0,15.0,2696.0,-0.0007009643843752638,0.0004122597316593733,2578.0,-0.001228762619328765
7248_liver_sham_Male_26-U1,sham,26,tierA_p95,Endothelial,downstream_arrest,15.0,20.0,2826.0,-0.0006562880735789544,0.00040419588916134036,2732.0,-0.0008272291281764477
7248_liver_sham_Male_26-U1,sham,26,tierA_p95,Endothelial,downstream_arrest,20.0,25.0,3171.0,-0.0006245348256733761,0.0003847125194798662,3017.0,-5.2797470732672226e-05
7248_liver_sham_Male_26-U1,sham,26,tierA_p95,Endothelial,downstream_arrest,25.0,30.0,3267.0,-0.0009117539117706431,0.0003742080467139728,3168.0,-0.0011210605936563904
7248_liver_sham_Male_26-U1,sham,26,tierA_p95,Endothelial,downstream_arrest,30.0,35.0,3233.0,-0.0005023074391757968,0.00036956762024068597,3124.0,-0.00047094749013587025
7248_liver_sham_Male_26-U1,sham,26,tierA_p95,Endothelial,downstream_arrest,35.0,40.0,3003.0,-7.877456386424905e-05,0.0003800957312493573,2846.0,-0.0010471820309222025
7248_liver_sham_Male_26-U1,sham,26,tierA_p95,Endothelial,downstream_arrest,40.0,45.0,2709.0,-0.0007150756483440651,0.00040310957350678765,2469.0,-0.0008647428118126612
7248_liver_sham_Male_26-U1,sham,26,tierA_p95,Endothelial,downstream_arrest,45.0,50.0,2310.0,-0.0006987835557288334,0.0004287617316642238,2195.0,-0.00011490203966842731
7248_liver_sham_Male_26-U1,sham,26,tierA_p95,Endothelial,downstream_arrest,50.0,55.0,1940.0,-0.0003717886537433327,0.00047704227787325674,1732.0,-0.00042862587508676057
7248_liver_sham_Male_26-U1,sham,26,tierA_p95,Endothelial,downstream_arrest,55.0,60.0,1580.0,0.0004720949410224006,0.0005154852876137992,1488.0,0.0013754368128086763
7248_liver_sham_Male_26-U1,sham,26,tierA_p95,Endothelial,downstream_arrest,60.0,65.0,1309.0,-0.0009186554933278099,0.0005598594252025629,1200.0,0.0014688166810416685
7248_liver_sham_Male_26-U1,sham,26,tierA_p95,Endothelial,downstream_arrest,65.0,70.0,1042.0,6.403069203416058e-05,0.0006462063435926607,900.0,0.0010039666534511424
7248_liver_sham_Male_26-U1,sham,26,tierA_p95,Endothelial,downstream_arrest,70.0,75.0,791.0,0.0004745512068957545,0.0007321609995526081,674.0,0.0014749109832445078
7248_liver_sham_Male_26-U1,sham,26,tierA_p95,Endothelial,downstream_arrest,75.0,80.0,588.0,0.0018314285450479369,0.0008829244171893301,535.0,0.0027548597993657742
7248_liver_sham_Male_26-U1,sham,26,tierA_p95,Endothelial,downstream_arrest,80.0,85.0,451.0,0.00029410198375567464,0.0009858350870524321,381.0,-0.0003445669404430232
7248_liver_sham_Male_26-U1,sham,26,tierA_p95,Endothelial,downstream_arrest,85.0,90.0,316.0,0.0020750316428267425,0.0011560288648539317,280.0,0.000638678624000022
7248_liver_sham_Male_26-U1,sham,26,tierA_p95,Endothelial,downstream_arrest,90.0,95.0,236.0,0.0015447458151156444,0.0013113731812875553,224.0,0.0030497768320044217
7248_liver_sham_Male_26-U1,sham,26,tierA_p95,Endothelial,downstream_arrest,95.0,100.0,196.0,0.00018821431832312017,0.0015176711604737664,497.0,0.0038158149080308483
7248_liver_sham_Male_26-U1,sham,26,tierA_p95,Endothelial,emt_ecm,0.0,5.0,38.0,0.023575526270035067,0.008818357186558106,1753.0,0.01368593269082466
7248_liver_sham_Male_26-U1,sham,26,tierA_p95,Endothelial,emt_ecm,5.0,10.0,1086.0,0.015532955777224028,0.0011324040828647065,995.0,0.01794361807785103
7248_liver_sham_Male_26-U1,sham,26,tierA_p95,Endothelial,emt_ecm,10.0,15.0,2696.0,0.011360931029108968,0.0006367190736571291,2578.0,0.011014383248589292
7248_liver_sham_Male_26-U1,sham,26,tierA_p95,Endothelial,emt_ecm,15.0,20.0,2826.0,0.011286319853957187,0.0006794077886483812,2732.0,0.012455534406610964
7248_liver_sham_Male_26-U1,sham,26,tierA_p95,Endothelial,emt_ecm,20.0,25.0,3171.0,0.01328393252996975,0.0006484143139893983,3017.0,0.01174347032043204
7248_liver_sham_Male_26-U1,sham,26,tierA_p95,Endothelial,emt_ecm,25.0,30.0,3267.0,0.012171677373861314,0.0006023148115947631,3168.0,0.01069278409044034
7248_liver_sham_Male_26-U1,sham,26,tierA_p95,Endothelial,emt_ecm,30.0,35.0,3233.0,0.01105723474305246,0.0006155484282557325,3124.0,0.01128595069968398
7248_liver_sham_Male_26-U1,sham,26,tierA_p95,Endothelial,emt_ecm,35.0,40.0,3003.0,0.011281818166651022,0.0006154881581121585,2846.0,0.011543197442893584
7248_liver_sham_Male_26-U1,sham,26,tierA_p95,Endothelial,emt_ecm,40.0,45.0,2709.0,0.010975031359893707,0.0006544555341693026,2469.0,0.011712158759264003
7248_liver_sham_Male_26-U1,sham,26,tierA_p95,Endothelial,emt_ecm,45.0,50.0,2310.0,0.011454030322755744,0.0006946357646423794,2195.0,0.010104355338068478
7248_liver_sham_Male_26-U1,sham,26,tierA_p95,Endothelial,emt_ecm,50.0,55.0,1940.0,0.009825273207086904,0.0007255207176904182,1732.0,0.010149064653068588
7248_liver_sham_Male_26-U1,sham,26,tierA_p95,Endothelial,emt_ecm,55.0,60.0,1580.0,0.0110123354463857,0.0008372903249129337,1488.0,0.010698051047924192
7248_liver_sham_Male_26-U1,sham,26,tierA_p95,Endothelial,emt_ecm,60.0,65.0,1309.0,0.010545110758044268,0.0008557062860658869,1200.0,0.00901935003225238
7248_liver_sham_Male_26-U1,sham,26,tierA_p95,Endothelial,emt_ecm,65.0,70.0,1042.0,0.008904990398764879,0.0009759872237481724,900.0,0.010649499998871761
7248_liver_sham_Male_26-U1,sham,26,tierA_p95,Endothelial,emt_ecm,70.0,75.0,791.0,0.008765967134005303,0.0010813560586002368,674.0,0.008309554879259598
7248_liver_sham_Male_26-U1,sham,26,tierA_p95,Endothelial,emt_ecm,75.0,80.0,588.0,0.010225050995056032,0.0012733741780760301,535.0,0.01005590651948636
7248_liver_sham_Male_26-U1,sham,26,tierA_p95,Endothelial,emt_ecm,80.0,85.0,451.0,0.01183006656970821,0.0014915890191983337,381.0,0.00874320214630008
7248_liver_sham_Male_26-U1,sham,26,tierA_p95,Endothelial,emt_ecm,85.0,90.0,316.0,0.0077474366604476505,0.0016637031446076426,280.0,0.009187214278842606
7248_liver_sham_Male_26-U1,sham,26,tierA_p95,Endothelial,emt_ecm,90.0,95.0,236.0,0.00947991523824354,0.0018862732103282287,224.0,0.010985982203659919
7248_liver_sham_Male_26-U1,sham,26,tierA_p95,Endothelial,emt_ecm,95.0,100.0,196.0,0.005805255072749676,0.0019007643531075765,497.0,0.011294808931197768
7248_liver_sham_Male_26-U1,sham,26,tierA_p95,Endothelial,il6_jak_stat3,0.0,5.0,38.0,0.03393447353339166,0.008212791641413702,1753.0,0.02764741013880094
7248_liver_sham_Male_26-U1,sham,26,tierA_p95,Endothelial,il6_jak_stat3,5.0,10.0,1086.0,0.027099134530120927,0.0013513016556309667,995.0,0.02643088434144475
7248_liver_sham_Male_26-U1,sham,26,tierA_p95,Endothelial,il6_jak_stat3,10.0,15.0,2696.0,0.024610927286541552,0.0008596123015037537,2578.0,0.022606485659206723
7248_liver_sham_Male_26-U1,sham,26,tierA_p95,Endothelial,il6_jak_stat3,15.0,20.0,2826.0,0.02452585280650679,0.0008402136697822762,2732.0,0.02164326861361421
7248_liver_sham_Male_26-U1,sham,26,tierA_p95,Endothelial,il6_jak_stat3,20.0,25.0,3171.0,0.022781116341445504,0.0007735902018306761,3017.0,0.022916977152294078
7248_liver_sham_Male_26-U1,sham,26,tierA_p95,Endothelial,il6_jak_stat3,25.0,30.0,3267.0,0.0240780134459696,0.0007680539271965475,3168.0,0.022821193190591456
7248_liver_sham_Male_26-U1,sham,26,tierA_p95,Endothelial,il6_jak_stat3,30.0,35.0,3233.0,0.023037414166447345,0.0007845172283092663,3124.0,0.022159439834395576
7248_liver_sham_Male_26-U1,sham,26,tierA_p95,Endothelial,il6_jak_stat3,35.0,40.0,3003.0,0.020732823842342787,0.000778702306704875,2846.0,0.02243934294029859
7248_liver_sham_Male_26-U1,sham,26,tierA_p95,Endothelial,il6_jak_stat3,40.0,45.0,2709.0,0.021098217016608262,0.0008163043203129621,2469.0,0.021791008505155297
7248_liver_sham_Male_26-U1,sham,26,tierA_p95,Endothelial,il6_jak_stat3,45.0,50.0,2310.0,0.021101437240635342,0.0008944191585262066,2195.0,0.02129371297213722
7248_liver_sham_Male_26-U1,sham,26,tierA_p95,Endothelial,il6_jak_stat3,50.0,55.0,1940.0,0.022094731979814243,0.00098330827331729,1732.0,0.022366755231636212
7248_liver_sham_Male_26-U1,sham,26,tierA_p95,Endothelial,il6_jak_stat3,55.0,60.0,1580.0,0.019030487321096985,0.0010583086007981627,1488.0,0.02177067199960631
7248_liver_sham_Male_26-U1,sham,26,tierA_p95,Endothelial,il6_jak_stat3,60.0,65.0,1309.0,0.0177339878126513,0.0011694022100214461,1200.0,0.01802024999408483
7248_liver_sham_Male_26-U1,sham,26,tierA_p95,Endothelial,il6_jak_stat3,65.0,70.0,1042.0,0.01838056621311802,0.0013141803481718233,900.0,0.01862823333895196
7248_liver_sham_Male_26-U1,sham,26,tierA_p95,Endothelial,il6_jak_stat3,70.0,75.0,791.0,0.021953653628049626,0.0015457404766941803,674.0,0.018238353116406227
7248_liver_sham_Male_26-U1,sham,26,tierA_p95,Endothelial,il6_jak_stat3,75.0,80.0,588.0,0.015645629257038666,0.0016727099120911666,535.0,0.018319177532160034
7248_liver_sham_Male_26-U1,sham,26,tierA_p95,Endothelial,il6_jak_stat3,80.0,85.0,451.0,0.024141862478735496,0.0020260319210995974,381.0,0.020646351693572998
7248_liver_sham_Male_26-U1,sham,26,tierA_p95,Endothelial,il6_jak_stat3,85.0,90.0,316.0,0.01795848099729621,0.002293858618333452,280.0,0.019741892933338282
7248_liver_sham_Male_26-U1,sham,26,tierA_p95,Endothelial,il6_jak_stat3,90.0,95.0,236.0,0.021380466075566738,0.0025989066121595685,224.0,0.021504330414310453
7248_liver_sham_Male_26-U1,sham,26,tierA_p95,Endothelial,il6_jak_stat3,95.0,100.0,196.0,0.016904540716421584,0.0029839211252052217,497.0,0.01939124744282417
7248_liver_sham_Male_26-U1,sham,26,tierA_p95,Endothelial,interferon_response,0.0,5.0,38.0,0.029376052620232497,0.006775527147205352,1753.0,0.02571427265944316
7248_liver_sham_Male_26-U1,sham,26,tierA_p95,Endothelial,interferon_response,5.0,10.0,1086.0,0.027740359150344545,0.0011162389691761637,995.0,0.025028663297504392
7248_liver_sham_Male_26-U1,sham,26,tierA_p95,Endothelial,interferon_response,10.0,15.0,2696.0,0.02439880192476817,0.0006908364850079103,2578.0,0.023960465513095268
7248_liver_sham_Male_26-U1,sham,26,tierA_p95,Endothelial,interferon_response,15.0,20.0,2826.0,0.024299387837499256,0.0006471348047325352,2732.0,0.024557075401954346
7248_liver_sham_Male_26-U1,sham,26,tierA_p95,Endothelial,interferon_response,20.0,25.0,3171.0,0.02443892461183697,0.0006168426800437694,3017.0,0.02431441170357827
7248_liver_sham_Male_26-U1,sham,26,tierA_p95,Endothelial,interferon_response,25.0,30.0,3267.0,0.02494332109880876,0.0006181183042403701,3168.0,0.024074630666707043
7248_liver_sham_Male_26-U1,sham,26,tierA_p95,Endothelial,interferon_response,30.0,35.0,3233.0,0.024354432402898633,0.0006255869485158325,3124.0,0.023181049932829687
7248_liver_sham_Male_26-U1,sham,26,tierA_p95,Endothelial,interferon_response,35.0,40.0,3003.0,0.023122417616354012,0.0006137664367859928,2846.0,0.024793822918580732
7248_liver_sham_Male_26-U1,sham,26,tierA_p95,Endothelial,interferon_response,40.0,45.0,2709.0,0.023244248826389053,0.0006518939242163867,2469.0,0.024340724959679802
7248_liver_sham_Male_26-U1,sham,26,tierA_p95,Endothelial,interferon_response,45.0,50.0,2310.0,0.023384424232889698,0.000708871991337323,2195.0,0.022757972664205272
7248_liver_sham_Male_26-U1,sham,26,tierA_p95,Endothelial,interferon_response,50.0,55.0,1940.0,0.022897664936863293,0.0007735429920828604,1732.0,0.023410617803751248
7248_liver_sham_Male_26-U1,sham,26,tierA_p95,Endothelial,interferon_response,55.0,60.0,1580.0,0.02058672152359784,0.0008305016372305577,1488.0,0.023603615565581357
7248_liver_sham_Male_26-U1,sham,26,tierA_p95,Endothelial,interferon_response,60.0,65.0,1309.0,0.021452689111461365,0.0009260654212339409,1200.0,0.02184854170029818
7248_liver_sham_Male_26-U1,sham,26,tierA_p95,Endothelial,interferon_response,65.0,70.0,1042.0,0.02212676586729935,0.0010214127841792725,900.0,0.0208196222291978
7248_liver_sham_Male_26-U1,sham,26,tierA_p95,Endothelial,interferon_response,70.0,75.0,791.0,0.02237372943147372,0.0011831014598631658,674.0,0.019959139469238708
7248_liver_sham_Male_26-U1,sham,26,tierA_p95,Endothelial,interferon_response,75.0,80.0,588.0,0.019394727872000955,0.001317120906866054,535.0,0.02012594390044992
7248_liver_sham_Male_26-U1,sham,26,tierA_p95,Endothelial,interferon_response,80.0,85.0,451.0,0.023080554322157033,0.0015225977859738493,381.0,0.02179559054580712
7248_liver_sham_Male_26-U1,sham,26,tierA_p95,Endothelial,interferon_response,85.0,90.0,316.0,0.021467753038911113,0.0017446362880848803,280.0,0.01873632147572997
7248_liver_sham_Male_26-U1,sham,26,tierA_p95,Endothelial,interferon_response,90.0,95.0,236.0,0.023290423652817204,0.0020990999020636058,224.0,0.020027723235427532
7248_liver_sham_Male_26-U1,sham,26,tierA_p95,Endothelial,interferon_response,95.0,100.0,196.0,0.02025469380020454,0.002494156628334489,497.0,0.018725915501110038
7248_liver_sham_Male_26-U1,sham,26,tierA_p95,Endothelial,oxidative_stress,0.0,5.0,38.0,0.051694736289056506,0.011871174718278726,1753.0,0.1064117340160014
7248_liver_sham_Male_26-U1,sham,26,tierA_p95,Endothelial,oxidative_stress,5.0,10.0,1086.0,0.11242921732792834,0.0024767833241679457,995.0,0.1069208040080247
7248_liver_sham_Male_26-U1,sham,26,tierA_p95,Endothelial,oxidative_stress,10.0,15.0,2696.0,0.11875548954214445,0.0015287422645254903,2578.0,0.11768100462249213
7248_liver_sham_Male_26-U1,sham,26,tierA_p95,Endothelial,oxidative_stress,15.0,20.0,2826.0,0.11999400204179032,0.0014740166200882864,2732.0,0.12125908127297033
7248_liver_sham_Male_26-U1,sham,26,tierA_p95,Endothelial,oxidative_stress,20.0,25.0,3171.0,0.11608774829982328,0.001407504082851227,3017.0,0.12038047409489538
7248_liver_sham_Male_26-U1,sham,26,tierA_p95,Endothelial,oxidative_stress,25.0,30.0,3267.0,0.11921602081435033,0.001345482956523203,3168.0,0.12002521151223598
7248_liver_sham_Male_26-U1,sham,26,tierA_p95,Endothelial,oxidative_stress,30.0,35.0,3233.0,0.11940165486278717,0.001403806448141742,3124.0,0.12366603071292448
7248_liver_sham_Male_26-U1,sham,26,tierA_p95,Endothelial,oxidative_stress,35.0,40.0,3003.0,0.1245514252461439,0.001404125215941248,2846.0,0.12316719254779913
7248_liver_sham_Male_26-U1,sham,26,tierA_p95,Endothelial,oxidative_stress,40.0,45.0,2709.0,0.1238199113763026,0.0014525557746960583,2469.0,0.12461441863095965
7248_liver_sham_Male_26-U1,sham,26,tierA_p95,Endothelial,oxidative_stress,45.0,50.0,2310.0,0.12683123372314314,0.0015561336292381094,2195.0,0.12716987693209225
7248_liver_sham_Male_26-U1,sham,26,tierA_p95,Endothelial,oxidative_stress,50.0,55.0,1940.0,0.12332255654608199,0.0017391477555594038,1732.0,0.12184510380186792
7248_liver_sham_Male_26-U1,sham,26,tierA_p95,Endothelial,oxidative_stress,55.0,60.0,1580.0,0.12223018981506045,0.001912907517592596,1488.0,0.12778786288327543
7248_liver_sham_Male_26-U1,sham,26,tierA_p95,Endothelial,oxidative_stress,60.0,65.0,1309.0,0.12913094748810314,0.0020643226067112793,1200.0,0.12807286676553
7248_liver_sham_Male_26-U1,sham,26,tierA_p95,Endothelial,oxidative_stress,65.0,70.0,1042.0,0.1330561707019567,0.0023386692968626064,900.0,0.1287007775707429
7248_liver_sham_Male_26-U1,sham,26,tierA_p95,Endothelial,oxidative_stress,70.0,75.0,791.0,0.12952223784360456,0.002666958787755742,674.0,0.12643686940132298
7248_liver_sham_Male_26-U1,sham,26,tierA_p95,Endothelial,oxidative_stress,75.0,80.0,588.0,0.13305404762892672,0.003004208688113004,535.0,0.13323697195014106
7248_liver_sham_Male_26-U1,sham,26,tierA_p95,Endothelial,oxidative_stress,80.0,85.0,451.0,0.1286737693399582,0.0033919210108195844,381.0,0.12682976401771548
7248_liver_sham_Male_26-U1,sham,26,tierA_p95,Endothelial,oxidative_stress,85.0,90.0,316.0,0.1274693989857318,0.004135587578015361,280.0,0.13253257139003835
7248_liver_sham_Male_26-U1,sham,26,tierA_p95,Endothelial,oxidative_stress,90.0,95.0,236.0,0.12459216092494159,0.004829664636901885,224.0,0.13066013397890078
7248_liver_sham_Male_26-U1,sham,26,tierA_p95,Endothelial,oxidative_stress,95.0,100.0,196.0,0.12234209183054413,0.004556913105813798,497.0,0.1312279478991786
7248_liver_sham_Male_26-U1,sham,26,tierA_p95,Endothelial,secondary_senescence,0.0,5.0,38.0,-0.005208684499130437,0.008625513340879699,1753.0,-0.023385556211424092
7248_liver_sham_Male_26-U1,sham,26,tierA_p95,Endothelial,secondary_senescence,5.0,10.0,1086.0,-0.022402624370476434,0.0013689024729809792,995.0,-0.02388165834094819
7248_liver_sham_Male_26-U1,sham,26,tierA_p95,Endothelial,secondary_senescence,10.0,15.0,2696.0,-0.02566110534293686,0.0008204301811985665,2578.0,-0.027777719186436477
7248_liver_sham_Male_26-U1,sham,26,tierA_p95,Endothelial,secondary_senescence,15.0,20.0,2826.0,-0.026783963152946687,0.0008149814903078288,2732.0,-0.026849509492029102
7248_liver_sham_Male_26-U1,sham,26,tierA_p95,Endothelial,secondary_senescence,20.0,25.0,3171.0,-0.02541486280174142,0.0007692278288599924,3017.0,-0.024546755063820973
7248_liver_sham_Male_26-U1,sham,26,tierA_p95,Endothelial,secondary_senescence,25.0,30.0,3267.0,-0.026531530467433517,0.0007467351530089184,3168.0,-0.026313437498706294
7248_liver_sham_Male_26-U1,sham,26,tierA_p95,Endothelial,secondary_senescence,30.0,35.0,3233.0,-0.026201342365617084,0.0007687768966391914,3124.0,-0.02712186298939393
7248_liver_sham_Male_26-U1,sham,26,tierA_p95,Endothelial,secondary_senescence,35.0,40.0,3003.0,-0.026768661352368394,0.0007503546389939758,2846.0,-0.02621898802864549
7248_liver_sham_Male_26-U1,sham,26,tierA_p95,Endothelial,secondary_senescence,40.0,45.0,2709.0,-0.027367039484292754,0.0008092829428730938,2469.0,-0.02580176591196732
7248_liver_sham_Male_26-U1,sham,26,tierA_p95,Endothelial,secondary_senescence,45.0,50.0,2310.0,-0.026064000030522422,0.0009000272082234868,2195.0,-0.02705303417565606
7248_liver_sham_Male_26-U1,sham,26,tierA_p95,Endothelial,secondary_senescence,50.0,55.0,1940.0,-0.02699552578599735,0.0009512347568684259,1732.0,-0.026482592389632482
7248_liver_sham_Male_26-U1,sham,26,tierA_p95,Endothelial,secondary_senescence,55.0,60.0,1580.0,-0.027796113973673077,0.001029729813115253,1488.0,-0.02829930105128604
7248_liver_sham_Male_26-U1,sham,26,tierA_p95,Endothelial,secondary_senescence,60.0,65.0,1309.0,-0.027173651647674418,0.0011712099623625266,1200.0,-0.028260949961301473
7248_liver_sham_Male_26-U1,sham,26,tierA_p95,Endothelial,secondary_senescence,65.0,70.0,1042.0,-0.027521353170855585,0.0012853476055175788,900.0,-0.02726652223611988
7248_liver_sham_Male_26-U1,sham,26,tierA_p95,Endothelial,secondary_senescence,70.0,75.0,791.0,-0.02837549933686144,0.0014980667978690583,674.0,-0.027330430259870503
7248_liver_sham_Male_26-U1,sham,26,tierA_p95,Endothelial,secondary_senescence,75.0,80.0,588.0,-0.031323095249451836,0.0016603570852928953,535.0,-0.028928841207182976
7248_liver_sham_Male_26-U1,sham,26,tierA_p95,Endothelial,secondary_senescence,80.0,85.0,451.0,-0.024966097585800772,0.001985557815342699,381.0,-0.03037700782005377
7248_liver_sham_Male_26-U1,sham,26,tierA_p95,Endothelial,secondary_senescence,85.0,90.0,316.0,-0.02769110761520223,0.0022361796572360135,280.0,-0.031687535725021525
7248_liver_sham_Male_26-U1,sham,26,tierA_p95,Endothelial,secondary_senescence,90.0,95.0,236.0,-0.029722966089246843,0.0027605222911523345,224.0,-0.025372499920130003
7248_liver_sham_Male_26-U1,sham,26,tierA_p95,Endothelial,secondary_senescence,95.0,100.0,196.0,-0.02785948998664434,0.0027873683476485234,497.0,-0.0280975855188576
7248_liver_sham_Male_26-U1,sham,26,tierA_p95,Endothelial,tnfa_nfkb_proximal,0.0,5.0,38.0,0.018187894777024906,0.005486647976524402,1753.0,0.008847256129148271
7248_liver_sham_Male_26-U1,sham,26,tierA_p95,Endothelial,tnfa_nfkb_proximal,5.0,10.0,1086.0,0.007064640876411317,0.0009195495161253322,995.0,0.007633547727314021
7248_liver_sham_Male_26-U1,sham,26,tierA_p95,Endothelial,tnfa_nfkb_proximal,10.0,15.0,2696.0,0.004501027430898981,0.0005788977730960028,2578.0,0.00435807213944764
7248_liver_sham_Male_26-U1,sham,26,tierA_p95,Endothelial,tnfa_nfkb_proximal,15.0,20.0,2826.0,0.00505257963960237,0.0005846056290911095,2732.0,0.0037131332338686284
7248_liver_sham_Male_26-U1,sham,26,tierA_p95,Endothelial,tnfa_nfkb_proximal,20.0,25.0,3171.0,0.0047868621965713645,0.0005273664823962522,3017.0,0.00501296983809471
7248_liver_sham_Male_26-U1,sham,26,tierA_p95,Endothelial,tnfa_nfkb_proximal,25.0,30.0,3267.0,0.005298322622871233,0.0005345854044543868,3168.0,0.004136512000473711
7248_liver_sham_Male_26-U1,sham,26,tierA_p95,Endothelial,tnfa_nfkb_proximal,30.0,35.0,3233.0,0.005481892991484215,0.0005520783208868169,3124.0,0.003783559529056243
7248_liver_sham_Male_26-U1,sham,26,tierA_p95,Endothelial,tnfa_nfkb_proximal,35.0,40.0,3003.0,0.0034094871650255615,0.0005485318036393991,2846.0,0.004444627544037969
7248_liver_sham_Male_26-U1,sham,26,tierA_p95,Endothelial,tnfa_nfkb_proximal,40.0,45.0,2709.0,0.004044392754812454,0.0005766005581274506,2469.0,0.004319526121972492
7248_liver_sham_Male_26-U1,sham,26,tierA_p95,Endothelial,tnfa_nfkb_proximal,45.0,50.0,2310.0,0.0035818008460984886,0.0006218052894259257,2195.0,0.0032636036222338134
7248_liver_sham_Male_26-U1,sham,26,tierA_p95,Endothelial,tnfa_nfkb_proximal,50.0,55.0,1940.0,0.0028754948357786396,0.0006431833678940007,1732.0,0.004947476886921619
7248_liver_sham_Male_26-U1,sham,26,tierA_p95,Endothelial,tnfa_nfkb_proximal,55.0,60.0,1580.0,0.0027038733955883293,0.0007569271709314678,1488.0,0.0025373924950511744
7248_liver_sham_Male_26-U1,sham,26,tierA_p95,Endothelial,tnfa_nfkb_proximal,60.0,65.0,1309.0,0.0019782963867247764,0.0007956725247235067,1200.0,0.002767608367697297
7248_liver_sham_Male_26-U1,sham,26,tierA_p95,Endothelial,tnfa_nfkb_proximal,65.0,70.0,1042.0,0.0026643666010412554,0.0009004209430223994,900.0,0.0037370777843494176
7248_liver_sham_Male_26-U1,sham,26,tierA_p95,Endothelial,tnfa_nfkb_proximal,70.0,75.0,791.0,0.0028794310972986487,0.0010148461646272134,674.0,0.00041072703551319503
7248_liver_sham_Male_26-U1,sham,26,tierA_p95,Endothelial,tnfa_nfkb_proximal,75.0,80.0,588.0,8.607142410787704e-05,0.0011975581844968003,535.0,0.0011915887675789908
7248_liver_sham_Male_26-U1,sham,26,tierA_p95,Endothelial,tnfa_nfkb_proximal,80.0,85.0,451.0,0.004719357052617892,0.0013920282221598936,381.0,0.0028983202118836307
7248_liver_sham_Male_26-U1,sham,26,tierA_p95,Endothelial,tnfa_nfkb_proximal,85.0,90.0,316.0,0.001951329120833801,0.0016682118198257118,280.0,-0.0007738571703937071
7248_liver_sham_Male_26-U1,sham,26,tierA_p95,Endothelial,tnfa_nfkb_proximal,90.0,95.0,236.0,0.002912203451175582,0.0019207997529074488,224.0,0.001963392873156928
7248_liver_sham_Male_26-U1,sham,26,tierA_p95,Endothelial,tnfa_nfkb_proximal,95.0,100.0,196.0,0.001625153028911956,0.001976201028596903,497.0,-0.0010631589844721108
7248_liver_sham_Male_26-U1,sham,26,tierA_p95,Hepatocytes,downstream_arrest,0.0,5.0,24.0,0.007167500012049762,0.0030671253562556,5374.0,0.004632324158440067
7248_liver_sham_Male_26-U1,sham,26,tierA_p95,Hepatocytes,downstream_arrest,5.0,10.0,2553.0,0.004553376421003371,0.0003631309751438664,2123.0,0.004477922730105067
7248_liver_sham_Male_26-U1,sham,26,tierA_p95,Hepatocytes,downstream_arrest,10.0,15.0,8863.0,0.005541049306532531,0.00017033712724273879,8265.0,0.005732600116201227
7248_liver_sham_Male_26-U1,sham,26,tierA_p95,Hepatocytes,downstream_arrest,15.0,20.0,10286.0,0.006355023333781692,0.0001526298389317959,9880.0,0.005499520245408156
7248_liver_sham_Male_26-U1,sham,26,tierA_p95,Hepatocytes,downstream_arrest,20.0,25.0,10293.0,0.006136374234441609,0.00015305817388387168,10150.0,0.005999318231119409
7248_liver_sham_Male_26-U1,sham,26,tierA_p95,Hepatocytes,downstream_arrest,25.0,30.0,10425.0,0.005911245084151961,0.00015116173195514358,9994.0,0.005606489895587878
7248_liver_sham_Male_26-U1,sham,26,tierA_p95,Hepatocytes,downstream_arrest,30.0,35.0,9984.0,0.00596176282625567,0.0001519250662286374,9717.0,0.00604108881991305
7248_liver_sham_Male_26-U1,sham,26,tierA_p95,Hepatocytes,downstream_arrest,35.0,40.0,9183.0,0.006020698025598236,0.00016121782120479935,8696.0,0.0065196504188240745
7248_liver_sham_Male_26-U1,sham,26,tierA_p95,Hepatocytes,downstream_arrest,40.0,45.0,8172.0,0.006437096187719394,0.00016582809343824613,7643.0,0.006157379308499592
7248_liver_sham_Male_26-U1,sham,26,tierA_p95,Hepatocytes,downstream_arrest,45.0,50.0,6973.0,0.005898046751129433,0.00017985636844843105,6502.0,0.006606044290236739
7248_liver_sham_Male_26-U1,sham,26,tierA_p95,Hepatocytes,downstream_arrest,50.0,55.0,5804.0,0.0064656185461540285,0.0001958594260278842,5331.0,0.006424516983351525
7248_liver_sham_Male_26-U1,sham,26,tierA_p95,Hepatocytes,downstream_arrest,55.0,60.0,4660.0,0.005855626611496459,0.00021954461717645812,4266.0,0.00692365214066219
7248_liver_sham_Male_26-U1,sham,26,tierA_p95,Hepatocytes,downstream_arrest,60.0,65.0,3670.0,0.006209316089654491,0.0002453871417217267,3517.0,0.006514819440155328
7248_liver_sham_Male_26-U1,sham,26,tierA_p95,Hepatocytes,downstream_arrest,65.0,70.0,3098.0,0.006453553898992065,0.00026550437595819596,2684.0,0.006818319664688785
7248_liver_sham_Male_26-U1,sham,26,tierA_p95,Hepatocytes,downstream_arrest,70.0,75.0,2260.0,0.005804221237585566,0.00030717744476367083,1991.0,0.006941496722095058
7248_liver_sham_Male_26-U1,sham,26,tierA_p95,Hepatocytes,downstream_arrest,75.0,80.0,1798.0,0.006212619573685329,0.0003504840552190014,1491.0,0.0073077263445618015
7248_liver_sham_Male_26-U1,sham,26,tierA_p95,Hepatocytes,downstream_arrest,80.0,85.0,1300.0,0.00739020000983146,0.0004358987662992154,1087.0,0.006922051497823198
7248_liver_sham_Male_26-U1,sham,26,tierA_p95,Hepatocytes,downstream_arrest,85.0,90.0,928.0,0.007327769389262514,0.00046978817281263574,845.0,0.008294236693163086
7248_liver_sham_Male_26-U1,sham,26,tierA_p95,Hepatocytes,downstream_arrest,90.0,95.0,655.0,0.008103770956838946,0.0006012455653687071,530.0,0.007120207519605997
7248_liver_sham_Male_26-U1,sham,26,tierA_p95,Hepatocytes,downstream_arrest,95.0,100.0,461.0,0.0075834923924747175,0.0006831143677523171,1304.0,0.007841817499411263
7248_liver_sham_Male_26-U1,sham,26,tierA_p95,Hepatocytes,emt_ecm,0.0,5.0,24.0,0.0009554166372254258,0.0060653425778527965,5374.0,-0.003778286204162771
7248_liver_sham_Male_26-U1,sham,26,tierA_p95,Hepatocytes,emt_ecm,5.0,10.0,2553.0,-0.0026654680698861948,0.00042123866436744273,2123.0,-0.0027675223886004536
7248_liver_sham_Male_26-U1,sham,26,tierA_p95,Hepatocytes,emt_ecm,10.0,15.0,8863.0,-0.003751524315124684,0.00019683430546616485,8265.0,-0.003921686628744781
7248_liver_sham_Male_26-U1,sham,26,tierA_p95,Hepatocytes,emt_ecm,15.0,20.0,10286.0,-0.004171615792019415,0.00017368020959132276,9880.0,-0.004196490894451993
7248_liver_sham_Male_26-U1,sham,26,tierA_p95,Hepatocytes,emt_ecm,20.0,25.0,10293.0,-0.003681140590533368,0.0001752706367399365,10150.0,-0.0037226669951640253
7248_liver_sham_Male_26-U1,sham,26,tierA_p95,Hepatocytes,emt_ecm,25.0,30.0,10425.0,-0.003478643645851943,0.00017236845100391493,9994.0,-0.003454265559253959
7248_liver_sham_Male_26-U1,sham,26,tierA_p95,Hepatocytes,emt_ecm,30.0,35.0,9984.0,-0.003447108372235346,0.00017353821788068798,9717.0,-0.003166479372349022
7248_liver_sham_Male_26-U1,sham,26,tierA_p95,Hepatocytes,emt_ecm,35.0,40.0,9183.0,-0.0030796863785426155,0.00017816620479676456,8696.0,-0.0029921101705614414
7248_liver_sham_Male_26-U1,sham,26,tierA_p95,Hepatocytes,emt_ecm,40.0,45.0,8172.0,-0.002893929267522304,0.00019015339730268444,7643.0,-0.0025905181243002563
7248_liver_sham_Male_26-U1,sham,26,tierA_p95,Hepatocytes,emt_ecm,45.0,50.0,6973.0,-0.002135334875649049,0.00020453814422784393,6502.0,-0.002310450633360154
7248_liver_sham_Male_26-U1,sham,26,tierA_p95,Hepatocytes,emt_ecm,50.0,55.0,5804.0,-0.0022131116482995024,0.00022150426009124436,5331.0,-0.002309975617617974
7248_liver_sham_Male_26-U1,sham,26,tierA_p95,Hepatocytes,emt_ecm,55.0,60.0,4660.0,-0.0015191223296008507,0.0002522882488105168,4266.0,-0.0020994772627211393
7248_liver_sham_Male_26-U1,sham,26,tierA_p95,Hepatocytes,emt_ecm,60.0,65.0,3670.0,-0.0016724986421593102,0.0002766319712223916,3517.0,-0.0012493630925153691
7248_liver_sham_Male_26-U1,sham,26,tierA_p95,Hepatocytes,emt_ecm,65.0,70.0,3098.0,-0.001311688192488731,0.00030997732908559923,2684.0,-0.001717011926168615
7248_liver_sham_Male_26-U1,sham,26,tierA_p95,Hepatocytes,emt_ecm,70.0,75.0,2260.0,-0.0014178230155580543,0.0003505788325953989,1991.0,-0.0008746107475619739
7248_liver_sham_Male_26-U1,sham,26,tierA_p95,Hepatocytes,emt_ecm,75.0,80.0,1798.0,-0.001985378207916091,0.00039749906519143986,1491.0,-0.0006772032132857168
7248_liver_sham_Male_26-U1,sham,26,tierA_p95,Hepatocytes,emt_ecm,80.0,85.0,1300.0,-0.0016172923039882265,0.00045387486426411356,1087.0,-0.0006805795841561337
7248_liver_sham_Male_26-U1,sham,26,tierA_p95,Hepatocytes,emt_ecm,85.0,90.0,928.0,-0.0004646228424870311,0.000580091540118184,845.0,-0.0008395976494596831
7248_liver_sham_Male_26-U1,sham,26,tierA_p95,Hepatocytes,emt_ecm,90.0,95.0,655.0,-0.0004016183246391868,0.0006641832854172795,530.0,0.00016496225055922175
7248_liver_sham_Male_26-U1,sham,26,tierA_p95,Hepatocytes,emt_ecm,95.0,100.0,461.0,-0.0003878524978710172,0.0008127233238085119,1304.0,0.00011546777735695588
7248_liver_sham_Male_26-U1,sham,26,tierA_p95,Hepatocytes,il6_jak_stat3,0.0,5.0,24.0,-0.027865416753532674,0.004405823835386935,5374.0,-0.03537880908987785
7248_liver_sham_Male_26-U1,sham,26,tierA_p95,Hepatocytes,il6_jak_stat3,5.0,10.0,2553.0,-0.03355765764673342,0.0004556969950672575,2123.0,-0.03327702777335467
7248_liver_sham_Male_26-U1,sham,26,tierA_p95,Hepatocytes,il6_jak_stat3,10.0,15.0,8863.0,-0.035908842391005585,0.00021966350151156645,8265.0,-0.03583805686175347
7248_liver_sham_Male_26-U1,sham,26,tierA_p95,Hepatocytes,il6_jak_stat3,15.0,20.0,10286.0,-0.036369301963829676,0.00019563722081180664,9880.0,-0.036750317809798476
7248_liver_sham_Male_26-U1,sham,26,tierA_p95,Hepatocytes,il6_jak_stat3,20.0,25.0,10293.0,-0.03635392401502991,0.0001949087352722777,10150.0,-0.03689954384243196
7248_liver_sham_Male_26-U1,sham,26,tierA_p95,Hepatocytes,il6_jak_stat3,25.0,30.0,10425.0,-0.03652613524412033,0.000192424301856347,9994.0,-0.03671938164069799
7248_liver_sham_Male_26-U1,sham,26,tierA_p95,Hepatocytes,il6_jak_stat3,30.0,35.0,9984.0,-0.03646207433135629,0.00019513889972666714,9717.0,-0.036818539656552594
7248_liver_sham_Male_26-U1,sham,26,tierA_p95,Hepatocytes,il6_jak_stat3,35.0,40.0,9183.0,-0.03686225199104236,0.00020220101791631483,8696.0,-0.03695131901469359
7248_liver_sham_Male_26-U1,sham,26,tierA_p95,Hepatocytes,il6_jak_stat3,40.0,45.0,8172.0,-0.03690859274275728,0.00021429597523509435,7643.0,-0.03672712546782607
7248_liver_sham_Male_26-U1,sham,26,tierA_p95,Hepatocytes,il6_jak_stat3,45.0,50.0,6973.0,-0.036832273038925376,0.00022965011587097422,6502.0,-0.03661309136473956
7248_liver_sham_Male_26-U1,sham,26,tierA_p95,Hepatocytes,il6_jak_stat3,50.0,55.0,5804.0,-0.03671832010205616,0.0002497849830874581,5331.0,-0.03681376664326248
7248_liver_sham_Male_26-U1,sham,26,tierA_p95,Hepatocytes,il6_jak_stat3,55.0,60.0,4660.0,-0.03679069097894179,0.0002738132427426099,4266.0,-0.03677267698108965
7248_liver_sham_Male_26-U1,sham,26,tierA_p95,Hepatocytes,il6_jak_stat3,60.0,65.0,3670.0,-0.03675965398589843,0.0003054153813510302,3517.0,-0.035819818004442956
7248_liver_sham_Male_26-U1,sham,26,tierA_p95,Hepatocytes,il6_jak_stat3,65.0,70.0,3098.0,-0.03627793417126257,0.0003379872082924263,2684.0,-0.03672192622559222
7248_liver_sham_Male_26-U1,sham,26,tierA_p95,Hepatocytes,il6_jak_stat3,70.0,75.0,2260.0,-0.03644102210224784,0.0003954233857864517,1991.0,-0.03616402304339606
7248_liver_sham_Male_26-U1,sham,26,tierA_p95,Hepatocytes,il6_jak_stat3,75.0,80.0,1798.0,-0.03611053951754083,0.00045039858415372346,1491.0,-0.03675217300183551
7248_liver_sham_Male_26-U1,sham,26,tierA_p95,Hepatocytes,il6_jak_stat3,80.0,85.0,1300.0,-0.03695410769000703,0.0005443399599066059,1087.0,-0.03545484815872203
7248_liver_sham_Male_26-U1,sham,26,tierA_p95,Hepatocytes,il6_jak_stat3,85.0,90.0,928.0,-0.03725649782110599,0.0006308529841801265,845.0,-0.03478721902585525
7248_liver_sham_Male_26-U1,sham,26,tierA_p95,Hepatocytes,il6_jak_stat3,90.0,95.0,655.0,-0.037026030517542934,0.0007321725875258333,530.0,-0.03569198115223597
7248_liver_sham_Male_26-U1,sham,26,tierA_p95,Hepatocytes,il6_jak_stat3,95.0,100.0,461.0,-0.03572242941464062,0.000929791564660428,1304.0,-0.035574555212378366
7248_liver_sham_Male_26-U1,sham,26,tierA_p95,Hepatocytes,interferon_response,0.0,5.0,24.0,-0.01172000015139929,0.0050547055715318995,5374.0,-0.008856252328857868
7248_liver_sham_Male_26-U1,sham,26,tierA_p95,Hepatocytes,interferon_response,5.0,10.0,2553.0,-0.008678523311573016,0.0004459021177802168,2123.0,-0.00820451721013595
7248_liver_sham_Male_26-U1,sham,26,tierA_p95,Hepatocytes,interferon_response,10.0,15.0,8863.0,-0.008729178597734314,0.0002145327644629909,8265.0,-0.00880295099796399
7248_liver_sham_Male_26-U1,sham,26,tierA_p95,Hepatocytes,interferon_response,15.0,20.0,10286.0,-0.009030750532033796,0.00018890773881588427,9880.0,-0.00885389777352205
7248_liver_sham_Male_26-U1,sham,26,tierA_p95,Hepatocytes,interferon_response,20.0,25.0,10293.0,-0.008721736141033406,0.0001903561102048312,10150.0,-0.00880113398694421
7248_liver_sham_Male_26-U1,sham,26,tierA_p95,Hepatocytes,interferon_response,25.0,30.0,10425.0,-0.008407159713026425,0.00018983549971303355,9994.0,-0.00844741045092199
7248_liver_sham_Male_26-U1,sham,26,tierA_p95,Hepatocytes,interferon_response,30.0,35.0,9984.0,-0.008067566102215623,0.0001843373620268712,9717.0,-0.008241742306973648
7248_liver_sham_Male_26-U1,sham,26,tierA_p95,Hepatocytes,interferon_response,35.0,40.0,9183.0,-0.0083637983134781,0.00019089024166902955,8696.0,-0.007751285637039886
7248_liver_sham_Male_26-U1,sham,26,tierA_p95,Hepatocytes,interferon_response,40.0,45.0,8172.0,-0.0077896561417025246,0.00020316573747610503,7643.0,-0.007850342796065628
7248_liver_sham_Male_26-U1,sham,26,tierA_p95,Hepatocytes,interferon_response,45.0,50.0,6973.0,-0.007610134806911034,0.00021774157611187687,6502.0,-0.007900801286227563
7248_liver_sham_Male_26-U1,sham,26,tierA_p95,Hepatocytes,interferon_response,50.0,55.0,5804.0,-0.007948704339192212,0.00023498057639837155,5331.0,-0.007439414742407727
7248_liver_sham_Male_26-U1,sham,26,tierA_p95,Hepatocytes,interferon_response,55.0,60.0,4660.0,-0.007810424905230804,0.00026029743772864374,4266.0,-0.00742602203593899
7248_liver_sham_Male_26-U1,sham,26,tierA_p95,Hepatocytes,interferon_response,60.0,65.0,3670.0,-0.007242460473322745,0.00028845754631277534,3517.0,-0.007567077041708141
7248_liver_sham_Male_26-U1,sham,26,tierA_p95,Hepatocytes,interferon_response,65.0,70.0,3098.0,-0.007183989664932371,0.00031757411074744956,2684.0,-0.008342380766150055
7248_liver_sham_Male_26-U1,sham,26,tierA_p95,Hepatocytes,interferon_response,70.0,75.0,2260.0,-0.007472823001286587,0.0003613337455416978,1991.0,-0.007604691110264149
7248_liver_sham_Male_26-U1,sham,26,tierA_p95,Hepatocytes,interferon_response,75.0,80.0,1798.0,-0.007758325916712846,0.00041877677632776096,1491.0,-0.006913044927207144
7248_liver_sham_Male_26-U1,sham,26,tierA_p95,Hepatocytes,interferon_response,80.0,85.0,1300.0,-0.008781753856148078,0.0004909960525673251,1087.0,-0.00791769087628041
7248_liver_sham_Male_26-U1,sham,26,tierA_p95,Hepatocytes,interferon_response,85.0,90.0,928.0,-0.009123922405039812,0.0005747033567825336,845.0,-0.008399881660710427
7248_liver_sham_Male_26-U1,sham,26,tierA_p95,Hepatocytes,interferon_response,90.0,95.0,655.0,-0.00790071755635218,0.0006275058263901616,530.0,-0.008622377313454393
7248_liver_sham_Male_26-U1,sham,26,tierA_p95,Hepatocytes,interferon_response,95.0,100.0,461.0,-0.007420021681384731,0.0009334185481598454,1304.0,-0.008391694811119687
7248_liver_sham_Male_26-U1,sham,26,tierA_p95,Hepatocytes,oxidative_stress,0.0,5.0,24.0,0.17140166896084943,0.01084922721640228,5374.0,0.18467678077164798
7248_liver_sham_Male_26-U1,sham,26,tierA_p95,Hepatocytes,oxidative_stress,5.0,10.0,2553.0,0.18169895411989606,0.0011972889352690943,2123.0,0.18411097509903807
7248_liver_sham_Male_26-U1,sham,26,tierA_p95,Hepatocytes,oxidative_stress,10.0,15.0,8863.0,0.18829624049116442,0.0005437388290489959,8265.0,0.1889830563305294
7248_liver_sham_Male_26-U1,sham,26,tierA_p95,Hepatocytes,oxidative_stress,15.0,20.0,10286.0,0.18878801084943184,0.0004863458347547964,9880.0,0.1901405050070791
7248_liver_sham_Male_26-U1,sham,26,tierA_p95,Hepatocytes,oxidative_stress,20.0,25.0,10293.0,0.18929944142606916,0.00047526613745992583,10150.0,0.18963957439305196
7248_liver_sham_Male_26-U1,sham,26,tierA_p95,Hepatocytes,oxidative_stress,25.0,30.0,10425.0,0.18979254192466083,0.00046800580120681255,9994.0,0.18912213528139749
7248_liver_sham_Male_26-U1,sham,26,tierA_p95,Hepatocytes,oxidative_stress,30.0,35.0,9984.0,0.18951790856034187,0.00047969953843604905,9717.0,0.19043859721393214
7248_liver_sham_Male_26-U1,sham,26,tierA_p95,Hepatocytes,oxidative_stress,35.0,40.0,9183.0,0.18932315146825987,0.0005051689500102793,8696.0,0.18984245047946854
7248_liver_sham_Male_26-U1,sham,26,tierA_p95,Hepatocytes,oxidative_stress,40.0,45.0,8172.0,0.18957245841931084,0.0005221525046682043,7643.0,0.18978195078963425
7248_liver_sham_Male_26-U1,sham,26,tierA_p95,Hepatocytes,oxidative_stress,45.0,50.0,6973.0,0.1879369439907125,0.0005613463323956894,6502.0,0.18793790983073133
7248_liver_sham_Male_26-U1,sham,26,tierA_p95,Hepatocytes,oxidative_stress,50.0,55.0,5804.0,0.18759943145478264,0.0006071544471429384,5331.0,0.1877955731740922
7248_liver_sham_Male_26-U1,sham,26,tierA_p95,Hepatocytes,oxidative_stress,55.0,60.0,4660.0,0.1885006373095658,0.0006728663020499864,4266.0,0.18815426392373977
7248_liver_sham_Male_26-U1,sham,26,tierA_p95,Hepatocytes,oxidative_stress,60.0,65.0,3670.0,0.18899486646993843,0.0007490237863116071,3517.0,0.18705646856350336
7248_liver_sham_Male_26-U1,sham,26,tierA_p95,Hepatocytes,oxidative_stress,65.0,70.0,3098.0,0.18675463212914933,0.0008537912155071123,2684.0,0.18732671020830108
7248_liver_sham_Male_26-U1,sham,26,tierA_p95,Hepatocytes,oxidative_stress,70.0,75.0,2260.0,0.18596155309958992,0.000986442503666361,1991.0,0.1849597740854314
7248_liver_sham_Male_26-U1,sham,26,tierA_p95,Hepatocytes,oxidative_stress,75.0,80.0,1798.0,0.1855402671047243,0.0010896617236384207,1491.0,0.1847272769627327
7248_liver_sham_Male_26-U1,sham,26,tierA_p95,Hepatocytes,oxidative_stress,80.0,85.0,1300.0,0.1861909462296619,0.001236780979702546,1087.0,0.18459433301076938
7248_liver_sham_Male_26-U1,sham,26,tierA_p95,Hepatocytes,oxidative_stress,85.0,90.0,928.0,0.1852912823639505,0.001436278275996973,845.0,0.18232033141673756
7248_liver_sham_Male_26-U1,sham,26,tierA_p95,Hepatocytes,oxidative_stress,90.0,95.0,655.0,0.184665419701629,0.0017680176395084384,530.0,0.18329277364185678
7248_liver_sham_Male_26-U1,sham,26,tierA_p95,Hepatocytes,oxidative_stress,95.0,100.0,461.0,0.18566351379783028,0.0020374454826570603,1304.0,0.18202421026864302
7248_liver_sham_Male_26-U1,sham,26,tierA_p95,Hepatocytes,secondary_senescence,0.0,5.0,24.0,-0.04063749987593231,0.008060085432260855,5374.0,-0.0484373594682605
7248_liver_sham_Male_26-U1,sham,26,tierA_p95,Hepatocytes,secondary_senescence,5.0,10.0,2553.0,-0.04552570309901124,0.0005814327630585691,2123.0,-0.04616678758091077
7248_liver_sham_Male_26-U1,sham,26,tierA_p95,Hepatocytes,secondary_senescence,10.0,15.0,8863.0,-0.04767385420799459,0.00028144845276664227,8265.0,-0.048630488820458034
7248_liver_sham_Male_26-U1,sham,26,tierA_p95,Hepatocytes,secondary_senescence,15.0,20.0,10286.0,-0.04858453141187512,0.0002493524462306353,9880.0,-0.048801892708970514
7248_liver_sham_Male_26-U1,sham,26,tierA_p95,Hepatocytes,secondary_senescence,20.0,25.0,10293.0,-0.04886627030198561,0.00025069972370385027,10150.0,-0.04865626897964991
7248_liver_sham_Male_26-U1,sham,26,tierA_p95,Hepatocytes,secondary_senescence,25.0,30.0,10425.0,-0.04857001341815786,0.00024601032265628804,9994.0,-0.04865466881703064
7248_liver_sham_Male_26-U1,sham,26,tierA_p95,Hepatocytes,secondary_senescence,30.0,35.0,9984.0,-0.04827452325595406,0.0002489593266688284,9717.0,-0.047751061051853574
7248_liver_sham_Male_26-U1,sham,26,tierA_p95,Hepatocytes,secondary_senescence,35.0,40.0,9183.0,-0.04862984539133324,0.0002614568514198389,8696.0,-0.048379644688253544
7248_liver_sham_Male_26-U1,sham,26,tierA_p95,Hepatocytes,secondary_senescence,40.0,45.0,8172.0,-0.04818144889111158,0.00027515916901357416,7643.0,-0.04843782810619765
7248_liver_sham_Male_26-U1,sham,26,tierA_p95,Hepatocytes,secondary_senescence,45.0,50.0,6973.0,-0.048754504519392255,0.00029235808626526706,6502.0,-0.04860128272362203
7248_liver_sham_Male_26-U1,sham,26,tierA_p95,Hepatocytes,secondary_senescence,50.0,55.0,5804.0,-0.04824611647092074,0.0003206103978806579,5331.0,-0.04827060214017741
7248_liver_sham_Male_26-U1,sham,26,tierA_p95,Hepatocytes,secondary_senescence,55.0,60.0,4660.0,-0.04870818457861143,0.00035477267768072447,4266.0,-0.04836654008319766
7248_liver_sham_Male_26-U1,sham,26,tierA_p95,Hepatocytes,secondary_senescence,60.0,65.0,3670.0,-0.04853213620332664,0.00039511291517949494,3517.0,-0.047540292847601494
7248_liver_sham_Male_26-U1,sham,26,tierA_p95,Hepatocytes,secondary_senescence,65.0,70.0,3098.0,-0.048137753388729144,0.0004328405906929015,2684.0,-0.04783305882545083
7248_liver_sham_Male_26-U1,sham,26,tierA_p95,Hepatocytes,secondary_senescence,70.0,75.0,2260.0,-0.048146663697538054,0.0005119480181973951,1991.0,-0.048923510696622104
7248_liver_sham_Male_26-U1,sham,26,tierA_p95,Hepatocytes,secondary_senescence,75.0,80.0,1798.0,-0.048571129048880474,0.0005595703860945407,1491.0,-0.04818091208228356
7248_liver_sham_Male_26-U1,sham,26,tierA_p95,Hepatocytes,secondary_senescence,80.0,85.0,1300.0,-0.04904573847658377,0.0006811317165958346,1087.0,-0.04759587864421761
7248_liver_sham_Male_26-U1,sham,26,tierA_p95,Hepatocytes,secondary_senescence,85.0,90.0,928.0,-0.047411497863714465,0.0008111939751584888,845.0,-0.04849446162329325
7248_liver_sham_Male_26-U1,sham,26,tierA_p95,Hepatocytes,secondary_senescence,90.0,95.0,655.0,-0.04875051902059665,0.000921894005634034,530.0,-0.05007675477239865
7248_liver_sham_Male_26-U1,sham,26,tierA_p95,Hepatocytes,secondary_senescence,95.0,100.0,461.0,-0.047845357908465336,0.001147016207368269,1304.0,-0.04753430977728056
7248_liver_sham_Male_26-U1,sham,26,tierA_p95,Hepatocytes,tnfa_nfkb_proximal,0.0,5.0,24.0,-0.029340000308972474,0.003496998167000778,5374.0,-0.025551282105270152
7248_liver_sham_Male_26-U1,sham,26,tierA_p95,Hepatocytes,tnfa_nfkb_proximal,5.0,10.0,2553.0,-0.023815797118768203,0.0003975966875283445,2123.0,-0.02419157322223802
7248_liver_sham_Male_26-U1,sham,26,tierA_p95,Hepatocytes,tnfa_nfkb_proximal,10.0,15.0,8863.0,-0.024807218768999502,0.00018286536565865387,8265.0,-0.025248451299097512
7248_liver_sham_Male_26-U1,sham,26,tierA_p95,Hepatocytes,tnfa_nfkb_proximal,15.0,20.0,10286.0,-0.02549710383462801,0.00016136946280390506,9880.0,-0.025504113363648304
7248_liver_sham_Male_26-U1,sham,26,tierA_p95,Hepatocytes,tnfa_nfkb_proximal,20.0,25.0,10293.0,-0.02511404255513155,0.00016297573835503013,10150.0,-0.025563842364861943
7248_liver_sham_Male_26-U1,sham,26,tierA_p95,Hepatocytes,tnfa_nfkb_proximal,25.0,30.0,10425.0,-0.025032006707643377,0.0001615233807794623,9994.0,-0.025360842490876664
7248_liver_sham_Male_26-U1,sham,26,tierA_p95,Hepatocytes,tnfa_nfkb_proximal,30.0,35.0,9984.0,-0.025397948721537233,0.00016096904612114744,9717.0,-0.025295410113123393
7248_liver_sham_Male_26-U1,sham,26,tierA_p95,Hepatocytes,tnfa_nfkb_proximal,35.0,40.0,9183.0,-0.0251784297028567,0.00017087143005020626,8696.0,-0.02525142595032904
7248_liver_sham_Male_26-U1,sham,26,tierA_p95,Hepatocytes,tnfa_nfkb_proximal,40.0,45.0,8172.0,-0.02564321830118599,0.0001797640214284714,7643.0,-0.025162082948778433
7248_liver_sham_Male_26-U1,sham,26,tierA_p95,Hepatocytes,tnfa_nfkb_proximal,45.0,50.0,6973.0,-0.02519189015711969,0.00019415303326516113,6502.0,-0.02501859889633231
7248_liver_sham_Male_26-U1,sham,26,tierA_p95,Hepatocytes,tnfa_nfkb_proximal,50.0,55.0,5804.0,-0.025316288767242554,0.00021097716019162466,5331.0,-0.025220731566617905
7248_liver_sham_Male_26-U1,sham,26,tierA_p95,Hepatocytes,tnfa_nfkb_proximal,55.0,60.0,4660.0,-0.025071697427785086,0.00023664753496843596,4266.0,-0.024447578533866043
7248_liver_sham_Male_26-U1,sham,26,tierA_p95,Hepatocytes,tnfa_nfkb_proximal,60.0,65.0,3670.0,-0.02482629971997947,0.0002644389311359584,3517.0,-0.024868336627162865
7248_liver_sham_Male_26-U1,sham,26,tierA_p95,Hepatocytes,tnfa_nfkb_proximal,65.0,70.0,3098.0,-0.024812792140337707,0.00028343879404354907,2684.0,-0.024587071516222022
7248_liver_sham_Male_26-U1,sham,26,tierA_p95,Hepatocytes,tnfa_nfkb_proximal,70.0,75.0,2260.0,-0.025587442466670822,0.00034246288070933513,1991.0,-0.0251531140228554
7248_liver_sham_Male_26-U1,sham,26,tierA_p95,Hepatocytes,tnfa_nfkb_proximal,75.0,80.0,1798.0,-0.0251401835381599,0.00036404607063693546,1491.0,-0.023737149565369348
7248_liver_sham_Male_26-U1,sham,26,tierA_p95,Hepatocytes,tnfa_nfkb_proximal,80.0,85.0,1300.0,-0.02480329227833583,0.00044021900927357935,1087.0,-0.02407231832449058
7248_liver_sham_Male_26-U1,sham,26,tierA_p95,Hepatocytes,tnfa_nfkb_proximal,85.0,90.0,928.0,-0.025434870663408722,0.000514637744235275,845.0,-0.024162165674614478
7248_liver_sham_Male_26-U1,sham,26,tierA_p95,Hepatocytes,tnfa_nfkb_proximal,90.0,95.0,655.0,-0.024339496149871017,0.0006421150356753251,530.0,-0.024522339646795926
7248_liver_sham_Male_26-U1,sham,26,tierA_p95,Hepatocytes,tnfa_nfkb_proximal,95.0,100.0,461.0,-0.02463952274889999,0.0007937280533053522,1304.0,-0.02389013037846094
7248_liver_sham_Male_26-U1,sham,26,tierA_p95,Macrophages,downstream_arrest,0.0,5.0,25.0,-0.008469200106337666,0.004352560274368373,730.0,-0.0024125616293606245
7248_liver_sham_Male_26-U1,sham,26,tierA_p95,Macrophages,downstream_arrest,5.0,10.0,564.0,-0.002976436195478901,0.0009451857583555662,510.0,-0.003729000011862452
7248_liver_sham_Male_26-U1,sham,26,tierA_p95,Macrophages,downstream_arrest,10.0,15.0,1136.0,-0.0019237499964668092,0.000638055020560668,1066.0,-0.001203227017716036
7248_liver_sham_Male_26-U1,sham,26,tierA_p95,Macrophages,downstream_arrest,15.0,20.0,1167.0,-0.0006373264690567424,0.0006396545831689457,1098.0,-0.0020906830640440117
7248_liver_sham_Male_26-U1,sham,26,tierA_p95,Macrophages,downstream_arrest,20.0,25.0,1198.0,-0.001169966606132755,0.0006361753929015843,1195.0,-0.0017965858006501858
7248_liver_sham_Male_26-U1,sham,26,tierA_p95,Macrophages,downstream_arrest,25.0,30.0,1390.0,-0.0018246546847837484,0.0005831383502455698,1273.0,-0.0017166928397517637
7248_liver_sham_Male_26-U1,sham,26,tierA_p95,Macrophages,downstream_arrest,30.0,35.0,1273.0,-3.691280655870057e-05,0.0006008265079038272,1261.0,-0.0013366534637731225
7248_liver_sham_Male_26-U1,sham,26,tierA_p95,Macrophages,downstream_arrest,35.0,40.0,1200.0,-0.0008603917055976732,0.0006259002233476416,1159.0,-0.0005136238337380228
7248_liver_sham_Male_26-U1,sham,26,tierA_p95,Macrophages,downstream_arrest,40.0,45.0,1040.0,-0.0013970384643331411,0.0006716526966898191,1012.0,0.0007415217391379247
7248_liver_sham_Male_26-U1,sham,26,tierA_p95,Macrophages,downstream_arrest,45.0,50.0,931.0,-0.0012743501548824953,0.0006773970780889683,839.0,-0.0013462932088839502
7248_liver_sham_Male_26-U1,sham,26,tierA_p95,Macrophages,downstream_arrest,50.0,55.0,761.0,-0.0007357555539320078,0.0007274515460176668,720.0,0.001092388938903039
7248_liver_sham_Male_26-U1,sham,26,tierA_p95,Macrophages,downstream_arrest,55.0,60.0,724.0,-0.00040002763435844805,0.0007648187202470965,614.0,-0.0018401140250213078
7248_liver_sham_Male_26-U1,sham,26,tierA_p95,Macrophages,downstream_arrest,60.0,65.0,549.0,0.00041925315226580675,0.0008598292423012847,502.0,0.0023325697516464647
7248_liver_sham_Male_26-U1,sham,26,tierA_p95,Macrophages,downstream_arrest,65.0,70.0,436.0,-0.0008155504776969383,0.0010021567259531393,398.0,0.00026133162030981193
7248_liver_sham_Male_26-U1,sham,26,tierA_p95,Macrophages,downstream_arrest,70.0,75.0,362.0,-0.00025348065359521467,0.0010805389274778025,303.0,-0.00015580859993854937
7248_liver_sham_Male_26-U1,sham,26,tierA_p95,Macrophages,downstream_arrest,75.0,80.0,253.0,-0.002063280644664622,0.0012647054394096305,222.0,-0.0015632432595839008
7248_liver_sham_Male_26-U1,sham,26,tierA_p95,Macrophages,downstream_arrest,80.0,85.0,190.0,-0.0018026841538621259,0.001443925242748232,187.0,-0.002015561536443949
7248_liver_sham_Male_26-U1,sham,26,tierA_p95,Macrophages,downstream_arrest,85.0,90.0,166.0,0.001180120452904319,0.0016058493963929225,120.0,0.0013385000031121308
7248_liver_sham_Male_26-U1,sham,26,tierA_p95,Macrophages,downstream_arrest,90.0,95.0,86.0,0.00377976747886562,0.002188430876883201,99.0,0.004961313164764733
7248_liver_sham_Male_26-U1,sham,26,tierA_p95,Macrophages,downstream_arrest,95.0,100.0,75.0,0.006124266732270674,0.0027896522150163386,218.0,-2.8073408171254714e-05
7248_liver_sham_Male_26-U1,sham,26,tierA_p95,Macrophages,emt_ecm,0.0,5.0,25.0,0.025839600060135127,0.005623279874308351,730.0,0.01861624653055552
7248_liver_sham_Male_26-U1,sham,26,tierA_p95,Macrophages,emt_ecm,5.0,10.0,564.0,0.021516808496700627,0.0014057408587047227,510.0,0.019794058847308442
7248_liver_sham_Male_26-U1,sham,26,tierA_p95,Macrophages,emt_ecm,10.0,15.0,1136.0,0.01696935738146416,0.0009721964440234969,1066.0,0.017516697914897843
7248_liver_sham_Male_26-U1,sham,26,tierA_p95,Macrophages,emt_ecm,15.0,20.0,1167.0,0.016509083069674094,0.0009519837082258365,1098.0,0.015827040057965047
7248_liver_sham_Male_26-U1,sham,26,tierA_p95,Macrophages,emt_ecm,20.0,25.0,1198.0,0.0179410767792761,0.0009260113482975342,1195.0,0.015953807521663328
7248_liver_sham_Male_26-U1,sham,26,tierA_p95,Macrophages,emt_ecm,25.0,30.0,1390.0,0.017697366915169807,0.000866899202000315,1273.0,0.017229300891429523
7248_liver_sham_Male_26-U1,sham,26,tierA_p95,Macrophages,emt_ecm,30.0,35.0,1273.0,0.016740675549951317,0.0008638457861532052,1261.0,0.017174028553255862
7248_liver_sham_Male_26-U1,sham,26,tierA_p95,Macrophages,emt_ecm,35.0,40.0,1200.0,0.016454025020320843,0.0008772690635633787,1159.0,0.017389421882135225
7248_liver_sham_Male_26-U1,sham,26,tierA_p95,Macrophages,emt_ecm,40.0,45.0,1040.0,0.016423509617918452,0.0009108713917029211,1012.0,0.01681918970014795
7248_liver_sham_Male_26-U1,sham,26,tierA_p95,Macrophages,emt_ecm,45.0,50.0,931.0,0.017313555338473494,0.001095315893264894,839.0,0.016996328979602605
7248_liver_sham_Male_26-U1,sham,26,tierA_p95,Macrophages,emt_ecm,50.0,55.0,761.0,0.017139198412700635,0.0011211542281871405,720.0,0.016150597266515535
7248_liver_sham_Male_26-U1,sham,26,tierA_p95,Macrophages,emt_ecm,55.0,60.0,724.0,0.016722748610715238,0.0011352192430315322,614.0,0.01905174273062573
7248_liver_sham_Male_26-U1,sham,26,tierA_p95,Macrophages,emt_ecm,60.0,65.0,549.0,0.019016848752009357,0.0013798428653176928,502.0,0.017176095617747685
7248_liver_sham_Male_26-U1,sham,26,tierA_p95,Macrophages,emt_ecm,65.0,70.0,436.0,0.01644582574417738,0.0015409295140089666,398.0,0.01650864313813684
7248_liver_sham_Male_26-U1,sham,26,tierA_p95,Macrophages,emt_ecm,70.0,75.0,362.0,0.0164626796084634,0.0015846105433674268,303.0,0.018357755656841307
7248_liver_sham_Male_26-U1,sham,26,tierA_p95,Macrophages,emt_ecm,75.0,80.0,253.0,0.02051474304213842,0.0019409192132199449,222.0,0.020000135141516866
7248_liver_sham_Male_26-U1,sham,26,tierA_p95,Macrophages,emt_ecm,80.0,85.0,190.0,0.0162505789351838,0.0023186290113044196,187.0,0.017736363554554543
7248_liver_sham_Male_26-U1,sham,26,tierA_p95,Macrophages,emt_ecm,85.0,90.0,166.0,0.017901325311440924,0.002361917825749041,120.0,0.021749250228276652
7248_liver_sham_Male_26-U1,sham,26,tierA_p95,Macrophages,emt_ecm,90.0,95.0,86.0,0.019541976716894612,0.0032165808352659165,99.0,0.018582424184782526
7248_liver_sham_Male_26-U1,sham,26,tierA_p95,Macrophages,emt_ecm,95.0,100.0,75.0,0.01653546664863825,0.003296134507987448,218.0,0.020413990760979845
7248_liver_sham_Male_26-U1,sham,26,tierA_p95,Macrophages,il6_jak_stat3,0.0,5.0,25.0,0.047769599817693235,0.01110356271175534,730.0,0.03634668488779774
7248_liver_sham_Male_26-U1,sham,26,tierA_p95,Macrophages,il6_jak_stat3,5.0,10.0,564.0,0.04028953901454493,0.002313813299764031,510.0,0.038994745013762586
7248_liver_sham_Male_26-U1,sham,26,tierA_p95,Macrophages,il6_jak_stat3,10.0,15.0,1136.0,0.036330448912141794,0.0016623322466153786,1066.0,0.03664848971702685
7248_liver_sham_Male_26-U1,sham,26,tierA_p95,Macrophages,il6_jak_stat3,15.0,20.0,1167.0,0.03423345328988966,0.001514782589412925,1098.0,0.033200801412883424
7248_liver_sham_Male_26-U1,sham,26,tierA_p95,Macrophages,il6_jak_stat3,20.0,25.0,1198.0,0.035915601029717345,0.0015255936935772872,1195.0,0.03398280338396754
7248_liver_sham_Male_26-U1,sham,26,tierA_p95,Macrophages,il6_jak_stat3,25.0,30.0,1390.0,0.03388841728227418,0.0014144483461804218,1273.0,0.03635188525209672
7248_liver_sham_Male_26-U1,sham,26,tierA_p95,Macrophages,il6_jak_stat3,30.0,35.0,1273.0,0.036831335429970406,0.0015337894923503862,1261.0,0.03643711338503359
7248_liver_sham_Male_26-U1,sham,26,tierA_p95,Macrophages,il6_jak_stat3,35.0,40.0,1200.0,0.03547147493501446,0.0015401311625532306,1159.0,0.031989421934453685
7248_liver_sham_Male_26-U1,sham,26,tierA_p95,Macrophages,il6_jak_stat3,40.0,45.0,1040.0,0.03462667311673263,0.0016354857187062502,1012.0,0.02972253963515807
7248_liver_sham_Male_26-U1,sham,26,tierA_p95,Macrophages,il6_jak_stat3,45.0,50.0,931.0,0.03375021477855063,0.001712360146466499,839.0,0.03202613828380393
7248_liver_sham_Male_26-U1,sham,26,tierA_p95,Macrophages,il6_jak_stat3,50.0,55.0,761.0,0.03329190536994932,0.0019134023892844764,720.0,0.03168202774614252
7248_liver_sham_Male_26-U1,sham,26,tierA_p95,Macrophages,il6_jak_stat3,55.0,60.0,724.0,0.03207454418472319,0.0019729931186877256,614.0,0.0355055537318146
7248_liver_sham_Male_26-U1,sham,26,tierA_p95,Macrophages,il6_jak_stat3,60.0,65.0,549.0,0.029346047369571616,0.0020873406356266104,502.0,0.03492597605219339
7248_liver_sham_Male_26-U1,sham,26,tierA_p95,Macrophages,il6_jak_stat3,65.0,70.0,436.0,0.03463433486537783,0.002538431715441757,398.0,0.03496537676400106
7248_liver_sham_Male_26-U1,sham,26,tierA_p95,Macrophages,il6_jak_stat3,70.0,75.0,362.0,0.03306290068170339,0.00275942865488812,303.0,0.03741122111958596
7248_liver_sham_Male_26-U1,sham,26,tierA_p95,Macrophages,il6_jak_stat3,75.0,80.0,253.0,0.02434142281645504,0.0032431156808806266,222.0,0.03552256763692754
7248_liver_sham_Male_26-U1,sham,26,tierA_p95,Macrophages,il6_jak_stat3,80.0,85.0,190.0,0.031716736858058876,0.0036670538327352813,187.0,0.036089732736317354
7248_liver_sham_Male_26-U1,sham,26,tierA_p95,Macrophages,il6_jak_stat3,85.0,90.0,166.0,0.028901204740413303,0.0035282042847605277,120.0,0.03259916669533899
7248_liver_sham_Male_26-U1,sham,26,tierA_p95,Macrophages,il6_jak_stat3,90.0,95.0,86.0,0.03128093018448305,0.004926195430213666,99.0,0.03110202016493228
7248_liver_sham_Male_26-U1,sham,26,tierA_p95,Macrophages,il6_jak_stat3,95.0,100.0,75.0,0.027041333472977082,0.005010416596924262,218.0,0.03565454120115471
7248_liver_sham_Male_26-U1,sham,26,tierA_p95,Macrophages,interferon_response,0.0,5.0,25.0,0.047029200028628114,0.009986963793195134,730.0,0.05156845211351214
7248_liver_sham_Male_26-U1,sham,26,tierA_p95,Macrophages,interferon_response,5.0,10.0,564.0,0.0553016311790327,0.002016586594836633,510.0,0.05661099996593525
7248_liver_sham_Male_26-U1,sham,26,tierA_p95,Macrophages,interferon_response,10.0,15.0,1136.0,0.05342782566293235,0.001520495692308187,1066.0,0.05186414623234392
7248_liver_sham_Male_26-U1,sham,26,tierA_p95,Macrophages,interferon_response,15.0,20.0,1167.0,0.05089810628664367,0.0013269456907741373,1098.0,0.050442112835404784
7248_liver_sham_Male_26-U1,sham,26,tierA_p95,Macrophages,interferon_response,20.0,25.0,1198.0,0.051927153479849955,0.0013508709860327048,1195.0,0.04983096229647436
7248_liver_sham_Male_26-U1,sham,26,tierA_p95,Macrophages,interferon_response,25.0,30.0,1390.0,0.05152964026787519,0.0013138670315244849,1273.0,0.051315883769509615
7248_liver_sham_Male_26-U1,sham,26,tierA_p95,Macrophages,interferon_response,30.0,35.0,1273.0,0.053430188512286245,0.0013551871410946428,1261.0,0.05248559080679955
7248_liver_sham_Male_26-U1,sham,26,tierA_p95,Macrophages,interferon_response,35.0,40.0,1200.0,0.050143949938407484,0.001319246226988865,1159.0,0.04849968075683604
7248_liver_sham_Male_26-U1,sham,26,tierA_p95,Macrophages,interferon_response,40.0,45.0,1040.0,0.05144427891806957,0.0014838888802035273,1012.0,0.048703201573782724
7248_liver_sham_Male_26-U1,sham,26,tierA_p95,Macrophages,interferon_response,45.0,50.0,931.0,0.04964000000418954,0.00145325127770161,839.0,0.04961524429942915
7248_liver_sham_Male_26-U1,sham,26,tierA_p95,Macrophages,interferon_response,50.0,55.0,761.0,0.04708988177048534,0.0016718273295536516,720.0,0.04879358326929327
7248_liver_sham_Male_26-U1,sham,26,tierA_p95,Macrophages,interferon_response,55.0,60.0,724.0,0.04916178180007606,0.0018378273647929216,614.0,0.052567996601496386
7248_liver_sham_Male_26-U1,sham,26,tierA_p95,Macrophages,interferon_response,60.0,65.0,549.0,0.046049417011448386,0.0019084884513677635,502.0,0.051445936327560136
7248_liver_sham_Male_26-U1,sham,26,tierA_p95,Macrophages,interferon_response,65.0,70.0,436.0,0.052366422023257045,0.002184202158204428,398.0,0.05178399514131603
7248_liver_sham_Male_26-U1,sham,26,tierA_p95,Macrophages,interferon_response,70.0,75.0,362.0,0.051368867191444255,0.002485748491296897,303.0,0.049596006536730276
7248_liver_sham_Male_26-U1,sham,26,tierA_p95,Macrophages,interferon_response,75.0,80.0,253.0,0.04216786569425318,0.002792937764481659,222.0,0.053657026929097296
7248_liver_sham_Male_26-U1,sham,26,tierA_p95,Macrophages,interferon_response,80.0,85.0,190.0,0.04780868402066469,0.003392465057327713,187.0,0.04996358283843975
7248_liver_sham_Male_26-U1,sham,26,tierA_p95,Macrophages,interferon_response,85.0,90.0,166.0,0.04533638555980119,0.003442689298434712,120.0,0.045685166618204674
7248_liver_sham_Male_26-U1,sham,26,tierA_p95,Macrophages,interferon_response,90.0,95.0,86.0,0.047046511659065676,0.005099943460169015,99.0,0.052924444733306326
7248_liver_sham_Male_26-U1,sham,26,tierA_p95,Macrophages,interferon_response,95.0,100.0,75.0,0.04714093344751746,0.005594758912673889,218.0,0.050342247795357384
7248_liver_sham_Male_26-U1,sham,26,tierA_p95,Macrophages,oxidative_stress,0.0,5.0,25.0,0.1746928003616631,0.02040728399231294,730.0,0.15546352055361526
7248_liver_sham_Male_26-U1,sham,26,tierA_p95,Macrophages,oxidative_stress,5.0,10.0,564.0,0.16071686161131307,0.003477848349579606,510.0,0.15927100029258132
7248_liver_sham_Male_26-U1,sham,26,tierA_p95,Macrophages,oxidative_stress,10.0,15.0,1136.0,0.17059229742153548,0.0023187425189619437,1066.0,0.17310698899002763
7248_liver_sham_Male_26-U1,sham,26,tierA_p95,Macrophages,oxidative_stress,15.0,20.0,1167.0,0.17468465288185545,0.0022939812635495347,1098.0,0.1771698634389405
7248_liver_sham_Male_26-U1,sham,26,tierA_p95,Macrophages,oxidative_stress,20.0,25.0,1198.0,0.1724631384503678,0.0023141691932820766,1195.0,0.17380435979700667
7248_liver_sham_Male_26-U1,sham,26,tierA_p95,Macrophages,oxidative_stress,25.0,30.0,1390.0,0.16654107935109025,0.00210636433294839,1273.0,0.17186515306478156
7248_liver_sham_Male_26-U1,sham,26,tierA_p95,Macrophages,oxidative_stress,30.0,35.0,1273.0,0.16979648066033118,0.002161063047147058,1261.0,0.17339829490496056
7248_liver_sham_Male_26-U1,sham,26,tierA_p95,Macrophages,oxidative_stress,35.0,40.0,1200.0,0.17378574185553589,0.002185218554113285,1159.0,0.17092600520195983
7248_liver_sham_Male_26-U1,sham,26,tierA_p95,Macrophages,oxidative_stress,40.0,45.0,1040.0,0.17559225970320627,0.002311382692914674,1012.0,0.17308890315000725
7248_liver_sham_Male_26-U1,sham,26,tierA_p95,Macrophages,oxidative_stress,45.0,50.0,931.0,0.17550934463797915,0.0025215013544622367,839.0,0.17237031001847958
7248_liver_sham_Male_26-U1,sham,26,tierA_p95,Macrophages,oxidative_stress,50.0,55.0,761.0,0.17340277259562528,0.002835242738562569,720.0,0.17183604183228454
7248_liver_sham_Male_26-U1,sham,26,tierA_p95,Macrophages,oxidative_stress,55.0,60.0,724.0,0.16774729291911017,0.0028165099518599203,614.0,0.16681902262741313
7248_liver_sham_Male_26-U1,sham,26,tierA_p95,Macrophages,oxidative_stress,60.0,65.0,549.0,0.172192878323365,0.00330685732937332,502.0,0.17473207192790824
7248_liver_sham_Male_26-U1,sham,26,tierA_p95,Macrophages,oxidative_stress,65.0,70.0,436.0,0.17645032132012928,0.0036847711555200373,398.0,0.18318668314742495
7248_liver_sham_Male_26-U1,sham,26,tierA_p95,Macrophages,oxidative_stress,70.0,75.0,362.0,0.1754501929457778,0.004082938467463517,303.0,0.1729378215891767
7248_liver_sham_Male_26-U1,sham,26,tierA_p95,Macrophages,oxidative_stress,75.0,80.0,253.0,0.17205292507553432,0.005061074937172934,222.0,0.17136427929450818
7248_liver_sham_Male_26-U1,sham,26,tierA_p95,Macrophages,oxidative_stress,80.0,85.0,190.0,0.17891521062824484,0.005640208791292393,187.0,0.18555203264076164
7248_liver_sham_Male_26-U1,sham,26,tierA_p95,Macrophages,oxidative_stress,85.0,90.0,166.0,0.16993283119676103,0.006107305542365057,120.0,0.16774408328346907
7248_liver_sham_Male_26-U1,sham,26,tierA_p95,Macrophages,oxidative_stress,90.0,95.0,86.0,0.18578755825238172,0.00817046880461465,99.0,0.1811173730847341
7248_liver_sham_Male_26-U1,sham,26,tierA_p95,Macrophages,oxidative_stress,95.0,100.0,75.0,0.17183160064121086,0.008684067711945997,218.0,0.17284270619184267
7248_liver_sham_Male_26-U1,sham,26,tierA_p95,Macrophages,secondary_senescence,0.0,5.0,25.0,-0.003237199523719028,0.009459338977850269,730.0,-0.011443027396178454
7248_liver_sham_Male_26-U1,sham,26,tierA_p95,Macrophages,secondary_senescence,5.0,10.0,564.0,-0.011057854648617057,0.0020343216979082303,510.0,-0.009950745119260996
7248_liver_sham_Male_26-U1,sham,26,tierA_p95,Macrophages,secondary_senescence,10.0,15.0,1136.0,-0.014606725331750055,0.0013265374446234093,1066.0,-0.015251313382572672
7248_liver_sham_Male_26-U1,sham,26,tierA_p95,Macrophages,secondary_senescence,15.0,20.0,1167.0,-0.016878191974443395,0.0012965017593976392,1098.0,-0.017635510036179004
7248_liver_sham_Male_26-U1,sham,26,tierA_p95,Macrophages,secondary_senescence,20.0,25.0,1198.0,-0.013569407299194142,0.0013160340876558398,1195.0,-0.015959807480233634
7248_liver_sham_Male_26-U1,sham,26,tierA_p95,Macrophages,secondary_senescence,25.0,30.0,1390.0,-0.01522770498256034,0.0012230629174911358,1273.0,-0.015794901826824928
7248_liver_sham_Male_26-U1,sham,26,tierA_p95,Macrophages,secondary_senescence,30.0,35.0,1273.0,-0.015832780804508746,0.0013233415229674183,1261.0,-0.016623354450141563
7248_liver_sham_Male_26-U1,sham,26,tierA_p95,Macrophages,secondary_senescence,35.0,40.0,1200.0,-0.016555374953762414,0.0012899269732066624,1159.0,-0.016640741936286795
7248_liver_sham_Male_26-U1,sham,26,tierA_p95,Macrophages,secondary_senescence,40.0,45.0,1040.0,-0.017336394188029004,0.0013350281635953734,1012.0,-0.019911986071531686
7248_liver_sham_Male_26-U1,sham,26,tierA_p95,Macrophages,secondary_senescence,45.0,50.0,931.0,-0.017081901195154306,0.001429795763567267,839.0,-0.01654038144397581
7248_liver_sham_Male_26-U1,sham,26,tierA_p95,Macrophages,secondary_senescence,50.0,55.0,761.0,-0.01640986857264352,0.0015654714307796011,720.0,-0.015298472164689277
7248_liver_sham_Male_26-U1,sham,26,tierA_p95,Macrophages,secondary_senescence,55.0,60.0,724.0,-0.017331422714101107,0.0017298667257765032,614.0,-0.015276644977946471
7248_liver_sham_Male_26-U1,sham,26,tierA_p95,Macrophages,secondary_senescence,60.0,65.0,549.0,-0.018859052855244928,0.0019430211347118474,502.0,-0.014307928321168183
7248_liver_sham_Male_26-U1,sham,26,tierA_p95,Macrophages,secondary_senescence,65.0,70.0,436.0,-0.0198960550028418,0.002123263557577357,398.0,-0.014839924578396977
7248_liver_sham_Male_26-U1,sham,26,tierA_p95,Macrophages,secondary_senescence,70.0,75.0,362.0,-0.012472873004680777,0.002345147966776335,303.0,-0.017812904243076237
7248_liver_sham_Male_26-U1,sham,26,tierA_p95,Macrophages,secondary_senescence,75.0,80.0,253.0,-0.01973885376171555,0.002792665490296882,222.0,-0.016505630546522
7248_liver_sham_Male_26-U1,sham,26,tierA_p95,Macrophages,secondary_senescence,80.0,85.0,190.0,-0.012528578981628494,0.0033451406163510916,187.0,-0.017852620346649715
7248_liver_sham_Male_26-U1,sham,26,tierA_p95,Macrophages,secondary_senescence,85.0,90.0,166.0,-0.014636505833046416,0.0034856385174148437,120.0,-0.017188250002072893
7248_liver_sham_Male_26-U1,sham,26,tierA_p95,Macrophages,secondary_senescence,90.0,95.0,86.0,-0.01557825579508316,0.004590062652888379,99.0,-0.01070868699209332
7248_liver_sham_Male_26-U1,sham,26,tierA_p95,Macrophages,secondary_senescence,95.0,100.0,75.0,-0.02166280006368955,0.004902730284907558,218.0,-0.017525550378662737
7248_liver_sham_Male_26-U1,sham,26,tierA_p95,Macrophages,tnfa_nfkb_proximal,0.0,5.0,25.0,-0.004543999740853906,0.005955506521323391,730.0,-0.0025768903658551097
7248_liver_sham_Male_26-U1,sham,26,tierA_p95,Macrophages,tnfa_nfkb_proximal,5.0,10.0,564.0,-0.0029449645268694903,0.0013326943920461437,510.0,-0.0012750196737161947
7248_liver_sham_Male_26-U1,sham,26,tierA_p95,Macrophages,tnfa_nfkb_proximal,10.0,15.0,1136.0,-0.005220994726052698,0.0009462575593073098,1066.0,-0.0063219512235255584
7248_liver_sham_Male_26-U1,sham,26,tierA_p95,Macrophages,tnfa_nfkb_proximal,15.0,20.0,1167.0,-0.006508397573212814,0.000945988257068269,1098.0,-0.007857377018927898
7248_liver_sham_Male_26-U1,sham,26,tierA_p95,Macrophages,tnfa_nfkb_proximal,20.0,25.0,1198.0,-0.004767963289531886,0.0009208384732312863,1195.0,-0.006576158995838752
7248_liver_sham_Male_26-U1,sham,26,tierA_p95,Macrophages,tnfa_nfkb_proximal,25.0,30.0,1390.0,-0.0060391294816686866,0.0008378135538142054,1273.0,-0.0053819324585779645
7248_liver_sham_Male_26-U1,sham,26,tierA_p95,Macrophages,tnfa_nfkb_proximal,30.0,35.0,1273.0,-0.00622590730697419,0.0008545648323586316,1261.0,-0.006303671664144712
7248_liver_sham_Male_26-U1,sham,26,tierA_p95,Macrophages,tnfa_nfkb_proximal,35.0,40.0,1200.0,-0.006052583325739155,0.000889711270522106,1159.0,-0.006189102688899566
7248_liver_sham_Male_26-U1,sham,26,tierA_p95,Macrophages,tnfa_nfkb_proximal,40.0,45.0,1040.0,-0.007209663419773558,0.0009757058142436188,1012.0,-0.008465533581581149
7248_liver_sham_Male_26-U1,sham,26,tierA_p95,Macrophages,tnfa_nfkb_proximal,45.0,50.0,931.0,-0.007472846378660066,0.0009684430186076291,839.0,-0.007368128708013686
7248_liver_sham_Male_26-U1,sham,26,tierA_p95,Macrophages,tnfa_nfkb_proximal,50.0,55.0,761.0,-0.007335400796577144,0.0010852079922948304,720.0,-0.007740166628152818
7248_liver_sham_Male_26-U1,sham,26,tierA_p95,Macrophages,tnfa_nfkb_proximal,55.0,60.0,724.0,-0.007580676777272037,0.0011481854185873437,614.0,-0.008536188866103328
7248_liver_sham_Male_26-U1,sham,26,tierA_p95,Macrophages,tnfa_nfkb_proximal,60.0,65.0,549.0,-0.006867012749078305,0.0012712498158666925,502.0,-0.0052564342511186805
7248_liver_sham_Male_26-U1,sham,26,tierA_p95,Macrophages,tnfa_nfkb_proximal,65.0,70.0,436.0,-0.008256054999279562,0.0013693410699120011,398.0,-0.005888216053689982
7248_liver_sham_Male_26-U1,sham,26,tierA_p95,Macrophages,tnfa_nfkb_proximal,70.0,75.0,362.0,-0.005068480674582932,0.0016765930903222819,303.0,-0.005209801990612603
7248_liver_sham_Male_26-U1,sham,26,tierA_p95,Macrophages,tnfa_nfkb_proximal,75.0,80.0,253.0,-0.009359367563354272,0.0017223712973795133,222.0,-0.006641036033404096
7248_liver_sham_Male_26-U1,sham,26,tierA_p95,Macrophages,tnfa_nfkb_proximal,80.0,85.0,190.0,-0.007168579000924518,0.0021854765485806353,187.0,-0.007452139068758464
7248_liver_sham_Male_26-U1,sham,26,tierA_p95,Macrophages,tnfa_nfkb_proximal,85.0,90.0,166.0,-0.008368012001801069,0.0022686959842377215,120.0,-0.006556666592526502
7248_liver_sham_Male_26-U1,sham,26,tierA_p95,Macrophages,tnfa_nfkb_proximal,90.0,95.0,86.0,-0.00815569774178669,0.002992897897913321,99.0,-0.005940505013580086
7248_liver_sham_Male_26-U1,sham,26,tierA_p95,Macrophages,tnfa_nfkb_proximal,95.0,100.0,75.0,-0.006077733155495177,0.003459626517306249,218.0,-0.006908715567353968
7248_liver_sham_Male_26-U1,sham,26,tierA_p95,Mesenchymal,downstream_arrest,0.0,5.0,66.0,-0.0006033333532589799,0.002968277185783093,879.0,-0.0019325142440536635
7248_liver_sham_Male_26-U1,sham,26,tierA_p95,Mesenchymal,downstream_arrest,5.0,10.0,1330.0,-0.0011652556306900696,0.0006502564811759828,1564.0,-0.0015502621496181182
7248_liver_sham_Male_26-U1,sham,26,tierA_p95,Mesenchymal,downstream_arrest,10.0,15.0,2357.0,-0.0007331777581195351,0.0004696545720830808,2389.0,-0.001663595641786697
7248_liver_sham_Male_26-U1,sham,26,tierA_p95,Mesenchymal,downstream_arrest,15.0,20.0,2561.0,-0.0011328934037655107,0.00045555486716377107,2531.0,-0.0011844014229877165
7248_liver_sham_Male_26-U1,sham,26,tierA_p95,Mesenchymal,downstream_arrest,20.0,25.0,2756.0,-0.0010790275610328937,0.0004331757813765056,2525.0,-0.0017489504906631854
7248_liver_sham_Male_26-U1,sham,26,tierA_p95,Mesenchymal,downstream_arrest,25.0,30.0,2645.0,-0.0013042495225206068,0.0004374087682912685,2626.0,-0.0004492193469904381
7248_liver_sham_Male_26-U1,sham,26,tierA_p95,Mesenchymal,downstream_arrest,30.0,35.0,2583.0,-0.0012741579731513123,0.0004430897758095973,2413.0,-0.0009308495588004664
7248_liver_sham_Male_26-U1,sham,26,tierA_p95,Mesenchymal,downstream_arrest,35.0,40.0,2390.0,-0.0012944811612972114,0.00046725887135029673,2245.0,-0.0014868195797760743
7248_liver_sham_Male_26-U1,sham,26,tierA_p95,Mesenchymal,downstream_arrest,40.0,45.0,2134.0,-0.0021641049659059087,0.0004767368534789336,1987.0,-0.0016021992905213003
7248_liver_sham_Male_26-U1,sham,26,tierA_p95,Mesenchymal,downstream_arrest,45.0,50.0,1794.0,-0.0013969676487292255,0.0005131569399544901,1651.0,-0.0015053422013255016
7248_liver_sham_Male_26-U1,sham,26,tierA_p95,Mesenchymal,downstream_arrest,50.0,55.0,1434.0,-0.0008338354163416693,0.0005825490925480332,1378.0,-0.0008019230630748196
7248_liver_sham_Male_26-U1,sham,26,tierA_p95,Mesenchymal,downstream_arrest,55.0,60.0,1173.0,-0.0009950213230526198,0.0006563714147489782,1081.0,-0.000470823336577441
7248_liver_sham_Male_26-U1,sham,26,tierA_p95,Mesenchymal,downstream_arrest,60.0,65.0,935.0,-0.00037925133197898303,0.0007013175570965704,873.0,-0.0004920504253618283
7248_liver_sham_Male_26-U1,sham,26,tierA_p95,Mesenchymal,downstream_arrest,65.0,70.0,788.0,-0.0006893273883105196,0.0007755688235960177,686.0,-0.0005289358351035224
7248_liver_sham_Male_26-U1,sham,26,tierA_p95,Mesenchymal,downstream_arrest,70.0,75.0,597.0,-0.0013765326535451683,0.0008365812269534846,525.0,0.0007085905023892078
7248_liver_sham_Male_26-U1,sham,26,tierA_p95,Mesenchymal,downstream_arrest,75.0,80.0,427.0,-1.9016401413926284e-05,0.0010314168650853214,417.0,-0.001270767381025045
7248_liver_sham_Male_26-U1,sham,26,tierA_p95,Mesenchymal,downstream_arrest,80.0,85.0,342.0,-3.1988316199235746e-05,0.0011757053176535133,335.0,-0.0005188955322477911
7248_liver_sham_Male_26-U1,sham,26,tierA_p95,Mesenchymal,downstream_arrest,85.0,90.0,254.0,-0.0010456299418952467,0.0013653880283407735,207.0,0.0012434299613162424
7248_liver_sham_Male_26-U1,sham,26,tierA_p95,Mesenchymal,downstream_arrest,90.0,95.0,186.0,0.004711344047155831,0.0014763395082236098,149.0,0.0009875168538286707
7248_liver_sham_Male_26-U1,sham,26,tierA_p95,Mesenchymal,downstream_arrest,95.0,100.0,117.0,0.0013151281718741783,0.0019842890851498175,408.0,0.001933357861055222
7248_liver_sham_Male_26-U1,sham,26,tierA_p95,Mesenchymal,emt_ecm,0.0,5.0,66.0,0.10632212032832092,0.009020876321357355,879.0,0.12093943118773198
7248_liver_sham_Male_26-U1,sham,26,tierA_p95,Mesenchymal,emt_ecm,5.0,10.0,1330.0,0.12023597000769311,0.0021345596614520137,1564.0,0.12764806918141655
7248_liver_sham_Male_26-U1,sham,26,tierA_p95,Mesenchymal,emt_ecm,10.0,15.0,2357.0,0.11712038605168111,0.0015563654443567943,2389.0,0.1210182002266519
7248_liver_sham_Male_26-U1,sham,26,tierA_p95,Mesenchymal,emt_ecm,15.0,20.0,2561.0,0.11654382273537926,0.001509582192979813,2531.0,0.12024456737308657
7248_liver_sham_Male_26-U1,sham,26,tierA_p95,Mesenchymal,emt_ecm,20.0,25.0,2756.0,0.11862597596373155,0.0014738384632329354,2525.0,0.11821750091885316
7248_liver_sham_Male_26-U1,sham,26,tierA_p95,Mesenchymal,emt_ecm,25.0,30.0,2645.0,0.11426578450631847,0.0014669914707858107,2626.0,0.11495717816770647
7248_liver_sham_Male_26-U1,sham,26,tierA_p95,Mesenchymal,emt_ecm,30.0,35.0,2583.0,0.1159186102295558,0.0014999431224393697,2413.0,0.11394440522772027
7248_liver_sham_Male_26-U1,sham,26,tierA_p95,Mesenchymal,emt_ecm,35.0,40.0,2390.0,0.11354509617906626,0.001561026776795799,2245.0,0.11291909131300812
7248_liver_sham_Male_26-U1,sham,26,tierA_p95,Mesenchymal,emt_ecm,40.0,45.0,2134.0,0.11160329432525011,0.0016302360749364127,1987.0,0.11051915443437399
7248_liver_sham_Male_26-U1,sham,26,tierA_p95,Mesenchymal,emt_ecm,45.0,50.0,1794.0,0.11461307125436267,0.0017856507991675687,1651.0,0.1127542639160338
7248_liver_sham_Male_26-U1,sham,26,tierA_p95,Mesenchymal,emt_ecm,50.0,55.0,1434.0,0.11252948380114018,0.0020341628549027167,1378.0,0.11121886782753666
7248_liver_sham_Male_26-U1,sham,26,tierA_p95,Mesenchymal,emt_ecm,55.0,60.0,1173.0,0.11253551584324074,0.0022663121938475504,1081.0,0.10580091577241317
7248_liver_sham_Male_26-U1,sham,26,tierA_p95,Mesenchymal,emt_ecm,60.0,65.0,935.0,0.11107106962607988,0.0023949793846261645,873.0,0.10273281780589558
7248_liver_sham_Male_26-U1,sham,26,tierA_p95,Mesenchymal,emt_ecm,65.0,70.0,788.0,0.10450002530496977,0.002596322138011997,686.0,0.10650364462412322
7248_liver_sham_Male_26-U1,sham,26,tierA_p95,Mesenchymal,emt_ecm,70.0,75.0,597.0,0.10779837500688134,0.0030443176026568736,525.0,0.09636868573281737
7248_liver_sham_Male_26-U1,sham,26,tierA_p95,Mesenchymal,emt_ecm,75.0,80.0,427.0,0.10481936795161535,0.003594487169946368,417.0,0.1010920384092878
7248_liver_sham_Male_26-U1,sham,26,tierA_p95,Mesenchymal,emt_ecm,80.0,85.0,342.0,0.10592032158005253,0.0041009441333738385,335.0,0.10178471633171013
7248_liver_sham_Male_26-U1,sham,26,tierA_p95,Mesenchymal,emt_ecm,85.0,90.0,254.0,0.1067136221035479,0.005008568970888643,207.0,0.09538444464211915
7248_liver_sham_Male_26-U1,sham,26,tierA_p95,Mesenchymal,emt_ecm,90.0,95.0,186.0,0.09934069893916854,0.005172727839981903,149.0,0.10274348962284788
7248_liver_sham_Male_26-U1,sham,26,tierA_p95,Mesenchymal,emt_ecm,95.0,100.0,117.0,0.08986965852240339,0.006630586836681561,408.0,0.09786201003247269
7248_liver_sham_Male_26-U1,sham,26,tierA_p95,Mesenchymal,il6_jak_stat3,0.0,5.0,66.0,0.0008078789132096889,0.005143592784526688,879.0,0.00394530149435274
7248_liver_sham_Male_26-U1,sham,26,tierA_p95,Mesenchymal,il6_jak_stat3,5.0,10.0,1330.0,0.0017383534023909142,0.0011079809942518173,1564.0,0.005237467995087468
7248_liver_sham_Male_26-U1,sham,26,tierA_p95,Mesenchymal,il6_jak_stat3,10.0,15.0,2357.0,0.0032585150449864625,0.00084259134578543,2389.0,0.0018431812421835707
7248_liver_sham_Male_26-U1,sham,26,tierA_p95,Mesenchymal,il6_jak_stat3,15.0,20.0,2561.0,0.0014247325383762134,0.0007978981218029156,2531.0,0.0035934215965591778
7248_liver_sham_Male_26-U1,sham,26,tierA_p95,Mesenchymal,il6_jak_stat3,20.0,25.0,2756.0,0.0014384905591045228,0.0007734381829471582,2525.0,0.0014562455606404784
7248_liver_sham_Male_26-U1,sham,26,tierA_p95,Mesenchymal,il6_jak_stat3,25.0,30.0,2645.0,0.001803334572382233,0.0007839603284919658,2626.0,0.0013816374951914885
7248_liver_sham_Male_26-U1,sham,26,tierA_p95,Mesenchymal,il6_jak_stat3,30.0,35.0,2583.0,0.0015912969683136327,0.0007953676300474878,2413.0,0.001106879403547999
7248_liver_sham_Male_26-U1,sham,26,tierA_p95,Mesenchymal,il6_jak_stat3,35.0,40.0,2390.0,0.002299079491135995,0.0007871633021439268,2245.0,0.0014466681689188482
7248_liver_sham_Male_26-U1,sham,26,tierA_p95,Mesenchymal,il6_jak_stat3,40.0,45.0,2134.0,0.0014339971918432668,0.0008636983901043172,1987.0,0.002466763934391083
7248_liver_sham_Male_26-U1,sham,26,tierA_p95,Mesenchymal,il6_jak_stat3,45.0,50.0,1794.0,0.0012316666731567645,0.0009112618670857095,1651.0,0.0005917443916233005
7248_liver_sham_Male_26-U1,sham,26,tierA_p95,Mesenchymal,il6_jak_stat3,50.0,55.0,1434.0,0.001593249653227431,0.0010040369717284445,1378.0,-0.0007701306421421985
7248_liver_sham_Male_26-U1,sham,26,tierA_p95,Mesenchymal,il6_jak_stat3,55.0,60.0,1173.0,0.0019168200882320242,0.0012026021669077104,1081.0,-0.0007454023822239806
7248_liver_sham_Male_26-U1,sham,26,tierA_p95,Mesenchymal,il6_jak_stat3,60.0,65.0,935.0,0.00303142241405866,0.0013019520541574952,873.0,0.0021991523972080106
7248_liver_sham_Male_26-U1,sham,26,tierA_p95,Mesenchymal,il6_jak_stat3,65.0,70.0,788.0,-0.0010184136654938327,0.0013939271342137622,686.0,-0.00041176387941758026
7248_liver_sham_Male_26-U1,sham,26,tierA_p95,Mesenchymal,il6_jak_stat3,70.0,75.0,597.0,-0.0009215745043703331,0.0015042366199520605,525.0,-0.003389199988908201
7248_liver_sham_Male_26-U1,sham,26,tierA_p95,Mesenchymal,il6_jak_stat3,75.0,80.0,427.0,-0.0007711474319931667,0.0019352384902287193,417.0,0.0033184172642069403
7248_liver_sham_Male_26-U1,sham,26,tierA_p95,Mesenchymal,il6_jak_stat3,80.0,85.0,342.0,-0.004393830343036166,0.0019785164332643715,335.0,0.0007274327450431884
7248_liver_sham_Male_26-U1,sham,26,tierA_p95,Mesenchymal,il6_jak_stat3,85.0,90.0,254.0,0.0007084646611932782,0.002108478963220599,207.0,-0.0011599999872162253
7248_liver_sham_Male_26-U1,sham,26,tierA_p95,Mesenchymal,il6_jak_stat3,90.0,95.0,186.0,0.0011062364968482494,0.002758845363093818,149.0,-0.00010402674898376295
7248_liver_sham_Male_26-U1,sham,26,tierA_p95,Mesenchymal,il6_jak_stat3,95.0,100.0,117.0,-0.002637264808305563,0.0033859462466240345,408.0,-0.0050471323372274874
7248_liver_sham_Male_26-U1,sham,26,tierA_p95,Mesenchymal,interferon_response,0.0,5.0,66.0,0.008480606008643836,0.0038589947723763735,879.0,0.016496302620977277
7248_liver_sham_Male_26-U1,sham,26,tierA_p95,Mesenchymal,interferon_response,5.0,10.0,1330.0,0.013909052649499867,0.0009531736809277778,1564.0,0.016886924536884458
7248_liver_sham_Male_26-U1,sham,26,tierA_p95,Mesenchymal,interferon_response,10.0,15.0,2357.0,0.013582380154770089,0.0007305943837846908,2389.0,0.014276508994968701
7248_liver_sham_Male_26-U1,sham,26,tierA_p95,Mesenchymal,interferon_response,15.0,20.0,2561.0,0.013673572830995467,0.0006776497040831532,2531.0,0.015307973113775143
7248_liver_sham_Male_26-U1,sham,26,tierA_p95,Mesenchymal,interferon_response,20.0,25.0,2756.0,0.014386226425603336,0.0006492671090308343,2525.0,0.014349873297283596
7248_liver_sham_Male_26-U1,sham,26,tierA_p95,Mesenchymal,interferon_response,25.0,30.0,2645.0,0.014324884679983425,0.0006672205972724665,2626.0,0.01331046838665973
7248_liver_sham_Male_26-U1,sham,26,tierA_p95,Mesenchymal,interferon_response,30.0,35.0,2583.0,0.012803828883055814,0.0006636230770233222,2413.0,0.012908068786465467
7248_liver_sham_Male_26-U1,sham,26,tierA_p95,Mesenchymal,interferon_response,35.0,40.0,2390.0,0.013852644308092266,0.0006902241873463732,2245.0,0.013098187085906708
7248_liver_sham_Male_26-U1,sham,26,tierA_p95,Mesenchymal,interferon_response,40.0,45.0,2134.0,0.013352760065361971,0.0007305026549416299,1987.0,0.013349315546916346
7248_liver_sham_Male_26-U1,sham,26,tierA_p95,Mesenchymal,interferon_response,45.0,50.0,1794.0,0.014051488307430733,0.0007880209374805108,1651.0,0.012849679050810138
7248_liver_sham_Male_26-U1,sham,26,tierA_p95,Mesenchymal,interferon_response,50.0,55.0,1434.0,0.013139358438441363,0.0008603142013252636,1378.0,0.01281343252258711
7248_liver_sham_Male_26-U1,sham,26,tierA_p95,Mesenchymal,interferon_response,55.0,60.0,1173.0,0.013928823566707674,0.0009721833546970984,1081.0,0.011842978727574323
7248_liver_sham_Male_26-U1,sham,26,tierA_p95,Mesenchymal,interferon_response,60.0,65.0,935.0,0.014193796802193542,0.0010631690731772293,873.0,0.013597353953499902
7248_liver_sham_Male_26-U1,sham,26,tierA_p95,Mesenchymal,interferon_response,65.0,70.0,788.0,0.013355672623561654,0.0012572203574865097,686.0,0.0107020407759902
7248_liver_sham_Male_26-U1,sham,26,tierA_p95,Mesenchymal,interferon_response,70.0,75.0,597.0,0.009495862675415615,0.0013061219833588118,525.0,0.009979523870729498
7248_liver_sham_Male_26-U1,sham,26,tierA_p95,Mesenchymal,interferon_response,75.0,80.0,427.0,0.012872271667539542,0.001616538593689028,417.0,0.009668033603647971
7248_liver_sham_Male_26-U1,sham,26,tierA_p95,Mesenchymal,interferon_response,80.0,85.0,342.0,0.00994508778184519,0.0016837283901732312,335.0,0.01034680596329515
7248_liver_sham_Male_26-U1,sham,26,tierA_p95,Mesenchymal,interferon_response,85.0,90.0,254.0,0.011374448813985224,0.0020138043737984693,207.0,0.006504347755974114
7248_liver_sham_Male_26-U1,sham,26,tierA_p95,Mesenchymal,interferon_response,90.0,95.0,186.0,0.012508602296527956,0.002394727095058024,149.0,0.011695838974977862
7248_liver_sham_Male_26-U1,sham,26,tierA_p95,Mesenchymal,interferon_response,95.0,100.0,117.0,0.00638666661340807,0.0029415396456996487,408.0,0.010485122590749846
7248_liver_sham_Male_26-U1,sham,26,tierA_p95,Mesenchymal,oxidative_stress,0.0,5.0,66.0,0.05862257643743898,0.01111644775739743,879.0,0.07616940857402696
7248_liver_sham_Male_26-U1,sham,26,tierA_p95,Mesenchymal,oxidative_stress,5.0,10.0,1330.0,0.06794869178464931,0.0023360320648402777,1564.0,0.06078177119863186
7248_liver_sham_Male_26-U1,sham,26,tierA_p95,Mesenchymal,oxidative_stress,10.0,15.0,2357.0,0.08092208737230347,0.0017773279621932923,2389.0,0.0743607408710977
7248_liver_sham_Male_26-U1,sham,26,tierA_p95,Mesenchymal,oxidative_stress,15.0,20.0,2561.0,0.07743804375835718,0.0017119922848642475,2531.0,0.07646483998893677
7248_liver_sham_Male_26-U1,sham,26,tierA_p95,Mesenchymal,oxidative_stress,20.0,25.0,2756.0,0.08064314593488134,0.0016519472337595252,2525.0,0.08016071292544205
7248_liver_sham_Male_26-U1,sham,26,tierA_p95,Mesenchymal,oxidative_stress,25.0,30.0,2645.0,0.08253309273219642,0.0016648210522375838,2626.0,0.08394265037638834
7248_liver_sham_Male_26-U1,sham,26,tierA_p95,Mesenchymal,oxidative_stress,30.0,35.0,2583.0,0.08455886183469401,0.001691849072405074,2413.0,0.08459743473893723
7248_liver_sham_Male_26-U1,sham,26,tierA_p95,Mesenchymal,oxidative_stress,35.0,40.0,2390.0,0.08634820930490446,0.0017505778413306602,2245.0,0.09002523386631313
7248_liver_sham_Male_26-U1,sham,26,tierA_p95,Mesenchymal,oxidative_stress,40.0,45.0,2134.0,0.08885297102333237,0.001873976139022756,1987.0,0.0900590337901435
7248_liver_sham_Male_26-U1,sham,26,tierA_p95,Mesenchymal,oxidative_stress,45.0,50.0,1794.0,0.08683542919227519,0.0020185843468392586,1651.0,0.08953973969336326
7248_liver_sham_Male_26-U1,sham,26,tierA_p95,Mesenchymal,oxidative_stress,50.0,55.0,1434.0,0.09093260092456784,0.0022042530157659035,1378.0,0.08479223525274869
7248_liver_sham_Male_26-U1,sham,26,tierA_p95,Mesenchymal,oxidative_stress,55.0,60.0,1173.0,0.08740709278672024,0.0024663149698346642,1081.0,0.09499428309879564
7248_liver_sham_Male_26-U1,sham,26,tierA_p95,Mesenchymal,oxidative_stress,60.0,65.0,935.0,0.0895230161427465,0.002784679690499979,873.0,0.09294987387547402
7248_liver_sham_Male_26-U1,sham,26,tierA_p95,Mesenchymal,oxidative_stress,65.0,70.0,788.0,0.09251600272796283,0.00308836410439818,686.0,0.09785148710371015
7248_liver_sham_Male_26-U1,sham,26,tierA_p95,Mesenchymal,oxidative_stress,70.0,75.0,597.0,0.09676738689877631,0.003441403553745031,525.0,0.10330436187280741
7248_liver_sham_Male_26-U1,sham,26,tierA_p95,Mesenchymal,oxidative_stress,75.0,80.0,427.0,0.09237405142049396,0.004059512144527945,417.0,0.10104187044643906
7248_liver_sham_Male_26-U1,sham,26,tierA_p95,Mesenchymal,oxidative_stress,80.0,85.0,342.0,0.09540523409847529,0.004554313029523756,335.0,0.10319426857636992
7248_liver_sham_Male_26-U1,sham,26,tierA_p95,Mesenchymal,oxidative_stress,85.0,90.0,254.0,0.09073228357113645,0.005539334386688673,207.0,0.1081105314213715
7248_liver_sham_Male_26-U1,sham,26,tierA_p95,Mesenchymal,oxidative_stress,90.0,95.0,186.0,0.09467134415015568,0.006549105175126381,149.0,0.0992514095489864
7248_liver_sham_Male_26-U1,sham,26,tierA_p95,Mesenchymal,oxidative_stress,95.0,100.0,117.0,0.09357256412657344,0.008327230401265045,408.0,0.09814411769369982
7248_liver_sham_Male_26-U1,sham,26,tierA_p95,Mesenchymal,secondary_senescence,0.0,5.0,66.0,0.009268636529503221,0.0074444713295655565,879.0,0.0026537201018205104
7248_liver_sham_Male_26-U1,sham,26,tierA_p95,Mesenchymal,secondary_senescence,5.0,10.0,1330.0,0.004021052640899526,0.001582413829356773,1564.0,0.006852141985314643
7248_liver_sham_Male_26-U1,sham,26,tierA_p95,Mesenchymal,secondary_senescence,10.0,15.0,2357.0,0.0008521680135048644,0.001204859901995848,2389.0,0.0024593428173999067
7248_liver_sham_Male_26-U1,sham,26,tierA_p95,Mesenchymal,secondary_senescence,15.0,20.0,2561.0,0.0008129832291652214,0.0011155165770381748,2531.0,0.002363160807264414
7248_liver_sham_Male_26-U1,sham,26,tierA_p95,Mesenchymal,secondary_senescence,20.0,25.0,2756.0,0.002876095778629215,0.0010617291704539736,2525.0,0.00030458214252900175
7248_liver_sham_Male_26-U1,sham,26,tierA_p95,Mesenchymal,secondary_senescence,25.0,30.0,2645.0,-0.0006304952939008939,0.0010813384480670742,2626.0,-0.0007810738639494561
7248_liver_sham_Male_26-U1,sham,26,tierA_p95,Mesenchymal,secondary_senescence,30.0,35.0,2583.0,-0.002991076308786676,0.0010695899623251646,2413.0,-0.0022877165217033034
7248_liver_sham_Male_26-U1,sham,26,tierA_p95,Mesenchymal,secondary_senescence,35.0,40.0,2390.0,-0.0022496025104119023,0.0011149639060900295,2245.0,-0.003154971045756623
7248_liver_sham_Male_26-U1,sham,26,tierA_p95,Mesenchymal,secondary_senescence,40.0,45.0,2134.0,-0.0031765041768772573,0.0011721739793922976,1987.0,-0.004104594873017276
7248_liver_sham_Male_26-U1,sham,26,tierA_p95,Mesenchymal,secondary_senescence,45.0,50.0,1794.0,-0.002947736928769823,0.0012968612516635327,1651.0,-0.005198388819141161
7248_liver_sham_Male_26-U1,sham,26,tierA_p95,Mesenchymal,secondary_senescence,50.0,55.0,1434.0,-0.0024948116876443507,0.0013970055161323554,1378.0,-0.004831429577439501
7248_liver_sham_Male_26-U1,sham,26,tierA_p95,Mesenchymal,secondary_senescence,55.0,60.0,1173.0,-0.0033174254106280677,0.0015820119645027252,1081.0,-0.005755300637809293
7248_liver_sham_Male_26-U1,sham,26,tierA_p95,Mesenchymal,secondary_senescence,60.0,65.0,935.0,-0.0065660641842115825,0.001754791185010612,873.0,-0.004238579666109253
7248_liver_sham_Male_26-U1,sham,26,tierA_p95,Mesenchymal,secondary_senescence,65.0,70.0,788.0,-0.010614505038699514,0.0018076037928414597,686.0,-0.004251807671586608
7248_liver_sham_Male_26-U1,sham,26,tierA_p95,Mesenchymal,secondary_senescence,70.0,75.0,597.0,-0.007010586241165986,0.0019779644041890963,525.0,-0.011354742838108601
7248_liver_sham_Male_26-U1,sham,26,tierA_p95,Mesenchymal,secondary_senescence,75.0,80.0,427.0,-0.007673442613098179,0.00243705056927169,417.0,-0.0073554197130218085
7248_liver_sham_Male_26-U1,sham,26,tierA_p95,Mesenchymal,secondary_senescence,80.0,85.0,342.0,-0.0050577485347951265,0.0030411947425113143,335.0,-0.011355104441876148
7248_liver_sham_Male_26-U1,sham,26,tierA_p95,Mesenchymal,secondary_senescence,85.0,90.0,254.0,-0.008518189000122535,0.003247453514379409,207.0,-0.010840579765886215
7248_liver_sham_Male_26-U1,sham,26,tierA_p95,Mesenchymal,secondary_senescence,90.0,95.0,186.0,-0.007119193514471033,0.0036121003636853982,149.0,-0.005202550272654192
7248_liver_sham_Male_26-U1,sham,26,tierA_p95,Mesenchymal,secondary_senescence,95.0,100.0,117.0,-0.012042393166627577,0.004830118033873777,408.0,-0.009449779411625059
7248_liver_sham_Male_26-U1,sham,26,tierA_p95,Mesenchymal,tnfa_nfkb_proximal,0.0,5.0,66.0,-0.0009654544630779349,0.004000447207897851,879.0,-0.0025858134350850207
7248_liver_sham_Male_26-U1,sham,26,tierA_p95,Mesenchymal,tnfa_nfkb_proximal,5.0,10.0,1330.0,-0.0028376390837201644,0.0008234977377672143,1564.0,-0.0013963683111545637
7248_liver_sham_Male_26-U1,sham,26,tierA_p95,Mesenchymal,tnfa_nfkb_proximal,10.0,15.0,2357.0,-0.004910292750560876,0.0006330480670102782,2389.0,-0.0033038175149671437
7248_liver_sham_Male_26-U1,sham,26,tierA_p95,Mesenchymal,tnfa_nfkb_proximal,15.0,20.0,2561.0,-0.004269242477676727,0.0005910669536310218,2531.0,-0.0037875740804943912
7248_liver_sham_Male_26-U1,sham,26,tierA_p95,Mesenchymal,tnfa_nfkb_proximal,20.0,25.0,2756.0,-0.003835714764725085,0.0005800866228786036,2525.0,-0.003502768300269675
7248_liver_sham_Male_26-U1,sham,26,tierA_p95,Mesenchymal,tnfa_nfkb_proximal,25.0,30.0,2645.0,-0.004771485817595011,0.0005992115542986749,2626.0,-0.0047069953973047415
7248_liver_sham_Male_26-U1,sham,26,tierA_p95,Mesenchymal,tnfa_nfkb_proximal,30.0,35.0,2583.0,-0.004900201326624462,0.0005934341491003878,2413.0,-0.005123675922120863
7248_liver_sham_Male_26-U1,sham,26,tierA_p95,Mesenchymal,tnfa_nfkb_proximal,35.0,40.0,2390.0,-0.005592707099654092,0.0006060301568151845,2245.0,-0.005761821819727961
7248_liver_sham_Male_26-U1,sham,26,tierA_p95,Mesenchymal,tnfa_nfkb_proximal,40.0,45.0,2134.0,-0.005660388950801933,0.0006775615236562427,1987.0,-0.006291529951370845
7248_liver_sham_Male_26-U1,sham,26,tierA_p95,Mesenchymal,tnfa_nfkb_proximal,45.0,50.0,1794.0,-0.006093138247454052,0.0007031220799553373,1651.0,-0.0072679769871211025
7248_liver_sham_Male_26-U1,sham,26,tierA_p95,Mesenchymal,tnfa_nfkb_proximal,50.0,55.0,1434.0,-0.00573962345141665,0.0007877080483759339,1378.0,-0.008550783761707013
7248_liver_sham_Male_26-U1,sham,26,tierA_p95,Mesenchymal,tnfa_nfkb_proximal,55.0,60.0,1173.0,-0.006756265989118018,0.0008882995425397208,1081.0,-0.007685864935025454
7248_liver_sham_Male_26-U1,sham,26,tierA_p95,Mesenchymal,tnfa_nfkb_proximal,60.0,65.0,935.0,-0.00615236364642904,0.0009755735488643289,873.0,-0.007931420370508471
7248_liver_sham_Male_26-U1,sham,26,tierA_p95,Mesenchymal,tnfa_nfkb_proximal,65.0,70.0,788.0,-0.00930399751695898,0.0010968549950578844,686.0,-0.007975699757244478
7248_liver_sham_Male_26-U1,sham,26,tierA_p95,Mesenchymal,tnfa_nfkb_proximal,70.0,75.0,597.0,-0.008015912850482945,0.001199625901399759,525.0,-0.008706552351941354
7248_liver_sham_Male_26-U1,sham,26,tierA_p95,Mesenchymal,tnfa_nfkb_proximal,75.0,80.0,427.0,-0.007446416854982856,0.0013265492503049185,417.0,-0.007571894524303378
7248_liver_sham_Male_26-U1,sham,26,tierA_p95,Mesenchymal,tnfa_nfkb_proximal,80.0,85.0,342.0,-0.007879181311740499,0.001539571313275746,335.0,-0.010472865586877982
7248_liver_sham_Male_26-U1,sham,26,tierA_p95,Mesenchymal,tnfa_nfkb_proximal,85.0,90.0,254.0,-0.009182716570964164,0.0017937516894673895,207.0,-0.010059613545590018
7248_liver_sham_Male_26-U1,sham,26,tierA_p95,Mesenchymal,tnfa_nfkb_proximal,90.0,95.0,186.0,-0.007035645219417269,0.001915351876510235,149.0,-0.006727449658530726
7248_liver_sham_Male_26-U1,sham,26,tierA_p95,Mesenchymal,tnfa_nfkb_proximal,95.0,100.0,117.0,-0.013953675224911422,0.0026747109258611597,408.0,-0.009791813712519226
7248_liver_sham_Male_26-U1,sham,26,tierA_p95,T/NK cells,downstream_arrest,0.0,5.0,24.0,0.010993750043174563,0.004299151492098375,285.0,0.01763845604717764
7248_liver_sham_Male_26-U1,sham,26,tierA_p95,T/NK cells,downstream_arrest,5.0,10.0,309.0,0.019516051653271044,0.0018203998208034381,292.0,0.016793356152908792
7248_liver_sham_Male_26-U1,sham,26,tierA_p95,T/NK cells,downstream_arrest,10.0,15.0,482.0,0.017556182602105258,0.0014797961744210297,455.0,0.016119142916463866
7248_liver_sham_Male_26-U1,sham,26,tierA_p95,T/NK cells,downstream_arrest,15.0,20.0,478.0,0.01661309632005541,0.0013821476285707985,439.0,0.017283280161559444
7248_liver_sham_Male_26-U1,sham,26,tierA_p95,T/NK cells,downstream_arrest,20.0,25.0,470.0,0.016232851069566713,0.001439283256089442,467.0,0.017458201261073423
7248_liver_sham_Male_26-U1,sham,26,tierA_p95,T/NK cells,downstream_arrest,25.0,30.0,480.0,0.015835979173243687,0.0013254480497700387,442.0,0.016222828102655098
7248_liver_sham_Male_26-U1,sham,26,tierA_p95,T/NK cells,downstream_arrest,30.0,35.0,459.0,0.015886819225494127,0.0012517809832767695,396.0,0.015651262638644452
7248_liver_sham_Male_26-U1,sham,26,tierA_p95,T/NK cells,downstream_arrest,35.0,40.0,399.0,0.014730676713013435,0.001378138912219674,386.0,0.017957150247436587
7248_liver_sham_Male_26-U1,sham,26,tierA_p95,T/NK cells,downstream_arrest,40.0,45.0,334.0,0.017524101793819438,0.0016331167542488866,332.0,0.014823433693507753
7248_liver_sham_Male_26-U1,sham,26,tierA_p95,T/NK cells,downstream_arrest,45.0,50.0,279.0,0.01696340502848962,0.0019277001005520151,254.0,0.017417716560025946
7248_liver_sham_Male_26-U1,sham,26,tierA_p95,T/NK cells,downstream_arrest,50.0,55.0,236.0,0.018515593251430477,0.002033459311683081,263.0,0.013192851817956418
7248_liver_sham_Male_26-U1,sham,26,tierA_p95,T/NK cells,downstream_arrest,55.0,60.0,213.0,0.015557089239452362,0.0018816449998059878,213.0,0.0190140845543838
7248_liver_sham_Male_26-U1,sham,26,tierA_p95,T/NK cells,downstream_arrest,60.0,65.0,162.0,0.01726981483454752,0.0024158876200472343,158.0,0.016711708983108756
7248_liver_sham_Male_26-U1,sham,26,tierA_p95,T/NK cells,downstream_arrest,65.0,70.0,139.0,0.018825539700367,0.002717609677498902,125.0,0.015523760108277202
7248_liver_sham_Male_26-U1,sham,26,tierA_p95,T/NK cells,downstream_arrest,70.0,75.0,124.0,0.01751459678944816,0.0021993453837825714,92.0,0.01770521736192598
7248_liver_sham_Male_26-U1,sham,26,tierA_p95,T/NK cells,downstream_arrest,75.0,80.0,78.0,0.00852410253495551,0.002279255957104339,76.0,0.019396315902811597
7248_liver_sham_Male_26-U1,sham,26,tierA_p95,T/NK cells,downstream_arrest,80.0,85.0,69.0,0.01938637661621307,0.0031315935978309035,58.0,0.017566551789435645
7248_liver_sham_Male_26-U1,sham,26,tierA_p95,T/NK cells,downstream_arrest,85.0,90.0,52.0,0.01240461546890751,0.0034431428558182263,30.0,0.013122333259768007
7248_liver_sham_Male_26-U1,sham,26,tierA_p95,T/NK cells,downstream_arrest,90.0,95.0,48.0,0.014839166694249192,0.003635485642093784,28.0,0.006762142908493323
7248_liver_sham_Male_26-U1,sham,26,tierA_p95,T/NK cells,downstream_arrest,95.0,100.0,29.0,0.020563793145215482,0.00755335649153337,73.0,0.01990958927071666
7248_liver_sham_Male_26-U1,sham,26,tierA_p95,T/NK cells,emt_ecm,0.0,5.0,24.0,0.040351666325780876,0.013245464138886717,285.0,0.038096070163776044
7248_liver_sham_Male_26-U1,sham,26,tierA_p95,T/NK cells,emt_ecm,5.0,10.0,309.0,0.04603252423626778,0.003272526265992811,292.0,0.055034075091747556
7248_liver_sham_Male_26-U1,sham,26,tierA_p95,T/NK cells,emt_ecm,10.0,15.0,482.0,0.03919547716998814,0.0027818345665178708,455.0,0.042238285715799205
7248_liver_sham_Male_26-U1,sham,26,tierA_p95,T/NK cells,emt_ecm,15.0,20.0,478.0,0.04348933041633606,0.0029787934159591165,439.0,0.04851769928272563
7248_liver_sham_Male_26-U1,sham,26,tierA_p95,T/NK cells,emt_ecm,20.0,25.0,470.0,0.043286893489478624,0.0031095842456385168,467.0,0.04350205558787234
7248_liver_sham_Male_26-U1,sham,26,tierA_p95,T/NK cells,emt_ecm,25.0,30.0,480.0,0.037348333296010124,0.002803557960985499,442.0,0.040328303020720026
7248_liver_sham_Male_26-U1,sham,26,tierA_p95,T/NK cells,emt_ecm,30.0,35.0,459.0,0.038000631818184145,0.002814675150791861,396.0,0.03799310598076019
7248_liver_sham_Male_26-U1,sham,26,tierA_p95,T/NK cells,emt_ecm,35.0,40.0,399.0,0.04156466152245346,0.003457619391065238,386.0,0.040260310861309344
7248_liver_sham_Male_26-U1,sham,26,tierA_p95,T/NK cells,emt_ecm,40.0,45.0,334.0,0.031627754437612385,0.003350001001932748,332.0,0.03034569279703011
7248_liver_sham_Male_26-U1,sham,26,tierA_p95,T/NK cells,emt_ecm,45.0,50.0,279.0,0.029937849444698954,0.0031683649582654873,254.0,0.03463122045277988
7248_liver_sham_Male_26-U1,sham,26,tierA_p95,T/NK cells,emt_ecm,50.0,55.0,236.0,0.03763241529989084,0.004273077443312414,263.0,0.03567889736234217
7248_liver_sham_Male_26-U1,sham,26,tierA_p95,T/NK cells,emt_ecm,55.0,60.0,213.0,0.03676093883876374,0.004103151769684073,213.0,0.02551380270658779
7248_liver_sham_Male_26-U1,sham,26,tierA_p95,T/NK cells,emt_ecm,60.0,65.0,162.0,0.038699197686605374,0.0051993290041886485,158.0,0.029013860665513733
7248_liver_sham_Male_26-U1,sham,26,tierA_p95,T/NK cells,emt_ecm,65.0,70.0,139.0,0.024000575410021242,0.005054500325552857,125.0,0.02816976012021769
7248_liver_sham_Male_26-U1,sham,26,tierA_p95,T/NK cells,emt_ecm,70.0,75.0,124.0,0.032133951717813976,0.00572711220990181,92.0,0.02517271743905123
7248_liver_sham_Male_26-U1,sham,26,tierA_p95,T/NK cells,emt_ecm,75.0,80.0,78.0,0.033137692272878036,0.007430400571174481,76.0,0.02415328959575977
7248_liver_sham_Male_26-U1,sham,26,tierA_p95,T/NK cells,emt_ecm,80.0,85.0,69.0,0.045823768481014944,0.006978320564093514,58.0,0.02015155194786875
7248_liver_sham_Male_26-U1,sham,26,tierA_p95,T/NK cells,emt_ecm,85.0,90.0,52.0,0.03986250006766148,0.008284423807386719,30.0,0.02351566681172699
7248_liver_sham_Male_26-U1,sham,26,tierA_p95,T/NK cells,emt_ecm,90.0,95.0,48.0,0.025704583150703304,0.007617147506661,28.0,0.02772249959109883
7248_liver_sham_Male_26-U1,sham,26,tierA_p95,T/NK cells,emt_ecm,95.0,100.0,29.0,0.03170448294760467,0.012221312783934324,73.0,0.021831096199417664
7248_liver_sham_Male_26-U1,sham,26,tierA_p95,T/NK cells,il6_jak_stat3,0.0,5.0,24.0,0.03290791631055375,0.012645575693442677,285.0,0.03418624564829658
7248_liver_sham_Male_26-U1,sham,26,tierA_p95,T/NK cells,il6_jak_stat3,5.0,10.0,309.0,0.04862938500003355,0.003453068648757332,292.0,0.0488634931738588
7248_liver_sham_Male_26-U1,sham,26,tierA_p95,T/NK cells,il6_jak_stat3,10.0,15.0,482.0,0.0344736307452571,0.0026581401756654616,455.0,0.03499654944215973
7248_liver_sham_Male_26-U1,sham,26,tierA_p95,T/NK cells,il6_jak_stat3,15.0,20.0,478.0,0.033349393285153614,0.0025665044005269352,439.0,0.0354375627139234
7248_liver_sham_Male_26-U1,sham,26,tierA_p95,T/NK cells,il6_jak_stat3,20.0,25.0,470.0,0.038096638307902046,0.0026222772216284804,467.0,0.03407297650335855
7248_liver_sham_Male_26-U1,sham,26,tierA_p95,T/NK cells,il6_jak_stat3,25.0,30.0,480.0,0.029101083348420313,0.0022766998747410067,442.0,0.030646493311078753
7248_liver_sham_Male_26-U1,sham,26,tierA_p95,T/NK cells,il6_jak_stat3,30.0,35.0,459.0,0.024797516471890466,0.002412891029878658,396.0,0.030923560551441784
7248_liver_sham_Male_26-U1,sham,26,tierA_p95,T/NK cells,il6_jak_stat3,35.0,40.0,399.0,0.031219147862019667,0.0027350906599214655,386.0,0.02851637308784384
7248_liver_sham_Male_26-U1,sham,26,tierA_p95,T/NK cells,il6_jak_stat3,40.0,45.0,334.0,0.0260193713548214,0.0028723226244825022,332.0,0.023336747063903127
7248_liver_sham_Male_26-U1,sham,26,tierA_p95,T/NK cells,il6_jak_stat3,45.0,50.0,279.0,0.026860896115338154,0.0032328512938019373,254.0,0.030151732271964805
7248_liver_sham_Male_26-U1,sham,26,tierA_p95,T/NK cells,il6_jak_stat3,50.0,55.0,236.0,0.03205110160201064,0.0035951623107903577,263.0,0.025832889714019775
7248_liver_sham_Male_26-U1,sham,26,tierA_p95,T/NK cells,il6_jak_stat3,55.0,60.0,213.0,0.028461502364452954,0.0035746184912722363,213.0,0.025225070383735306
7248_liver_sham_Male_26-U1,sham,26,tierA_p95,T/NK cells,il6_jak_stat3,60.0,65.0,162.0,0.028214691289094058,0.003841276037698626,158.0,0.028728923947042698
7248_liver_sham_Male_26-U1,sham,26,tierA_p95,T/NK cells,il6_jak_stat3,65.0,70.0,139.0,0.016717050402096922,0.0042095807131710536,125.0,0.025471600202377886
7248_liver_sham_Male_26-U1,sham,26,tierA_p95,T/NK cells,il6_jak_stat3,70.0,75.0,124.0,0.028810967853660847,0.0050819797373432936,92.0,0.02612923908758524
7248_liver_sham_Male_26-U1,sham,26,tierA_p95,T/NK cells,il6_jak_stat3,75.0,80.0,78.0,0.035463718064140545,0.0060137842589172985,76.0,0.025921184286983732
7248_liver_sham_Male_26-U1,sham,26,tierA_p95,T/NK cells,il6_jak_stat3,80.0,85.0,69.0,0.03363304349013429,0.006410948371216843,58.0,0.031155861468568188
7248_liver_sham_Male_26-U1,sham,26,tierA_p95,T/NK cells,il6_jak_stat3,85.0,90.0,52.0,0.021144038668493383,0.005386689510811735,30.0,0.03175866644596681
7248_liver_sham_Male_26-U1,sham,26,tierA_p95,T/NK cells,il6_jak_stat3,90.0,95.0,48.0,0.02472875006302881,0.005691695389951298,28.0,0.013046429132893016
7248_liver_sham_Male_26-U1,sham,26,tierA_p95,T/NK cells,il6_jak_stat3,95.0,100.0,29.0,0.013102068722344422,0.007020772925130149,73.0,0.01533219167322386
7248_liver_sham_Male_26-U1,sham,26,tierA_p95,T/NK cells,interferon_response,0.0,5.0,24.0,0.060476249322922136,0.014380047101063437,285.0,0.060927157932861804
7248_liver_sham_Male_26-U1,sham,26,tierA_p95,T/NK cells,interferon_response,5.0,10.0,309.0,0.07275275079257537,0.003616232477084835,292.0,0.0802554452609612
7248_liver_sham_Male_26-U1,sham,26,tierA_p95,T/NK cells,interferon_response,10.0,15.0,482.0,0.06318437763747249,0.0028087082816181342,455.0,0.06502894497067785
7248_liver_sham_Male_26-U1,sham,26,tierA_p95,T/NK cells,interferon_response,15.0,20.0,478.0,0.06800073206871134,0.0027206096304744575,439.0,0.06135036439434911
7248_liver_sham_Male_26-U1,sham,26,tierA_p95,T/NK cells,interferon_response,20.0,25.0,470.0,0.06398093623266755,0.002672373914237636,467.0,0.06060638105704542
7248_liver_sham_Male_26-U1,sham,26,tierA_p95,T/NK cells,interferon_response,25.0,30.0,480.0,0.057751291641125135,0.002533250838213421,442.0,0.06122190039806555
7248_liver_sham_Male_26-U1,sham,26,tierA_p95,T/NK cells,interferon_response,30.0,35.0,459.0,0.059981045811527106,0.0023903704400676192,396.0,0.05912861124134089
7248_liver_sham_Male_26-U1,sham,26,tierA_p95,T/NK cells,interferon_response,35.0,40.0,399.0,0.05856518793158481,0.0026757810339894388,386.0,0.053119740768204866
7248_liver_sham_Male_26-U1,sham,26,tierA_p95,T/NK cells,interferon_response,40.0,45.0,334.0,0.054495209595537046,0.0026805143430910913,332.0,0.055337560299712235
7248_liver_sham_Male_26-U1,sham,26,tierA_p95,T/NK cells,interferon_response,45.0,50.0,279.0,0.057839820776397606,0.0030840757962987135,254.0,0.05743618115315702
7248_liver_sham_Male_26-U1,sham,26,tierA_p95,T/NK cells,interferon_response,50.0,55.0,236.0,0.054696567819288035,0.0032754424396954124,263.0,0.05939250957355412
7248_liver_sham_Male_26-U1,sham,26,tierA_p95,T/NK cells,interferon_response,55.0,60.0,213.0,0.05248929557847974,0.0032315391053257376,213.0,0.051269765183378224
7248_liver_sham_Male_26-U1,sham,26,tierA_p95,T/NK cells,interferon_response,60.0,65.0,162.0,0.05506617315099172,0.0038077239372361006,158.0,0.054225506490874514
7248_liver_sham_Male_26-U1,sham,26,tierA_p95,T/NK cells,interferon_response,65.0,70.0,139.0,0.04524014410964823,0.0037050778197322983,125.0,0.05529936028411612
7248_liver_sham_Male_26-U1,sham,26,tierA_p95,T/NK cells,interferon_response,70.0,75.0,124.0,0.06651475792422125,0.00537292309474172,92.0,0.055711195905409426
7248_liver_sham_Male_26-U1,sham,26,tierA_p95,T/NK cells,interferon_response,75.0,80.0,78.0,0.04973128191434229,0.005305893191792683,76.0,0.060230131307004116
7248_liver_sham_Male_26-U1,sham,26,tierA_p95,T/NK cells,interferon_response,80.0,85.0,69.0,0.043488115774116654,0.005675601647055591,58.0,0.06777068963881526
7248_liver_sham_Male_26-U1,sham,26,tierA_p95,T/NK cells,interferon_response,85.0,90.0,52.0,0.05218519222958443,0.005325827312503069,30.0,0.07381899943575262
7248_liver_sham_Male_26-U1,sham,26,tierA_p95,T/NK cells,interferon_response,90.0,95.0,48.0,0.06562520808317156,0.006220873811392773,28.0,0.047918213972090076
7248_liver_sham_Male_26-U1,sham,26,tierA_p95,T/NK cells,interferon_response,95.0,100.0,29.0,0.05763586204306319,0.008837119618325678,73.0,0.042562328787338725
7248_liver_sham_Male_26-U1,sham,26,tierA_p95,T/NK cells,oxidative_stress,0.0,5.0,24.0,0.04599833348765969,0.014653748260853233,285.0,0.08178873675356603
7248_liver_sham_Male_26-U1,sham,26,tierA_p95,T/NK cells,oxidative_stress,5.0,10.0,309.0,0.08064113292804675,0.0051277558195041845,292.0,0.07784582197878268
7248_liver_sham_Male_26-U1,sham,26,tierA_p95,T/NK cells,oxidative_stress,10.0,15.0,482.0,0.10099547719241157,0.003976513071748597,455.0,0.10095243946186032
7248_liver_sham_Male_26-U1,sham,26,tierA_p95,T/NK cells,oxidative_stress,15.0,20.0,478.0,0.09064665249006718,0.003966416611667081,439.0,0.09520437367066077
7248_liver_sham_Male_26-U1,sham,26,tierA_p95,T/NK cells,oxidative_stress,20.0,25.0,470.0,0.09967378738071235,0.0039607389267187505,467.0,0.09493177726192248
7248_liver_sham_Male_26-U1,sham,26,tierA_p95,T/NK cells,oxidative_stress,25.0,30.0,480.0,0.09944922913324869,0.004124237186982095,442.0,0.09958916307428042
7248_liver_sham_Male_26-U1,sham,26,tierA_p95,T/NK cells,oxidative_stress,30.0,35.0,459.0,0.10557570823755882,0.003875364858828893,396.0,0.0978104292212403
7248_liver_sham_Male_26-U1,sham,26,tierA_p95,T/NK cells,oxidative_stress,35.0,40.0,399.0,0.10833428576787033,0.0042783298587397624,386.0,0.10328831611454657
7248_liver_sham_Male_26-U1,sham,26,tierA_p95,T/NK cells,oxidative_stress,40.0,45.0,334.0,0.10707065881986985,0.0046275670876371605,332.0,0.11252647590457394
7248_liver_sham_Male_26-U1,sham,26,tierA_p95,T/NK cells,oxidative_stress,45.0,50.0,279.0,0.11056118253071869,0.005154795085543081,254.0,0.1087823225859934
7248_liver_sham_Male_26-U1,sham,26,tierA_p95,T/NK cells,oxidative_stress,50.0,55.0,236.0,0.09694851675114971,0.005112575122402287,263.0,0.1080179086854476
7248_liver_sham_Male_26-U1,sham,26,tierA_p95,T/NK cells,oxidative_stress,55.0,60.0,213.0,0.09805356813477191,0.005720390023380149,213.0,0.11486389664189776
7248_liver_sham_Male_26-U1,sham,26,tierA_p95,T/NK cells,oxidative_stress,60.0,65.0,162.0,0.11090574061992452,0.006288434261764103,158.0,0.1077777849636444
7248_liver_sham_Male_26-U1,sham,26,tierA_p95,T/NK cells,oxidative_stress,65.0,70.0,139.0,0.12545453257466793,0.0068880146468352525,125.0,0.10832839965634047
7248_liver_sham_Male_26-U1,sham,26,tierA_p95,T/NK cells,oxidative_stress,70.0,75.0,124.0,0.10833935469019061,0.007740413903810526,92.0,0.1143423916073516
7248_liver_sham_Male_26-U1,sham,26,tierA_p95,T/NK cells,oxidative_stress,75.0,80.0,78.0,0.09600833349656732,0.009849788402408136,76.0,0.11614934157420832
7248_liver_sham_Male_26-U1,sham,26,tierA_p95,T/NK cells,oxidative_stress,80.0,85.0,69.0,0.09228246354336,0.010662845020248378,58.0,0.1339463801926066
7248_liver_sham_Male_26-U1,sham,26,tierA_p95,T/NK cells,oxidative_stress,85.0,90.0,52.0,0.11571480717080143,0.01206358010209535,30.0,0.12158166794106365
7248_liver_sham_Male_26-U1,sham,26,tierA_p95,T/NK cells,oxidative_stress,90.0,95.0,48.0,0.09929249907145277,0.011838245767421604,28.0,0.10914071519593042
7248_liver_sham_Male_26-U1,sham,26,tierA_p95,T/NK cells,oxidative_stress,95.0,100.0,29.0,0.13008482773499241,0.020940150410153065,73.0,0.12255136927985268
7248_liver_sham_Male_26-U1,sham,26,tierA_p95,T/NK cells,secondary_senescence,0.0,5.0,24.0,0.00947916661001121,0.010480938379866857,285.0,0.006298386133806943
7248_liver_sham_Male_26-U1,sham,26,tierA_p95,T/NK cells,secondary_senescence,5.0,10.0,309.0,0.010775113330994247,0.0035049995947568193,292.0,0.009749589096665585
7248_liver_sham_Male_26-U1,sham,26,tierA_p95,T/NK cells,secondary_senescence,10.0,15.0,482.0,-8.707472810919514e-05,0.002644127189266992,455.0,0.00168345048217676
7248_liver_sham_Male_26-U1,sham,26,tierA_p95,T/NK cells,secondary_senescence,15.0,20.0,478.0,0.007530146541928037,0.002729669843875544,439.0,0.0010351480313911948
7248_liver_sham_Male_26-U1,sham,26,tierA_p95,T/NK cells,secondary_senescence,20.0,25.0,470.0,-0.0014770212265269019,0.002674190202400083,467.0,-0.003179464686825364
7248_liver_sham_Male_26-U1,sham,26,tierA_p95,T/NK cells,secondary_senescence,25.0,30.0,480.0,-0.0022340626035050565,0.002509665404413546,442.0,-0.0016773982260353036
7248_liver_sham_Male_26-U1,sham,26,tierA_p95,T/NK cells,secondary_senescence,30.0,35.0,459.0,-0.0008157515676232047,0.0027598856031374737,396.0,-0.004784873709808141
7248_liver_sham_Male_26-U1,sham,26,tierA_p95,T/NK cells,secondary_senescence,35.0,40.0,399.0,-0.0023230576844253392,0.0028346750634120265,386.0,-0.0007332124269271566
7248_liver_sham_Male_26-U1,sham,26,tierA_p95,T/NK cells,secondary_senescence,40.0,45.0,334.0,-0.009189760520608822,0.0028319210339206712,332.0,-0.004616204794137409
7248_liver_sham_Male_26-U1,sham,26,tierA_p95,T/NK cells,secondary_senescence,45.0,50.0,279.0,-0.007056630864646787,0.00299097685295109,254.0,-0.0004625984471834193
7248_liver_sham_Male_26-U1,sham,26,tierA_p95,T/NK cells,secondary_senescence,50.0,55.0,236.0,-0.003583983050548803,0.003875894583044948,263.0,-0.010041178693074623
7248_liver_sham_Male_26-U1,sham,26,tierA_p95,T/NK cells,secondary_senescence,55.0,60.0,213.0,-0.008434178326371838,0.003720399284566301,213.0,-0.006048403763946828
7248_liver_sham_Male_26-U1,sham,26,tierA_p95,T/NK cells,secondary_senescence,60.0,65.0,162.0,-0.004459074174519628,0.004593050171299036,158.0,-0.007648734136280468
7248_liver_sham_Male_26-U1,sham,26,tierA_p95,T/NK cells,secondary_senescence,65.0,70.0,139.0,-0.011716186916941389,0.0046534658311584735,125.0,-0.007926800107583403
7248_liver_sham_Male_26-U1,sham,26,tierA_p95,T/NK cells,secondary_senescence,70.0,75.0,124.0,-0.0061833869220854175,0.004683105256481211,92.0,-0.017820543538935297
7248_liver_sham_Male_26-U1,sham,26,tierA_p95,T/NK cells,secondary_senescence,75.0,80.0,78.0,-0.011041282237550685,0.005478401998006719,76.0,-0.0016985522478965944
7248_liver_sham_Male_26-U1,sham,26,tierA_p95,T/NK cells,secondary_senescence,80.0,85.0,69.0,-0.004838695657320162,0.0064484502543555545,58.0,-0.0008356895474395875
7248_liver_sham_Male_26-U1,sham,26,tierA_p95,T/NK cells,secondary_senescence,85.0,90.0,52.0,-0.014693269369532712,0.008305955376827797,30.0,-0.021030000240231553
7248_liver_sham_Male_26-U1,sham,26,tierA_p95,T/NK cells,secondary_senescence,90.0,95.0,48.0,-0.016196875041411356,0.005234846034460404,28.0,-0.010185356754975925
7248_liver_sham_Male_26-U1,sham,26,tierA_p95,T/NK cells,secondary_senescence,95.0,100.0,29.0,-0.016335517511269528,0.008803803539434682,73.0,-0.01244452085715961
7248_liver_sham_Male_26-U1,sham,26,tierA_p95,T/NK cells,tnfa_nfkb_proximal,0.0,5.0,24.0,0.012060000270139426,0.007737168975159553,285.0,0.005414631606841444
7248_liver_sham_Male_26-U1,sham,26,tierA_p95,T/NK cells,tnfa_nfkb_proximal,5.0,10.0,309.0,0.010355922349856833,0.0024945428480575254,292.0,0.013234486218943733
7248_liver_sham_Male_26-U1,sham,26,tierA_p95,T/NK cells,tnfa_nfkb_proximal,10.0,15.0,482.0,0.003529004239220536,0.0018896347254609655,455.0,0.007070615419877788
7248_liver_sham_Male_26-U1,sham,26,tierA_p95,T/NK cells,tnfa_nfkb_proximal,15.0,20.0,478.0,0.0067276151026535785,0.0019022992152438831,439.0,0.001162186830494434
7248_liver_sham_Male_26-U1,sham,26,tierA_p95,T/NK cells,tnfa_nfkb_proximal,20.0,25.0,470.0,0.002029255329661611,0.0018800063219886654,467.0,0.004480642417123082
7248_liver_sham_Male_26-U1,sham,26,tierA_p95,T/NK cells,tnfa_nfkb_proximal,25.0,30.0,480.0,0.0014591249679748823,0.0017767150488282731,442.0,0.00031165161610211456
7248_liver_sham_Male_26-U1,sham,26,tierA_p95,T/NK cells,tnfa_nfkb_proximal,30.0,35.0,459.0,0.0009112853953894583,0.001768100509829154,396.0,0.001963888892284806
7248_liver_sham_Male_26-U1,sham,26,tierA_p95,T/NK cells,tnfa_nfkb_proximal,35.0,40.0,399.0,0.0014513032751585027,0.0019520719786924668,386.0,-0.0017299481346832897
7248_liver_sham_Male_26-U1,sham,26,tierA_p95,T/NK cells,tnfa_nfkb_proximal,40.0,45.0,334.0,-0.002025688578944387,0.002047663027726099,332.0,-0.002604759014656042
7248_liver_sham_Male_26-U1,sham,26,tierA_p95,T/NK cells,tnfa_nfkb_proximal,45.0,50.0,279.0,-0.0018803942884947757,0.002132184829056127,254.0,-0.0022330314800849986
7248_liver_sham_Male_26-U1,sham,26,tierA_p95,T/NK cells,tnfa_nfkb_proximal,50.0,55.0,236.0,-0.0025526694352250206,0.00242582352837834,263.0,-0.002695665415672443
7248_liver_sham_Male_26-U1,sham,26,tierA_p95,T/NK cells,tnfa_nfkb_proximal,55.0,60.0,213.0,-0.0017353521039361842,0.0024842245162428863,213.0,-0.002797370779130197
7248_liver_sham_Male_26-U1,sham,26,tierA_p95,T/NK cells,tnfa_nfkb_proximal,60.0,65.0,162.0,-0.0026835802373732153,0.0028448172418914196,158.0,-0.0008198102417437336
7248_liver_sham_Male_26-U1,sham,26,tierA_p95,T/NK cells,tnfa_nfkb_proximal,65.0,70.0,139.0,-0.00993402880489183,0.0026846199311042354,125.0,-0.009479679936077446
7248_liver_sham_Male_26-U1,sham,26,tierA_p95,T/NK cells,tnfa_nfkb_proximal,70.0,75.0,124.0,0.0014912902842033578,0.003559483180903323,92.0,-0.004262608682873416
7248_liver_sham_Male_26-U1,sham,26,tierA_p95,T/NK cells,tnfa_nfkb_proximal,75.0,80.0,78.0,-0.0015888460139439513,0.0033657331941347687,76.0,-0.0004859209446677644
7248_liver_sham_Male_26-U1,sham,26,tierA_p95,T/NK cells,tnfa_nfkb_proximal,80.0,85.0,69.0,-0.0023075362440832196,0.003705705737232475,58.0,0.011624827575548712
7248_liver_sham_Male_26-U1,sham,26,tierA_p95,T/NK cells,tnfa_nfkb_proximal,85.0,90.0,52.0,-0.001764423171362768,0.0036223510342080936,30.0,-0.006371333368588239
7248_liver_sham_Male_26-U1,sham,26,tierA_p95,T/NK cells,tnfa_nfkb_proximal,90.0,95.0,48.0,0.0003468750266317026,0.004086061375477863,28.0,-0.004762857021497828
7248_liver_sham_Male_26-U1,sham,26,tierA_p95,T/NK cells,tnfa_nfkb_proximal,95.0,100.0,29.0,-0.005457586146176568,0.006085101743350929,73.0,-0.008318767158875931
7248_liver_sham_Male_26-U1,sham,26,tierA_p95,vSMCs,downstream_arrest,0.0,5.0,46.0,-0.004518043554170341,0.0036561783447167755,387.0,-0.004662067226587117
7248_liver_sham_Male_26-U1,sham,26,tierA_p95,vSMCs,downstream_arrest,5.0,10.0,517.0,-0.002822475809786546,0.0010839135100321163,533.0,-0.004106341404523102
7248_liver_sham_Male_26-U1,sham,26,tierA_p95,vSMCs,downstream_arrest,10.0,15.0,693.0,-0.0036099567124670477,0.0008952286391588806,669.0,-0.005255814605279929
7248_liver_sham_Male_26-U1,sham,26,tierA_p95,vSMCs,downstream_arrest,15.0,20.0,724.0,-0.0038548204255932222,0.0009233486678739981,660.0,-0.0035455000230396046
7248_liver_sham_Male_26-U1,sham,26,tierA_p95,vSMCs,downstream_arrest,20.0,25.0,742.0,-0.004243153595145383,0.0009256358268844301,681.0,-0.004038428749412235
7248_liver_sham_Male_26-U1,sham,26,tierA_p95,vSMCs,downstream_arrest,25.0,30.0,699.0,-0.004177711004042108,0.0009248813633824363,604.0,-0.002402102644960026
7248_liver_sham_Male_26-U1,sham,26,tierA_p95,vSMCs,downstream_arrest,30.0,35.0,570.0,-0.0024811929940992024,0.001078146216376967,569.0,-0.00471478034007292
7248_liver_sham_Male_26-U1,sham,26,tierA_p95,vSMCs,downstream_arrest,35.0,40.0,519.0,-0.0028019845974606374,0.0010861373854332498,456.0,-0.003970833300539661
7248_liver_sham_Male_26-U1,sham,26,tierA_p95,vSMCs,downstream_arrest,40.0,45.0,387.0,-0.005383281650685571,0.001196386586139041,404.0,-0.004644455361245707
7248_liver_sham_Male_26-U1,sham,26,tierA_p95,vSMCs,downstream_arrest,45.0,50.0,305.0,-0.0033465901558615693,0.0013695010777010322,288.0,-0.004115798658858694
7248_liver_sham_Male_26-U1,sham,26,tierA_p95,vSMCs,downstream_arrest,50.0,55.0,279.0,-0.0036642652519855074,0.0014403654731279779,256.0,-0.0035142968933428165
7248_liver_sham_Male_26-U1,sham,26,tierA_p95,vSMCs,downstream_arrest,55.0,60.0,235.0,-0.005541404229378268,0.001543478963295886,206.0,-0.001020534067879232
7248_liver_sham_Male_26-U1,sham,26,tierA_p95,vSMCs,downstream_arrest,60.0,65.0,168.0,-0.005211309543418403,0.0020289771371699624,166.0,-0.0016779517765431833
7248_liver_sham_Male_26-U1,sham,26,tierA_p95,vSMCs,downstream_arrest,65.0,70.0,119.0,-0.003791848724872312,0.0021360066552565224,116.0,-0.003177758517769438
7248_liver_sham_Male_26-U1,sham,26,tierA_p95,vSMCs,downstream_arrest,70.0,75.0,114.0,-0.0010232456835709807,0.0024112446206667262,81.0,-0.004180987719820099
7248_liver_sham_Male_26-U1,sham,26,tierA_p95,vSMCs,downstream_arrest,75.0,80.0,77.0,-0.010328960919438244,0.002614453375003985,78.0,-0.0031887179692813125
7248_liver_sham_Male_26-U1,sham,26,tierA_p95,vSMCs,downstream_arrest,80.0,85.0,57.0,-0.0032822806735343314,0.0031080991502483364,53.0,0.0010899999442527879
7248_liver_sham_Male_26-U1,sham,26,tierA_p95,vSMCs,downstream_arrest,85.0,90.0,49.0,0.004087142842912058,0.003671963118749196,44.0,-0.002814318240284179
7248_liver_sham_Male_26-U1,sham,26,tierA_p95,vSMCs,downstream_arrest,90.0,95.0,32.0,-0.0041028125014008765,0.0035141827209042185,25.0,-0.005612000161781907
7248_liver_sham_Male_26-U1,sham,26,tierA_p95,vSMCs,downstream_arrest,95.0,100.0,29.0,-0.009729654889489556,0.0033359372103407827,85.0,0.002254705903332626
7248_liver_sham_Male_26-U1,sham,26,tierA_p95,vSMCs,emt_ecm,0.0,5.0,46.0,0.12646130378719966,0.010982657694945634,387.0,0.12229356640776576
7248_liver_sham_Male_26-U1,sham,26,tierA_p95,vSMCs,emt_ecm,5.0,10.0,517.0,0.12719510638873802,0.00319001753033298,533.0,0.13067240163594995
7248_liver_sham_Male_26-U1,sham,26,tierA_p95,vSMCs,emt_ecm,10.0,15.0,693.0,0.11805945155871823,0.002879903434557196,669.0,0.12690508205198958
7248_liver_sham_Male_26-U1,sham,26,tierA_p95,vSMCs,emt_ecm,15.0,20.0,724.0,0.12965219602756908,0.003077952037382691,660.0,0.12716787871485752
7248_liver_sham_Male_26-U1,sham,26,tierA_p95,vSMCs,emt_ecm,20.0,25.0,742.0,0.12096245287451736,0.0030137758585308287,681.0,0.11980243770665662
7248_liver_sham_Male_26-U1,sham,26,tierA_p95,vSMCs,emt_ecm,25.0,30.0,699.0,0.12798831203527075,0.0031150166939724797,604.0,0.12554983412988105
7248_liver_sham_Male_26-U1,sham,26,tierA_p95,vSMCs,emt_ecm,30.0,35.0,570.0,0.1222329822735526,0.0035091270254180534,569.0,0.12394994757007405
7248_liver_sham_Male_26-U1,sham,26,tierA_p95,vSMCs,emt_ecm,35.0,40.0,519.0,0.12954803478189875,0.003733592082133848,456.0,0.12079423273034831
7248_liver_sham_Male_26-U1,sham,26,tierA_p95,vSMCs,emt_ecm,40.0,45.0,387.0,0.10894018085673451,0.0041255252906561264,404.0,0.11915903436198674
7248_liver_sham_Male_26-U1,sham,26,tierA_p95,vSMCs,emt_ecm,45.0,50.0,305.0,0.11767875414740554,0.004479376084163561,288.0,0.12884736079882309
7248_liver_sham_Male_26-U1,sham,26,tierA_p95,vSMCs,emt_ecm,50.0,55.0,279.0,0.13152519726998918,0.004977656525070038,256.0,0.11992925770300644
7248_liver_sham_Male_26-U1,sham,26,tierA_p95,vSMCs,emt_ecm,55.0,60.0,235.0,0.12365468067037774,0.005530683220313427,206.0,0.1208803394076966
7248_liver_sham_Male_26-U1,sham,26,tierA_p95,vSMCs,emt_ecm,60.0,65.0,168.0,0.12335267853701398,0.006328272820617149,166.0,0.1183938555428562
7248_liver_sham_Male_26-U1,sham,26,tierA_p95,vSMCs,emt_ecm,65.0,70.0,119.0,0.12596672287755234,0.006850130595569799,116.0,0.14818879306629493
7248_liver_sham_Male_26-U1,sham,26,tierA_p95,vSMCs,emt_ecm,70.0,75.0,114.0,0.12083377216817769,0.008042361537920087,81.0,0.135616666700599
7248_liver_sham_Male_26-U1,sham,26,tierA_p95,vSMCs,emt_ecm,75.0,80.0,77.0,0.1392919483062412,0.00968743775103223,78.0,0.1396008969944281
7248_liver_sham_Male_26-U1,sham,26,tierA_p95,vSMCs,emt_ecm,80.0,85.0,57.0,0.14635192959062887,0.011698781879046775,53.0,0.10883094321382847
7248_liver_sham_Male_26-U1,sham,26,tierA_p95,vSMCs,emt_ecm,85.0,90.0,49.0,0.14414163261452423,0.011945948360056134,44.0,0.11518363618630577
7248_liver_sham_Male_26-U1,sham,26,tierA_p95,vSMCs,emt_ecm,90.0,95.0,32.0,0.13761375041212887,0.01374888507385692,25.0,0.14043359988252632
7248_liver_sham_Male_26-U1,sham,26,tierA_p95,vSMCs,emt_ecm,95.0,100.0,29.0,0.17483655183479704,0.01691237015186632,85.0,0.11219423581359853
7248_liver_sham_Male_26-U1,sham,26,tierA_p95,vSMCs,il6_jak_stat3,0.0,5.0,46.0,0.0014715218480294266,0.0066189811742350885,387.0,0.023186330775653904
7248_liver_sham_Male_26-U1,sham,26,tierA_p95,vSMCs,il6_jak_stat3,5.0,10.0,517.0,0.015809477761642723,0.0021822248528395017,533.0,0.013524577937768834
7248_liver_sham_Male_26-U1,sham,26,tierA_p95,vSMCs,il6_jak_stat3,10.0,15.0,693.0,0.02091773445773216,0.0020568799675471632,669.0,0.022382705665695703
7248_liver_sham_Male_26-U1,sham,26,tierA_p95,vSMCs,il6_jak_stat3,15.0,20.0,724.0,0.022260372991780897,0.002007163162576131,660.0,0.019270999907739953
7248_liver_sham_Male_26-U1,sham,26,tierA_p95,vSMCs,il6_jak_stat3,20.0,25.0,742.0,0.023219959568524122,0.0019531775361881117,681.0,0.028666255545675742
7248_liver_sham_Male_26-U1,sham,26,tierA_p95,vSMCs,il6_jak_stat3,25.0,30.0,699.0,0.023156809879797735,0.002030442071582745,604.0,0.023953145619980326
7248_liver_sham_Male_26-U1,sham,26,tierA_p95,vSMCs,il6_jak_stat3,30.0,35.0,570.0,0.025855175492962876,0.0022845537778128466,569.0,0.024101862951632146
7248_liver_sham_Male_26-U1,sham,26,tierA_p95,vSMCs,il6_jak_stat3,35.0,40.0,519.0,0.027776782258064597,0.002391965626275367,456.0,0.025940986853097377
7248_liver_sham_Male_26-U1,sham,26,tierA_p95,vSMCs,il6_jak_stat3,40.0,45.0,387.0,0.027688837092407697,0.002581880383722695,404.0,0.026327648500840285
7248_liver_sham_Male_26-U1,sham,26,tierA_p95,vSMCs,il6_jak_stat3,45.0,50.0,305.0,0.03355845895759975,0.0033785949444283393,288.0,0.031466215350216466
7248_liver_sham_Male_26-U1,sham,26,tierA_p95,vSMCs,il6_jak_stat3,50.0,55.0,279.0,0.028001935476669626,0.0030231831331103682,256.0,0.03731781261711831
7248_liver_sham_Male_26-U1,sham,26,tierA_p95,vSMCs,il6_jak_stat3,55.0,60.0,235.0,0.03221791496161654,0.003485752356084346,206.0,0.03206650484765844
7248_liver_sham_Male_26-U1,sham,26,tierA_p95,vSMCs,il6_jak_stat3,60.0,65.0,168.0,0.03866982159663513,0.004347073740517691,166.0,0.027303433719954414
7248_liver_sham_Male_26-U1,sham,26,tierA_p95,vSMCs,il6_jak_stat3,65.0,70.0,119.0,0.03863663858726245,0.005258145587369962,116.0,0.02687827593782176
7248_liver_sham_Male_26-U1,sham,26,tierA_p95,vSMCs,il6_jak_stat3,70.0,75.0,114.0,0.04225149130287351,0.005211701394114015,81.0,0.03621629643075047
7248_liver_sham_Male_26-U1,sham,26,tierA_p95,vSMCs,il6_jak_stat3,75.0,80.0,77.0,0.03127545487421395,0.0061128665162806135,78.0,0.03452833340270445
7248_liver_sham_Male_26-U1,sham,26,tierA_p95,vSMCs,il6_jak_stat3,80.0,85.0,57.0,0.038759122774201,0.007418264343634346,53.0,0.03942056608228189
7248_liver_sham_Male_26-U1,sham,26,tierA_p95,vSMCs,il6_jak_stat3,85.0,90.0,49.0,0.0241865305115982,0.008437804293070799,44.0,0.040633636050518944
7248_liver_sham_Male_26-U1,sham,26,tierA_p95,vSMCs,il6_jak_stat3,90.0,95.0,32.0,0.025630624761106446,0.009260770593677798,25.0,0.04507440032437444
7248_liver_sham_Male_26-U1,sham,26,tierA_p95,vSMCs,il6_jak_stat3,95.0,100.0,29.0,0.03653275837383137,0.010342247687931398,85.0,0.04476705877425368
7248_liver_sham_Male_26-U1,sham,26,tierA_p95,vSMCs,interferon_response,0.0,5.0,46.0,0.00030804363853784036,0.005059993322503566,387.0,0.00854462537743351
7248_liver_sham_Male_26-U1,sham,26,tierA_p95,vSMCs,interferon_response,5.0,10.0,517.0,0.005698626688633131,0.0017560457963420898,533.0,0.007387129454060997
7248_liver_sham_Male_26-U1,sham,26,tierA_p95,vSMCs,interferon_response,10.0,15.0,693.0,0.00814095239469152,0.001519259463897175,669.0,0.010238056735493257
7248_liver_sham_Male_26-U1,sham,26,tierA_p95,vSMCs,interferon_response,15.0,20.0,724.0,0.012144765254038625,0.0014986832767772491,660.0,0.00941130296967899
7248_liver_sham_Male_26-U1,sham,26,tierA_p95,vSMCs,interferon_response,20.0,25.0,742.0,0.01107730455212957,0.0015112415872974144,681.0,0.012904684306725808
7248_liver_sham_Male_26-U1,sham,26,tierA_p95,vSMCs,interferon_response,25.0,30.0,699.0,0.00971331893806395,0.0015424911848888152,604.0,0.010448824563288465
7248_liver_sham_Male_26-U1,sham,26,tierA_p95,vSMCs,interferon_response,30.0,35.0,570.0,0.012726298199809288,0.001646159257365786,569.0,0.009093145872503093
7248_liver_sham_Male_26-U1,sham,26,tierA_p95,vSMCs,interferon_response,35.0,40.0,519.0,0.014122485560155294,0.0016854765345922348,456.0,0.01198739040652678
7248_liver_sham_Male_26-U1,sham,26,tierA_p95,vSMCs,interferon_response,40.0,45.0,387.0,0.012251007806343382,0.0019904966706049843,404.0,0.010689851509776435
7248_liver_sham_Male_26-U1,sham,26,tierA_p95,vSMCs,interferon_response,45.0,50.0,305.0,0.017095049285042657,0.0025175433323867073,288.0,0.01049697912720957
7248_liver_sham_Male_26-U1,sham,26,tierA_p95,vSMCs,interferon_response,50.0,55.0,279.0,0.013672616509478673,0.0026103999469682883,256.0,0.018548906209218785
7248_liver_sham_Male_26-U1,sham,26,tierA_p95,vSMCs,interferon_response,55.0,60.0,235.0,0.014362170330516282,0.0026504689946729417,206.0,0.01738898068803783
7248_liver_sham_Male_26-U1,sham,26,tierA_p95,vSMCs,interferon_response,60.0,65.0,168.0,0.017281011898289546,0.0032006091855386817,166.0,0.011895180763049101
7248_liver_sham_Male_26-U1,sham,26,tierA_p95,vSMCs,interferon_response,65.0,70.0,119.0,0.012702941027163732,0.0036435099079708145,116.0,0.014121379218553996
7248_liver_sham_Male_26-U1,sham,26,tierA_p95,vSMCs,interferon_response,70.0,75.0,114.0,0.010486929886770156,0.0039489893778753065,81.0,0.014393827287598087
7248_liver_sham_Male_26-U1,sham,26,tierA_p95,vSMCs,interferon_response,75.0,80.0,77.0,0.014708181769835049,0.00417307632643404,78.0,0.021661025507432312
7248_liver_sham_Male_26-U1,sham,26,tierA_p95,vSMCs,interferon_response,80.0,85.0,57.0,0.005981403451745823,0.005706502617999834,53.0,0.01817811339081019
7248_liver_sham_Male_26-U1,sham,26,tierA_p95,vSMCs,interferon_response,85.0,90.0,49.0,0.007575714230128773,0.0060980443612490155,44.0,0.014371818188175728
7248_liver_sham_Male_26-U1,sham,26,tierA_p95,vSMCs,interferon_response,90.0,95.0,32.0,0.004165312493569218,0.006053325324156047,25.0,0.015238000238314271
7248_liver_sham_Male_26-U1,sham,26,tierA_p95,vSMCs,interferon_response,95.0,100.0,29.0,0.008491724135418391,0.008644473844542536,85.0,0.02123823511920979
7248_liver_sham_Male_26-U1,sham,26,tierA_p95,vSMCs,oxidative_stress,0.0,5.0,46.0,-0.0025823915012828684,0.008970199340292015,387.0,0.014276589062364196
7248_liver_sham_Male_26-U1,sham,26,tierA_p95,vSMCs,oxidative_stress,5.0,10.0,517.0,0.01727570602405591,0.0033392294852221593,533.0,0.01812363984128246
7248_liver_sham_Male_26-U1,sham,26,tierA_p95,vSMCs,oxidative_stress,10.0,15.0,693.0,0.025820432824151463,0.002885280030960334,669.0,0.024430807247396265
7248_liver_sham_Male_26-U1,sham,26,tierA_p95,vSMCs,oxidative_stress,15.0,20.0,724.0,0.027397997224226995,0.002798220934437794,660.0,0.026157454583743387
7248_liver_sham_Male_26-U1,sham,26,tierA_p95,vSMCs,oxidative_stress,20.0,25.0,742.0,0.026002641541326296,0.002809529780417025,681.0,0.020719853279117746
7248_liver_sham_Male_26-U1,sham,26,tierA_p95,vSMCs,oxidative_stress,25.0,30.0,699.0,0.027447510769911167,0.0029357379939393465,604.0,0.0242075165493733
7248_liver_sham_Male_26-U1,sham,26,tierA_p95,vSMCs,oxidative_stress,30.0,35.0,570.0,0.029487263264794214,0.0031300035593441037,569.0,0.02722507914545539
7248_liver_sham_Male_26-U1,sham,26,tierA_p95,vSMCs,oxidative_stress,35.0,40.0,519.0,0.025481541418403822,0.003138971967688653,456.0,0.032847741175445616
7248_liver_sham_Male_26-U1,sham,26,tierA_p95,vSMCs,oxidative_stress,40.0,45.0,387.0,0.029897984511712904,0.003935775402282798,404.0,0.028932079063217837
7248_liver_sham_Male_26-U1,sham,26,tierA_p95,vSMCs,oxidative_stress,45.0,50.0,305.0,0.030077934642985547,0.004405430791089308,288.0,0.030412013876634267
7248_liver_sham_Male_26-U1,sham,26,tierA_p95,vSMCs,oxidative_stress,50.0,55.0,279.0,0.02396412177752423,0.00438435361102824,256.0,0.03195468774174515
7248_liver_sham_Male_26-U1,sham,26,tierA_p95,vSMCs,oxidative_stress,55.0,60.0,235.0,0.028715872354656856,0.004717143891965394,206.0,0.039519805748815855
7248_liver_sham_Male_26-U1,sham,26,tierA_p95,vSMCs,oxidative_stress,60.0,65.0,168.0,0.02683720258731964,0.005347949788912093,166.0,0.04087855420299772
7248_liver_sham_Male_26-U1,sham,26,tierA_p95,vSMCs,oxidative_stress,65.0,70.0,119.0,0.014670168387629249,0.006435779260678585,116.0,0.03238698282100437
7248_liver_sham_Male_26-U1,sham,26,tierA_p95,vSMCs,oxidative_stress,70.0,75.0,114.0,0.02910228091978321,0.007707500283283893,81.0,0.029979505878010834
7248_liver_sham_Male_26-U1,sham,26,tierA_p95,vSMCs,oxidative_stress,75.0,80.0,77.0,0.030003766299455198,0.007468361338836275,78.0,0.01635923104587187
7248_liver_sham_Male_26-U1,sham,26,tierA_p95,vSMCs,oxidative_stress,80.0,85.0,57.0,0.02904333335678338,0.010211547815277569,53.0,0.029842830623306754
7248_liver_sham_Male_26-U1,sham,26,tierA_p95,vSMCs,oxidative_stress,85.0,90.0,49.0,0.03434898001997142,0.011544462908107173,44.0,0.04985227326820181
7248_liver_sham_Male_26-U1,sham,26,tierA_p95,vSMCs,oxidative_stress,90.0,95.0,32.0,0.026619687499987776,0.011609324446606561,25.0,0.02046480029821396
7248_liver_sham_Male_26-U1,sham,26,tierA_p95,vSMCs,oxidative_stress,95.0,100.0,29.0,0.03321724107031357,0.012870841333878806,85.0,0.034971764861085615
7248_liver_sham_Male_26-U1,sham,26,tierA_p95,vSMCs,secondary_senescence,0.0,5.0,46.0,-0.00226499979647127,0.008571867790753192,387.0,0.010288630365131595
7248_liver_sham_Male_26-U1,sham,26,tierA_p95,vSMCs,secondary_senescence,5.0,10.0,517.0,0.009626170076581612,0.0024636048115517376,533.0,0.00787883671388287
7248_liver_sham_Male_26-U1,sham,26,tierA_p95,vSMCs,secondary_senescence,10.0,15.0,693.0,0.0044384271934195755,0.002141940427102078,669.0,0.006830358641385562
7248_liver_sham_Male_26-U1,sham,26,tierA_p95,vSMCs,secondary_senescence,15.0,20.0,724.0,0.008987845289687341,0.0022166992495268535,660.0,0.007488727311349728
7248_liver_sham_Male_26-U1,sham,26,tierA_p95,vSMCs,secondary_senescence,20.0,25.0,742.0,0.0051363071950500504,0.0020333521170871976,681.0,0.006264537450066913
7248_liver_sham_Male_26-U1,sham,26,tierA_p95,vSMCs,secondary_senescence,25.0,30.0,699.0,0.005955050154246865,0.002156331340240729,604.0,0.0030807449731510613
7248_liver_sham_Male_26-U1,sham,26,tierA_p95,vSMCs,secondary_senescence,30.0,35.0,570.0,0.005586017513594829,0.0024543783122993683,569.0,-0.00033801411185863713
7248_liver_sham_Male_26-U1,sham,26,tierA_p95,vSMCs,secondary_senescence,35.0,40.0,519.0,0.005563776493399998,0.0025310568738339295,456.0,0.0015386402972804366
7248_liver_sham_Male_26-U1,sham,26,tierA_p95,vSMCs,secondary_senescence,40.0,45.0,387.0,-0.0037932300282631265,0.0028152253833646406,404.0,0.0021065594808551214
7248_liver_sham_Male_26-U1,sham,26,tierA_p95,vSMCs,secondary_senescence,45.0,50.0,305.0,0.0009475082019725662,0.0031173825092277885,288.0,0.005528819393728352
7248_liver_sham_Male_26-U1,sham,26,tierA_p95,vSMCs,secondary_senescence,50.0,55.0,279.0,0.006606594888672005,0.0034224455113830883,256.0,0.004929726571475612
7248_liver_sham_Male_26-U1,sham,26,tierA_p95,vSMCs,secondary_senescence,55.0,60.0,235.0,0.0034085531123019654,0.0033409970767771914,206.0,0.005063737910267732
7248_liver_sham_Male_26-U1,sham,26,tierA_p95,vSMCs,secondary_senescence,60.0,65.0,168.0,0.006293273598462942,0.004212598703396803,166.0,0.004066988117838593
7248_liver_sham_Male_26-U1,sham,26,tierA_p95,vSMCs,secondary_senescence,65.0,70.0,119.0,-0.002715462350390241,0.004790390211757539,116.0,0.005818103500320737
7248_liver_sham_Male_26-U1,sham,26,tierA_p95,vSMCs,secondary_senescence,70.0,75.0,114.0,0.003973157991391705,0.00511693235989344,81.0,0.00889691361477656
7248_liver_sham_Male_26-U1,sham,26,tierA_p95,vSMCs,secondary_senescence,75.0,80.0,77.0,0.012712077773913179,0.006609550659474309,78.0,0.028661153542671878
7248_liver_sham_Male_26-U1,sham,26,tierA_p95,vSMCs,secondary_senescence,80.0,85.0,57.0,0.008515438411115227,0.007900294649852278,53.0,0.0025692451284689837
7248_liver_sham_Male_26-U1,sham,26,tierA_p95,vSMCs,secondary_senescence,85.0,90.0,49.0,0.014540816464803505,0.007186729600095571,44.0,-0.0021581817815207282
7248_liver_sham_Male_26-U1,sham,26,tierA_p95,vSMCs,secondary_senescence,90.0,95.0,32.0,0.00934187493828631,0.009317077086170028,25.0,-0.001923200124874711
7248_liver_sham_Male_26-U1,sham,26,tierA_p95,vSMCs,secondary_senescence,95.0,100.0,29.0,0.009203103443222314,0.00965346647453536,85.0,0.0061003530301711765
7248_liver_sham_Male_26-U1,sham,26,tierA_p95,vSMCs,tnfa_nfkb_proximal,0.0,5.0,46.0,0.0007473916048184037,0.00474968062004318,387.0,0.006872196396700292
7248_liver_sham_Male_26-U1,sham,26,tierA_p95,vSMCs,tnfa_nfkb_proximal,5.0,10.0,517.0,0.005087408133410008,0.0015139727560348616,533.0,0.006897110712488051
7248_liver_sham_Male_26-U1,sham,26,tierA_p95,vSMCs,tnfa_nfkb_proximal,10.0,15.0,693.0,0.004791356414737048,0.0012126893493827015,669.0,0.005696083702406636
7248_liver_sham_Male_26-U1,sham,26,tierA_p95,vSMCs,tnfa_nfkb_proximal,15.0,20.0,724.0,0.007101077362304895,0.0012499447498591286,660.0,0.005096893925248437
7248_liver_sham_Male_26-U1,sham,26,tierA_p95,vSMCs,tnfa_nfkb_proximal,20.0,25.0,742.0,0.007482021520246846,0.001217387897479582,681.0,0.006839853135781553
7248_liver_sham_Male_26-U1,sham,26,tierA_p95,vSMCs,tnfa_nfkb_proximal,25.0,30.0,699.0,0.00530480683310882,0.0012428428584876224,604.0,0.004662466826606314
7248_liver_sham_Male_26-U1,sham,26,tierA_p95,vSMCs,tnfa_nfkb_proximal,30.0,35.0,570.0,0.005212964873677712,0.0014040072077456593,569.0,0.0017447978679499113
7248_liver_sham_Male_26-U1,sham,26,tierA_p95,vSMCs,tnfa_nfkb_proximal,35.0,40.0,519.0,0.0061532369764862775,0.0015180696534360923,456.0,0.004894956066460796
7248_liver_sham_Male_26-U1,sham,26,tierA_p95,vSMCs,tnfa_nfkb_proximal,40.0,45.0,387.0,0.008180310043441047,0.0015793717781573259,404.0,0.007120099025150291
7248_liver_sham_Male_26-U1,sham,26,tierA_p95,vSMCs,tnfa_nfkb_proximal,45.0,50.0,305.0,0.006839344266360267,0.001844528057499408,288.0,0.007334270879811002
7248_liver_sham_Male_26-U1,sham,26,tierA_p95,vSMCs,tnfa_nfkb_proximal,50.0,55.0,279.0,0.00748706097492621,0.0020807985169444734,256.0,0.013031367253319104
7248_liver_sham_Male_26-U1,sham,26,tierA_p95,vSMCs,tnfa_nfkb_proximal,55.0,60.0,235.0,0.009871914794812836,0.0021488409700095904,206.0,0.008569999930824072
7248_liver_sham_Male_26-U1,sham,26,tierA_p95,vSMCs,tnfa_nfkb_proximal,60.0,65.0,168.0,0.00764261906745863,0.0025423414134990554,166.0,0.010198554198306892
7248_liver_sham_Male_26-U1,sham,26,tierA_p95,vSMCs,tnfa_nfkb_proximal,65.0,70.0,119.0,0.006705798356922954,0.0031495384853751397,116.0,0.007228793068798981
7248_liver_sham_Male_26-U1,sham,26,tierA_p95,vSMCs,tnfa_nfkb_proximal,70.0,75.0,114.0,0.00539736835573996,0.0031678008165592695,81.0,0.009229259176702916
7248_liver_sham_Male_26-U1,sham,26,tierA_p95,vSMCs,tnfa_nfkb_proximal,75.0,80.0,77.0,0.00808441563182081,0.003396472700938839,78.0,0.009918076821076026
7248_liver_sham_Male_26-U1,sham,26,tierA_p95,vSMCs,tnfa_nfkb_proximal,80.0,85.0,57.0,0.007621578693751393,0.0040289050692171105,53.0,0.01546226399796927
7248_liver_sham_Male_26-U1,sham,26,tierA_p95,vSMCs,tnfa_nfkb_proximal,85.0,90.0,49.0,0.005676734781519947,0.004113494059564822,44.0,0.006595681860661981
7248_liver_sham_Male_26-U1,sham,26,tierA_p95,vSMCs,tnfa_nfkb_proximal,90.0,95.0,32.0,-0.0011156251848660759,0.004034900302902593,25.0,0.0014868000242859126
7248_liver_sham_Male_26-U1,sham,26,tierA_p95,vSMCs,tnfa_nfkb_proximal,95.0,100.0,29.0,0.011316551602092283,0.007622948421165614,85.0,0.01220117646324284
7352_liver_sham_Male_2-U1,sham,2,tierA_p95,Biliary/ductular,downstream_arrest,0.0,5.0,85.0,0.012943764687652754,0.002208911389383811,285.0,0.013260421090174198
7352_liver_sham_Male_2-U1,sham,2,tierA_p95,Biliary/ductular,downstream_arrest,5.0,10.0,611.0,0.013541292915469252,0.0008133475422036528,499.0,0.013484929831366264
7352_liver_sham_Male_2-U1,sham,2,tierA_p95,Biliary/ductular,downstream_arrest,10.0,15.0,599.0,0.01440974955214479,0.0008302659486768647,575.0,0.012538626079267883
7352_liver_sham_Male_2-U1,sham,2,tierA_p95,Biliary/ductular,downstream_arrest,15.0,20.0,528.0,0.01289645830801226,0.0009251175280294166,496.0,0.012868004024033824
7352_liver_sham_Male_2-U1,sham,2,tierA_p95,Biliary/ductular,downstream_arrest,20.0,25.0,435.0,0.012970827559384534,0.0009153481153060503,398.0,0.012872085407997561
7352_liver_sham_Male_2-U1,sham,2,tierA_p95,Biliary/ductular,downstream_arrest,25.0,30.0,383.0,0.011240861634266007,0.0010194889908672826,380.0,0.013125684222253959
7352_liver_sham_Male_2-U1,sham,2,tierA_p95,Biliary/ductular,downstream_arrest,30.0,35.0,325.0,0.012086276903864927,0.0010654168716957976,316.0,0.012672879779805768
7352_liver_sham_Male_2-U1,sham,2,tierA_p95,Biliary/ductular,downstream_arrest,35.0,40.0,241.0,0.013482904571595919,0.0012847833401363538,261.0,0.013965134057909933
7352_liver_sham_Male_2-U1,sham,2,tierA_p95,Biliary/ductular,downstream_arrest,40.0,45.0,175.0,0.011254914299518403,0.001490805710758736,214.0,0.011165093396769655
7352_liver_sham_Male_2-U1,sham,2,tierA_p95,Biliary/ductular,downstream_arrest,45.0,50.0,145.0,0.009533103390552649,0.0016761902246300085,143.0,0.012082027910758377
7352_liver_sham_Male_2-U1,sham,2,tierA_p95,Biliary/ductular,downstream_arrest,50.0,55.0,105.0,0.014589904743479565,0.0017704499560948052,119.0,0.011789327587378641
7352_liver_sham_Male_2-U1,sham,2,tierA_p95,Biliary/ductular,downstream_arrest,55.0,60.0,87.0,0.009835057451668057,0.0022044576909549,85.0,0.010698117566746934
7352_liver_sham_Male_2-U1,sham,2,tierA_p95,Biliary/ductular,downstream_arrest,60.0,65.0,58.0,0.010216724203677712,0.0025915348147298382,47.0,0.016389148873636163
7352_liver_sham_Male_2-U1,sham,2,tierA_p95,Biliary/ductular,downstream_arrest,65.0,70.0,37.0,0.01603405401653396,0.003277854216840374,27.0,0.011130370212345884
7352_liver_sham_Male_2-U1,sham,2,tierA_p95,Biliary/ductular,downstream_arrest,70.0,75.0,38.0,0.010585789518939381,0.003772714496229122,31.0,0.008871935400454658
7352_liver_sham_Male_2-U1,sham,2,tierA_p95,Biliary/ductular,downstream_arrest,75.0,80.0,18.0,0.008458333283973237,0.004835196021654471,7.0,0.016477142261075124
7352_liver_sham_Male_2-U1,sham,2,tierA_p95,Biliary/ductular,downstream_arrest,80.0,85.0,7.0,0.03494000035737242,0.005593881569005508,0.0,
7352_liver_sham_Male_2-U1,sham,2,tierA_p95,Biliary/ductular,downstream_arrest,85.0,90.0,5.0,0.024693999998271467,0.0056840427231536995,3.0,-0.008750000114863118
7352_liver_sham_Male_2-U1,sham,2,tierA_p95,Biliary/ductular,downstream_arrest,90.0,95.0,11.0,0.007316363708179613,0.004864685069809942,2.0,0.013535000383853912
7352_liver_sham_Male_2-U1,sham,2,tierA_p95,Biliary/ductular,downstream_arrest,95.0,100.0,2.0,0.007189999800175428,0.000989949458363181,7.0,0.01861428562551737
7352_liver_sham_Male_2-U1,sham,2,tierA_p95,Biliary/ductular,emt_ecm,0.0,5.0,85.0,0.04831341172924594,0.00403672082385303,285.0,0.046725894653507946
7352_liver_sham_Male_2-U1,sham,2,tierA_p95,Biliary/ductular,emt_ecm,5.0,10.0,611.0,0.04812785611347312,0.0015060833481685733,499.0,0.048115310553744885
7352_liver_sham_Male_2-U1,sham,2,tierA_p95,Biliary/ductular,emt_ecm,10.0,15.0,599.0,0.04449550920032314,0.0014962516265208561,575.0,0.04905876533042275
7352_liver_sham_Male_2-U1,sham,2,tierA_p95,Biliary/ductular,emt_ecm,15.0,20.0,528.0,0.04772530302736386,0.0016460303054820992,496.0,0.045265967747728876
7352_liver_sham_Male_2-U1,sham,2,tierA_p95,Biliary/ductular,emt_ecm,20.0,25.0,435.0,0.04397514941760917,0.0018500416920433482,398.0,0.04272163337446184
7352_liver_sham_Male_2-U1,sham,2,tierA_p95,Biliary/ductular,emt_ecm,25.0,30.0,383.0,0.04579360309807634,0.001964247663438992,380.0,0.0451656314653902
7352_liver_sham_Male_2-U1,sham,2,tierA_p95,Biliary/ductular,emt_ecm,30.0,35.0,325.0,0.04702938460552385,0.002194741696020403,316.0,0.04598905059996284
7352_liver_sham_Male_2-U1,sham,2,tierA_p95,Biliary/ductular,emt_ecm,35.0,40.0,241.0,0.045000456370649033,0.002336143646529839,261.0,0.04466091946032348
7352_liver_sham_Male_2-U1,sham,2,tierA_p95,Biliary/ductular,emt_ecm,40.0,45.0,175.0,0.041414285698473184,0.002450511540667261,214.0,0.04543495317064247
7352_liver_sham_Male_2-U1,sham,2,tierA_p95,Biliary/ductular,emt_ecm,45.0,50.0,145.0,0.04394613802031582,0.003038957316782705,143.0,0.03689230789530268
7352_liver_sham_Male_2-U1,sham,2,tierA_p95,Biliary/ductular,emt_ecm,50.0,55.0,105.0,0.04691714295463282,0.0032687497481922656,119.0,0.04196722683997653
7352_liver_sham_Male_2-U1,sham,2,tierA_p95,Biliary/ductular,emt_ecm,55.0,60.0,87.0,0.03937068963443443,0.003855940514030767,85.0,0.04643011795671876
7352_liver_sham_Male_2-U1,sham,2,tierA_p95,Biliary/ductular,emt_ecm,60.0,65.0,58.0,0.04350620673082223,0.0053877036635171325,47.0,0.048842127761863016
7352_liver_sham_Male_2-U1,sham,2,tierA_p95,Biliary/ductular,emt_ecm,65.0,70.0,37.0,0.04981918924337102,0.006603237044548246,27.0,0.054131111354325655
7352_liver_sham_Male_2-U1,sham,2,tierA_p95,Biliary/ductular,emt_ecm,70.0,75.0,38.0,0.050199736896167066,0.005519254931589797,31.0,0.03385774179872486
7352_liver_sham_Male_2-U1,sham,2,tierA_p95,Biliary/ductular,emt_ecm,75.0,80.0,18.0,0.04203444428923023,0.005144563556452595,7.0,0.05766857162650142
7352_liver_sham_Male_2-U1,sham,2,tierA_p95,Biliary/ductular,emt_ecm,80.0,85.0,7.0,0.04407714309802811,0.013128102315214383,0.0,
7352_liver_sham_Male_2-U1,sham,2,tierA_p95,Biliary/ductular,emt_ecm,85.0,90.0,5.0,0.014369999477639794,0.006661117378121765,3.0,0.016509999598686893
7352_liver_sham_Male_2-U1,sham,2,tierA_p95,Biliary/ductular,emt_ecm,90.0,95.0,11.0,0.03368090888993307,0.008012570353859723,2.0,0.08299000188708305
7352_liver_sham_Male_2-U1,sham,2,tierA_p95,Biliary/ductular,emt_ecm,95.0,100.0,2.0,0.05564499832689762,0.006855399595806516,7.0,0.045580000417040925
7352_liver_sham_Male_2-U1,sham,2,tierA_p95,Biliary/ductular,il6_jak_stat3,0.0,5.0,85.0,-0.01866364722030566,0.003025446970908015,285.0,-0.017059578968154823
7352_liver_sham_Male_2-U1,sham,2,tierA_p95,Biliary/ductular,il6_jak_stat3,5.0,10.0,611.0,-0.0220863339122151,0.001137106240835713,499.0,-0.022173106237511193
7352_liver_sham_Male_2-U1,sham,2,tierA_p95,Biliary/ductular,il6_jak_stat3,10.0,15.0,599.0,-0.02305898159925627,0.0011880570363468498,575.0,-0.023656678211276733
7352_liver_sham_Male_2-U1,sham,2,tierA_p95,Biliary/ductular,il6_jak_stat3,15.0,20.0,528.0,-0.021501931806018216,0.0013455522509026228,496.0,-0.02267157261956292
7352_liver_sham_Male_2-U1,sham,2,tierA_p95,Biliary/ductular,il6_jak_stat3,20.0,25.0,435.0,-0.021034712629073606,0.0014739691629967648,398.0,-0.0232032914512882
7352_liver_sham_Male_2-U1,sham,2,tierA_p95,Biliary/ductular,il6_jak_stat3,25.0,30.0,383.0,-0.02029232375864663,0.0015001154666069753,380.0,-0.02380021049633031
7352_liver_sham_Male_2-U1,sham,2,tierA_p95,Biliary/ductular,il6_jak_stat3,30.0,35.0,325.0,-0.02460553844376521,0.0014625029030266433,316.0,-0.0233933228003399
7352_liver_sham_Male_2-U1,sham,2,tierA_p95,Biliary/ductular,il6_jak_stat3,35.0,40.0,241.0,-0.025858506171831754,0.0016239429327660076,261.0,-0.02410528731656839
7352_liver_sham_Male_2-U1,sham,2,tierA_p95,Biliary/ductular,il6_jak_stat3,40.0,45.0,175.0,-0.023769257067636187,0.0021403308401801396,214.0,-0.01951976625409813
7352_liver_sham_Male_2-U1,sham,2,tierA_p95,Biliary/ductular,il6_jak_stat3,45.0,50.0,145.0,-0.020815103404637395,0.0023503158292392558,143.0,-0.02095783218915226
7352_liver_sham_Male_2-U1,sham,2,tierA_p95,Biliary/ductular,il6_jak_stat3,50.0,55.0,105.0,-0.0266475237566088,0.0027964135484594846,119.0,-0.021332520926019036
7352_liver_sham_Male_2-U1,sham,2,tierA_p95,Biliary/ductular,il6_jak_stat3,55.0,60.0,87.0,-0.026183448179010114,0.0024061318208773684,85.0,-0.023296823465566645
7352_liver_sham_Male_2-U1,sham,2,tierA_p95,Biliary/ductular,il6_jak_stat3,60.0,65.0,58.0,-0.01968172415067313,0.003450787000795445,47.0,-0.014339148743137558
7352_liver_sham_Male_2-U1,sham,2,tierA_p95,Biliary/ductular,il6_jak_stat3,65.0,70.0,37.0,-0.020097297287115047,0.004483264770968351,27.0,-0.020681111021312298
7352_liver_sham_Male_2-U1,sham,2,tierA_p95,Biliary/ductular,il6_jak_stat3,70.0,75.0,38.0,-0.01603289492796696,0.004854635589295547,31.0,-0.03579548396350395
7352_liver_sham_Male_2-U1,sham,2,tierA_p95,Biliary/ductular,il6_jak_stat3,75.0,80.0,18.0,-0.02530999978383382,0.006571233388669578,7.0,-0.032031429083352644
7352_liver_sham_Male_2-U1,sham,2,tierA_p95,Biliary/ductular,il6_jak_stat3,80.0,85.0,7.0,-0.025991428709988083,0.0101187475211778,0.0,
7352_liver_sham_Male_2-U1,sham,2,tierA_p95,Biliary/ductular,il6_jak_stat3,85.0,90.0,5.0,-0.03333000056445599,0.006373675557194011,3.0,-0.03343999975671371
7352_liver_sham_Male_2-U1,sham,2,tierA_p95,Biliary/ductular,il6_jak_stat3,90.0,95.0,11.0,-0.02771999985402958,0.006307371660777304,2.0,-0.03727500047534704
7352_liver_sham_Male_2-U1,sham,2,tierA_p95,Biliary/ductular,il6_jak_stat3,95.0,100.0,2.0,-0.05991499871015549,0.005823024395333311,7.0,-0.029064285568892956
7352_liver_sham_Male_2-U1,sham,2,tierA_p95,Biliary/ductular,interferon_response,0.0,5.0,85.0,0.00238305873456685,0.002770369512364599,285.0,-0.0022675088083927044
7352_liver_sham_Male_2-U1,sham,2,tierA_p95,Biliary/ductular,interferon_response,5.0,10.0,611.0,-0.0042616366209778,0.0010931972073096642,499.0,-0.004485210441025502
7352_liver_sham_Male_2-U1,sham,2,tierA_p95,Biliary/ductular,interferon_response,10.0,15.0,599.0,-0.0046949415594225285,0.0011167008971104085,575.0,-0.0038812695850957307
7352_liver_sham_Male_2-U1,sham,2,tierA_p95,Biliary/ductular,interferon_response,15.0,20.0,528.0,-0.0026403598355403974,0.0012402739412760337,496.0,-0.003921209685578957
7352_liver_sham_Male_2-U1,sham,2,tierA_p95,Biliary/ductular,interferon_response,20.0,25.0,435.0,-0.0009511034503504206,0.001395558864108543,398.0,-0.0022161556779193878
7352_liver_sham_Male_2-U1,sham,2,tierA_p95,Biliary/ductular,interferon_response,25.0,30.0,383.0,-0.0030140208907020534,0.0013653870017345878,380.0,-0.003115710569698805
7352_liver_sham_Male_2-U1,sham,2,tierA_p95,Biliary/ductular,interferon_response,30.0,35.0,325.0,-0.005926400006999477,0.0013630942786173631,316.0,-0.005651677284904393
7352_liver_sham_Male_2-U1,sham,2,tierA_p95,Biliary/ductular,interferon_response,35.0,40.0,241.0,-0.00527406644672194,0.0015858347326192742,261.0,-0.007978927181866172
7352_liver_sham_Male_2-U1,sham,2,tierA_p95,Biliary/ductular,interferon_response,40.0,45.0,175.0,-0.004534400026147653,0.001779191629435542,214.0,-0.0015065887142962854
7352_liver_sham_Male_2-U1,sham,2,tierA_p95,Biliary/ductular,interferon_response,45.0,50.0,145.0,-0.005085379358356947,0.0019208847455810397,143.0,-0.004924195758868953
7352_liver_sham_Male_2-U1,sham,2,tierA_p95,Biliary/ductular,interferon_response,50.0,55.0,105.0,-0.006197047641589528,0.002059158417837789,119.0,-0.003311176411611881
7352_liver_sham_Male_2-U1,sham,2,tierA_p95,Biliary/ductular,interferon_response,55.0,60.0,87.0,-0.005281609249563524,0.00261677233655397,85.0,-0.006036352946916047
7352_liver_sham_Male_2-U1,sham,2,tierA_p95,Biliary/ductular,interferon_response,60.0,65.0,58.0,-0.0031701722975161955,0.003325969535228841,47.0,-0.0022961701169867624
7352_liver_sham_Male_2-U1,sham,2,tierA_p95,Biliary/ductular,interferon_response,65.0,70.0,37.0,-0.013763783804795428,0.003184267198809995,27.0,-0.0008822223430292474
7352_liver_sham_Male_2-U1,sham,2,tierA_p95,Biliary/ductular,interferon_response,70.0,75.0,38.0,-0.0012123683102943591,0.004372327739288396,31.0,0.0024806452021303195
7352_liver_sham_Male_2-U1,sham,2,tierA_p95,Biliary/ductular,interferon_response,75.0,80.0,18.0,-0.0067861109790909625,0.005786370602530242,7.0,-0.016045714462442056
7352_liver_sham_Male_2-U1,sham,2,tierA_p95,Biliary/ductular,interferon_response,80.0,85.0,7.0,-0.010072857407586915,0.010814292448925667,0.0,
7352_liver_sham_Male_2-U1,sham,2,tierA_p95,Biliary/ductular,interferon_response,85.0,90.0,5.0,-0.01727600023150444,0.005195166794828558,3.0,-0.003963333399345477
7352_liver_sham_Male_2-U1,sham,2,tierA_p95,Biliary/ductular,interferon_response,90.0,95.0,11.0,-0.006863636261021549,0.007693076593077621,2.0,0.002780001610517502
7352_liver_sham_Male_2-U1,sham,2,tierA_p95,Biliary/ductular,interferon_response,95.0,100.0,2.0,-0.030194999650120735,0.003022881293589645,7.0,-0.009358571310128485
7352_liver_sham_Male_2-U1,sham,2,tierA_p95,Biliary/ductular,oxidative_stress,0.0,5.0,85.0,0.03566188196624246,0.007142170148469257,285.0,0.04485985970138899
7352_liver_sham_Male_2-U1,sham,2,tierA_p95,Biliary/ductular,oxidative_stress,5.0,10.0,611.0,0.04007016361841626,0.00236914107402409,499.0,0.04508519037184002
7352_liver_sham_Male_2-U1,sham,2,tierA_p95,Biliary/ductular,oxidative_stress,10.0,15.0,599.0,0.055672520896808,0.002665019578620794,575.0,0.0583459130085944
7352_liver_sham_Male_2-U1,sham,2,tierA_p95,Biliary/ductular,oxidative_stress,15.0,20.0,528.0,0.05411443178069352,0.002742767940720808,496.0,0.04915381043385071
7352_liver_sham_Male_2-U1,sham,2,tierA_p95,Biliary/ductular,oxidative_stress,20.0,25.0,435.0,0.05794622992224263,0.0028928564038173048,398.0,0.06004037684936488
7352_liver_sham_Male_2-U1,sham,2,tierA_p95,Biliary/ductular,oxidative_stress,25.0,30.0,383.0,0.06118033944890383,0.003422451345093584,380.0,0.05914778923146705
7352_liver_sham_Male_2-U1,sham,2,tierA_p95,Biliary/ductular,oxidative_stress,30.0,35.0,325.0,0.06279347696234114,0.003365453341046989,316.0,0.05859031657599166
7352_liver_sham_Male_2-U1,sham,2,tierA_p95,Biliary/ductular,oxidative_stress,35.0,40.0,241.0,0.05953838187994443,0.004223152400064795,261.0,0.060247892887649125
7352_liver_sham_Male_2-U1,sham,2,tierA_p95,Biliary/ductular,oxidative_stress,40.0,45.0,175.0,0.058803085815826696,0.005164592075764258,214.0,0.06333785054557325
7352_liver_sham_Male_2-U1,sham,2,tierA_p95,Biliary/ductular,oxidative_stress,45.0,50.0,145.0,0.06461275857712688,0.0050873947274816134,143.0,0.06065678328171477
7352_liver_sham_Male_2-U1,sham,2,tierA_p95,Biliary/ductular,oxidative_stress,50.0,55.0,105.0,0.06784028548170767,0.006532020693822926,119.0,0.06762142866720766
7352_liver_sham_Male_2-U1,sham,2,tierA_p95,Biliary/ductular,oxidative_stress,55.0,60.0,87.0,0.06989620719941322,0.0082881071194721,85.0,0.05780505889492547
7352_liver_sham_Male_2-U1,sham,2,tierA_p95,Biliary/ductular,oxidative_stress,60.0,65.0,58.0,0.0653608618023131,0.00860010657642289,47.0,0.05582936206941513
7352_liver_sham_Male_2-U1,sham,2,tierA_p95,Biliary/ductular,oxidative_stress,65.0,70.0,37.0,0.06704891850618092,0.011756623247703999,27.0,0.06567518482053722
7352_liver_sham_Male_2-U1,sham,2,tierA_p95,Biliary/ductular,oxidative_stress,70.0,75.0,38.0,0.06046657983250426,0.011423281273345522,31.0,0.08472161346505727
7352_liver_sham_Male_2-U1,sham,2,tierA_p95,Biliary/ductular,oxidative_stress,75.0,80.0,18.0,0.06333222246677098,0.012497615997005808,7.0,0.006344285660556385
7352_liver_sham_Male_2-U1,sham,2,tierA_p95,Biliary/ductular,oxidative_stress,80.0,85.0,7.0,0.04617000040265599,0.02554502372626669,0.0,
7352_liver_sham_Male_2-U1,sham,2,tierA_p95,Biliary/ductular,oxidative_stress,85.0,90.0,5.0,0.0733879990875721,0.006700853031835619,3.0,0.09547333419322968
7352_liver_sham_Male_2-U1,sham,2,tierA_p95,Biliary/ductular,oxidative_stress,90.0,95.0,11.0,0.05904999849471179,0.019560908885170612,2.0,0.03027999959886074
7352_liver_sham_Male_2-U1,sham,2,tierA_p95,Biliary/ductular,oxidative_stress,95.0,100.0,2.0,0.035515000112354755,0.007951415878986665,7.0,0.05523571398641382
7352_liver_sham_Male_2-U1,sham,2,tierA_p95,Biliary/ductular,secondary_senescence,0.0,5.0,85.0,0.006665529570925761,0.005123364124029095,285.0,0.008681824495975059
7352_liver_sham_Male_2-U1,sham,2,tierA_p95,Biliary/ductular,secondary_senescence,5.0,10.0,611.0,0.005766251990459204,0.0017191221392362436,499.0,0.007779899826597605
7352_liver_sham_Male_2-U1,sham,2,tierA_p95,Biliary/ductular,secondary_senescence,10.0,15.0,599.0,0.005178731200139251,0.001788685732914273,575.0,0.0031681042647687717
7352_liver_sham_Male_2-U1,sham,2,tierA_p95,Biliary/ductular,secondary_senescence,15.0,20.0,528.0,0.00510717801686648,0.0018723313930082777,496.0,0.003394233890092789
7352_liver_sham_Male_2-U1,sham,2,tierA_p95,Biliary/ductular,secondary_senescence,20.0,25.0,435.0,-0.0025571033212051183,0.0020482459635504,398.0,0.0015892462475703862
7352_liver_sham_Male_2-U1,sham,2,tierA_p95,Biliary/ductular,secondary_senescence,25.0,30.0,383.0,0.002430913756382968,0.0022047054481529726,380.0,-0.0025442631434998476
7352_liver_sham_Male_2-U1,sham,2,tierA_p95,Biliary/ductular,secondary_senescence,30.0,35.0,325.0,-0.004143938567632666,0.002292339913471495,316.0,-0.001012405176511435
7352_liver_sham_Male_2-U1,sham,2,tierA_p95,Biliary/ductular,secondary_senescence,35.0,40.0,241.0,-0.001834107945657227,0.0023851845478988407,261.0,0.003100344854487522
7352_liver_sham_Male_2-U1,sham,2,tierA_p95,Biliary/ductular,secondary_senescence,40.0,45.0,175.0,-1.5942738724074192e-05,0.002994161955511077,214.0,-0.001050467285741459
7352_liver_sham_Male_2-U1,sham,2,tierA_p95,Biliary/ductular,secondary_senescence,45.0,50.0,145.0,-0.003566620659067071,0.00374599495089737,143.0,-0.0017274825378252728
7352_liver_sham_Male_2-U1,sham,2,tierA_p95,Biliary/ductular,secondary_senescence,50.0,55.0,105.0,0.0016715238336473704,0.0035776869203904206,119.0,0.004426470582036912
7352_liver_sham_Male_2-U1,sham,2,tierA_p95,Biliary/ductular,secondary_senescence,55.0,60.0,87.0,0.0003239078906862515,0.004544170335139648,85.0,-0.001385176569387755
7352_liver_sham_Male_2-U1,sham,2,tierA_p95,Biliary/ductular,secondary_senescence,60.0,65.0,58.0,0.008955689243458468,0.005866748106561198,47.0,-0.0057344680225991825
7352_liver_sham_Male_2-U1,sham,2,tierA_p95,Biliary/ductular,secondary_senescence,65.0,70.0,37.0,0.0002335137184205893,0.007659165258080597,27.0,-0.009588518442965491
7352_liver_sham_Male_2-U1,sham,2,tierA_p95,Biliary/ductular,secondary_senescence,70.0,75.0,38.0,0.006966052572304187,0.007111606781577178,31.0,-0.02106677423111133
7352_liver_sham_Male_2-U1,sham,2,tierA_p95,Biliary/ductular,secondary_senescence,75.0,80.0,18.0,0.0066672225172321005,0.009911819703449608,7.0,-0.030214285744088038
7352_liver_sham_Male_2-U1,sham,2,tierA_p95,Biliary/ductular,secondary_senescence,80.0,85.0,7.0,0.018715713439243182,0.019467352824912097,0.0,
7352_liver_sham_Male_2-U1,sham,2,tierA_p95,Biliary/ductular,secondary_senescence,85.0,90.0,5.0,0.009868000075221062,0.017379006314930445,3.0,-0.031056667833278578
7352_liver_sham_Male_2-U1,sham,2,tierA_p95,Biliary/ductular,secondary_senescence,90.0,95.0,11.0,-0.02252363667569377,0.008271556893144506,2.0,0.02952499920502305
7352_liver_sham_Male_2-U1,sham,2,tierA_p95,Biliary/ductular,secondary_senescence,95.0,100.0,2.0,0.001045001670718193,0.023104714009942823,7.0,-0.011032856535166502
7352_liver_sham_Male_2-U1,sham,2,tierA_p95,Biliary/ductular,tnfa_nfkb_proximal,0.0,5.0,85.0,0.0021007059059818,0.002785909651728519,285.0,0.0020704561476585486
7352_liver_sham_Male_2-U1,sham,2,tierA_p95,Biliary/ductular,tnfa_nfkb_proximal,5.0,10.0,611.0,0.0027771194892560677,0.0010053096687461845,499.0,0.002248937850761755
7352_liver_sham_Male_2-U1,sham,2,tierA_p95,Biliary/ductular,tnfa_nfkb_proximal,10.0,15.0,599.0,0.0028436060202573677,0.0010060644159127967,575.0,0.002940382636841842
7352_liver_sham_Male_2-U1,sham,2,tierA_p95,Biliary/ductular,tnfa_nfkb_proximal,15.0,20.0,528.0,0.002072518907315305,0.0010490959377155982,496.0,0.0034789112922284874
7352_liver_sham_Male_2-U1,sham,2,tierA_p95,Biliary/ductular,tnfa_nfkb_proximal,20.0,25.0,435.0,-0.00020855173986102722,0.0011011080148892074,398.0,-0.0006277387125814514
7352_liver_sham_Male_2-U1,sham,2,tierA_p95,Biliary/ductular,tnfa_nfkb_proximal,25.0,30.0,383.0,0.001976109670352631,0.0012688956404011075,380.0,-0.00022152635450957428
7352_liver_sham_Male_2-U1,sham,2,tierA_p95,Biliary/ductular,tnfa_nfkb_proximal,30.0,35.0,325.0,-0.0017286768678213076,0.0012126549266262545,316.0,0.0006358543920628741
7352_liver_sham_Male_2-U1,sham,2,tierA_p95,Biliary/ductular,tnfa_nfkb_proximal,35.0,40.0,241.0,-0.0002639004778908179,0.0014643523513975896,261.0,-0.003253448234582891
7352_liver_sham_Male_2-U1,sham,2,tierA_p95,Biliary/ductular,tnfa_nfkb_proximal,40.0,45.0,175.0,-0.0008957713932198074,0.001835192035025602,214.0,0.0017170093821826235
7352_liver_sham_Male_2-U1,sham,2,tierA_p95,Biliary/ductular,tnfa_nfkb_proximal,45.0,50.0,145.0,-0.001458206931068883,0.0019383146899933153,143.0,0.0004634266564340845
7352_liver_sham_Male_2-U1,sham,2,tierA_p95,Biliary/ductular,tnfa_nfkb_proximal,50.0,55.0,105.0,-0.0022015238471794875,0.002611370148114792,119.0,0.002856974809456464
7352_liver_sham_Male_2-U1,sham,2,tierA_p95,Biliary/ductular,tnfa_nfkb_proximal,55.0,60.0,87.0,-0.000795976949277623,0.0026119056001106143,85.0,0.0009156471013899563
7352_liver_sham_Male_2-U1,sham,2,tierA_p95,Biliary/ductular,tnfa_nfkb_proximal,60.0,65.0,58.0,-0.0005320689253557216,0.0031427950807782793,47.0,-0.004462978862686717
7352_liver_sham_Male_2-U1,sham,2,tierA_p95,Biliary/ductular,tnfa_nfkb_proximal,65.0,70.0,37.0,-0.0011256756795872305,0.0038020072910526295,27.0,-0.0005851852539409366
7352_liver_sham_Male_2-U1,sham,2,tierA_p95,Biliary/ductular,tnfa_nfkb_proximal,70.0,75.0,38.0,0.0014936842398080778,0.003818170092198012,31.0,-0.012410967674617085
7352_liver_sham_Male_2-U1,sham,2,tierA_p95,Biliary/ductular,tnfa_nfkb_proximal,75.0,80.0,18.0,0.015042777949323257,0.005651432090377586,7.0,-0.005680000043607184
7352_liver_sham_Male_2-U1,sham,2,tierA_p95,Biliary/ductular,tnfa_nfkb_proximal,80.0,85.0,7.0,0.010739999835745298,0.008960208394846706,0.0,
7352_liver_sham_Male_2-U1,sham,2,tierA_p95,Biliary/ductular,tnfa_nfkb_proximal,85.0,90.0,5.0,-0.002611999772489071,0.009228177399940656,3.0,-0.023309999766449135
7352_liver_sham_Male_2-U1,sham,2,tierA_p95,Biliary/ductular,tnfa_nfkb_proximal,90.0,95.0,11.0,-0.014578182181470434,0.0037699063457685414,2.0,0.00440500007243827
7352_liver_sham_Male_2-U1,sham,2,tierA_p95,Biliary/ductular,tnfa_nfkb_proximal,95.0,100.0,2.0,0.006259999820031226,0.0021071780363718963,7.0,-0.010324285631733281
7352_liver_sham_Male_2-U1,sham,2,tierA_p95,Endothelial,downstream_arrest,0.0,5.0,14.0,-0.005900714344794064,0.003485936489584347,818.0,-0.00015871636669477675
7352_liver_sham_Male_2-U1,sham,2,tierA_p95,Endothelial,downstream_arrest,5.0,10.0,531.0,0.0004234274562176189,0.0008369547852793829,492.0,-0.0003678048650009607
7352_liver_sham_Male_2-U1,sham,2,tierA_p95,Endothelial,downstream_arrest,10.0,15.0,1314.0,0.0021501598022737743,0.0005158149534470794,1271.0,0.0006273249203866477
7352_liver_sham_Male_2-U1,sham,2,tierA_p95,Endothelial,downstream_arrest,15.0,20.0,1347.0,0.0008451670529666107,0.0005026672102630854,1251.0,0.001877442024292988
7352_liver_sham_Male_2-U1,sham,2,tierA_p95,Endothelial,downstream_arrest,20.0,25.0,1438.0,0.0009349443633163775,0.0004788609447298295,1436.0,0.0013776253414578702
7352_liver_sham_Male_2-U1,sham,2,tierA_p95,Endothelial,downstream_arrest,25.0,30.0,1717.0,0.00029171228335850497,0.00045330546775231847,1601.0,0.0013838226153686849
7352_liver_sham_Male_2-U1,sham,2,tierA_p95,Endothelial,downstream_arrest,30.0,35.0,1617.0,0.0008623562237876446,0.00045598652878718626,1512.0,0.0012205092478532163
7352_liver_sham_Male_2-U1,sham,2,tierA_p95,Endothelial,downstream_arrest,35.0,40.0,1361.0,0.001104166079810279,0.0005205516611057935,1416.0,0.0015917302310474125
7352_liver_sham_Male_2-U1,sham,2,tierA_p95,Endothelial,downstream_arrest,40.0,45.0,1253.0,0.0006174461415267417,0.0005218475377361013,1242.0,0.000726054760051652
7352_liver_sham_Male_2-U1,sham,2,tierA_p95,Endothelial,downstream_arrest,45.0,50.0,1104.0,0.0012647826086230043,0.000558751682294678,1060.0,0.000938556596348754
7352_liver_sham_Male_2-U1,sham,2,tierA_p95,Endothelial,downstream_arrest,50.0,55.0,916.0,0.0015346834112382145,0.0006223025321029119,885.0,0.001450745757316676
7352_liver_sham_Male_2-U1,sham,2,tierA_p95,Endothelial,downstream_arrest,55.0,60.0,726.0,0.002781845717614117,0.0007021075074711061,667.0,0.0020170914639298285
7352_liver_sham_Male_2-U1,sham,2,tierA_p95,Endothelial,downstream_arrest,60.0,65.0,564.0,0.002705124092147905,0.0007483759528594311,511.0,0.00020311157114998805
7352_liver_sham_Male_2-U1,sham,2,tierA_p95,Endothelial,downstream_arrest,65.0,70.0,401.0,-0.00021316707619250185,0.0008564318991513419,372.0,8.747314155522374e-05
7352_liver_sham_Male_2-U1,sham,2,tierA_p95,Endothelial,downstream_arrest,70.0,75.0,300.0,0.0011081666446989401,0.0010676763371261448,231.0,-0.00015852812699544206
7352_liver_sham_Male_2-U1,sham,2,tierA_p95,Endothelial,downstream_arrest,75.0,80.0,215.0,0.0004122325156268469,0.0012689587417126001,160.0,0.0013993750391364302
7352_liver_sham_Male_2-U1,sham,2,tierA_p95,Endothelial,downstream_arrest,80.0,85.0,153.0,-0.0013231373259318716,0.0014636066329464087,94.0,0.0005095744809102356
7352_liver_sham_Male_2-U1,sham,2,tierA_p95,Endothelial,downstream_arrest,85.0,90.0,94.0,-0.0008696808607907015,0.0020150645099460073,69.0,-0.0016633333004353083
7352_liver_sham_Male_2-U1,sham,2,tierA_p95,Endothelial,downstream_arrest,90.0,95.0,54.0,0.0013670371244424368,0.002064866162676917,35.0,-0.0009097142652275839
7352_liver_sham_Male_2-U1,sham,2,tierA_p95,Endothelial,downstream_arrest,95.0,100.0,52.0,-0.0006550000633489197,0.002586909781529675,48.0,0.003783333232301326
7352_liver_sham_Male_2-U1,sham,2,tierA_p95,Endothelial,emt_ecm,0.0,5.0,14.0,0.010261428499818846,0.00636082452141623,818.0,0.015899731058311495
7352_liver_sham_Male_2-U1,sham,2,tierA_p95,Endothelial,emt_ecm,5.0,10.0,531.0,0.01680819205864544,0.001272139733577423,492.0,0.017228556876588988
7352_liver_sham_Male_2-U1,sham,2,tierA_p95,Endothelial,emt_ecm,10.0,15.0,1314.0,0.012681803676296363,0.0007232648973124023,1271.0,0.014548347738375936
7352_liver_sham_Male_2-U1,sham,2,tierA_p95,Endothelial,emt_ecm,15.0,20.0,1347.0,0.014514573076079723,0.0007214602789096011,1251.0,0.013388800964837124
7352_liver_sham_Male_2-U1,sham,2,tierA_p95,Endothelial,emt_ecm,20.0,25.0,1438.0,0.014809916583005825,0.0007203846831383303,1436.0,0.012790215866871197
7352_liver_sham_Male_2-U1,sham,2,tierA_p95,Endothelial,emt_ecm,25.0,30.0,1717.0,0.013675905654605495,0.0006473985091983488,1601.0,0.014701255469213205
7352_liver_sham_Male_2-U1,sham,2,tierA_p95,Endothelial,emt_ecm,30.0,35.0,1617.0,0.013793964145850568,0.0006721695999320937,1512.0,0.014018359823944714
7352_liver_sham_Male_2-U1,sham,2,tierA_p95,Endothelial,emt_ecm,35.0,40.0,1361.0,0.014053475388757305,0.000721329382645294,1416.0,0.013151214657772352
7352_liver_sham_Male_2-U1,sham,2,tierA_p95,Endothelial,emt_ecm,40.0,45.0,1253.0,0.014741955276601706,0.0007426064526394467,1242.0,0.01464033817610002
7352_liver_sham_Male_2-U1,sham,2,tierA_p95,Endothelial,emt_ecm,45.0,50.0,1104.0,0.01369234604147135,0.0007859504332929606,1060.0,0.013619698122073594
7352_liver_sham_Male_2-U1,sham,2,tierA_p95,Endothelial,emt_ecm,50.0,55.0,916.0,0.013111408264984671,0.000867915558569992,885.0,0.013848146909875314
7352_liver_sham_Male_2-U1,sham,2,tierA_p95,Endothelial,emt_ecm,55.0,60.0,726.0,0.013984517935030192,0.000992438971919283,667.0,0.012860794578745404
7352_liver_sham_Male_2-U1,sham,2,tierA_p95,Endothelial,emt_ecm,60.0,65.0,564.0,0.013881223427065928,0.0010673482351671942,511.0,0.014680508814455994
7352_liver_sham_Male_2-U1,sham,2,tierA_p95,Endothelial,emt_ecm,65.0,70.0,401.0,0.014707082231352546,0.0013041709698150927,372.0,0.013217284914986444
7352_liver_sham_Male_2-U1,sham,2,tierA_p95,Endothelial,emt_ecm,70.0,75.0,300.0,0.012819833284253642,0.0014678505534510523,231.0,0.015258917678437333
7352_liver_sham_Male_2-U1,sham,2,tierA_p95,Endothelial,emt_ecm,75.0,80.0,215.0,0.0148265116010978,0.0016688485203556595,160.0,0.01117906249380667
7352_liver_sham_Male_2-U1,sham,2,tierA_p95,Endothelial,emt_ecm,80.0,85.0,153.0,0.014242745033555491,0.0019210490777767503,94.0,0.014213191497819548
7352_liver_sham_Male_2-U1,sham,2,tierA_p95,Endothelial,emt_ecm,85.0,90.0,94.0,0.014468404260696843,0.003272485986142419,69.0,0.012927826033167852
7352_liver_sham_Male_2-U1,sham,2,tierA_p95,Endothelial,emt_ecm,90.0,95.0,54.0,0.011691296299600421,0.002807840417207583,35.0,0.013467428684712754
7352_liver_sham_Male_2-U1,sham,2,tierA_p95,Endothelial,emt_ecm,95.0,100.0,52.0,0.01670653832703605,0.0032519545022993597,48.0,0.014883541499936351
7352_liver_sham_Male_2-U1,sham,2,tierA_p95,Endothelial,il6_jak_stat3,0.0,5.0,14.0,0.02424142829009465,0.011962380271919619,818.0,0.03891999990282828
7352_liver_sham_Male_2-U1,sham,2,tierA_p95,Endothelial,il6_jak_stat3,5.0,10.0,531.0,0.03874951036271627,0.002088367676249566,492.0,0.037187398247476626
7352_liver_sham_Male_2-U1,sham,2,tierA_p95,Endothelial,il6_jak_stat3,10.0,15.0,1314.0,0.036151111002052656,0.001291984347303541,1271.0,0.03612958301274811
7352_liver_sham_Male_2-U1,sham,2,tierA_p95,Endothelial,il6_jak_stat3,15.0,20.0,1347.0,0.03509657014131996,0.001243531397158611,1251.0,0.03452580334929163
7352_liver_sham_Male_2-U1,sham,2,tierA_p95,Endothelial,il6_jak_stat3,20.0,25.0,1438.0,0.03685823366582005,0.0012086480415941989,1436.0,0.035944254920288285
7352_liver_sham_Male_2-U1,sham,2,tierA_p95,Endothelial,il6_jak_stat3,25.0,30.0,1717.0,0.037597268473756024,0.0011462658846089762,1601.0,0.03543078700279078
7352_liver_sham_Male_2-U1,sham,2,tierA_p95,Endothelial,il6_jak_stat3,30.0,35.0,1617.0,0.03552111935092099,0.0011632712370830565,1512.0,0.03506921298804584
7352_liver_sham_Male_2-U1,sham,2,tierA_p95,Endothelial,il6_jak_stat3,35.0,40.0,1361.0,0.03451917704679157,0.0012378803576442157,1416.0,0.0359683262237979
7352_liver_sham_Male_2-U1,sham,2,tierA_p95,Endothelial,il6_jak_stat3,40.0,45.0,1253.0,0.037089265741340326,0.001327033753412185,1242.0,0.036642890437689854
7352_liver_sham_Male_2-U1,sham,2,tierA_p95,Endothelial,il6_jak_stat3,45.0,50.0,1104.0,0.034027826128690125,0.0013676822692369806,1060.0,0.03595278296249815
7352_liver_sham_Male_2-U1,sham,2,tierA_p95,Endothelial,il6_jak_stat3,50.0,55.0,916.0,0.03575286026863191,0.0015492909700839503,885.0,0.03651950281930349
7352_liver_sham_Male_2-U1,sham,2,tierA_p95,Endothelial,il6_jak_stat3,55.0,60.0,726.0,0.03502245176717102,0.001792405172173394,667.0,0.034687571199592065
7352_liver_sham_Male_2-U1,sham,2,tierA_p95,Endothelial,il6_jak_stat3,60.0,65.0,564.0,0.035586914824526625,0.001985516923297481,511.0,0.03582125234403891
7352_liver_sham_Male_2-U1,sham,2,tierA_p95,Endothelial,il6_jak_stat3,65.0,70.0,401.0,0.03380331660830909,0.0024115948969317316,372.0,0.035206989283265544
7352_liver_sham_Male_2-U1,sham,2,tierA_p95,Endothelial,il6_jak_stat3,70.0,75.0,300.0,0.03357836665127252,0.0026054210966364594,231.0,0.039174978292972513
7352_liver_sham_Male_2-U1,sham,2,tierA_p95,Endothelial,il6_jak_stat3,75.0,80.0,215.0,0.04374279062518157,0.0035082244029813418,160.0,0.030375437440125098
7352_liver_sham_Male_2-U1,sham,2,tierA_p95,Endothelial,il6_jak_stat3,80.0,85.0,153.0,0.034344182885594335,0.0037071958837703793,94.0,0.042610425410415737
7352_liver_sham_Male_2-U1,sham,2,tierA_p95,Endothelial,il6_jak_stat3,85.0,90.0,94.0,0.0330175531079418,0.00472361372605404,69.0,0.03592028952055219
7352_liver_sham_Male_2-U1,sham,2,tierA_p95,Endothelial,il6_jak_stat3,90.0,95.0,54.0,0.03731055557188854,0.005479797616383118,35.0,0.03974942869639823
7352_liver_sham_Male_2-U1,sham,2,tierA_p95,Endothelial,il6_jak_stat3,95.0,100.0,52.0,0.041752307251534566,0.006968437521719204,48.0,0.0359839580754245
7352_liver_sham_Male_2-U1,sham,2,tierA_p95,Endothelial,interferon_response,0.0,5.0,14.0,0.04012357130912798,0.010877724083596555,818.0,0.03450566013173919
7352_liver_sham_Male_2-U1,sham,2,tierA_p95,Endothelial,interferon_response,5.0,10.0,531.0,0.03196146892942861,0.001548517865093431,492.0,0.035055101605882176
7352_liver_sham_Male_2-U1,sham,2,tierA_p95,Endothelial,interferon_response,10.0,15.0,1314.0,0.03173541862342197,0.0010283936193402853,1271.0,0.03134768685314542
7352_liver_sham_Male_2-U1,sham,2,tierA_p95,Endothelial,interferon_response,15.0,20.0,1347.0,0.032360304384486505,0.0009650498296404178,1251.0,0.031887649860649084
7352_liver_sham_Male_2-U1,sham,2,tierA_p95,Endothelial,interferon_response,20.0,25.0,1438.0,0.03153383864771206,0.0009402418166261787,1436.0,0.03043501399614516
7352_liver_sham_Male_2-U1,sham,2,tierA_p95,Endothelial,interferon_response,25.0,30.0,1717.0,0.032949621397090484,0.0008890506480478603,1601.0,0.03232094317439025
7352_liver_sham_Male_2-U1,sham,2,tierA_p95,Endothelial,interferon_response,30.0,35.0,1617.0,0.03315016083087176,0.0009303670948801468,1512.0,0.03136471565331612
7352_liver_sham_Male_2-U1,sham,2,tierA_p95,Endothelial,interferon_response,35.0,40.0,1361.0,0.03187995594491599,0.0009775586526145645,1416.0,0.031932238655081886
7352_liver_sham_Male_2-U1,sham,2,tierA_p95,Endothelial,interferon_response,40.0,45.0,1253.0,0.03306768558236918,0.001059458688890408,1242.0,0.0322220773342684
7352_liver_sham_Male_2-U1,sham,2,tierA_p95,Endothelial,interferon_response,45.0,50.0,1104.0,0.03279920289025171,0.001004111559782897,1060.0,0.03435338675574386
7352_liver_sham_Male_2-U1,sham,2,tierA_p95,Endothelial,interferon_response,50.0,55.0,916.0,0.030943875557135486,0.0011470168287420362,885.0,0.03259193223075169
7352_liver_sham_Male_2-U1,sham,2,tierA_p95,Endothelial,interferon_response,55.0,60.0,726.0,0.03365477954072705,0.0013447742047193823,667.0,0.03092211389505654
7352_liver_sham_Male_2-U1,sham,2,tierA_p95,Endothelial,interferon_response,60.0,65.0,564.0,0.03252459217833509,0.0016227212286918306,511.0,0.033824187920783864
7352_liver_sham_Male_2-U1,sham,2,tierA_p95,Endothelial,interferon_response,65.0,70.0,401.0,0.02898770574474634,0.0018058077155040503,372.0,0.03084448930480072
7352_liver_sham_Male_2-U1,sham,2,tierA_p95,Endothelial,interferon_response,70.0,75.0,300.0,0.03029113325578995,0.002230369740416835,231.0,0.034191688257801243
7352_liver_sham_Male_2-U1,sham,2,tierA_p95,Endothelial,interferon_response,75.0,80.0,215.0,0.03370237207670661,0.002608708039454603,160.0,0.03418500000352651
7352_liver_sham_Male_2-U1,sham,2,tierA_p95,Endothelial,interferon_response,80.0,85.0,153.0,0.032077189822612005,0.002519041466095396,94.0,0.03461202136067515
7352_liver_sham_Male_2-U1,sham,2,tierA_p95,Endothelial,interferon_response,85.0,90.0,94.0,0.03271095755514986,0.0038518721664250475,69.0,0.03247333327348367
7352_liver_sham_Male_2-U1,sham,2,tierA_p95,Endothelial,interferon_response,90.0,95.0,54.0,0.03672259281113468,0.005087154172103575,35.0,0.04193028572980048
7352_liver_sham_Male_2-U1,sham,2,tierA_p95,Endothelial,interferon_response,95.0,100.0,52.0,0.029758654051245406,0.00414117222795352,48.0,0.035076041819896396
7352_liver_sham_Male_2-U1,sham,2,tierA_p95,Endothelial,oxidative_stress,0.0,5.0,14.0,0.05307857091871223,0.015990169015102695,818.0,0.04732525675380511
7352_liver_sham_Male_2-U1,sham,2,tierA_p95,Endothelial,oxidative_stress,5.0,10.0,531.0,0.05173167615008396,0.002882891072657352,492.0,0.05220567086088544
7352_liver_sham_Male_2-U1,sham,2,tierA_p95,Endothelial,oxidative_stress,10.0,15.0,1314.0,0.05683781577877676,0.0018076284726232935,1271.0,0.055276388617229326
7352_liver_sham_Male_2-U1,sham,2,tierA_p95,Endothelial,oxidative_stress,15.0,20.0,1347.0,0.05565318493405984,0.0017806959141755448,1251.0,0.05949639489074388
7352_liver_sham_Male_2-U1,sham,2,tierA_p95,Endothelial,oxidative_stress,20.0,25.0,1438.0,0.0575119958904732,0.0017318299214562872,1436.0,0.05982069647380489
7352_liver_sham_Male_2-U1,sham,2,tierA_p95,Endothelial,oxidative_stress,25.0,30.0,1717.0,0.05868871287157401,0.001576636843604862,1601.0,0.057170974454070614
7352_liver_sham_Male_2-U1,sham,2,tierA_p95,Endothelial,oxidative_stress,30.0,35.0,1617.0,0.05587567103796994,0.0015821699500114343,1512.0,0.05816967588456195
7352_liver_sham_Male_2-U1,sham,2,tierA_p95,Endothelial,oxidative_stress,35.0,40.0,1361.0,0.05813775164513346,0.0017628954324833363,1416.0,0.05880781073855139
7352_liver_sham_Male_2-U1,sham,2,tierA_p95,Endothelial,oxidative_stress,40.0,45.0,1253.0,0.05819114923692037,0.0018443378457314364,1242.0,0.06140078911665703
7352_liver_sham_Male_2-U1,sham,2,tierA_p95,Endothelial,oxidative_stress,45.0,50.0,1104.0,0.05811558881162231,0.00198984995241036,1060.0,0.05584109420300558
7352_liver_sham_Male_2-U1,sham,2,tierA_p95,Endothelial,oxidative_stress,50.0,55.0,916.0,0.06128384274427936,0.0021830668909093823,885.0,0.06252953668029113
7352_liver_sham_Male_2-U1,sham,2,tierA_p95,Endothelial,oxidative_stress,55.0,60.0,726.0,0.05804427003767919,0.0022922657424758065,667.0,0.05966788618144469
7352_liver_sham_Male_2-U1,sham,2,tierA_p95,Endothelial,oxidative_stress,60.0,65.0,564.0,0.058991737534429926,0.002710301912553982,511.0,0.05597898241084884
7352_liver_sham_Male_2-U1,sham,2,tierA_p95,Endothelial,oxidative_stress,65.0,70.0,401.0,0.06310351619353165,0.003048229087041392,372.0,0.06299279559869475
7352_liver_sham_Male_2-U1,sham,2,tierA_p95,Endothelial,oxidative_stress,70.0,75.0,300.0,0.06105563325594024,0.0038373142702830903,231.0,0.0593267964714235
7352_liver_sham_Male_2-U1,sham,2,tierA_p95,Endothelial,oxidative_stress,75.0,80.0,215.0,0.06393465089119652,0.004352967396029303,160.0,0.058094875000824685
7352_liver_sham_Male_2-U1,sham,2,tierA_p95,Endothelial,oxidative_stress,80.0,85.0,153.0,0.0664335948649453,0.005225284525335734,94.0,0.05916787183873276
7352_liver_sham_Male_2-U1,sham,2,tierA_p95,Endothelial,oxidative_stress,85.0,90.0,94.0,0.05389808508830066,0.00619762683365066,69.0,0.059109710423491786
7352_liver_sham_Male_2-U1,sham,2,tierA_p95,Endothelial,oxidative_stress,90.0,95.0,54.0,0.06370296252511994,0.00920159562594309,35.0,0.06439428537684892
7352_liver_sham_Male_2-U1,sham,2,tierA_p95,Endothelial,oxidative_stress,95.0,100.0,52.0,0.05301557658374524,0.009009434233973565,48.0,0.06172479165737362
7352_liver_sham_Male_2-U1,sham,2,tierA_p95,Endothelial,secondary_senescence,0.0,5.0,14.0,-0.022914285339148983,0.010345274725660677,818.0,-0.010179315414076897
7352_liver_sham_Male_2-U1,sham,2,tierA_p95,Endothelial,secondary_senescence,5.0,10.0,531.0,-0.011811676048395805,0.0018259201905387401,492.0,-0.009439288550414695
7352_liver_sham_Male_2-U1,sham,2,tierA_p95,Endothelial,secondary_senescence,10.0,15.0,1314.0,-0.010586971036272172,0.0011297686925288916,1271.0,-0.011503965362935789
7352_liver_sham_Male_2-U1,sham,2,tierA_p95,Endothelial,secondary_senescence,15.0,20.0,1347.0,-0.012009710458729514,0.001082987071991898,1251.0,-0.011968848871508586
7352_liver_sham_Male_2-U1,sham,2,tierA_p95,Endothelial,secondary_senescence,20.0,25.0,1438.0,-0.012617941589281971,0.0010163076410407191,1436.0,-0.0124281336910393
7352_liver_sham_Male_2-U1,sham,2,tierA_p95,Endothelial,secondary_senescence,25.0,30.0,1717.0,-0.011316988909489243,0.0009553180930370743,1601.0,-0.012111380319208031
7352_liver_sham_Male_2-U1,sham,2,tierA_p95,Endothelial,secondary_senescence,30.0,35.0,1617.0,-0.01132957325700832,0.0009879980696665593,1512.0,-0.011691038361871905
7352_liver_sham_Male_2-U1,sham,2,tierA_p95,Endothelial,secondary_senescence,35.0,40.0,1361.0,-0.011896414389584211,0.0010528207068049406,1416.0,-0.013042252801770408
7352_liver_sham_Male_2-U1,sham,2,tierA_p95,Endothelial,secondary_senescence,40.0,45.0,1253.0,-0.012822553831430324,0.0010999577919511146,1242.0,-0.011931932341653647
7352_liver_sham_Male_2-U1,sham,2,tierA_p95,Endothelial,secondary_senescence,45.0,50.0,1104.0,-0.011780606874079214,0.0012266482968926484,1060.0,-0.010973009413269124
7352_liver_sham_Male_2-U1,sham,2,tierA_p95,Endothelial,secondary_senescence,50.0,55.0,916.0,-0.013486266359674778,0.0012997737612246436,885.0,-0.011784135568479213
7352_liver_sham_Male_2-U1,sham,2,tierA_p95,Endothelial,secondary_senescence,55.0,60.0,726.0,-0.012873416036954223,0.001481780272325808,667.0,-0.0142408695432221
7352_liver_sham_Male_2-U1,sham,2,tierA_p95,Endothelial,secondary_senescence,60.0,65.0,564.0,-0.010236116993515124,0.0016300265490098468,511.0,-0.012452211427550916
7352_liver_sham_Male_2-U1,sham,2,tierA_p95,Endothelial,secondary_senescence,65.0,70.0,401.0,-0.016188154587631887,0.0019234934190205516,372.0,-0.01520026890347087
7352_liver_sham_Male_2-U1,sham,2,tierA_p95,Endothelial,secondary_senescence,70.0,75.0,300.0,-0.010512666626176118,0.0024661810216065516,231.0,-0.012183073698064248
7352_liver_sham_Male_2-U1,sham,2,tierA_p95,Endothelial,secondary_senescence,75.0,80.0,215.0,-0.009613534923085164,0.00281897066481234,160.0,-0.009661749970109667
7352_liver_sham_Male_2-U1,sham,2,tierA_p95,Endothelial,secondary_senescence,80.0,85.0,153.0,-0.01265215682838507,0.0029489762144889803,94.0,-0.007002553133250021
7352_liver_sham_Male_2-U1,sham,2,tierA_p95,Endothelial,secondary_senescence,85.0,90.0,94.0,-0.009941170067635384,0.004445944748650387,69.0,-0.011692608690624922
7352_liver_sham_Male_2-U1,sham,2,tierA_p95,Endothelial,secondary_senescence,90.0,95.0,54.0,-0.007948518526973203,0.005782064372715056,35.0,0.0033071426175800816
7352_liver_sham_Male_2-U1,sham,2,tierA_p95,Endothelial,secondary_senescence,95.0,100.0,52.0,-0.006082884747369322,0.005428511159364142,48.0,-0.012257708359053746
7352_liver_sham_Male_2-U1,sham,2,tierA_p95,Endothelial,tnfa_nfkb_proximal,0.0,5.0,14.0,0.020687857214527736,0.009887257090153487,818.0,0.016280488942205684
7352_liver_sham_Male_2-U1,sham,2,tierA_p95,Endothelial,tnfa_nfkb_proximal,5.0,10.0,531.0,0.014021676088585856,0.001225876259695294,492.0,0.014219024390786957
7352_liver_sham_Male_2-U1,sham,2,tierA_p95,Endothelial,tnfa_nfkb_proximal,10.0,15.0,1314.0,0.012746560117593507,0.00071666499644173,1271.0,0.01470926042553397
7352_liver_sham_Male_2-U1,sham,2,tierA_p95,Endothelial,tnfa_nfkb_proximal,15.0,20.0,1347.0,0.014002264281915021,0.0007383446880041878,1251.0,0.012812693844411796
7352_liver_sham_Male_2-U1,sham,2,tierA_p95,Endothelial,tnfa_nfkb_proximal,20.0,25.0,1438.0,0.013746835851814009,0.0007154219869450462,1436.0,0.012626622580092749
7352_liver_sham_Male_2-U1,sham,2,tierA_p95,Endothelial,tnfa_nfkb_proximal,25.0,30.0,1717.0,0.014040914386228523,0.0006807932339684034,1601.0,0.013286814496055675
7352_liver_sham_Male_2-U1,sham,2,tierA_p95,Endothelial,tnfa_nfkb_proximal,30.0,35.0,1617.0,0.013981607912980643,0.0006823056368229029,1512.0,0.013068439146175637
7352_liver_sham_Male_2-U1,sham,2,tierA_p95,Endothelial,tnfa_nfkb_proximal,35.0,40.0,1361.0,0.013816436449233178,0.0007281818520835964,1416.0,0.012682895450525701
7352_liver_sham_Male_2-U1,sham,2,tierA_p95,Endothelial,tnfa_nfkb_proximal,40.0,45.0,1253.0,0.013680055858117792,0.0007957052434757404,1242.0,0.013615966179573126
7352_liver_sham_Male_2-U1,sham,2,tierA_p95,Endothelial,tnfa_nfkb_proximal,45.0,50.0,1104.0,0.013521838767348816,0.0008142697208449503,1060.0,0.014195764115799458
7352_liver_sham_Male_2-U1,sham,2,tierA_p95,Endothelial,tnfa_nfkb_proximal,50.0,55.0,916.0,0.012615775103648953,0.0008663014741141042,885.0,0.013589367241756353
7352_liver_sham_Male_2-U1,sham,2,tierA_p95,Endothelial,tnfa_nfkb_proximal,55.0,60.0,726.0,0.01398625344078258,0.0010362289790908944,667.0,0.011936596665225131
7352_liver_sham_Male_2-U1,sham,2,tierA_p95,Endothelial,tnfa_nfkb_proximal,60.0,65.0,564.0,0.011355088607741252,0.0011220250813748945,511.0,0.014111506865475631
7352_liver_sham_Male_2-U1,sham,2,tierA_p95,Endothelial,tnfa_nfkb_proximal,65.0,70.0,401.0,0.011178553578771297,0.0013187503328943072,372.0,0.013207311844203642
7352_liver_sham_Male_2-U1,sham,2,tierA_p95,Endothelial,tnfa_nfkb_proximal,70.0,75.0,300.0,0.011770266634703147,0.0016611016276602704,231.0,0.01432316016027345
7352_liver_sham_Male_2-U1,sham,2,tierA_p95,Endothelial,tnfa_nfkb_proximal,75.0,80.0,215.0,0.013618697641927717,0.0019615653259965017,160.0,0.0117655623664632
7352_liver_sham_Male_2-U1,sham,2,tierA_p95,Endothelial,tnfa_nfkb_proximal,80.0,85.0,153.0,0.012922287584408765,0.001933754085896748,94.0,0.013182234033902592
7352_liver_sham_Male_2-U1,sham,2,tierA_p95,Endothelial,tnfa_nfkb_proximal,85.0,90.0,94.0,0.017398510562959425,0.002885522325871551,69.0,0.010585072333924472
7352_liver_sham_Male_2-U1,sham,2,tierA_p95,Endothelial,tnfa_nfkb_proximal,90.0,95.0,54.0,0.011494629459910491,0.003527965605163755,35.0,0.01172457130908567
7352_liver_sham_Male_2-U1,sham,2,tierA_p95,Endothelial,tnfa_nfkb_proximal,95.0,100.0,52.0,0.013433077079333508,0.0032456298313703444,48.0,0.01852270852396032
7352_liver_sham_Male_2-U1,sham,2,tierA_p95,Hepatocytes,downstream_arrest,0.0,5.0,9.0,-0.0011544444067921075,0.005593306644013959,3720.0,0.002974540319945679
7352_liver_sham_Male_2-U1,sham,2,tierA_p95,Hepatocytes,downstream_arrest,5.0,10.0,1848.0,0.0034529545370208903,0.0003595020767764392,1649.0,0.00301133413489131
7352_liver_sham_Male_2-U1,sham,2,tierA_p95,Hepatocytes,downstream_arrest,10.0,15.0,6029.0,0.003762569253724195,0.00017799652323069915,5665.0,0.004002601944881825
7352_liver_sham_Male_2-U1,sham,2,tierA_p95,Hepatocytes,downstream_arrest,15.0,20.0,7062.0,0.003877019257768071,0.00016019788507003736,6917.0,0.0038217030528501987
7352_liver_sham_Male_2-U1,sham,2,tierA_p95,Hepatocytes,downstream_arrest,20.0,25.0,7419.0,0.0038951866858088044,0.00015958852048459225,6991.0,0.003664800463111797
7352_liver_sham_Male_2-U1,sham,2,tierA_p95,Hepatocytes,downstream_arrest,25.0,30.0,7524.0,0.003957089307510596,0.00015713241670134846,7160.0,0.004070976252656265
7352_liver_sham_Male_2-U1,sham,2,tierA_p95,Hepatocytes,downstream_arrest,30.0,35.0,7331.0,0.003997974360193194,0.00016100689289442926,7081.0,0.003948949293868206
7352_liver_sham_Male_2-U1,sham,2,tierA_p95,Hepatocytes,downstream_arrest,35.0,40.0,6819.0,0.0038339081908594494,0.00016515459035677045,6627.0,0.004153254867071886
7352_liver_sham_Male_2-U1,sham,2,tierA_p95,Hepatocytes,downstream_arrest,40.0,45.0,5891.0,0.00376756917567652,0.00017687272889487266,5796.0,0.0038071049013349823
7352_liver_sham_Male_2-U1,sham,2,tierA_p95,Hepatocytes,downstream_arrest,45.0,50.0,4877.0,0.004061722374193135,0.00019202133842388314,4815.0,0.004171065416495826
7352_liver_sham_Male_2-U1,sham,2,tierA_p95,Hepatocytes,downstream_arrest,50.0,55.0,4082.0,0.004104561488965552,0.00021159878112848846,4009.0,0.004451142424997999
7352_liver_sham_Male_2-U1,sham,2,tierA_p95,Hepatocytes,downstream_arrest,55.0,60.0,3203.0,0.004170939744734521,0.00023917378295703948,3012.0,0.003701417666266997
7352_liver_sham_Male_2-U1,sham,2,tierA_p95,Hepatocytes,downstream_arrest,60.0,65.0,2416.0,0.0036710761593702116,0.0002687284539811883,2348.0,0.0038336925127147882
7352_liver_sham_Male_2-U1,sham,2,tierA_p95,Hepatocytes,downstream_arrest,65.0,70.0,1953.0,0.003700788521310962,0.0002973824866838433,1631.0,0.004012409553160922
7352_liver_sham_Male_2-U1,sham,2,tierA_p95,Hepatocytes,downstream_arrest,70.0,75.0,1330.0,0.0036623458748707843,0.0003632904239033827,1107.0,0.003949611561636362
7352_liver_sham_Male_2-U1,sham,2,tierA_p95,Hepatocytes,downstream_arrest,75.0,80.0,1015.0,0.0028983546774729737,0.0004131886575013326,755.0,0.0034324238355412603
7352_liver_sham_Male_2-U1,sham,2,tierA_p95,Hepatocytes,downstream_arrest,80.0,85.0,632.0,0.0036868512384622774,0.0005294298087903499,448.0,0.0038416071381724187
7352_liver_sham_Male_2-U1,sham,2,tierA_p95,Hepatocytes,downstream_arrest,85.0,90.0,480.0,0.0036522499726061143,0.0006136281010133088,282.0,0.0022583688189618616
7352_liver_sham_Male_2-U1,sham,2,tierA_p95,Hepatocytes,downstream_arrest,90.0,95.0,292.0,0.004705273945210263,0.0007307906595539196,157.0,0.0020392993668978143
7352_liver_sham_Male_2-U1,sham,2,tierA_p95,Hepatocytes,downstream_arrest,95.0,100.0,195.0,0.004139128170470194,0.0009776656296435202,237.0,0.004746877637743741
7352_liver_sham_Male_2-U1,sham,2,tierA_p95,Hepatocytes,emt_ecm,0.0,5.0,9.0,0.002445555405251475,0.00813395346402144,3720.0,0.0015046021526975363
7352_liver_sham_Male_2-U1,sham,2,tierA_p95,Hepatocytes,emt_ecm,5.0,10.0,1848.0,0.0018754166579274328,0.0004048611642007964,1649.0,0.001525942999275948
7352_liver_sham_Male_2-U1,sham,2,tierA_p95,Hepatocytes,emt_ecm,10.0,15.0,6029.0,0.0012537103999216395,0.00020041413981601323,5665.0,0.0012664730769339294
7352_liver_sham_Male_2-U1,sham,2,tierA_p95,Hepatocytes,emt_ecm,15.0,20.0,7062.0,0.0010662645214253494,0.00017997418777908775,6917.0,0.0012494593029727797
7352_liver_sham_Male_2-U1,sham,2,tierA_p95,Hepatocytes,emt_ecm,20.0,25.0,7419.0,0.001605251381688537,0.00018010629293648158,6991.0,0.0015005192379592622
7352_liver_sham_Male_2-U1,sham,2,tierA_p95,Hepatocytes,emt_ecm,25.0,30.0,7524.0,0.0014062506598529793,0.00017872641614207627,7160.0,0.0013794734664191427
7352_liver_sham_Male_2-U1,sham,2,tierA_p95,Hepatocytes,emt_ecm,30.0,35.0,7331.0,0.0010834865560216131,0.00017624047846915992,7081.0,0.0013837621838624196
7352_liver_sham_Male_2-U1,sham,2,tierA_p95,Hepatocytes,emt_ecm,35.0,40.0,6819.0,0.0015247265083517172,0.00018579349716708472,6627.0,0.0010016613829918037
7352_liver_sham_Male_2-U1,sham,2,tierA_p95,Hepatocytes,emt_ecm,40.0,45.0,5891.0,0.0010317874665874728,0.00019385669117479796,5796.0,0.0013893236764162004
7352_liver_sham_Male_2-U1,sham,2,tierA_p95,Hepatocytes,emt_ecm,45.0,50.0,4877.0,0.0016677609225747303,0.000212930808760281,4815.0,0.001231389410329359
7352_liver_sham_Male_2-U1,sham,2,tierA_p95,Hepatocytes,emt_ecm,50.0,55.0,4082.0,0.0015705855071417893,0.0002359150996275139,4009.0,0.0011779421301987426
7352_liver_sham_Male_2-U1,sham,2,tierA_p95,Hepatocytes,emt_ecm,55.0,60.0,3203.0,0.0010711458049778315,0.0002591016941231476,3012.0,0.0011508300163094612
7352_liver_sham_Male_2-U1,sham,2,tierA_p95,Hepatocytes,emt_ecm,60.0,65.0,2416.0,0.0013362293062205658,0.0002942809582819242,2348.0,0.0018655323735356974
7352_liver_sham_Male_2-U1,sham,2,tierA_p95,Hepatocytes,emt_ecm,65.0,70.0,1953.0,0.0013704608341580354,0.00033038939146537064,1631.0,0.001527198037427906
7352_liver_sham_Male_2-U1,sham,2,tierA_p95,Hepatocytes,emt_ecm,70.0,75.0,1330.0,0.0014451052601919885,0.00040576722372010805,1107.0,0.00143928636843031
7352_liver_sham_Male_2-U1,sham,2,tierA_p95,Hepatocytes,emt_ecm,75.0,80.0,1015.0,0.0009350049182264538,0.000466688158613096,755.0,0.0009959602573378064
7352_liver_sham_Male_2-U1,sham,2,tierA_p95,Hepatocytes,emt_ecm,80.0,85.0,632.0,-0.00020640822440672987,0.0005651726353315535,448.0,0.0015274999757528868
7352_liver_sham_Male_2-U1,sham,2,tierA_p95,Hepatocytes,emt_ecm,85.0,90.0,480.0,0.001316708334161376,0.0006863593053214623,282.0,0.002099680832014601
7352_liver_sham_Male_2-U1,sham,2,tierA_p95,Hepatocytes,emt_ecm,90.0,95.0,292.0,0.0025057534491667232,0.0008239988555795838,157.0,-0.00012414014865243868
7352_liver_sham_Male_2-U1,sham,2,tierA_p95,Hepatocytes,emt_ecm,95.0,100.0,195.0,0.0002242564149081516,0.0010086553533296266,237.0,0.0005720252858721435
7352_liver_sham_Male_2-U1,sham,2,tierA_p95,Hepatocytes,il6_jak_stat3,0.0,5.0,9.0,0.006101111157072915,0.02836215164346706,3720.0,-0.02945671236802027
7352_liver_sham_Male_2-U1,sham,2,tierA_p95,Hepatocytes,il6_jak_stat3,5.0,10.0,1848.0,-0.02872713207550168,0.0004908548326263737,1649.0,-0.02830901151286263
7352_liver_sham_Male_2-U1,sham,2,tierA_p95,Hepatocytes,il6_jak_stat3,10.0,15.0,6029.0,-0.030204383792700868,0.0002656310253908678,5665.0,-0.029959962921189368
7352_liver_sham_Male_2-U1,sham,2,tierA_p95,Hepatocytes,il6_jak_stat3,15.0,20.0,7062.0,-0.03052929906454126,0.0002418277967576628,6917.0,-0.030648604876251834
7352_liver_sham_Male_2-U1,sham,2,tierA_p95,Hepatocytes,il6_jak_stat3,20.0,25.0,7419.0,-0.03044694435458285,0.00023488671746445808,6991.0,-0.030388197685279932
7352_liver_sham_Male_2-U1,sham,2,tierA_p95,Hepatocytes,il6_jak_stat3,25.0,30.0,7524.0,-0.030749771390177327,0.00022522435727403544,7160.0,-0.0305337653603337
7352_liver_sham_Male_2-U1,sham,2,tierA_p95,Hepatocytes,il6_jak_stat3,30.0,35.0,7331.0,-0.03031524620506759,0.00023399774635100978,7081.0,-0.03060656406003845
7352_liver_sham_Male_2-U1,sham,2,tierA_p95,Hepatocytes,il6_jak_stat3,35.0,40.0,6819.0,-0.029968927991357263,0.00023806791761040951,6627.0,-0.03040165081834312
7352_liver_sham_Male_2-U1,sham,2,tierA_p95,Hepatocytes,il6_jak_stat3,40.0,45.0,5891.0,-0.030845859798229607,0.0002496719615920954,5796.0,-0.030629335764787914
7352_liver_sham_Male_2-U1,sham,2,tierA_p95,Hepatocytes,il6_jak_stat3,45.0,50.0,4877.0,-0.030817174507463917,0.00027107553310276047,4815.0,-0.030995202507279225
7352_liver_sham_Male_2-U1,sham,2,tierA_p95,Hepatocytes,il6_jak_stat3,50.0,55.0,4082.0,-0.03072939979751404,0.00030332564439611347,4009.0,-0.031064342735481223
7352_liver_sham_Male_2-U1,sham,2,tierA_p95,Hepatocytes,il6_jak_stat3,55.0,60.0,3203.0,-0.03101408991623902,0.00033792850101961087,3012.0,-0.031238761581711825
7352_liver_sham_Male_2-U1,sham,2,tierA_p95,Hepatocytes,il6_jak_stat3,60.0,65.0,2416.0,-0.030074966896185686,0.0003979895542114638,2348.0,-0.030821311744702946
7352_liver_sham_Male_2-U1,sham,2,tierA_p95,Hepatocytes,il6_jak_stat3,65.0,70.0,1953.0,-0.031046610337217152,0.00040469442606572435,1631.0,-0.030689809973075285
7352_liver_sham_Male_2-U1,sham,2,tierA_p95,Hepatocytes,il6_jak_stat3,70.0,75.0,1330.0,-0.03098046614332385,0.000526710273603377,1107.0,-0.03138968380427938
7352_liver_sham_Male_2-U1,sham,2,tierA_p95,Hepatocytes,il6_jak_stat3,75.0,80.0,1015.0,-0.03108900490608594,0.0005760002276977464,755.0,-0.031700000024052946
7352_liver_sham_Male_2-U1,sham,2,tierA_p95,Hepatocytes,il6_jak_stat3,80.0,85.0,632.0,-0.03157045888543461,0.0007040265799618248,448.0,-0.03043957588176584
7352_liver_sham_Male_2-U1,sham,2,tierA_p95,Hepatocytes,il6_jak_stat3,85.0,90.0,480.0,-0.03248714581801929,0.0007984503600999332,282.0,-0.029773368786102747
7352_liver_sham_Male_2-U1,sham,2,tierA_p95,Hepatocytes,il6_jak_stat3,90.0,95.0,292.0,-0.031179109566786392,0.001046071833427444,157.0,-0.03131044585113918
7352_liver_sham_Male_2-U1,sham,2,tierA_p95,Hepatocytes,il6_jak_stat3,95.0,100.0,195.0,-0.03132435895266752,0.0013445210675842065,237.0,-0.0315705484813541
7352_liver_sham_Male_2-U1,sham,2,tierA_p95,Hepatocytes,interferon_response,0.0,5.0,9.0,0.03169666805640898,0.03199409790004621,3720.0,-0.0016324516046992241
7352_liver_sham_Male_2-U1,sham,2,tierA_p95,Hepatocytes,interferon_response,5.0,10.0,1848.0,-0.0007396374580388337,0.000470704081722524,1649.0,0.0001553911335953293
7352_liver_sham_Male_2-U1,sham,2,tierA_p95,Hepatocytes,interferon_response,10.0,15.0,6029.0,-0.0007973842959758091,0.00026863091332064666,5665.0,-0.0010271897464129575
7352_liver_sham_Male_2-U1,sham,2,tierA_p95,Hepatocytes,interferon_response,15.0,20.0,7062.0,-0.0013327088534752182,0.00024156568832848268,6917.0,-0.0017366025709127926
7352_liver_sham_Male_2-U1,sham,2,tierA_p95,Hepatocytes,interferon_response,20.0,25.0,7419.0,-0.0014239951487680733,0.00023523149092301055,6991.0,-0.0018829237587840112
7352_liver_sham_Male_2-U1,sham,2,tierA_p95,Hepatocytes,interferon_response,25.0,30.0,7524.0,-0.0016264646422806137,0.0002232339705042897,7160.0,-0.0015825251314531188
7352_liver_sham_Male_2-U1,sham,2,tierA_p95,Hepatocytes,interferon_response,30.0,35.0,7331.0,-0.001701750098154142,0.00022506594734912364,7081.0,-0.0015812794840918889
7352_liver_sham_Male_2-U1,sham,2,tierA_p95,Hepatocytes,interferon_response,35.0,40.0,6819.0,-0.0015605777973832003,0.00023622006084122966,6627.0,-0.0013829032631496726
7352_liver_sham_Male_2-U1,sham,2,tierA_p95,Hepatocytes,interferon_response,40.0,45.0,5891.0,-0.0019646375818538103,0.0002484053361193585,5796.0,-0.0022389095896388754
7352_liver_sham_Male_2-U1,sham,2,tierA_p95,Hepatocytes,interferon_response,45.0,50.0,4877.0,-0.001915331141692865,0.0002530038125149377,4815.0,-0.0016113042544409681
7352_liver_sham_Male_2-U1,sham,2,tierA_p95,Hepatocytes,interferon_response,50.0,55.0,4082.0,-0.0015194120439991107,0.0002988281366152303,4009.0,-0.002185485167267034
7352_liver_sham_Male_2-U1,sham,2,tierA_p95,Hepatocytes,interferon_response,55.0,60.0,3203.0,-0.0022503402952329496,0.0003225825969539228,3012.0,-0.002062639435421605
7352_liver_sham_Male_2-U1,sham,2,tierA_p95,Hepatocytes,interferon_response,60.0,65.0,2416.0,-0.002027115072142438,0.0003727764048702777,2348.0,-0.0024507495612731073
7352_liver_sham_Male_2-U1,sham,2,tierA_p95,Hepatocytes,interferon_response,65.0,70.0,1953.0,-0.0033507219761581063,0.00038656670702471273,1631.0,-0.0018713182135329013
7352_liver_sham_Male_2-U1,sham,2,tierA_p95,Hepatocytes,interferon_response,70.0,75.0,1330.0,-0.002647398471510273,0.0004945143632772387,1107.0,-0.0012479313343436611
7352_liver_sham_Male_2-U1,sham,2,tierA_p95,Hepatocytes,interferon_response,75.0,80.0,1015.0,-0.0018708078824588685,0.0005369574125024165,755.0,-0.0012799470372941723
7352_liver_sham_Male_2-U1,sham,2,tierA_p95,Hepatocytes,interferon_response,80.0,85.0,632.0,-0.0033248734249424114,0.000673873729974933,448.0,-0.001837767826543768
7352_liver_sham_Male_2-U1,sham,2,tierA_p95,Hepatocytes,interferon_response,85.0,90.0,480.0,-0.00335375000345266,0.0007808557938947694,282.0,-0.0009660637993965148
7352_liver_sham_Male_2-U1,sham,2,tierA_p95,Hepatocytes,interferon_response,90.0,95.0,292.0,-0.0025252397081951057,0.0009980494523347805,157.0,0.0001245222763850941
7352_liver_sham_Male_2-U1,sham,2,tierA_p95,Hepatocytes,interferon_response,95.0,100.0,195.0,-0.002058000054407435,0.0012500532041251242,237.0,-0.0034278481021053886
7352_liver_sham_Male_2-U1,sham,2,tierA_p95,Hepatocytes,oxidative_stress,0.0,5.0,9.0,0.10600110929873255,0.024569687493501417,3720.0,0.11346069099318977
7352_liver_sham_Male_2-U1,sham,2,tierA_p95,Hepatocytes,oxidative_stress,5.0,10.0,1848.0,0.11102630423014788,0.0011890551848742022,1649.0,0.11421075797743707
7352_liver_sham_Male_2-U1,sham,2,tierA_p95,Hepatocytes,oxidative_stress,10.0,15.0,6029.0,0.11742983579905591,0.0006053876835237489,5665.0,0.11876953396204365
7352_liver_sham_Male_2-U1,sham,2,tierA_p95,Hepatocytes,oxidative_stress,15.0,20.0,7062.0,0.1184321580502653,0.0005470893164186097,6917.0,0.11850599396603463
7352_liver_sham_Male_2-U1,sham,2,tierA_p95,Hepatocytes,oxidative_stress,20.0,25.0,7419.0,0.11779491300264108,0.0005426195327299607,6991.0,0.11835922762423315
7352_liver_sham_Male_2-U1,sham,2,tierA_p95,Hepatocytes,oxidative_stress,25.0,30.0,7524.0,0.1181419258933623,0.0005398692615469858,7160.0,0.11846101675206462
7352_liver_sham_Male_2-U1,sham,2,tierA_p95,Hepatocytes,oxidative_stress,30.0,35.0,7331.0,0.11855200247686067,0.0005364761059439605,7081.0,0.11878815141805694
7352_liver_sham_Male_2-U1,sham,2,tierA_p95,Hepatocytes,oxidative_stress,35.0,40.0,6819.0,0.11798981381500763,0.0005483650629952688,6627.0,0.11792609482419414
7352_liver_sham_Male_2-U1,sham,2,tierA_p95,Hepatocytes,oxidative_stress,40.0,45.0,5891.0,0.11801101338409059,0.0005883060517027891,5796.0,0.11835707895619757
7352_liver_sham_Male_2-U1,sham,2,tierA_p95,Hepatocytes,oxidative_stress,45.0,50.0,4877.0,0.1192573345062693,0.0006552544517163504,4815.0,0.11883366983764691
7352_liver_sham_Male_2-U1,sham,2,tierA_p95,Hepatocytes,oxidative_stress,50.0,55.0,4082.0,0.11820393935244883,0.0007121591961603704,4009.0,0.11970632331668887
7352_liver_sham_Male_2-U1,sham,2,tierA_p95,Hepatocytes,oxidative_stress,55.0,60.0,3203.0,0.11859421789516766,0.0007810764235456768,3012.0,0.11660702208514721
7352_liver_sham_Male_2-U1,sham,2,tierA_p95,Hepatocytes,oxidative_stress,60.0,65.0,2416.0,0.11894384523552406,0.0008788216746237299,2348.0,0.11754285770252143
7352_liver_sham_Male_2-U1,sham,2,tierA_p95,Hepatocytes,oxidative_stress,65.0,70.0,1953.0,0.11819550955265853,0.0009879872827003526,1631.0,0.11783062531481481
7352_liver_sham_Male_2-U1,sham,2,tierA_p95,Hepatocytes,oxidative_stress,70.0,75.0,1330.0,0.11665081962561445,0.0012926083205230066,1107.0,0.11936855466587111
7352_liver_sham_Male_2-U1,sham,2,tierA_p95,Hepatocytes,oxidative_stress,75.0,80.0,1015.0,0.11819817731581317,0.0013725966871290347,755.0,0.11727503318099046
7352_liver_sham_Male_2-U1,sham,2,tierA_p95,Hepatocytes,oxidative_stress,80.0,85.0,632.0,0.11905955704359361,0.0016697952118117632,448.0,0.11548850431631763
7352_liver_sham_Male_2-U1,sham,2,tierA_p95,Hepatocytes,oxidative_stress,85.0,90.0,480.0,0.11697970852789391,0.0020246240686664294,282.0,0.1162555320427839
7352_liver_sham_Male_2-U1,sham,2,tierA_p95,Hepatocytes,oxidative_stress,90.0,95.0,292.0,0.11793667778423796,0.002374650040271034,157.0,0.11109662486631779
7352_liver_sham_Male_2-U1,sham,2,tierA_p95,Hepatocytes,oxidative_stress,95.0,100.0,195.0,0.12184194854389016,0.003004929874466667,237.0,0.11707523183672167
7352_liver_sham_Male_2-U1,sham,2,tierA_p95,Hepatocytes,secondary_senescence,0.0,5.0,9.0,-0.014942221602218019,0.01276096279609175,3720.0,-0.030037709669389883
7352_liver_sham_Male_2-U1,sham,2,tierA_p95,Hepatocytes,secondary_senescence,5.0,10.0,1848.0,-0.029634421000078574,0.0006044215969245189,1649.0,-0.03045560340984652
7352_liver_sham_Male_2-U1,sham,2,tierA_p95,Hepatocytes,secondary_senescence,10.0,15.0,6029.0,-0.03106228394670208,0.00032023425201330944,5665.0,-0.031159842891946714
7352_liver_sham_Male_2-U1,sham,2,tierA_p95,Hepatocytes,secondary_senescence,15.0,20.0,7062.0,-0.031419777672721694,0.0002851416462641565,6917.0,-0.031345081674508946
7352_liver_sham_Male_2-U1,sham,2,tierA_p95,Hepatocytes,secondary_senescence,20.0,25.0,7419.0,-0.031089598329259803,0.00028956742082158484,6991.0,-0.031704967818384985
7352_liver_sham_Male_2-U1,sham,2,tierA_p95,Hepatocytes,secondary_senescence,25.0,30.0,7524.0,-0.03162651250350046,0.0002762174673519448,7160.0,-0.03136027933226782
7352_liver_sham_Male_2-U1,sham,2,tierA_p95,Hepatocytes,secondary_senescence,30.0,35.0,7331.0,-0.03112509207925976,0.000282028760446328,7081.0,-0.032121704555262344
7352_liver_sham_Male_2-U1,sham,2,tierA_p95,Hepatocytes,secondary_senescence,35.0,40.0,6819.0,-0.03157806276153331,0.00030141717588160334,6627.0,-0.03155990493528709
7352_liver_sham_Male_2-U1,sham,2,tierA_p95,Hepatocytes,secondary_senescence,40.0,45.0,5891.0,-0.03167968936196014,0.0003165458459607789,5796.0,-0.03134058832920804
7352_liver_sham_Male_2-U1,sham,2,tierA_p95,Hepatocytes,secondary_senescence,45.0,50.0,4877.0,-0.031822253421488166,0.00034039008599180166,4815.0,-0.03154079751566711
7352_liver_sham_Male_2-U1,sham,2,tierA_p95,Hepatocytes,secondary_senescence,50.0,55.0,4082.0,-0.03160091621487667,0.0003676034443401044,4009.0,-0.03115859816540511
7352_liver_sham_Male_2-U1,sham,2,tierA_p95,Hepatocytes,secondary_senescence,55.0,60.0,3203.0,-0.03171616607622132,0.00042240108301691445,3012.0,-0.030914887110578528
7352_liver_sham_Male_2-U1,sham,2,tierA_p95,Hepatocytes,secondary_senescence,60.0,65.0,2416.0,-0.03150401075700058,0.0004861987339363432,2348.0,-0.03211515329411818
7352_liver_sham_Male_2-U1,sham,2,tierA_p95,Hepatocytes,secondary_senescence,65.0,70.0,1953.0,-0.031101786992251558,0.0005387367803934072,1631.0,-0.032103979182930495
7352_liver_sham_Male_2-U1,sham,2,tierA_p95,Hepatocytes,secondary_senescence,70.0,75.0,1330.0,-0.03213424065175048,0.0006367990109156289,1107.0,-0.02992843716848883
7352_liver_sham_Male_2-U1,sham,2,tierA_p95,Hepatocytes,secondary_senescence,75.0,80.0,1015.0,-0.0313342955389358,0.0007765221606592858,755.0,-0.032835602635361213
7352_liver_sham_Male_2-U1,sham,2,tierA_p95,Hepatocytes,secondary_senescence,80.0,85.0,632.0,-0.0333378481249717,0.0008831434134991744,448.0,-0.03328705348488776
7352_liver_sham_Male_2-U1,sham,2,tierA_p95,Hepatocytes,secondary_senescence,85.0,90.0,480.0,-0.03207845833458123,0.0010775053797048495,282.0,-0.030825000070363134
7352_liver_sham_Male_2-U1,sham,2,tierA_p95,Hepatocytes,secondary_senescence,90.0,95.0,292.0,-0.03202256838411726,0.0012238287716088362,157.0,-0.03344681534587493
7352_liver_sham_Male_2-U1,sham,2,tierA_p95,Hepatocytes,secondary_senescence,95.0,100.0,195.0,-0.03251738472730115,0.0015173372604720718,237.0,-0.03358451482672382
7352_liver_sham_Male_2-U1,sham,2,tierA_p95,Hepatocytes,tnfa_nfkb_proximal,0.0,5.0,9.0,-0.0020588895875132745,0.018887554683959303,3720.0,-0.015840287624613206
7352_liver_sham_Male_2-U1,sham,2,tierA_p95,Hepatocytes,tnfa_nfkb_proximal,5.0,10.0,1848.0,-0.014470892873952946,0.0003819035552444682,1649.0,-0.014838180747411665
7352_liver_sham_Male_2-U1,sham,2,tierA_p95,Hepatocytes,tnfa_nfkb_proximal,10.0,15.0,6029.0,-0.015678639907232575,0.00020969021324649377,5665.0,-0.015765631075050496
7352_liver_sham_Male_2-U1,sham,2,tierA_p95,Hepatocytes,tnfa_nfkb_proximal,15.0,20.0,7062.0,-0.015754864075692786,0.00018555044321176472,6917.0,-0.016163033095183167
7352_liver_sham_Male_2-U1,sham,2,tierA_p95,Hepatocytes,tnfa_nfkb_proximal,20.0,25.0,7419.0,-0.015519758733998003,0.00019118520570917544,6991.0,-0.016012179951941864
7352_liver_sham_Male_2-U1,sham,2,tierA_p95,Hepatocytes,tnfa_nfkb_proximal,25.0,30.0,7524.0,-0.01608312200852772,0.00018110680828214006,7160.0,-0.015933377089356972
7352_liver_sham_Male_2-U1,sham,2,tierA_p95,Hepatocytes,tnfa_nfkb_proximal,30.0,35.0,7331.0,-0.016084729234696345,0.0001839436114826619,7081.0,-0.016374867958788113
7352_liver_sham_Male_2-U1,sham,2,tierA_p95,Hepatocytes,tnfa_nfkb_proximal,35.0,40.0,6819.0,-0.015903535702770755,0.00018655165095318184,6627.0,-0.015930440619749613
7352_liver_sham_Male_2-U1,sham,2,tierA_p95,Hepatocytes,tnfa_nfkb_proximal,40.0,45.0,5891.0,-0.016060911559955298,0.00020308631787244565,5796.0,-0.01583870773407684
7352_liver_sham_Male_2-U1,sham,2,tierA_p95,Hepatocytes,tnfa_nfkb_proximal,45.0,50.0,4877.0,-0.016183953243560496,0.00021636046622750086,4815.0,-0.01594550156234055
7352_liver_sham_Male_2-U1,sham,2,tierA_p95,Hepatocytes,tnfa_nfkb_proximal,50.0,55.0,4082.0,-0.01600952473789948,0.00023895368722100355,4009.0,-0.015808740355493633
7352_liver_sham_Male_2-U1,sham,2,tierA_p95,Hepatocytes,tnfa_nfkb_proximal,55.0,60.0,3203.0,-0.01599646582928589,0.0002681087888081834,3012.0,-0.015536490705896357
7352_liver_sham_Male_2-U1,sham,2,tierA_p95,Hepatocytes,tnfa_nfkb_proximal,60.0,65.0,2416.0,-0.01602383690677871,0.0003154796800445289,2348.0,-0.016032308342855343
7352_liver_sham_Male_2-U1,sham,2,tierA_p95,Hepatocytes,tnfa_nfkb_proximal,65.0,70.0,1953.0,-0.016390547890216513,0.00033628167427863435,1631.0,-0.015501066838809089
7352_liver_sham_Male_2-U1,sham,2,tierA_p95,Hepatocytes,tnfa_nfkb_proximal,70.0,75.0,1330.0,-0.016343172931191016,0.0004161871452360968,1107.0,-0.01556205962756431
7352_liver_sham_Male_2-U1,sham,2,tierA_p95,Hepatocytes,tnfa_nfkb_proximal,75.0,80.0,1015.0,-0.017015536952722364,0.00044005254818600095,755.0,-0.015653562935228023
7352_liver_sham_Male_2-U1,sham,2,tierA_p95,Hepatocytes,tnfa_nfkb_proximal,80.0,85.0,632.0,-0.016682056980940455,0.000582562303460712,448.0,-0.016003258928711666
7352_liver_sham_Male_2-U1,sham,2,tierA_p95,Hepatocytes,tnfa_nfkb_proximal,85.0,90.0,480.0,-0.01609445832619561,0.0007062712679354657,282.0,-0.016789361744221624
7352_liver_sham_Male_2-U1,sham,2,tierA_p95,Hepatocytes,tnfa_nfkb_proximal,90.0,95.0,292.0,-0.017652191816648143,0.0007753150667464042,157.0,-0.016084649706493682
7352_liver_sham_Male_2-U1,sham,2,tierA_p95,Hepatocytes,tnfa_nfkb_proximal,95.0,100.0,195.0,-0.014811076867175497,0.0009913486805294247,237.0,-0.017010168779270776
7352_liver_sham_Male_2-U1,sham,2,tierA_p95,Macrophages,downstream_arrest,0.0,5.0,32.0,0.007648124954357627,0.004623137677638888,474.0,0.002729578032252872
7352_liver_sham_Male_2-U1,sham,2,tierA_p95,Macrophages,downstream_arrest,5.0,10.0,381.0,0.00555572181336919,0.0011099617327906847,369.0,0.0057769376730989145
7352_liver_sham_Male_2-U1,sham,2,tierA_p95,Macrophages,downstream_arrest,10.0,15.0,702.0,0.006108660951233825,0.0007353319757347137,665.0,0.00614861658459426
7352_liver_sham_Male_2-U1,sham,2,tierA_p95,Macrophages,downstream_arrest,15.0,20.0,705.0,0.005881602857569447,0.0007616254151789659,659.0,0.006521001510303192
7352_liver_sham_Male_2-U1,sham,2,tierA_p95,Macrophages,downstream_arrest,20.0,25.0,856.0,0.006875046738633356,0.0006560530306814188,786.0,0.006750725200807803
7352_liver_sham_Male_2-U1,sham,2,tierA_p95,Macrophages,downstream_arrest,25.0,30.0,880.0,0.006396579559267676,0.0006396570910395511,872.0,0.0068322935777243
7352_liver_sham_Male_2-U1,sham,2,tierA_p95,Macrophages,downstream_arrest,30.0,35.0,820.0,0.006385158504524109,0.0007038694391488301,862.0,0.006405348039293542
7352_liver_sham_Male_2-U1,sham,2,tierA_p95,Macrophages,downstream_arrest,35.0,40.0,844.0,0.006997938388965815,0.0006901152200301873,782.0,0.007858120227677172
7352_liver_sham_Male_2-U1,sham,2,tierA_p95,Macrophages,downstream_arrest,40.0,45.0,705.0,0.006753219858597112,0.0007248070214286045,729.0,0.007049122052985407
7352_liver_sham_Male_2-U1,sham,2,tierA_p95,Macrophages,downstream_arrest,45.0,50.0,598.0,0.0063187625503854615,0.0008004532523032702,536.0,0.008713358192801649
7352_liver_sham_Male_2-U1,sham,2,tierA_p95,Macrophages,downstream_arrest,50.0,55.0,523.0,0.006183766690998255,0.0008260369155560394,488.0,0.00668098362539091
7352_liver_sham_Male_2-U1,sham,2,tierA_p95,Macrophages,downstream_arrest,55.0,60.0,410.0,0.008403292663223975,0.0009630633475861914,399.0,0.006835839558553381
7352_liver_sham_Male_2-U1,sham,2,tierA_p95,Macrophages,downstream_arrest,60.0,65.0,324.0,0.0052195370530687705,0.0010273589233685818,287.0,0.006564041800011689
7352_liver_sham_Male_2-U1,sham,2,tierA_p95,Macrophages,downstream_arrest,65.0,70.0,255.0,0.006776941163515599,0.0011660052556750193,212.0,0.00582537730437218
7352_liver_sham_Male_2-U1,sham,2,tierA_p95,Macrophages,downstream_arrest,70.0,75.0,181.0,0.004803812205813985,0.0013295494548016262,165.0,0.004965636339197358
7352_liver_sham_Male_2-U1,sham,2,tierA_p95,Macrophages,downstream_arrest,75.0,80.0,122.0,0.006678606522699902,0.0014156622320500572,75.0,0.006142000117251883
7352_liver_sham_Male_2-U1,sham,2,tierA_p95,Macrophages,downstream_arrest,80.0,85.0,70.0,0.011408571383799426,0.0023099197658448044,64.0,0.00650750005769396
7352_liver_sham_Male_2-U1,sham,2,tierA_p95,Macrophages,downstream_arrest,85.0,90.0,39.0,0.014036153990906687,0.003407391411620839,40.0,0.0021732499430072495
7352_liver_sham_Male_2-U1,sham,2,tierA_p95,Macrophages,downstream_arrest,90.0,95.0,33.0,0.00766000013346925,0.002939024263237889,22.0,0.003844545455649495
7352_liver_sham_Male_2-U1,sham,2,tierA_p95,Macrophages,downstream_arrest,95.0,100.0,28.0,0.008586071550130978,0.003331572473478851,22.0,0.004019999982450496
7352_liver_sham_Male_2-U1,sham,2,tierA_p95,Macrophages,emt_ecm,0.0,5.0,32.0,0.0353587499121204,0.007876306687457415,474.0,0.02828021098654285
7352_liver_sham_Male_2-U1,sham,2,tierA_p95,Macrophages,emt_ecm,5.0,10.0,381.0,0.027025616702026616,0.0016590266754449208,369.0,0.02674531169369158
7352_liver_sham_Male_2-U1,sham,2,tierA_p95,Macrophages,emt_ecm,10.0,15.0,702.0,0.02557150997112061,0.0010998790359262344,665.0,0.023778270673866977
7352_liver_sham_Male_2-U1,sham,2,tierA_p95,Macrophages,emt_ecm,15.0,20.0,705.0,0.026978028389567043,0.0010755668679185784,659.0,0.02492505302294108
7352_liver_sham_Male_2-U1,sham,2,tierA_p95,Macrophages,emt_ecm,20.0,25.0,856.0,0.02608172899029503,0.0010403835096343618,786.0,0.026973931279171574
7352_liver_sham_Male_2-U1,sham,2,tierA_p95,Macrophages,emt_ecm,25.0,30.0,880.0,0.026203022708448934,0.0009779836189809145,872.0,0.02587814214845212
7352_liver_sham_Male_2-U1,sham,2,tierA_p95,Macrophages,emt_ecm,30.0,35.0,820.0,0.025787914581677597,0.001051592700393399,862.0,0.026781078845494414
7352_liver_sham_Male_2-U1,sham,2,tierA_p95,Macrophages,emt_ecm,35.0,40.0,844.0,0.027062760625098433,0.0010077976324080727,782.0,0.02759663685518743
7352_liver_sham_Male_2-U1,sham,2,tierA_p95,Macrophages,emt_ecm,40.0,45.0,705.0,0.02895617022448226,0.001116667502851056,729.0,0.026938696833423346
7352_liver_sham_Male_2-U1,sham,2,tierA_p95,Macrophages,emt_ecm,45.0,50.0,598.0,0.025473611991699507,0.0012225585589469964,536.0,0.02265434704074337
7352_liver_sham_Male_2-U1,sham,2,tierA_p95,Macrophages,emt_ecm,50.0,55.0,523.0,0.025171338446903474,0.0011961701058926211,488.0,0.027711700763783945
7352_liver_sham_Male_2-U1,sham,2,tierA_p95,Macrophages,emt_ecm,55.0,60.0,410.0,0.0252589024021379,0.0015061113233031354,399.0,0.024651829549291956
7352_liver_sham_Male_2-U1,sham,2,tierA_p95,Macrophages,emt_ecm,60.0,65.0,324.0,0.023245956700015488,0.0015123912034090677,287.0,0.027978431901344174
7352_liver_sham_Male_2-U1,sham,2,tierA_p95,Macrophages,emt_ecm,65.0,70.0,255.0,0.024557058680083548,0.0017843397039892018,212.0,0.02979132075202904
7352_liver_sham_Male_2-U1,sham,2,tierA_p95,Macrophages,emt_ecm,70.0,75.0,181.0,0.02616298341228323,0.0023368098606220294,165.0,0.025006363549971756
7352_liver_sham_Male_2-U1,sham,2,tierA_p95,Macrophages,emt_ecm,75.0,80.0,122.0,0.021890491718056824,0.002449124153413899,75.0,0.020320133286198448
7352_liver_sham_Male_2-U1,sham,2,tierA_p95,Macrophages,emt_ecm,80.0,85.0,70.0,0.02771799984121961,0.0032787227734683427,64.0,0.02619062487536894
7352_liver_sham_Male_2-U1,sham,2,tierA_p95,Macrophages,emt_ecm,85.0,90.0,39.0,0.03425615364446854,0.004431826707303495,40.0,0.028135999628284482
7352_liver_sham_Male_2-U1,sham,2,tierA_p95,Macrophages,emt_ecm,90.0,95.0,33.0,0.014866666586110086,0.003941839137041634,22.0,0.027740000090985137
7352_liver_sham_Male_2-U1,sham,2,tierA_p95,Macrophages,emt_ecm,95.0,100.0,28.0,0.029303928625137945,0.005150643619153533,22.0,0.010584545448761095
7352_liver_sham_Male_2-U1,sham,2,tierA_p95,Macrophages,il6_jak_stat3,0.0,5.0,32.0,0.05428031284827739,0.010426865094657744,474.0,0.06419814361408176
7352_liver_sham_Male_2-U1,sham,2,tierA_p95,Macrophages,il6_jak_stat3,5.0,10.0,381.0,0.05279601061242459,0.0026461292095071825,369.0,0.05949742534769059
7352_liver_sham_Male_2-U1,sham,2,tierA_p95,Macrophages,il6_jak_stat3,10.0,15.0,702.0,0.05923883195314673,0.0020091686759325235,665.0,0.05836120309206198
7352_liver_sham_Male_2-U1,sham,2,tierA_p95,Macrophages,il6_jak_stat3,15.0,20.0,705.0,0.05721245401052606,0.0017553277744132142,659.0,0.05667525042422526
7352_liver_sham_Male_2-U1,sham,2,tierA_p95,Macrophages,il6_jak_stat3,20.0,25.0,856.0,0.06028017517096104,0.0017281705733612548,786.0,0.06023329520655373
7352_liver_sham_Male_2-U1,sham,2,tierA_p95,Macrophages,il6_jak_stat3,25.0,30.0,880.0,0.05922692056192318,0.001639320729784332,872.0,0.0549036697738669
7352_liver_sham_Male_2-U1,sham,2,tierA_p95,Macrophages,il6_jak_stat3,30.0,35.0,820.0,0.061446256093377755,0.001787910732337271,862.0,0.060260591660868654
7352_liver_sham_Male_2-U1,sham,2,tierA_p95,Macrophages,il6_jak_stat3,35.0,40.0,844.0,0.05734563980554865,0.001665697960061369,782.0,0.06256549871119912
7352_liver_sham_Male_2-U1,sham,2,tierA_p95,Macrophages,il6_jak_stat3,40.0,45.0,705.0,0.062450723319994746,0.001838436823090331,729.0,0.058514581513033986
7352_liver_sham_Male_2-U1,sham,2,tierA_p95,Macrophages,il6_jak_stat3,45.0,50.0,598.0,0.061664515115062934,0.0019934737401675,536.0,0.06289477612349333
7352_liver_sham_Male_2-U1,sham,2,tierA_p95,Macrophages,il6_jak_stat3,50.0,55.0,523.0,0.0563710325706508,0.0022031865761207095,488.0,0.06285809438874121
7352_liver_sham_Male_2-U1,sham,2,tierA_p95,Macrophages,il6_jak_stat3,55.0,60.0,410.0,0.06073009747136583,0.0026077352918436247,399.0,0.061292556296411976
7352_liver_sham_Male_2-U1,sham,2,tierA_p95,Macrophages,il6_jak_stat3,60.0,65.0,324.0,0.06356388872275905,0.0027153781107808316,287.0,0.056248606408569796
7352_liver_sham_Male_2-U1,sham,2,tierA_p95,Macrophages,il6_jak_stat3,65.0,70.0,255.0,0.0570595687994843,0.002880919304814717,212.0,0.05908028308366961
7352_liver_sham_Male_2-U1,sham,2,tierA_p95,Macrophages,il6_jak_stat3,70.0,75.0,181.0,0.06338104966948148,0.0037399080986414337,165.0,0.05202987871880671
7352_liver_sham_Male_2-U1,sham,2,tierA_p95,Macrophages,il6_jak_stat3,75.0,80.0,122.0,0.06608081947795982,0.0042607567616008805,75.0,0.06787666648315886
7352_liver_sham_Male_2-U1,sham,2,tierA_p95,Macrophages,il6_jak_stat3,80.0,85.0,70.0,0.05490514274653313,0.005471824090362678,64.0,0.052975312355556525
7352_liver_sham_Male_2-U1,sham,2,tierA_p95,Macrophages,il6_jak_stat3,85.0,90.0,39.0,0.06682487172731318,0.0086940687664065,40.0,0.0582074997597374
7352_liver_sham_Male_2-U1,sham,2,tierA_p95,Macrophages,il6_jak_stat3,90.0,95.0,33.0,0.07249696977492986,0.007898417290266763,22.0,0.06545681727584451
7352_liver_sham_Male_2-U1,sham,2,tierA_p95,Macrophages,il6_jak_stat3,95.0,100.0,28.0,0.05512928610135402,0.0076516248731410014,22.0,0.045034091073003685
7352_liver_sham_Male_2-U1,sham,2,tierA_p95,Macrophages,interferon_response,0.0,5.0,32.0,0.05613312496279832,0.007481747451439286,474.0,0.06409008439785858
7352_liver_sham_Male_2-U1,sham,2,tierA_p95,Macrophages,interferon_response,5.0,10.0,381.0,0.061930708537211894,0.0022390609755466927,369.0,0.06724056936778396
7352_liver_sham_Male_2-U1,sham,2,tierA_p95,Macrophages,interferon_response,10.0,15.0,702.0,0.06395021368594965,0.0016565666105934154,665.0,0.06343418039144953
7352_liver_sham_Male_2-U1,sham,2,tierA_p95,Macrophages,interferon_response,15.0,20.0,705.0,0.06047849649966344,0.0015817106298394502,659.0,0.06311217003437208
7352_liver_sham_Male_2-U1,sham,2,tierA_p95,Macrophages,interferon_response,20.0,25.0,856.0,0.06766953260090287,0.0015194342870690895,786.0,0.06535095420832517
7352_liver_sham_Male_2-U1,sham,2,tierA_p95,Macrophages,interferon_response,25.0,30.0,880.0,0.06625770462866389,0.0015444206903362436,872.0,0.06289508034941876
7352_liver_sham_Male_2-U1,sham,2,tierA_p95,Macrophages,interferon_response,30.0,35.0,820.0,0.0656593902884108,0.0015648871052953586,862.0,0.06310424592950044
7352_liver_sham_Male_2-U1,sham,2,tierA_p95,Macrophages,interferon_response,35.0,40.0,844.0,0.06373805694224606,0.0014260818544502073,782.0,0.06419141949285999
7352_liver_sham_Male_2-U1,sham,2,tierA_p95,Macrophages,interferon_response,40.0,45.0,705.0,0.06376751773993374,0.0014888839370868945,729.0,0.06267735261263438
7352_liver_sham_Male_2-U1,sham,2,tierA_p95,Macrophages,interferon_response,45.0,50.0,598.0,0.06682438139287236,0.0017755783190990218,536.0,0.06943947757034365
7352_liver_sham_Male_2-U1,sham,2,tierA_p95,Macrophages,interferon_response,50.0,55.0,523.0,0.0629029445100506,0.0019309686575007495,488.0,0.06592157782566185
7352_liver_sham_Male_2-U1,sham,2,tierA_p95,Macrophages,interferon_response,55.0,60.0,410.0,0.06660134134410949,0.002297285105153742,399.0,0.0668044611027512
7352_liver_sham_Male_2-U1,sham,2,tierA_p95,Macrophages,interferon_response,60.0,65.0,324.0,0.06481694459234634,0.0023404625077541024,287.0,0.06435013933692173
7352_liver_sham_Male_2-U1,sham,2,tierA_p95,Macrophages,interferon_response,65.0,70.0,255.0,0.06328494114796722,0.002720530957070778,212.0,0.06143014138392316
7352_liver_sham_Male_2-U1,sham,2,tierA_p95,Macrophages,interferon_response,70.0,75.0,181.0,0.0634481768543158,0.003451230929878071,165.0,0.06275999997460255
7352_liver_sham_Male_2-U1,sham,2,tierA_p95,Macrophages,interferon_response,75.0,80.0,122.0,0.0631393442389872,0.003695194329650514,75.0,0.07113840000917358
7352_liver_sham_Male_2-U1,sham,2,tierA_p95,Macrophages,interferon_response,80.0,85.0,70.0,0.058680143012731736,0.0036997322396157043,64.0,0.06509640566309827
7352_liver_sham_Male_2-U1,sham,2,tierA_p95,Macrophages,interferon_response,85.0,90.0,39.0,0.05877717929886272,0.005935112540448541,40.0,0.06080950005562045
7352_liver_sham_Male_2-U1,sham,2,tierA_p95,Macrophages,interferon_response,90.0,95.0,33.0,0.062122727405618534,0.008161671990223461,22.0,0.06768227249532091
7352_liver_sham_Male_2-U1,sham,2,tierA_p95,Macrophages,interferon_response,95.0,100.0,28.0,0.05438678551997457,0.0076654239160743026,22.0,0.06521818160333416
7352_liver_sham_Male_2-U1,sham,2,tierA_p95,Macrophages,oxidative_stress,0.0,5.0,32.0,0.07864312482706737,0.012523143434274164,474.0,0.10786419812140924
7352_liver_sham_Male_2-U1,sham,2,tierA_p95,Macrophages,oxidative_stress,5.0,10.0,381.0,0.10116383213191746,0.003702693742185878,369.0,0.10599921398069846
7352_liver_sham_Male_2-U1,sham,2,tierA_p95,Macrophages,oxidative_stress,10.0,15.0,702.0,0.11388843314389849,0.0026239842388098024,665.0,0.11351855632470907
7352_liver_sham_Male_2-U1,sham,2,tierA_p95,Macrophages,oxidative_stress,15.0,20.0,705.0,0.1099304539287256,0.0026613655407165876,659.0,0.11487647946178489
7352_liver_sham_Male_2-U1,sham,2,tierA_p95,Macrophages,oxidative_stress,20.0,25.0,856.0,0.11219647202637915,0.002443406146591824,786.0,0.1130598981349657
7352_liver_sham_Male_2-U1,sham,2,tierA_p95,Macrophages,oxidative_stress,25.0,30.0,880.0,0.10665995451745403,0.0023935211927446983,872.0,0.11035266057791086
7352_liver_sham_Male_2-U1,sham,2,tierA_p95,Macrophages,oxidative_stress,30.0,35.0,820.0,0.11075203654479815,0.0024109415164355087,862.0,0.10918866609752306
7352_liver_sham_Male_2-U1,sham,2,tierA_p95,Macrophages,oxidative_stress,35.0,40.0,844.0,0.11588632692229797,0.0024050110037933544,782.0,0.1145166623451666
7352_liver_sham_Male_2-U1,sham,2,tierA_p95,Macrophages,oxidative_stress,40.0,45.0,705.0,0.11621438284067714,0.0026787560490189864,729.0,0.10910668045664666
7352_liver_sham_Male_2-U1,sham,2,tierA_p95,Macrophages,oxidative_stress,45.0,50.0,598.0,0.11308322731539408,0.002936772151604682,536.0,0.11354524270156155
7352_liver_sham_Male_2-U1,sham,2,tierA_p95,Macrophages,oxidative_stress,50.0,55.0,523.0,0.11289892911360765,0.0032235722764911174,488.0,0.11427374986961979
7352_liver_sham_Male_2-U1,sham,2,tierA_p95,Macrophages,oxidative_stress,55.0,60.0,410.0,0.10876848785492035,0.003676460249446362,399.0,0.1149680453704502
7352_liver_sham_Male_2-U1,sham,2,tierA_p95,Macrophages,oxidative_stress,60.0,65.0,324.0,0.11260324077568244,0.004114520774068933,287.0,0.10901940724944682
7352_liver_sham_Male_2-U1,sham,2,tierA_p95,Macrophages,oxidative_stress,65.0,70.0,255.0,0.1200067454602058,0.004272941174480838,212.0,0.11032660354729434
7352_liver_sham_Male_2-U1,sham,2,tierA_p95,Macrophages,oxidative_stress,70.0,75.0,181.0,0.10718906090074819,0.00542648185274866,165.0,0.1124309090763387
7352_liver_sham_Male_2-U1,sham,2,tierA_p95,Macrophages,oxidative_stress,75.0,80.0,122.0,0.12028229477258064,0.0058041097784363215,75.0,0.12532293352919321
7352_liver_sham_Male_2-U1,sham,2,tierA_p95,Macrophages,oxidative_stress,80.0,85.0,70.0,0.11985585651293928,0.008449669571228868,64.0,0.11543859389075806
7352_liver_sham_Male_2-U1,sham,2,tierA_p95,Macrophages,oxidative_stress,85.0,90.0,39.0,0.11080999964943682,0.012300929525576085,40.0,0.10068324946332723
7352_liver_sham_Male_2-U1,sham,2,tierA_p95,Macrophages,oxidative_stress,90.0,95.0,33.0,0.10985666663019043,0.013379059713055273,22.0,0.0936040908352218
7352_liver_sham_Male_2-U1,sham,2,tierA_p95,Macrophages,oxidative_stress,95.0,100.0,28.0,0.12072571486766849,0.010454472975102047,22.0,0.12593863565813412
7352_liver_sham_Male_2-U1,sham,2,tierA_p95,Macrophages,secondary_senescence,0.0,5.0,32.0,0.0176293748900207,0.012241110079743557,474.0,0.00148989447885692
7352_liver_sham_Male_2-U1,sham,2,tierA_p95,Macrophages,secondary_senescence,5.0,10.0,381.0,0.003959763828518964,0.0025286178134648687,369.0,0.0025227371163380414
7352_liver_sham_Male_2-U1,sham,2,tierA_p95,Macrophages,secondary_senescence,10.0,15.0,702.0,0.0006437036521612412,0.0016607833721720413,665.0,-0.0033667367797629833
7352_liver_sham_Male_2-U1,sham,2,tierA_p95,Macrophages,secondary_senescence,15.0,20.0,705.0,-0.0015355603328065085,0.0017407333653416482,659.0,0.0009936266623560002
7352_liver_sham_Male_2-U1,sham,2,tierA_p95,Macrophages,secondary_senescence,20.0,25.0,856.0,0.0022939135775639987,0.0015473466664639812,786.0,0.0027735369059359925
7352_liver_sham_Male_2-U1,sham,2,tierA_p95,Macrophages,secondary_senescence,25.0,30.0,880.0,-0.004024011379198617,0.0013865395271723873,872.0,0.00010133031460642387
7352_liver_sham_Male_2-U1,sham,2,tierA_p95,Macrophages,secondary_senescence,30.0,35.0,820.0,0.0024682560926122254,0.0015918334200643047,862.0,-0.0007737935474664073
7352_liver_sham_Male_2-U1,sham,2,tierA_p95,Macrophages,secondary_senescence,35.0,40.0,844.0,-0.002255900369353668,0.0014842849819029769,782.0,-0.0017234654198983498
7352_liver_sham_Male_2-U1,sham,2,tierA_p95,Macrophages,secondary_senescence,40.0,45.0,705.0,0.002343134770877015,0.0017384060330620462,729.0,8.474622972030768e-05
7352_liver_sham_Male_2-U1,sham,2,tierA_p95,Macrophages,secondary_senescence,45.0,50.0,598.0,-0.0037044816358608895,0.0017609096055235928,536.0,0.00018059695310566624
7352_liver_sham_Male_2-U1,sham,2,tierA_p95,Macrophages,secondary_senescence,50.0,55.0,523.0,0.00033783937676577785,0.0019448518657266673,488.0,0.0007583811611468383
7352_liver_sham_Male_2-U1,sham,2,tierA_p95,Macrophages,secondary_senescence,55.0,60.0,410.0,-0.0011903902887730154,0.0021623387997816114,399.0,0.0007386215093676473
7352_liver_sham_Male_2-U1,sham,2,tierA_p95,Macrophages,secondary_senescence,60.0,65.0,324.0,0.0007921296765620534,0.002486591420214351,287.0,-6.024384165737609e-05
7352_liver_sham_Male_2-U1,sham,2,tierA_p95,Macrophages,secondary_senescence,65.0,70.0,255.0,0.004691882349559855,0.0031559493561266437,212.0,-0.00034929247039882576
7352_liver_sham_Male_2-U1,sham,2,tierA_p95,Macrophages,secondary_senescence,70.0,75.0,181.0,-0.0010903315923822456,0.0031023059462186244,165.0,0.0017590910030500682
7352_liver_sham_Male_2-U1,sham,2,tierA_p95,Macrophages,secondary_senescence,75.0,80.0,122.0,-0.0007795900829314335,0.0034575793103745647,75.0,-0.0056083999929251145
7352_liver_sham_Male_2-U1,sham,2,tierA_p95,Macrophages,secondary_senescence,80.0,85.0,70.0,0.004985285809795771,0.004983149706844834,64.0,-0.0012681251519097714
7352_liver_sham_Male_2-U1,sham,2,tierA_p95,Macrophages,secondary_senescence,85.0,90.0,39.0,0.004186666580491687,0.007447216871522108,40.0,-0.006033749651396647
7352_liver_sham_Male_2-U1,sham,2,tierA_p95,Macrophages,secondary_senescence,90.0,95.0,33.0,0.0033478790216825223,0.007841062798523977,22.0,0.005214545415418053
7352_liver_sham_Male_2-U1,sham,2,tierA_p95,Macrophages,secondary_senescence,95.0,100.0,28.0,-0.011506785655261151,0.005294450747797144,22.0,-0.005886363658646587
7352_liver_sham_Male_2-U1,sham,2,tierA_p95,Macrophages,tnfa_nfkb_proximal,0.0,5.0,32.0,0.009699687550892122,0.007546086849922579,474.0,0.005745864946297286
7352_liver_sham_Male_2-U1,sham,2,tierA_p95,Macrophages,tnfa_nfkb_proximal,5.0,10.0,381.0,0.005160341226641551,0.0015165947326342879,369.0,0.004070514936579346
7352_liver_sham_Male_2-U1,sham,2,tierA_p95,Macrophages,tnfa_nfkb_proximal,10.0,15.0,702.0,0.004870669512943652,0.0011072185450252225,665.0,0.0031656240986632114
7352_liver_sham_Male_2-U1,sham,2,tierA_p95,Macrophages,tnfa_nfkb_proximal,15.0,20.0,705.0,0.0030517304685688824,0.0010159598869627332,659.0,0.00381734450214237
7352_liver_sham_Male_2-U1,sham,2,tierA_p95,Macrophages,tnfa_nfkb_proximal,20.0,25.0,856.0,0.004973609842628006,0.001046118588798356,786.0,0.004936043264139905
7352_liver_sham_Male_2-U1,sham,2,tierA_p95,Macrophages,tnfa_nfkb_proximal,25.0,30.0,880.0,0.003475363644317688,0.0009908099349851074,872.0,0.0035732912928649785
7352_liver_sham_Male_2-U1,sham,2,tierA_p95,Macrophages,tnfa_nfkb_proximal,30.0,35.0,820.0,0.0050967439139374,0.0010711291992810945,862.0,0.004257459400267353
7352_liver_sham_Male_2-U1,sham,2,tierA_p95,Macrophages,tnfa_nfkb_proximal,35.0,40.0,844.0,0.0019558175392970977,0.0009483657057741977,782.0,0.003662480863484169
7352_liver_sham_Male_2-U1,sham,2,tierA_p95,Macrophages,tnfa_nfkb_proximal,40.0,45.0,705.0,0.00502529078420084,0.0011121197393041862,729.0,0.004167956080583444
7352_liver_sham_Male_2-U1,sham,2,tierA_p95,Macrophages,tnfa_nfkb_proximal,45.0,50.0,598.0,0.002890217366102144,0.0010954863268689307,536.0,0.0054191417557512295
7352_liver_sham_Male_2-U1,sham,2,tierA_p95,Macrophages,tnfa_nfkb_proximal,50.0,55.0,523.0,0.002834550625370614,0.0013239145212113402,488.0,0.003945696682869132
7352_liver_sham_Male_2-U1,sham,2,tierA_p95,Macrophages,tnfa_nfkb_proximal,55.0,60.0,410.0,0.004962853695693278,0.0015302518558918707,399.0,0.0038843859497102954
7352_liver_sham_Male_2-U1,sham,2,tierA_p95,Macrophages,tnfa_nfkb_proximal,60.0,65.0,324.0,0.004477561689692479,0.0017869109662649253,287.0,0.0035438675657304113
7352_liver_sham_Male_2-U1,sham,2,tierA_p95,Macrophages,tnfa_nfkb_proximal,65.0,70.0,255.0,0.00560376480113037,0.001824957547192598,212.0,0.006235707526186916
7352_liver_sham_Male_2-U1,sham,2,tierA_p95,Macrophages,tnfa_nfkb_proximal,70.0,75.0,181.0,0.0030066297893336516,0.002187681712865763,165.0,0.0026276968588883226
7352_liver_sham_Male_2-U1,sham,2,tierA_p95,Macrophages,tnfa_nfkb_proximal,75.0,80.0,122.0,0.007981229536810252,0.0028651638572414332,75.0,0.0032723998619864384
7352_liver_sham_Male_2-U1,sham,2,tierA_p95,Macrophages,tnfa_nfkb_proximal,80.0,85.0,70.0,0.005559285750080432,0.003441597316070914,64.0,0.004902031346773583
7352_liver_sham_Male_2-U1,sham,2,tierA_p95,Macrophages,tnfa_nfkb_proximal,85.0,90.0,39.0,0.01099153842985218,0.005759347765952352,40.0,-0.004477749936631881
7352_liver_sham_Male_2-U1,sham,2,tierA_p95,Macrophages,tnfa_nfkb_proximal,90.0,95.0,33.0,0.011537575535123435,0.005489019979875236,22.0,0.007915909200991418
7352_liver_sham_Male_2-U1,sham,2,tierA_p95,Macrophages,tnfa_nfkb_proximal,95.0,100.0,28.0,-0.0019646428871575544,0.00517658796948843,22.0,0.009147272918860173
7352_liver_sham_Male_2-U1,sham,2,tierA_p95,Mesenchymal,downstream_arrest,0.0,5.0,19.0,0.01143263157849249,0.0044855067783907115,449.0,0.00303585744419284
7352_liver_sham_Male_2-U1,sham,2,tierA_p95,Mesenchymal,downstream_arrest,5.0,10.0,393.0,0.001115750564966095,0.0009652453712415476,349.0,0.001760315198389904
7352_liver_sham_Male_2-U1,sham,2,tierA_p95,Mesenchymal,downstream_arrest,10.0,15.0,643.0,0.0006036702622706577,0.0007455480272088615,673.0,0.0012987667230799599
7352_liver_sham_Male_2-U1,sham,2,tierA_p95,Mesenchymal,downstream_arrest,15.0,20.0,719.0,-0.000498372742794331,0.0006658630230715136,674.0,0.0005942433096285535
7352_liver_sham_Male_2-U1,sham,2,tierA_p95,Mesenchymal,downstream_arrest,20.0,25.0,809.0,0.0020404079174390134,0.0006245103053678946,733.0,0.000951309702559055
7352_liver_sham_Male_2-U1,sham,2,tierA_p95,Mesenchymal,downstream_arrest,25.0,30.0,831.0,0.0015739350176244237,0.0006289539087657091,804.0,0.001559415421287491
7352_liver_sham_Male_2-U1,sham,2,tierA_p95,Mesenchymal,downstream_arrest,30.0,35.0,828.0,0.0027920773330015656,0.0006491579557087288,800.0,0.0013103749717492973
7352_liver_sham_Male_2-U1,sham,2,tierA_p95,Mesenchymal,downstream_arrest,35.0,40.0,763.0,0.0008974573946768341,0.0006605597746520982,744.0,0.0010806182745195705
7352_liver_sham_Male_2-U1,sham,2,tierA_p95,Mesenchymal,downstream_arrest,40.0,45.0,650.0,0.0008469692411241479,0.000707475650427081,636.0,0.0007270283009610746
7352_liver_sham_Male_2-U1,sham,2,tierA_p95,Mesenchymal,downstream_arrest,45.0,50.0,568.0,0.0030586619882022104,0.0007840214591954811,566.0,0.0008257243655543949
7352_liver_sham_Male_2-U1,sham,2,tierA_p95,Mesenchymal,downstream_arrest,50.0,55.0,489.0,0.001046850733365673,0.0008345375587982474,458.0,0.0010753930166341348
7352_liver_sham_Male_2-U1,sham,2,tierA_p95,Mesenchymal,downstream_arrest,55.0,60.0,357.0,0.00042750698399171756,0.0009485070092500205,373.0,0.001993217193194629
7352_liver_sham_Male_2-U1,sham,2,tierA_p95,Mesenchymal,downstream_arrest,60.0,65.0,303.0,0.00041702966567268366,0.0009740438685335309,259.0,0.0014033976668792211
7352_liver_sham_Male_2-U1,sham,2,tierA_p95,Mesenchymal,downstream_arrest,65.0,70.0,219.0,0.002510045635868523,0.0011947560952178312,207.0,0.0027654106484935282
7352_liver_sham_Male_2-U1,sham,2,tierA_p95,Mesenchymal,downstream_arrest,70.0,75.0,158.0,0.002422151944704672,0.0014565924004366908,119.0,0.0029387394870737053
7352_liver_sham_Male_2-U1,sham,2,tierA_p95,Mesenchymal,downstream_arrest,75.0,80.0,113.0,0.00023283188816456668,0.0017520687293337079,86.0,0.0031290697944039198
7352_liver_sham_Male_2-U1,sham,2,tierA_p95,Mesenchymal,downstream_arrest,80.0,85.0,89.0,0.0022552808676552017,0.0019811437907964295,45.0,0.0016042222233308065
7352_liver_sham_Male_2-U1,sham,2,tierA_p95,Mesenchymal,downstream_arrest,85.0,90.0,62.0,-0.0016608064470347017,0.0023918676936603048,40.0,-0.0031794999555131652
7352_liver_sham_Male_2-U1,sham,2,tierA_p95,Mesenchymal,downstream_arrest,90.0,95.0,22.0,0.0012027271282435818,0.0035306796153164576,17.0,0.0012717646656229215
7352_liver_sham_Male_2-U1,sham,2,tierA_p95,Mesenchymal,downstream_arrest,95.0,100.0,19.0,-0.00011894736656502478,0.0027446596412697075,22.0,0.002620909066701477
7352_liver_sham_Male_2-U1,sham,2,tierA_p95,Mesenchymal,emt_ecm,0.0,5.0,19.0,0.06625052580707952,0.00817285557277003,449.0,0.08767968815137406
7352_liver_sham_Male_2-U1,sham,2,tierA_p95,Mesenchymal,emt_ecm,5.0,10.0,393.0,0.08511465661793191,0.0019551592629077565,349.0,0.08372616049343917
7352_liver_sham_Male_2-U1,sham,2,tierA_p95,Mesenchymal,emt_ecm,10.0,15.0,643.0,0.08438175735992638,0.0015777572647773476,673.0,0.0812870281762139
7352_liver_sham_Male_2-U1,sham,2,tierA_p95,Mesenchymal,emt_ecm,15.0,20.0,719.0,0.0819049513372897,0.0014328008197578067,674.0,0.08238137978019755
7352_liver_sham_Male_2-U1,sham,2,tierA_p95,Mesenchymal,emt_ecm,20.0,25.0,809.0,0.0828219406365455,0.0013889536552625535,733.0,0.08379147342912215
7352_liver_sham_Male_2-U1,sham,2,tierA_p95,Mesenchymal,emt_ecm,25.0,30.0,831.0,0.08518190138746909,0.0014058048484797592,804.0,0.08391805958983503
7352_liver_sham_Male_2-U1,sham,2,tierA_p95,Mesenchymal,emt_ecm,30.0,35.0,828.0,0.0838786473046147,0.0014074231958978276,800.0,0.0840967875500246
7352_liver_sham_Male_2-U1,sham,2,tierA_p95,Mesenchymal,emt_ecm,35.0,40.0,763.0,0.08428534729743277,0.0014284713144122512,744.0,0.08555986571359768
7352_liver_sham_Male_2-U1,sham,2,tierA_p95,Mesenchymal,emt_ecm,40.0,45.0,650.0,0.08306367702643351,0.0015567759609250364,636.0,0.08264484273833843
7352_liver_sham_Male_2-U1,sham,2,tierA_p95,Mesenchymal,emt_ecm,45.0,50.0,568.0,0.08650750007588395,0.0017445807883655286,566.0,0.0839406362452541
7352_liver_sham_Male_2-U1,sham,2,tierA_p95,Mesenchymal,emt_ecm,50.0,55.0,489.0,0.08235527591585565,0.0017907683533462595,458.0,0.08380975986264827
7352_liver_sham_Male_2-U1,sham,2,tierA_p95,Mesenchymal,emt_ecm,55.0,60.0,357.0,0.08379302518443904,0.002072164884886652,373.0,0.0855523859142593
7352_liver_sham_Male_2-U1,sham,2,tierA_p95,Mesenchymal,emt_ecm,60.0,65.0,303.0,0.08347013212439586,0.002310189114473518,259.0,0.08248694980351622
7352_liver_sham_Male_2-U1,sham,2,tierA_p95,Mesenchymal,emt_ecm,65.0,70.0,219.0,0.08357876712630703,0.002691950899275521,207.0,0.08017816425611575
7352_liver_sham_Male_2-U1,sham,2,tierA_p95,Mesenchymal,emt_ecm,70.0,75.0,158.0,0.08040278499897738,0.0029290312516447835,119.0,0.08670890745667725
7352_liver_sham_Male_2-U1,sham,2,tierA_p95,Mesenchymal,emt_ecm,75.0,80.0,113.0,0.08668017676332579,0.003301199199710773,86.0,0.0869375583800341
7352_liver_sham_Male_2-U1,sham,2,tierA_p95,Mesenchymal,emt_ecm,80.0,85.0,89.0,0.07567910110222155,0.003853002616388138,45.0,0.06882177794662615
7352_liver_sham_Male_2-U1,sham,2,tierA_p95,Mesenchymal,emt_ecm,85.0,90.0,62.0,0.08768064530205823,0.005037382876011182,40.0,0.07411700021475554
7352_liver_sham_Male_2-U1,sham,2,tierA_p95,Mesenchymal,emt_ecm,90.0,95.0,22.0,0.07949363558807156,0.006974704221964377,17.0,0.09813470546813573
7352_liver_sham_Male_2-U1,sham,2,tierA_p95,Mesenchymal,emt_ecm,95.0,100.0,19.0,0.0866489473142122,0.011017165500489404,22.0,0.08558545464819128
7352_liver_sham_Male_2-U1,sham,2,tierA_p95,Mesenchymal,il6_jak_stat3,0.0,5.0,19.0,0.01616157895248187,0.01251397107726686,449.0,0.010124588134908713
7352_liver_sham_Male_2-U1,sham,2,tierA_p95,Mesenchymal,il6_jak_stat3,5.0,10.0,393.0,0.011705114527772247,0.0021539299450779948,349.0,0.01175229225886569
7352_liver_sham_Male_2-U1,sham,2,tierA_p95,Mesenchymal,il6_jak_stat3,10.0,15.0,643.0,0.010476578542578888,0.0016580101446636358,673.0,0.008302793394953059
7352_liver_sham_Male_2-U1,sham,2,tierA_p95,Mesenchymal,il6_jak_stat3,15.0,20.0,719.0,0.01106787214686571,0.001629579664868036,674.0,0.00870921368489093
7352_liver_sham_Male_2-U1,sham,2,tierA_p95,Mesenchymal,il6_jak_stat3,20.0,25.0,809.0,0.012049431402267665,0.0014623252191518906,733.0,0.009388226458924436
7352_liver_sham_Male_2-U1,sham,2,tierA_p95,Mesenchymal,il6_jak_stat3,25.0,30.0,831.0,0.010449951863072796,0.001397816116298785,804.0,0.010918134345309733
7352_liver_sham_Male_2-U1,sham,2,tierA_p95,Mesenchymal,il6_jak_stat3,30.0,35.0,828.0,0.010830326120887312,0.00143689586789849,800.0,0.01242693744137796
7352_liver_sham_Male_2-U1,sham,2,tierA_p95,Mesenchymal,il6_jak_stat3,35.0,40.0,763.0,0.008947640833039653,0.0015063669827134849,744.0,0.009980483843401578
7352_liver_sham_Male_2-U1,sham,2,tierA_p95,Mesenchymal,il6_jak_stat3,40.0,45.0,650.0,0.013110707679185837,0.0016238430020898797,636.0,0.011230141483541293
7352_liver_sham_Male_2-U1,sham,2,tierA_p95,Mesenchymal,il6_jak_stat3,45.0,50.0,568.0,0.010774154909246186,0.0017538148185707448,566.0,0.014090053014748367
7352_liver_sham_Male_2-U1,sham,2,tierA_p95,Mesenchymal,il6_jak_stat3,50.0,55.0,489.0,0.01324484668994548,0.0019316189743086372,458.0,0.012988275124474546
7352_liver_sham_Male_2-U1,sham,2,tierA_p95,Mesenchymal,il6_jak_stat3,55.0,60.0,357.0,0.011920560118984003,0.002291279766362208,373.0,0.016684423719388282
7352_liver_sham_Male_2-U1,sham,2,tierA_p95,Mesenchymal,il6_jak_stat3,60.0,65.0,303.0,0.009593828358336293,0.0023828182413615996,259.0,0.012054942095199146
7352_liver_sham_Male_2-U1,sham,2,tierA_p95,Mesenchymal,il6_jak_stat3,65.0,70.0,219.0,0.015740593572715445,0.0026689461214359014,207.0,0.012306231926042775
7352_liver_sham_Male_2-U1,sham,2,tierA_p95,Mesenchymal,il6_jak_stat3,70.0,75.0,158.0,0.007757594954340146,0.0031607412068673547,119.0,0.011953781527650989
7352_liver_sham_Male_2-U1,sham,2,tierA_p95,Mesenchymal,il6_jak_stat3,75.0,80.0,113.0,0.01740008857630737,0.004599303904207867,86.0,0.016712558101104617
7352_liver_sham_Male_2-U1,sham,2,tierA_p95,Mesenchymal,il6_jak_stat3,80.0,85.0,89.0,0.005314719211179345,0.0035350115852930985,45.0,0.00944711134975983
7352_liver_sham_Male_2-U1,sham,2,tierA_p95,Mesenchymal,il6_jak_stat3,85.0,90.0,62.0,0.013480806423279817,0.0052078723723371625,40.0,0.015032999977120199
7352_liver_sham_Male_2-U1,sham,2,tierA_p95,Mesenchymal,il6_jak_stat3,90.0,95.0,22.0,0.00935409097424285,0.006828825620783301,17.0,-0.0017588235855595592
7352_liver_sham_Male_2-U1,sham,2,tierA_p95,Mesenchymal,il6_jak_stat3,95.0,100.0,19.0,0.005008947422825976,0.009752419067681711,22.0,0.018658181848216125
7352_liver_sham_Male_2-U1,sham,2,tierA_p95,Mesenchymal,interferon_response,0.0,5.0,19.0,0.04255684141657854,0.010795290970434603,449.0,0.02380757238034637
7352_liver_sham_Male_2-U1,sham,2,tierA_p95,Mesenchymal,interferon_response,5.0,10.0,393.0,0.02604081432316787,0.0017867651964184445,349.0,0.025102149086312545
7352_liver_sham_Male_2-U1,sham,2,tierA_p95,Mesenchymal,interferon_response,10.0,15.0,643.0,0.02521914457306883,0.0013658563841145981,673.0,0.02367692426051429
7352_liver_sham_Male_2-U1,sham,2,tierA_p95,Mesenchymal,interferon_response,15.0,20.0,719.0,0.024675146047482634,0.0013737597699248628,674.0,0.02381753713828238
7352_liver_sham_Male_2-U1,sham,2,tierA_p95,Mesenchymal,interferon_response,20.0,25.0,809.0,0.024674524164432006,0.0012779262165296546,733.0,0.024088049094805095
7352_liver_sham_Male_2-U1,sham,2,tierA_p95,Mesenchymal,interferon_response,25.0,30.0,831.0,0.024748820643712144,0.001128983696474277,804.0,0.024028980139315644
7352_liver_sham_Male_2-U1,sham,2,tierA_p95,Mesenchymal,interferon_response,30.0,35.0,828.0,0.02447053146928571,0.0012017772843249774,800.0,0.02570825000579134
7352_liver_sham_Male_2-U1,sham,2,tierA_p95,Mesenchymal,interferon_response,35.0,40.0,763.0,0.025633853202292677,0.00127600679866742,744.0,0.024478212318221053
7352_liver_sham_Male_2-U1,sham,2,tierA_p95,Mesenchymal,interferon_response,40.0,45.0,650.0,0.024643430751837933,0.0013723127603084283,636.0,0.02663407223477155
7352_liver_sham_Male_2-U1,sham,2,tierA_p95,Mesenchymal,interferon_response,45.0,50.0,568.0,0.02632811624215732,0.0015926274044880439,566.0,0.029520936314591305
7352_liver_sham_Male_2-U1,sham,2,tierA_p95,Mesenchymal,interferon_response,50.0,55.0,489.0,0.024864233152712682,0.0014787218905571479,458.0,0.02329384271108139
7352_liver_sham_Male_2-U1,sham,2,tierA_p95,Mesenchymal,interferon_response,55.0,60.0,357.0,0.027183221127624793,0.0020177981170669346,373.0,0.028597050890238798
7352_liver_sham_Male_2-U1,sham,2,tierA_p95,Mesenchymal,interferon_response,60.0,65.0,303.0,0.02626115508921352,0.0019579981288103286,259.0,0.028648687105870384
7352_liver_sham_Male_2-U1,sham,2,tierA_p95,Mesenchymal,interferon_response,65.0,70.0,219.0,0.027233789806253808,0.002352065187135809,207.0,0.026082850325084124
7352_liver_sham_Male_2-U1,sham,2,tierA_p95,Mesenchymal,interferon_response,70.0,75.0,158.0,0.02368721516676821,0.002604674827104083,119.0,0.02808109254472568
7352_liver_sham_Male_2-U1,sham,2,tierA_p95,Mesenchymal,interferon_response,75.0,80.0,113.0,0.030534867143832287,0.003403352909853868,86.0,0.032413256017567026
7352_liver_sham_Male_2-U1,sham,2,tierA_p95,Mesenchymal,interferon_response,80.0,85.0,89.0,0.02508831454775809,0.0034316877982157397,45.0,0.025886000289271276
7352_liver_sham_Male_2-U1,sham,2,tierA_p95,Mesenchymal,interferon_response,85.0,90.0,62.0,0.030368386931161607,0.00494168289981689,40.0,0.02384424990177649
7352_liver_sham_Male_2-U1,sham,2,tierA_p95,Mesenchymal,interferon_response,90.0,95.0,22.0,0.01907772726421668,0.006541584121019571,17.0,0.018254117711501962
7352_liver_sham_Male_2-U1,sham,2,tierA_p95,Mesenchymal,interferon_response,95.0,100.0,19.0,0.022946841861611528,0.007666596321248831,22.0,0.032579090731980447
7352_liver_sham_Male_2-U1,sham,2,tierA_p95,Mesenchymal,oxidative_stress,0.0,5.0,19.0,0.052944736016031946,0.01819535350926677,449.0,0.05792300664978066
7352_liver_sham_Male_2-U1,sham,2,tierA_p95,Mesenchymal,oxidative_stress,5.0,10.0,393.0,0.06806918546947255,0.0031296266447164442,349.0,0.0656669054096658
7352_liver_sham_Male_2-U1,sham,2,tierA_p95,Mesenchymal,oxidative_stress,10.0,15.0,643.0,0.06732897350577295,0.002574190858171029,673.0,0.07552582473383146
7352_liver_sham_Male_2-U1,sham,2,tierA_p95,Mesenchymal,oxidative_stress,15.0,20.0,719.0,0.07622026426150377,0.002394601687159315,674.0,0.07491838257599803
7352_liver_sham_Male_2-U1,sham,2,tierA_p95,Mesenchymal,oxidative_stress,20.0,25.0,809.0,0.07261087752916295,0.0023019209766303598,733.0,0.07337762616185813
7352_liver_sham_Male_2-U1,sham,2,tierA_p95,Mesenchymal,oxidative_stress,25.0,30.0,831.0,0.07186707578021824,0.002281853760398884,804.0,0.07387906707549179
7352_liver_sham_Male_2-U1,sham,2,tierA_p95,Mesenchymal,oxidative_stress,30.0,35.0,828.0,0.07037739112091944,0.002145039015250995,800.0,0.07299156244032928
7352_liver_sham_Male_2-U1,sham,2,tierA_p95,Mesenchymal,oxidative_stress,35.0,40.0,763.0,0.07263292272372064,0.002259478946474322,744.0,0.07579771493214314
7352_liver_sham_Male_2-U1,sham,2,tierA_p95,Mesenchymal,oxidative_stress,40.0,45.0,650.0,0.07544787696817926,0.0026886992897100707,636.0,0.079509544126256
7352_liver_sham_Male_2-U1,sham,2,tierA_p95,Mesenchymal,oxidative_stress,45.0,50.0,568.0,0.07626133792573327,0.0026934083517550257,566.0,0.0722385157885313
7352_liver_sham_Male_2-U1,sham,2,tierA_p95,Mesenchymal,oxidative_stress,50.0,55.0,489.0,0.07630946833863168,0.0027513122402933973,458.0,0.07384486885099036
7352_liver_sham_Male_2-U1,sham,2,tierA_p95,Mesenchymal,oxidative_stress,55.0,60.0,357.0,0.07397422951147878,0.003200192410779154,373.0,0.0696751474042051
7352_liver_sham_Male_2-U1,sham,2,tierA_p95,Mesenchymal,oxidative_stress,60.0,65.0,303.0,0.0713633005107713,0.003862194786876265,259.0,0.07376196934831684
7352_liver_sham_Male_2-U1,sham,2,tierA_p95,Mesenchymal,oxidative_stress,65.0,70.0,219.0,0.0784242008206728,0.004079900422612788,207.0,0.07066550718215567
7352_liver_sham_Male_2-U1,sham,2,tierA_p95,Mesenchymal,oxidative_stress,70.0,75.0,158.0,0.07307968346351947,0.004844850886190246,119.0,0.07206369709407426
7352_liver_sham_Male_2-U1,sham,2,tierA_p95,Mesenchymal,oxidative_stress,75.0,80.0,113.0,0.07112106241814306,0.006451019064943073,86.0,0.07324558141137755
7352_liver_sham_Male_2-U1,sham,2,tierA_p95,Mesenchymal,oxidative_stress,80.0,85.0,89.0,0.07403112352783844,0.007038683640809193,45.0,0.07230422239647144
7352_liver_sham_Male_2-U1,sham,2,tierA_p95,Mesenchymal,oxidative_stress,85.0,90.0,62.0,0.07872096762331503,0.008623678922225368,40.0,0.07033625046315137
7352_liver_sham_Male_2-U1,sham,2,tierA_p95,Mesenchymal,oxidative_stress,90.0,95.0,22.0,0.0870786357448775,0.008714647156349665,17.0,0.06310470643288948
7352_liver_sham_Male_2-U1,sham,2,tierA_p95,Mesenchymal,oxidative_stress,95.0,100.0,19.0,0.07014105366052766,0.018148986206192198,22.0,0.08891136438151906
7352_liver_sham_Male_2-U1,sham,2,tierA_p95,Mesenchymal,secondary_senescence,0.0,5.0,19.0,-0.0011889473780205375,0.01002732916525628,449.0,0.005713273975514611
7352_liver_sham_Male_2-U1,sham,2,tierA_p95,Mesenchymal,secondary_senescence,5.0,10.0,393.0,0.00840964372608132,0.0026237077217498494,349.0,0.003552865229617407
7352_liver_sham_Male_2-U1,sham,2,tierA_p95,Mesenchymal,secondary_senescence,10.0,15.0,643.0,0.002714898897004788,0.0017589688946236485,673.0,0.0017610847131182394
7352_liver_sham_Male_2-U1,sham,2,tierA_p95,Mesenchymal,secondary_senescence,15.0,20.0,719.0,0.006695312953783039,0.001808384637591996,674.0,0.0011407863532618507
7352_liver_sham_Male_2-U1,sham,2,tierA_p95,Mesenchymal,secondary_senescence,20.0,25.0,809.0,0.0020213720197646908,0.0015954175467388333,733.0,0.002761009523538356
7352_liver_sham_Male_2-U1,sham,2,tierA_p95,Mesenchymal,secondary_senescence,25.0,30.0,831.0,0.006242912199519157,0.0016030061018787,804.0,0.006681517415868551
7352_liver_sham_Male_2-U1,sham,2,tierA_p95,Mesenchymal,secondary_senescence,30.0,35.0,828.0,0.0019601328610234846,0.0015628000673533551,800.0,0.0028827625272242587
7352_liver_sham_Male_2-U1,sham,2,tierA_p95,Mesenchymal,secondary_senescence,35.0,40.0,763.0,0.0032773656224327524,0.0016761432323393502,744.0,0.002727661321333344
7352_liver_sham_Male_2-U1,sham,2,tierA_p95,Mesenchymal,secondary_senescence,40.0,45.0,650.0,0.004130200059326643,0.00175721475620154,636.0,0.002708191788403823
7352_liver_sham_Male_2-U1,sham,2,tierA_p95,Mesenchymal,secondary_senescence,45.0,50.0,568.0,0.00524098599993855,0.0019380351173984114,566.0,0.004314964674581348
7352_liver_sham_Male_2-U1,sham,2,tierA_p95,Mesenchymal,secondary_senescence,50.0,55.0,489.0,0.0012094478651936925,0.0019899278485361253,458.0,0.0037258297591439044
7352_liver_sham_Male_2-U1,sham,2,tierA_p95,Mesenchymal,secondary_senescence,55.0,60.0,357.0,0.00011512605658131038,0.0022781844221649254,373.0,0.003625147442671098
7352_liver_sham_Male_2-U1,sham,2,tierA_p95,Mesenchymal,secondary_senescence,60.0,65.0,303.0,0.0015145544935342096,0.0025615348358482533,259.0,0.002921274196323723
7352_liver_sham_Male_2-U1,sham,2,tierA_p95,Mesenchymal,secondary_senescence,65.0,70.0,219.0,0.001091461145073456,0.0029703942472986632,207.0,0.002143333430876078
7352_liver_sham_Male_2-U1,sham,2,tierA_p95,Mesenchymal,secondary_senescence,70.0,75.0,158.0,0.0008143037978502262,0.003498485955699912,119.0,0.003937395006817367
7352_liver_sham_Male_2-U1,sham,2,tierA_p95,Mesenchymal,secondary_senescence,75.0,80.0,113.0,-0.0006838051930113193,0.004653609257602379,86.0,0.002023139393713791
7352_liver_sham_Male_2-U1,sham,2,tierA_p95,Mesenchymal,secondary_senescence,80.0,85.0,89.0,-0.003859550459964431,0.004152967927869129,45.0,-0.004643332997026543
7352_liver_sham_Male_2-U1,sham,2,tierA_p95,Mesenchymal,secondary_senescence,85.0,90.0,62.0,-0.006316451605075159,0.004880134451310694,40.0,0.0015517500796704553
7352_liver_sham_Male_2-U1,sham,2,tierA_p95,Mesenchymal,secondary_senescence,90.0,95.0,22.0,-0.014170454719781199,0.006128585025745804,17.0,0.016307646586724064
7352_liver_sham_Male_2-U1,sham,2,tierA_p95,Mesenchymal,secondary_senescence,95.0,100.0,19.0,-0.0022626318723747603,0.011046518199177516,22.0,0.002507273076017472
7352_liver_sham_Male_2-U1,sham,2,tierA_p95,Mesenchymal,tnfa_nfkb_proximal,0.0,5.0,19.0,0.011663157827761575,0.007265914025031833,449.0,0.003017973215421631
7352_liver_sham_Male_2-U1,sham,2,tierA_p95,Mesenchymal,tnfa_nfkb_proximal,5.0,10.0,393.0,0.003040101752858923,0.0013582190615053658,349.0,0.0009839827849687794
7352_liver_sham_Male_2-U1,sham,2,tierA_p95,Mesenchymal,tnfa_nfkb_proximal,10.0,15.0,643.0,0.00011926909243428362,0.0009704496366448132,673.0,-0.0023899256693239754
7352_liver_sham_Male_2-U1,sham,2,tierA_p95,Mesenchymal,tnfa_nfkb_proximal,15.0,20.0,719.0,0.0003466480918325693,0.0010115223932153747,674.0,-0.0005497033092741614
7352_liver_sham_Male_2-U1,sham,2,tierA_p95,Mesenchymal,tnfa_nfkb_proximal,20.0,25.0,809.0,-0.0012818665156544636,0.0008702160967424038,733.0,0.0007444611023155808
7352_liver_sham_Male_2-U1,sham,2,tierA_p95,Mesenchymal,tnfa_nfkb_proximal,25.0,30.0,831.0,2.8784598022169532e-05,0.0008622017775438571,804.0,0.0001047388123286745
7352_liver_sham_Male_2-U1,sham,2,tierA_p95,Mesenchymal,tnfa_nfkb_proximal,30.0,35.0,828.0,0.0008716425593199483,0.0008802849968050652,800.0,-0.0006632499767329136
7352_liver_sham_Male_2-U1,sham,2,tierA_p95,Mesenchymal,tnfa_nfkb_proximal,35.0,40.0,763.0,0.00023988204265393555,0.0009102151003712063,744.0,-0.000472620953083821
7352_liver_sham_Male_2-U1,sham,2,tierA_p95,Mesenchymal,tnfa_nfkb_proximal,40.0,45.0,650.0,5.6492276652044474e-05,0.0010426162897200846,636.0,-0.0004182389554941592
7352_liver_sham_Male_2-U1,sham,2,tierA_p95,Mesenchymal,tnfa_nfkb_proximal,45.0,50.0,568.0,-0.0005628345036801503,0.0010543146593748655,566.0,0.0007784275928666064
7352_liver_sham_Male_2-U1,sham,2,tierA_p95,Mesenchymal,tnfa_nfkb_proximal,50.0,55.0,489.0,-0.0006802249190811561,0.001177486386935467,458.0,0.0007265720146735642
7352_liver_sham_Male_2-U1,sham,2,tierA_p95,Mesenchymal,tnfa_nfkb_proximal,55.0,60.0,357.0,-0.00028154054840949055,0.0013771242541154257,373.0,0.0013314477847945244
7352_liver_sham_Male_2-U1,sham,2,tierA_p95,Mesenchymal,tnfa_nfkb_proximal,60.0,65.0,303.0,-0.0011893069277353824,0.0013516140472393588,259.0,0.0012594209379675207
7352_liver_sham_Male_2-U1,sham,2,tierA_p95,Mesenchymal,tnfa_nfkb_proximal,65.0,70.0,219.0,-2.913238744415687e-05,0.0017854405790337698,207.0,0.000797777817870551
7352_liver_sham_Male_2-U1,sham,2,tierA_p95,Mesenchymal,tnfa_nfkb_proximal,70.0,75.0,158.0,0.001027151940249922,0.0018670511011810796,119.0,0.0006340336104211234
7352_liver_sham_Male_2-U1,sham,2,tierA_p95,Mesenchymal,tnfa_nfkb_proximal,75.0,80.0,113.0,0.0038769911557170193,0.0024866991717832935,86.0,-0.0013408139998213047
7352_liver_sham_Male_2-U1,sham,2,tierA_p95,Mesenchymal,tnfa_nfkb_proximal,80.0,85.0,89.0,-0.001026179748090256,0.0023967123336534634,45.0,-0.0036644444852653476
7352_liver_sham_Male_2-U1,sham,2,tierA_p95,Mesenchymal,tnfa_nfkb_proximal,85.0,90.0,62.0,-0.0016159676888491958,0.003002825564834547,40.0,-0.0031452499199076554
7352_liver_sham_Male_2-U1,sham,2,tierA_p95,Mesenchymal,tnfa_nfkb_proximal,90.0,95.0,22.0,0.0008818181608644822,0.0043585350256341426,17.0,0.0034817646151435945
7352_liver_sham_Male_2-U1,sham,2,tierA_p95,Mesenchymal,tnfa_nfkb_proximal,95.0,100.0,19.0,-0.010443684265115544,0.004760795674598889,22.0,0.004079545546450059
7352_liver_sham_Male_2-U1,sham,2,tierA_p95,T/NK cells,downstream_arrest,0.0,5.0,20.0,0.008233000134350733,0.005299886665157645,173.0,0.016710404660606575
7352_liver_sham_Male_2-U1,sham,2,tierA_p95,T/NK cells,downstream_arrest,5.0,10.0,217.0,0.021614101426292335,0.0019421105151054918,188.0,0.0178400531994486
7352_liver_sham_Male_2-U1,sham,2,tierA_p95,T/NK cells,downstream_arrest,10.0,15.0,296.0,0.013446148652919137,0.0013324041675739017,286.0,0.017279300727788684
7352_liver_sham_Male_2-U1,sham,2,tierA_p95,T/NK cells,downstream_arrest,15.0,20.0,259.0,0.01684664088426878,0.0014426448952894891,257.0,0.016830933825985994
7352_liver_sham_Male_2-U1,sham,2,tierA_p95,T/NK cells,downstream_arrest,20.0,25.0,273.0,0.016783406654925677,0.0013228632255274878,301.0,0.02037073085594358
7352_liver_sham_Male_2-U1,sham,2,tierA_p95,T/NK cells,downstream_arrest,25.0,30.0,316.0,0.018538987410638468,0.0015331493672013816,292.0,0.01612941785284943
7352_liver_sham_Male_2-U1,sham,2,tierA_p95,T/NK cells,downstream_arrest,30.0,35.0,270.0,0.01589214811608178,0.0013834889087215006,259.0,0.016328610109403986
7352_liver_sham_Male_2-U1,sham,2,tierA_p95,T/NK cells,downstream_arrest,35.0,40.0,240.0,0.01794237501526368,0.001676199286097077,229.0,0.01379048036543325
7352_liver_sham_Male_2-U1,sham,2,tierA_p95,T/NK cells,downstream_arrest,40.0,45.0,226.0,0.015362345153286609,0.0016686213690596495,208.0,0.01764730766941424
7352_liver_sham_Male_2-U1,sham,2,tierA_p95,T/NK cells,downstream_arrest,45.0,50.0,203.0,0.01882729066635185,0.0016587947330089245,170.0,0.0178800000992316
7352_liver_sham_Male_2-U1,sham,2,tierA_p95,T/NK cells,downstream_arrest,50.0,55.0,142.0,0.017546689956720336,0.0018763076442263635,148.0,0.01587608112581743
7352_liver_sham_Male_2-U1,sham,2,tierA_p95,T/NK cells,downstream_arrest,55.0,60.0,120.0,0.016180750079183782,0.002079513797696892,114.0,0.015587017627503405
7352_liver_sham_Male_2-U1,sham,2,tierA_p95,T/NK cells,downstream_arrest,60.0,65.0,96.0,0.014802812548926644,0.002430553790832595,94.0,0.013525212792762644
7352_liver_sham_Male_2-U1,sham,2,tierA_p95,T/NK cells,downstream_arrest,65.0,70.0,82.0,0.01191792700428334,0.002026266962287945,59.0,0.011640169493996112
7352_liver_sham_Male_2-U1,sham,2,tierA_p95,T/NK cells,downstream_arrest,70.0,75.0,58.0,0.011102758727341505,0.003837825264192454,40.0,0.01609249980538152
7352_liver_sham_Male_2-U1,sham,2,tierA_p95,T/NK cells,downstream_arrest,75.0,80.0,30.0,0.011763333343939546,0.0032342643326201,37.0,0.007497297250075782
7352_liver_sham_Male_2-U1,sham,2,tierA_p95,T/NK cells,downstream_arrest,80.0,85.0,29.0,0.01195137938765552,0.00544823496525412,25.0,0.018408399875334
7352_liver_sham_Male_2-U1,sham,2,tierA_p95,T/NK cells,downstream_arrest,85.0,90.0,12.0,0.01759916636607765,0.003985322580570797,12.0,0.008448333285438517
7352_liver_sham_Male_2-U1,sham,2,tierA_p95,T/NK cells,downstream_arrest,90.0,95.0,9.0,0.015714444194196,0.008645655683226288,7.0,0.016207142832822034
7352_liver_sham_Male_2-U1,sham,2,tierA_p95,T/NK cells,downstream_arrest,95.0,100.0,7.0,0.01485999976700571,0.005985322163844967,6.0,0.004868333363750328
7352_liver_sham_Male_2-U1,sham,2,tierA_p95,T/NK cells,emt_ecm,0.0,5.0,20.0,0.0322039999300614,0.010790388551917279,173.0,0.016974566386766313
7352_liver_sham_Male_2-U1,sham,2,tierA_p95,T/NK cells,emt_ecm,5.0,10.0,217.0,0.01945465430712892,0.002512049158933114,188.0,0.026230265848425915
7352_liver_sham_Male_2-U1,sham,2,tierA_p95,T/NK cells,emt_ecm,10.0,15.0,296.0,0.018652195983048767,0.0019644208636764994,286.0,0.017816608442024935
7352_liver_sham_Male_2-U1,sham,2,tierA_p95,T/NK cells,emt_ecm,15.0,20.0,259.0,0.021391814633031667,0.0019839120191326187,257.0,0.018269805459610045
7352_liver_sham_Male_2-U1,sham,2,tierA_p95,T/NK cells,emt_ecm,20.0,25.0,273.0,0.016607692342054527,0.002037322764779457,301.0,0.016480664531923667
7352_liver_sham_Male_2-U1,sham,2,tierA_p95,T/NK cells,emt_ecm,25.0,30.0,316.0,0.015007658225368698,0.0016742228389614031,292.0,0.018671712259724513
7352_liver_sham_Male_2-U1,sham,2,tierA_p95,T/NK cells,emt_ecm,30.0,35.0,270.0,0.017033222242591566,0.0019258831262106205,259.0,0.01533559850351004
7352_liver_sham_Male_2-U1,sham,2,tierA_p95,T/NK cells,emt_ecm,35.0,40.0,240.0,0.01519933322409391,0.0019348667152351456,229.0,0.012325764163732773
7352_liver_sham_Male_2-U1,sham,2,tierA_p95,T/NK cells,emt_ecm,40.0,45.0,226.0,0.016118008824128685,0.001928814509784959,208.0,0.016476153813178265
7352_liver_sham_Male_2-U1,sham,2,tierA_p95,T/NK cells,emt_ecm,45.0,50.0,203.0,0.01741187200298604,0.0024193094612129863,170.0,0.01729182359068706
7352_liver_sham_Male_2-U1,sham,2,tierA_p95,T/NK cells,emt_ecm,50.0,55.0,142.0,0.01494549293092347,0.002575258590148336,148.0,0.017662094543157838
7352_liver_sham_Male_2-U1,sham,2,tierA_p95,T/NK cells,emt_ecm,55.0,60.0,120.0,0.01243349997093901,0.002499587629290116,114.0,0.014204649108394637
7352_liver_sham_Male_2-U1,sham,2,tierA_p95,T/NK cells,emt_ecm,60.0,65.0,96.0,0.017761770788638387,0.0030188276996475773,94.0,0.01427489373878764
7352_liver_sham_Male_2-U1,sham,2,tierA_p95,T/NK cells,emt_ecm,65.0,70.0,82.0,0.010861341488723666,0.0029171052033556233,59.0,0.012400847383783695
7352_liver_sham_Male_2-U1,sham,2,tierA_p95,T/NK cells,emt_ecm,70.0,75.0,58.0,0.012101034595679235,0.004079123360394987,40.0,0.007172250012990844
7352_liver_sham_Male_2-U1,sham,2,tierA_p95,T/NK cells,emt_ecm,75.0,80.0,30.0,0.026953999917410935,0.005812758212841253,37.0,0.019316215936497256
7352_liver_sham_Male_2-U1,sham,2,tierA_p95,T/NK cells,emt_ecm,80.0,85.0,29.0,0.013375517498733926,0.004391472055667475,25.0,0.01132199989631772
7352_liver_sham_Male_2-U1,sham,2,tierA_p95,T/NK cells,emt_ecm,85.0,90.0,12.0,0.010361666555885071,0.005520164118742425,12.0,0.015349999691049257
7352_liver_sham_Male_2-U1,sham,2,tierA_p95,T/NK cells,emt_ecm,90.0,95.0,9.0,0.006692221750401788,0.006934405523103281,7.0,0.013679999991187028
7352_liver_sham_Male_2-U1,sham,2,tierA_p95,T/NK cells,emt_ecm,95.0,100.0,7.0,0.025359999987163713,0.008818739448812181,6.0,-0.0009999996206412713
7352_liver_sham_Male_2-U1,sham,2,tierA_p95,T/NK cells,il6_jak_stat3,0.0,5.0,20.0,0.029626000204734736,0.012461983520060728,173.0,0.03300687843734601
7352_liver_sham_Male_2-U1,sham,2,tierA_p95,T/NK cells,il6_jak_stat3,5.0,10.0,217.0,0.03689414765759898,0.0033055492621415143,188.0,0.036281915091286525
7352_liver_sham_Male_2-U1,sham,2,tierA_p95,T/NK cells,il6_jak_stat3,10.0,15.0,296.0,0.03956618240212068,0.0029826921238798737,286.0,0.03308734278488901
7352_liver_sham_Male_2-U1,sham,2,tierA_p95,T/NK cells,il6_jak_stat3,15.0,20.0,259.0,0.03216799233907934,0.0029281663199625255,257.0,0.038594708138925536
7352_liver_sham_Male_2-U1,sham,2,tierA_p95,T/NK cells,il6_jak_stat3,20.0,25.0,273.0,0.026572783948702657,0.0026637378547131546,301.0,0.033570996736175536
7352_liver_sham_Male_2-U1,sham,2,tierA_p95,T/NK cells,il6_jak_stat3,25.0,30.0,316.0,0.030167784929957794,0.0025681993480057234,292.0,0.032845068574516356
7352_liver_sham_Male_2-U1,sham,2,tierA_p95,T/NK cells,il6_jak_stat3,30.0,35.0,270.0,0.029485888900105946,0.0030403222531500437,259.0,0.032074903566392525
7352_liver_sham_Male_2-U1,sham,2,tierA_p95,T/NK cells,il6_jak_stat3,35.0,40.0,240.0,0.03024237492403093,0.0031709466740409502,229.0,0.027428384213993025
7352_liver_sham_Male_2-U1,sham,2,tierA_p95,T/NK cells,il6_jak_stat3,40.0,45.0,226.0,0.03325252205960708,0.0029926660426504415,208.0,0.029900769081555503
7352_liver_sham_Male_2-U1,sham,2,tierA_p95,T/NK cells,il6_jak_stat3,45.0,50.0,203.0,0.03486990127620732,0.0034714670105727673,170.0,0.02636600005635581
7352_liver_sham_Male_2-U1,sham,2,tierA_p95,T/NK cells,il6_jak_stat3,50.0,55.0,142.0,0.02901563381581095,0.0040077707717261065,148.0,0.02637087828338121
7352_liver_sham_Male_2-U1,sham,2,tierA_p95,T/NK cells,il6_jak_stat3,55.0,60.0,120.0,0.02901258331645901,0.004079894445125312,114.0,0.03505692987706872
7352_liver_sham_Male_2-U1,sham,2,tierA_p95,T/NK cells,il6_jak_stat3,60.0,65.0,96.0,0.03673270854145964,0.005158134039142522,94.0,0.03726180860874283
7352_liver_sham_Male_2-U1,sham,2,tierA_p95,T/NK cells,il6_jak_stat3,65.0,70.0,82.0,0.033721219619065976,0.005730524684437784,59.0,0.01528237306244545
7352_liver_sham_Male_2-U1,sham,2,tierA_p95,T/NK cells,il6_jak_stat3,70.0,75.0,58.0,0.019459482537309544,0.00458658753202774,40.0,0.023474999953759835
7352_liver_sham_Male_2-U1,sham,2,tierA_p95,T/NK cells,il6_jak_stat3,75.0,80.0,30.0,0.03176200016993486,0.007738218722178181,37.0,0.03184702733808474
7352_liver_sham_Male_2-U1,sham,2,tierA_p95,T/NK cells,il6_jak_stat3,80.0,85.0,29.0,0.03353793139906664,0.007915131465709525,25.0,0.03342999994754791
7352_liver_sham_Male_2-U1,sham,2,tierA_p95,T/NK cells,il6_jak_stat3,85.0,90.0,12.0,0.023324166618598003,0.0193355456763539,12.0,0.04339833348058164
7352_liver_sham_Male_2-U1,sham,2,tierA_p95,T/NK cells,il6_jak_stat3,90.0,95.0,9.0,0.02798555572129165,0.013551085011917692,7.0,0.030999999160745313
7352_liver_sham_Male_2-U1,sham,2,tierA_p95,T/NK cells,il6_jak_stat3,95.0,100.0,7.0,0.025527144374791533,0.020142832923371327,6.0,0.0010983335184088598
7352_liver_sham_Male_2-U1,sham,2,tierA_p95,T/NK cells,interferon_response,0.0,5.0,20.0,0.04385399944148958,0.009238920535826622,173.0,0.061364797824816075
7352_liver_sham_Male_2-U1,sham,2,tierA_p95,T/NK cells,interferon_response,5.0,10.0,217.0,0.06620175111475551,0.0036796998919767262,188.0,0.06604776603567285
7352_liver_sham_Male_2-U1,sham,2,tierA_p95,T/NK cells,interferon_response,10.0,15.0,296.0,0.06138168908354773,0.0029190917697718183,286.0,0.06030657342275877
7352_liver_sham_Male_2-U1,sham,2,tierA_p95,T/NK cells,interferon_response,15.0,20.0,259.0,0.057562200778923475,0.002894246125986804,257.0,0.0611485602767132
7352_liver_sham_Male_2-U1,sham,2,tierA_p95,T/NK cells,interferon_response,20.0,25.0,273.0,0.0563173993160713,0.002990363561928905,301.0,0.05993494997627722
7352_liver_sham_Male_2-U1,sham,2,tierA_p95,T/NK cells,interferon_response,25.0,30.0,316.0,0.05971844929150347,0.0025945481554899286,292.0,0.059233938438709416
7352_liver_sham_Male_2-U1,sham,2,tierA_p95,T/NK cells,interferon_response,30.0,35.0,270.0,0.05497822235219819,0.0025330753840334575,259.0,0.05948270278684813
7352_liver_sham_Male_2-U1,sham,2,tierA_p95,T/NK cells,interferon_response,35.0,40.0,240.0,0.06005004179918008,0.002954302477757035,229.0,0.05198689949528826
7352_liver_sham_Male_2-U1,sham,2,tierA_p95,T/NK cells,interferon_response,40.0,45.0,226.0,0.057501415889225985,0.0027631923978528976,208.0,0.057478076867832545
7352_liver_sham_Male_2-U1,sham,2,tierA_p95,T/NK cells,interferon_response,45.0,50.0,203.0,0.061723448131680764,0.0032897234763955945,170.0,0.052703823742579994
7352_liver_sham_Male_2-U1,sham,2,tierA_p95,T/NK cells,interferon_response,50.0,55.0,142.0,0.059854366291891524,0.004113174489944515,148.0,0.052730000039839464
7352_liver_sham_Male_2-U1,sham,2,tierA_p95,T/NK cells,interferon_response,55.0,60.0,120.0,0.058963333276915365,0.0038426106291511923,114.0,0.06178824578793801
7352_liver_sham_Male_2-U1,sham,2,tierA_p95,T/NK cells,interferon_response,60.0,65.0,96.0,0.05534875022082512,0.003960399661786741,94.0,0.06417744644630224
7352_liver_sham_Male_2-U1,sham,2,tierA_p95,T/NK cells,interferon_response,65.0,70.0,82.0,0.057470000124672745,0.004753945458752792,59.0,0.04337474588064035
7352_liver_sham_Male_2-U1,sham,2,tierA_p95,T/NK cells,interferon_response,70.0,75.0,58.0,0.046204310107112116,0.005039517155545509,40.0,0.049256749562482584
7352_liver_sham_Male_2-U1,sham,2,tierA_p95,T/NK cells,interferon_response,75.0,80.0,30.0,0.059724000034232935,0.0082566932954215,37.0,0.062110270574890276
7352_liver_sham_Male_2-U1,sham,2,tierA_p95,T/NK cells,interferon_response,80.0,85.0,29.0,0.05337206932619728,0.006061859987233254,25.0,0.06407520025037229
7352_liver_sham_Male_2-U1,sham,2,tierA_p95,T/NK cells,interferon_response,85.0,90.0,12.0,0.04070083378852966,0.011660015033985125,12.0,0.06848999951034784
7352_liver_sham_Male_2-U1,sham,2,tierA_p95,T/NK cells,interferon_response,90.0,95.0,9.0,0.05389777777923478,0.012257351021470499,7.0,0.05245428532361984
7352_liver_sham_Male_2-U1,sham,2,tierA_p95,T/NK cells,interferon_response,95.0,100.0,7.0,0.05264000062847377,0.014260037523498316,6.0,0.04198999974566201
7352_liver_sham_Male_2-U1,sham,2,tierA_p95,T/NK cells,oxidative_stress,0.0,5.0,20.0,0.059124999982304874,0.013792996856203993,173.0,0.05618300583217605
7352_liver_sham_Male_2-U1,sham,2,tierA_p95,T/NK cells,oxidative_stress,5.0,10.0,217.0,0.053424101322352854,0.004805188532425868,188.0,0.06261558505475671
7352_liver_sham_Male_2-U1,sham,2,tierA_p95,T/NK cells,oxidative_stress,10.0,15.0,296.0,0.06617077719060084,0.003905310606465479,286.0,0.05872951068860883
7352_liver_sham_Male_2-U1,sham,2,tierA_p95,T/NK cells,oxidative_stress,15.0,20.0,259.0,0.06052590707800972,0.004356567305102297,257.0,0.06051673146135968
7352_liver_sham_Male_2-U1,sham,2,tierA_p95,T/NK cells,oxidative_stress,20.0,25.0,273.0,0.05203183154228413,0.004060094652882041,301.0,0.061202225861620344
7352_liver_sham_Male_2-U1,sham,2,tierA_p95,T/NK cells,oxidative_stress,25.0,30.0,316.0,0.06250917723971011,0.0037930222141596805,292.0,0.06045243163062467
7352_liver_sham_Male_2-U1,sham,2,tierA_p95,T/NK cells,oxidative_stress,30.0,35.0,270.0,0.06695003704312344,0.004290612017474104,259.0,0.06532849406553097
7352_liver_sham_Male_2-U1,sham,2,tierA_p95,T/NK cells,oxidative_stress,35.0,40.0,240.0,0.062202291546903626,0.004374638019136492,229.0,0.061584366931534
7352_liver_sham_Male_2-U1,sham,2,tierA_p95,T/NK cells,oxidative_stress,40.0,45.0,226.0,0.06024371689713876,0.004617417744097557,208.0,0.06612245182623155
7352_liver_sham_Male_2-U1,sham,2,tierA_p95,T/NK cells,oxidative_stress,45.0,50.0,203.0,0.062230591023950996,0.004953070184386351,170.0,0.05910652940545012
7352_liver_sham_Male_2-U1,sham,2,tierA_p95,T/NK cells,oxidative_stress,50.0,55.0,142.0,0.06924077492981205,0.005695645061385733,148.0,0.07096479724527485
7352_liver_sham_Male_2-U1,sham,2,tierA_p95,T/NK cells,oxidative_stress,55.0,60.0,120.0,0.05673625031243622,0.006634674411764727,114.0,0.06940780700952337
7352_liver_sham_Male_2-U1,sham,2,tierA_p95,T/NK cells,oxidative_stress,60.0,65.0,96.0,0.06814770789302808,0.007529970196565898,94.0,0.06212553166923054
7352_liver_sham_Male_2-U1,sham,2,tierA_p95,T/NK cells,oxidative_stress,65.0,70.0,82.0,0.06698097559283048,0.0079648915516274,59.0,0.04451966110885269
7352_liver_sham_Male_2-U1,sham,2,tierA_p95,T/NK cells,oxidative_stress,70.0,75.0,58.0,0.05398810380888633,0.007863356285870414,40.0,0.05261800044681877
7352_liver_sham_Male_2-U1,sham,2,tierA_p95,T/NK cells,oxidative_stress,75.0,80.0,30.0,0.061558000207878646,0.013848440008693202,37.0,0.06418243239356859
7352_liver_sham_Male_2-U1,sham,2,tierA_p95,T/NK cells,oxidative_stress,80.0,85.0,29.0,0.05507034471194292,0.010776572241439408,25.0,0.04495359933469444
7352_liver_sham_Male_2-U1,sham,2,tierA_p95,T/NK cells,oxidative_stress,85.0,90.0,12.0,0.1033625000466903,0.018872863784855556,12.0,0.10500166685475658
7352_liver_sham_Male_2-U1,sham,2,tierA_p95,T/NK cells,oxidative_stress,90.0,95.0,9.0,0.06328111079831918,0.015834175630530797,7.0,0.030584285834005902
7352_liver_sham_Male_2-U1,sham,2,tierA_p95,T/NK cells,oxidative_stress,95.0,100.0,7.0,0.0831314291738506,0.016980996206712225,6.0,0.03207166803379854
7352_liver_sham_Male_2-U1,sham,2,tierA_p95,T/NK cells,secondary_senescence,0.0,5.0,20.0,-0.0006344999419525266,0.00978484992965832,173.0,-0.0032949710895328896
7352_liver_sham_Male_2-U1,sham,2,tierA_p95,T/NK cells,secondary_senescence,5.0,10.0,217.0,0.0007930875316841371,0.0033440149741130994,188.0,0.00033813822140841014
7352_liver_sham_Male_2-U1,sham,2,tierA_p95,T/NK cells,secondary_senescence,10.0,15.0,296.0,-0.0007606081648240483,0.0028039049953785607,286.0,-0.00691902093921863
7352_liver_sham_Male_2-U1,sham,2,tierA_p95,T/NK cells,secondary_senescence,15.0,20.0,259.0,-0.0035414672426341827,0.0027955557606802453,257.0,0.002558365706270579
7352_liver_sham_Male_2-U1,sham,2,tierA_p95,T/NK cells,secondary_senescence,20.0,25.0,273.0,-0.008435824201544644,0.0025072178550086545,301.0,-0.002396677772319594
7352_liver_sham_Male_2-U1,sham,2,tierA_p95,T/NK cells,secondary_senescence,25.0,30.0,316.0,-0.0014510760065374448,0.002548618344233124,292.0,-0.0045821232969788135
7352_liver_sham_Male_2-U1,sham,2,tierA_p95,T/NK cells,secondary_senescence,30.0,35.0,270.0,-0.0031497408179145875,0.0027316822246971294,259.0,-0.004466525129870508
7352_liver_sham_Male_2-U1,sham,2,tierA_p95,T/NK cells,secondary_senescence,35.0,40.0,240.0,-0.007739249990603033,0.0027329830727688717,229.0,-0.0033850656183945895
7352_liver_sham_Male_2-U1,sham,2,tierA_p95,T/NK cells,secondary_senescence,40.0,45.0,226.0,-0.005171991160203316,0.0027369780247028072,208.0,-0.007401009643392451
7352_liver_sham_Male_2-U1,sham,2,tierA_p95,T/NK cells,secondary_senescence,45.0,50.0,203.0,0.0011575862124741188,0.0031332228555353107,170.0,-0.004240411828975672
7352_liver_sham_Male_2-U1,sham,2,tierA_p95,T/NK cells,secondary_senescence,50.0,55.0,142.0,-0.010551408465507336,0.003106179805097684,148.0,-0.004506418996685612
7352_liver_sham_Male_2-U1,sham,2,tierA_p95,T/NK cells,secondary_senescence,55.0,60.0,120.0,-0.010830833353490258,0.0036590022015154824,114.0,-0.0078185964873563
7352_liver_sham_Male_2-U1,sham,2,tierA_p95,T/NK cells,secondary_senescence,60.0,65.0,96.0,0.0005762498246137208,0.004869986502877811,94.0,-0.011414574518641259
7352_liver_sham_Male_2-U1,sham,2,tierA_p95,T/NK cells,secondary_senescence,65.0,70.0,82.0,-0.015267926920098877,0.004380228383306474,59.0,-0.011997796477694696
7352_liver_sham_Male_2-U1,sham,2,tierA_p95,T/NK cells,secondary_senescence,70.0,75.0,58.0,-0.011639137678089198,0.005191774298192643,40.0,-0.0077097499859519305
7352_liver_sham_Male_2-U1,sham,2,tierA_p95,T/NK cells,secondary_senescence,75.0,80.0,30.0,-0.0077066663041478025,0.008251829718546056,37.0,-0.010895675668065008
7352_liver_sham_Male_2-U1,sham,2,tierA_p95,T/NK cells,secondary_senescence,80.0,85.0,29.0,-0.01030551755784786,0.00745047302647121,25.0,-0.012012399926315993
7352_liver_sham_Male_2-U1,sham,2,tierA_p95,T/NK cells,secondary_senescence,85.0,90.0,12.0,-0.010499165665047864,0.014045794154325345,12.0,-0.010994166640254358
7352_liver_sham_Male_2-U1,sham,2,tierA_p95,T/NK cells,secondary_senescence,90.0,95.0,9.0,-0.034204444330599576,0.010328532055575107,7.0,-0.03093857131898403
7352_liver_sham_Male_2-U1,sham,2,tierA_p95,T/NK cells,secondary_senescence,95.0,100.0,7.0,0.020348571041332825,0.030816152973917557,6.0,-0.01641166675835848
7352_liver_sham_Male_2-U1,sham,2,tierA_p95,T/NK cells,tnfa_nfkb_proximal,0.0,5.0,20.0,-0.003124499991099583,0.006166526041121453,173.0,0.005535491271149044
7352_liver_sham_Male_2-U1,sham,2,tierA_p95,T/NK cells,tnfa_nfkb_proximal,5.0,10.0,217.0,0.008113179778334714,0.0022825785866571902,188.0,0.009626701996684788
7352_liver_sham_Male_2-U1,sham,2,tierA_p95,T/NK cells,tnfa_nfkb_proximal,10.0,15.0,296.0,0.0050284797347853166,0.0019021468642054533,286.0,0.0031183915621018155
7352_liver_sham_Male_2-U1,sham,2,tierA_p95,T/NK cells,tnfa_nfkb_proximal,15.0,20.0,259.0,0.0009480694773217932,0.001709412754611524,257.0,0.005739844337346736
7352_liver_sham_Male_2-U1,sham,2,tierA_p95,T/NK cells,tnfa_nfkb_proximal,20.0,25.0,273.0,0.0017882783615990668,0.0017245515513704523,301.0,-0.0005038538438142695
7352_liver_sham_Male_2-U1,sham,2,tierA_p95,T/NK cells,tnfa_nfkb_proximal,25.0,30.0,316.0,0.004455221557081235,0.0017864452672518244,292.0,0.0015607534189431846
7352_liver_sham_Male_2-U1,sham,2,tierA_p95,T/NK cells,tnfa_nfkb_proximal,30.0,35.0,270.0,0.001879740666858938,0.0017811602371265824,259.0,0.002819729784562461
7352_liver_sham_Male_2-U1,sham,2,tierA_p95,T/NK cells,tnfa_nfkb_proximal,35.0,40.0,240.0,-0.00015424996260359573,0.001764948392178835,229.0,0.0005186463164120626
7352_liver_sham_Male_2-U1,sham,2,tierA_p95,T/NK cells,tnfa_nfkb_proximal,40.0,45.0,226.0,0.0014455309670842952,0.0018135510882076183,208.0,0.003145721114868558
7352_liver_sham_Male_2-U1,sham,2,tierA_p95,T/NK cells,tnfa_nfkb_proximal,45.0,50.0,203.0,0.004837438383878305,0.0022066299909594697,170.0,0.0006859412177137154
7352_liver_sham_Male_2-U1,sham,2,tierA_p95,T/NK cells,tnfa_nfkb_proximal,50.0,55.0,142.0,4.922528935655374e-05,0.0022671521534906396,148.0,-0.001780743238349395
7352_liver_sham_Male_2-U1,sham,2,tierA_p95,T/NK cells,tnfa_nfkb_proximal,55.0,60.0,120.0,0.0034475834104038465,0.0024035472299788717,114.0,0.004642456222076393
7352_liver_sham_Male_2-U1,sham,2,tierA_p95,T/NK cells,tnfa_nfkb_proximal,60.0,65.0,96.0,-0.0015789582942791942,0.002610944769848382,94.0,0.00417659575233553
7352_liver_sham_Male_2-U1,sham,2,tierA_p95,T/NK cells,tnfa_nfkb_proximal,65.0,70.0,82.0,0.0034385363935764807,0.0029833772162946946,59.0,-0.005329152448813163
7352_liver_sham_Male_2-U1,sham,2,tierA_p95,T/NK cells,tnfa_nfkb_proximal,70.0,75.0,58.0,-0.0007810344977770001,0.003725071288305135,40.0,-0.00222825002274476
7352_liver_sham_Male_2-U1,sham,2,tierA_p95,T/NK cells,tnfa_nfkb_proximal,75.0,80.0,30.0,-0.001494333427399397,0.005518612495592128,37.0,0.001120270269992132
7352_liver_sham_Male_2-U1,sham,2,tierA_p95,T/NK cells,tnfa_nfkb_proximal,80.0,85.0,29.0,-0.00554379310201982,0.004784845142222174,25.0,-0.0009379999153316021
7352_liver_sham_Male_2-U1,sham,2,tierA_p95,T/NK cells,tnfa_nfkb_proximal,85.0,90.0,12.0,-0.004916666531547283,0.005002575497964396,12.0,-0.013684999973823627
7352_liver_sham_Male_2-U1,sham,2,tierA_p95,T/NK cells,tnfa_nfkb_proximal,90.0,95.0,9.0,-0.01579555579357677,0.0072073778248779715,7.0,0.00032714312796347907
7352_liver_sham_Male_2-U1,sham,2,tierA_p95,T/NK cells,tnfa_nfkb_proximal,95.0,100.0,7.0,-0.0036485717365784304,0.01242895671830728,6.0,0.0019049995268384616
7352_liver_sham_Male_2-U1,sham,2,tierA_p95,vSMCs,downstream_arrest,0.0,5.0,44.0,0.0073590909993403,0.0028300548759353974,245.0,-0.00019591835871509902
7352_liver_sham_Male_2-U1,sham,2,tierA_p95,vSMCs,downstream_arrest,5.0,10.0,421.0,0.00014760098864590956,0.0010607344717785433,377.0,0.0013689390168354207
7352_liver_sham_Male_2-U1,sham,2,tierA_p95,vSMCs,downstream_arrest,10.0,15.0,515.0,-0.0013096504925255148,0.0009235652904472378,456.0,-0.00039758767477331657
7352_liver_sham_Male_2-U1,sham,2,tierA_p95,vSMCs,downstream_arrest,15.0,20.0,488.0,-0.0006458401484018933,0.0009017301230360038,433.0,0.0012663509978518357
7352_liver_sham_Male_2-U1,sham,2,tierA_p95,vSMCs,downstream_arrest,20.0,25.0,444.0,-0.0010586486766876511,0.00097718995077607,458.0,-0.0007633187670250374
7352_liver_sham_Male_2-U1,sham,2,tierA_p95,vSMCs,downstream_arrest,25.0,30.0,380.0,-0.000864868414445434,0.00105381151478838,426.0,-0.0005554929131579404
7352_liver_sham_Male_2-U1,sham,2,tierA_p95,vSMCs,downstream_arrest,30.0,35.0,366.0,0.0008500546768506164,0.0010290362099672663,402.0,0.00023335815843603623
7352_liver_sham_Male_2-U1,sham,2,tierA_p95,vSMCs,downstream_arrest,35.0,40.0,294.0,0.00013782312672279957,0.0012452017304031972,284.0,9.933099212964446e-05
7352_liver_sham_Male_2-U1,sham,2,tierA_p95,vSMCs,downstream_arrest,40.0,45.0,233.0,-0.00047326179713039765,0.0012863783671066462,215.0,-0.0021702790469388736
7352_liver_sham_Male_2-U1,sham,2,tierA_p95,vSMCs,downstream_arrest,45.0,50.0,179.0,0.00034675985140928886,0.0016162889565627904,171.0,0.00012994157377601878
7352_liver_sham_Male_2-U1,sham,2,tierA_p95,vSMCs,downstream_arrest,50.0,55.0,140.0,0.00120621426748195,0.0015584051966106834,114.0,-0.0007619297884957632
7352_liver_sham_Male_2-U1,sham,2,tierA_p95,vSMCs,downstream_arrest,55.0,60.0,109.0,-0.0017795411934232374,0.0018486981646479322,95.0,-0.0008099999868519311
7352_liver_sham_Male_2-U1,sham,2,tierA_p95,vSMCs,downstream_arrest,60.0,65.0,90.0,0.0017875555406337501,0.0020608525938320614,70.0,-0.0007102856470737606
7352_liver_sham_Male_2-U1,sham,2,tierA_p95,vSMCs,downstream_arrest,65.0,70.0,69.0,0.004823043414786377,0.002606352965809748,46.0,0.000684999926623119
7352_liver_sham_Male_2-U1,sham,2,tierA_p95,vSMCs,downstream_arrest,70.0,75.0,52.0,0.0032124999550153287,0.0024332478591156366,37.0,0.002701621700071956
7352_liver_sham_Male_2-U1,sham,2,tierA_p95,vSMCs,downstream_arrest,75.0,80.0,31.0,0.006295161256040897,0.0037075912311387905,20.0,-0.003092000000469852
7352_liver_sham_Male_2-U1,sham,2,tierA_p95,vSMCs,downstream_arrest,80.0,85.0,24.0,0.0031495831620607837,0.0051169135788398205,23.0,-0.00030478261633897603
7352_liver_sham_Male_2-U1,sham,2,tierA_p95,vSMCs,downstream_arrest,85.0,90.0,14.0,-0.0048028569602008376,0.005033112369460289,11.0,0.0063954544364771045
7352_liver_sham_Male_2-U1,sham,2,tierA_p95,vSMCs,downstream_arrest,90.0,95.0,6.0,0.00013833330982985595,0.009891940503820862,10.0,-0.004069000110030174
7352_liver_sham_Male_2-U1,sham,2,tierA_p95,vSMCs,downstream_arrest,95.0,100.0,11.0,0.0012090910353105176,0.00693696237707227,17.0,-0.0029976471970953487
7352_liver_sham_Male_2-U1,sham,2,tierA_p95,vSMCs,emt_ecm,0.0,5.0,44.0,0.12919045452409508,0.01263053618789568,245.0,0.10950653121797178
7352_liver_sham_Male_2-U1,sham,2,tierA_p95,vSMCs,emt_ecm,5.0,10.0,421.0,0.11991779112966063,0.0034707397002119063,377.0,0.11563342189232866
7352_liver_sham_Male_2-U1,sham,2,tierA_p95,vSMCs,emt_ecm,10.0,15.0,515.0,0.11070161180184178,0.0033967454761929146,456.0,0.10762605260095913
7352_liver_sham_Male_2-U1,sham,2,tierA_p95,vSMCs,emt_ecm,15.0,20.0,488.0,0.10671247944220176,0.0034847125932664573,433.0,0.10333697486169556
7352_liver_sham_Male_2-U1,sham,2,tierA_p95,vSMCs,emt_ecm,20.0,25.0,444.0,0.1010631981957599,0.0035431641889810965,458.0,0.10167897382033551
7352_liver_sham_Male_2-U1,sham,2,tierA_p95,vSMCs,emt_ecm,25.0,30.0,380.0,0.10109797367109231,0.0039008615709902566,426.0,0.1012545538976749
7352_liver_sham_Male_2-U1,sham,2,tierA_p95,vSMCs,emt_ecm,30.0,35.0,366.0,0.09435158494810911,0.003818153541022169,402.0,0.09939233837339365
7352_liver_sham_Male_2-U1,sham,2,tierA_p95,vSMCs,emt_ecm,35.0,40.0,294.0,0.08997136034324074,0.004313157618649664,284.0,0.0952317604978432
7352_liver_sham_Male_2-U1,sham,2,tierA_p95,vSMCs,emt_ecm,40.0,45.0,233.0,0.10009180274722067,0.0049562615358072605,215.0,0.10095339542428075
7352_liver_sham_Male_2-U1,sham,2,tierA_p95,vSMCs,emt_ecm,45.0,50.0,179.0,0.09662910608390045,0.004957675215416015,171.0,0.10104257329700689
7352_liver_sham_Male_2-U1,sham,2,tierA_p95,vSMCs,emt_ecm,50.0,55.0,140.0,0.08785285717042696,0.0059914559714540185,114.0,0.09427421028815668
7352_liver_sham_Male_2-U1,sham,2,tierA_p95,vSMCs,emt_ecm,55.0,60.0,109.0,0.09768201856779943,0.00707743887573433,95.0,0.08205905240274182
7352_liver_sham_Male_2-U1,sham,2,tierA_p95,vSMCs,emt_ecm,60.0,65.0,90.0,0.09067788883629772,0.008011552734764076,70.0,0.08933357156014868
7352_liver_sham_Male_2-U1,sham,2,tierA_p95,vSMCs,emt_ecm,65.0,70.0,69.0,0.0951421741426558,0.00964659627011912,46.0,0.09860608652841461
7352_liver_sham_Male_2-U1,sham,2,tierA_p95,vSMCs,emt_ecm,70.0,75.0,52.0,0.10893211588308287,0.010609802822934021,37.0,0.10172351335043188
7352_liver_sham_Male_2-U1,sham,2,tierA_p95,vSMCs,emt_ecm,75.0,80.0,31.0,0.09423451643857744,0.013568526467967914,20.0,0.12379649970680476
7352_liver_sham_Male_2-U1,sham,2,tierA_p95,vSMCs,emt_ecm,80.0,85.0,24.0,0.09871749970382855,0.01424613381759874,23.0,0.09761826070430486
7352_liver_sham_Male_2-U1,sham,2,tierA_p95,vSMCs,emt_ecm,85.0,90.0,14.0,0.06870142821156021,0.013928356797194629,11.0,0.07501818180422891
7352_liver_sham_Male_2-U1,sham,2,tierA_p95,vSMCs,emt_ecm,90.0,95.0,6.0,0.1273100028435389,0.03197237801742935,10.0,0.11639499962329865
7352_liver_sham_Male_2-U1,sham,2,tierA_p95,vSMCs,emt_ecm,95.0,100.0,11.0,0.10125181857835162,0.020652702956752984,17.0,0.11033176455427618
7352_liver_sham_Male_2-U1,sham,2,tierA_p95,vSMCs,il6_jak_stat3,0.0,5.0,44.0,0.014648181872788964,0.006262438467451887,245.0,0.024816081721848827
7352_liver_sham_Male_2-U1,sham,2,tierA_p95,vSMCs,il6_jak_stat3,5.0,10.0,421.0,0.01787415678522189,0.002124602148836381,377.0,0.017717877999105583
7352_liver_sham_Male_2-U1,sham,2,tierA_p95,vSMCs,il6_jak_stat3,10.0,15.0,515.0,0.01739246606090992,0.001867357023591321,456.0,0.016818749898878816
7352_liver_sham_Male_2-U1,sham,2,tierA_p95,vSMCs,il6_jak_stat3,15.0,20.0,488.0,0.018591311466673793,0.002122888252715478,433.0,0.015684826670008655
7352_liver_sham_Male_2-U1,sham,2,tierA_p95,vSMCs,il6_jak_stat3,20.0,25.0,444.0,0.019284234257668745,0.0020338312402264306,458.0,0.018032248955956856
7352_liver_sham_Male_2-U1,sham,2,tierA_p95,vSMCs,il6_jak_stat3,25.0,30.0,380.0,0.019343447351045477,0.002243609179021909,426.0,0.019817042257452323
7352_liver_sham_Male_2-U1,sham,2,tierA_p95,vSMCs,il6_jak_stat3,30.0,35.0,366.0,0.021415573672507255,0.002458999897009494,402.0,0.020909751203117905
7352_liver_sham_Male_2-U1,sham,2,tierA_p95,vSMCs,il6_jak_stat3,35.0,40.0,294.0,0.022821428479034206,0.0027206449234241353,284.0,0.02341830979142761
7352_liver_sham_Male_2-U1,sham,2,tierA_p95,vSMCs,il6_jak_stat3,40.0,45.0,233.0,0.020085965591240994,0.0028719491153207533,215.0,0.024641255886553852
7352_liver_sham_Male_2-U1,sham,2,tierA_p95,vSMCs,il6_jak_stat3,45.0,50.0,179.0,0.019191899484507325,0.003258172955991055,171.0,0.024907660816608227
7352_liver_sham_Male_2-U1,sham,2,tierA_p95,vSMCs,il6_jak_stat3,50.0,55.0,140.0,0.031378500025208006,0.0041358814575435405,114.0,0.022864473788598717
7352_liver_sham_Male_2-U1,sham,2,tierA_p95,vSMCs,il6_jak_stat3,55.0,60.0,109.0,0.01954064221621209,0.003385832351043661,95.0,0.025702526547798987
7352_liver_sham_Male_2-U1,sham,2,tierA_p95,vSMCs,il6_jak_stat3,60.0,65.0,90.0,0.026175333392651132,0.004382232859129007,70.0,0.016934999905892516
7352_liver_sham_Male_2-U1,sham,2,tierA_p95,vSMCs,il6_jak_stat3,65.0,70.0,69.0,0.015429420213363102,0.004837064355473821,46.0,0.011786738929399491
7352_liver_sham_Male_2-U1,sham,2,tierA_p95,vSMCs,il6_jak_stat3,70.0,75.0,52.0,0.021599423182683843,0.005117693950840987,37.0,0.019444594801579777
7352_liver_sham_Male_2-U1,sham,2,tierA_p95,vSMCs,il6_jak_stat3,75.0,80.0,31.0,0.024833548044215045,0.008370514221583882,20.0,0.029939500545151532
7352_liver_sham_Male_2-U1,sham,2,tierA_p95,vSMCs,il6_jak_stat3,80.0,85.0,24.0,0.02336916686423744,0.008353894128026717,23.0,0.0387891309497797
7352_liver_sham_Male_2-U1,sham,2,tierA_p95,vSMCs,il6_jak_stat3,85.0,90.0,14.0,0.036313572100230625,0.013460720168939984,11.0,0.018450000492686577
7352_liver_sham_Male_2-U1,sham,2,tierA_p95,vSMCs,il6_jak_stat3,90.0,95.0,6.0,0.0385133329158028,0.01687774926240972,10.0,0.014972999505698682
7352_liver_sham_Male_2-U1,sham,2,tierA_p95,vSMCs,il6_jak_stat3,95.0,100.0,11.0,0.006878182143819603,0.015939019930329822,17.0,0.006667646524660727
7352_liver_sham_Male_2-U1,sham,2,tierA_p95,vSMCs,interferon_response,0.0,5.0,44.0,0.024995909488511228,0.005470504297135478,245.0,0.02547857138394777
7352_liver_sham_Male_2-U1,sham,2,tierA_p95,vSMCs,interferon_response,5.0,10.0,421.0,0.027048337365337967,0.0017958384223941515,377.0,0.025912572915499983
7352_liver_sham_Male_2-U1,sham,2,tierA_p95,vSMCs,interferon_response,10.0,15.0,515.0,0.02364056303405465,0.0017191991018049707,456.0,0.025983530742068023
7352_liver_sham_Male_2-U1,sham,2,tierA_p95,vSMCs,interferon_response,15.0,20.0,488.0,0.024358094096337705,0.001753437666300278,433.0,0.02891678976158998
7352_liver_sham_Male_2-U1,sham,2,tierA_p95,vSMCs,interferon_response,20.0,25.0,444.0,0.025806036041062685,0.0017829913645815711,458.0,0.028361572095789152
7352_liver_sham_Male_2-U1,sham,2,tierA_p95,vSMCs,interferon_response,25.0,30.0,380.0,0.028461052720510787,0.0018470403241691387,426.0,0.023510023464690326
7352_liver_sham_Male_2-U1,sham,2,tierA_p95,vSMCs,interferon_response,30.0,35.0,366.0,0.028917868882150498,0.0021356329811260226,402.0,0.025066442788534118
7352_liver_sham_Male_2-U1,sham,2,tierA_p95,vSMCs,interferon_response,35.0,40.0,294.0,0.02290663260235578,0.001898381492619347,284.0,0.022389084424055038
7352_liver_sham_Male_2-U1,sham,2,tierA_p95,vSMCs,interferon_response,40.0,45.0,233.0,0.02344682410433329,0.0019918878910298245,215.0,0.023200837286530322
7352_liver_sham_Male_2-U1,sham,2,tierA_p95,vSMCs,interferon_response,45.0,50.0,179.0,0.024581061428355564,0.002713311104421435,171.0,0.02361567238786895
7352_liver_sham_Male_2-U1,sham,2,tierA_p95,vSMCs,interferon_response,50.0,55.0,140.0,0.027092785737061476,0.0030396074234860875,114.0,0.022175614011326904
7352_liver_sham_Male_2-U1,sham,2,tierA_p95,vSMCs,interferon_response,55.0,60.0,109.0,0.025211651333973,0.0034774709080785185,95.0,0.027635368433977035
7352_liver_sham_Male_2-U1,sham,2,tierA_p95,vSMCs,interferon_response,60.0,65.0,90.0,0.023823999878247074,0.0033968140137625646,70.0,0.024425428511624755
7352_liver_sham_Male_2-U1,sham,2,tierA_p95,vSMCs,interferon_response,65.0,70.0,69.0,0.02425768106089284,0.004599631234124738,46.0,0.020100869479194997
7352_liver_sham_Male_2-U1,sham,2,tierA_p95,vSMCs,interferon_response,70.0,75.0,52.0,0.03241480764476224,0.004357527042999782,37.0,0.017604864822272713
7352_liver_sham_Male_2-U1,sham,2,tierA_p95,vSMCs,interferon_response,75.0,80.0,31.0,0.0185019354835423,0.006430235194011304,20.0,0.027153000386897476
7352_liver_sham_Male_2-U1,sham,2,tierA_p95,vSMCs,interferon_response,80.0,85.0,24.0,0.022285833348481294,0.0076375664597699644,23.0,0.04946478304412702
7352_liver_sham_Male_2-U1,sham,2,tierA_p95,vSMCs,interferon_response,85.0,90.0,14.0,0.020053571672178805,0.008765469975519287,11.0,0.02455818165220659
7352_liver_sham_Male_2-U1,sham,2,tierA_p95,vSMCs,interferon_response,90.0,95.0,6.0,0.04422500007785857,0.01111708508874895,10.0,0.01643300009309314
7352_liver_sham_Male_2-U1,sham,2,tierA_p95,vSMCs,interferon_response,95.0,100.0,11.0,0.03495909184725447,0.0057676796754415295,17.0,0.04032058879623518
7352_liver_sham_Male_2-U1,sham,2,tierA_p95,vSMCs,oxidative_stress,0.0,5.0,44.0,0.00600568175154463,0.00794632737391369,245.0,0.01723881621691529
7352_liver_sham_Male_2-U1,sham,2,tierA_p95,vSMCs,oxidative_stress,5.0,10.0,421.0,0.016548313466979495,0.0028119847273110586,377.0,0.017132970939553405
7352_liver_sham_Male_2-U1,sham,2,tierA_p95,vSMCs,oxidative_stress,10.0,15.0,515.0,0.016124621328154072,0.0025350922625724088,456.0,0.016388026372217274
7352_liver_sham_Male_2-U1,sham,2,tierA_p95,vSMCs,oxidative_stress,15.0,20.0,488.0,0.024154528668345922,0.002714831154396094,433.0,0.018184203175961214
7352_liver_sham_Male_2-U1,sham,2,tierA_p95,vSMCs,oxidative_stress,20.0,25.0,444.0,0.020869054174220986,0.002890897430304502,458.0,0.018779323176259945
7352_liver_sham_Male_2-U1,sham,2,tierA_p95,vSMCs,oxidative_stress,25.0,30.0,380.0,0.026338763250312598,0.003195354920767398,426.0,0.02387779354803527
7352_liver_sham_Male_2-U1,sham,2,tierA_p95,vSMCs,oxidative_stress,30.0,35.0,366.0,0.02384560113108809,0.0032939996075056956,402.0,0.023993258742839363
7352_liver_sham_Male_2-U1,sham,2,tierA_p95,vSMCs,oxidative_stress,35.0,40.0,294.0,0.024801326458869805,0.0036470228794640747,284.0,0.02493492966423731
7352_liver_sham_Male_2-U1,sham,2,tierA_p95,vSMCs,oxidative_stress,40.0,45.0,233.0,0.016361287676843177,0.004083466911993842,215.0,0.024327860490911707
7352_liver_sham_Male_2-U1,sham,2,tierA_p95,vSMCs,oxidative_stress,45.0,50.0,179.0,0.017303631353163904,0.0046032622334828965,171.0,0.02559567236761329
7352_liver_sham_Male_2-U1,sham,2,tierA_p95,vSMCs,oxidative_stress,50.0,55.0,140.0,0.017534714447330253,0.004561699714679753,114.0,0.029493596191362787
7352_liver_sham_Male_2-U1,sham,2,tierA_p95,vSMCs,oxidative_stress,55.0,60.0,109.0,0.01454789014912313,0.005128328492271773,95.0,0.013388000206874782
7352_liver_sham_Male_2-U1,sham,2,tierA_p95,vSMCs,oxidative_stress,60.0,65.0,90.0,0.02551799990210889,0.005864413479100214,70.0,0.02334614268703652
7352_liver_sham_Male_2-U1,sham,2,tierA_p95,vSMCs,oxidative_stress,65.0,70.0,69.0,0.02678333336687343,0.007130147076279189,46.0,0.009750652081414086
7352_liver_sham_Male_2-U1,sham,2,tierA_p95,vSMCs,oxidative_stress,70.0,75.0,52.0,0.03104653841448733,0.010120407292828126,37.0,0.014365675722679903
7352_liver_sham_Male_2-U1,sham,2,tierA_p95,vSMCs,oxidative_stress,75.0,80.0,31.0,0.01627290330737108,0.010354292679003774,20.0,0.015203500085044652
7352_liver_sham_Male_2-U1,sham,2,tierA_p95,vSMCs,oxidative_stress,80.0,85.0,24.0,0.01666166612994857,0.012533584314725982,23.0,0.018159565677785355
7352_liver_sham_Male_2-U1,sham,2,tierA_p95,vSMCs,oxidative_stress,85.0,90.0,14.0,0.006338571231546146,0.014818395232964875,11.0,0.031290909010832285
7352_liver_sham_Male_2-U1,sham,2,tierA_p95,vSMCs,oxidative_stress,90.0,95.0,6.0,-0.023898333000640076,0.018937336636277866,10.0,0.06702599916607141
7352_liver_sham_Male_2-U1,sham,2,tierA_p95,vSMCs,oxidative_stress,95.0,100.0,11.0,0.020609999234280127,0.029485527496983233,17.0,0.01652705913190456
7352_liver_sham_Male_2-U1,sham,2,tierA_p95,vSMCs,secondary_senescence,0.0,5.0,44.0,0.042827726807776016,0.008871785320796233,245.0,0.027875346805138885
7352_liver_sham_Male_2-U1,sham,2,tierA_p95,vSMCs,secondary_senescence,5.0,10.0,421.0,0.030345415639331026,0.0029722899838419948,377.0,0.02985755966276712
7352_liver_sham_Male_2-U1,sham,2,tierA_p95,vSMCs,secondary_senescence,10.0,15.0,515.0,0.025644582503184774,0.002497739126749645,456.0,0.031807302583043214
7352_liver_sham_Male_2-U1,sham,2,tierA_p95,vSMCs,secondary_senescence,15.0,20.0,488.0,0.025273586103527333,0.002551560500205377,433.0,0.023629907538688755
7352_liver_sham_Male_2-U1,sham,2,tierA_p95,vSMCs,secondary_senescence,20.0,25.0,444.0,0.02163274777663278,0.002792529845966605,458.0,0.023440305675184465
7352_liver_sham_Male_2-U1,sham,2,tierA_p95,vSMCs,secondary_senescence,25.0,30.0,380.0,0.026007578825872197,0.0028117081483605734,426.0,0.01876049298893199
7352_liver_sham_Male_2-U1,sham,2,tierA_p95,vSMCs,secondary_senescence,30.0,35.0,366.0,0.022763333389114654,0.0029002776025535302,402.0,0.021367835801266208
7352_liver_sham_Male_2-U1,sham,2,tierA_p95,vSMCs,secondary_senescence,35.0,40.0,294.0,0.014589898001765326,0.002957757971473873,284.0,0.024084366217311342
7352_liver_sham_Male_2-U1,sham,2,tierA_p95,vSMCs,secondary_senescence,40.0,45.0,233.0,0.023677510839673118,0.0034215603808377773,215.0,0.02435255827447183
7352_liver_sham_Male_2-U1,sham,2,tierA_p95,vSMCs,secondary_senescence,45.0,50.0,179.0,0.022828770804514214,0.004111951697808299,171.0,0.02393035087237483
7352_liver_sham_Male_2-U1,sham,2,tierA_p95,vSMCs,secondary_senescence,50.0,55.0,140.0,0.023588714314714057,0.00471862903937416,114.0,0.016889122781178326
7352_liver_sham_Male_2-U1,sham,2,tierA_p95,vSMCs,secondary_senescence,55.0,60.0,109.0,0.020287706547255473,0.005271046052698912,95.0,0.011715263136858611
7352_liver_sham_Male_2-U1,sham,2,tierA_p95,vSMCs,secondary_senescence,60.0,65.0,90.0,0.027688555456956643,0.005991265832425394,70.0,0.019980857115089228
7352_liver_sham_Male_2-U1,sham,2,tierA_p95,vSMCs,secondary_senescence,65.0,70.0,69.0,0.01235420285809306,0.006874920853914205,46.0,0.02871804394374561
7352_liver_sham_Male_2-U1,sham,2,tierA_p95,vSMCs,secondary_senescence,70.0,75.0,52.0,0.03476500002971779,0.008417224101866011,37.0,0.023296216348614042
7352_liver_sham_Male_2-U1,sham,2,tierA_p95,vSMCs,secondary_senescence,75.0,80.0,31.0,0.01666064491315234,0.009724775302233547,20.0,0.04116249969229102
7352_liver_sham_Male_2-U1,sham,2,tierA_p95,vSMCs,secondary_senescence,80.0,85.0,24.0,0.017424582977279595,0.008962741434822912,23.0,-3.173913422000149e-05
7352_liver_sham_Male_2-U1,sham,2,tierA_p95,vSMCs,secondary_senescence,85.0,90.0,14.0,0.024998571258038282,0.014506283127720244,11.0,0.0161454544656656
7352_liver_sham_Male_2-U1,sham,2,tierA_p95,vSMCs,secondary_senescence,90.0,95.0,6.0,0.02404833274583022,0.027980378704483232,10.0,0.028384999930858613
7352_liver_sham_Male_2-U1,sham,2,tierA_p95,vSMCs,secondary_senescence,95.0,100.0,11.0,0.04312181744237684,0.020507190624589784,17.0,0.015910587972030044
7352_liver_sham_Male_2-U1,sham,2,tierA_p95,vSMCs,tnfa_nfkb_proximal,0.0,5.0,44.0,0.006321818204676013,0.005180997717453296,245.0,0.01165126536244334
7352_liver_sham_Male_2-U1,sham,2,tierA_p95,vSMCs,tnfa_nfkb_proximal,5.0,10.0,421.0,0.010702897869602853,0.0013769620018461706,377.0,0.007348090220980447
7352_liver_sham_Male_2-U1,sham,2,tierA_p95,vSMCs,tnfa_nfkb_proximal,10.0,15.0,515.0,0.012238368943663657,0.0012719571828448501,456.0,0.008970833386053544
7352_liver_sham_Male_2-U1,sham,2,tierA_p95,vSMCs,tnfa_nfkb_proximal,15.0,20.0,488.0,0.008462131190351444,0.0013094903673345527,433.0,0.009934041600607983
7352_liver_sham_Male_2-U1,sham,2,tierA_p95,vSMCs,tnfa_nfkb_proximal,20.0,25.0,444.0,0.010204549539995642,0.0013219961881027191,458.0,0.011974563298479861
7352_liver_sham_Male_2-U1,sham,2,tierA_p95,vSMCs,tnfa_nfkb_proximal,25.0,30.0,380.0,0.010269184193490027,0.001419902839895874,426.0,0.009653380184659534
7352_liver_sham_Male_2-U1,sham,2,tierA_p95,vSMCs,tnfa_nfkb_proximal,30.0,35.0,366.0,0.011810245882904875,0.0015696239250377686,402.0,0.010049527329427483
7352_liver_sham_Male_2-U1,sham,2,tierA_p95,vSMCs,tnfa_nfkb_proximal,35.0,40.0,294.0,0.011011054431884961,0.0015390351380394878,284.0,0.011120845077399076
7352_liver_sham_Male_2-U1,sham,2,tierA_p95,vSMCs,tnfa_nfkb_proximal,40.0,45.0,233.0,0.009381802611575984,0.0018482363864819515,215.0,0.013295255854271005
7352_liver_sham_Male_2-U1,sham,2,tierA_p95,vSMCs,tnfa_nfkb_proximal,45.0,50.0,179.0,0.010219776446218264,0.002111575697154367,171.0,0.012457310059720552
7352_liver_sham_Male_2-U1,sham,2,tierA_p95,vSMCs,tnfa_nfkb_proximal,50.0,55.0,140.0,0.01292814297194127,0.002551829301653033,114.0,0.013667368337209745
7352_liver_sham_Male_2-U1,sham,2,tierA_p95,vSMCs,tnfa_nfkb_proximal,55.0,60.0,109.0,0.010028348702840174,0.002666920352557013,95.0,0.015357684303001549
7352_liver_sham_Male_2-U1,sham,2,tierA_p95,vSMCs,tnfa_nfkb_proximal,60.0,65.0,90.0,0.0066476667159198165,0.0025068290141876796,70.0,0.010245857263778036
7352_liver_sham_Male_2-U1,sham,2,tierA_p95,vSMCs,tnfa_nfkb_proximal,65.0,70.0,69.0,0.006312898512038848,0.0034085702499511146,46.0,0.011161521878144096
7352_liver_sham_Male_2-U1,sham,2,tierA_p95,vSMCs,tnfa_nfkb_proximal,70.0,75.0,52.0,0.014843269385612355,0.0038056087490241463,37.0,0.010798648537791057
7352_liver_sham_Male_2-U1,sham,2,tierA_p95,vSMCs,tnfa_nfkb_proximal,75.0,80.0,31.0,0.016148064390666062,0.00512050023401529,20.0,0.01271900002611801
7352_liver_sham_Male_2-U1,sham,2,tierA_p95,vSMCs,tnfa_nfkb_proximal,80.0,85.0,24.0,0.008015416727478927,0.006199410152341821,23.0,0.010913043470835597
7352_liver_sham_Male_2-U1,sham,2,tierA_p95,vSMCs,tnfa_nfkb_proximal,85.0,90.0,14.0,0.015722142698775445,0.0050099704405243365,11.0,0.0026281819551844487
7352_liver_sham_Male_2-U1,sham,2,tierA_p95,vSMCs,tnfa_nfkb_proximal,90.0,95.0,6.0,0.016420000698417425,0.008305685686807465,10.0,0.003047000098740682
7352_liver_sham_Male_2-U1,sham,2,tierA_p95,vSMCs,tnfa_nfkb_proximal,95.0,100.0,11.0,0.0028672726528549738,0.006166334881227773,17.0,-0.002122353042496423
7435_liver_sham_Male_10-U1,sham,10,tierA_p95,Biliary/ductular,downstream_arrest,0.0,5.0,75.0,0.014085199926048517,0.002301527883069804,302.0,0.019347947047642103
7435_liver_sham_Male_10-U1,sham,10,tierA_p95,Biliary/ductular,downstream_arrest,5.0,10.0,590.0,0.02035993221238718,0.0010397955417772416,555.0,0.019644054133718496
7435_liver_sham_Male_10-U1,sham,10,tierA_p95,Biliary/ductular,downstream_arrest,10.0,15.0,551.0,0.01991566242109274,0.0009312252424231389,539.0,0.019819795922694793
7435_liver_sham_Male_10-U1,sham,10,tierA_p95,Biliary/ductular,downstream_arrest,15.0,20.0,469.0,0.019530085361549824,0.0009890808444414023,464.0,0.02005344828790871
7435_liver_sham_Male_10-U1,sham,10,tierA_p95,Biliary/ductular,downstream_arrest,20.0,25.0,417.0,0.021342182353081204,0.00117322055754507,399.0,0.019128320835831863
7435_liver_sham_Male_10-U1,sham,10,tierA_p95,Biliary/ductular,downstream_arrest,25.0,30.0,403.0,0.019316401977532052,0.0011559392196444165,355.0,0.019121380280106882
7435_liver_sham_Male_10-U1,sham,10,tierA_p95,Biliary/ductular,downstream_arrest,30.0,35.0,355.0,0.01998642265085872,0.0012289498345727644,329.0,0.019937933202621338
7435_liver_sham_Male_10-U1,sham,10,tierA_p95,Biliary/ductular,downstream_arrest,35.0,40.0,318.0,0.019077830155679893,0.0011887426448726106,280.0,0.01796442849736195
7435_liver_sham_Male_10-U1,sham,10,tierA_p95,Biliary/ductular,downstream_arrest,40.0,45.0,287.0,0.017036620218138242,0.0013279718513662295,253.0,0.018285968338201244
7435_liver_sham_Male_10-U1,sham,10,tierA_p95,Biliary/ductular,downstream_arrest,45.0,50.0,217.0,0.01842419342772256,0.0015991060818551738,192.0,0.016711562464384617
7435_liver_sham_Male_10-U1,sham,10,tierA_p95,Biliary/ductular,downstream_arrest,50.0,55.0,160.0,0.0200143124728811,0.0017083986702475659,159.0,0.021201132105946402
7435_liver_sham_Male_10-U1,sham,10,tierA_p95,Biliary/ductular,downstream_arrest,55.0,60.0,111.0,0.0181695495607323,0.0019155358199790095,117.0,0.020626837575736526
7435_liver_sham_Male_10-U1,sham,10,tierA_p95,Biliary/ductular,downstream_arrest,60.0,65.0,82.0,0.014769512185366915,0.0024606907564085566,83.0,0.02037481947083879
7435_liver_sham_Male_10-U1,sham,10,tierA_p95,Biliary/ductular,downstream_arrest,65.0,70.0,48.0,0.019632500063986907,0.0030280175035876282,61.0,0.023032295159550888
7435_liver_sham_Male_10-U1,sham,10,tierA_p95,Biliary/ductular,downstream_arrest,70.0,75.0,49.0,0.017456326753002644,0.003306963963909784,53.0,0.019172830290253327
7435_liver_sham_Male_10-U1,sham,10,tierA_p95,Biliary/ductular,downstream_arrest,75.0,80.0,31.0,0.01677548401752457,0.003914578315158259,30.0,0.013173666679843639
7435_liver_sham_Male_10-U1,sham,10,tierA_p95,Biliary/ductular,downstream_arrest,80.0,85.0,15.0,0.019437333242967723,0.004602776723690057,13.0,0.010446153849793168
7435_liver_sham_Male_10-U1,sham,10,tierA_p95,Biliary/ductular,downstream_arrest,85.0,90.0,15.0,0.01677533326825748,0.006357475736469193,19.0,0.01701842111804964
7435_liver_sham_Male_10-U1,sham,10,tierA_p95,Biliary/ductular,downstream_arrest,90.0,95.0,6.0,0.012105000205338001,0.007170521783206442,4.0,0.026175000704824924
7435_liver_sham_Male_10-U1,sham,10,tierA_p95,Biliary/ductular,downstream_arrest,95.0,100.0,9.0,0.014056667116367154,0.005209518787310234,1.0,-0.007819999940693378
7435_liver_sham_Male_10-U1,sham,10,tierA_p95,Biliary/ductular,emt_ecm,0.0,5.0,75.0,0.0566709336762627,0.004870490340043265,302.0,0.048586059597032515
7435_liver_sham_Male_10-U1,sham,10,tierA_p95,Biliary/ductular,emt_ecm,5.0,10.0,590.0,0.05069272874990652,0.001508166322965292,555.0,0.05093771179179401
7435_liver_sham_Male_10-U1,sham,10,tierA_p95,Biliary/ductular,emt_ecm,10.0,15.0,551.0,0.04671613419902633,0.0015922495235893702,539.0,0.04731998137715238
7435_liver_sham_Male_10-U1,sham,10,tierA_p95,Biliary/ductular,emt_ecm,15.0,20.0,469.0,0.04459631133207511,0.0016270911583317032,464.0,0.043983685205305316
7435_liver_sham_Male_10-U1,sham,10,tierA_p95,Biliary/ductular,emt_ecm,20.0,25.0,417.0,0.04527856121126915,0.0017448225101485712,399.0,0.04347949876423889
7435_liver_sham_Male_10-U1,sham,10,tierA_p95,Biliary/ductular,emt_ecm,25.0,30.0,403.0,0.04130816375146326,0.001572729873384553,355.0,0.04278422531484902
7435_liver_sham_Male_10-U1,sham,10,tierA_p95,Biliary/ductular,emt_ecm,30.0,35.0,355.0,0.0437629577359447,0.0018709301588807014,329.0,0.043688632103071
7435_liver_sham_Male_10-U1,sham,10,tierA_p95,Biliary/ductular,emt_ecm,35.0,40.0,318.0,0.04264261006769715,0.0019626683414811752,280.0,0.04097557144224473
7435_liver_sham_Male_10-U1,sham,10,tierA_p95,Biliary/ductular,emt_ecm,40.0,45.0,287.0,0.04470278741728465,0.0020961808262411437,253.0,0.04649245074380506
7435_liver_sham_Male_10-U1,sham,10,tierA_p95,Biliary/ductular,emt_ecm,45.0,50.0,217.0,0.042142304259085224,0.0024581677949111953,192.0,0.03910755213454801
7435_liver_sham_Male_10-U1,sham,10,tierA_p95,Biliary/ductular,emt_ecm,50.0,55.0,160.0,0.04159568756203953,0.002859723661120536,159.0,0.04323125806411599
7435_liver_sham_Male_10-U1,sham,10,tierA_p95,Biliary/ductular,emt_ecm,55.0,60.0,111.0,0.046082252233293375,0.003724208715185922,117.0,0.04215051277797335
7435_liver_sham_Male_10-U1,sham,10,tierA_p95,Biliary/ductular,emt_ecm,60.0,65.0,82.0,0.03969182923404931,0.0039010752358084287,83.0,0.04195301227709166
7435_liver_sham_Male_10-U1,sham,10,tierA_p95,Biliary/ductular,emt_ecm,65.0,70.0,48.0,0.038543958299366445,0.004612431665682776,61.0,0.03971245892052004
7435_liver_sham_Male_10-U1,sham,10,tierA_p95,Biliary/ductular,emt_ecm,70.0,75.0,49.0,0.0375424490775913,0.00358594525600324,53.0,0.04372000007863806
7435_liver_sham_Male_10-U1,sham,10,tierA_p95,Biliary/ductular,emt_ecm,75.0,80.0,31.0,0.04466967735319368,0.006313430161191347,30.0,0.042162999805683894
7435_liver_sham_Male_10-U1,sham,10,tierA_p95,Biliary/ductular,emt_ecm,80.0,85.0,15.0,0.033458666665440735,0.008568432708175576,13.0,0.0457807697642308
7435_liver_sham_Male_10-U1,sham,10,tierA_p95,Biliary/ductular,emt_ecm,85.0,90.0,15.0,0.03354199991251031,0.007089863132289364,19.0,0.03772210500105039
7435_liver_sham_Male_10-U1,sham,10,tierA_p95,Biliary/ductular,emt_ecm,90.0,95.0,6.0,0.06080000024909774,0.012616720714061454,4.0,0.03571500047110021
7435_liver_sham_Male_10-U1,sham,10,tierA_p95,Biliary/ductular,emt_ecm,95.0,100.0,9.0,0.044927778757280774,0.013677837348375183,1.0,0.029479999095201492
7435_liver_sham_Male_10-U1,sham,10,tierA_p95,Biliary/ductular,il6_jak_stat3,0.0,5.0,75.0,-0.020448000157096732,0.003714516710334286,302.0,-0.02423486755143185
7435_liver_sham_Male_10-U1,sham,10,tierA_p95,Biliary/ductular,il6_jak_stat3,5.0,10.0,590.0,-0.02405255932357928,0.0012969198141388441,555.0,-0.022396558574857065
7435_liver_sham_Male_10-U1,sham,10,tierA_p95,Biliary/ductular,il6_jak_stat3,10.0,15.0,551.0,-0.02641651536465565,0.0012397484441496111,539.0,-0.02618137288969079
7435_liver_sham_Male_10-U1,sham,10,tierA_p95,Biliary/ductular,il6_jak_stat3,15.0,20.0,469.0,-0.02710031987191972,0.001419258465682878,464.0,-0.02627689651909538
7435_liver_sham_Male_10-U1,sham,10,tierA_p95,Biliary/ductular,il6_jak_stat3,20.0,25.0,417.0,-0.02668230208018722,0.0015039450516852277,399.0,-0.025779022528036592
7435_liver_sham_Male_10-U1,sham,10,tierA_p95,Biliary/ductular,il6_jak_stat3,25.0,30.0,403.0,-0.02682332509481039,0.0015465542454579748,355.0,-0.027340225393176373
7435_liver_sham_Male_10-U1,sham,10,tierA_p95,Biliary/ductular,il6_jak_stat3,30.0,35.0,355.0,-0.02620692952916446,0.0015485683741778176,329.0,-0.030562765962754923
7435_liver_sham_Male_10-U1,sham,10,tierA_p95,Biliary/ductular,il6_jak_stat3,35.0,40.0,318.0,-0.025768207494451727,0.0017161614731436743,280.0,-0.02812842864285423
7435_liver_sham_Male_10-U1,sham,10,tierA_p95,Biliary/ductular,il6_jak_stat3,40.0,45.0,287.0,-0.028852822297096143,0.0017102460826558892,253.0,-0.029794110629571605
7435_liver_sham_Male_10-U1,sham,10,tierA_p95,Biliary/ductular,il6_jak_stat3,45.0,50.0,217.0,-0.026408801849905728,0.0020940194520474753,192.0,-0.030345104113015015
7435_liver_sham_Male_10-U1,sham,10,tierA_p95,Biliary/ductular,il6_jak_stat3,50.0,55.0,160.0,-0.030897062627127526,0.00234781753815879,159.0,-0.02863358480946612
7435_liver_sham_Male_10-U1,sham,10,tierA_p95,Biliary/ductular,il6_jak_stat3,55.0,60.0,111.0,-0.027879639649564435,0.002720915114829154,117.0,-0.02654931620390226
7435_liver_sham_Male_10-U1,sham,10,tierA_p95,Biliary/ductular,il6_jak_stat3,60.0,65.0,82.0,-0.021528658478750802,0.0034484545616709486,83.0,-0.027163975824411195
7435_liver_sham_Male_10-U1,sham,10,tierA_p95,Biliary/ductular,il6_jak_stat3,65.0,70.0,48.0,-0.03574854174560945,0.0038052874903535564,61.0,-0.021621311510928342
7435_liver_sham_Male_10-U1,sham,10,tierA_p95,Biliary/ductular,il6_jak_stat3,70.0,75.0,49.0,-0.03148204072055464,0.004988933980326271,53.0,-0.031857358463073394
7435_liver_sham_Male_10-U1,sham,10,tierA_p95,Biliary/ductular,il6_jak_stat3,75.0,80.0,31.0,-0.027111612872226208,0.006972806692503715,30.0,-0.026352000143378972
7435_liver_sham_Male_10-U1,sham,10,tierA_p95,Biliary/ductular,il6_jak_stat3,80.0,85.0,15.0,-0.047472666824857394,0.004048933803982859,13.0,-0.02138230759793749
7435_liver_sham_Male_10-U1,sham,10,tierA_p95,Biliary/ductular,il6_jak_stat3,85.0,90.0,15.0,-0.03344000012924274,0.004712502317970675,19.0,-0.024866841831489614
7435_liver_sham_Male_10-U1,sham,10,tierA_p95,Biliary/ductular,il6_jak_stat3,90.0,95.0,6.0,-0.03237833268940449,0.01280694428090942,4.0,-0.020847501029493287
7435_liver_sham_Male_10-U1,sham,10,tierA_p95,Biliary/ductular,il6_jak_stat3,95.0,100.0,9.0,-0.01736444452156623,0.014595834782445014,1.0,-0.01696999929845333
7435_liver_sham_Male_10-U1,sham,10,tierA_p95,Biliary/ductular,interferon_response,0.0,5.0,75.0,-0.006974933313128228,0.0037106940094890975,302.0,-0.006437450304950452
7435_liver_sham_Male_10-U1,sham,10,tierA_p95,Biliary/ductular,interferon_response,5.0,10.0,590.0,-0.008975338942178434,0.001086142762521505,555.0,-0.004473567586814301
7435_liver_sham_Male_10-U1,sham,10,tierA_p95,Biliary/ductular,interferon_response,10.0,15.0,551.0,-0.008373992712734082,0.00117593141859338,539.0,-0.007606846038946234
7435_liver_sham_Male_10-U1,sham,10,tierA_p95,Biliary/ductular,interferon_response,15.0,20.0,469.0,-0.007254882732560217,0.00127874413955705,464.0,-0.004583879343036988
7435_liver_sham_Male_10-U1,sham,10,tierA_p95,Biliary/ductular,interferon_response,20.0,25.0,417.0,-0.0054958513676165435,0.0013830160590504903,399.0,-0.007699022565578533
7435_liver_sham_Male_10-U1,sham,10,tierA_p95,Biliary/ductular,interferon_response,25.0,30.0,403.0,-0.005956228300839519,0.0014108245121839222,355.0,-0.00531884502567446
7435_liver_sham_Male_10-U1,sham,10,tierA_p95,Biliary/ductular,interferon_response,30.0,35.0,355.0,-0.0052715774697684485,0.001342519607351854,329.0,-0.01097750761538233
7435_liver_sham_Male_10-U1,sham,10,tierA_p95,Biliary/ductular,interferon_response,35.0,40.0,318.0,-0.0044566352651073775,0.0015117255870170836,280.0,-0.007844821404614778
7435_liver_sham_Male_10-U1,sham,10,tierA_p95,Biliary/ductular,interferon_response,40.0,45.0,287.0,-0.005662369386899206,0.0016080758735379421,253.0,-0.010125256972998268
7435_liver_sham_Male_10-U1,sham,10,tierA_p95,Biliary/ductular,interferon_response,45.0,50.0,217.0,-0.007824239653601173,0.0015857304908469562,192.0,-0.00896749994539429
7435_liver_sham_Male_10-U1,sham,10,tierA_p95,Biliary/ductular,interferon_response,50.0,55.0,160.0,-0.009472875010260395,0.001797093541342607,159.0,-0.006296352099376671
7435_liver_sham_Male_10-U1,sham,10,tierA_p95,Biliary/ductular,interferon_response,55.0,60.0,111.0,-0.007019639736828541,0.0023778036722044114,117.0,-0.005036239258787778
7435_liver_sham_Male_10-U1,sham,10,tierA_p95,Biliary/ductular,interferon_response,60.0,65.0,82.0,-0.007373536491153262,0.002454332471102838,83.0,-0.008561325367506459
7435_liver_sham_Male_10-U1,sham,10,tierA_p95,Biliary/ductular,interferon_response,65.0,70.0,48.0,-0.007295624885349146,0.003956302905046756,61.0,-0.003947868877850076
7435_liver_sham_Male_10-U1,sham,10,tierA_p95,Biliary/ductular,interferon_response,70.0,75.0,49.0,-0.008550204156080678,0.0034487335097819817,53.0,-0.009777924612621372
7435_liver_sham_Male_10-U1,sham,10,tierA_p95,Biliary/ductular,interferon_response,75.0,80.0,31.0,-0.005156451454827367,0.004192210915744438,30.0,-0.009065333350251118
7435_liver_sham_Male_10-U1,sham,10,tierA_p95,Biliary/ductular,interferon_response,80.0,85.0,15.0,-0.014416666557857146,0.004803998753518194,13.0,0.0016069230981744253
7435_liver_sham_Male_10-U1,sham,10,tierA_p95,Biliary/ductular,interferon_response,85.0,90.0,15.0,0.0019973334933941563,0.0074960159306851765,19.0,-0.014479999994172862
7435_liver_sham_Male_10-U1,sham,10,tierA_p95,Biliary/ductular,interferon_response,90.0,95.0,6.0,-0.006631666678003967,0.004261629481892848,4.0,-0.010902500012889504
7435_liver_sham_Male_10-U1,sham,10,tierA_p95,Biliary/ductular,interferon_response,95.0,100.0,9.0,-0.01466999968720807,0.00934441276639592,1.0,0.009979999624192715
7435_liver_sham_Male_10-U1,sham,10,tierA_p95,Biliary/ductular,oxidative_stress,0.0,5.0,75.0,0.05098720026590551,0.007129929683330253,302.0,0.05366569522269832
7435_liver_sham_Male_10-U1,sham,10,tierA_p95,Biliary/ductular,oxidative_stress,5.0,10.0,590.0,0.058930898324775875,0.0028336384185340645,555.0,0.057165928059118604
7435_liver_sham_Male_10-U1,sham,10,tierA_p95,Biliary/ductular,oxidative_stress,10.0,15.0,551.0,0.06867965497773736,0.0029327211738110395,539.0,0.06999200368920494
7435_liver_sham_Male_10-U1,sham,10,tierA_p95,Biliary/ductular,oxidative_stress,15.0,20.0,469.0,0.07599656729494655,0.0032778956424702535,464.0,0.06865892228923823
7435_liver_sham_Male_10-U1,sham,10,tierA_p95,Biliary/ductular,oxidative_stress,20.0,25.0,417.0,0.06656059949093904,0.003435546638177205,399.0,0.06641117796947524
7435_liver_sham_Male_10-U1,sham,10,tierA_p95,Biliary/ductular,oxidative_stress,25.0,30.0,403.0,0.07400022314112661,0.0036022187507481454,355.0,0.08075732365746582
7435_liver_sham_Male_10-U1,sham,10,tierA_p95,Biliary/ductular,oxidative_stress,30.0,35.0,355.0,0.06899814076043671,0.0037236226557623205,329.0,0.07901100276580673
7435_liver_sham_Male_10-U1,sham,10,tierA_p95,Biliary/ductular,oxidative_stress,35.0,40.0,318.0,0.07556688674230827,0.003988981971989392,280.0,0.07392492879714285
7435_liver_sham_Male_10-U1,sham,10,tierA_p95,Biliary/ductular,oxidative_stress,40.0,45.0,287.0,0.0727467594562248,0.003889576511793168,253.0,0.07070312258330075
7435_liver_sham_Male_10-U1,sham,10,tierA_p95,Biliary/ductular,oxidative_stress,45.0,50.0,217.0,0.07217244221118047,0.005025668279839267,192.0,0.08262812488169402
7435_liver_sham_Male_10-U1,sham,10,tierA_p95,Biliary/ductular,oxidative_stress,50.0,55.0,160.0,0.07785431233751297,0.005540420311886745,159.0,0.0686194967147572
7435_liver_sham_Male_10-U1,sham,10,tierA_p95,Biliary/ductular,oxidative_stress,55.0,60.0,111.0,0.08131243247286572,0.006784245384444227,117.0,0.08711606800520363
7435_liver_sham_Male_10-U1,sham,10,tierA_p95,Biliary/ductular,oxidative_stress,60.0,65.0,82.0,0.07332512170144516,0.0069935293767099,83.0,0.07184445794814838
7435_liver_sham_Male_10-U1,sham,10,tierA_p95,Biliary/ductular,oxidative_stress,65.0,70.0,48.0,0.07617520825563891,0.009610327821038484,61.0,0.09883344234883419
7435_liver_sham_Male_10-U1,sham,10,tierA_p95,Biliary/ductular,oxidative_stress,70.0,75.0,49.0,0.07683204044350328,0.008454457099903657,53.0,0.0736488682686852
7435_liver_sham_Male_10-U1,sham,10,tierA_p95,Biliary/ductular,oxidative_stress,75.0,80.0,31.0,0.08505806468066669,0.014444221553844496,30.0,0.07034766636788845
7435_liver_sham_Male_10-U1,sham,10,tierA_p95,Biliary/ductular,oxidative_stress,80.0,85.0,15.0,0.0788886674369375,0.017833169397512085,13.0,0.07311923099825016
7435_liver_sham_Male_10-U1,sham,10,tierA_p95,Biliary/ductular,oxidative_stress,85.0,90.0,15.0,0.07441333391082784,0.012713155155215301,19.0,0.10202789359333876
7435_liver_sham_Male_10-U1,sham,10,tierA_p95,Biliary/ductular,oxidative_stress,90.0,95.0,6.0,0.060678332733611264,0.03574917948602159,4.0,0.08169249817728996
7435_liver_sham_Male_10-U1,sham,10,tierA_p95,Biliary/ductular,oxidative_stress,95.0,100.0,9.0,0.0787077786711355,0.022397475035870727,1.0,0.19009999930858612
7435_liver_sham_Male_10-U1,sham,10,tierA_p95,Biliary/ductular,secondary_senescence,0.0,5.0,75.0,0.022034799677009383,0.006004576717692784,302.0,0.012267880743133931
7435_liver_sham_Male_10-U1,sham,10,tierA_p95,Biliary/ductular,secondary_senescence,5.0,10.0,590.0,0.015392203368512929,0.0019123728875488361,555.0,0.01726980181703258
7435_liver_sham_Male_10-U1,sham,10,tierA_p95,Biliary/ductular,secondary_senescence,10.0,15.0,551.0,0.01567744097594546,0.0018529483574318867,539.0,0.014207458213225036
7435_liver_sham_Male_10-U1,sham,10,tierA_p95,Biliary/ductular,secondary_senescence,15.0,20.0,469.0,0.015018528740733492,0.001961332753854242,464.0,0.011155991429945814
7435_liver_sham_Male_10-U1,sham,10,tierA_p95,Biliary/ductular,secondary_senescence,20.0,25.0,417.0,0.010997913760903328,0.0021630513389399174,399.0,0.015586015157989328
7435_liver_sham_Male_10-U1,sham,10,tierA_p95,Biliary/ductular,secondary_senescence,25.0,30.0,403.0,0.011499330170675243,0.0021782585504810026,355.0,0.009345126781275685
7435_liver_sham_Male_10-U1,sham,10,tierA_p95,Biliary/ductular,secondary_senescence,30.0,35.0,355.0,0.014839774658362394,0.0025001571989454693,329.0,0.007609696014995522
7435_liver_sham_Male_10-U1,sham,10,tierA_p95,Biliary/ductular,secondary_senescence,35.0,40.0,318.0,0.00892081769059175,0.0024187922243798557,280.0,0.009806107090467517
7435_liver_sham_Male_10-U1,sham,10,tierA_p95,Biliary/ductular,secondary_senescence,40.0,45.0,287.0,0.012237491269849642,0.00253627756128318,253.0,0.01222343885070845
7435_liver_sham_Male_10-U1,sham,10,tierA_p95,Biliary/ductular,secondary_senescence,45.0,50.0,217.0,0.01078617513181925,0.002814974708902245,192.0,0.013993541581233634
7435_liver_sham_Male_10-U1,sham,10,tierA_p95,Biliary/ductular,secondary_senescence,50.0,55.0,160.0,0.010794499993608042,0.0032074033758252227,159.0,0.015905912030369642
7435_liver_sham_Male_10-U1,sham,10,tierA_p95,Biliary/ductular,secondary_senescence,55.0,60.0,111.0,0.01516414424567064,0.004007885663757938,117.0,0.012381282070866572
7435_liver_sham_Male_10-U1,sham,10,tierA_p95,Biliary/ductular,secondary_senescence,60.0,65.0,82.0,0.0024328048720035885,0.003991256468022662,83.0,0.014976505938768724
7435_liver_sham_Male_10-U1,sham,10,tierA_p95,Biliary/ductular,secondary_senescence,65.0,70.0,48.0,0.009425833593316687,0.006008346949441139,61.0,0.01179032801119916
7435_liver_sham_Male_10-U1,sham,10,tierA_p95,Biliary/ductular,secondary_senescence,70.0,75.0,49.0,0.012738979554602079,0.007447717273098528,53.0,0.025788679390592185
7435_liver_sham_Male_10-U1,sham,10,tierA_p95,Biliary/ductular,secondary_senescence,75.0,80.0,31.0,0.009616773951077653,0.007611265467390308,30.0,0.02024033311754465
7435_liver_sham_Male_10-U1,sham,10,tierA_p95,Biliary/ductular,secondary_senescence,80.0,85.0,15.0,0.014276666349420946,0.0081916794158135,13.0,0.025926923450942222
7435_liver_sham_Male_10-U1,sham,10,tierA_p95,Biliary/ductular,secondary_senescence,85.0,90.0,15.0,0.005886667128652334,0.011222629329490303,19.0,0.011326842045252162
7435_liver_sham_Male_10-U1,sham,10,tierA_p95,Biliary/ductular,secondary_senescence,90.0,95.0,6.0,0.025210000147732597,0.014558342786611776,4.0,0.025867500342428684
7435_liver_sham_Male_10-U1,sham,10,tierA_p95,Biliary/ductular,secondary_senescence,95.0,100.0,9.0,0.023311110989501078,0.019182519935916048,1.0,-0.016279999166727066
7435_liver_sham_Male_10-U1,sham,10,tierA_p95,Biliary/ductular,tnfa_nfkb_proximal,0.0,5.0,75.0,0.0014153332395168642,0.0033666243017763655,302.0,-0.004023741784433076
7435_liver_sham_Male_10-U1,sham,10,tierA_p95,Biliary/ductular,tnfa_nfkb_proximal,5.0,10.0,590.0,-0.0030464067867951136,0.0010822754576167131,555.0,-0.003191783769475191
7435_liver_sham_Male_10-U1,sham,10,tierA_p95,Biliary/ductular,tnfa_nfkb_proximal,10.0,15.0,551.0,-0.0028321052960116654,0.001117722061011037,539.0,-0.006624248646065955
7435_liver_sham_Male_10-U1,sham,10,tierA_p95,Biliary/ductular,tnfa_nfkb_proximal,15.0,20.0,469.0,-0.008891684355026583,0.0011509919452384182,464.0,-0.006811573246413273
7435_liver_sham_Male_10-U1,sham,10,tierA_p95,Biliary/ductular,tnfa_nfkb_proximal,20.0,25.0,417.0,-0.007616594715880515,0.0012537288527265304,399.0,-0.005818721799271526
7435_liver_sham_Male_10-U1,sham,10,tierA_p95,Biliary/ductular,tnfa_nfkb_proximal,25.0,30.0,403.0,-0.007316129046821809,0.0012924467689650124,355.0,-0.006510197130256516
7435_liver_sham_Male_10-U1,sham,10,tierA_p95,Biliary/ductular,tnfa_nfkb_proximal,30.0,35.0,355.0,-0.005036112701290362,0.0013984981636851535,329.0,-0.010480881481630728
7435_liver_sham_Male_10-U1,sham,10,tierA_p95,Biliary/ductular,tnfa_nfkb_proximal,35.0,40.0,318.0,-0.00820198110731263,0.0014044858769013968,280.0,-0.005203250004082552
7435_liver_sham_Male_10-U1,sham,10,tierA_p95,Biliary/ductular,tnfa_nfkb_proximal,40.0,45.0,287.0,-0.008089442499651645,0.0014403865485157427,253.0,-0.009391462515598796
7435_liver_sham_Male_10-U1,sham,10,tierA_p95,Biliary/ductular,tnfa_nfkb_proximal,45.0,50.0,217.0,-0.00579244239865491,0.0015941144181834672,192.0,-0.00843458337597743
7435_liver_sham_Male_10-U1,sham,10,tierA_p95,Biliary/ductular,tnfa_nfkb_proximal,50.0,55.0,160.0,-0.005914375023439789,0.0021969585314429176,159.0,-0.004434276725650244
7435_liver_sham_Male_10-U1,sham,10,tierA_p95,Biliary/ductular,tnfa_nfkb_proximal,55.0,60.0,111.0,-0.0050778378840527485,0.002028364129298335,117.0,-0.003010683683756864
7435_liver_sham_Male_10-U1,sham,10,tierA_p95,Biliary/ductular,tnfa_nfkb_proximal,60.0,65.0,82.0,-0.011293902400433492,0.0026162997943960605,83.0,-0.000562771165979106
7435_liver_sham_Male_10-U1,sham,10,tierA_p95,Biliary/ductular,tnfa_nfkb_proximal,65.0,70.0,48.0,-0.010403541814109,0.0034655560852130275,61.0,-0.006326229460384758
7435_liver_sham_Male_10-U1,sham,10,tierA_p95,Biliary/ductular,tnfa_nfkb_proximal,70.0,75.0,49.0,-0.00818061229341654,0.0031390183169201663,53.0,-0.0056286791816160505
7435_liver_sham_Male_10-U1,sham,10,tierA_p95,Biliary/ductular,tnfa_nfkb_proximal,75.0,80.0,31.0,-0.01380935505045683,0.004247618357919209,30.0,-0.01266599990000638
7435_liver_sham_Male_10-U1,sham,10,tierA_p95,Biliary/ductular,tnfa_nfkb_proximal,80.0,85.0,15.0,-0.01936666665909191,0.006111073990792709,13.0,-0.002492307801730931
7435_liver_sham_Male_10-U1,sham,10,tierA_p95,Biliary/ductular,tnfa_nfkb_proximal,85.0,90.0,15.0,-0.007339333546891188,0.00551938340208559,19.0,-0.013643684086242789
7435_liver_sham_Male_10-U1,sham,10,tierA_p95,Biliary/ductular,tnfa_nfkb_proximal,90.0,95.0,6.0,-0.0004833332883814971,0.020781285740843584,4.0,-0.004602500062901527
7435_liver_sham_Male_10-U1,sham,10,tierA_p95,Biliary/ductular,tnfa_nfkb_proximal,95.0,100.0,9.0,-0.0025733331632283,0.00989892573610998,1.0,0.017170000821352005
7435_liver_sham_Male_10-U1,sham,10,tierA_p95,Endothelial,downstream_arrest,0.0,5.0,13.0,0.003990769404201553,0.0061838662074627584,685.0,0.002317868622537595
7435_liver_sham_Male_10-U1,sham,10,tierA_p95,Endothelial,downstream_arrest,5.0,10.0,643.0,0.0027778227071462106,0.0008266349694640765,638.0,0.0036713166391678345
7435_liver_sham_Male_10-U1,sham,10,tierA_p95,Endothelial,downstream_arrest,10.0,15.0,1883.0,0.004482522570493066,0.0004657322802092607,1823.0,0.004878765774850757
7435_liver_sham_Male_10-U1,sham,10,tierA_p95,Endothelial,downstream_arrest,15.0,20.0,1958.0,0.0049020275866284565,0.0004580441388897882,1855.0,0.004799078161119608
7435_liver_sham_Male_10-U1,sham,10,tierA_p95,Endothelial,downstream_arrest,20.0,25.0,2152.0,0.005607913584759059,0.00042571059237543466,2104.0,0.005274510449014187
7435_liver_sham_Male_10-U1,sham,10,tierA_p95,Endothelial,downstream_arrest,25.0,30.0,2364.0,0.004010401863871003,0.0004132704554547437,2312.0,0.004494792374640748
7435_liver_sham_Male_10-U1,sham,10,tierA_p95,Endothelial,downstream_arrest,30.0,35.0,2281.0,0.0055471196820566235,0.0004208641181905777,2251.0,0.005277325644491842
7435_liver_sham_Male_10-U1,sham,10,tierA_p95,Endothelial,downstream_arrest,35.0,40.0,2309.0,0.005144820270275227,0.0004174180408107248,2251.0,0.0046465881819864364
7435_liver_sham_Male_10-U1,sham,10,tierA_p95,Endothelial,downstream_arrest,40.0,45.0,2074.0,0.005142188994722343,0.0004386059422812165,1998.0,0.00525720219579657
7435_liver_sham_Male_10-U1,sham,10,tierA_p95,Endothelial,downstream_arrest,45.0,50.0,1871.0,0.0054396098344908625,0.00044996386276664226,1706.0,0.006001348189738191
7435_liver_sham_Male_10-U1,sham,10,tierA_p95,Endothelial,downstream_arrest,50.0,55.0,1637.0,0.005054233362207081,0.00048672924103853563,1575.0,0.004822679405585246
7435_liver_sham_Male_10-U1,sham,10,tierA_p95,Endothelial,downstream_arrest,55.0,60.0,1331.0,0.004863861771535059,0.0005555948398752018,1203.0,0.005178162932313026
7435_liver_sham_Male_10-U1,sham,10,tierA_p95,Endothelial,downstream_arrest,60.0,65.0,1055.0,0.00483147865409234,0.0006222762659567642,982.0,0.005670224036353077
7435_liver_sham_Male_10-U1,sham,10,tierA_p95,Endothelial,downstream_arrest,65.0,70.0,826.0,0.0048116465011703476,0.0006972584205011285,778.0,0.0053738303437679685
7435_liver_sham_Male_10-U1,sham,10,tierA_p95,Endothelial,downstream_arrest,70.0,75.0,616.0,0.005330665596800402,0.0007953530536116308,589.0,0.005854991508515572
7435_liver_sham_Male_10-U1,sham,10,tierA_p95,Endothelial,downstream_arrest,75.0,80.0,414.0,0.004904589383370959,0.0009844014441565587,447.0,0.004483243856877331
7435_liver_sham_Male_10-U1,sham,10,tierA_p95,Endothelial,downstream_arrest,80.0,85.0,319.0,0.007105956074321346,0.0010661822410401116,305.0,0.007021114790488176
7435_liver_sham_Male_10-U1,sham,10,tierA_p95,Endothelial,downstream_arrest,85.0,90.0,207.0,0.00676652178104184,0.0013537248940635803,243.0,0.0065265843364658745
7435_liver_sham_Male_10-U1,sham,10,tierA_p95,Endothelial,downstream_arrest,90.0,95.0,172.0,0.008749941886911307,0.0015284710227368929,180.0,0.008656388886609218
7435_liver_sham_Male_10-U1,sham,10,tierA_p95,Endothelial,downstream_arrest,95.0,100.0,105.0,0.003957523936870053,0.0019076653089388697,305.0,0.0029928196583360197
7435_liver_sham_Male_10-U1,sham,10,tierA_p95,Endothelial,emt_ecm,0.0,5.0,13.0,0.022121538940924577,0.010086044588304623,685.0,0.009684846720791652
7435_liver_sham_Male_10-U1,sham,10,tierA_p95,Endothelial,emt_ecm,5.0,10.0,643.0,0.009116500753060766,0.0011925080563569214,638.0,0.00916261759015595
7435_liver_sham_Male_10-U1,sham,10,tierA_p95,Endothelial,emt_ecm,10.0,15.0,1883.0,0.007273590021399223,0.0006488359435334778,1823.0,0.006804114077877464
7435_liver_sham_Male_10-U1,sham,10,tierA_p95,Endothelial,emt_ecm,15.0,20.0,1958.0,0.006071322780863145,0.0006047408140000339,1855.0,0.005529460921724179
7435_liver_sham_Male_10-U1,sham,10,tierA_p95,Endothelial,emt_ecm,20.0,25.0,2152.0,0.0051024024160023955,0.0005570721705061293,2104.0,0.006182642589333694
7435_liver_sham_Male_10-U1,sham,10,tierA_p95,Endothelial,emt_ecm,25.0,30.0,2364.0,0.005463346022845049,0.0005493509736995928,2312.0,0.005119943766381313
7435_liver_sham_Male_10-U1,sham,10,tierA_p95,Endothelial,emt_ecm,30.0,35.0,2281.0,0.00543690485104489,0.0005618529407078452,2251.0,0.005939835621037407
7435_liver_sham_Male_10-U1,sham,10,tierA_p95,Endothelial,emt_ecm,35.0,40.0,2309.0,0.006505768742368868,0.0005539315624190086,2251.0,0.005200039981565015
7435_liver_sham_Male_10-U1,sham,10,tierA_p95,Endothelial,emt_ecm,40.0,45.0,2074.0,0.004465588224652488,0.0005759217078160588,1998.0,0.005963868861473858
7435_liver_sham_Male_10-U1,sham,10,tierA_p95,Endothelial,emt_ecm,45.0,50.0,1871.0,0.00506291819682206,0.0005968564545576991,1706.0,0.004165849937458363
7435_liver_sham_Male_10-U1,sham,10,tierA_p95,Endothelial,emt_ecm,50.0,55.0,1637.0,0.005818698826110507,0.0006740905091669602,1575.0,0.00487730794522259
7435_liver_sham_Male_10-U1,sham,10,tierA_p95,Endothelial,emt_ecm,55.0,60.0,1331.0,0.004298362151332293,0.0007380764850008469,1203.0,0.0050839151650962245
7435_liver_sham_Male_10-U1,sham,10,tierA_p95,Endothelial,emt_ecm,60.0,65.0,1055.0,0.005391270167387275,0.0008671099327785289,982.0,0.002779928695567805
7435_liver_sham_Male_10-U1,sham,10,tierA_p95,Endothelial,emt_ecm,65.0,70.0,826.0,0.0049536804014236,0.000949645716393696,778.0,0.004991850953012035
7435_liver_sham_Male_10-U1,sham,10,tierA_p95,Endothelial,emt_ecm,70.0,75.0,616.0,0.004783847346616667,0.0010739384923085945,589.0,0.004754516096691633
7435_liver_sham_Male_10-U1,sham,10,tierA_p95,Endothelial,emt_ecm,75.0,80.0,414.0,0.003895628031219917,0.0011165757846275939,447.0,0.0025851454556279872
7435_liver_sham_Male_10-U1,sham,10,tierA_p95,Endothelial,emt_ecm,80.0,85.0,319.0,0.0023513793141581485,0.0013005476036780366,305.0,0.004259737758500288
7435_liver_sham_Male_10-U1,sham,10,tierA_p95,Endothelial,emt_ecm,85.0,90.0,207.0,0.0061465700390801545,0.0018020888055288763,243.0,0.006349835384933186
7435_liver_sham_Male_10-U1,sham,10,tierA_p95,Endothelial,emt_ecm,90.0,95.0,172.0,0.0036294185404183864,0.001803206182286399,180.0,0.003194333254598152
7435_liver_sham_Male_10-U1,sham,10,tierA_p95,Endothelial,emt_ecm,95.0,100.0,105.0,0.0005160001425316468,0.0025285272837626757,305.0,0.007224885239547355
7435_liver_sham_Male_10-U1,sham,10,tierA_p95,Endothelial,il6_jak_stat3,0.0,5.0,13.0,0.0585438461902623,0.01311431217550317,685.0,0.023297211690126055
7435_liver_sham_Male_10-U1,sham,10,tierA_p95,Endothelial,il6_jak_stat3,5.0,10.0,643.0,0.024044074647935704,0.0017224758925696072,638.0,0.018194388764752382
7435_liver_sham_Male_10-U1,sham,10,tierA_p95,Endothelial,il6_jak_stat3,10.0,15.0,1883.0,0.017471656901613123,0.0009655585513740122,1823.0,0.014951557915446657
7435_liver_sham_Male_10-U1,sham,10,tierA_p95,Endothelial,il6_jak_stat3,15.0,20.0,1958.0,0.016701516847662363,0.0009821486546557508,1855.0,0.01496605390504428
7435_liver_sham_Male_10-U1,sham,10,tierA_p95,Endothelial,il6_jak_stat3,20.0,25.0,2152.0,0.015611974949340569,0.0008792218467358175,2104.0,0.016597191065602084
7435_liver_sham_Male_10-U1,sham,10,tierA_p95,Endothelial,il6_jak_stat3,25.0,30.0,2364.0,0.015835930622563353,0.0008541647614090608,2312.0,0.0166183606562979
7435_liver_sham_Male_10-U1,sham,10,tierA_p95,Endothelial,il6_jak_stat3,30.0,35.0,2281.0,0.015618794357835515,0.0008828105780459771,2251.0,0.01655704577035062
7435_liver_sham_Male_10-U1,sham,10,tierA_p95,Endothelial,il6_jak_stat3,35.0,40.0,2309.0,0.015280528345916984,0.0008622140221378439,2251.0,0.015704091522769505
7435_liver_sham_Male_10-U1,sham,10,tierA_p95,Endothelial,il6_jak_stat3,40.0,45.0,2074.0,0.015143244921304658,0.0009394093678394251,1998.0,0.013927687679105665
7435_liver_sham_Male_10-U1,sham,10,tierA_p95,Endothelial,il6_jak_stat3,45.0,50.0,1871.0,0.014256627498190951,0.0009698314008419706,1706.0,0.01379806562566665
7435_liver_sham_Male_10-U1,sham,10,tierA_p95,Endothelial,il6_jak_stat3,50.0,55.0,1637.0,0.01545420888398287,0.0010458567631817792,1575.0,0.015492247601722492
7435_liver_sham_Male_10-U1,sham,10,tierA_p95,Endothelial,il6_jak_stat3,55.0,60.0,1331.0,0.014463801633816635,0.0011566538044066265,1203.0,0.01432938488342294
7435_liver_sham_Male_10-U1,sham,10,tierA_p95,Endothelial,il6_jak_stat3,60.0,65.0,1055.0,0.014781317548683991,0.001304927196676034,982.0,0.015860040730438528
7435_liver_sham_Male_10-U1,sham,10,tierA_p95,Endothelial,il6_jak_stat3,65.0,70.0,826.0,0.013761985444745807,0.001460964787206086,778.0,0.014042442198262933
7435_liver_sham_Male_10-U1,sham,10,tierA_p95,Endothelial,il6_jak_stat3,70.0,75.0,616.0,0.01642529230429755,0.0016537328671989218,589.0,0.01686381997118192
7435_liver_sham_Male_10-U1,sham,10,tierA_p95,Endothelial,il6_jak_stat3,75.0,80.0,414.0,0.011838067703551228,0.001905982957750019,447.0,0.010986040374500468
7435_liver_sham_Male_10-U1,sham,10,tierA_p95,Endothelial,il6_jak_stat3,80.0,85.0,319.0,0.01023789981166753,0.0022179657035107537,305.0,0.01669304911036485
7435_liver_sham_Male_10-U1,sham,10,tierA_p95,Endothelial,il6_jak_stat3,85.0,90.0,207.0,0.01426309175622888,0.00301787061774791,243.0,0.01408617287998961
7435_liver_sham_Male_10-U1,sham,10,tierA_p95,Endothelial,il6_jak_stat3,90.0,95.0,172.0,0.014455465194471396,0.003158678294868316,180.0,0.014636555572441366
7435_liver_sham_Male_10-U1,sham,10,tierA_p95,Endothelial,il6_jak_stat3,95.0,100.0,105.0,0.012312666519539476,0.004070557162868234,305.0,0.014192786834204616
7435_liver_sham_Male_10-U1,sham,10,tierA_p95,Endothelial,interferon_response,0.0,5.0,13.0,0.03405923083370838,0.009127956750789982,685.0,0.01951995617379715
7435_liver_sham_Male_10-U1,sham,10,tierA_p95,Endothelial,interferon_response,5.0,10.0,643.0,0.020101026484658256,0.0012737472875746305,638.0,0.02089590911325266
7435_liver_sham_Male_10-U1,sham,10,tierA_p95,Endothelial,interferon_response,10.0,15.0,1883.0,0.018500663809021958,0.0007306962114560264,1823.0,0.016870559532952797
7435_liver_sham_Male_10-U1,sham,10,tierA_p95,Endothelial,interferon_response,15.0,20.0,1958.0,0.01807663943715264,0.0007523858273663771,1855.0,0.01573512133521665
7435_liver_sham_Male_10-U1,sham,10,tierA_p95,Endothelial,interferon_response,20.0,25.0,2152.0,0.016244790904321307,0.0006498294034209139,2104.0,0.016530774687122978
7435_liver_sham_Male_10-U1,sham,10,tierA_p95,Endothelial,interferon_response,25.0,30.0,2364.0,0.017713016071222887,0.0006492220133627737,2312.0,0.017351301887150884
7435_liver_sham_Male_10-U1,sham,10,tierA_p95,Endothelial,interferon_response,30.0,35.0,2281.0,0.018383603693535203,0.0006643289808153498,2251.0,0.018009022665077024
7435_liver_sham_Male_10-U1,sham,10,tierA_p95,Endothelial,interferon_response,35.0,40.0,2309.0,0.017427518420100596,0.0006618121482751057,2251.0,0.01682387828351824
7435_liver_sham_Male_10-U1,sham,10,tierA_p95,Endothelial,interferon_response,40.0,45.0,2074.0,0.0168966923994402,0.0006631378337894784,1998.0,0.01727829826736811
7435_liver_sham_Male_10-U1,sham,10,tierA_p95,Endothelial,interferon_response,45.0,50.0,1871.0,0.016451421710711775,0.0007080518108064475,1706.0,0.017553194612411345
7435_liver_sham_Male_10-U1,sham,10,tierA_p95,Endothelial,interferon_response,50.0,55.0,1637.0,0.018311392822105782,0.0007886487131982201,1575.0,0.018153238120296646
7435_liver_sham_Male_10-U1,sham,10,tierA_p95,Endothelial,interferon_response,55.0,60.0,1331.0,0.016211066853303927,0.0008437178913254911,1203.0,0.018065112237413552
7435_liver_sham_Male_10-U1,sham,10,tierA_p95,Endothelial,interferon_response,60.0,65.0,1055.0,0.016867677684203265,0.0009527033262916744,982.0,0.01789289205319669
7435_liver_sham_Male_10-U1,sham,10,tierA_p95,Endothelial,interferon_response,65.0,70.0,826.0,0.017400714233787015,0.0010303152772948704,778.0,0.01766345758175836
7435_liver_sham_Male_10-U1,sham,10,tierA_p95,Endothelial,interferon_response,70.0,75.0,616.0,0.02032839278038043,0.0012481642767153288,589.0,0.018573073034301186
7435_liver_sham_Male_10-U1,sham,10,tierA_p95,Endothelial,interferon_response,75.0,80.0,414.0,0.0159332608001783,0.0014626536751862064,447.0,0.017677158822736655
7435_liver_sham_Male_10-U1,sham,10,tierA_p95,Endothelial,interferon_response,80.0,85.0,319.0,0.013765517233436282,0.0015519457389460353,305.0,0.02131416382655486
7435_liver_sham_Male_10-U1,sham,10,tierA_p95,Endothelial,interferon_response,85.0,90.0,207.0,0.015062077300567382,0.0020551462611234964,243.0,0.016727695456780125
7435_liver_sham_Male_10-U1,sham,10,tierA_p95,Endothelial,interferon_response,90.0,95.0,172.0,0.01962302329678117,0.0024045390380989426,180.0,0.01834611111044069
7435_liver_sham_Male_10-U1,sham,10,tierA_p95,Endothelial,interferon_response,95.0,100.0,105.0,0.014710095223216783,0.0026055112351979523,305.0,0.01616718029974555
7435_liver_sham_Male_10-U1,sham,10,tierA_p95,Endothelial,oxidative_stress,0.0,5.0,13.0,0.03972538524808792,0.02258360954634096,685.0,0.06396398534888893
7435_liver_sham_Male_10-U1,sham,10,tierA_p95,Endothelial,oxidative_stress,5.0,10.0,643.0,0.0773467030143999,0.0029392151503893084,638.0,0.08248901252341413
7435_liver_sham_Male_10-U1,sham,10,tierA_p95,Endothelial,oxidative_stress,10.0,15.0,1883.0,0.08397499747641161,0.0016986480283851327,1823.0,0.08509070764759447
7435_liver_sham_Male_10-U1,sham,10,tierA_p95,Endothelial,oxidative_stress,15.0,20.0,1958.0,0.08653464250382632,0.0016536488811012494,1855.0,0.08813155248547291
7435_liver_sham_Male_10-U1,sham,10,tierA_p95,Endothelial,oxidative_stress,20.0,25.0,2152.0,0.08955654274424488,0.0015638890128169126,2104.0,0.08832590781402853
7435_liver_sham_Male_10-U1,sham,10,tierA_p95,Endothelial,oxidative_stress,25.0,30.0,2364.0,0.08838626057480686,0.0015080779725622658,2312.0,0.09010447229004127
7435_liver_sham_Male_10-U1,sham,10,tierA_p95,Endothelial,oxidative_stress,30.0,35.0,2281.0,0.08918714611793276,0.0015188246139104544,2251.0,0.09093465120618892
7435_liver_sham_Male_10-U1,sham,10,tierA_p95,Endothelial,oxidative_stress,35.0,40.0,2309.0,0.09239854493163352,0.0014858464824651762,2251.0,0.0916462772779998
7435_liver_sham_Male_10-U1,sham,10,tierA_p95,Endothelial,oxidative_stress,40.0,45.0,2074.0,0.09238943094090087,0.0015944526466393815,1998.0,0.09118288795849781
7435_liver_sham_Male_10-U1,sham,10,tierA_p95,Endothelial,oxidative_stress,45.0,50.0,1871.0,0.09020796371899201,0.0016667706458013568,1706.0,0.09279335869948344
7435_liver_sham_Male_10-U1,sham,10,tierA_p95,Endothelial,oxidative_stress,50.0,55.0,1637.0,0.09409987777774492,0.0017650729757598754,1575.0,0.09411899696818658
7435_liver_sham_Male_10-U1,sham,10,tierA_p95,Endothelial,oxidative_stress,55.0,60.0,1331.0,0.09360338844886595,0.0019851042699406173,1203.0,0.09668188712436125
7435_liver_sham_Male_10-U1,sham,10,tierA_p95,Endothelial,oxidative_stress,60.0,65.0,1055.0,0.09682227488675031,0.0022326758924635748,982.0,0.09655435836410481
7435_liver_sham_Male_10-U1,sham,10,tierA_p95,Endothelial,oxidative_stress,65.0,70.0,826.0,0.0927988378075332,0.002430576927491909,778.0,0.09565537281783003
7435_liver_sham_Male_10-U1,sham,10,tierA_p95,Endothelial,oxidative_stress,70.0,75.0,616.0,0.09506452894299412,0.0028630432826407407,589.0,0.09830809828281957
7435_liver_sham_Male_10-U1,sham,10,tierA_p95,Endothelial,oxidative_stress,75.0,80.0,414.0,0.10375473410205752,0.0035558434789029793,447.0,0.09389845647701214
7435_liver_sham_Male_10-U1,sham,10,tierA_p95,Endothelial,oxidative_stress,80.0,85.0,319.0,0.0965591221436534,0.003863272000299466,305.0,0.09620232795375651
7435_liver_sham_Male_10-U1,sham,10,tierA_p95,Endothelial,oxidative_stress,85.0,90.0,207.0,0.0938121740070972,0.004751040703290799,243.0,0.08898374490576907
7435_liver_sham_Male_10-U1,sham,10,tierA_p95,Endothelial,oxidative_stress,90.0,95.0,172.0,0.09121755828578729,0.005187116420295049,180.0,0.09926633354043587
7435_liver_sham_Male_10-U1,sham,10,tierA_p95,Endothelial,oxidative_stress,95.0,100.0,105.0,0.1090924758586057,0.006680705173241804,305.0,0.09767311506286325
7435_liver_sham_Male_10-U1,sham,10,tierA_p95,Endothelial,secondary_senescence,0.0,5.0,13.0,0.0050361539917783095,0.013705517956750918,685.0,-0.005424189777485261
7435_liver_sham_Male_10-U1,sham,10,tierA_p95,Endothelial,secondary_senescence,5.0,10.0,643.0,-0.0005892846237491576,0.0015845089062301856,638.0,-0.0015091379473660908
7435_liver_sham_Male_10-U1,sham,10,tierA_p95,Endothelial,secondary_senescence,10.0,15.0,1883.0,-0.003161667548201862,0.00083088402172132,1823.0,-0.0033041196081304764
7435_liver_sham_Male_10-U1,sham,10,tierA_p95,Endothelial,secondary_senescence,15.0,20.0,1958.0,-0.0030588049238525505,0.0008131451885451562,1855.0,-0.0038013585037495337
7435_liver_sham_Male_10-U1,sham,10,tierA_p95,Endothelial,secondary_senescence,20.0,25.0,2152.0,-0.003013754636832315,0.000794821852532516,2104.0,-0.0018565969613007166
7435_liver_sham_Male_10-U1,sham,10,tierA_p95,Endothelial,secondary_senescence,25.0,30.0,2364.0,-0.001927834177390935,0.0007649976478552164,2312.0,-0.003262067464687644
7435_liver_sham_Male_10-U1,sham,10,tierA_p95,Endothelial,secondary_senescence,30.0,35.0,2281.0,-0.0018324901655110597,0.0007480699879123054,2251.0,-0.001973451783111609
7435_liver_sham_Male_10-U1,sham,10,tierA_p95,Endothelial,secondary_senescence,35.0,40.0,2309.0,-0.0017787527430894925,0.0007684859070091801,2251.0,-0.0019799644702185354
7435_liver_sham_Male_10-U1,sham,10,tierA_p95,Endothelial,secondary_senescence,40.0,45.0,2074.0,-0.002802078113643928,0.0008158155036498846,1998.0,-0.0028050550417637815
7435_liver_sham_Male_10-U1,sham,10,tierA_p95,Endothelial,secondary_senescence,45.0,50.0,1871.0,-0.002237349025709479,0.0008536419504042145,1706.0,-0.0016669168098825797
7435_liver_sham_Male_10-U1,sham,10,tierA_p95,Endothelial,secondary_senescence,50.0,55.0,1637.0,-0.002261484392329405,0.0009316890529342138,1575.0,-0.0007927746472774916
7435_liver_sham_Male_10-U1,sham,10,tierA_p95,Endothelial,secondary_senescence,55.0,60.0,1331.0,-0.0034058001804874705,0.0009823556819236181,1203.0,-0.003310432284275689
7435_liver_sham_Male_10-U1,sham,10,tierA_p95,Endothelial,secondary_senescence,60.0,65.0,1055.0,-0.0020775640179049744,0.0011251563028285604,982.0,-0.0015070468738163636
7435_liver_sham_Male_10-U1,sham,10,tierA_p95,Endothelial,secondary_senescence,65.0,70.0,826.0,-0.002719830470499312,0.0012951811893317658,778.0,-0.002250115672063716
7435_liver_sham_Male_10-U1,sham,10,tierA_p95,Endothelial,secondary_senescence,70.0,75.0,616.0,-0.0026183441694276506,0.001550903590631145,589.0,-0.0018715619270395585
7435_liver_sham_Male_10-U1,sham,10,tierA_p95,Endothelial,secondary_senescence,75.0,80.0,414.0,-0.0018934541443354537,0.001761482519770159,447.0,-0.00346950784991537
7435_liver_sham_Male_10-U1,sham,10,tierA_p95,Endothelial,secondary_senescence,80.0,85.0,319.0,-0.0001409090735958152,0.0019794667225375095,305.0,0.0006441639381800549
7435_liver_sham_Male_10-U1,sham,10,tierA_p95,Endothelial,secondary_senescence,85.0,90.0,207.0,-0.002468888820754983,0.0025566007286010215,243.0,0.0021470369969460146
7435_liver_sham_Male_10-U1,sham,10,tierA_p95,Endothelial,secondary_senescence,90.0,95.0,172.0,0.0004271511303201361,0.0027291987773850595,180.0,-0.0016457222010810963
7435_liver_sham_Male_10-U1,sham,10,tierA_p95,Endothelial,secondary_senescence,95.0,100.0,105.0,-0.0013774285996554507,0.0034548269093296756,305.0,-0.000129311465034185
7435_liver_sham_Male_10-U1,sham,10,tierA_p95,Endothelial,tnfa_nfkb_proximal,0.0,5.0,13.0,0.013566154126937572,0.007205072472551106,685.0,0.007347620484097538
7435_liver_sham_Male_10-U1,sham,10,tierA_p95,Endothelial,tnfa_nfkb_proximal,5.0,10.0,643.0,0.006166018674789987,0.0011111306280970207,638.0,0.0037265517363768343
7435_liver_sham_Male_10-U1,sham,10,tierA_p95,Endothelial,tnfa_nfkb_proximal,10.0,15.0,1883.0,0.003582458871895299,0.0006273893415669967,1823.0,0.0018578277716696963
7435_liver_sham_Male_10-U1,sham,10,tierA_p95,Endothelial,tnfa_nfkb_proximal,15.0,20.0,1958.0,0.0015227936481549903,0.0006376687325986244,1855.0,5.650673546568513e-05
7435_liver_sham_Male_10-U1,sham,10,tierA_p95,Endothelial,tnfa_nfkb_proximal,20.0,25.0,2152.0,0.0006869702737577296,0.0005866471348963222,2104.0,0.0023900760468439004
7435_liver_sham_Male_10-U1,sham,10,tierA_p95,Endothelial,tnfa_nfkb_proximal,25.0,30.0,2364.0,0.0021940820869255843,0.0005645724192642129,2312.0,0.0016144506974540484
7435_liver_sham_Male_10-U1,sham,10,tierA_p95,Endothelial,tnfa_nfkb_proximal,30.0,35.0,2281.0,0.002227913189820706,0.000565355536434344,2251.0,0.0024001954780085498
7435_liver_sham_Male_10-U1,sham,10,tierA_p95,Endothelial,tnfa_nfkb_proximal,35.0,40.0,2309.0,0.00106931572526177,0.0005415845251707196,2251.0,0.0018762683206169353
7435_liver_sham_Male_10-U1,sham,10,tierA_p95,Endothelial,tnfa_nfkb_proximal,40.0,45.0,2074.0,0.0006694117629574567,0.000593844316642693,1998.0,0.0013541641674182702
7435_liver_sham_Male_10-U1,sham,10,tierA_p95,Endothelial,tnfa_nfkb_proximal,45.0,50.0,1871.0,0.0013421325247851544,0.0006271280230940853,1706.0,0.000795855838534188
7435_liver_sham_Male_10-U1,sham,10,tierA_p95,Endothelial,tnfa_nfkb_proximal,50.0,55.0,1637.0,0.0009703604194222247,0.0006896571819081691,1575.0,0.0011921015681305323
7435_liver_sham_Male_10-U1,sham,10,tierA_p95,Endothelial,tnfa_nfkb_proximal,55.0,60.0,1331.0,0.0016641247040477512,0.0007366213705460596,1203.0,0.0019041978125056427
7435_liver_sham_Male_10-U1,sham,10,tierA_p95,Endothelial,tnfa_nfkb_proximal,60.0,65.0,1055.0,0.0008841326806384748,0.0008272261441584159,982.0,0.0015449694526685751
7435_liver_sham_Male_10-U1,sham,10,tierA_p95,Endothelial,tnfa_nfkb_proximal,65.0,70.0,826.0,0.0020274334157047258,0.0009487908906239119,778.0,0.0012664781150862677
7435_liver_sham_Male_10-U1,sham,10,tierA_p95,Endothelial,tnfa_nfkb_proximal,70.0,75.0,616.0,0.004105470764390301,0.0011114720357904312,589.0,0.0003444651738267727
7435_liver_sham_Male_10-U1,sham,10,tierA_p95,Endothelial,tnfa_nfkb_proximal,75.0,80.0,414.0,-0.0003858694765148212,0.0012791959291077527,447.0,-0.0002458389429639222
7435_liver_sham_Male_10-U1,sham,10,tierA_p95,Endothelial,tnfa_nfkb_proximal,80.0,85.0,319.0,0.000498213192891785,0.0013925088179144948,305.0,0.0015425573697611383
7435_liver_sham_Male_10-U1,sham,10,tierA_p95,Endothelial,tnfa_nfkb_proximal,85.0,90.0,207.0,0.002156135270423773,0.002039440738843123,243.0,-0.0003713579949493608
7435_liver_sham_Male_10-U1,sham,10,tierA_p95,Endothelial,tnfa_nfkb_proximal,90.0,95.0,172.0,0.0010061626962851733,0.00201818998338077,180.0,0.0009051111228068799
7435_liver_sham_Male_10-U1,sham,10,tierA_p95,Endothelial,tnfa_nfkb_proximal,95.0,100.0,105.0,-0.00012200009909325412,0.0025352751947827325,305.0,0.002850524527505021
7435_liver_sham_Male_10-U1,sham,10,tierA_p95,Hepatocytes,downstream_arrest,0.0,5.0,5.0,9.600008197594435e-05,0.0025947063375645184,4403.0,0.009521564840315962
7435_liver_sham_Male_10-U1,sham,10,tierA_p95,Hepatocytes,downstream_arrest,5.0,10.0,1122.0,0.00995790551304661,0.0004967696487661655,1014.0,0.009836982264154989
7435_liver_sham_Male_10-U1,sham,10,tierA_p95,Hepatocytes,downstream_arrest,10.0,15.0,5561.0,0.010173686383624028,0.00020237539066265755,5116.0,0.010387935881235684
7435_liver_sham_Male_10-U1,sham,10,tierA_p95,Hepatocytes,downstream_arrest,15.0,20.0,7709.0,0.010560985862604299,0.00016673883669529504,7262.0,0.010481578078019749
7435_liver_sham_Male_10-U1,sham,10,tierA_p95,Hepatocytes,downstream_arrest,20.0,25.0,7951.0,0.01048120236297233,0.0001629960431440874,7557.0,0.010468502043299395
7435_liver_sham_Male_10-U1,sham,10,tierA_p95,Hepatocytes,downstream_arrest,25.0,30.0,7968.0,0.010691121987950641,0.00015937980899676356,7726.0,0.010880446552209915
7435_liver_sham_Male_10-U1,sham,10,tierA_p95,Hepatocytes,downstream_arrest,30.0,35.0,8219.0,0.010912359163371072,0.0001589634001825117,7653.0,0.010970691230771275
7435_liver_sham_Male_10-U1,sham,10,tierA_p95,Hepatocytes,downstream_arrest,35.0,40.0,7910.0,0.010825342607417071,0.00016123703346322053,7615.0,0.010970614582183484
7435_liver_sham_Male_10-U1,sham,10,tierA_p95,Hepatocytes,downstream_arrest,40.0,45.0,7245.0,0.01077416010597143,0.0001645689682203292,6879.0,0.010663911893769201
7435_liver_sham_Male_10-U1,sham,10,tierA_p95,Hepatocytes,downstream_arrest,45.0,50.0,6412.0,0.011163841234602914,0.00018056723018132807,6048.0,0.011124930555625825
7435_liver_sham_Male_10-U1,sham,10,tierA_p95,Hepatocytes,downstream_arrest,50.0,55.0,5549.0,0.010974516134726317,0.00018859914313924312,5227.0,0.011387382824768134
7435_liver_sham_Male_10-U1,sham,10,tierA_p95,Hepatocytes,downstream_arrest,55.0,60.0,4697.0,0.011372126874221697,0.00020794924106848733,4247.0,0.011457480574820019
7435_liver_sham_Male_10-U1,sham,10,tierA_p95,Hepatocytes,downstream_arrest,60.0,65.0,3674.0,0.01113931137747329,0.0002304744444327543,3449.0,0.011211823712437868
7435_liver_sham_Male_10-U1,sham,10,tierA_p95,Hepatocytes,downstream_arrest,65.0,70.0,2919.0,0.011598526900991212,0.0002623565466516972,2644.0,0.011502095294193536
7435_liver_sham_Male_10-U1,sham,10,tierA_p95,Hepatocytes,downstream_arrest,70.0,75.0,2216.0,0.010961701251876005,0.000306154246724856,1956.0,0.011491825158294987
7435_liver_sham_Male_10-U1,sham,10,tierA_p95,Hepatocytes,downstream_arrest,75.0,80.0,1607.0,0.011665849400445884,0.00035723389312127164,1516.0,0.011797882582544661
7435_liver_sham_Male_10-U1,sham,10,tierA_p95,Hepatocytes,downstream_arrest,80.0,85.0,1225.0,0.01174054694544032,0.0003969394474326986,1118.0,0.010471627922067678
7435_liver_sham_Male_10-U1,sham,10,tierA_p95,Hepatocytes,downstream_arrest,85.0,90.0,815.0,0.011361447864051757,0.0005090700203483656,743.0,0.011428613712937349
7435_liver_sham_Male_10-U1,sham,10,tierA_p95,Hepatocytes,downstream_arrest,90.0,95.0,577.0,0.01114717504622626,0.0005898654738615868,527.0,0.011715313076328315
7435_liver_sham_Male_10-U1,sham,10,tierA_p95,Hepatocytes,downstream_arrest,95.0,100.0,370.0,0.010967243271698936,0.0007371110103567715,1051.0,0.011833139860289617
7435_liver_sham_Male_10-U1,sham,10,tierA_p95,Hepatocytes,emt_ecm,0.0,5.0,5.0,0.012523999856057344,0.010521392372703352,4403.0,-0.0017025142041728557
7435_liver_sham_Male_10-U1,sham,10,tierA_p95,Hepatocytes,emt_ecm,5.0,10.0,1122.0,-0.001500579331476082,0.0005096783515548714,1014.0,-0.000778323487483046
7435_liver_sham_Male_10-U1,sham,10,tierA_p95,Hepatocytes,emt_ecm,10.0,15.0,5561.0,-0.0021242510271404147,0.00021311083374532094,5116.0,-0.002352820570272545
7435_liver_sham_Male_10-U1,sham,10,tierA_p95,Hepatocytes,emt_ecm,15.0,20.0,7709.0,-0.0023672992681600083,0.0001734799828082859,7262.0,-0.002219691549205373
7435_liver_sham_Male_10-U1,sham,10,tierA_p95,Hepatocytes,emt_ecm,20.0,25.0,7951.0,-0.002177812861065973,0.00017241267794814208,7557.0,-0.002142678307661137
7435_liver_sham_Male_10-U1,sham,10,tierA_p95,Hepatocytes,emt_ecm,25.0,30.0,7968.0,-0.0020857630563861024,0.00017355778297128516,7726.0,-0.002128670729472637
7435_liver_sham_Male_10-U1,sham,10,tierA_p95,Hepatocytes,emt_ecm,30.0,35.0,8219.0,-0.0024229079034468475,0.0001676700510222158,7653.0,-0.0019752319414766623
7435_liver_sham_Male_10-U1,sham,10,tierA_p95,Hepatocytes,emt_ecm,35.0,40.0,7910.0,-0.0020412781314387025,0.00017109633100829546,7615.0,-0.00214121733583192
7435_liver_sham_Male_10-U1,sham,10,tierA_p95,Hepatocytes,emt_ecm,40.0,45.0,7245.0,-0.001746269159392563,0.00017800480287918268,6879.0,-0.0018352653109646002
7435_liver_sham_Male_10-U1,sham,10,tierA_p95,Hepatocytes,emt_ecm,45.0,50.0,6412.0,-0.002100898327964208,0.00018982480307094276,6048.0,-0.0019288409444533302
7435_liver_sham_Male_10-U1,sham,10,tierA_p95,Hepatocytes,emt_ecm,50.0,55.0,5549.0,-0.0019964714441276944,0.00020010687387255678,5227.0,-0.0020222288156077307
7435_liver_sham_Male_10-U1,sham,10,tierA_p95,Hepatocytes,emt_ecm,55.0,60.0,4697.0,-0.0022728401101560396,0.0002158075120939945,4247.0,-0.0020114292499557773
7435_liver_sham_Male_10-U1,sham,10,tierA_p95,Hepatocytes,emt_ecm,60.0,65.0,3674.0,-0.0019140201374713765,0.00024409741421554574,3449.0,-0.002109040298951158
7435_liver_sham_Male_10-U1,sham,10,tierA_p95,Hepatocytes,emt_ecm,65.0,70.0,2919.0,-0.001773405276811194,0.0002797119355266178,2644.0,-0.002050945533108918
7435_liver_sham_Male_10-U1,sham,10,tierA_p95,Hepatocytes,emt_ecm,70.0,75.0,2216.0,-0.0018007084855634398,0.00031615858796977,1956.0,-0.002542868116437908
7435_liver_sham_Male_10-U1,sham,10,tierA_p95,Hepatocytes,emt_ecm,75.0,80.0,1607.0,-0.001581705052219382,0.00037835632483022,1516.0,-0.0022250329822378926
7435_liver_sham_Male_10-U1,sham,10,tierA_p95,Hepatocytes,emt_ecm,80.0,85.0,1225.0,-0.0013728163349210542,0.00042260560131686934,1118.0,-0.00207175315330385
7435_liver_sham_Male_10-U1,sham,10,tierA_p95,Hepatocytes,emt_ecm,85.0,90.0,815.0,-0.0020277914139131465,0.0005121528798767679,743.0,-0.003149730841028368
7435_liver_sham_Male_10-U1,sham,10,tierA_p95,Hepatocytes,emt_ecm,90.0,95.0,577.0,-0.0026953033039895527,0.0005984651548307265,527.0,-0.002297950648540097
7435_liver_sham_Male_10-U1,sham,10,tierA_p95,Hepatocytes,emt_ecm,95.0,100.0,370.0,-0.0016595675881969352,0.0007675742431839474,1051.0,-0.002838924839044478
7435_liver_sham_Male_10-U1,sham,10,tierA_p95,Hepatocytes,il6_jak_stat3,0.0,5.0,5.0,-0.02927200011909008,0.005159025613930357,4403.0,-0.038289668384972074
7435_liver_sham_Male_10-U1,sham,10,tierA_p95,Hepatocytes,il6_jak_stat3,5.0,10.0,1122.0,-0.036073208521772364,0.0006100827328231114,1014.0,-0.03716218935785218
7435_liver_sham_Male_10-U1,sham,10,tierA_p95,Hepatocytes,il6_jak_stat3,10.0,15.0,5561.0,-0.03958905413270501,0.00025553872659954077,5116.0,-0.03937225370502547
7435_liver_sham_Male_10-U1,sham,10,tierA_p95,Hepatocytes,il6_jak_stat3,15.0,20.0,7709.0,-0.03993074975859369,0.00021133425428039162,7262.0,-0.0401032745777006
7435_liver_sham_Male_10-U1,sham,10,tierA_p95,Hepatocytes,il6_jak_stat3,20.0,25.0,7951.0,-0.040064341591237625,0.00020917473889706724,7557.0,-0.0404902170157348
7435_liver_sham_Male_10-U1,sham,10,tierA_p95,Hepatocytes,il6_jak_stat3,25.0,30.0,7968.0,-0.039907778606652664,0.0002072078395389902,7726.0,-0.04006155576587021
7435_liver_sham_Male_10-U1,sham,10,tierA_p95,Hepatocytes,il6_jak_stat3,30.0,35.0,8219.0,-0.04025072149425676,0.00020249234958913547,7653.0,-0.040431501376435065
7435_liver_sham_Male_10-U1,sham,10,tierA_p95,Hepatocytes,il6_jak_stat3,35.0,40.0,7910.0,-0.0400514905120842,0.00020534997156146096,7615.0,-0.04014129086620224
7435_liver_sham_Male_10-U1,sham,10,tierA_p95,Hepatocytes,il6_jak_stat3,40.0,45.0,7245.0,-0.04020511523978864,0.00021496754069772766,6879.0,-0.03982052915067583
7435_liver_sham_Male_10-U1,sham,10,tierA_p95,Hepatocytes,il6_jak_stat3,45.0,50.0,6412.0,-0.04023522301195021,0.00022752807127785296,6048.0,-0.04052595237669239
7435_liver_sham_Male_10-U1,sham,10,tierA_p95,Hepatocytes,il6_jak_stat3,50.0,55.0,5549.0,-0.04047068659937995,0.00024037628426862447,5227.0,-0.04042057394471455
7435_liver_sham_Male_10-U1,sham,10,tierA_p95,Hepatocytes,il6_jak_stat3,55.0,60.0,4697.0,-0.04025982968317677,0.00026052205914324625,4247.0,-0.040350266059809625
7435_liver_sham_Male_10-U1,sham,10,tierA_p95,Hepatocytes,il6_jak_stat3,60.0,65.0,3674.0,-0.04053863093090709,0.00028425363295769905,3449.0,-0.04042045519525034
7435_liver_sham_Male_10-U1,sham,10,tierA_p95,Hepatocytes,il6_jak_stat3,65.0,70.0,2919.0,-0.0402982357008512,0.0003389259216833872,2644.0,-0.040209062029579086
7435_liver_sham_Male_10-U1,sham,10,tierA_p95,Hepatocytes,il6_jak_stat3,70.0,75.0,2216.0,-0.040407481986720756,0.0003892067030989472,1956.0,-0.04059846626626296
7435_liver_sham_Male_10-U1,sham,10,tierA_p95,Hepatocytes,il6_jak_stat3,75.0,80.0,1607.0,-0.040801879296441905,0.00044525625501555316,1516.0,-0.04109042220216117
7435_liver_sham_Male_10-U1,sham,10,tierA_p95,Hepatocytes,il6_jak_stat3,80.0,85.0,1225.0,-0.04157858773094854,0.000521648679687739,1118.0,-0.0403511001721928
7435_liver_sham_Male_10-U1,sham,10,tierA_p95,Hepatocytes,il6_jak_stat3,85.0,90.0,815.0,-0.040199680960640034,0.0006735928570559649,743.0,-0.04059014800675263
7435_liver_sham_Male_10-U1,sham,10,tierA_p95,Hepatocytes,il6_jak_stat3,90.0,95.0,577.0,-0.039040381240475264,0.0007649263345245554,527.0,-0.041027647018935666
7435_liver_sham_Male_10-U1,sham,10,tierA_p95,Hepatocytes,il6_jak_stat3,95.0,100.0,370.0,-0.04010964863763719,0.0010019875380710968,1051.0,-0.04085348241769039
7435_liver_sham_Male_10-U1,sham,10,tierA_p95,Hepatocytes,interferon_response,0.0,5.0,5.0,-0.009439999796450138,0.008773803275486458,4403.0,-0.008866257090312305
7435_liver_sham_Male_10-U1,sham,10,tierA_p95,Hepatocytes,interferon_response,5.0,10.0,1122.0,-0.0064969251360287965,0.0006078648643014868,1014.0,-0.0068501479667897
7435_liver_sham_Male_10-U1,sham,10,tierA_p95,Hepatocytes,interferon_response,10.0,15.0,5561.0,-0.008571672353033561,0.00024979072848636987,5116.0,-0.008286880376001024
7435_liver_sham_Male_10-U1,sham,10,tierA_p95,Hepatocytes,interferon_response,15.0,20.0,7709.0,-0.00935798417644357,0.00020260737040110607,7262.0,-0.009140333241598096
7435_liver_sham_Male_10-U1,sham,10,tierA_p95,Hepatocytes,interferon_response,20.0,25.0,7951.0,-0.009328261846672882,0.00019523652788403206,7557.0,-0.009123979091598273
7435_liver_sham_Male_10-U1,sham,10,tierA_p95,Hepatocytes,interferon_response,25.0,30.0,7968.0,-0.008855397843147778,0.00019465515744273809,7726.0,-0.00876652990243128
7435_liver_sham_Male_10-U1,sham,10,tierA_p95,Hepatocytes,interferon_response,30.0,35.0,8219.0,-0.009000560893972434,0.00019514743685182783,7653.0,-0.008297826983105041
7435_liver_sham_Male_10-U1,sham,10,tierA_p95,Hepatocytes,interferon_response,35.0,40.0,7910.0,-0.008132469026422907,0.00019744903309643744,7615.0,-0.008459331587160819
7435_liver_sham_Male_10-U1,sham,10,tierA_p95,Hepatocytes,interferon_response,40.0,45.0,7245.0,-0.008490459630704598,0.0002013121848626917,6879.0,-0.008168719294013834
7435_liver_sham_Male_10-U1,sham,10,tierA_p95,Hepatocytes,interferon_response,45.0,50.0,6412.0,-0.008334081414788457,0.00021801216092069833,6048.0,-0.008379110450186519
7435_liver_sham_Male_10-U1,sham,10,tierA_p95,Hepatocytes,interferon_response,50.0,55.0,5549.0,-0.007694388179346806,0.0002266793452244153,5227.0,-0.008430933611909573
7435_liver_sham_Male_10-U1,sham,10,tierA_p95,Hepatocytes,interferon_response,55.0,60.0,4697.0,-0.00820815414694606,0.00025289733866700327,4247.0,-0.008421511658952146
7435_liver_sham_Male_10-U1,sham,10,tierA_p95,Hepatocytes,interferon_response,60.0,65.0,3674.0,-0.007816083286680361,0.0002735992096809195,3449.0,-0.008142267322089801
7435_liver_sham_Male_10-U1,sham,10,tierA_p95,Hepatocytes,interferon_response,65.0,70.0,2919.0,-0.007941020905809747,0.00031262870060599457,2644.0,-0.008110631613296051
7435_liver_sham_Male_10-U1,sham,10,tierA_p95,Hepatocytes,interferon_response,70.0,75.0,2216.0,-0.007921714791698025,0.00035557651302566516,1956.0,-0.007838179952620665
7435_liver_sham_Male_10-U1,sham,10,tierA_p95,Hepatocytes,interferon_response,75.0,80.0,1607.0,-0.007229670199521074,0.00041875354093517627,1516.0,-0.008093436670318059
7435_liver_sham_Male_10-U1,sham,10,tierA_p95,Hepatocytes,interferon_response,80.0,85.0,1225.0,-0.008207330604699175,0.0004643798919450418,1118.0,-0.008268783540207976
7435_liver_sham_Male_10-U1,sham,10,tierA_p95,Hepatocytes,interferon_response,85.0,90.0,815.0,-0.0066859754469039264,0.0006199442960178978,743.0,-0.007189219380163628
7435_liver_sham_Male_10-U1,sham,10,tierA_p95,Hepatocytes,interferon_response,90.0,95.0,577.0,-0.007454939298322658,0.0006942245083015522,527.0,-0.008403111986088996
7435_liver_sham_Male_10-U1,sham,10,tierA_p95,Hepatocytes,interferon_response,95.0,100.0,370.0,-0.007959324345702535,0.0007878942819593157,1051.0,-0.00760346337281349
7435_liver_sham_Male_10-U1,sham,10,tierA_p95,Hepatocytes,oxidative_stress,0.0,5.0,5.0,0.11391399949789047,0.010162035205894654,4403.0,0.14065506922095866
7435_liver_sham_Male_10-U1,sham,10,tierA_p95,Hepatocytes,oxidative_stress,5.0,10.0,1122.0,0.13999061501973414,0.0015479232043617808,1014.0,0.14020563143625106
7435_liver_sham_Male_10-U1,sham,10,tierA_p95,Hepatocytes,oxidative_stress,10.0,15.0,5561.0,0.14377914232768638,0.0006378505751168072,5116.0,0.1442065890171408
7435_liver_sham_Male_10-U1,sham,10,tierA_p95,Hepatocytes,oxidative_stress,15.0,20.0,7709.0,0.1444098157764693,0.0005225900005857597,7262.0,0.1449545124931738
7435_liver_sham_Male_10-U1,sham,10,tierA_p95,Hepatocytes,oxidative_stress,20.0,25.0,7951.0,0.14444483581997986,0.0005117153506337249,7557.0,0.145122937678452
7435_liver_sham_Male_10-U1,sham,10,tierA_p95,Hepatocytes,oxidative_stress,25.0,30.0,7968.0,0.14506390186830598,0.0005116160829593331,7726.0,0.14433332906436
7435_liver_sham_Male_10-U1,sham,10,tierA_p95,Hepatocytes,oxidative_stress,30.0,35.0,8219.0,0.145702996685919,0.0004984429706974788,7653.0,0.14593891548324137
7435_liver_sham_Male_10-U1,sham,10,tierA_p95,Hepatocytes,oxidative_stress,35.0,40.0,7910.0,0.14632426288266467,0.0005084964005281036,7615.0,0.14601446873724255
7435_liver_sham_Male_10-U1,sham,10,tierA_p95,Hepatocytes,oxidative_stress,40.0,45.0,7245.0,0.14649018080501122,0.0005265387353393736,6879.0,0.14700477973538445
7435_liver_sham_Male_10-U1,sham,10,tierA_p95,Hepatocytes,oxidative_stress,45.0,50.0,6412.0,0.14805460852917862,0.000563735788329728,6048.0,0.14854879955656886
7435_liver_sham_Male_10-U1,sham,10,tierA_p95,Hepatocytes,oxidative_stress,50.0,55.0,5549.0,0.14719009006667075,0.0005951426868766765,5227.0,0.14735791650779353
7435_liver_sham_Male_10-U1,sham,10,tierA_p95,Hepatocytes,oxidative_stress,55.0,60.0,4697.0,0.14809044497156995,0.0006489867992528565,4247.0,0.146418643800292
7435_liver_sham_Male_10-U1,sham,10,tierA_p95,Hepatocytes,oxidative_stress,60.0,65.0,3674.0,0.1466575340645045,0.0007429050088102588,3449.0,0.14862349680945222
7435_liver_sham_Male_10-U1,sham,10,tierA_p95,Hepatocytes,oxidative_stress,65.0,70.0,2919.0,0.14806844800595498,0.0008381956433863258,2644.0,0.14866711047917264
7435_liver_sham_Male_10-U1,sham,10,tierA_p95,Hepatocytes,oxidative_stress,70.0,75.0,2216.0,0.14753472020853578,0.0009630282933864591,1956.0,0.14910545502143557
7435_liver_sham_Male_10-U1,sham,10,tierA_p95,Hepatocytes,oxidative_stress,75.0,80.0,1607.0,0.14791385169699092,0.0011054350652596264,1516.0,0.14982664239015994
7435_liver_sham_Male_10-U1,sham,10,tierA_p95,Hepatocytes,oxidative_stress,80.0,85.0,1225.0,0.14747516737186483,0.0012313972406258079,1118.0,0.14787725402935273
7435_liver_sham_Male_10-U1,sham,10,tierA_p95,Hepatocytes,oxidative_stress,85.0,90.0,815.0,0.14657955835437678,0.0015063132336703474,743.0,0.14711946149232571
7435_liver_sham_Male_10-U1,sham,10,tierA_p95,Hepatocytes,oxidative_stress,90.0,95.0,577.0,0.1477027383610361,0.0018586197926312932,527.0,0.1478416316221827
7435_liver_sham_Male_10-U1,sham,10,tierA_p95,Hepatocytes,oxidative_stress,95.0,100.0,370.0,0.15080354070240581,0.002166567715365258,1051.0,0.15062837277718072
7435_liver_sham_Male_10-U1,sham,10,tierA_p95,Hepatocytes,secondary_senescence,0.0,5.0,5.0,-0.023887999914586545,0.0057147470091393985,4403.0,-0.008490084031711007
7435_liver_sham_Male_10-U1,sham,10,tierA_p95,Hepatocytes,secondary_senescence,5.0,10.0,1122.0,-0.007979919802814437,0.0007457732993247962,1014.0,-0.00763774164303816
7435_liver_sham_Male_10-U1,sham,10,tierA_p95,Hepatocytes,secondary_senescence,10.0,15.0,5561.0,-0.008906691238373777,0.00031270693819686844,5116.0,-0.008707167716878461
7435_liver_sham_Male_10-U1,sham,10,tierA_p95,Hepatocytes,secondary_senescence,15.0,20.0,7709.0,-0.009297715657238144,0.00025100378158487307,7262.0,-0.00927053704210288
7435_liver_sham_Male_10-U1,sham,10,tierA_p95,Hepatocytes,secondary_senescence,20.0,25.0,7951.0,-0.008774723923212688,0.0002478177088497842,7557.0,-0.008705438658435871
7435_liver_sham_Male_10-U1,sham,10,tierA_p95,Hepatocytes,secondary_senescence,25.0,30.0,7968.0,-0.008767520076940786,0.0002500051341009655,7726.0,-0.008990718347136587
7435_liver_sham_Male_10-U1,sham,10,tierA_p95,Hepatocytes,secondary_senescence,30.0,35.0,8219.0,-0.008625885131351641,0.0002454382205931722,7653.0,-0.008777986405386656
7435_liver_sham_Male_10-U1,sham,10,tierA_p95,Hepatocytes,secondary_senescence,35.0,40.0,7910.0,-0.009024568896862884,0.0002469038825812259,7615.0,-0.008708323055699092
7435_liver_sham_Male_10-U1,sham,10,tierA_p95,Hepatocytes,secondary_senescence,40.0,45.0,7245.0,-0.00917433678308648,0.00026050858949315634,6879.0,-0.008813296977453996
7435_liver_sham_Male_10-U1,sham,10,tierA_p95,Hepatocytes,secondary_senescence,45.0,50.0,6412.0,-0.007953827200458547,0.0002819775939275014,6048.0,-0.008880239753027905
7435_liver_sham_Male_10-U1,sham,10,tierA_p95,Hepatocytes,secondary_senescence,50.0,55.0,5549.0,-0.008325464051429872,0.00029625557934557465,5227.0,-0.008653822449818722
7435_liver_sham_Male_10-U1,sham,10,tierA_p95,Hepatocytes,secondary_senescence,55.0,60.0,4697.0,-0.008823193535028669,0.00031447371388176475,4247.0,-0.00874862490116349
7435_liver_sham_Male_10-U1,sham,10,tierA_p95,Hepatocytes,secondary_senescence,60.0,65.0,3674.0,-0.008715743064487596,0.00036195389121920427,3449.0,-0.008555285593252854
7435_liver_sham_Male_10-U1,sham,10,tierA_p95,Hepatocytes,secondary_senescence,65.0,70.0,2919.0,-0.008686015766872042,0.0004057690344292372,2644.0,-0.008407208757134578
7435_liver_sham_Male_10-U1,sham,10,tierA_p95,Hepatocytes,secondary_senescence,70.0,75.0,2216.0,-0.0080989756002547,0.00048059074956309424,1956.0,-0.008644754603447597
7435_liver_sham_Male_10-U1,sham,10,tierA_p95,Hepatocytes,secondary_senescence,75.0,80.0,1607.0,-0.0080739078989974,0.0005355539461692494,1516.0,-0.007900244030225913
7435_liver_sham_Male_10-U1,sham,10,tierA_p95,Hepatocytes,secondary_senescence,80.0,85.0,1225.0,-0.008250212232758677,0.0006221557962854535,1118.0,-0.00804386406058136
7435_liver_sham_Male_10-U1,sham,10,tierA_p95,Hepatocytes,secondary_senescence,85.0,90.0,815.0,-0.00816533741933305,0.0007775990717689027,743.0,-0.007809044444002211
7435_liver_sham_Male_10-U1,sham,10,tierA_p95,Hepatocytes,secondary_senescence,90.0,95.0,577.0,-0.007182357041059309,0.0009347021161918902,527.0,-0.008172201128627161
7435_liver_sham_Male_10-U1,sham,10,tierA_p95,Hepatocytes,secondary_senescence,95.0,100.0,370.0,-0.011583783777078261,0.0010589469084059222,1051.0,-0.008184776403343353
7435_liver_sham_Male_10-U1,sham,10,tierA_p95,Hepatocytes,tnfa_nfkb_proximal,0.0,5.0,5.0,-0.03237600028514862,0.008549540015323228,4403.0,-0.02654493981366712
7435_liver_sham_Male_10-U1,sham,10,tierA_p95,Hepatocytes,tnfa_nfkb_proximal,5.0,10.0,1122.0,-0.02485494652493293,0.0004855115425109511,1014.0,-0.025972544427562326
7435_liver_sham_Male_10-U1,sham,10,tierA_p95,Hepatocytes,tnfa_nfkb_proximal,10.0,15.0,5561.0,-0.02706860996499563,0.0001967180530692883,5116.0,-0.027047316271427185
7435_liver_sham_Male_10-U1,sham,10,tierA_p95,Hepatocytes,tnfa_nfkb_proximal,15.0,20.0,7709.0,-0.027739980546871667,0.0001633081376249872,7262.0,-0.027339411999276444
7435_liver_sham_Male_10-U1,sham,10,tierA_p95,Hepatocytes,tnfa_nfkb_proximal,20.0,25.0,7951.0,-0.027134521442168793,0.00015924593199021867,7557.0,-0.02756527985678383
7435_liver_sham_Male_10-U1,sham,10,tierA_p95,Hepatocytes,tnfa_nfkb_proximal,25.0,30.0,7968.0,-0.02705620606194904,0.00015981757199186235,7726.0,-0.027687795750518943
7435_liver_sham_Male_10-U1,sham,10,tierA_p95,Hepatocytes,tnfa_nfkb_proximal,30.0,35.0,8219.0,-0.027179314991431253,0.0001572494695461437,7653.0,-0.027181654245445046
7435_liver_sham_Male_10-U1,sham,10,tierA_p95,Hepatocytes,tnfa_nfkb_proximal,35.0,40.0,7910.0,-0.027321260437747696,0.00015657651961677803,7615.0,-0.02729402626769542
7435_liver_sham_Male_10-U1,sham,10,tierA_p95,Hepatocytes,tnfa_nfkb_proximal,40.0,45.0,7245.0,-0.027139706000144752,0.00016717641197567184,6879.0,-0.026839292063869653
7435_liver_sham_Male_10-U1,sham,10,tierA_p95,Hepatocytes,tnfa_nfkb_proximal,45.0,50.0,6412.0,-0.027649589841546994,0.00017894844783000583,6048.0,-0.027462683546390046
7435_liver_sham_Male_10-U1,sham,10,tierA_p95,Hepatocytes,tnfa_nfkb_proximal,50.0,55.0,5549.0,-0.02727309423710781,0.0001887501327808036,5227.0,-0.02742097378472415
7435_liver_sham_Male_10-U1,sham,10,tierA_p95,Hepatocytes,tnfa_nfkb_proximal,55.0,60.0,4697.0,-0.027307853946654827,0.00020127387564430565,4247.0,-0.02766418176405257
7435_liver_sham_Male_10-U1,sham,10,tierA_p95,Hepatocytes,tnfa_nfkb_proximal,60.0,65.0,3674.0,-0.027621317368624127,0.00022730718960556315,3449.0,-0.027176772995135934
7435_liver_sham_Male_10-U1,sham,10,tierA_p95,Hepatocytes,tnfa_nfkb_proximal,65.0,70.0,2919.0,-0.02704525180254971,0.00025940579855330723,2644.0,-0.027191807882298347
7435_liver_sham_Male_10-U1,sham,10,tierA_p95,Hepatocytes,tnfa_nfkb_proximal,70.0,75.0,2216.0,-0.027306805080335724,0.0003067121889361577,1956.0,-0.026951820051601467
7435_liver_sham_Male_10-U1,sham,10,tierA_p95,Hepatocytes,tnfa_nfkb_proximal,75.0,80.0,1607.0,-0.027333422540385482,0.00034849656884974363,1516.0,-0.02738608177282301
7435_liver_sham_Male_10-U1,sham,10,tierA_p95,Hepatocytes,tnfa_nfkb_proximal,80.0,85.0,1225.0,-0.027014457140758168,0.00039310920303339494,1118.0,-0.027383291585177508
7435_liver_sham_Male_10-U1,sham,10,tierA_p95,Hepatocytes,tnfa_nfkb_proximal,85.0,90.0,815.0,-0.026944944809245922,0.0004725889480796178,743.0,-0.026022395690865306
7435_liver_sham_Male_10-U1,sham,10,tierA_p95,Hepatocytes,tnfa_nfkb_proximal,90.0,95.0,577.0,-0.028041247899669903,0.0005787266743723393,527.0,-0.02754197342037307
7435_liver_sham_Male_10-U1,sham,10,tierA_p95,Hepatocytes,tnfa_nfkb_proximal,95.0,100.0,370.0,-0.027744243320587367,0.0007201833015815075,1051.0,-0.02763823026684713
7435_liver_sham_Male_10-U1,sham,10,tierA_p95,Macrophages,downstream_arrest,0.0,5.0,24.0,0.010609583536279388,0.005678835808848905,661.0,0.004162012128177544
7435_liver_sham_Male_10-U1,sham,10,tierA_p95,Macrophages,downstream_arrest,5.0,10.0,414.0,0.007827729470178287,0.0010690868866294265,422.0,0.005264834132128888
7435_liver_sham_Male_10-U1,sham,10,tierA_p95,Macrophages,downstream_arrest,10.0,15.0,866.0,0.006888406459898555,0.000732799932000784,813.0,0.006397539972280253
7435_liver_sham_Male_10-U1,sham,10,tierA_p95,Macrophages,downstream_arrest,15.0,20.0,913.0,0.007367447977926088,0.0007142071431232949,913.0,0.0077253340363052335
7435_liver_sham_Male_10-U1,sham,10,tierA_p95,Macrophages,downstream_arrest,20.0,25.0,970.0,0.00642677322034568,0.0006438756823535391,1002.0,0.006056936171173398
7435_liver_sham_Male_10-U1,sham,10,tierA_p95,Macrophages,downstream_arrest,25.0,30.0,1163.0,0.006253215846432953,0.000596770569988406,1026.0,0.006496530266974189
7435_liver_sham_Male_10-U1,sham,10,tierA_p95,Macrophages,downstream_arrest,30.0,35.0,1129.0,0.0068714969012648045,0.0006012788466476562,1061.0,0.006544052794780241
7435_liver_sham_Male_10-U1,sham,10,tierA_p95,Macrophages,downstream_arrest,35.0,40.0,1120.0,0.005970446454846621,0.0005996842697292565,1079.0,0.0069874050378219196
7435_liver_sham_Male_10-U1,sham,10,tierA_p95,Macrophages,downstream_arrest,40.0,45.0,1016.0,0.005975708669036146,0.0006406649483922127,911.0,0.007682810098535626
7435_liver_sham_Male_10-U1,sham,10,tierA_p95,Macrophages,downstream_arrest,45.0,50.0,954.0,0.005805796628588014,0.0006822284090582416,862.0,0.007780487223604732
7435_liver_sham_Male_10-U1,sham,10,tierA_p95,Macrophages,downstream_arrest,50.0,55.0,795.0,0.007481132096780461,0.0007107527386662989,709.0,0.006624908318704277
7435_liver_sham_Male_10-U1,sham,10,tierA_p95,Macrophages,downstream_arrest,55.0,60.0,674.0,0.005163605347475142,0.0007763392137491941,622.0,0.006060996807859138
7435_liver_sham_Male_10-U1,sham,10,tierA_p95,Macrophages,downstream_arrest,60.0,65.0,551.0,0.007329637053270085,0.0008609630954359341,524.0,0.00791064887672632
7435_liver_sham_Male_10-U1,sham,10,tierA_p95,Macrophages,downstream_arrest,65.0,70.0,389.0,0.006565347013873923,0.001016728034845696,412.0,0.006346480550543401
7435_liver_sham_Male_10-U1,sham,10,tierA_p95,Macrophages,downstream_arrest,70.0,75.0,359.0,0.008364261894030911,0.0010791148340782435,266.0,0.006671315799627008
7435_liver_sham_Male_10-U1,sham,10,tierA_p95,Macrophages,downstream_arrest,75.0,80.0,266.0,0.0072597368709835805,0.0011793335251640172,217.0,0.007886774207460388
7435_liver_sham_Male_10-U1,sham,10,tierA_p95,Macrophages,downstream_arrest,80.0,85.0,160.0,0.0077574374725372765,0.0014864339223346669,153.0,0.005033790835238737
7435_liver_sham_Male_10-U1,sham,10,tierA_p95,Macrophages,downstream_arrest,85.0,90.0,116.0,0.007302931062816964,0.001904943131298154,113.0,0.0031376105804816383
7435_liver_sham_Male_10-U1,sham,10,tierA_p95,Macrophages,downstream_arrest,90.0,95.0,97.0,0.008527628835527701,0.00186947648837412,82.0,0.007363658553137012
7435_liver_sham_Male_10-U1,sham,10,tierA_p95,Macrophages,downstream_arrest,95.0,100.0,45.0,0.005036888922202504,0.003307026523748501,173.0,0.0072434681552752305
7435_liver_sham_Male_10-U1,sham,10,tierA_p95,Macrophages,emt_ecm,0.0,5.0,24.0,0.03280250009265728,0.006030686622582712,661.0,0.01726261721412319
7435_liver_sham_Male_10-U1,sham,10,tierA_p95,Macrophages,emt_ecm,5.0,10.0,414.0,0.02087999991959401,0.001592717395343371,422.0,0.020636564013200603
7435_liver_sham_Male_10-U1,sham,10,tierA_p95,Macrophages,emt_ecm,10.0,15.0,866.0,0.014417448024645464,0.001021782721208049,813.0,0.013834329678918553
7435_liver_sham_Male_10-U1,sham,10,tierA_p95,Macrophages,emt_ecm,15.0,20.0,913.0,0.013819474270434689,0.0009787110845903466,913.0,0.013063734912275332
7435_liver_sham_Male_10-U1,sham,10,tierA_p95,Macrophages,emt_ecm,20.0,25.0,970.0,0.013916319623109002,0.0009389304925533255,1002.0,0.015217045889766814
7435_liver_sham_Male_10-U1,sham,10,tierA_p95,Macrophages,emt_ecm,25.0,30.0,1163.0,0.013216371486306529,0.0008231636100293332,1026.0,0.012064181290699022
7435_liver_sham_Male_10-U1,sham,10,tierA_p95,Macrophages,emt_ecm,30.0,35.0,1129.0,0.011614260415356764,0.0008296625803648321,1061.0,0.014281093298948323
7435_liver_sham_Male_10-U1,sham,10,tierA_p95,Macrophages,emt_ecm,35.0,40.0,1120.0,0.013924937505417541,0.0008188654001361225,1079.0,0.011813086166164943
7435_liver_sham_Male_10-U1,sham,10,tierA_p95,Macrophages,emt_ecm,40.0,45.0,1016.0,0.012370925210184288,0.0008629948891792174,911.0,0.011783402865860495
7435_liver_sham_Male_10-U1,sham,10,tierA_p95,Macrophages,emt_ecm,45.0,50.0,954.0,0.012555303969925234,0.0008923382598605091,862.0,0.011853839912000189
7435_liver_sham_Male_10-U1,sham,10,tierA_p95,Macrophages,emt_ecm,50.0,55.0,795.0,0.011837383619866205,0.0009181029087450838,709.0,0.012151748979785095
7435_liver_sham_Male_10-U1,sham,10,tierA_p95,Macrophages,emt_ecm,55.0,60.0,674.0,0.011401305640292209,0.0010557411459003773,622.0,0.012170241196472606
7435_liver_sham_Male_10-U1,sham,10,tierA_p95,Macrophages,emt_ecm,60.0,65.0,551.0,0.010339001792463172,0.001122889659432558,524.0,0.010823511454873369
7435_liver_sham_Male_10-U1,sham,10,tierA_p95,Macrophages,emt_ecm,65.0,70.0,389.0,0.013085629778938394,0.0014009619908817088,412.0,0.01164415048547154
7435_liver_sham_Male_10-U1,sham,10,tierA_p95,Macrophages,emt_ecm,70.0,75.0,359.0,0.012719303629977056,0.0015382426643115094,266.0,0.01062962405254589
7435_liver_sham_Male_10-U1,sham,10,tierA_p95,Macrophages,emt_ecm,75.0,80.0,266.0,0.014478721819067229,0.0018294455539033612,217.0,0.01037967747753574
7435_liver_sham_Male_10-U1,sham,10,tierA_p95,Macrophages,emt_ecm,80.0,85.0,160.0,0.005388062449310382,0.0020678588464768267,153.0,0.010672548999519124
7435_liver_sham_Male_10-U1,sham,10,tierA_p95,Macrophages,emt_ecm,85.0,90.0,116.0,0.008068189515174238,0.0024819541542991756,113.0,0.010425575132135599
7435_liver_sham_Male_10-U1,sham,10,tierA_p95,Macrophages,emt_ecm,90.0,95.0,97.0,0.011994536176681538,0.0025025449037609443,82.0,0.00609585364695593
7435_liver_sham_Male_10-U1,sham,10,tierA_p95,Macrophages,emt_ecm,95.0,100.0,45.0,0.012632222305465903,0.004183738829810551,173.0,0.009671502847748006
7435_liver_sham_Male_10-U1,sham,10,tierA_p95,Macrophages,il6_jak_stat3,0.0,5.0,24.0,0.028325000072072726,0.008700414633696888,661.0,0.03241658088764875
7435_liver_sham_Male_10-U1,sham,10,tierA_p95,Macrophages,il6_jak_stat3,5.0,10.0,414.0,0.03622178753952636,0.0026280504385343922,422.0,0.03438417059540422
7435_liver_sham_Male_10-U1,sham,10,tierA_p95,Macrophages,il6_jak_stat3,10.0,15.0,866.0,0.031719376401898015,0.0016706635588503056,813.0,0.02682997541354129
7435_liver_sham_Male_10-U1,sham,10,tierA_p95,Macrophages,il6_jak_stat3,15.0,20.0,913.0,0.030063953998667632,0.001595912891743095,913.0,0.027387656138306852
7435_liver_sham_Male_10-U1,sham,10,tierA_p95,Macrophages,il6_jak_stat3,20.0,25.0,970.0,0.026472402058035308,0.0016085839942062655,1002.0,0.02867275451957786
7435_liver_sham_Male_10-U1,sham,10,tierA_p95,Macrophages,il6_jak_stat3,25.0,30.0,1163.0,0.029175416993829906,0.0013807254261423423,1026.0,0.030921111174336713
7435_liver_sham_Male_10-U1,sham,10,tierA_p95,Macrophages,il6_jak_stat3,30.0,35.0,1129.0,0.0285883170382904,0.0014702610694537336,1061.0,0.029429500469167726
7435_liver_sham_Male_10-U1,sham,10,tierA_p95,Macrophages,il6_jak_stat3,35.0,40.0,1120.0,0.02936896438412922,0.0014615595522168305,1079.0,0.026334272426685183
7435_liver_sham_Male_10-U1,sham,10,tierA_p95,Macrophages,il6_jak_stat3,40.0,45.0,1016.0,0.028939094410143154,0.0015438215342399593,911.0,0.026179341364477936
7435_liver_sham_Male_10-U1,sham,10,tierA_p95,Macrophages,il6_jak_stat3,45.0,50.0,954.0,0.02871035637640937,0.0015397958820495845,862.0,0.02908494199170666
7435_liver_sham_Male_10-U1,sham,10,tierA_p95,Macrophages,il6_jak_stat3,50.0,55.0,795.0,0.025872251545386565,0.0017035661792808477,709.0,0.028631889896971574
7435_liver_sham_Male_10-U1,sham,10,tierA_p95,Macrophages,il6_jak_stat3,55.0,60.0,674.0,0.02647551935922669,0.0019028588590890396,622.0,0.032971736281985096
7435_liver_sham_Male_10-U1,sham,10,tierA_p95,Macrophages,il6_jak_stat3,60.0,65.0,551.0,0.030576206921641428,0.0020073582074262974,524.0,0.029823721204121207
7435_liver_sham_Male_10-U1,sham,10,tierA_p95,Macrophages,il6_jak_stat3,65.0,70.0,389.0,0.029544447304409808,0.002512595818989976,412.0,0.025210315669275445
7435_liver_sham_Male_10-U1,sham,10,tierA_p95,Macrophages,il6_jak_stat3,70.0,75.0,359.0,0.025449999973680863,0.002432553065372385,266.0,0.026998834579345363
7435_liver_sham_Male_10-U1,sham,10,tierA_p95,Macrophages,il6_jak_stat3,75.0,80.0,266.0,0.028907443610813443,0.003068214184004074,217.0,0.023834746463385504
7435_liver_sham_Male_10-U1,sham,10,tierA_p95,Macrophages,il6_jak_stat3,80.0,85.0,160.0,0.03224325006012805,0.0037025945868406993,153.0,0.03181084960180158
7435_liver_sham_Male_10-U1,sham,10,tierA_p95,Macrophages,il6_jak_stat3,85.0,90.0,116.0,0.027753016945819674,0.003986813263449061,113.0,0.035050442485567344
7435_liver_sham_Male_10-U1,sham,10,tierA_p95,Macrophages,il6_jak_stat3,90.0,95.0,97.0,0.036344948204920735,0.004818316816090715,82.0,0.032527195299668916
7435_liver_sham_Male_10-U1,sham,10,tierA_p95,Macrophages,il6_jak_stat3,95.0,100.0,45.0,0.020018888673641617,0.006873574369075563,173.0,0.03529109822847272
7435_liver_sham_Male_10-U1,sham,10,tierA_p95,Macrophages,interferon_response,0.0,5.0,24.0,0.04447874956046386,0.008257332135793464,661.0,0.0451449319012508
7435_liver_sham_Male_10-U1,sham,10,tierA_p95,Macrophages,interferon_response,5.0,10.0,414.0,0.048676666700371046,0.0024696486584083917,422.0,0.05234374403023885
7435_liver_sham_Male_10-U1,sham,10,tierA_p95,Macrophages,interferon_response,10.0,15.0,866.0,0.045228648941290285,0.0014018743056431787,813.0,0.04334309962746011
7435_liver_sham_Male_10-U1,sham,10,tierA_p95,Macrophages,interferon_response,15.0,20.0,913.0,0.042514370090535616,0.001396071173223743,913.0,0.044478608960222855
7435_liver_sham_Male_10-U1,sham,10,tierA_p95,Macrophages,interferon_response,20.0,25.0,970.0,0.04534346393034097,0.0014105253597348178,1002.0,0.043770119680550286
7435_liver_sham_Male_10-U1,sham,10,tierA_p95,Macrophages,interferon_response,25.0,30.0,1163.0,0.045350825449734386,0.0012236283196890394,1026.0,0.04493778748373796
7435_liver_sham_Male_10-U1,sham,10,tierA_p95,Macrophages,interferon_response,30.0,35.0,1129.0,0.045058069069426894,0.001283440133241891,1061.0,0.0450143355407803
7435_liver_sham_Male_10-U1,sham,10,tierA_p95,Macrophages,interferon_response,35.0,40.0,1120.0,0.04495267861175957,0.0012299512806745883,1079.0,0.045656950883681026
7435_liver_sham_Male_10-U1,sham,10,tierA_p95,Macrophages,interferon_response,40.0,45.0,1016.0,0.044735236173150984,0.0013392833891040905,911.0,0.04336628980321666
7435_liver_sham_Male_10-U1,sham,10,tierA_p95,Macrophages,interferon_response,45.0,50.0,954.0,0.045664413011851535,0.0013366142132693719,862.0,0.045235232025462695
7435_liver_sham_Male_10-U1,sham,10,tierA_p95,Macrophages,interferon_response,50.0,55.0,795.0,0.04288020128506963,0.0014286579169374655,709.0,0.04316523269185362
7435_liver_sham_Male_10-U1,sham,10,tierA_p95,Macrophages,interferon_response,55.0,60.0,674.0,0.044363961403245576,0.0015862461302306571,622.0,0.04735056274617596
7435_liver_sham_Male_10-U1,sham,10,tierA_p95,Macrophages,interferon_response,60.0,65.0,551.0,0.04641702360896767,0.0018412064995696176,524.0,0.04501591612189044
7435_liver_sham_Male_10-U1,sham,10,tierA_p95,Macrophages,interferon_response,65.0,70.0,389.0,0.04858470444880536,0.002230996772247077,412.0,0.045882354239526725
7435_liver_sham_Male_10-U1,sham,10,tierA_p95,Macrophages,interferon_response,70.0,75.0,359.0,0.04222512520878241,0.002115692136030871,266.0,0.04348436098945584
7435_liver_sham_Male_10-U1,sham,10,tierA_p95,Macrophages,interferon_response,75.0,80.0,266.0,0.046448609180625045,0.0027335806583372027,217.0,0.045508709761952766
7435_liver_sham_Male_10-U1,sham,10,tierA_p95,Macrophages,interferon_response,80.0,85.0,160.0,0.04715106245025709,0.0034559742982585755,153.0,0.04487777806915878
7435_liver_sham_Male_10-U1,sham,10,tierA_p95,Macrophages,interferon_response,85.0,90.0,116.0,0.03985474141744158,0.003815849737562615,113.0,0.04607973449123792
7435_liver_sham_Male_10-U1,sham,10,tierA_p95,Macrophages,interferon_response,90.0,95.0,97.0,0.05383824731328899,0.0038882038519818286,82.0,0.042996707093751446
7435_liver_sham_Male_10-U1,sham,10,tierA_p95,Macrophages,interferon_response,95.0,100.0,45.0,0.04192066685322465,0.006163684826758731,173.0,0.04950803464327029
7435_liver_sham_Male_10-U1,sham,10,tierA_p95,Macrophages,oxidative_stress,0.0,5.0,24.0,0.026662916336742153,0.017105680629505557,661.0,0.11871391874994293
7435_liver_sham_Male_10-U1,sham,10,tierA_p95,Macrophages,oxidative_stress,5.0,10.0,414.0,0.11824833351694405,0.004185920925756132,422.0,0.11245921817158516
7435_liver_sham_Male_10-U1,sham,10,tierA_p95,Macrophages,oxidative_stress,10.0,15.0,866.0,0.12881219414948414,0.002588629578275917,813.0,0.12377054134827264
7435_liver_sham_Male_10-U1,sham,10,tierA_p95,Macrophages,oxidative_stress,15.0,20.0,913.0,0.13355519180816464,0.002558798571696673,913.0,0.13377535591218956
7435_liver_sham_Male_10-U1,sham,10,tierA_p95,Macrophages,oxidative_stress,20.0,25.0,970.0,0.1316583815747173,0.0024251375677065592,1002.0,0.1251367266479733
7435_liver_sham_Male_10-U1,sham,10,tierA_p95,Macrophages,oxidative_stress,25.0,30.0,1163.0,0.1272433621130014,0.0022356000310671605,1026.0,0.13180429835669463
7435_liver_sham_Male_10-U1,sham,10,tierA_p95,Macrophages,oxidative_stress,30.0,35.0,1129.0,0.1326922055532759,0.0022881463201339615,1061.0,0.13016053739255073
7435_liver_sham_Male_10-U1,sham,10,tierA_p95,Macrophages,oxidative_stress,35.0,40.0,1120.0,0.1304708036507301,0.0022547380178707843,1079.0,0.13364961071512158
7435_liver_sham_Male_10-U1,sham,10,tierA_p95,Macrophages,oxidative_stress,40.0,45.0,1016.0,0.13074803154693396,0.002350483747291024,911.0,0.13635558732930325
7435_liver_sham_Male_10-U1,sham,10,tierA_p95,Macrophages,oxidative_stress,45.0,50.0,954.0,0.1307597905982695,0.0023732609881422493,862.0,0.13397933883624763
7435_liver_sham_Male_10-U1,sham,10,tierA_p95,Macrophages,oxidative_stress,50.0,55.0,795.0,0.13319347181826766,0.0026689472495574377,709.0,0.13481662932586372
7435_liver_sham_Male_10-U1,sham,10,tierA_p95,Macrophages,oxidative_stress,55.0,60.0,674.0,0.1321417361801699,0.0027757563533438636,622.0,0.13278403526532892
7435_liver_sham_Male_10-U1,sham,10,tierA_p95,Macrophages,oxidative_stress,60.0,65.0,551.0,0.13284319380345583,0.003170541875462666,524.0,0.13781832060012397
7435_liver_sham_Male_10-U1,sham,10,tierA_p95,Macrophages,oxidative_stress,65.0,70.0,389.0,0.13340329054002661,0.003909911141334042,412.0,0.13296480621767875
7435_liver_sham_Male_10-U1,sham,10,tierA_p95,Macrophages,oxidative_stress,70.0,75.0,359.0,0.13522189412937918,0.004161790762843351,266.0,0.13471661631763682
7435_liver_sham_Male_10-U1,sham,10,tierA_p95,Macrophages,oxidative_stress,75.0,80.0,266.0,0.13717067660566917,0.00447909858073186,217.0,0.1283933179171902
7435_liver_sham_Male_10-U1,sham,10,tierA_p95,Macrophages,oxidative_stress,80.0,85.0,160.0,0.1268331250299525,0.005334753157656695,153.0,0.13461333306908024
7435_liver_sham_Male_10-U1,sham,10,tierA_p95,Macrophages,oxidative_stress,85.0,90.0,116.0,0.13530517210541615,0.007387682022413814,113.0,0.1363354866193047
7435_liver_sham_Male_10-U1,sham,10,tierA_p95,Macrophages,oxidative_stress,90.0,95.0,97.0,0.13261958769493803,0.007297064028995424,82.0,0.1392682922845025
7435_liver_sham_Male_10-U1,sham,10,tierA_p95,Macrophages,oxidative_stress,95.0,100.0,45.0,0.13258444374530678,0.011481449844719492,173.0,0.14202849706096543
7435_liver_sham_Male_10-U1,sham,10,tierA_p95,Macrophages,secondary_senescence,0.0,5.0,24.0,0.027901666801578056,0.010602802640036725,661.0,0.006925249636140138
7435_liver_sham_Male_10-U1,sham,10,tierA_p95,Macrophages,secondary_senescence,5.0,10.0,414.0,0.008562463793304923,0.002240583458923714,422.0,0.008554691945865967
7435_liver_sham_Male_10-U1,sham,10,tierA_p95,Macrophages,secondary_senescence,10.0,15.0,866.0,0.0043715935039902835,0.0013447808936444905,813.0,0.003903308735570732
7435_liver_sham_Male_10-U1,sham,10,tierA_p95,Macrophages,secondary_senescence,15.0,20.0,913.0,0.00618874037968777,0.0013119928169075812,913.0,0.003421489617256611
7435_liver_sham_Male_10-U1,sham,10,tierA_p95,Macrophages,secondary_senescence,20.0,25.0,970.0,0.004359092824038787,0.0012742504883011482,1002.0,0.002106267460055211
7435_liver_sham_Male_10-U1,sham,10,tierA_p95,Macrophages,secondary_senescence,25.0,30.0,1163.0,0.004699604464315232,0.0011735336889076814,1026.0,0.00508906433385623
7435_liver_sham_Male_10-U1,sham,10,tierA_p95,Macrophages,secondary_senescence,30.0,35.0,1129.0,0.0034535872067230056,0.0011791349183253752,1061.0,0.004581639927954532
7435_liver_sham_Male_10-U1,sham,10,tierA_p95,Macrophages,secondary_senescence,35.0,40.0,1120.0,0.006443910714337368,0.0011421502056754163,1079.0,0.0037073771783948163
7435_liver_sham_Male_10-U1,sham,10,tierA_p95,Macrophages,secondary_senescence,40.0,45.0,1016.0,0.0033601772290461755,0.0012220782789413459,911.0,0.004046081264602208
7435_liver_sham_Male_10-U1,sham,10,tierA_p95,Macrophages,secondary_senescence,45.0,50.0,954.0,0.0037357442382301423,0.0012751433030424382,862.0,0.004343619470306893
7435_liver_sham_Male_10-U1,sham,10,tierA_p95,Macrophages,secondary_senescence,50.0,55.0,795.0,0.003695383641798175,0.0013295610623620972,709.0,0.003862778568036806
7435_liver_sham_Male_10-U1,sham,10,tierA_p95,Macrophages,secondary_senescence,55.0,60.0,674.0,0.0024585311775781817,0.0013721061288619045,622.0,0.00446144695093064
7435_liver_sham_Male_10-U1,sham,10,tierA_p95,Macrophages,secondary_senescence,60.0,65.0,551.0,0.002356170565792602,0.0015540852368981916,524.0,0.008115133656656674
7435_liver_sham_Male_10-U1,sham,10,tierA_p95,Macrophages,secondary_senescence,65.0,70.0,389.0,0.003394678667047633,0.001879037118631449,412.0,0.0028220388272194277
7435_liver_sham_Male_10-U1,sham,10,tierA_p95,Macrophages,secondary_senescence,70.0,75.0,359.0,0.008370362177059413,0.0021319584584207248,266.0,0.006898759442128379
7435_liver_sham_Male_10-U1,sham,10,tierA_p95,Macrophages,secondary_senescence,75.0,80.0,266.0,0.0048529699516326845,0.0024840003356774608,217.0,0.007205115187221662
7435_liver_sham_Male_10-U1,sham,10,tierA_p95,Macrophages,secondary_senescence,80.0,85.0,160.0,0.0025320623852394418,0.0028856474265812576,153.0,0.0009945750839892604
7435_liver_sham_Male_10-U1,sham,10,tierA_p95,Macrophages,secondary_senescence,85.0,90.0,116.0,0.0010086207089600443,0.003128630189121973,113.0,-0.0025000884865366327
7435_liver_sham_Male_10-U1,sham,10,tierA_p95,Macrophages,secondary_senescence,90.0,95.0,97.0,0.0037050516051768336,0.003577189041201922,82.0,0.00659158549813849
7435_liver_sham_Male_10-U1,sham,10,tierA_p95,Macrophages,secondary_senescence,95.0,100.0,45.0,0.005907555853223635,0.005305087227408258,173.0,0.0072241618326046525
7435_liver_sham_Male_10-U1,sham,10,tierA_p95,Macrophages,tnfa_nfkb_proximal,0.0,5.0,24.0,0.005769999896680626,0.00671084858288417,661.0,-0.0017939788249873242
7435_liver_sham_Male_10-U1,sham,10,tierA_p95,Macrophages,tnfa_nfkb_proximal,5.0,10.0,414.0,-0.000529516906347317,0.0016397329498557568,422.0,-0.0043364454749974385
7435_liver_sham_Male_10-U1,sham,10,tierA_p95,Macrophages,tnfa_nfkb_proximal,10.0,15.0,866.0,-0.0056731293271647595,0.0010161458965985601,813.0,-0.0055594096415351344
7435_liver_sham_Male_10-U1,sham,10,tierA_p95,Macrophages,tnfa_nfkb_proximal,15.0,20.0,913.0,-0.0070993975426123885,0.0009592732227940607,913.0,-0.006394676859014966
7435_liver_sham_Male_10-U1,sham,10,tierA_p95,Macrophages,tnfa_nfkb_proximal,20.0,25.0,970.0,-0.007131927808556621,0.0009449493767667231,1002.0,-0.008380309379541057
7435_liver_sham_Male_10-U1,sham,10,tierA_p95,Macrophages,tnfa_nfkb_proximal,25.0,30.0,1163.0,-0.006753172805687316,0.000831787414922588,1026.0,-0.006236023383094399
7435_liver_sham_Male_10-U1,sham,10,tierA_p95,Macrophages,tnfa_nfkb_proximal,30.0,35.0,1129.0,-0.0075214702927048245,0.0009009795459752749,1061.0,-0.007537436392599902
7435_liver_sham_Male_10-U1,sham,10,tierA_p95,Macrophages,tnfa_nfkb_proximal,35.0,40.0,1120.0,-0.006327758931378671,0.0008517933193685847,1079.0,-0.007697238145160694
7435_liver_sham_Male_10-U1,sham,10,tierA_p95,Macrophages,tnfa_nfkb_proximal,40.0,45.0,1016.0,-0.005145836636683536,0.000938505495204342,911.0,-0.008350526896844906
7435_liver_sham_Male_10-U1,sham,10,tierA_p95,Macrophages,tnfa_nfkb_proximal,45.0,50.0,954.0,-0.007277714847859478,0.0009200488278177747,862.0,-0.006348561469798128
7435_liver_sham_Male_10-U1,sham,10,tierA_p95,Macrophages,tnfa_nfkb_proximal,50.0,55.0,795.0,-0.007327786165618326,0.0010154878146135422,709.0,-0.0069245839044276844
7435_liver_sham_Male_10-U1,sham,10,tierA_p95,Macrophages,tnfa_nfkb_proximal,55.0,60.0,674.0,-0.007768501521411003,0.0010268480050751076,622.0,-0.006439356916413803
7435_liver_sham_Male_10-U1,sham,10,tierA_p95,Macrophages,tnfa_nfkb_proximal,60.0,65.0,551.0,-0.005083684204941207,0.0013043041612637082,524.0,-0.007354885468551936
7435_liver_sham_Male_10-U1,sham,10,tierA_p95,Macrophages,tnfa_nfkb_proximal,65.0,70.0,389.0,-0.006532313614763627,0.0014276972058305392,412.0,-0.006601165007020771
7435_liver_sham_Male_10-U1,sham,10,tierA_p95,Macrophages,tnfa_nfkb_proximal,70.0,75.0,359.0,-0.009818412309364869,0.0013564513889205792,266.0,-0.006953571451603259
7435_liver_sham_Male_10-U1,sham,10,tierA_p95,Macrophages,tnfa_nfkb_proximal,75.0,80.0,266.0,-0.0071500000357124565,0.0017750018791869004,217.0,-0.007109124456011381
7435_liver_sham_Male_10-U1,sham,10,tierA_p95,Macrophages,tnfa_nfkb_proximal,80.0,85.0,160.0,-0.010932687459262524,0.0017713416800768575,153.0,-0.007767058745919867
7435_liver_sham_Male_10-U1,sham,10,tierA_p95,Macrophages,tnfa_nfkb_proximal,85.0,90.0,116.0,-0.012045258631556423,0.0023040686515528384,113.0,-0.006498672489223144
7435_liver_sham_Male_10-U1,sham,10,tierA_p95,Macrophages,tnfa_nfkb_proximal,90.0,95.0,97.0,-0.00149979370086005,0.0028948541064345913,82.0,0.0018669514825976475
7435_liver_sham_Male_10-U1,sham,10,tierA_p95,Macrophages,tnfa_nfkb_proximal,95.0,100.0,45.0,-0.006700444418109125,0.0037782910957886036,173.0,-0.007047976882296555
7435_liver_sham_Male_10-U1,sham,10,tierA_p95,Mesenchymal,downstream_arrest,0.0,5.0,15.0,0.002236000068175296,0.005106836760523123,591.0,0.0035034179529029397
7435_liver_sham_Male_10-U1,sham,10,tierA_p95,Mesenchymal,downstream_arrest,5.0,10.0,339.0,0.0013423598654371423,0.0010961564021962846,356.0,0.0018975280620631228
7435_liver_sham_Male_10-U1,sham,10,tierA_p95,Mesenchymal,downstream_arrest,10.0,15.0,829.0,0.0034104583980212625,0.0007189713027028828,762.0,0.0034151049647602088
7435_liver_sham_Male_10-U1,sham,10,tierA_p95,Mesenchymal,downstream_arrest,15.0,20.0,933.0,0.004377759857593783,0.0006417852158466662,867.0,0.004209619373538101
7435_liver_sham_Male_10-U1,sham,10,tierA_p95,Mesenchymal,downstream_arrest,20.0,25.0,1004.0,0.00422260956312597,0.0006036019632281041,946.0,0.003534249479636267
7435_liver_sham_Male_10-U1,sham,10,tierA_p95,Mesenchymal,downstream_arrest,25.0,30.0,1038.0,0.003739123304612646,0.000627277171477447,964.0,0.004032053938947635
7435_liver_sham_Male_10-U1,sham,10,tierA_p95,Mesenchymal,downstream_arrest,30.0,35.0,1160.0,0.004138379330912546,0.0005919996042226263,1051.0,0.0036549571651214273
7435_liver_sham_Male_10-U1,sham,10,tierA_p95,Mesenchymal,downstream_arrest,35.0,40.0,997.0,0.003664001999904274,0.000616758328768591,973.0,0.0037522816080920673
7435_liver_sham_Male_10-U1,sham,10,tierA_p95,Mesenchymal,downstream_arrest,40.0,45.0,923.0,0.004170660883984772,0.0006478039513184345,827.0,0.0034625755649887306
7435_liver_sham_Male_10-U1,sham,10,tierA_p95,Mesenchymal,downstream_arrest,45.0,50.0,874.0,0.004248935926819117,0.0006284897049188621,800.0,0.0034958874825997553
7435_liver_sham_Male_10-U1,sham,10,tierA_p95,Mesenchymal,downstream_arrest,50.0,55.0,665.0,0.003941097732905134,0.0007713251461704197,641.0,0.004234290145390341
7435_liver_sham_Male_10-U1,sham,10,tierA_p95,Mesenchymal,downstream_arrest,55.0,60.0,588.0,0.004980850362216541,0.0008351218730177625,539.0,0.004346085344601063
7435_liver_sham_Male_10-U1,sham,10,tierA_p95,Mesenchymal,downstream_arrest,60.0,65.0,484.0,0.0032389875996460048,0.0008864390806989033,413.0,0.005354866848689996
7435_liver_sham_Male_10-U1,sham,10,tierA_p95,Mesenchymal,downstream_arrest,65.0,70.0,341.0,0.003769882655532005,0.0010175562484266336,367.0,0.007506485018184966
7435_liver_sham_Male_10-U1,sham,10,tierA_p95,Mesenchymal,downstream_arrest,70.0,75.0,272.0,0.004390661743186416,0.0011694930896286517,229.0,0.0027207860271138847
7435_liver_sham_Male_10-U1,sham,10,tierA_p95,Mesenchymal,downstream_arrest,75.0,80.0,173.0,0.00480381500743386,0.00136204111110991,191.0,0.004317486948206903
7435_liver_sham_Male_10-U1,sham,10,tierA_p95,Mesenchymal,downstream_arrest,80.0,85.0,134.0,0.006567761229234748,0.00178427150241181,134.0,0.0063929104625417696
7435_liver_sham_Male_10-U1,sham,10,tierA_p95,Mesenchymal,downstream_arrest,85.0,90.0,90.0,0.005200555539017336,0.0019242734448429342,108.0,0.0029752777258248964
7435_liver_sham_Male_10-U1,sham,10,tierA_p95,Mesenchymal,downstream_arrest,90.0,95.0,65.0,0.00338876919010475,0.0024949091084681386,65.0,0.012434769177343697
7435_liver_sham_Male_10-U1,sham,10,tierA_p95,Mesenchymal,downstream_arrest,95.0,100.0,46.0,0.004669565328304484,0.003283573352886627,146.0,0.006238767137116679
7435_liver_sham_Male_10-U1,sham,10,tierA_p95,Mesenchymal,emt_ecm,0.0,5.0,15.0,0.07951533328741789,0.014538278925602372,591.0,0.07795380721264243
7435_liver_sham_Male_10-U1,sham,10,tierA_p95,Mesenchymal,emt_ecm,5.0,10.0,339.0,0.08218247786922872,0.002821535390606394,356.0,0.08262092700742153
7435_liver_sham_Male_10-U1,sham,10,tierA_p95,Mesenchymal,emt_ecm,10.0,15.0,829.0,0.07849726171639441,0.0015934486719437117,762.0,0.07521030190721609
7435_liver_sham_Male_10-U1,sham,10,tierA_p95,Mesenchymal,emt_ecm,15.0,20.0,933.0,0.074607534871455,0.0014584525116877185,867.0,0.07388141867261586
7435_liver_sham_Male_10-U1,sham,10,tierA_p95,Mesenchymal,emt_ecm,20.0,25.0,1004.0,0.07310101590857913,0.0013494121850148454,946.0,0.07233049685913412
7435_liver_sham_Male_10-U1,sham,10,tierA_p95,Mesenchymal,emt_ecm,25.0,30.0,1038.0,0.07371833324938186,0.0013831575701772972,964.0,0.0705328942109281
7435_liver_sham_Male_10-U1,sham,10,tierA_p95,Mesenchymal,emt_ecm,30.0,35.0,1160.0,0.07249485345077245,0.001271641328878077,1051.0,0.07371800188535646
7435_liver_sham_Male_10-U1,sham,10,tierA_p95,Mesenchymal,emt_ecm,35.0,40.0,997.0,0.07286426280614072,0.0013483106454581747,973.0,0.07281029801854035
7435_liver_sham_Male_10-U1,sham,10,tierA_p95,Mesenchymal,emt_ecm,40.0,45.0,923.0,0.0712685482104774,0.001355572889172161,827.0,0.07416044735664191
7435_liver_sham_Male_10-U1,sham,10,tierA_p95,Mesenchymal,emt_ecm,45.0,50.0,874.0,0.07404483993163703,0.0014558128300095486,800.0,0.07130517497247638
7435_liver_sham_Male_10-U1,sham,10,tierA_p95,Mesenchymal,emt_ecm,50.0,55.0,665.0,0.0692320451030772,0.001609410912667388,641.0,0.07556349451089926
7435_liver_sham_Male_10-U1,sham,10,tierA_p95,Mesenchymal,emt_ecm,55.0,60.0,588.0,0.07398219385202562,0.0018021545687293145,539.0,0.07038280147030668
7435_liver_sham_Male_10-U1,sham,10,tierA_p95,Mesenchymal,emt_ecm,60.0,65.0,484.0,0.0724190084201987,0.0019312407401928923,413.0,0.07117225190643763
7435_liver_sham_Male_10-U1,sham,10,tierA_p95,Mesenchymal,emt_ecm,65.0,70.0,341.0,0.07007706754900996,0.002149024466641523,367.0,0.07291356943406885
7435_liver_sham_Male_10-U1,sham,10,tierA_p95,Mesenchymal,emt_ecm,70.0,75.0,272.0,0.07655029415988845,0.0027643775620467257,229.0,0.0707240172501198
7435_liver_sham_Male_10-U1,sham,10,tierA_p95,Mesenchymal,emt_ecm,75.0,80.0,173.0,0.07188693613165215,0.0034261605134170855,191.0,0.07175586423682749
7435_liver_sham_Male_10-U1,sham,10,tierA_p95,Mesenchymal,emt_ecm,80.0,85.0,134.0,0.07292544802671659,0.003970052557054304,134.0,0.07578985067779448
7435_liver_sham_Male_10-U1,sham,10,tierA_p95,Mesenchymal,emt_ecm,85.0,90.0,90.0,0.06347244405252342,0.004191026917721339,108.0,0.0763014814324884
7435_liver_sham_Male_10-U1,sham,10,tierA_p95,Mesenchymal,emt_ecm,90.0,95.0,65.0,0.06315584584282567,0.004789689073146965,65.0,0.07060799973551184
7435_liver_sham_Male_10-U1,sham,10,tierA_p95,Mesenchymal,emt_ecm,95.0,100.0,46.0,0.07755412972714427,0.006971621828853551,146.0,0.0713026709059231
7435_liver_sham_Male_10-U1,sham,10,tierA_p95,Mesenchymal,il6_jak_stat3,0.0,5.0,15.0,-0.014399999923383196,0.009661437258204305,591.0,-0.011066565110496689
7435_liver_sham_Male_10-U1,sham,10,tierA_p95,Mesenchymal,il6_jak_stat3,5.0,10.0,339.0,-0.011399881910823922,0.0019011496840320543,356.0,-0.009202106742286355
7435_liver_sham_Male_10-U1,sham,10,tierA_p95,Mesenchymal,il6_jak_stat3,10.0,15.0,829.0,-0.012572521111220413,0.0011835845338943824,762.0,-0.013126509144459255
7435_liver_sham_Male_10-U1,sham,10,tierA_p95,Mesenchymal,il6_jak_stat3,15.0,20.0,933.0,-0.011932636594588002,0.0011246111022665435,867.0,-0.013203275682879094
7435_liver_sham_Male_10-U1,sham,10,tierA_p95,Mesenchymal,il6_jak_stat3,20.0,25.0,1004.0,-0.013321862548579531,0.0010167298596521664,946.0,-0.010469270597048838
7435_liver_sham_Male_10-U1,sham,10,tierA_p95,Mesenchymal,il6_jak_stat3,25.0,30.0,1038.0,-0.012503371853737483,0.0010601561994003869,964.0,-0.011424128625462403
7435_liver_sham_Male_10-U1,sham,10,tierA_p95,Mesenchymal,il6_jak_stat3,30.0,35.0,1160.0,-0.013442284523748169,0.0009757787193705248,1051.0,-0.012074976218540884
7435_liver_sham_Male_10-U1,sham,10,tierA_p95,Mesenchymal,il6_jak_stat3,35.0,40.0,997.0,-0.012563620817888213,0.0010871690690331236,973.0,-0.012968191187268389
7435_liver_sham_Male_10-U1,sham,10,tierA_p95,Mesenchymal,il6_jak_stat3,40.0,45.0,923.0,-0.012579653303973306,0.0010826909637042608,827.0,-0.01296230951060904
7435_liver_sham_Male_10-U1,sham,10,tierA_p95,Mesenchymal,il6_jak_stat3,45.0,50.0,874.0,-0.01297466817046262,0.0011700796484456638,800.0,-0.013644525039958354
7435_liver_sham_Male_10-U1,sham,10,tierA_p95,Mesenchymal,il6_jak_stat3,50.0,55.0,665.0,-0.013104481242656842,0.0012866807231900555,641.0,-0.014953572596433316
7435_liver_sham_Male_10-U1,sham,10,tierA_p95,Mesenchymal,il6_jak_stat3,55.0,60.0,588.0,-0.010247755147674422,0.0014897865160718416,539.0,-0.012730519447554992
7435_liver_sham_Male_10-U1,sham,10,tierA_p95,Mesenchymal,il6_jak_stat3,60.0,65.0,484.0,-0.010756859541634335,0.0015374181761657571,413.0,-0.01014549638515411
7435_liver_sham_Male_10-U1,sham,10,tierA_p95,Mesenchymal,il6_jak_stat3,65.0,70.0,341.0,-0.010115659794933368,0.0018435207752486743,367.0,-0.011475831097438684
7435_liver_sham_Male_10-U1,sham,10,tierA_p95,Mesenchymal,il6_jak_stat3,70.0,75.0,272.0,-0.012127573592539086,0.002020459741077774,229.0,-0.012194279446719036
7435_liver_sham_Male_10-U1,sham,10,tierA_p95,Mesenchymal,il6_jak_stat3,75.0,80.0,173.0,-0.01372473985912289,0.002634337688071128,191.0,-0.016932460659413496
7435_liver_sham_Male_10-U1,sham,10,tierA_p95,Mesenchymal,il6_jak_stat3,80.0,85.0,134.0,-0.013571940456769419,0.0029465486611139065,134.0,-0.015390970185817152
7435_liver_sham_Male_10-U1,sham,10,tierA_p95,Mesenchymal,il6_jak_stat3,85.0,90.0,90.0,-0.010560444478566447,0.004162993657626544,108.0,-0.012598518489135636
7435_liver_sham_Male_10-U1,sham,10,tierA_p95,Mesenchymal,il6_jak_stat3,90.0,95.0,65.0,-0.01570707694313919,0.00403386783774128,65.0,-0.017377076727839617
7435_liver_sham_Male_10-U1,sham,10,tierA_p95,Mesenchymal,il6_jak_stat3,95.0,100.0,46.0,-0.01373391301263916,0.0038355581789077213,146.0,-0.013669726008243144
7435_liver_sham_Male_10-U1,sham,10,tierA_p95,Mesenchymal,interferon_response,0.0,5.0,15.0,-0.00028466672326127687,0.0055774727928191185,591.0,0.006637529651913122
7435_liver_sham_Male_10-U1,sham,10,tierA_p95,Mesenchymal,interferon_response,5.0,10.0,339.0,0.007172300910832502,0.0015293024463491017,356.0,0.008576488766511523
7435_liver_sham_Male_10-U1,sham,10,tierA_p95,Mesenchymal,interferon_response,10.0,15.0,829.0,0.005315030181792534,0.001004525127594597,762.0,0.005857480326161739
7435_liver_sham_Male_10-U1,sham,10,tierA_p95,Mesenchymal,interferon_response,15.0,20.0,933.0,0.007021982892199184,0.0009619285124555488,867.0,0.004168016192955743
7435_liver_sham_Male_10-U1,sham,10,tierA_p95,Mesenchymal,interferon_response,20.0,25.0,1004.0,0.0055115338702409235,0.0008515391684794705,946.0,0.005615581423657047
7435_liver_sham_Male_10-U1,sham,10,tierA_p95,Mesenchymal,interferon_response,25.0,30.0,1038.0,0.004868747613212259,0.0008542105257074689,964.0,0.006255072633635391
7435_liver_sham_Male_10-U1,sham,10,tierA_p95,Mesenchymal,interferon_response,30.0,35.0,1160.0,0.0040766293699750255,0.0007999593925021684,1051.0,0.004777630905011927
7435_liver_sham_Male_10-U1,sham,10,tierA_p95,Mesenchymal,interferon_response,35.0,40.0,997.0,0.004888194604328303,0.0008899647658197667,973.0,0.004762147978796447
7435_liver_sham_Male_10-U1,sham,10,tierA_p95,Mesenchymal,interferon_response,40.0,45.0,923.0,0.004919815839589481,0.0009273257787376285,827.0,0.0038802176586680208
7435_liver_sham_Male_10-U1,sham,10,tierA_p95,Mesenchymal,interferon_response,45.0,50.0,874.0,0.0021067620515164364,0.0008925637102244148,800.0,0.004002799979753035
7435_liver_sham_Male_10-U1,sham,10,tierA_p95,Mesenchymal,interferon_response,50.0,55.0,665.0,0.003176781926059017,0.0010279370397352297,641.0,0.004285475853346117
7435_liver_sham_Male_10-U1,sham,10,tierA_p95,Mesenchymal,interferon_response,55.0,60.0,588.0,0.007292619050945888,0.0011972818269168363,539.0,0.0036953432389591383
7435_liver_sham_Male_10-U1,sham,10,tierA_p95,Mesenchymal,interferon_response,60.0,65.0,484.0,0.004785041315270906,0.001201662704026974,413.0,0.006236343864555801
7435_liver_sham_Male_10-U1,sham,10,tierA_p95,Mesenchymal,interferon_response,65.0,70.0,341.0,0.006228768383707548,0.0015201460522362652,367.0,0.00635130791868986
7435_liver_sham_Male_10-U1,sham,10,tierA_p95,Mesenchymal,interferon_response,70.0,75.0,272.0,0.0056077205598579465,0.0016211116654431112,229.0,0.0051759389461631744
7435_liver_sham_Male_10-U1,sham,10,tierA_p95,Mesenchymal,interferon_response,75.0,80.0,173.0,0.007623468267137852,0.0021851263768909498,191.0,-0.00039586392660986104
7435_liver_sham_Male_10-U1,sham,10,tierA_p95,Mesenchymal,interferon_response,80.0,85.0,134.0,0.007087537261580096,0.002199049311891917,134.0,0.0024370148338363575
7435_liver_sham_Male_10-U1,sham,10,tierA_p95,Mesenchymal,interferon_response,85.0,90.0,90.0,0.0016676666418788955,0.0027772479123916007,108.0,0.004770462881289724
7435_liver_sham_Male_10-U1,sham,10,tierA_p95,Mesenchymal,interferon_response,90.0,95.0,65.0,0.002987230592855037,0.003952642172779457,65.0,0.0068240000942471225
7435_liver_sham_Male_10-U1,sham,10,tierA_p95,Mesenchymal,interferon_response,95.0,100.0,46.0,0.005752391397001465,0.004322976284986103,146.0,0.00478452060195021
7435_liver_sham_Male_10-U1,sham,10,tierA_p95,Mesenchymal,oxidative_stress,0.0,5.0,15.0,0.05796466649820407,0.020197626231058755,591.0,0.07960204722386566
7435_liver_sham_Male_10-U1,sham,10,tierA_p95,Mesenchymal,oxidative_stress,5.0,10.0,339.0,0.07680014740102369,0.004017215225038288,356.0,0.07922789351419504
7435_liver_sham_Male_10-U1,sham,10,tierA_p95,Mesenchymal,oxidative_stress,10.0,15.0,829.0,0.085143812004113,0.0025891436212331126,762.0,0.08761282163834704
7435_liver_sham_Male_10-U1,sham,10,tierA_p95,Mesenchymal,oxidative_stress,15.0,20.0,933.0,0.0916424650800054,0.0023321325468412092,867.0,0.09335803920157403
7435_liver_sham_Male_10-U1,sham,10,tierA_p95,Mesenchymal,oxidative_stress,20.0,25.0,1004.0,0.09381937259303344,0.0022094320834279897,946.0,0.09012635305948924
7435_liver_sham_Male_10-U1,sham,10,tierA_p95,Mesenchymal,oxidative_stress,25.0,30.0,1038.0,0.09576827546367188,0.0022261533942525,964.0,0.09551875526900645
7435_liver_sham_Male_10-U1,sham,10,tierA_p95,Mesenchymal,oxidative_stress,30.0,35.0,1160.0,0.09299806036991366,0.0021590800119134688,1051.0,0.0921409610170661
7435_liver_sham_Male_10-U1,sham,10,tierA_p95,Mesenchymal,oxidative_stress,35.0,40.0,997.0,0.09385124384951025,0.0022617833214425634,973.0,0.09389868449415668
7435_liver_sham_Male_10-U1,sham,10,tierA_p95,Mesenchymal,oxidative_stress,40.0,45.0,923.0,0.0918304984284713,0.00238252894854652,827.0,0.09513938340274046
7435_liver_sham_Male_10-U1,sham,10,tierA_p95,Mesenchymal,oxidative_stress,45.0,50.0,874.0,0.09143450793602266,0.002413543943835915,800.0,0.09353602492694335
7435_liver_sham_Male_10-U1,sham,10,tierA_p95,Mesenchymal,oxidative_stress,50.0,55.0,665.0,0.09753714279478234,0.002746349397468699,641.0,0.09521588166692009
7435_liver_sham_Male_10-U1,sham,10,tierA_p95,Mesenchymal,oxidative_stress,55.0,60.0,588.0,0.09414428582202744,0.0029233941961238057,539.0,0.09502257875349394
7435_liver_sham_Male_10-U1,sham,10,tierA_p95,Mesenchymal,oxidative_stress,60.0,65.0,484.0,0.09558524769198819,0.0034389485772329726,413.0,0.09805045973466
7435_liver_sham_Male_10-U1,sham,10,tierA_p95,Mesenchymal,oxidative_stress,65.0,70.0,341.0,0.10153715548862066,0.004019638469568047,367.0,0.10016316090933815
7435_liver_sham_Male_10-U1,sham,10,tierA_p95,Mesenchymal,oxidative_stress,70.0,75.0,272.0,0.09694613983211799,0.003965314994571222,229.0,0.1026557205567964
7435_liver_sham_Male_10-U1,sham,10,tierA_p95,Mesenchymal,oxidative_stress,75.0,80.0,173.0,0.09824566509859971,0.00519189290084541,191.0,0.0984416227700574
7435_liver_sham_Male_10-U1,sham,10,tierA_p95,Mesenchymal,oxidative_stress,80.0,85.0,134.0,0.09001761207721064,0.006465394221906361,134.0,0.09604776128709538
7435_liver_sham_Male_10-U1,sham,10,tierA_p95,Mesenchymal,oxidative_stress,85.0,90.0,90.0,0.10696766686548169,0.006444516239695604,108.0,0.10983046343877774
7435_liver_sham_Male_10-U1,sham,10,tierA_p95,Mesenchymal,oxidative_stress,90.0,95.0,65.0,0.09763446140300053,0.009405349237546254,65.0,0.12070861540744843
7435_liver_sham_Male_10-U1,sham,10,tierA_p95,Mesenchymal,oxidative_stress,95.0,100.0,46.0,0.11054478208129496,0.009844871777856881,146.0,0.09526554767516034
7435_liver_sham_Male_10-U1,sham,10,tierA_p95,Mesenchymal,secondary_senescence,0.0,5.0,15.0,0.0074260002312560875,0.010064445749617231,591.0,0.010020524586577286
7435_liver_sham_Male_10-U1,sham,10,tierA_p95,Mesenchymal,secondary_senescence,5.0,10.0,339.0,0.013337404122126252,0.0023495887442591223,356.0,0.01302547749554414
7435_liver_sham_Male_10-U1,sham,10,tierA_p95,Mesenchymal,secondary_senescence,10.0,15.0,829.0,0.01232371533693319,0.001474938146281862,762.0,0.006806115477799514
7435_liver_sham_Male_10-U1,sham,10,tierA_p95,Mesenchymal,secondary_senescence,15.0,20.0,933.0,0.007841361212090397,0.0012788415062349955,867.0,0.008436828184799988
7435_liver_sham_Male_10-U1,sham,10,tierA_p95,Mesenchymal,secondary_senescence,20.0,25.0,1004.0,0.008655836639502876,0.0012536085983605773,946.0,0.005736289572263247
7435_liver_sham_Male_10-U1,sham,10,tierA_p95,Mesenchymal,secondary_senescence,25.0,30.0,1038.0,0.009814980760488572,0.0013654393660060763,964.0,0.009116172160824913
7435_liver_sham_Male_10-U1,sham,10,tierA_p95,Mesenchymal,secondary_senescence,30.0,35.0,1160.0,0.006316913820570209,0.001160978948746304,1051.0,0.006284529080059897
7435_liver_sham_Male_10-U1,sham,10,tierA_p95,Mesenchymal,secondary_senescence,35.0,40.0,997.0,0.005590190547975862,0.0011518388684231028,973.0,0.010074933296842146
7435_liver_sham_Male_10-U1,sham,10,tierA_p95,Mesenchymal,secondary_senescence,40.0,45.0,923.0,0.005780758406214545,0.0012951085167266351,827.0,0.006368331254317812
7435_liver_sham_Male_10-U1,sham,10,tierA_p95,Mesenchymal,secondary_senescence,45.0,50.0,874.0,0.007253169335735552,0.001333530016547053,800.0,0.006495837502557151
7435_liver_sham_Male_10-U1,sham,10,tierA_p95,Mesenchymal,secondary_senescence,50.0,55.0,665.0,0.006149082708315175,0.001477587771650474,641.0,0.00819536662655227
7435_liver_sham_Male_10-U1,sham,10,tierA_p95,Mesenchymal,secondary_senescence,55.0,60.0,588.0,0.008684795991747811,0.0015913429475786145,539.0,0.010424248723653442
7435_liver_sham_Male_10-U1,sham,10,tierA_p95,Mesenchymal,secondary_senescence,60.0,65.0,484.0,0.009869235514809942,0.0017877458698382705,413.0,0.008061428549678697
7435_liver_sham_Male_10-U1,sham,10,tierA_p95,Mesenchymal,secondary_senescence,65.0,70.0,341.0,0.006791495621532797,0.0020568246469693185,367.0,0.012494250794184935
7435_liver_sham_Male_10-U1,sham,10,tierA_p95,Mesenchymal,secondary_senescence,70.0,75.0,272.0,0.01201345612108686,0.002568194280061657,229.0,0.006475065495169673
7435_liver_sham_Male_10-U1,sham,10,tierA_p95,Mesenchymal,secondary_senescence,75.0,80.0,173.0,0.011975318075842735,0.0033923039060334784,191.0,0.0021617277973351016
7435_liver_sham_Male_10-U1,sham,10,tierA_p95,Mesenchymal,secondary_senescence,80.0,85.0,134.0,0.010460522407214087,0.003223681819490742,134.0,0.007307761457488949
7435_liver_sham_Male_10-U1,sham,10,tierA_p95,Mesenchymal,secondary_senescence,85.0,90.0,90.0,0.003131444313395251,0.0034765070996231368,108.0,0.01604546309024752
7435_liver_sham_Male_10-U1,sham,10,tierA_p95,Mesenchymal,secondary_senescence,90.0,95.0,65.0,0.003417076913263792,0.005065816075910976,65.0,0.011874153819651559
7435_liver_sham_Male_10-U1,sham,10,tierA_p95,Mesenchymal,secondary_senescence,95.0,100.0,46.0,0.014090217629690533,0.006270045715906546,146.0,0.010197465590676549
7435_liver_sham_Male_10-U1,sham,10,tierA_p95,Mesenchymal,tnfa_nfkb_proximal,0.0,5.0,15.0,-0.005431999972400566,0.006053504240635933,591.0,-0.010935566847016076
7435_liver_sham_Male_10-U1,sham,10,tierA_p95,Mesenchymal,tnfa_nfkb_proximal,5.0,10.0,339.0,-0.009474306771979676,0.0013275839000478613,356.0,-0.010849325822562789
7435_liver_sham_Male_10-U1,sham,10,tierA_p95,Mesenchymal,tnfa_nfkb_proximal,10.0,15.0,829.0,-0.011317949313201014,0.0008197960717874251,762.0,-0.011531207340557417
7435_liver_sham_Male_10-U1,sham,10,tierA_p95,Mesenchymal,tnfa_nfkb_proximal,15.0,20.0,933.0,-0.012400814578308052,0.0007586996813056706,867.0,-0.010396816623726813
7435_liver_sham_Male_10-U1,sham,10,tierA_p95,Mesenchymal,tnfa_nfkb_proximal,20.0,25.0,1004.0,-0.013180318745201864,0.0007330773993463123,946.0,-0.01176512687591622
7435_liver_sham_Male_10-U1,sham,10,tierA_p95,Mesenchymal,tnfa_nfkb_proximal,25.0,30.0,1038.0,-0.012917023118242606,0.0007792161784216765,964.0,-0.012545394186217966
7435_liver_sham_Male_10-U1,sham,10,tierA_p95,Mesenchymal,tnfa_nfkb_proximal,30.0,35.0,1160.0,-0.012815887920002971,0.0007245232120244831,1051.0,-0.013240076100135724
7435_liver_sham_Male_10-U1,sham,10,tierA_p95,Mesenchymal,tnfa_nfkb_proximal,35.0,40.0,997.0,-0.012436128430550268,0.0007632056826310351,973.0,-0.013585323761779183
7435_liver_sham_Male_10-U1,sham,10,tierA_p95,Mesenchymal,tnfa_nfkb_proximal,40.0,45.0,923.0,-0.013387919832204356,0.0007790186872942697,827.0,-0.014080906892235815
7435_liver_sham_Male_10-U1,sham,10,tierA_p95,Mesenchymal,tnfa_nfkb_proximal,45.0,50.0,874.0,-0.012776464546942517,0.0008337517809231745,800.0,-0.014283937521213375
7435_liver_sham_Male_10-U1,sham,10,tierA_p95,Mesenchymal,tnfa_nfkb_proximal,50.0,55.0,665.0,-0.013596781919849511,0.0009153846673401242,641.0,-0.012470202759881184
7435_liver_sham_Male_10-U1,sham,10,tierA_p95,Mesenchymal,tnfa_nfkb_proximal,55.0,60.0,588.0,-0.01153052716751338,0.0010083813709212558,539.0,-0.0131530612251952
7435_liver_sham_Male_10-U1,sham,10,tierA_p95,Mesenchymal,tnfa_nfkb_proximal,60.0,65.0,484.0,-0.014282665249617618,0.0009493854024326047,413.0,-0.013362203331357804
7435_liver_sham_Male_10-U1,sham,10,tierA_p95,Mesenchymal,tnfa_nfkb_proximal,65.0,70.0,341.0,-0.013428563012070155,0.0012720111264132908,367.0,-0.011979836468239158
7435_liver_sham_Male_10-U1,sham,10,tierA_p95,Mesenchymal,tnfa_nfkb_proximal,70.0,75.0,272.0,-0.011627720533611222,0.0014522182604403187,229.0,-0.013776768577833127
7435_liver_sham_Male_10-U1,sham,10,tierA_p95,Mesenchymal,tnfa_nfkb_proximal,75.0,80.0,173.0,-0.009247687855039622,0.0019834519545581957,191.0,-0.014195863886096963
7435_liver_sham_Male_10-U1,sham,10,tierA_p95,Mesenchymal,tnfa_nfkb_proximal,80.0,85.0,134.0,-0.012575223868401764,0.0020686658939582923,134.0,-0.012204925351995114
7435_liver_sham_Male_10-U1,sham,10,tierA_p95,Mesenchymal,tnfa_nfkb_proximal,85.0,90.0,90.0,-0.015348222123834097,0.002522547343550777,108.0,-0.01402472209344894
7435_liver_sham_Male_10-U1,sham,10,tierA_p95,Mesenchymal,tnfa_nfkb_proximal,90.0,95.0,65.0,-0.017453692378834464,0.0027969190006702014,65.0,-0.01344169233545052
7435_liver_sham_Male_10-U1,sham,10,tierA_p95,Mesenchymal,tnfa_nfkb_proximal,95.0,100.0,46.0,-0.015268695791272203,0.002829529030892181,146.0,-0.01514712318377661
7435_liver_sham_Male_10-U1,sham,10,tierA_p95,T/NK cells,downstream_arrest,0.0,5.0,16.0,0.013963124947622418,0.005037994595631527,146.0,0.021057671180779548
7435_liver_sham_Male_10-U1,sham,10,tierA_p95,T/NK cells,downstream_arrest,5.0,10.0,160.0,0.02425212490195463,0.0023467572174869175,148.0,0.024741959491842175
7435_liver_sham_Male_10-U1,sham,10,tierA_p95,T/NK cells,downstream_arrest,10.0,15.0,255.0,0.01852407856255441,0.0017428917925532202,205.0,0.022401317093424106
7435_liver_sham_Male_10-U1,sham,10,tierA_p95,T/NK cells,downstream_arrest,15.0,20.0,202.0,0.021964851566771908,0.0019160612330650013,267.0,0.020177078657881233
7435_liver_sham_Male_10-U1,sham,10,tierA_p95,T/NK cells,downstream_arrest,20.0,25.0,230.0,0.02135326096126253,0.0018900616705969499,231.0,0.02042116894342864
7435_liver_sham_Male_10-U1,sham,10,tierA_p95,T/NK cells,downstream_arrest,25.0,30.0,237.0,0.01838438817475999,0.0015782962559831534,234.0,0.01920974360240134
7435_liver_sham_Male_10-U1,sham,10,tierA_p95,T/NK cells,downstream_arrest,30.0,35.0,223.0,0.02187713002068233,0.0019336760826079134,198.0,0.018951616157669424
7435_liver_sham_Male_10-U1,sham,10,tierA_p95,T/NK cells,downstream_arrest,35.0,40.0,237.0,0.021091055044747658,0.0018793723474922587,208.0,0.01824072123508813
7435_liver_sham_Male_10-U1,sham,10,tierA_p95,T/NK cells,downstream_arrest,40.0,45.0,202.0,0.018045099018426037,0.001621230148847043,174.0,0.02174023001996035
7435_liver_sham_Male_10-U1,sham,10,tierA_p95,T/NK cells,downstream_arrest,45.0,50.0,171.0,0.021651403539356563,0.0022757103472962545,162.0,0.0206754321595697
7435_liver_sham_Male_10-U1,sham,10,tierA_p95,T/NK cells,downstream_arrest,50.0,55.0,135.0,0.021993185179437408,0.0022260282962620155,135.0,0.017673481542334668
7435_liver_sham_Male_10-U1,sham,10,tierA_p95,T/NK cells,downstream_arrest,55.0,60.0,118.0,0.01666813558206787,0.002373419899691985,123.0,0.02033845531826127
7435_liver_sham_Male_10-U1,sham,10,tierA_p95,T/NK cells,downstream_arrest,60.0,65.0,107.0,0.024597757014502536,0.0025888992282765487,96.0,0.020044062400756957
7435_liver_sham_Male_10-U1,sham,10,tierA_p95,T/NK cells,downstream_arrest,65.0,70.0,79.0,0.01697835448799254,0.003037300238269972,48.0,0.022384791758668143
7435_liver_sham_Male_10-U1,sham,10,tierA_p95,T/NK cells,downstream_arrest,70.0,75.0,52.0,0.01941961540768926,0.0030579371744633276,39.0,0.025391025819445554
7435_liver_sham_Male_10-U1,sham,10,tierA_p95,T/NK cells,downstream_arrest,75.0,80.0,30.0,0.016384666591572266,0.004113108931573181,46.0,0.026029347701494218
7435_liver_sham_Male_10-U1,sham,10,tierA_p95,T/NK cells,downstream_arrest,80.0,85.0,45.0,0.02067577763615797,0.0034241036257406407,26.0,0.017283461719321516
7435_liver_sham_Male_10-U1,sham,10,tierA_p95,T/NK cells,downstream_arrest,85.0,90.0,24.0,0.03144625028168472,0.005553682136955795,28.0,0.020878214260197377
7435_liver_sham_Male_10-U1,sham,10,tierA_p95,T/NK cells,downstream_arrest,90.0,95.0,18.0,0.01861999972930385,0.005667355128270759,16.0,0.012026875045194174
7435_liver_sham_Male_10-U1,sham,10,tierA_p95,T/NK cells,downstream_arrest,95.0,100.0,9.0,0.012103333008579083,0.005931725498463843,20.0,0.019497999956365676
7435_liver_sham_Male_10-U1,sham,10,tierA_p95,T/NK cells,emt_ecm,0.0,5.0,16.0,0.03806937538320199,0.010944798765417858,146.0,0.027943287661176715
7435_liver_sham_Male_10-U1,sham,10,tierA_p95,T/NK cells,emt_ecm,5.0,10.0,160.0,0.0317574998456621,0.0038795663120940477,148.0,0.035128581000134475
7435_liver_sham_Male_10-U1,sham,10,tierA_p95,T/NK cells,emt_ecm,10.0,15.0,255.0,0.02308701966066306,0.0026513271450767876,205.0,0.023756292730956
7435_liver_sham_Male_10-U1,sham,10,tierA_p95,T/NK cells,emt_ecm,15.0,20.0,202.0,0.018327871158479603,0.002561396728734509,267.0,0.02187842703387878
7435_liver_sham_Male_10-U1,sham,10,tierA_p95,T/NK cells,emt_ecm,20.0,25.0,230.0,0.019993173966086825,0.0029076129201786,231.0,0.016579004211348253
7435_liver_sham_Male_10-U1,sham,10,tierA_p95,T/NK cells,emt_ecm,25.0,30.0,237.0,0.010219535795480057,0.002166946295409794,234.0,0.018738205189061448
7435_liver_sham_Male_10-U1,sham,10,tierA_p95,T/NK cells,emt_ecm,30.0,35.0,223.0,0.02125197310275252,0.0028970019748925315,198.0,0.015605909034175884
7435_liver_sham_Male_10-U1,sham,10,tierA_p95,T/NK cells,emt_ecm,35.0,40.0,237.0,0.014117215188966283,0.0022898190908311493,208.0,0.01858788468685956
7435_liver_sham_Male_10-U1,sham,10,tierA_p95,T/NK cells,emt_ecm,40.0,45.0,202.0,0.020876534728651478,0.002502415408270046,174.0,0.009653620652208136
7435_liver_sham_Male_10-U1,sham,10,tierA_p95,T/NK cells,emt_ecm,45.0,50.0,171.0,0.014210350932960183,0.0032198601374298745,162.0,0.013906728299866418
7435_liver_sham_Male_10-U1,sham,10,tierA_p95,T/NK cells,emt_ecm,50.0,55.0,135.0,0.013561629537165302,0.0033308101988002367,135.0,0.012118740677316156
7435_liver_sham_Male_10-U1,sham,10,tierA_p95,T/NK cells,emt_ecm,55.0,60.0,118.0,0.020122118757680548,0.0038638652635003285,123.0,0.012516991799409554
7435_liver_sham_Male_10-U1,sham,10,tierA_p95,T/NK cells,emt_ecm,60.0,65.0,107.0,0.010356915753474024,0.00266629080560395,96.0,0.012370104140548696
7435_liver_sham_Male_10-U1,sham,10,tierA_p95,T/NK cells,emt_ecm,65.0,70.0,79.0,0.014686962019057526,0.0037493239653955067,48.0,0.015649374985817605
7435_liver_sham_Male_10-U1,sham,10,tierA_p95,T/NK cells,emt_ecm,70.0,75.0,52.0,0.01261384602716694,0.005311781757867961,39.0,0.00684512832100527
7435_liver_sham_Male_10-U1,sham,10,tierA_p95,T/NK cells,emt_ecm,75.0,80.0,30.0,0.0038236665927494566,0.004444709261365041,46.0,0.005877391311198311
7435_liver_sham_Male_10-U1,sham,10,tierA_p95,T/NK cells,emt_ecm,80.0,85.0,45.0,0.010994666677692697,0.0038971568391663073,26.0,0.01227807699447462
7435_liver_sham_Male_10-U1,sham,10,tierA_p95,T/NK cells,emt_ecm,85.0,90.0,24.0,0.013695416764070009,0.00843443297379966,28.0,0.005759642896789176
7435_liver_sham_Male_10-U1,sham,10,tierA_p95,T/NK cells,emt_ecm,90.0,95.0,18.0,0.008534444402256567,0.0053343688016128776,16.0,0.0028356250877550337
7435_liver_sham_Male_10-U1,sham,10,tierA_p95,T/NK cells,emt_ecm,95.0,100.0,9.0,0.01654111086908314,0.017599317980204754,20.0,0.006562499811479938
7435_liver_sham_Male_10-U1,sham,10,tierA_p95,T/NK cells,il6_jak_stat3,0.0,5.0,16.0,0.024896875664126128,0.015247938673226833,146.0,0.02447561662140213
7435_liver_sham_Male_10-U1,sham,10,tierA_p95,T/NK cells,il6_jak_stat3,5.0,10.0,160.0,0.030367499958902044,0.0039191439306929705,148.0,0.04014750008286068
7435_liver_sham_Male_10-U1,sham,10,tierA_p95,T/NK cells,il6_jak_stat3,10.0,15.0,255.0,0.024080823520518036,0.0035779202703994416,205.0,0.02745214625383818
7435_liver_sham_Male_10-U1,sham,10,tierA_p95,T/NK cells,il6_jak_stat3,15.0,20.0,202.0,0.024827920928560565,0.004165442818761101,267.0,0.02202857684296964
7435_liver_sham_Male_10-U1,sham,10,tierA_p95,T/NK cells,il6_jak_stat3,20.0,25.0,230.0,0.02029299991012047,0.0033515733062718478,231.0,0.015959913464912184
7435_liver_sham_Male_10-U1,sham,10,tierA_p95,T/NK cells,il6_jak_stat3,25.0,30.0,237.0,0.018252278493180916,0.0032833311923221174,234.0,0.021006538382491086
7435_liver_sham_Male_10-U1,sham,10,tierA_p95,T/NK cells,il6_jak_stat3,30.0,35.0,223.0,0.011273497824340218,0.0030317203118576637,198.0,0.00989085856581185
7435_liver_sham_Male_10-U1,sham,10,tierA_p95,T/NK cells,il6_jak_stat3,35.0,40.0,237.0,0.013418185687476557,0.0030026221292385018,208.0,0.016210144203061924
7435_liver_sham_Male_10-U1,sham,10,tierA_p95,T/NK cells,il6_jak_stat3,40.0,45.0,202.0,0.019299703067541613,0.003410383898617031,174.0,0.010877298969006362
7435_liver_sham_Male_10-U1,sham,10,tierA_p95,T/NK cells,il6_jak_stat3,45.0,50.0,171.0,0.01993549700005372,0.003683797924830511,162.0,0.009582469260985145
7435_liver_sham_Male_10-U1,sham,10,tierA_p95,T/NK cells,il6_jak_stat3,50.0,55.0,135.0,0.01978155563276097,0.004174153580118883,135.0,0.020992296351000226
7435_liver_sham_Male_10-U1,sham,10,tierA_p95,T/NK cells,il6_jak_stat3,55.0,60.0,118.0,0.013262796707025145,0.004384220952451797,123.0,0.01378382109550426
7435_liver_sham_Male_10-U1,sham,10,tierA_p95,T/NK cells,il6_jak_stat3,60.0,65.0,107.0,0.01580962617408319,0.00432274068934816,96.0,0.018221354243072103
7435_liver_sham_Male_10-U1,sham,10,tierA_p95,T/NK cells,il6_jak_stat3,65.0,70.0,79.0,0.013921518989874027,0.0046642620316030324,48.0,0.022927916842794122
7435_liver_sham_Male_10-U1,sham,10,tierA_p95,T/NK cells,il6_jak_stat3,70.0,75.0,52.0,0.016618846184708394,0.006008619735193086,39.0,0.017325384539360993
7435_liver_sham_Male_10-U1,sham,10,tierA_p95,T/NK cells,il6_jak_stat3,75.0,80.0,30.0,0.009808333377198627,0.007479105607811943,46.0,0.022200434686332617
7435_liver_sham_Male_10-U1,sham,10,tierA_p95,T/NK cells,il6_jak_stat3,80.0,85.0,45.0,0.010284222050621692,0.005423930555862516,26.0,-0.0019407691657901383
7435_liver_sham_Male_10-U1,sham,10,tierA_p95,T/NK cells,il6_jak_stat3,85.0,90.0,24.0,-0.0010087498145973466,0.006247268820618509,28.0,0.009725713836295264
7435_liver_sham_Male_10-U1,sham,10,tierA_p95,T/NK cells,il6_jak_stat3,90.0,95.0,18.0,0.017384999962006178,0.009555114131936994,16.0,-0.007507499714847654
7435_liver_sham_Male_10-U1,sham,10,tierA_p95,T/NK cells,il6_jak_stat3,95.0,100.0,9.0,0.02848444449611836,0.007354589643633638,20.0,0.0010629998869262636
7435_liver_sham_Male_10-U1,sham,10,tierA_p95,T/NK cells,interferon_response,0.0,5.0,16.0,0.033705624722642824,0.0105477476283888,146.0,0.05471198658111237
7435_liver_sham_Male_10-U1,sham,10,tierA_p95,T/NK cells,interferon_response,5.0,10.0,160.0,0.0566776874019979,0.0038229291520006114,148.0,0.06262574316536523
7435_liver_sham_Male_10-U1,sham,10,tierA_p95,T/NK cells,interferon_response,10.0,15.0,255.0,0.051008352922622624,0.003441707158075797,205.0,0.05124526840227191
7435_liver_sham_Male_10-U1,sham,10,tierA_p95,T/NK cells,interferon_response,15.0,20.0,202.0,0.05067955434539483,0.004126339624512385,267.0,0.05464898882615153
7435_liver_sham_Male_10-U1,sham,10,tierA_p95,T/NK cells,interferon_response,20.0,25.0,230.0,0.050653260691045865,0.0036186222545708732,231.0,0.04695359304334638
7435_liver_sham_Male_10-U1,sham,10,tierA_p95,T/NK cells,interferon_response,25.0,30.0,237.0,0.044667130867402434,0.0028763760115452547,234.0,0.050770512709122216
7435_liver_sham_Male_10-U1,sham,10,tierA_p95,T/NK cells,interferon_response,30.0,35.0,223.0,0.044978744325642014,0.002799699421273662,198.0,0.04029454523381469
7435_liver_sham_Male_10-U1,sham,10,tierA_p95,T/NK cells,interferon_response,35.0,40.0,237.0,0.03961962033279917,0.0025246426093714375,208.0,0.04745370176589439
7435_liver_sham_Male_10-U1,sham,10,tierA_p95,T/NK cells,interferon_response,40.0,45.0,202.0,0.0467778713296722,0.0030435430625237146,174.0,0.04275494265930738
7435_liver_sham_Male_10-U1,sham,10,tierA_p95,T/NK cells,interferon_response,45.0,50.0,171.0,0.04509707614986263,0.003870987549439187,162.0,0.04076820988704617
7435_liver_sham_Male_10-U1,sham,10,tierA_p95,T/NK cells,interferon_response,50.0,55.0,135.0,0.05368059268048792,0.004973346354297938,135.0,0.04099748168147117
7435_liver_sham_Male_10-U1,sham,10,tierA_p95,T/NK cells,interferon_response,55.0,60.0,118.0,0.04745881348602687,0.004172526724792187,123.0,0.03909658529082071
7435_liver_sham_Male_10-U1,sham,10,tierA_p95,T/NK cells,interferon_response,60.0,65.0,107.0,0.04268934598280156,0.004026927780188813,96.0,0.04092843742319019
7435_liver_sham_Male_10-U1,sham,10,tierA_p95,T/NK cells,interferon_response,65.0,70.0,79.0,0.04563392380464681,0.0046112914559072685,48.0,0.05155958349011295
7435_liver_sham_Male_10-U1,sham,10,tierA_p95,T/NK cells,interferon_response,70.0,75.0,52.0,0.04682211580578811,0.006101489308040673,39.0,0.037035897622281946
7435_liver_sham_Male_10-U1,sham,10,tierA_p95,T/NK cells,interferon_response,75.0,80.0,30.0,0.041859667259268464,0.0075178389916244984,46.0,0.04622130452796979
7435_liver_sham_Male_10-U1,sham,10,tierA_p95,T/NK cells,interferon_response,80.0,85.0,45.0,0.04784622251495926,0.006220778444577549,26.0,0.03789576904203456
7435_liver_sham_Male_10-U1,sham,10,tierA_p95,T/NK cells,interferon_response,85.0,90.0,24.0,0.041531666997191984,0.007800595980468699,28.0,0.04555535730573216
7435_liver_sham_Male_10-U1,sham,10,tierA_p95,T/NK cells,interferon_response,90.0,95.0,18.0,0.04503499993330075,0.00857127979316427,16.0,0.02158062520175008
7435_liver_sham_Male_10-U1,sham,10,tierA_p95,T/NK cells,interferon_response,95.0,100.0,9.0,0.059685556011067495,0.014043027797954763,20.0,0.04904600045410916
7435_liver_sham_Male_10-U1,sham,10,tierA_p95,T/NK cells,oxidative_stress,0.0,5.0,16.0,0.04804187550325878,0.018592408879351038,146.0,0.051885137205392486
7435_liver_sham_Male_10-U1,sham,10,tierA_p95,T/NK cells,oxidative_stress,5.0,10.0,160.0,0.047718000019267494,0.005631395526145402,148.0,0.05163601365269199
7435_liver_sham_Male_10-U1,sham,10,tierA_p95,T/NK cells,oxidative_stress,10.0,15.0,255.0,0.07148615693326528,0.004533415271990698,205.0,0.06760165851595869
7435_liver_sham_Male_10-U1,sham,10,tierA_p95,T/NK cells,oxidative_stress,15.0,20.0,202.0,0.06983945548556293,0.005169582976121891,267.0,0.07951606755079056
7435_liver_sham_Male_10-U1,sham,10,tierA_p95,T/NK cells,oxidative_stress,20.0,25.0,230.0,0.06743817386678015,0.005149730428127192,231.0,0.07781969672570396
7435_liver_sham_Male_10-U1,sham,10,tierA_p95,T/NK cells,oxidative_stress,25.0,30.0,237.0,0.08085316453334868,0.004630094920918724,234.0,0.08024478659608887
7435_liver_sham_Male_10-U1,sham,10,tierA_p95,T/NK cells,oxidative_stress,30.0,35.0,223.0,0.07720197335062047,0.0050909948148416964,198.0,0.08274328289230147
7435_liver_sham_Male_10-U1,sham,10,tierA_p95,T/NK cells,oxidative_stress,35.0,40.0,237.0,0.0748908862291892,0.004852295307619526,208.0,0.07343461537787405
7435_liver_sham_Male_10-U1,sham,10,tierA_p95,T/NK cells,oxidative_stress,40.0,45.0,202.0,0.07674930663447997,0.004997584700774663,174.0,0.08560701167537435
7435_liver_sham_Male_10-U1,sham,10,tierA_p95,T/NK cells,oxidative_stress,45.0,50.0,171.0,0.08198152037535873,0.005535506376386461,162.0,0.07693314803462406
7435_liver_sham_Male_10-U1,sham,10,tierA_p95,T/NK cells,oxidative_stress,50.0,55.0,135.0,0.080219037002125,0.005945405088626274,135.0,0.08000333292560148
7435_liver_sham_Male_10-U1,sham,10,tierA_p95,T/NK cells,oxidative_stress,55.0,60.0,118.0,0.0822606780201244,0.006680596019927495,123.0,0.08483552890905459
7435_liver_sham_Male_10-U1,sham,10,tierA_p95,T/NK cells,oxidative_stress,60.0,65.0,107.0,0.0833973837309195,0.007175985665269599,96.0,0.07647791639222608
7435_liver_sham_Male_10-U1,sham,10,tierA_p95,T/NK cells,oxidative_stress,65.0,70.0,79.0,0.08512810127488396,0.007399335625447151,48.0,0.08660479153816898
7435_liver_sham_Male_10-U1,sham,10,tierA_p95,T/NK cells,oxidative_stress,70.0,75.0,52.0,0.09718826921352257,0.009915179309937822,39.0,0.07407358994420904
7435_liver_sham_Male_10-U1,sham,10,tierA_p95,T/NK cells,oxidative_stress,75.0,80.0,30.0,0.09350500050932169,0.012781018312793768,46.0,0.059269347726671105
7435_liver_sham_Male_10-U1,sham,10,tierA_p95,T/NK cells,oxidative_stress,80.0,85.0,45.0,0.09305933313056206,0.009540726565727778,26.0,0.08215307770296931
7435_liver_sham_Male_10-U1,sham,10,tierA_p95,T/NK cells,oxidative_stress,85.0,90.0,24.0,0.080036250098298,0.013179846032919721,28.0,0.08934785698407463
7435_liver_sham_Male_10-U1,sham,10,tierA_p95,T/NK cells,oxidative_stress,90.0,95.0,18.0,0.12415277626779345,0.015785990388337598,16.0,0.12077499949373305
7435_liver_sham_Male_10-U1,sham,10,tierA_p95,T/NK cells,oxidative_stress,95.0,100.0,9.0,0.058528888763652906,0.019878278092364268,20.0,0.09092099922709167
7435_liver_sham_Male_10-U1,sham,10,tierA_p95,T/NK cells,secondary_senescence,0.0,5.0,16.0,0.014891875121975318,0.014049973899568021,146.0,0.010751370086624887
7435_liver_sham_Male_10-U1,sham,10,tierA_p95,T/NK cells,secondary_senescence,5.0,10.0,160.0,0.009496374871559965,0.0038707677225253054,148.0,0.01660817560607668
7435_liver_sham_Male_10-U1,sham,10,tierA_p95,T/NK cells,secondary_senescence,10.0,15.0,255.0,0.009766313676179077,0.002953042092981389,205.0,0.012837268154650767
7435_liver_sham_Male_10-U1,sham,10,tierA_p95,T/NK cells,secondary_senescence,15.0,20.0,202.0,0.011061286982661804,0.0032262208241178054,267.0,0.009080074834685306
7435_liver_sham_Male_10-U1,sham,10,tierA_p95,T/NK cells,secondary_senescence,20.0,25.0,230.0,0.0069658261154393625,0.0031382986230753646,231.0,0.006631818282313633
7435_liver_sham_Male_10-U1,sham,10,tierA_p95,T/NK cells,secondary_senescence,25.0,30.0,237.0,0.008197468426041717,0.0028265442608944313,234.0,0.010788803406106507
7435_liver_sham_Male_10-U1,sham,10,tierA_p95,T/NK cells,secondary_senescence,30.0,35.0,223.0,0.008562690738798432,0.0033129744857401107,198.0,0.0016447473849485054
7435_liver_sham_Male_10-U1,sham,10,tierA_p95,T/NK cells,secondary_senescence,35.0,40.0,237.0,0.006699746909861026,0.0028670831156258967,208.0,0.006241971186052699
7435_liver_sham_Male_10-U1,sham,10,tierA_p95,T/NK cells,secondary_senescence,40.0,45.0,202.0,0.0038013861123167006,0.0026999827942597665,174.0,0.004229770112294642
7435_liver_sham_Male_10-U1,sham,10,tierA_p95,T/NK cells,secondary_senescence,45.0,50.0,171.0,0.008028245542425804,0.0031163136845514085,162.0,0.0017883335160239554
7435_liver_sham_Male_10-U1,sham,10,tierA_p95,T/NK cells,secondary_senescence,50.0,55.0,135.0,0.009804666596809748,0.004283940888659251,135.0,0.00646496291220602
7435_liver_sham_Male_10-U1,sham,10,tierA_p95,T/NK cells,secondary_senescence,55.0,60.0,118.0,0.0034695762622474016,0.0038890871812861457,123.0,0.00792056910917958
7435_liver_sham_Male_10-U1,sham,10,tierA_p95,T/NK cells,secondary_senescence,60.0,65.0,107.0,0.006911027857763954,0.003925529196351631,96.0,0.012023749758858079
7435_liver_sham_Male_10-U1,sham,10,tierA_p95,T/NK cells,secondary_senescence,65.0,70.0,79.0,0.010059746907717442,0.004825220125372413,48.0,0.007580625150391522
7435_liver_sham_Male_10-U1,sham,10,tierA_p95,T/NK cells,secondary_senescence,70.0,75.0,52.0,0.005559615625176006,0.005340967270953568,39.0,0.003585897351746471
7435_liver_sham_Male_10-U1,sham,10,tierA_p95,T/NK cells,secondary_senescence,75.0,80.0,30.0,0.004505333283062404,0.005684845115664283,46.0,0.00322956488336153
7435_liver_sham_Male_10-U1,sham,10,tierA_p95,T/NK cells,secondary_senescence,80.0,85.0,45.0,0.00977533326820574,0.005907767871429007,26.0,-0.0038049999790158696
7435_liver_sham_Male_10-U1,sham,10,tierA_p95,T/NK cells,secondary_senescence,85.0,90.0,24.0,0.008215000270865858,0.009253101732704069,28.0,0.018708928666975617
7435_liver_sham_Male_10-U1,sham,10,tierA_p95,T/NK cells,secondary_senescence,90.0,95.0,18.0,0.0015027774320009889,0.007958535186006564,16.0,-0.007284999803232495
7435_liver_sham_Male_10-U1,sham,10,tierA_p95,T/NK cells,secondary_senescence,95.0,100.0,9.0,0.00631777797308233,0.018082606270494846,20.0,0.016302500260644594
7435_liver_sham_Male_10-U1,sham,10,tierA_p95,T/NK cells,tnfa_nfkb_proximal,0.0,5.0,16.0,0.005684375166310929,0.007216911647201027,146.0,-0.0020093835765904147
7435_liver_sham_Male_10-U1,sham,10,tierA_p95,T/NK cells,tnfa_nfkb_proximal,5.0,10.0,160.0,0.0014000626244524029,0.002629211916199576,148.0,0.005597770405025536
7435_liver_sham_Male_10-U1,sham,10,tierA_p95,T/NK cells,tnfa_nfkb_proximal,10.0,15.0,255.0,-0.004708156843587537,0.002311642707487576,205.0,-0.001298048682443417
7435_liver_sham_Male_10-U1,sham,10,tierA_p95,T/NK cells,tnfa_nfkb_proximal,15.0,20.0,202.0,-0.004884504948037856,0.0022695048568889707,267.0,-0.00033168546973827055
7435_liver_sham_Male_10-U1,sham,10,tierA_p95,T/NK cells,tnfa_nfkb_proximal,20.0,25.0,230.0,-0.004316434686125317,0.0020548916051959204,231.0,-0.007870086536318663
7435_liver_sham_Male_10-U1,sham,10,tierA_p95,T/NK cells,tnfa_nfkb_proximal,25.0,30.0,237.0,-0.006728396621830653,0.0020121351521629792,234.0,-0.0043181197084217835
7435_liver_sham_Male_10-U1,sham,10,tierA_p95,T/NK cells,tnfa_nfkb_proximal,30.0,35.0,223.0,-0.005205201729766674,0.0020613330958994466,198.0,-0.011375100986072658
7435_liver_sham_Male_10-U1,sham,10,tierA_p95,T/NK cells,tnfa_nfkb_proximal,35.0,40.0,237.0,-0.007231054877197858,0.0018303121851443965,208.0,-0.0073643749786312515
7435_liver_sham_Male_10-U1,sham,10,tierA_p95,T/NK cells,tnfa_nfkb_proximal,40.0,45.0,202.0,-0.007919207809668432,0.0018292504321938711,174.0,-0.010993218357506176
7435_liver_sham_Male_10-U1,sham,10,tierA_p95,T/NK cells,tnfa_nfkb_proximal,45.0,50.0,171.0,-0.006201988350400362,0.0024900510101406965,162.0,-0.008938641902743795
7435_liver_sham_Male_10-U1,sham,10,tierA_p95,T/NK cells,tnfa_nfkb_proximal,50.0,55.0,135.0,-0.005389925993599549,0.0034505541498087615,135.0,-0.009331925902989934
7435_liver_sham_Male_10-U1,sham,10,tierA_p95,T/NK cells,tnfa_nfkb_proximal,55.0,60.0,118.0,-0.005941355987812069,0.002701163859263516,123.0,-0.007145853663347018
7435_liver_sham_Male_10-U1,sham,10,tierA_p95,T/NK cells,tnfa_nfkb_proximal,60.0,65.0,107.0,-0.01073018692096692,0.003240556579436158,96.0,-0.013982187427851992
7435_liver_sham_Male_10-U1,sham,10,tierA_p95,T/NK cells,tnfa_nfkb_proximal,65.0,70.0,79.0,-0.007973924040487862,0.002505677433811652,48.0,-0.003829375016114985
7435_liver_sham_Male_10-U1,sham,10,tierA_p95,T/NK cells,tnfa_nfkb_proximal,70.0,75.0,52.0,-0.010359038693982607,0.0038020915597544187,39.0,-0.009429486971314942
7435_liver_sham_Male_10-U1,sham,10,tierA_p95,T/NK cells,tnfa_nfkb_proximal,75.0,80.0,30.0,-0.006292999802099075,0.0048486391156849695,46.0,-0.010115434967345842
7435_liver_sham_Male_10-U1,sham,10,tierA_p95,T/NK cells,tnfa_nfkb_proximal,80.0,85.0,45.0,-0.010251333248905009,0.0035347383342034,26.0,-0.008333076827022104
7435_liver_sham_Male_10-U1,sham,10,tierA_p95,T/NK cells,tnfa_nfkb_proximal,85.0,90.0,24.0,-0.015427916727882499,0.004424579127172424,28.0,0.0017182141663007705
7435_liver_sham_Male_10-U1,sham,10,tierA_p95,T/NK cells,tnfa_nfkb_proximal,90.0,95.0,18.0,-0.015017777746025886,0.004032196529452188,16.0,-0.014777499745832756
7435_liver_sham_Male_10-U1,sham,10,tierA_p95,T/NK cells,tnfa_nfkb_proximal,95.0,100.0,9.0,-0.0005166668625962404,0.006667107675779803,20.0,-0.016970500040770276
7435_liver_sham_Male_10-U1,sham,10,tierA_p95,vSMCs,downstream_arrest,0.0,5.0,46.0,0.011446739246425948,0.004218207149799635,232.0,0.013057974155909223
7435_liver_sham_Male_10-U1,sham,10,tierA_p95,vSMCs,downstream_arrest,5.0,10.0,429.0,0.014537459300836183,0.0014267469067369518,452.0,0.016376039897601263
7435_liver_sham_Male_10-U1,sham,10,tierA_p95,vSMCs,downstream_arrest,10.0,15.0,398.0,0.01390366835708554,0.0014498282593362738,411.0,0.017375255430640127
7435_liver_sham_Male_10-U1,sham,10,tierA_p95,vSMCs,downstream_arrest,15.0,20.0,434.0,0.014351612922627814,0.0014032803809594684,389.0,0.014195989718304434
7435_liver_sham_Male_10-U1,sham,10,tierA_p95,vSMCs,downstream_arrest,20.0,25.0,361.0,0.016255013816778734,0.0017647013982563593,366.0,0.012764726831911538
7435_liver_sham_Male_10-U1,sham,10,tierA_p95,vSMCs,downstream_arrest,25.0,30.0,301.0,0.011989468541432386,0.0018734288379807357,317.0,0.015097097847957755
7435_liver_sham_Male_10-U1,sham,10,tierA_p95,vSMCs,downstream_arrest,30.0,35.0,287.0,0.014570452969583954,0.0021068827701194465,242.0,0.013039173518126149
7435_liver_sham_Male_10-U1,sham,10,tierA_p95,vSMCs,downstream_arrest,35.0,40.0,229.0,0.0164512226212664,0.0023975571889893253,194.0,0.007941752611212409
7435_liver_sham_Male_10-U1,sham,10,tierA_p95,vSMCs,downstream_arrest,40.0,45.0,200.0,0.014316349940581858,0.0020595831347410627,173.0,0.011470115623797553
7435_liver_sham_Male_10-U1,sham,10,tierA_p95,vSMCs,downstream_arrest,45.0,50.0,168.0,0.0124582737531628,0.0021303580526865875,146.0,0.011076917918628219
7435_liver_sham_Male_10-U1,sham,10,tierA_p95,vSMCs,downstream_arrest,50.0,55.0,151.0,0.012936688770520014,0.0024773850601234005,114.0,0.014423859592633355
7435_liver_sham_Male_10-U1,sham,10,tierA_p95,vSMCs,downstream_arrest,55.0,60.0,89.0,0.012173370784459233,0.002767056898292842,105.0,0.016142952319655922
7435_liver_sham_Male_10-U1,sham,10,tierA_p95,vSMCs,downstream_arrest,60.0,65.0,92.0,0.014759782582784639,0.0029068454570043193,85.0,0.013016352866457857
7435_liver_sham_Male_10-U1,sham,10,tierA_p95,vSMCs,downstream_arrest,65.0,70.0,48.0,0.01028270858629791,0.004140894134374289,52.0,0.012416153820455432
7435_liver_sham_Male_10-U1,sham,10,tierA_p95,vSMCs,downstream_arrest,70.0,75.0,49.0,0.004150612273239245,0.0037909733817938682,28.0,0.01018607147333179
7435_liver_sham_Male_10-U1,sham,10,tierA_p95,vSMCs,downstream_arrest,75.0,80.0,29.0,0.007468276014872666,0.0034216909630184625,18.0,0.007959444205173187
7435_liver_sham_Male_10-U1,sham,10,tierA_p95,vSMCs,downstream_arrest,80.0,85.0,18.0,0.0142483333038399,0.0072676153351154335,16.0,0.016499375276907813
7435_liver_sham_Male_10-U1,sham,10,tierA_p95,vSMCs,downstream_arrest,85.0,90.0,15.0,0.0047466668921212355,0.006942565388534464,9.0,0.008035555792351564
7435_liver_sham_Male_10-U1,sham,10,tierA_p95,vSMCs,downstream_arrest,90.0,95.0,12.0,0.017004166462963138,0.00873206961890159,4.0,0.0197350000962615
7435_liver_sham_Male_10-U1,sham,10,tierA_p95,vSMCs,downstream_arrest,95.0,100.0,5.0,0.0028960000723600387,0.015396096346751815,8.0,-0.0029137498058844358
7435_liver_sham_Male_10-U1,sham,10,tierA_p95,vSMCs,emt_ecm,0.0,5.0,46.0,0.11182478292966666,0.010772002477246733,232.0,0.09585629288019469
7435_liver_sham_Male_10-U1,sham,10,tierA_p95,vSMCs,emt_ecm,5.0,10.0,429.0,0.10944575759158758,0.003587764149224655,452.0,0.10802553084737414
7435_liver_sham_Male_10-U1,sham,10,tierA_p95,vSMCs,emt_ecm,10.0,15.0,398.0,0.10581635670990834,0.003745895789238226,411.0,0.09889888080822529
7435_liver_sham_Male_10-U1,sham,10,tierA_p95,vSMCs,emt_ecm,15.0,20.0,434.0,0.09719421656507637,0.0035387429451981226,389.0,0.10298323923853064
7435_liver_sham_Male_10-U1,sham,10,tierA_p95,vSMCs,emt_ecm,20.0,25.0,361.0,0.09764598323102561,0.0035588043348147107,366.0,0.10180945346472897
7435_liver_sham_Male_10-U1,sham,10,tierA_p95,vSMCs,emt_ecm,25.0,30.0,301.0,0.10378146211928425,0.004158283812082714,317.0,0.10242731856385669
7435_liver_sham_Male_10-U1,sham,10,tierA_p95,vSMCs,emt_ecm,30.0,35.0,287.0,0.09542508691996303,0.004408195677780061,242.0,0.1000756196122848
7435_liver_sham_Male_10-U1,sham,10,tierA_p95,vSMCs,emt_ecm,35.0,40.0,229.0,0.10080034954348954,0.0048920784917267385,194.0,0.09324572194930521
7435_liver_sham_Male_10-U1,sham,10,tierA_p95,vSMCs,emt_ecm,40.0,45.0,200.0,0.10265484992181882,0.005318747797073712,173.0,0.11594890184146002
7435_liver_sham_Male_10-U1,sham,10,tierA_p95,vSMCs,emt_ecm,45.0,50.0,168.0,0.09826690462137949,0.005240021354490076,146.0,0.10000102742166858
7435_liver_sham_Male_10-U1,sham,10,tierA_p95,vSMCs,emt_ecm,50.0,55.0,151.0,0.10673264902173148,0.0059983163848988715,114.0,0.10148579010886974
7435_liver_sham_Male_10-U1,sham,10,tierA_p95,vSMCs,emt_ecm,55.0,60.0,89.0,0.11042078699016672,0.0068494433608844345,105.0,0.11750552295041936
7435_liver_sham_Male_10-U1,sham,10,tierA_p95,vSMCs,emt_ecm,60.0,65.0,92.0,0.10345684769234377,0.007764604061456758,85.0,0.10239835321451263
7435_liver_sham_Male_10-U1,sham,10,tierA_p95,vSMCs,emt_ecm,65.0,70.0,48.0,0.10279874951811507,0.01103910652529173,52.0,0.11423538456550048
7435_liver_sham_Male_10-U1,sham,10,tierA_p95,vSMCs,emt_ecm,70.0,75.0,49.0,0.10844428565980373,0.01126538817349503,28.0,0.10896500076134023
7435_liver_sham_Male_10-U1,sham,10,tierA_p95,vSMCs,emt_ecm,75.0,80.0,29.0,0.10165517327600512,0.013177813938278625,18.0,0.09750277750491579
7435_liver_sham_Male_10-U1,sham,10,tierA_p95,vSMCs,emt_ecm,80.0,85.0,18.0,0.09341611025027102,0.02133692832495922,16.0,0.04803999976138584
7435_liver_sham_Male_10-U1,sham,10,tierA_p95,vSMCs,emt_ecm,85.0,90.0,15.0,0.1348566656311353,0.017225249435758743,9.0,0.0952355553292566
7435_liver_sham_Male_10-U1,sham,10,tierA_p95,vSMCs,emt_ecm,90.0,95.0,12.0,0.11395499994978309,0.018113827363161396,4.0,0.05331000062869862
7435_liver_sham_Male_10-U1,sham,10,tierA_p95,vSMCs,emt_ecm,95.0,100.0,5.0,0.11639999710023403,0.03320405903685791,8.0,0.12926875008270144
7435_liver_sham_Male_10-U1,sham,10,tierA_p95,vSMCs,il6_jak_stat3,0.0,5.0,46.0,0.019310652409963634,0.008494262360935909,232.0,0.020678362069984673
7435_liver_sham_Male_10-U1,sham,10,tierA_p95,vSMCs,il6_jak_stat3,5.0,10.0,429.0,0.020427972110530924,0.002561637055402371,452.0,0.02160081858439894
7435_liver_sham_Male_10-U1,sham,10,tierA_p95,vSMCs,il6_jak_stat3,10.0,15.0,398.0,0.023658944801893962,0.0027034557553836016,411.0,0.022424671553296815
7435_liver_sham_Male_10-U1,sham,10,tierA_p95,vSMCs,il6_jak_stat3,15.0,20.0,434.0,0.020902142952939858,0.0024999865570189466,389.0,0.017694884229212827
7435_liver_sham_Male_10-U1,sham,10,tierA_p95,vSMCs,il6_jak_stat3,20.0,25.0,361.0,0.02125105263798019,0.0026076270590830604,366.0,0.02259999998355961
7435_liver_sham_Male_10-U1,sham,10,tierA_p95,vSMCs,il6_jak_stat3,25.0,30.0,301.0,0.022782458438177552,0.002760963227424918,317.0,0.022352839157630526
7435_liver_sham_Male_10-U1,sham,10,tierA_p95,vSMCs,il6_jak_stat3,30.0,35.0,287.0,0.0164897560938229,0.0027039384713569577,242.0,0.01470690092663829
7435_liver_sham_Male_10-U1,sham,10,tierA_p95,vSMCs,il6_jak_stat3,35.0,40.0,229.0,0.020468209608606423,0.0033937040929780116,194.0,0.015601752674707108
7435_liver_sham_Male_10-U1,sham,10,tierA_p95,vSMCs,il6_jak_stat3,40.0,45.0,200.0,0.021147900029882295,0.00366961079048985,173.0,0.017263757207429554
7435_liver_sham_Male_10-U1,sham,10,tierA_p95,vSMCs,il6_jak_stat3,45.0,50.0,168.0,0.010662619004636196,0.0033856619503747844,146.0,0.013330753515506394
7435_liver_sham_Male_10-U1,sham,10,tierA_p95,vSMCs,il6_jak_stat3,50.0,55.0,151.0,0.016768609169018317,0.0038049226919165294,114.0,0.01586535089626794
7435_liver_sham_Male_10-U1,sham,10,tierA_p95,vSMCs,il6_jak_stat3,55.0,60.0,89.0,0.003927752828183636,0.005067744628791129,105.0,0.016296190569465536
7435_liver_sham_Male_10-U1,sham,10,tierA_p95,vSMCs,il6_jak_stat3,60.0,65.0,92.0,0.013873477981217982,0.005025545399866435,85.0,0.02018964714156669
7435_liver_sham_Male_10-U1,sham,10,tierA_p95,vSMCs,il6_jak_stat3,65.0,70.0,48.0,0.014348541439782517,0.007510318150102946,52.0,0.022093461499585267
7435_liver_sham_Male_10-U1,sham,10,tierA_p95,vSMCs,il6_jak_stat3,70.0,75.0,49.0,0.010690204243232705,0.005646763905939733,28.0,0.002275357351339023
7435_liver_sham_Male_10-U1,sham,10,tierA_p95,vSMCs,il6_jak_stat3,75.0,80.0,29.0,0.015462758517342395,0.011043764481584417,18.0,0.0026111111898596087
7435_liver_sham_Male_10-U1,sham,10,tierA_p95,vSMCs,il6_jak_stat3,80.0,85.0,18.0,-0.008263333398240825,0.008078979088464704,16.0,-0.0010512495937291533
7435_liver_sham_Male_10-U1,sham,10,tierA_p95,vSMCs,il6_jak_stat3,85.0,90.0,15.0,-0.011447333575536808,0.00882876092020574,9.0,0.0004711108437428872
7435_liver_sham_Male_10-U1,sham,10,tierA_p95,vSMCs,il6_jak_stat3,90.0,95.0,12.0,0.0229208340557913,0.012678578797118086,4.0,0.01646750041982159
7435_liver_sham_Male_10-U1,sham,10,tierA_p95,vSMCs,il6_jak_stat3,95.0,100.0,5.0,0.058335998188704254,0.021493292974354813,8.0,0.011129999300464988
7435_liver_sham_Male_10-U1,sham,10,tierA_p95,vSMCs,interferon_response,0.0,5.0,46.0,0.03466282600698912,0.007288740965636418,232.0,0.03211271553413224
7435_liver_sham_Male_10-U1,sham,10,tierA_p95,vSMCs,interferon_response,5.0,10.0,429.0,0.0380791842446707,0.002572651895535567,452.0,0.04349619468063141
7435_liver_sham_Male_10-U1,sham,10,tierA_p95,vSMCs,interferon_response,10.0,15.0,398.0,0.035405703385120106,0.00261293486298443,411.0,0.03689995145514707
7435_liver_sham_Male_10-U1,sham,10,tierA_p95,vSMCs,interferon_response,15.0,20.0,434.0,0.03614230416454954,0.0023992957633394026,389.0,0.03657794345345631
7435_liver_sham_Male_10-U1,sham,10,tierA_p95,vSMCs,interferon_response,20.0,25.0,361.0,0.03711988939752514,0.0027867887356579483,366.0,0.035217677726885215
7435_liver_sham_Male_10-U1,sham,10,tierA_p95,vSMCs,interferon_response,25.0,30.0,301.0,0.03570598004013764,0.002701083691937552,317.0,0.03513353306118712
7435_liver_sham_Male_10-U1,sham,10,tierA_p95,vSMCs,interferon_response,30.0,35.0,287.0,0.03339832752186745,0.0027272567330170502,242.0,0.027012107502350998
7435_liver_sham_Male_10-U1,sham,10,tierA_p95,vSMCs,interferon_response,35.0,40.0,229.0,0.03931912656213672,0.0033255630239707942,194.0,0.02919969065967343
7435_liver_sham_Male_10-U1,sham,10,tierA_p95,vSMCs,interferon_response,40.0,45.0,200.0,0.03133220016119594,0.003803268510086763,173.0,0.027243583839968104
7435_liver_sham_Male_10-U1,sham,10,tierA_p95,vSMCs,interferon_response,45.0,50.0,168.0,0.02732684526043678,0.003217239251945445,146.0,0.027230821965419375
7435_liver_sham_Male_10-U1,sham,10,tierA_p95,vSMCs,interferon_response,50.0,55.0,151.0,0.024379801540172948,0.0031036157973678225,114.0,0.035043596496331715
7435_liver_sham_Male_10-U1,sham,10,tierA_p95,vSMCs,interferon_response,55.0,60.0,89.0,0.025010112415197346,0.003774716758420446,105.0,0.028099333291729204
7435_liver_sham_Male_10-U1,sham,10,tierA_p95,vSMCs,interferon_response,60.0,65.0,92.0,0.02277326087926707,0.0037435518524229464,85.0,0.025447411900934053
7435_liver_sham_Male_10-U1,sham,10,tierA_p95,vSMCs,interferon_response,65.0,70.0,48.0,0.022647499792583403,0.005164885843548441,52.0,0.03366499975807248
7435_liver_sham_Male_10-U1,sham,10,tierA_p95,vSMCs,interferon_response,70.0,75.0,49.0,0.023774081698636054,0.005335865495024175,28.0,0.017392857174854726
7435_liver_sham_Male_10-U1,sham,10,tierA_p95,vSMCs,interferon_response,75.0,80.0,29.0,0.024899309978756154,0.007387583834774461,18.0,0.010123888871425556
7435_liver_sham_Male_10-U1,sham,10,tierA_p95,vSMCs,interferon_response,80.0,85.0,18.0,0.02142388906536831,0.00769337727438929,16.0,0.01791812520241365
7435_liver_sham_Male_10-U1,sham,10,tierA_p95,vSMCs,interferon_response,85.0,90.0,15.0,0.02640800001875808,0.011687497332976405,9.0,0.03475666687720352
7435_liver_sham_Male_10-U1,sham,10,tierA_p95,vSMCs,interferon_response,90.0,95.0,12.0,0.018407500111303914,0.007112566135975431,4.0,-0.009847500070463866
7435_liver_sham_Male_10-U1,sham,10,tierA_p95,vSMCs,interferon_response,95.0,100.0,5.0,0.05171799976378679,0.013999050536626647,8.0,0.0036175004788674414
7435_liver_sham_Male_10-U1,sham,10,tierA_p95,vSMCs,oxidative_stress,0.0,5.0,46.0,0.020858695337032575,0.00951772974641183,232.0,0.02877681025783486
7435_liver_sham_Male_10-U1,sham,10,tierA_p95,vSMCs,oxidative_stress,5.0,10.0,429.0,0.041806363614949986,0.0035229720595825226,452.0,0.03963522108872983
7435_liver_sham_Male_10-U1,sham,10,tierA_p95,vSMCs,oxidative_stress,10.0,15.0,398.0,0.04661321588377287,0.003762958591966529,411.0,0.04184447689239435
7435_liver_sham_Male_10-U1,sham,10,tierA_p95,vSMCs,oxidative_stress,15.0,20.0,434.0,0.03802301827942215,0.0035803192584276393,389.0,0.043454704370025236
7435_liver_sham_Male_10-U1,sham,10,tierA_p95,vSMCs,oxidative_stress,20.0,25.0,361.0,0.03936617712297498,0.0035497004841976284,366.0,0.045329398747024324
7435_liver_sham_Male_10-U1,sham,10,tierA_p95,vSMCs,oxidative_stress,25.0,30.0,301.0,0.04722026573609429,0.004068495305158522,317.0,0.036772081845664724
7435_liver_sham_Male_10-U1,sham,10,tierA_p95,vSMCs,oxidative_stress,30.0,35.0,287.0,0.047761324019592544,0.004445127256290744,242.0,0.04606008262737666
7435_liver_sham_Male_10-U1,sham,10,tierA_p95,vSMCs,oxidative_stress,35.0,40.0,229.0,0.042505152719237695,0.004614809783304341,194.0,0.042019793777558566
7435_liver_sham_Male_10-U1,sham,10,tierA_p95,vSMCs,oxidative_stress,40.0,45.0,200.0,0.041324400366138436,0.005212642234449814,173.0,0.05172127183470229
7435_liver_sham_Male_10-U1,sham,10,tierA_p95,vSMCs,oxidative_stress,45.0,50.0,168.0,0.05292101192753762,0.006256189308385807,146.0,0.04335910950991491
7435_liver_sham_Male_10-U1,sham,10,tierA_p95,vSMCs,oxidative_stress,50.0,55.0,151.0,0.042262913871518745,0.00605708288198431,114.0,0.05533052616655161
7435_liver_sham_Male_10-U1,sham,10,tierA_p95,vSMCs,oxidative_stress,55.0,60.0,89.0,0.038613708094978876,0.007513077461611036,105.0,0.04935752396676911
7435_liver_sham_Male_10-U1,sham,10,tierA_p95,vSMCs,oxidative_stress,60.0,65.0,92.0,0.042281304250734494,0.007343970863402886,85.0,0.05404588265690322
7435_liver_sham_Male_10-U1,sham,10,tierA_p95,vSMCs,oxidative_stress,65.0,70.0,48.0,0.0366868752935261,0.009832409584085638,52.0,0.05150634633341374
7435_liver_sham_Male_10-U1,sham,10,tierA_p95,vSMCs,oxidative_stress,70.0,75.0,49.0,0.03480489812411216,0.010326075135351177,28.0,0.032171785099697967
7435_liver_sham_Male_10-U1,sham,10,tierA_p95,vSMCs,oxidative_stress,75.0,80.0,29.0,0.031374483144488825,0.014288701872896726,18.0,0.01909166649501357
7435_liver_sham_Male_10-U1,sham,10,tierA_p95,vSMCs,oxidative_stress,80.0,85.0,18.0,0.036446666448480554,0.01717568037418896,16.0,0.05161312565905973
7435_liver_sham_Male_10-U1,sham,10,tierA_p95,vSMCs,oxidative_stress,85.0,90.0,15.0,0.018095333563784757,0.013631423774576424,9.0,0.03241333339570297
7435_liver_sham_Male_10-U1,sham,10,tierA_p95,vSMCs,oxidative_stress,90.0,95.0,12.0,0.053700832572455205,0.029740133543660566,4.0,0.023245000513270497
7435_liver_sham_Male_10-U1,sham,10,tierA_p95,vSMCs,oxidative_stress,95.0,100.0,5.0,0.07765199951827526,0.03413253093669252,8.0,0.03496874962002039
7435_liver_sham_Male_10-U1,sham,10,tierA_p95,vSMCs,secondary_senescence,0.0,5.0,46.0,0.04427565200603567,0.009081783100131073,232.0,0.03389047415927554
7435_liver_sham_Male_10-U1,sham,10,tierA_p95,vSMCs,secondary_senescence,5.0,10.0,429.0,0.03148228425364944,0.0026395646806224573,452.0,0.03981380543132419
7435_liver_sham_Male_10-U1,sham,10,tierA_p95,vSMCs,secondary_senescence,10.0,15.0,398.0,0.033576407063324334,0.0026262947056362364,411.0,0.03278785891774236
7435_liver_sham_Male_10-U1,sham,10,tierA_p95,vSMCs,secondary_senescence,15.0,20.0,434.0,0.030053986188438443,0.002503957150328114,389.0,0.0305516194755274
7435_liver_sham_Male_10-U1,sham,10,tierA_p95,vSMCs,secondary_senescence,20.0,25.0,361.0,0.03348271470095116,0.002687145984549485,366.0,0.027584071015170807
7435_liver_sham_Male_10-U1,sham,10,tierA_p95,vSMCs,secondary_senescence,25.0,30.0,301.0,0.032339700855622884,0.0031921629285443977,317.0,0.02886684535999271
7435_liver_sham_Male_10-U1,sham,10,tierA_p95,vSMCs,secondary_senescence,30.0,35.0,287.0,0.02922226487495044,0.003309798438146324,242.0,0.026334462902525033
7435_liver_sham_Male_10-U1,sham,10,tierA_p95,vSMCs,secondary_senescence,35.0,40.0,229.0,0.030976375610304297,0.0033257909809953465,194.0,0.027406340155608895
7435_liver_sham_Male_10-U1,sham,10,tierA_p95,vSMCs,secondary_senescence,40.0,45.0,200.0,0.029509150085505097,0.0038509960530395773,173.0,0.0341056068557398
7435_liver_sham_Male_10-U1,sham,10,tierA_p95,vSMCs,secondary_senescence,45.0,50.0,168.0,0.020702321354509053,0.0033250234452227583,146.0,0.025974040946880137
7435_liver_sham_Male_10-U1,sham,10,tierA_p95,vSMCs,secondary_senescence,50.0,55.0,151.0,0.035401854582317094,0.00451766636594473,114.0,0.032736228092720636
7435_liver_sham_Male_10-U1,sham,10,tierA_p95,vSMCs,secondary_senescence,55.0,60.0,89.0,0.03651988758899146,0.005871493202526403,105.0,0.030662380829675213
7435_liver_sham_Male_10-U1,sham,10,tierA_p95,vSMCs,secondary_senescence,60.0,65.0,92.0,0.028017717323762,0.005773899328135571,85.0,0.03850976473802482
7435_liver_sham_Male_10-U1,sham,10,tierA_p95,vSMCs,secondary_senescence,65.0,70.0,48.0,0.025271041592228965,0.006684938484608923,52.0,0.026481730959718473
7435_liver_sham_Male_10-U1,sham,10,tierA_p95,vSMCs,secondary_senescence,70.0,75.0,49.0,0.046176530898320585,0.00834785318175272,28.0,0.019201071508827487
7435_liver_sham_Male_10-U1,sham,10,tierA_p95,vSMCs,secondary_senescence,75.0,80.0,29.0,0.015505862197485464,0.008845710483652939,18.0,0.015517777918527523
7435_liver_sham_Male_10-U1,sham,10,tierA_p95,vSMCs,secondary_senescence,80.0,85.0,18.0,0.021287777978512976,0.011730498952509702,16.0,0.012266249774256721
7435_liver_sham_Male_10-U1,sham,10,tierA_p95,vSMCs,secondary_senescence,85.0,90.0,15.0,0.015472666639834643,0.011779609457253058,9.0,0.04770000051293108
7435_liver_sham_Male_10-U1,sham,10,tierA_p95,vSMCs,secondary_senescence,90.0,95.0,12.0,0.06349583287374116,0.01359417943865277,4.0,0.02556249825283885
7435_liver_sham_Male_10-U1,sham,10,tierA_p95,vSMCs,secondary_senescence,95.0,100.0,5.0,0.02204000037163496,0.014942239980920055,8.0,0.02790125028695911
7435_liver_sham_Male_10-U1,sham,10,tierA_p95,vSMCs,tnfa_nfkb_proximal,0.0,5.0,46.0,0.016234999678841712,0.006290931241828985,232.0,0.01048461197055515
7435_liver_sham_Male_10-U1,sham,10,tierA_p95,vSMCs,tnfa_nfkb_proximal,5.0,10.0,429.0,0.009383706354510269,0.0018473222310612062,452.0,0.013264070747252651
7435_liver_sham_Male_10-U1,sham,10,tierA_p95,vSMCs,tnfa_nfkb_proximal,10.0,15.0,398.0,0.012083793918011463,0.002150562172968433,411.0,0.011265620480125775
7435_liver_sham_Male_10-U1,sham,10,tierA_p95,vSMCs,tnfa_nfkb_proximal,15.0,20.0,434.0,0.009930783373822484,0.0019622733254722725,389.0,0.007570874019197349
7435_liver_sham_Male_10-U1,sham,10,tierA_p95,vSMCs,tnfa_nfkb_proximal,20.0,25.0,361.0,0.009776481980587861,0.0019339362280504635,366.0,0.00852729510195468
7435_liver_sham_Male_10-U1,sham,10,tierA_p95,vSMCs,tnfa_nfkb_proximal,25.0,30.0,301.0,0.008558704354133119,0.0018375892242788845,317.0,0.010033627827015555
7435_liver_sham_Male_10-U1,sham,10,tierA_p95,vSMCs,tnfa_nfkb_proximal,30.0,35.0,287.0,0.006868885013007945,0.0019668105470297217,242.0,0.005954462863973434
7435_liver_sham_Male_10-U1,sham,10,tierA_p95,vSMCs,tnfa_nfkb_proximal,35.0,40.0,229.0,0.006693799160883506,0.0022583612983753075,194.0,0.009141907238877936
7435_liver_sham_Male_10-U1,sham,10,tierA_p95,vSMCs,tnfa_nfkb_proximal,40.0,45.0,200.0,0.005244549975141126,0.0021860253086886136,173.0,0.0024876301383769217
7435_liver_sham_Male_10-U1,sham,10,tierA_p95,vSMCs,tnfa_nfkb_proximal,45.0,50.0,168.0,0.004064285826448862,0.0028083153999814985,146.0,0.002669726061468867
7435_liver_sham_Male_10-U1,sham,10,tierA_p95,vSMCs,tnfa_nfkb_proximal,50.0,55.0,151.0,0.0038100000368868733,0.0026916762691171483,114.0,0.003974210414494257
7435_liver_sham_Male_10-U1,sham,10,tierA_p95,vSMCs,tnfa_nfkb_proximal,55.0,60.0,89.0,0.006830786506899141,0.0033344684197521065,105.0,0.003982000104276397
7435_liver_sham_Male_10-U1,sham,10,tierA_p95,vSMCs,tnfa_nfkb_proximal,60.0,65.0,92.0,0.0022145651926858472,0.003084755349671923,85.0,0.00493341178405578
7435_liver_sham_Male_10-U1,sham,10,tierA_p95,vSMCs,tnfa_nfkb_proximal,65.0,70.0,48.0,0.0032387499886681326,0.004577063091179684,52.0,0.00981096134301669
7435_liver_sham_Male_10-U1,sham,10,tierA_p95,vSMCs,tnfa_nfkb_proximal,70.0,75.0,49.0,0.015592041162878503,0.006537986973573792,28.0,-0.0030425000313698547
7435_liver_sham_Male_10-U1,sham,10,tierA_p95,vSMCs,tnfa_nfkb_proximal,75.0,80.0,29.0,0.0039210345825393175,0.004940301838644386,18.0,-0.0038811112754046917
7435_liver_sham_Male_10-U1,sham,10,tierA_p95,vSMCs,tnfa_nfkb_proximal,80.0,85.0,18.0,0.005786111293774512,0.007372876203422556,16.0,-0.0019149996369378641
7435_liver_sham_Male_10-U1,sham,10,tierA_p95,vSMCs,tnfa_nfkb_proximal,85.0,90.0,15.0,-0.0032313333552641175,0.0056966830997365265,9.0,-0.0012877780601330516
7435_liver_sham_Male_10-U1,sham,10,tierA_p95,vSMCs,tnfa_nfkb_proximal,90.0,95.0,12.0,0.010559999713829408,0.009314550577817075,4.0,-0.007584999897517264
7435_liver_sham_Male_10-U1,sham,10,tierA_p95,vSMCs,tnfa_nfkb_proximal,95.0,100.0,5.0,0.014271999150514603,0.014742734061939817,8.0,-0.000661250262055546
