section,call,celltype,module,null,bin_lo,bin_hi,mean,lo,hi
7259_liver_sbr_Male_26-U1,tierA_p95,Hepatocytes,downstream_arrest,N1,0.0,5.0,0.0008172825143635365,0.00018344236576681364,0.0014225464836994926
7259_liver_sbr_Male_26-U1,tierA_p95,Hepatocytes,downstream_arrest,N1,5.0,10.0,0.0013617757087298283,0.0006468901486974773,0.002089692872715508
7259_liver_sbr_Male_26-U1,tierA_p95,Hepatocytes,downstream_arrest,N1,10.0,15.0,0.0007588776264280948,0.0004338664667121236,0.0011106635532769564
7259_liver_sbr_Male_26-U1,tierA_p95,Hepatocytes,downstream_arrest,N1,15.0,20.0,0.0005712108999898813,0.0002534996560143088,0.000872279593055207
7259_liver_sbr_Male_26-U1,tierA_p95,Hepatocytes,downstream_arrest,N1,20.0,25.0,0.000613864424105139,0.0002816155236692292,0.0009723623212400484
7259_liver_sbr_Male_26-U1,tierA_p95,Hepatocytes,downstream_arrest,N1,25.0,30.0,0.0007067940859857944,0.00035116925848301746,0.0010519949005500663
7259_liver_sbr_Male_26-U1,tierA_p95,Hepatocytes,downstream_arrest,N1,30.0,35.0,0.0007822737280454337,0.00039264854687437483,0.001140880704472743
7259_liver_sbr_Male_26-U1,tierA_p95,Hepatocytes,downstream_arrest,N1,35.0,40.0,0.0008432072011582478,0.00036991027305704327,0.0013194292043046698
7259_liver_sbr_Male_26-U1,tierA_p95,Hepatocytes,downstream_arrest,N1,40.0,45.0,0.0009079144473242239,0.0003829729211371362,0.0014523704008058734
7259_liver_sbr_Male_26-U1,tierA_p95,Hepatocytes,downstream_arrest,N1,45.0,50.0,0.000977370717634905,0.00031759371089179115,0.0016355641747241563
7259_liver_sbr_Male_26-U1,tierA_p95,Hepatocytes,downstream_arrest,N1,50.0,55.0,0.0010118192797274265,0.00018285252637710998,0.0018148799702017958
7259_liver_sbr_Male_26-U1,tierA_p95,Hepatocytes,downstream_arrest,N1,55.0,60.0,0.0012023403655531248,0.00016136478273058157,0.002244019476385411
7259_liver_sbr_Male_26-U1,tierA_p95,Hepatocytes,downstream_arrest,N1,60.0,65.0,0.0012647031698448778,-0.00013531534713508855,0.0026402069848820244
7259_liver_sbr_Male_26-U1,tierA_p95,Hepatocytes,downstream_arrest,N1,65.0,70.0,0.0013867222740231574,-0.00043169036621994254,0.003092729334734153
7259_liver_sbr_Male_26-U1,tierA_p95,Hepatocytes,downstream_arrest,N1,70.0,75.0,0.0016745638840106548,-0.0006970897368120244,0.004219361113298487
7259_liver_sbr_Male_26-U1,tierA_p95,Hepatocytes,downstream_arrest,N1,75.0,80.0,0.0016567434996568782,-0.0017104783456321753,0.00504425040639203
7259_liver_sbr_Male_26-U1,tierA_p95,Hepatocytes,downstream_arrest,N1,80.0,85.0,0.002149524932264536,-0.002505336499661308,0.006501448042243551
7259_liver_sbr_Male_26-U1,tierA_p95,Hepatocytes,downstream_arrest,N1,85.0,90.0,0.002411017738371294,-0.0038193833289309016,0.009421558639867437
7259_liver_sbr_Male_26-U1,tierA_p95,Hepatocytes,downstream_arrest,N1,90.0,95.0,0.002014951924176879,-0.007256125138374045,0.010988333465259832
7259_liver_sbr_Male_26-U1,tierA_p95,Hepatocytes,downstream_arrest,N1,95.0,100.0,0.0007481732500502186,-0.007811316695103112,0.008540057666444525
7259_liver_sbr_Male_26-U1,tierA_p95,Hepatocytes,emt_ecm,N1,0.0,5.0,0.012802900928716965,0.011920080839796218,0.01369755900814817
7259_liver_sbr_Male_26-U1,tierA_p95,Hepatocytes,emt_ecm,N1,5.0,10.0,0.017329243337275934,0.016149465803701746,0.01853187901505092
7259_liver_sbr_Male_26-U1,tierA_p95,Hepatocytes,emt_ecm,N1,10.0,15.0,0.01358349943348215,0.01301058011304398,0.014116393278224037
7259_liver_sbr_Male_26-U1,tierA_p95,Hepatocytes,emt_ecm,N1,15.0,20.0,0.012741527221720327,0.01221311057802197,0.013266191604624824
7259_liver_sbr_Male_26-U1,tierA_p95,Hepatocytes,emt_ecm,N1,20.0,25.0,0.012481808492950495,0.012012159295848151,0.012988932054517874
7259_liver_sbr_Male_26-U1,tierA_p95,Hepatocytes,emt_ecm,N1,25.0,30.0,0.012357867798722694,0.011808537190376509,0.012914435453022781
7259_liver_sbr_Male_26-U1,tierA_p95,Hepatocytes,emt_ecm,N1,30.0,35.0,0.01228455929377987,0.011693522873926504,0.012911037204096367
7259_liver_sbr_Male_26-U1,tierA_p95,Hepatocytes,emt_ecm,N1,35.0,40.0,0.012003306119386803,0.01130549367444731,0.012664176230977677
7259_liver_sbr_Male_26-U1,tierA_p95,Hepatocytes,emt_ecm,N1,40.0,45.0,0.011845278886218672,0.011069936446578003,0.01270473499585238
7259_liver_sbr_Male_26-U1,tierA_p95,Hepatocytes,emt_ecm,N1,45.0,50.0,0.011538690913606068,0.010555984461724302,0.01257077090929006
7259_liver_sbr_Male_26-U1,tierA_p95,Hepatocytes,emt_ecm,N1,50.0,55.0,0.011435269993033811,0.010163907450025262,0.012712277248657975
7259_liver_sbr_Male_26-U1,tierA_p95,Hepatocytes,emt_ecm,N1,55.0,60.0,0.011254249664449921,0.009653340176197978,0.012866009591787466
7259_liver_sbr_Male_26-U1,tierA_p95,Hepatocytes,emt_ecm,N1,60.0,65.0,0.010896463594243623,0.008806177451576233,0.013134439095105772
7259_liver_sbr_Male_26-U1,tierA_p95,Hepatocytes,emt_ecm,N1,65.0,70.0,0.010734804708370542,0.008229674729513043,0.013658529805895969
7259_liver_sbr_Male_26-U1,tierA_p95,Hepatocytes,emt_ecm,N1,70.0,75.0,0.010533296069987702,0.007235108217914186,0.014021870202363685
7259_liver_sbr_Male_26-U1,tierA_p95,Hepatocytes,emt_ecm,N1,75.0,80.0,0.01024298739277634,0.005765227973076889,0.015370333233047229
7259_liver_sbr_Male_26-U1,tierA_p95,Hepatocytes,emt_ecm,N1,80.0,85.0,0.00983008990551523,0.004196600778632947,0.016560440606884764
7259_liver_sbr_Male_26-U1,tierA_p95,Hepatocytes,emt_ecm,N1,85.0,90.0,0.009645966243650593,0.001252264162917527,0.020486744846501974
7259_liver_sbr_Male_26-U1,tierA_p95,Hepatocytes,emt_ecm,N1,90.0,95.0,0.009648980542493532,-0.0017230833662324585,0.024396749438892584
7259_liver_sbr_Male_26-U1,tierA_p95,Hepatocytes,emt_ecm,N1,95.0,100.0,0.010856855420469035,0.001511022517248795,0.023784874973352993
7259_liver_sbr_Male_26-U1,tierA_p95,Hepatocytes,il6_jak_stat3,N1,0.0,5.0,-0.009287915471649939,-0.010200752611564095,-0.008358029134379852
7259_liver_sbr_Male_26-U1,tierA_p95,Hepatocytes,il6_jak_stat3,N1,5.0,10.0,-0.007316855591237081,-0.008465377789562103,-0.006148770378640233
7259_liver_sbr_Male_26-U1,tierA_p95,Hepatocytes,il6_jak_stat3,N1,10.0,15.0,-0.009118714180671542,-0.009651997701074782,-0.00855994182445162
7259_liver_sbr_Male_26-U1,tierA_p95,Hepatocytes,il6_jak_stat3,N1,15.0,20.0,-0.009401495400569433,-0.009871436068994889,-0.008923091852077807
7259_liver_sbr_Male_26-U1,tierA_p95,Hepatocytes,il6_jak_stat3,N1,20.0,25.0,-0.00943749281493239,-0.009942024436269936,-0.00895186039137832
7259_liver_sbr_Male_26-U1,tierA_p95,Hepatocytes,il6_jak_stat3,N1,25.0,30.0,-0.009585620020224804,-0.010148321809031906,-0.009074645078892838
7259_liver_sbr_Male_26-U1,tierA_p95,Hepatocytes,il6_jak_stat3,N1,30.0,35.0,-0.009609158667224872,-0.010130821294613474,-0.008993406799711192
7259_liver_sbr_Male_26-U1,tierA_p95,Hepatocytes,il6_jak_stat3,N1,35.0,40.0,-0.00972130565014698,-0.01036044115550923,-0.009050141561029923
7259_liver_sbr_Male_26-U1,tierA_p95,Hepatocytes,il6_jak_stat3,N1,40.0,45.0,-0.009780504108463234,-0.010621034121653763,-0.00899996309273765
7259_liver_sbr_Male_26-U1,tierA_p95,Hepatocytes,il6_jak_stat3,N1,45.0,50.0,-0.009867069362032318,-0.010867751332837667,-0.008911606270953954
7259_liver_sbr_Male_26-U1,tierA_p95,Hepatocytes,il6_jak_stat3,N1,50.0,55.0,-0.010000044882206223,-0.011263200949807997,-0.008765264461345236
7259_liver_sbr_Male_26-U1,tierA_p95,Hepatocytes,il6_jak_stat3,N1,55.0,60.0,-0.009983267327822459,-0.01148232913754743,-0.008380536721513673
7259_liver_sbr_Male_26-U1,tierA_p95,Hepatocytes,il6_jak_stat3,N1,60.0,65.0,-0.010076190079198048,-0.012040435489768953,-0.008224329937156499
7259_liver_sbr_Male_26-U1,tierA_p95,Hepatocytes,il6_jak_stat3,N1,65.0,70.0,-0.010157750856480437,-0.012928865885363877,-0.00751480638107844
7259_liver_sbr_Male_26-U1,tierA_p95,Hepatocytes,il6_jak_stat3,N1,70.0,75.0,-0.010337357430845526,-0.013924571207354105,-0.0066410616879934315
7259_liver_sbr_Male_26-U1,tierA_p95,Hepatocytes,il6_jak_stat3,N1,75.0,80.0,-0.010078831224687066,-0.014979783093672431,-0.005040083753816178
7259_liver_sbr_Male_26-U1,tierA_p95,Hepatocytes,il6_jak_stat3,N1,80.0,85.0,-0.010593683831265735,-0.017041855445325188,-0.0037496652818845184
7259_liver_sbr_Male_26-U1,tierA_p95,Hepatocytes,il6_jak_stat3,N1,85.0,90.0,-0.011321511271489662,-0.020652087404813387,-0.0014500208802979218
7259_liver_sbr_Male_26-U1,tierA_p95,Hepatocytes,il6_jak_stat3,N1,90.0,95.0,-0.01149597643851597,-0.025040888796663947,0.0033323748422844834
7259_liver_sbr_Male_26-U1,tierA_p95,Hepatocytes,il6_jak_stat3,N1,95.0,100.0,-0.012107853689103887,-0.030453450000883703,0.0014559203122850857
7259_liver_sbr_Male_26-U1,tierA_p95,Hepatocytes,interferon_response,N1,0.0,5.0,0.006490359358982629,0.005671166989231728,0.007303561768372827
7259_liver_sbr_Male_26-U1,tierA_p95,Hepatocytes,interferon_response,N1,5.0,10.0,0.009253937722036375,0.008165126812404845,0.010288687564113712
7259_liver_sbr_Male_26-U1,tierA_p95,Hepatocytes,interferon_response,N1,10.0,15.0,0.007106646442728637,0.006580187704447163,0.007616943482434312
7259_liver_sbr_Male_26-U1,tierA_p95,Hepatocytes,interferon_response,N1,15.0,20.0,0.006518700078846175,0.006072011671866867,0.006982466021198936
7259_liver_sbr_Male_26-U1,tierA_p95,Hepatocytes,interferon_response,N1,20.0,25.0,0.006325024775121121,0.0058555262523874345,0.00679806182322093
7259_liver_sbr_Male_26-U1,tierA_p95,Hepatocytes,interferon_response,N1,25.0,30.0,0.006194507559910519,0.005694045084579064,0.006669872440222785
7259_liver_sbr_Male_26-U1,tierA_p95,Hepatocytes,interferon_response,N1,30.0,35.0,0.006084177394235792,0.005550712828345616,0.0066537543085192444
7259_liver_sbr_Male_26-U1,tierA_p95,Hepatocytes,interferon_response,N1,35.0,40.0,0.005838477716312726,0.005237921033926486,0.006473159449708829
7259_liver_sbr_Male_26-U1,tierA_p95,Hepatocytes,interferon_response,N1,40.0,45.0,0.005698689853764153,0.004976440817810962,0.0064390383470700596
7259_liver_sbr_Male_26-U1,tierA_p95,Hepatocytes,interferon_response,N1,45.0,50.0,0.00549081110290622,0.004582411729700926,0.006415847409141345
7259_liver_sbr_Male_26-U1,tierA_p95,Hepatocytes,interferon_response,N1,50.0,55.0,0.005335371755450987,0.004204696894302076,0.006444450641709415
7259_liver_sbr_Male_26-U1,tierA_p95,Hepatocytes,interferon_response,N1,55.0,60.0,0.00519680404397911,0.003789150886762029,0.006662126638495404
7259_liver_sbr_Male_26-U1,tierA_p95,Hepatocytes,interferon_response,N1,60.0,65.0,0.004966508500259971,0.003192161039445847,0.006733896958133104
7259_liver_sbr_Male_26-U1,tierA_p95,Hepatocytes,interferon_response,N1,65.0,70.0,0.004701017184913935,0.0023765958312899895,0.007000985580834942
7259_liver_sbr_Male_26-U1,tierA_p95,Hepatocytes,interferon_response,N1,70.0,75.0,0.004634729035063383,0.0012194940482395306,0.008088677150457937
7259_liver_sbr_Male_26-U1,tierA_p95,Hepatocytes,interferon_response,N1,75.0,80.0,0.004604067822455669,0.00035034729904220754,0.00945947595914719
7259_liver_sbr_Male_26-U1,tierA_p95,Hepatocytes,interferon_response,N1,80.0,85.0,0.004122918980564771,-0.0013342340738083955,0.01016333820403204
7259_liver_sbr_Male_26-U1,tierA_p95,Hepatocytes,interferon_response,N1,85.0,90.0,0.004028479807987867,-0.0048935157511550646,0.012770208245638058
7259_liver_sbr_Male_26-U1,tierA_p95,Hepatocytes,interferon_response,N1,90.0,95.0,0.004069424121382951,-0.008366500318516046,0.016512874991167346
7259_liver_sbr_Male_26-U1,tierA_p95,Hepatocytes,interferon_response,N1,95.0,100.0,0.003681756596651466,-0.006803940433827746,0.015403083131795494
7259_liver_sbr_Male_26-U1,tierA_p95,Hepatocytes,oxidative_stress,N1,0.0,5.0,0.10041842395808313,0.0983559299081222,0.10249050100850016
7259_liver_sbr_Male_26-U1,tierA_p95,Hepatocytes,oxidative_stress,N1,5.0,10.0,0.09664331047351805,0.09407630051973856,0.099271212889785
7259_liver_sbr_Male_26-U1,tierA_p95,Hepatocytes,oxidative_stress,N1,10.0,15.0,0.10054135301522998,0.09935121121952763,0.10177720779488998
7259_liver_sbr_Male_26-U1,tierA_p95,Hepatocytes,oxidative_stress,N1,15.0,20.0,0.1012255140901224,0.10010401859997037,0.10225247785959138
7259_liver_sbr_Male_26-U1,tierA_p95,Hepatocytes,oxidative_stress,N1,20.0,25.0,0.1012469614872853,0.10015372804568468,0.10231283735339872
7259_liver_sbr_Male_26-U1,tierA_p95,Hepatocytes,oxidative_stress,N1,25.0,30.0,0.10113778378467564,0.09993708539807714,0.10233605961603989
7259_liver_sbr_Male_26-U1,tierA_p95,Hepatocytes,oxidative_stress,N1,30.0,35.0,0.1010684834350239,0.09975393988038261,0.10241642214525432
7259_liver_sbr_Male_26-U1,tierA_p95,Hepatocytes,oxidative_stress,N1,35.0,40.0,0.10088557909799056,0.09923345912135786,0.10242417026453489
7259_liver_sbr_Male_26-U1,tierA_p95,Hepatocytes,oxidative_stress,N1,40.0,45.0,0.10100628281464549,0.09916394241181908,0.10290567885935899
7259_liver_sbr_Male_26-U1,tierA_p95,Hepatocytes,oxidative_stress,N1,45.0,50.0,0.10096556585544696,0.09877117853396646,0.1033156849813983
7259_liver_sbr_Male_26-U1,tierA_p95,Hepatocytes,oxidative_stress,N1,50.0,55.0,0.10078542180959926,0.0978867021578232,0.10353645306755568
7259_liver_sbr_Male_26-U1,tierA_p95,Hepatocytes,oxidative_stress,N1,55.0,60.0,0.10074457341506203,0.09726183118525622,0.10431656964060709
7259_liver_sbr_Male_26-U1,tierA_p95,Hepatocytes,oxidative_stress,N1,60.0,65.0,0.10054371921146071,0.09591778909017445,0.10497008274281788
7259_liver_sbr_Male_26-U1,tierA_p95,Hepatocytes,oxidative_stress,N1,65.0,70.0,0.10047835413161763,0.09452450776222503,0.10661239240885326
7259_liver_sbr_Male_26-U1,tierA_p95,Hepatocytes,oxidative_stress,N1,70.0,75.0,0.10055040103525886,0.0925439859123866,0.10862594822489428
7259_liver_sbr_Male_26-U1,tierA_p95,Hepatocytes,oxidative_stress,N1,75.0,80.0,0.09985427734888347,0.08808854252293852,0.11153710125784935
7259_liver_sbr_Male_26-U1,tierA_p95,Hepatocytes,oxidative_stress,N1,80.0,85.0,0.10038298391802943,0.08397301635860156,0.11505653692413895
7259_liver_sbr_Male_26-U1,tierA_p95,Hepatocytes,oxidative_stress,N1,85.0,90.0,0.100320822514963,0.07803573000736612,0.12142254152290878
7259_liver_sbr_Male_26-U1,tierA_p95,Hepatocytes,oxidative_stress,N1,90.0,95.0,0.0983153721656387,0.06664728508996112,0.13037689361455188
7259_liver_sbr_Male_26-U1,tierA_p95,Hepatocytes,oxidative_stress,N1,95.0,100.0,0.08108518854989148,0.018982915813103317,0.11863970969918003
7259_liver_sbr_Male_26-U1,tierA_p95,Hepatocytes,secondary_senescence,N1,0.0,5.0,0.032923015101067585,0.0321192264997415,0.033764148617080346
7259_liver_sbr_Male_26-U1,tierA_p95,Hepatocytes,secondary_senescence,N1,5.0,10.0,0.03274389005345706,0.031824958678046786,0.03363993894914674
7259_liver_sbr_Male_26-U1,tierA_p95,Hepatocytes,secondary_senescence,N1,10.0,15.0,0.033253060069217244,0.03276701300159652,0.033717964749967654
7259_liver_sbr_Male_26-U1,tierA_p95,Hepatocytes,secondary_senescence,N1,15.0,20.0,0.03314410276988652,0.03276181011398936,0.03354798214491994
7259_liver_sbr_Male_26-U1,tierA_p95,Hepatocytes,secondary_senescence,N1,20.0,25.0,0.033011869028362825,0.03258087055631516,0.03341401406277771
7259_liver_sbr_Male_26-U1,tierA_p95,Hepatocytes,secondary_senescence,N1,25.0,30.0,0.03296522684476019,0.03252732944575096,0.03342542129606388
7259_liver_sbr_Male_26-U1,tierA_p95,Hepatocytes,secondary_senescence,N1,30.0,35.0,0.03298728418711319,0.0324760409972385,0.03350238922074263
7259_liver_sbr_Male_26-U1,tierA_p95,Hepatocytes,secondary_senescence,N1,35.0,40.0,0.03291385619247805,0.0323399208096044,0.03353307132576979
7259_liver_sbr_Male_26-U1,tierA_p95,Hepatocytes,secondary_senescence,N1,40.0,45.0,0.032877156744706086,0.032181055391021444,0.033584168709761955
7259_liver_sbr_Male_26-U1,tierA_p95,Hepatocytes,secondary_senescence,N1,45.0,50.0,0.03276917794614627,0.03193736194878175,0.033603946700044504
7259_liver_sbr_Male_26-U1,tierA_p95,Hepatocytes,secondary_senescence,N1,50.0,55.0,0.03272124222436923,0.03169596046986905,0.0338132386643725
7259_liver_sbr_Male_26-U1,tierA_p95,Hepatocytes,secondary_senescence,N1,55.0,60.0,0.03264691735949387,0.031332424071268634,0.033946999780981375
7259_liver_sbr_Male_26-U1,tierA_p95,Hepatocytes,secondary_senescence,N1,60.0,65.0,0.032425732707263774,0.030812748140592258,0.03417790806775918
7259_liver_sbr_Male_26-U1,tierA_p95,Hepatocytes,secondary_senescence,N1,65.0,70.0,0.032479892361797894,0.030315241825290194,0.034740110728435136
7259_liver_sbr_Male_26-U1,tierA_p95,Hepatocytes,secondary_senescence,N1,70.0,75.0,0.0321962213659838,0.029139158298791105,0.03544231248380324
7259_liver_sbr_Male_26-U1,tierA_p95,Hepatocytes,secondary_senescence,N1,75.0,80.0,0.0322282724528525,0.027868809325153794,0.03658555785713383
7259_liver_sbr_Male_26-U1,tierA_p95,Hepatocytes,secondary_senescence,N1,80.0,85.0,0.03183088479073979,0.02598984558353107,0.037928675498345235
7259_liver_sbr_Male_26-U1,tierA_p95,Hepatocytes,secondary_senescence,N1,85.0,90.0,0.031469946975907936,0.023197198219661784,0.039520750692803655
7259_liver_sbr_Male_26-U1,tierA_p95,Hepatocytes,secondary_senescence,N1,90.0,95.0,0.03128726988234671,0.01886050011445251,0.043863374413922435
7259_liver_sbr_Male_26-U1,tierA_p95,Hepatocytes,secondary_senescence,N1,95.0,100.0,0.029340187577227592,0.020075821434784303,0.03965517448746791
7259_liver_sbr_Male_26-U1,tierA_p95,Hepatocytes,tnfa_nfkb_proximal,N1,0.0,5.0,-0.00038410732862251685,-0.0010939020343062593,0.00033592150607047934
7259_liver_sbr_Male_26-U1,tierA_p95,Hepatocytes,tnfa_nfkb_proximal,N1,5.0,10.0,0.00010655559472504463,-0.0008560807432975347,0.0009619739172666932
7259_liver_sbr_Male_26-U1,tierA_p95,Hepatocytes,tnfa_nfkb_proximal,N1,10.0,15.0,-0.00029508689909043086,-0.0007156025497163299,0.00014037959362325422
7259_liver_sbr_Male_26-U1,tierA_p95,Hepatocytes,tnfa_nfkb_proximal,N1,15.0,20.0,-0.00036897734413379626,-0.000773192594892006,4.153507414563033e-05
7259_liver_sbr_Male_26-U1,tierA_p95,Hepatocytes,tnfa_nfkb_proximal,N1,20.0,25.0,-0.0004447079287384218,-0.0008330922568291867,-4.976349937297721e-05
7259_liver_sbr_Male_26-U1,tierA_p95,Hepatocytes,tnfa_nfkb_proximal,N1,25.0,30.0,-0.0004977873180447128,-0.000891438468888519,-9.599297810134206e-05
7259_liver_sbr_Male_26-U1,tierA_p95,Hepatocytes,tnfa_nfkb_proximal,N1,30.0,35.0,-0.0005108743471377981,-0.0009725535007671096,-4.9286752629531874e-05
7259_liver_sbr_Male_26-U1,tierA_p95,Hepatocytes,tnfa_nfkb_proximal,N1,35.0,40.0,-0.0005470313133370488,-0.001066958604119576,-3.104768874437269e-05
7259_liver_sbr_Male_26-U1,tierA_p95,Hepatocytes,tnfa_nfkb_proximal,N1,40.0,45.0,-0.0005336065589523768,-0.0011752327892262974,0.00015090369884708524
7259_liver_sbr_Male_26-U1,tierA_p95,Hepatocytes,tnfa_nfkb_proximal,N1,45.0,50.0,-0.0006334818705593254,-0.0014265306480655262,0.00012209383351906585
7259_liver_sbr_Male_26-U1,tierA_p95,Hepatocytes,tnfa_nfkb_proximal,N1,50.0,55.0,-0.0006435336549537396,-0.0015624788982763213,0.00030624217982826125
7259_liver_sbr_Male_26-U1,tierA_p95,Hepatocytes,tnfa_nfkb_proximal,N1,55.0,60.0,-0.0006732247102315299,-0.001881247671750761,0.0006906571079218523
7259_liver_sbr_Male_26-U1,tierA_p95,Hepatocytes,tnfa_nfkb_proximal,N1,60.0,65.0,-0.0007502512409432777,-0.0022440244511113014,0.0008196182417971916
7259_liver_sbr_Male_26-U1,tierA_p95,Hepatocytes,tnfa_nfkb_proximal,N1,65.0,70.0,-0.0007896713541043827,-0.002731278811997279,0.001316294231007598
7259_liver_sbr_Male_26-U1,tierA_p95,Hepatocytes,tnfa_nfkb_proximal,N1,70.0,75.0,-0.0009266697884233322,-0.003563164787300843,0.0018887851033315608
7259_liver_sbr_Male_26-U1,tierA_p95,Hepatocytes,tnfa_nfkb_proximal,N1,75.0,80.0,-0.001013407203629629,-0.00442674609973962,0.0029643635584155462
7259_liver_sbr_Male_26-U1,tierA_p95,Hepatocytes,tnfa_nfkb_proximal,N1,80.0,85.0,-0.0012083688621775898,-0.006306034070778631,0.0037463343616951843
7259_liver_sbr_Male_26-U1,tierA_p95,Hepatocytes,tnfa_nfkb_proximal,N1,85.0,90.0,-0.001453971453408489,-0.008845011916439815,0.006395657004667599
7259_liver_sbr_Male_26-U1,tierA_p95,Hepatocytes,tnfa_nfkb_proximal,N1,90.0,95.0,-0.0014180139521773663,-0.011065300075570121,0.009884049694519491
7259_liver_sbr_Male_26-U1,tierA_p95,Hepatocytes,tnfa_nfkb_proximal,N1,95.0,100.0,-0.0024400084835112107,-0.01035139312876517,0.006148468541005056
7259_liver_sbr_Male_26-U1,tierA_p95,Hepatocytes,downstream_arrest,N3,0.0,5.0,0.000781159426110078,-0.0003124048889595234,0.0019991266899383937
7259_liver_sbr_Male_26-U1,tierA_p95,Hepatocytes,downstream_arrest,N3,5.0,10.0,0.0007874129998543407,-1.750970144429552e-06,0.001764117364382468
7259_liver_sbr_Male_26-U1,tierA_p95,Hepatocytes,downstream_arrest,N3,10.0,15.0,0.0007884299440397101,9.656716899883398e-05,0.0016380534139348142
7259_liver_sbr_Male_26-U1,tierA_p95,Hepatocytes,downstream_arrest,N3,15.0,20.0,0.000781739217304504,0.00011712337357409295,0.0015268331283778826
7259_liver_sbr_Male_26-U1,tierA_p95,Hepatocytes,downstream_arrest,N3,20.0,25.0,0.0007960225650070582,0.00017666612461553473,0.0015302985938261784
7259_liver_sbr_Male_26-U1,tierA_p95,Hepatocytes,downstream_arrest,N3,25.0,30.0,0.0007806679033010988,9.739769903820654e-05,0.0015413490324512468
7259_liver_sbr_Male_26-U1,tierA_p95,Hepatocytes,downstream_arrest,N3,30.0,35.0,0.0007840138542948809,0.0001223852877139791,0.0015417233144921563
7259_liver_sbr_Male_26-U1,tierA_p95,Hepatocytes,downstream_arrest,N3,35.0,40.0,0.0007782337340966738,8.400018258738103e-05,0.0016211675861709995
7259_liver_sbr_Male_26-U1,tierA_p95,Hepatocytes,downstream_arrest,N3,40.0,45.0,0.0007839334915710756,1.2046994366423726e-05,0.0016221510420392027
7259_liver_sbr_Male_26-U1,tierA_p95,Hepatocytes,downstream_arrest,N3,45.0,50.0,0.0007632827217058964,-0.00012754608895182253,0.0016728769116897335
7259_liver_sbr_Male_26-U1,tierA_p95,Hepatocytes,downstream_arrest,N3,50.0,55.0,0.0007774485275057727,-0.00024713763832138726,0.00178405803377103
7259_liver_sbr_Male_26-U1,tierA_p95,Hepatocytes,downstream_arrest,N3,55.0,60.0,0.0007856322975646236,-0.0003409316302925905,0.0018637051983330685
7259_liver_sbr_Male_26-U1,tierA_p95,Hepatocytes,downstream_arrest,N3,60.0,65.0,0.0008224425662602724,-0.0003360260877130646,0.0021019689861111
7259_liver_sbr_Male_26-U1,tierA_p95,Hepatocytes,downstream_arrest,N3,65.0,70.0,0.0008174557820229729,-0.0005563156188011499,0.0022644539031949572
7259_liver_sbr_Male_26-U1,tierA_p95,Hepatocytes,downstream_arrest,N3,70.0,75.0,0.0008294621748329037,-0.0007509879643497592,0.0023940867078620872
7259_liver_sbr_Male_26-U1,tierA_p95,Hepatocytes,downstream_arrest,N3,75.0,80.0,0.0007544328894254314,-0.0010202610609555333,0.002451044937495511
7259_liver_sbr_Male_26-U1,tierA_p95,Hepatocytes,downstream_arrest,N3,80.0,85.0,0.0007356507045641602,-0.0011069679001243435,0.002662910246219642
7259_liver_sbr_Male_26-U1,tierA_p95,Hepatocytes,downstream_arrest,N3,85.0,90.0,0.0007620249831814004,-0.001431454220108344,0.002736481274197278
7259_liver_sbr_Male_26-U1,tierA_p95,Hepatocytes,downstream_arrest,N3,90.0,95.0,0.0007378181999591577,-0.0013123009614537731,0.0027901518288337367
7259_liver_sbr_Male_26-U1,tierA_p95,Hepatocytes,downstream_arrest,N3,95.0,100.0,0.0007658442517846805,-0.0005975503766121599,0.0015847016864953738
7259_liver_sbr_Male_26-U1,tierA_p95,Hepatocytes,emt_ecm,N3,0.0,5.0,0.012575374329306653,0.010646448224075209,0.014532227215628576
7259_liver_sbr_Male_26-U1,tierA_p95,Hepatocytes,emt_ecm,N3,5.0,10.0,0.012638550853666629,0.01114808992271393,0.014329447155380376
7259_liver_sbr_Male_26-U1,tierA_p95,Hepatocytes,emt_ecm,N3,10.0,15.0,0.012636386168583619,0.011304036732637877,0.014161947828804429
7259_liver_sbr_Male_26-U1,tierA_p95,Hepatocytes,emt_ecm,N3,15.0,20.0,0.012624295367743848,0.011311352478641354,0.013973414349405435
7259_liver_sbr_Male_26-U1,tierA_p95,Hepatocytes,emt_ecm,N3,20.0,25.0,0.012642661450010232,0.011321969986331183,0.013971473407037943
7259_liver_sbr_Male_26-U1,tierA_p95,Hepatocytes,emt_ecm,N3,25.0,30.0,0.012610769669146288,0.01127047936412206,0.013945802576720718
7259_liver_sbr_Male_26-U1,tierA_p95,Hepatocytes,emt_ecm,N3,30.0,35.0,0.012636821965921934,0.01125105488504262,0.013888058750762365
7259_liver_sbr_Male_26-U1,tierA_p95,Hepatocytes,emt_ecm,N3,35.0,40.0,0.012599470237219211,0.011151159056724941,0.013931096693605823
7259_liver_sbr_Male_26-U1,tierA_p95,Hepatocytes,emt_ecm,N3,40.0,45.0,0.012627748676372196,0.011102878961616004,0.0140412187053607
7259_liver_sbr_Male_26-U1,tierA_p95,Hepatocytes,emt_ecm,N3,45.0,50.0,0.012628244794152149,0.011017335731659816,0.014151244711276136
7259_liver_sbr_Male_26-U1,tierA_p95,Hepatocytes,emt_ecm,N3,50.0,55.0,0.01263479163186374,0.011072912787501403,0.014487055141328904
7259_liver_sbr_Male_26-U1,tierA_p95,Hepatocytes,emt_ecm,N3,55.0,60.0,0.012657042538636297,0.01094442438060388,0.014670461074696602
7259_liver_sbr_Male_26-U1,tierA_p95,Hepatocytes,emt_ecm,N3,60.0,65.0,0.012582265943595267,0.010475597637147449,0.014864618352837167
7259_liver_sbr_Male_26-U1,tierA_p95,Hepatocytes,emt_ecm,N3,65.0,70.0,0.01258911121979115,0.010272647654958634,0.015298385221218052
7259_liver_sbr_Male_26-U1,tierA_p95,Hepatocytes,emt_ecm,N3,70.0,75.0,0.012535355108785791,0.010044127656148046,0.015401375322539242
7259_liver_sbr_Male_26-U1,tierA_p95,Hepatocytes,emt_ecm,N3,75.0,80.0,0.012558206545073287,0.009684743096965208,0.015636045983713966
7259_liver_sbr_Male_26-U1,tierA_p95,Hepatocytes,emt_ecm,N3,80.0,85.0,0.012611417980595991,0.009672181196246847,0.015858548119103377
7259_liver_sbr_Male_26-U1,tierA_p95,Hepatocytes,emt_ecm,N3,85.0,90.0,0.012584002131548302,0.00955086948400748,0.01668162117782594
7259_liver_sbr_Male_26-U1,tierA_p95,Hepatocytes,emt_ecm,N3,90.0,95.0,0.012649999460669028,0.00916046991400302,0.016633368083986976
7259_liver_sbr_Male_26-U1,tierA_p95,Hepatocytes,emt_ecm,N3,95.0,100.0,0.012563685279116667,0.010833808680098927,0.014942360098237021
7259_liver_sbr_Male_26-U1,tierA_p95,Hepatocytes,il6_jak_stat3,N3,0.0,5.0,-0.009470215633752926,-0.01114362162801825,-0.007684177144045608
7259_liver_sbr_Male_26-U1,tierA_p95,Hepatocytes,il6_jak_stat3,N3,5.0,10.0,-0.009427844232870072,-0.010639039621125623,-0.00811668750955045
7259_liver_sbr_Male_26-U1,tierA_p95,Hepatocytes,il6_jak_stat3,N3,10.0,15.0,-0.009432402604276722,-0.01046401365460527,-0.008297222423814197
7259_liver_sbr_Male_26-U1,tierA_p95,Hepatocytes,il6_jak_stat3,N3,15.0,20.0,-0.009422438527587961,-0.010347142375953713,-0.008388771516403363
7259_liver_sbr_Male_26-U1,tierA_p95,Hepatocytes,il6_jak_stat3,N3,20.0,25.0,-0.009442689149300996,-0.010445548231675025,-0.008332644131653534
7259_liver_sbr_Male_26-U1,tierA_p95,Hepatocytes,il6_jak_stat3,N3,25.0,30.0,-0.009433901962076798,-0.010437683395170018,-0.008346333033432358
7259_liver_sbr_Male_26-U1,tierA_p95,Hepatocytes,il6_jak_stat3,N3,30.0,35.0,-0.009443504678020378,-0.010401117410933153,-0.008360233332460934
7259_liver_sbr_Male_26-U1,tierA_p95,Hepatocytes,il6_jak_stat3,N3,35.0,40.0,-0.009430079335780696,-0.010486172777238345,-0.00841760427034628
7259_liver_sbr_Male_26-U1,tierA_p95,Hepatocytes,il6_jak_stat3,N3,40.0,45.0,-0.009441198163220138,-0.010618621471199319,-0.00815483896850109
7259_liver_sbr_Male_26-U1,tierA_p95,Hepatocytes,il6_jak_stat3,N3,45.0,50.0,-0.009406687308231645,-0.010677781281821038,-0.008148507628493633
7259_liver_sbr_Male_26-U1,tierA_p95,Hepatocytes,il6_jak_stat3,N3,50.0,55.0,-0.009445265085661628,-0.01088593821012025,-0.007981053790389837
7259_liver_sbr_Male_26-U1,tierA_p95,Hepatocytes,il6_jak_stat3,N3,55.0,60.0,-0.009470355326984436,-0.011084107300154973,-0.007704325901215223
7259_liver_sbr_Male_26-U1,tierA_p95,Hepatocytes,il6_jak_stat3,N3,60.0,65.0,-0.009439410338437319,-0.011236905208139542,-0.007526840234757752
7259_liver_sbr_Male_26-U1,tierA_p95,Hepatocytes,il6_jak_stat3,N3,65.0,70.0,-0.009442038155344893,-0.011537564983404754,-0.0072729926259704645
7259_liver_sbr_Male_26-U1,tierA_p95,Hepatocytes,il6_jak_stat3,N3,70.0,75.0,-0.009521022498191535,-0.011743576205545904,-0.006967120422788627
7259_liver_sbr_Male_26-U1,tierA_p95,Hepatocytes,il6_jak_stat3,N3,75.0,80.0,-0.0094474463132813,-0.01207167383788052,-0.006725553961249798
7259_liver_sbr_Male_26-U1,tierA_p95,Hepatocytes,il6_jak_stat3,N3,80.0,85.0,-0.009443020720906069,-0.012190856414615087,-0.006446299067823994
7259_liver_sbr_Male_26-U1,tierA_p95,Hepatocytes,il6_jak_stat3,N3,85.0,90.0,-0.009526057610175755,-0.012541024198091277,-0.006358099953173312
7259_liver_sbr_Male_26-U1,tierA_p95,Hepatocytes,il6_jak_stat3,N3,90.0,95.0,-0.009410541180483706,-0.012421189203284435,-0.006285738799332051
7259_liver_sbr_Male_26-U1,tierA_p95,Hepatocytes,il6_jak_stat3,N3,95.0,100.0,-0.009429864964463896,-0.010756549952228297,-0.007870038253892372
7259_liver_sbr_Male_26-U1,tierA_p95,Hepatocytes,interferon_response,N3,0.0,5.0,0.006340812700201391,0.004725029232576287,0.008176018028376184
7259_liver_sbr_Male_26-U1,tierA_p95,Hepatocytes,interferon_response,N3,5.0,10.0,0.006361607461351167,0.005203470727712258,0.0076576057054602254
7259_liver_sbr_Male_26-U1,tierA_p95,Hepatocytes,interferon_response,N3,10.0,15.0,0.0063531914042486036,0.005316523993010533,0.007564265273942389
7259_liver_sbr_Male_26-U1,tierA_p95,Hepatocytes,interferon_response,N3,15.0,20.0,0.006369402684202204,0.005432241608258712,0.007499484706424949
7259_liver_sbr_Male_26-U1,tierA_p95,Hepatocytes,interferon_response,N3,20.0,25.0,0.006352288574697967,0.005392065496185537,0.007399861284390192
7259_liver_sbr_Male_26-U1,tierA_p95,Hepatocytes,interferon_response,N3,25.0,30.0,0.006342370546983409,0.005368723295077484,0.007325838058286287
7259_liver_sbr_Male_26-U1,tierA_p95,Hepatocytes,interferon_response,N3,30.0,35.0,0.006352956023213793,0.0053432704384725185,0.00743591557603722
7259_liver_sbr_Male_26-U1,tierA_p95,Hepatocytes,interferon_response,N3,35.0,40.0,0.006349376590925651,0.005274424579046202,0.007413219454143565
7259_liver_sbr_Male_26-U1,tierA_p95,Hepatocytes,interferon_response,N3,40.0,45.0,0.0063466793898383994,0.005088415961126035,0.007547262793181835
7259_liver_sbr_Male_26-U1,tierA_p95,Hepatocytes,interferon_response,N3,45.0,50.0,0.006371229352835023,0.005090589511131776,0.007598755279265354
7259_liver_sbr_Male_26-U1,tierA_p95,Hepatocytes,interferon_response,N3,50.0,55.0,0.0063384577228798025,0.00494189253785272,0.00772055942509224
7259_liver_sbr_Male_26-U1,tierA_p95,Hepatocytes,interferon_response,N3,55.0,60.0,0.006356347472586313,0.0047309003750554786,0.00788906929132962
7259_liver_sbr_Male_26-U1,tierA_p95,Hepatocytes,interferon_response,N3,60.0,65.0,0.006315894092224989,0.004633150225663785,0.008067409862970054
7259_liver_sbr_Male_26-U1,tierA_p95,Hepatocytes,interferon_response,N3,65.0,70.0,0.006336486404164828,0.0044813842474310875,0.008337337368916089
7259_liver_sbr_Male_26-U1,tierA_p95,Hepatocytes,interferon_response,N3,70.0,75.0,0.006289199630775598,0.0042809900977432746,0.008701944285169506
7259_liver_sbr_Male_26-U1,tierA_p95,Hepatocytes,interferon_response,N3,75.0,80.0,0.006318996615900744,0.0036941616985773076,0.008813430690757351
7259_liver_sbr_Male_26-U1,tierA_p95,Hepatocytes,interferon_response,N3,80.0,85.0,0.006421449086504051,0.00370423282508459,0.009441682535407827
7259_liver_sbr_Male_26-U1,tierA_p95,Hepatocytes,interferon_response,N3,85.0,90.0,0.006319772725720519,0.003409414800068765,0.009598806452204473
7259_liver_sbr_Male_26-U1,tierA_p95,Hepatocytes,interferon_response,N3,90.0,95.0,0.006320836702670793,0.0035469159022952106,0.009571234911711152
7259_liver_sbr_Male_26-U1,tierA_p95,Hepatocytes,interferon_response,N3,95.0,100.0,0.006375212395433267,0.004996363595125606,0.008019428118364376
7259_liver_sbr_Male_26-U1,tierA_p95,Hepatocytes,oxidative_stress,N3,0.0,5.0,0.10075733411195134,0.09662032719322587,0.10484956447846372
7259_liver_sbr_Male_26-U1,tierA_p95,Hepatocytes,oxidative_stress,N3,5.0,10.0,0.10073125853468469,0.09768845617525355,0.10387851957729635
7259_liver_sbr_Male_26-U1,tierA_p95,Hepatocytes,oxidative_stress,N3,10.0,15.0,0.1008172299451157,0.0980177292235989,0.10352678682255381
7259_liver_sbr_Male_26-U1,tierA_p95,Hepatocytes,oxidative_stress,N3,15.0,20.0,0.10079171068334557,0.09824804335610234,0.10337628913486345
7259_liver_sbr_Male_26-U1,tierA_p95,Hepatocytes,oxidative_stress,N3,20.0,25.0,0.1007908639825943,0.0983258523116852,0.10357271312018698
7259_liver_sbr_Male_26-U1,tierA_p95,Hepatocytes,oxidative_stress,N3,25.0,30.0,0.10081261232215602,0.09826392906683329,0.10327968097730844
7259_liver_sbr_Male_26-U1,tierA_p95,Hepatocytes,oxidative_stress,N3,30.0,35.0,0.10078747942703956,0.09811278273315868,0.10346508715344914
7259_liver_sbr_Male_26-U1,tierA_p95,Hepatocytes,oxidative_stress,N3,35.0,40.0,0.10086465303324824,0.09838026486917759,0.10370436587363414
7259_liver_sbr_Male_26-U1,tierA_p95,Hepatocytes,oxidative_stress,N3,40.0,45.0,0.10074393546262747,0.09794528364262184,0.10382981534841133
7259_liver_sbr_Male_26-U1,tierA_p95,Hepatocytes,oxidative_stress,N3,45.0,50.0,0.10077963088594975,0.09763454965157611,0.10386865089660038
7259_liver_sbr_Male_26-U1,tierA_p95,Hepatocytes,oxidative_stress,N3,50.0,55.0,0.10077220317705246,0.09716808495382924,0.1041517711340792
7259_liver_sbr_Male_26-U1,tierA_p95,Hepatocytes,oxidative_stress,N3,55.0,60.0,0.10076397759175522,0.09690557786685504,0.10460067210874055
7259_liver_sbr_Male_26-U1,tierA_p95,Hepatocytes,oxidative_stress,N3,60.0,65.0,0.10078372739428618,0.09599323321779525,0.10500337375259723
7259_liver_sbr_Male_26-U1,tierA_p95,Hepatocytes,oxidative_stress,N3,65.0,70.0,0.10077264420823838,0.0961348593462841,0.1052648247208383
7259_liver_sbr_Male_26-U1,tierA_p95,Hepatocytes,oxidative_stress,N3,70.0,75.0,0.10075831246993058,0.0954712641119596,0.10622102834766255
7259_liver_sbr_Male_26-U1,tierA_p95,Hepatocytes,oxidative_stress,N3,75.0,80.0,0.10067601232102763,0.09464054542423878,0.10662078072547068
7259_liver_sbr_Male_26-U1,tierA_p95,Hepatocytes,oxidative_stress,N3,80.0,85.0,0.10076038104719545,0.09437224074290106,0.10780566545476546
7259_liver_sbr_Male_26-U1,tierA_p95,Hepatocytes,oxidative_stress,N3,85.0,90.0,0.10082555768232532,0.09387399101374515,0.10768450914042794
7259_liver_sbr_Male_26-U1,tierA_p95,Hepatocytes,oxidative_stress,N3,90.0,95.0,0.10072518522068202,0.09398377266392981,0.10810368845996898
7259_liver_sbr_Male_26-U1,tierA_p95,Hepatocytes,oxidative_stress,N3,95.0,100.0,0.10098239836461344,0.09663341323314081,0.10791982148498255
7259_liver_sbr_Male_26-U1,tierA_p95,Hepatocytes,secondary_senescence,N3,0.0,5.0,0.03295998252645745,0.03146533049819037,0.03445824928922314
7259_liver_sbr_Male_26-U1,tierA_p95,Hepatocytes,secondary_senescence,N3,5.0,10.0,0.03298136512883791,0.03192044991226114,0.034098255241342204
7259_liver_sbr_Male_26-U1,tierA_p95,Hepatocytes,secondary_senescence,N3,10.0,15.0,0.03298948268564276,0.03209654624556778,0.03399133527793461
7259_liver_sbr_Male_26-U1,tierA_p95,Hepatocytes,secondary_senescence,N3,15.0,20.0,0.032984218683670456,0.03212839784183366,0.033964998272692865
7259_liver_sbr_Male_26-U1,tierA_p95,Hepatocytes,secondary_senescence,N3,20.0,25.0,0.03299465640559159,0.032105551736002255,0.033954003402760766
7259_liver_sbr_Male_26-U1,tierA_p95,Hepatocytes,secondary_senescence,N3,25.0,30.0,0.03298175721547388,0.03217149810818911,0.03404537510449541
7259_liver_sbr_Male_26-U1,tierA_p95,Hepatocytes,secondary_senescence,N3,30.0,35.0,0.03297941398303876,0.03209640664540429,0.03401969379426704
7259_liver_sbr_Male_26-U1,tierA_p95,Hepatocytes,secondary_senescence,N3,35.0,40.0,0.03300197696310795,0.03202172340991553,0.03406238518885636
7259_liver_sbr_Male_26-U1,tierA_p95,Hepatocytes,secondary_senescence,N3,40.0,45.0,0.0330090263931255,0.03191391551944821,0.034109283053476755
7259_liver_sbr_Male_26-U1,tierA_p95,Hepatocytes,secondary_senescence,N3,45.0,50.0,0.03300804718171996,0.031834132187886006,0.03416030974937172
7259_liver_sbr_Male_26-U1,tierA_p95,Hepatocytes,secondary_senescence,N3,50.0,55.0,0.033013647944079155,0.031753588533584065,0.034311432921220894
7259_liver_sbr_Male_26-U1,tierA_p95,Hepatocytes,secondary_senescence,N3,55.0,60.0,0.03304637913296304,0.031616395805337635,0.03459790648915276
7259_liver_sbr_Male_26-U1,tierA_p95,Hepatocytes,secondary_senescence,N3,60.0,65.0,0.032972396337346735,0.031500837462972095,0.034613150324679036
7259_liver_sbr_Male_26-U1,tierA_p95,Hepatocytes,secondary_senescence,N3,65.0,70.0,0.032965536623922286,0.03126188026084913,0.034693870989390654
7259_liver_sbr_Male_26-U1,tierA_p95,Hepatocytes,secondary_senescence,N3,70.0,75.0,0.032985254168504986,0.0309712053353589,0.035025011887534055
7259_liver_sbr_Male_26-U1,tierA_p95,Hepatocytes,secondary_senescence,N3,75.0,80.0,0.0330415611334776,0.030819860230135696,0.035419994709754016
7259_liver_sbr_Male_26-U1,tierA_p95,Hepatocytes,secondary_senescence,N3,80.0,85.0,0.033020438220951034,0.03057613752184702,0.03550640826558579
7259_liver_sbr_Male_26-U1,tierA_p95,Hepatocytes,secondary_senescence,N3,85.0,90.0,0.03299740031015071,0.0303170804019792,0.03579617578291562
7259_liver_sbr_Male_26-U1,tierA_p95,Hepatocytes,secondary_senescence,N3,90.0,95.0,0.03302458234251107,0.0302747098675154,0.03594968033039257
7259_liver_sbr_Male_26-U1,tierA_p95,Hepatocytes,secondary_senescence,N3,95.0,100.0,0.03297306839196003,0.030508965070244767,0.03447400464927212
7259_liver_sbr_Male_26-U1,tierA_p95,Hepatocytes,tnfa_nfkb_proximal,N3,0.0,5.0,-0.0004383022376443278,-0.001579783091310978,0.0008334302921613284
7259_liver_sbr_Male_26-U1,tierA_p95,Hepatocytes,tnfa_nfkb_proximal,N3,5.0,10.0,-0.0004294685602547539,-0.001261873734789282,0.00046744618939323547
7259_liver_sbr_Male_26-U1,tierA_p95,Hepatocytes,tnfa_nfkb_proximal,N3,10.0,15.0,-0.0004437483385321599,-0.0011364392522023995,0.00027556985717518633
7259_liver_sbr_Male_26-U1,tierA_p95,Hepatocytes,tnfa_nfkb_proximal,N3,15.0,20.0,-0.0004252532024622978,-0.0011068097536890609,0.0002492331360943755
7259_liver_sbr_Male_26-U1,tierA_p95,Hepatocytes,tnfa_nfkb_proximal,N3,20.0,25.0,-0.0004286292755141755,-0.0010668368119204255,0.0002288828893870896
7259_liver_sbr_Male_26-U1,tierA_p95,Hepatocytes,tnfa_nfkb_proximal,N3,25.0,30.0,-0.00044849037550030594,-0.001136019131269884,0.00020636454314653426
7259_liver_sbr_Male_26-U1,tierA_p95,Hepatocytes,tnfa_nfkb_proximal,N3,30.0,35.0,-0.00043814292794629937,-0.0011174592376888557,0.0002906123208952888
7259_liver_sbr_Male_26-U1,tierA_p95,Hepatocytes,tnfa_nfkb_proximal,N3,35.0,40.0,-0.0004252482036551611,-0.0011487006861409064,0.0003064704046937094
7259_liver_sbr_Male_26-U1,tierA_p95,Hepatocytes,tnfa_nfkb_proximal,N3,40.0,45.0,-0.0004424939178958358,-0.001248097049651608,0.0004455548433031522
7259_liver_sbr_Male_26-U1,tierA_p95,Hepatocytes,tnfa_nfkb_proximal,N3,45.0,50.0,-0.00043838496305147846,-0.0013685145361670987,0.0005347489601457311
7259_liver_sbr_Male_26-U1,tierA_p95,Hepatocytes,tnfa_nfkb_proximal,N3,50.0,55.0,-0.0004456162537702576,-0.0015779813442484936,0.0006140720585989738
7259_liver_sbr_Male_26-U1,tierA_p95,Hepatocytes,tnfa_nfkb_proximal,N3,55.0,60.0,-0.00045094143334944027,-0.0016110812857517722,0.0007838089096540857
7259_liver_sbr_Male_26-U1,tierA_p95,Hepatocytes,tnfa_nfkb_proximal,N3,60.0,65.0,-0.00047165566931235404,-0.001862670234777844,0.0010229231779368656
7259_liver_sbr_Male_26-U1,tierA_p95,Hepatocytes,tnfa_nfkb_proximal,N3,65.0,70.0,-0.0004185373820870969,-0.0018961273364498743,0.0012238515885879251
7259_liver_sbr_Male_26-U1,tierA_p95,Hepatocytes,tnfa_nfkb_proximal,N3,70.0,75.0,-0.00045997527524179247,-0.0023050496788559168,0.0014383547600840402
7259_liver_sbr_Male_26-U1,tierA_p95,Hepatocytes,tnfa_nfkb_proximal,N3,75.0,80.0,-0.00041913814166511453,-0.0023856277972178416,0.0016100329667023256
7259_liver_sbr_Male_26-U1,tierA_p95,Hepatocytes,tnfa_nfkb_proximal,N3,80.0,85.0,-0.0004624557009204746,-0.0026837851016724137,0.0016806029915492206
7259_liver_sbr_Male_26-U1,tierA_p95,Hepatocytes,tnfa_nfkb_proximal,N3,85.0,90.0,-0.0004488137587123529,-0.0025909763695963193,0.0020389769220695154
7259_liver_sbr_Male_26-U1,tierA_p95,Hepatocytes,tnfa_nfkb_proximal,N3,90.0,95.0,-0.0003982532039811525,-0.0026410691500662145,0.001845662745567285
7259_liver_sbr_Male_26-U1,tierA_p95,Hepatocytes,tnfa_nfkb_proximal,N3,95.0,100.0,-0.00041370543916101587,-0.0013650232836134037,0.000679998303894296
7259_liver_sbr_Male_26-U1,tierA_p95,Hepatocytes,downstream_arrest,N4,0.0,5.0,0.0002241605604776984,-0.0010341658521647288,0.0014373578692978995
7259_liver_sbr_Male_26-U1,tierA_p95,Hepatocytes,downstream_arrest,N4,5.0,10.0,0.0002109839960626329,-0.000784183439611338,0.001148075058093374
7259_liver_sbr_Male_26-U1,tierA_p95,Hepatocytes,downstream_arrest,N4,10.0,15.0,0.00023370008427208423,-0.000660715559920087,0.0011069108380355362
7259_liver_sbr_Male_26-U1,tierA_p95,Hepatocytes,downstream_arrest,N4,15.0,20.0,0.00021528157523693448,-0.0006649487703311774,0.0010390544574698708
7259_liver_sbr_Male_26-U1,tierA_p95,Hepatocytes,downstream_arrest,N4,20.0,25.0,0.00023125148218651627,-0.0006796402548082755,0.0010774810252644383
7259_liver_sbr_Male_26-U1,tierA_p95,Hepatocytes,downstream_arrest,N4,25.0,30.0,0.00022510960960978832,-0.0006383141425655242,0.001057684368516597
7259_liver_sbr_Male_26-U1,tierA_p95,Hepatocytes,downstream_arrest,N4,30.0,35.0,0.00020915442981050037,-0.0008562745032508654,0.0010156117693595733
7259_liver_sbr_Male_26-U1,tierA_p95,Hepatocytes,downstream_arrest,N4,35.0,40.0,0.00023825499637208082,-0.0008040405769297155,0.0011034412084786516
7259_liver_sbr_Male_26-U1,tierA_p95,Hepatocytes,downstream_arrest,N4,40.0,45.0,0.00024133119473143522,-0.0009913051253166876,0.0012080575928466186
7259_liver_sbr_Male_26-U1,tierA_p95,Hepatocytes,downstream_arrest,N4,45.0,50.0,0.00020757564150291686,-0.0009911257855766712,0.0011653623585621096
7259_liver_sbr_Male_26-U1,tierA_p95,Hepatocytes,downstream_arrest,N4,50.0,55.0,0.0003161360636790295,-0.0010725654808901451,0.0013988011211472804
7259_liver_sbr_Male_26-U1,tierA_p95,Hepatocytes,downstream_arrest,N4,55.0,60.0,0.0003588927562935637,-0.0012458007890677537,0.001680333215015686
7259_liver_sbr_Male_26-U1,tierA_p95,Hepatocytes,downstream_arrest,N4,60.0,65.0,0.00039779672694932854,-0.0011886781817117072,0.0017424991881598607
7259_liver_sbr_Male_26-U1,tierA_p95,Hepatocytes,downstream_arrest,N4,65.0,70.0,0.0005530509798395944,-0.001067435278619891,0.0021746573341242825
7259_liver_sbr_Male_26-U1,tierA_p95,Hepatocytes,downstream_arrest,N4,70.0,75.0,0.000586221391456668,-0.0012549039022912612,0.0022377338900474424
7259_liver_sbr_Male_26-U1,tierA_p95,Hepatocytes,downstream_arrest,N4,75.0,80.0,0.0007246224055447057,-0.0012772372203339363,0.0029367133358722034
7259_liver_sbr_Male_26-U1,tierA_p95,Hepatocytes,downstream_arrest,N4,80.0,85.0,0.0009306552189495984,-0.0012852040208583607,0.003249451562754234
7259_liver_sbr_Male_26-U1,tierA_p95,Hepatocytes,downstream_arrest,N4,85.0,90.0,0.001199515667756383,-0.0012141308072929056,0.0035521475256277547
7259_liver_sbr_Male_26-U1,tierA_p95,Hepatocytes,downstream_arrest,N4,90.0,95.0,0.0011582131907023605,-0.0012642818376215556,0.0038420678356000204
7259_liver_sbr_Male_26-U1,tierA_p95,Hepatocytes,downstream_arrest,N4,95.0,100.0,0.001731845360035731,-0.00012919735135331344,0.0022216736527760433
7259_liver_sbr_Male_26-U1,tierA_p95,Hepatocytes,emt_ecm,N4,0.0,5.0,0.012930063979890263,0.011388845208708039,0.01461824089672195
7259_liver_sbr_Male_26-U1,tierA_p95,Hepatocytes,emt_ecm,N4,5.0,10.0,0.012928177250425435,0.011680087950049137,0.014336781332693702
7259_liver_sbr_Male_26-U1,tierA_p95,Hepatocytes,emt_ecm,N4,10.0,15.0,0.01287780223068431,0.011794089898618734,0.014113955959694096
7259_liver_sbr_Male_26-U1,tierA_p95,Hepatocytes,emt_ecm,N4,15.0,20.0,0.01287272059522956,0.011867566198775405,0.01410418833753799
7259_liver_sbr_Male_26-U1,tierA_p95,Hepatocytes,emt_ecm,N4,20.0,25.0,0.012857663216618572,0.01182242091115983,0.01415351206126348
7259_liver_sbr_Male_26-U1,tierA_p95,Hepatocytes,emt_ecm,N4,25.0,30.0,0.01286577476604999,0.011779518316211011,0.014099827043974658
7259_liver_sbr_Male_26-U1,tierA_p95,Hepatocytes,emt_ecm,N4,30.0,35.0,0.01285794255011328,0.011695895621890958,0.01419219398373408
7259_liver_sbr_Male_26-U1,tierA_p95,Hepatocytes,emt_ecm,N4,35.0,40.0,0.012894255193223987,0.011646603120745601,0.014267935095952648
7259_liver_sbr_Male_26-U1,tierA_p95,Hepatocytes,emt_ecm,N4,40.0,45.0,0.012822185582647617,0.011404890494205951,0.01424364791025468
7259_liver_sbr_Male_26-U1,tierA_p95,Hepatocytes,emt_ecm,N4,45.0,50.0,0.012889501300586885,0.011320523052075733,0.014554189729760443
7259_liver_sbr_Male_26-U1,tierA_p95,Hepatocytes,emt_ecm,N4,50.0,55.0,0.012914123122845088,0.01111962395710232,0.014839564229947588
7259_liver_sbr_Male_26-U1,tierA_p95,Hepatocytes,emt_ecm,N4,55.0,60.0,0.012950173963165666,0.010831951420462867,0.015075344656930792
7259_liver_sbr_Male_26-U1,tierA_p95,Hepatocytes,emt_ecm,N4,60.0,65.0,0.01294860009198481,0.010518560415567736,0.01569460169815699
7259_liver_sbr_Male_26-U1,tierA_p95,Hepatocytes,emt_ecm,N4,65.0,70.0,0.012896482193148017,0.010123989230657207,0.01636291520001491
7259_liver_sbr_Male_26-U1,tierA_p95,Hepatocytes,emt_ecm,N4,70.0,75.0,0.012996945032061996,0.009741730101858137,0.016607558054009715
7259_liver_sbr_Male_26-U1,tierA_p95,Hepatocytes,emt_ecm,N4,75.0,80.0,0.01285562414451843,0.009216469807379522,0.01702340843366974
7259_liver_sbr_Male_26-U1,tierA_p95,Hepatocytes,emt_ecm,N4,80.0,85.0,0.012800844073733787,0.009073926972002612,0.017613885670130683
7259_liver_sbr_Male_26-U1,tierA_p95,Hepatocytes,emt_ecm,N4,85.0,90.0,0.012687425898412137,0.00837263093690449,0.017678621802149744
7259_liver_sbr_Male_26-U1,tierA_p95,Hepatocytes,emt_ecm,N4,90.0,95.0,0.01248754658248751,0.008523198559737263,0.018324964229063878
7259_liver_sbr_Male_26-U1,tierA_p95,Hepatocytes,emt_ecm,N4,95.0,100.0,0.012015256291618318,0.010167255954480195,0.015650421474400527
7259_liver_sbr_Male_26-U1,tierA_p95,Hepatocytes,il6_jak_stat3,N4,0.0,5.0,-0.009333175663068833,-0.010783118766336142,-0.007817244637143034
7259_liver_sbr_Male_26-U1,tierA_p95,Hepatocytes,il6_jak_stat3,N4,5.0,10.0,-0.009379394648853887,-0.0103684189839233,-0.008343344820093131
7259_liver_sbr_Male_26-U1,tierA_p95,Hepatocytes,il6_jak_stat3,N4,10.0,15.0,-0.009327743683793294,-0.010241439403556051,-0.008424258828885402
7259_liver_sbr_Male_26-U1,tierA_p95,Hepatocytes,il6_jak_stat3,N4,15.0,20.0,-0.009308180333805819,-0.01017927731844968,-0.00835466485645637
7259_liver_sbr_Male_26-U1,tierA_p95,Hepatocytes,il6_jak_stat3,N4,20.0,25.0,-0.00930216493497068,-0.010177950670984905,-0.00836763231856092
7259_liver_sbr_Male_26-U1,tierA_p95,Hepatocytes,il6_jak_stat3,N4,25.0,30.0,-0.009288352296407463,-0.010201910210813942,-0.00830881685448507
7259_liver_sbr_Male_26-U1,tierA_p95,Hepatocytes,il6_jak_stat3,N4,30.0,35.0,-0.009306200345847315,-0.010184242205423927,-0.00827038668350475
7259_liver_sbr_Male_26-U1,tierA_p95,Hepatocytes,il6_jak_stat3,N4,35.0,40.0,-0.009297992317807665,-0.01041622541386702,-0.007943807175342765
7259_liver_sbr_Male_26-U1,tierA_p95,Hepatocytes,il6_jak_stat3,N4,40.0,45.0,-0.009349666803234187,-0.010530035068178623,-0.008067128920340687
7259_liver_sbr_Male_26-U1,tierA_p95,Hepatocytes,il6_jak_stat3,N4,45.0,50.0,-0.009297641352853644,-0.010642091327523608,-0.007822301617496698
7259_liver_sbr_Male_26-U1,tierA_p95,Hepatocytes,il6_jak_stat3,N4,50.0,55.0,-0.009370739780287669,-0.010877534183629311,-0.00747045330829708
7259_liver_sbr_Male_26-U1,tierA_p95,Hepatocytes,il6_jak_stat3,N4,55.0,60.0,-0.009364378465441648,-0.01125034423154828,-0.00721795870693971
7259_liver_sbr_Male_26-U1,tierA_p95,Hepatocytes,il6_jak_stat3,N4,60.0,65.0,-0.009327218109664458,-0.01167489305357603,-0.007038928831033446
7259_liver_sbr_Male_26-U1,tierA_p95,Hepatocytes,il6_jak_stat3,N4,65.0,70.0,-0.009255764838954027,-0.011695615017583726,-0.0067712262342830235
7259_liver_sbr_Male_26-U1,tierA_p95,Hepatocytes,il6_jak_stat3,N4,70.0,75.0,-0.009264571944297369,-0.01213811050964211,-0.0061841052714474865
7259_liver_sbr_Male_26-U1,tierA_p95,Hepatocytes,il6_jak_stat3,N4,75.0,80.0,-0.009350901737754963,-0.013060095287581027,-0.005537696018597024
7259_liver_sbr_Male_26-U1,tierA_p95,Hepatocytes,il6_jak_stat3,N4,80.0,85.0,-0.009249226100935641,-0.012725747493257403,-0.005968866764549132
7259_liver_sbr_Male_26-U1,tierA_p95,Hepatocytes,il6_jak_stat3,N4,85.0,90.0,-0.009254066514969,-0.013059015034138838,-0.005050723574329337
7259_liver_sbr_Male_26-U1,tierA_p95,Hepatocytes,il6_jak_stat3,N4,90.0,95.0,-0.009267888324787716,-0.01306393646334183,-0.004952957077781656
7259_liver_sbr_Male_26-U1,tierA_p95,Hepatocytes,il6_jak_stat3,N4,95.0,100.0,-0.009532494427526284,-0.010780071999168691,-0.007019221467845373
7259_liver_sbr_Male_26-U1,tierA_p95,Hepatocytes,interferon_response,N4,0.0,5.0,0.0063801510774356245,0.004904302437747649,0.007731183603945093
7259_liver_sbr_Male_26-U1,tierA_p95,Hepatocytes,interferon_response,N4,5.0,10.0,0.006412623715471548,0.00543384242662723,0.0074124345134968
7259_liver_sbr_Male_26-U1,tierA_p95,Hepatocytes,interferon_response,N4,10.0,15.0,0.006411281908689473,0.0054955072634301615,0.007246485671100005
7259_liver_sbr_Male_26-U1,tierA_p95,Hepatocytes,interferon_response,N4,15.0,20.0,0.006439143676718107,0.005483950031804856,0.007304371821676794
7259_liver_sbr_Male_26-U1,tierA_p95,Hepatocytes,interferon_response,N4,20.0,25.0,0.0064290473303798825,0.005583831129857345,0.0073252060710026715
7259_liver_sbr_Male_26-U1,tierA_p95,Hepatocytes,interferon_response,N4,25.0,30.0,0.006423110111700901,0.005537731508080097,0.007336277458553564
7259_liver_sbr_Male_26-U1,tierA_p95,Hepatocytes,interferon_response,N4,30.0,35.0,0.006418634806076142,0.0054143917161665256,0.007435466009005931
7259_liver_sbr_Male_26-U1,tierA_p95,Hepatocytes,interferon_response,N4,35.0,40.0,0.0064146789810029465,0.005276880082399238,0.007713959726135039
7259_liver_sbr_Male_26-U1,tierA_p95,Hepatocytes,interferon_response,N4,40.0,45.0,0.006414575518512031,0.005325459822457732,0.007575862510513253
7259_liver_sbr_Male_26-U1,tierA_p95,Hepatocytes,interferon_response,N4,45.0,50.0,0.006462883984137035,0.005240585211554369,0.007880743015747455
7259_liver_sbr_Male_26-U1,tierA_p95,Hepatocytes,interferon_response,N4,50.0,55.0,0.006388803590325515,0.004872118058772505,0.007909116452702876
7259_liver_sbr_Male_26-U1,tierA_p95,Hepatocytes,interferon_response,N4,55.0,60.0,0.006447579969028904,0.004733113428898408,0.008273095916677908
7259_liver_sbr_Male_26-U1,tierA_p95,Hepatocytes,interferon_response,N4,60.0,65.0,0.006479404168670589,0.004405276818034732,0.008683684978065816
7259_liver_sbr_Male_26-U1,tierA_p95,Hepatocytes,interferon_response,N4,65.0,70.0,0.0064929809424644274,0.0041357638614449065,0.008754381831205258
7259_liver_sbr_Male_26-U1,tierA_p95,Hepatocytes,interferon_response,N4,70.0,75.0,0.0065216649790642255,0.00393460906847965,0.009463738217584866
7259_liver_sbr_Male_26-U1,tierA_p95,Hepatocytes,interferon_response,N4,75.0,80.0,0.0066193459742321745,0.0036666843357608687,0.009698541265131028
7259_liver_sbr_Male_26-U1,tierA_p95,Hepatocytes,interferon_response,N4,80.0,85.0,0.006481163412704564,0.0030615713104441863,0.009720651506375525
7259_liver_sbr_Male_26-U1,tierA_p95,Hepatocytes,interferon_response,N4,85.0,90.0,0.006594704973481251,0.003069509700604761,0.010337322340437613
7259_liver_sbr_Male_26-U1,tierA_p95,Hepatocytes,interferon_response,N4,90.0,95.0,0.006605729003197739,0.0028929046473448812,0.01068340116736624
7259_liver_sbr_Male_26-U1,tierA_p95,Hepatocytes,interferon_response,N4,95.0,100.0,0.006425533151618375,0.005095566999258021,0.009391179198840732
7259_liver_sbr_Male_26-U1,tierA_p95,Hepatocytes,oxidative_stress,N4,0.0,5.0,0.09893971403548259,0.09514377611703981,0.10259483549243964
7259_liver_sbr_Male_26-U1,tierA_p95,Hepatocytes,oxidative_stress,N4,5.0,10.0,0.09896163722613585,0.09636152908194943,0.10152813354344802
7259_liver_sbr_Male_26-U1,tierA_p95,Hepatocytes,oxidative_stress,N4,10.0,15.0,0.09890325522850509,0.0965104770618956,0.1013398994819244
7259_liver_sbr_Male_26-U1,tierA_p95,Hepatocytes,oxidative_stress,N4,15.0,20.0,0.09891759587150101,0.09643912504304925,0.10131067845616148
7259_liver_sbr_Male_26-U1,tierA_p95,Hepatocytes,oxidative_stress,N4,20.0,25.0,0.09900170022320438,0.09659659068630286,0.10121081707917425
7259_liver_sbr_Male_26-U1,tierA_p95,Hepatocytes,oxidative_stress,N4,25.0,30.0,0.09895844822369909,0.0962733354084687,0.10117381311329328
7259_liver_sbr_Male_26-U1,tierA_p95,Hepatocytes,oxidative_stress,N4,30.0,35.0,0.09895854747245526,0.09591176355813186,0.10153134998809141
7259_liver_sbr_Male_26-U1,tierA_p95,Hepatocytes,oxidative_stress,N4,35.0,40.0,0.0989815879267563,0.09567446401834456,0.10175332460249965
7259_liver_sbr_Male_26-U1,tierA_p95,Hepatocytes,oxidative_stress,N4,40.0,45.0,0.09902761005972116,0.09535429618924887,0.10196649764548305
7259_liver_sbr_Male_26-U1,tierA_p95,Hepatocytes,oxidative_stress,N4,45.0,50.0,0.09906041818944877,0.09535176379684043,0.102054590807427
7259_liver_sbr_Male_26-U1,tierA_p95,Hepatocytes,oxidative_stress,N4,50.0,55.0,0.09917058748152052,0.09464489023215292,0.10263109185245071
7259_liver_sbr_Male_26-U1,tierA_p95,Hepatocytes,oxidative_stress,N4,55.0,60.0,0.09934160486877792,0.09482075132242383,0.1033761512618541
7259_liver_sbr_Male_26-U1,tierA_p95,Hepatocytes,oxidative_stress,N4,60.0,65.0,0.09967651000722699,0.09430957907272887,0.10439045005654773
7259_liver_sbr_Male_26-U1,tierA_p95,Hepatocytes,oxidative_stress,N4,65.0,70.0,0.10005395881446975,0.09421747671311267,0.10596450853713396
7259_liver_sbr_Male_26-U1,tierA_p95,Hepatocytes,oxidative_stress,N4,70.0,75.0,0.10057224246563348,0.09379107692520362,0.10644489614171755
7259_liver_sbr_Male_26-U1,tierA_p95,Hepatocytes,oxidative_stress,N4,75.0,80.0,0.10117584636099825,0.09424580906057205,0.10819978195013849
7259_liver_sbr_Male_26-U1,tierA_p95,Hepatocytes,oxidative_stress,N4,80.0,85.0,0.10154203523723401,0.09395327015984456,0.10875184384176274
7259_liver_sbr_Male_26-U1,tierA_p95,Hepatocytes,oxidative_stress,N4,85.0,90.0,0.10186997330943003,0.09405155130122196,0.11004940894125771
7259_liver_sbr_Male_26-U1,tierA_p95,Hepatocytes,oxidative_stress,N4,90.0,95.0,0.10212743957551018,0.09321480243972545,0.11064127581658884
7259_liver_sbr_Male_26-U1,tierA_p95,Hepatocytes,oxidative_stress,N4,95.0,100.0,0.10439825967051311,0.10230826707345066,0.10633069751381814
7259_liver_sbr_Male_26-U1,tierA_p95,Hepatocytes,secondary_senescence,N4,0.0,5.0,0.03369562559904341,0.03227799451846741,0.035145601162987095
7259_liver_sbr_Male_26-U1,tierA_p95,Hepatocytes,secondary_senescence,N4,5.0,10.0,0.03374023427032596,0.03258619878799914,0.0349063618630502
7259_liver_sbr_Male_26-U1,tierA_p95,Hepatocytes,secondary_senescence,N4,10.0,15.0,0.03375048720011125,0.032643900687279646,0.03473927493526997
7259_liver_sbr_Male_26-U1,tierA_p95,Hepatocytes,secondary_senescence,N4,15.0,20.0,0.03371971176377505,0.032651276510724005,0.03471895961801668
7259_liver_sbr_Male_26-U1,tierA_p95,Hepatocytes,secondary_senescence,N4,20.0,25.0,0.03368209126236462,0.03259020641243877,0.03476939093197222
7259_liver_sbr_Male_26-U1,tierA_p95,Hepatocytes,secondary_senescence,N4,25.0,30.0,0.033695295733197274,0.03267882234071172,0.03481148608600706
7259_liver_sbr_Male_26-U1,tierA_p95,Hepatocytes,secondary_senescence,N4,30.0,35.0,0.03366420948093215,0.032636740953738065,0.03491313894754643
7259_liver_sbr_Male_26-U1,tierA_p95,Hepatocytes,secondary_senescence,N4,35.0,40.0,0.0336752199687416,0.03256736631753957,0.03502688477385505
7259_liver_sbr_Male_26-U1,tierA_p95,Hepatocytes,secondary_senescence,N4,40.0,45.0,0.03362508068627216,0.03251920739585502,0.03497720912272633
7259_liver_sbr_Male_26-U1,tierA_p95,Hepatocytes,secondary_senescence,N4,45.0,50.0,0.03363100179172716,0.03237646569433245,0.03506619694071064
7259_liver_sbr_Male_26-U1,tierA_p95,Hepatocytes,secondary_senescence,N4,50.0,55.0,0.033554114819326505,0.032166881664981856,0.035053958741853464
7259_liver_sbr_Male_26-U1,tierA_p95,Hepatocytes,secondary_senescence,N4,55.0,60.0,0.03354674869274105,0.03201085109111643,0.03539577943409096
7259_liver_sbr_Male_26-U1,tierA_p95,Hepatocytes,secondary_senescence,N4,60.0,65.0,0.03340753008330379,0.03153362113351567,0.035590536759296784
7259_liver_sbr_Male_26-U1,tierA_p95,Hepatocytes,secondary_senescence,N4,65.0,70.0,0.03328999235972249,0.0311433110898845,0.03559556587833126
7259_liver_sbr_Male_26-U1,tierA_p95,Hepatocytes,secondary_senescence,N4,70.0,75.0,0.03323830981016452,0.030640638255843674,0.03611033518090926
7259_liver_sbr_Male_26-U1,tierA_p95,Hepatocytes,secondary_senescence,N4,75.0,80.0,0.03297822282939048,0.030143020359437504,0.035572759471166775
7259_liver_sbr_Male_26-U1,tierA_p95,Hepatocytes,secondary_senescence,N4,80.0,85.0,0.032812166072667244,0.030018349466901757,0.03582152840441912
7259_liver_sbr_Male_26-U1,tierA_p95,Hepatocytes,secondary_senescence,N4,85.0,90.0,0.032674916168070896,0.029499449017598635,0.035840773439763836
7259_liver_sbr_Male_26-U1,tierA_p95,Hepatocytes,secondary_senescence,N4,90.0,95.0,0.03252781204629557,0.02916676192513664,0.035915751071395205
7259_liver_sbr_Male_26-U1,tierA_p95,Hepatocytes,secondary_senescence,N4,95.0,100.0,0.03172384741135616,0.030895579304024617,0.03352102148399082
7259_liver_sbr_Male_26-U1,tierA_p95,Hepatocytes,tnfa_nfkb_proximal,N4,0.0,5.0,-0.0004703737090320911,-0.001573577991023679,0.0006399310509783753
7259_liver_sbr_Male_26-U1,tierA_p95,Hepatocytes,tnfa_nfkb_proximal,N4,5.0,10.0,-0.0005368703208844414,-0.0012548961483167924,0.0001921872979383304
7259_liver_sbr_Male_26-U1,tierA_p95,Hepatocytes,tnfa_nfkb_proximal,N4,10.0,15.0,-0.0004954646032293362,-0.001115544717512642,8.896041258706758e-05
7259_liver_sbr_Male_26-U1,tierA_p95,Hepatocytes,tnfa_nfkb_proximal,N4,15.0,20.0,-0.0005201555609175495,-0.0010454417544696081,7.136619168086403e-05
7259_liver_sbr_Male_26-U1,tierA_p95,Hepatocytes,tnfa_nfkb_proximal,N4,20.0,25.0,-0.0005202330873854298,-0.0011070516701260646,5.375284179514205e-05
7259_liver_sbr_Male_26-U1,tierA_p95,Hepatocytes,tnfa_nfkb_proximal,N4,25.0,30.0,-0.0005174334090713308,-0.0011356404379195349,0.0001351512641195229
7259_liver_sbr_Male_26-U1,tierA_p95,Hepatocytes,tnfa_nfkb_proximal,N4,30.0,35.0,-0.0005190363394483235,-0.0011967827576393074,0.00017336799884109068
7259_liver_sbr_Male_26-U1,tierA_p95,Hepatocytes,tnfa_nfkb_proximal,N4,35.0,40.0,-0.000535719121750135,-0.0012323890848284949,0.00030241088581988524
7259_liver_sbr_Male_26-U1,tierA_p95,Hepatocytes,tnfa_nfkb_proximal,N4,40.0,45.0,-0.0005478225506550799,-0.0014815339841902301,0.00036097504152300165
7259_liver_sbr_Male_26-U1,tierA_p95,Hepatocytes,tnfa_nfkb_proximal,N4,45.0,50.0,-0.000475089409020237,-0.0015097910354442393,0.00044002607677568845
7259_liver_sbr_Male_26-U1,tierA_p95,Hepatocytes,tnfa_nfkb_proximal,N4,50.0,55.0,-0.00048752517284606303,-0.0015402964561799482,0.0007172163174584207
7259_liver_sbr_Male_26-U1,tierA_p95,Hepatocytes,tnfa_nfkb_proximal,N4,55.0,60.0,-0.0004909468770663756,-0.001886627307497389,0.000835881091361715
7259_liver_sbr_Male_26-U1,tierA_p95,Hepatocytes,tnfa_nfkb_proximal,N4,60.0,65.0,-0.0005108534620229819,-0.002286208176191214,0.0010463893783522963
7259_liver_sbr_Male_26-U1,tierA_p95,Hepatocytes,tnfa_nfkb_proximal,N4,65.0,70.0,-0.00042218985238626287,-0.0025059679816767312,0.0014404792256508146
7259_liver_sbr_Male_26-U1,tierA_p95,Hepatocytes,tnfa_nfkb_proximal,N4,70.0,75.0,-0.00033873139228172966,-0.002747918785369868,0.0017809474460391565
7259_liver_sbr_Male_26-U1,tierA_p95,Hepatocytes,tnfa_nfkb_proximal,N4,75.0,80.0,-0.0002474358024655501,-0.0026540435735780427,0.0024362454692031447
7259_liver_sbr_Male_26-U1,tierA_p95,Hepatocytes,tnfa_nfkb_proximal,N4,80.0,85.0,-0.00033689595993138024,-0.0031010459204388312,0.002482785186191004
7259_liver_sbr_Male_26-U1,tierA_p95,Hepatocytes,tnfa_nfkb_proximal,N4,85.0,90.0,-0.00020297735671365307,-0.0031091532138312387,0.0029671691517859627
7259_liver_sbr_Male_26-U1,tierA_p95,Hepatocytes,tnfa_nfkb_proximal,N4,90.0,95.0,-0.00022823522463594125,-0.0031427846773083305,0.003033465805336395
7259_liver_sbr_Male_26-U1,tierA_p95,Hepatocytes,tnfa_nfkb_proximal,N4,95.0,100.0,-0.00021180200627346875,-0.001028538936740492,0.0011216331526392456
7260_liver_sbr_Male_26-U1,tierA_p95,Hepatocytes,downstream_arrest,N1,0.0,5.0,0.006441997421608891,0.005879781695851229,0.0069727843574230045
7260_liver_sbr_Male_26-U1,tierA_p95,Hepatocytes,downstream_arrest,N1,5.0,10.0,0.006708110034040328,0.0057224835813320975,0.0077561398976577454
7260_liver_sbr_Male_26-U1,tierA_p95,Hepatocytes,downstream_arrest,N1,10.0,15.0,0.006264532730373638,0.00582395553187329,0.006721818549661175
7260_liver_sbr_Male_26-U1,tierA_p95,Hepatocytes,downstream_arrest,N1,15.0,20.0,0.006498880538306709,0.006133502339386224,0.006873045717181284
7260_liver_sbr_Male_26-U1,tierA_p95,Hepatocytes,downstream_arrest,N1,20.0,25.0,0.006396824347067112,0.00604587267014358,0.006726425075483199
7260_liver_sbr_Male_26-U1,tierA_p95,Hepatocytes,downstream_arrest,N1,25.0,30.0,0.006445832598892629,0.006090392396385661,0.006786743205890582
7260_liver_sbr_Male_26-U1,tierA_p95,Hepatocytes,downstream_arrest,N1,30.0,35.0,0.006407726555028756,0.0060186919075506645,0.006759112712785898
7260_liver_sbr_Male_26-U1,tierA_p95,Hepatocytes,downstream_arrest,N1,35.0,40.0,0.006530614074779766,0.006163994505182309,0.006895831819162331
7260_liver_sbr_Male_26-U1,tierA_p95,Hepatocytes,downstream_arrest,N1,40.0,45.0,0.006487215596088486,0.006075178453463425,0.006898490148347886
7260_liver_sbr_Male_26-U1,tierA_p95,Hepatocytes,downstream_arrest,N1,45.0,50.0,0.006474892075372413,0.005969311004233398,0.00696054826402349
7260_liver_sbr_Male_26-U1,tierA_p95,Hepatocytes,downstream_arrest,N1,50.0,55.0,0.006528848402073293,0.005996125994712889,0.007084893009785817
7260_liver_sbr_Male_26-U1,tierA_p95,Hepatocytes,downstream_arrest,N1,55.0,60.0,0.006484217921913038,0.005873098120574626,0.007091448711751348
7260_liver_sbr_Male_26-U1,tierA_p95,Hepatocytes,downstream_arrest,N1,60.0,65.0,0.006531019700983647,0.0057975327218012665,0.007282584148542902
7260_liver_sbr_Male_26-U1,tierA_p95,Hepatocytes,downstream_arrest,N1,65.0,70.0,0.006565218971025292,0.0056971094526354574,0.007506723331747235
7260_liver_sbr_Male_26-U1,tierA_p95,Hepatocytes,downstream_arrest,N1,70.0,75.0,0.0065672593796335865,0.005554196987730004,0.007641381671641878
7260_liver_sbr_Male_26-U1,tierA_p95,Hepatocytes,downstream_arrest,N1,75.0,80.0,0.006503608075582232,0.005192283110213945,0.007740718954305843
7260_liver_sbr_Male_26-U1,tierA_p95,Hepatocytes,downstream_arrest,N1,80.0,85.0,0.006480151270345509,0.004907391405224358,0.008008163566790735
7260_liver_sbr_Male_26-U1,tierA_p95,Hepatocytes,downstream_arrest,N1,85.0,90.0,0.00632218390171693,0.0042527316468140945,0.008424779141303842
7260_liver_sbr_Male_26-U1,tierA_p95,Hepatocytes,downstream_arrest,N1,90.0,95.0,0.0062771018630077505,0.0037792888544557974,0.009178810502014807
7260_liver_sbr_Male_26-U1,tierA_p95,Hepatocytes,downstream_arrest,N1,95.0,100.0,0.005623665967280258,0.003446497639129767,0.008137392303400734
7260_liver_sbr_Male_26-U1,tierA_p95,Hepatocytes,emt_ecm,N1,0.0,5.0,0.007073988685853631,0.006419787163480509,0.007711374253254704
7260_liver_sbr_Male_26-U1,tierA_p95,Hepatocytes,emt_ecm,N1,5.0,10.0,0.009567520600936288,0.008152570943529868,0.011009225774722402
7260_liver_sbr_Male_26-U1,tierA_p95,Hepatocytes,emt_ecm,N1,10.0,15.0,0.008338740193003848,0.007761063285904432,0.00892668385177622
7260_liver_sbr_Male_26-U1,tierA_p95,Hepatocytes,emt_ecm,N1,15.0,20.0,0.007451693134551289,0.006951612950800415,0.007906590778505048
7260_liver_sbr_Male_26-U1,tierA_p95,Hepatocytes,emt_ecm,N1,20.0,25.0,0.007302981673576911,0.006859941735822242,0.007742793114018868
7260_liver_sbr_Male_26-U1,tierA_p95,Hepatocytes,emt_ecm,N1,25.0,30.0,0.00705269126515099,0.006593643552228757,0.007525303295267673
7260_liver_sbr_Male_26-U1,tierA_p95,Hepatocytes,emt_ecm,N1,30.0,35.0,0.007004248272420186,0.006543968642335057,0.007480923187456413
7260_liver_sbr_Male_26-U1,tierA_p95,Hepatocytes,emt_ecm,N1,35.0,40.0,0.006827613363202747,0.006357481061039426,0.007294588390845928
7260_liver_sbr_Male_26-U1,tierA_p95,Hepatocytes,emt_ecm,N1,40.0,45.0,0.006766417192123918,0.006269940600882082,0.007232244104405973
7260_liver_sbr_Male_26-U1,tierA_p95,Hepatocytes,emt_ecm,N1,45.0,50.0,0.006654001016272003,0.0060702979349553515,0.007214531570305334
7260_liver_sbr_Male_26-U1,tierA_p95,Hepatocytes,emt_ecm,N1,50.0,55.0,0.006586070558057287,0.00594276714391162,0.007238563892805447
7260_liver_sbr_Male_26-U1,tierA_p95,Hepatocytes,emt_ecm,N1,55.0,60.0,0.006516715548707699,0.005795181184696727,0.007278863539872763
7260_liver_sbr_Male_26-U1,tierA_p95,Hepatocytes,emt_ecm,N1,60.0,65.0,0.006364944811615855,0.005487409775416476,0.007303116328834659
7260_liver_sbr_Male_26-U1,tierA_p95,Hepatocytes,emt_ecm,N1,65.0,70.0,0.006401493147441488,0.005332308972069114,0.007523215994086128
7260_liver_sbr_Male_26-U1,tierA_p95,Hepatocytes,emt_ecm,N1,70.0,75.0,0.006343890942735383,0.004939879478123922,0.007637001826967469
7260_liver_sbr_Male_26-U1,tierA_p95,Hepatocytes,emt_ecm,N1,75.0,80.0,0.006301959147905352,0.004691019335719004,0.007823359852734973
7260_liver_sbr_Male_26-U1,tierA_p95,Hepatocytes,emt_ecm,N1,80.0,85.0,0.0061958951951861995,0.004245482445206941,0.008277251039762833
7260_liver_sbr_Male_26-U1,tierA_p95,Hepatocytes,emt_ecm,N1,85.0,90.0,0.006173881347379019,0.0037982532470137104,0.008687756937730122
7260_liver_sbr_Male_26-U1,tierA_p95,Hepatocytes,emt_ecm,N1,90.0,95.0,0.005981184157991263,0.0029877971442667604,0.009338115621885423
7260_liver_sbr_Male_26-U1,tierA_p95,Hepatocytes,emt_ecm,N1,95.0,100.0,0.005381208044054123,0.002962079835820476,0.007860688322723132
7260_liver_sbr_Male_26-U1,tierA_p95,Hepatocytes,il6_jak_stat3,N1,0.0,5.0,-0.022070076755837574,-0.02270625175845388,-0.021361425111328228
7260_liver_sbr_Male_26-U1,tierA_p95,Hepatocytes,il6_jak_stat3,N1,5.0,10.0,-0.01949023565506207,-0.020806196063828115,-0.017968004236013083
7260_liver_sbr_Male_26-U1,tierA_p95,Hepatocytes,il6_jak_stat3,N1,10.0,15.0,-0.021682658727838075,-0.022264795844115108,-0.0210729374061895
7260_liver_sbr_Male_26-U1,tierA_p95,Hepatocytes,il6_jak_stat3,N1,15.0,20.0,-0.022278598620783695,-0.02274184311147178,-0.0217885621961256
7260_liver_sbr_Male_26-U1,tierA_p95,Hepatocytes,il6_jak_stat3,N1,20.0,25.0,-0.022191141935565158,-0.02261106120572298,-0.021706828356811616
7260_liver_sbr_Male_26-U1,tierA_p95,Hepatocytes,il6_jak_stat3,N1,25.0,30.0,-0.022192532088111467,-0.022685108024306917,-0.021721881947133936
7260_liver_sbr_Male_26-U1,tierA_p95,Hepatocytes,il6_jak_stat3,N1,30.0,35.0,-0.022207211681445068,-0.022720061838615392,-0.02172490852070294
7260_liver_sbr_Male_26-U1,tierA_p95,Hepatocytes,il6_jak_stat3,N1,35.0,40.0,-0.022186779738144397,-0.02267570811616862,-0.021665592852636886
7260_liver_sbr_Male_26-U1,tierA_p95,Hepatocytes,il6_jak_stat3,N1,40.0,45.0,-0.022219620995136153,-0.022779142219010777,-0.021666860057226175
7260_liver_sbr_Male_26-U1,tierA_p95,Hepatocytes,il6_jak_stat3,N1,45.0,50.0,-0.022244075044964236,-0.02285494195022377,-0.02156889395535942
7260_liver_sbr_Male_26-U1,tierA_p95,Hepatocytes,il6_jak_stat3,N1,50.0,55.0,-0.022259888476585526,-0.022968327569253922,-0.021540130190371765
7260_liver_sbr_Male_26-U1,tierA_p95,Hepatocytes,il6_jak_stat3,N1,55.0,60.0,-0.022185146429756806,-0.023043418129169834,-0.021337390780396603
7260_liver_sbr_Male_26-U1,tierA_p95,Hepatocytes,il6_jak_stat3,N1,60.0,65.0,-0.02226811968950937,-0.023234556880003976,-0.021298008216139912
7260_liver_sbr_Male_26-U1,tierA_p95,Hepatocytes,il6_jak_stat3,N1,65.0,70.0,-0.022254703886483474,-0.02345736144065413,-0.02106810742930025
7260_liver_sbr_Male_26-U1,tierA_p95,Hepatocytes,il6_jak_stat3,N1,70.0,75.0,-0.022171952120914887,-0.02355649107388927,-0.020667421598364193
7260_liver_sbr_Male_26-U1,tierA_p95,Hepatocytes,il6_jak_stat3,N1,75.0,80.0,-0.0221437092570011,-0.023898569522619293,-0.020449040209756672
7260_liver_sbr_Male_26-U1,tierA_p95,Hepatocytes,il6_jak_stat3,N1,80.0,85.0,-0.022138352454493266,-0.02439275220927604,-0.019863681020524743
7260_liver_sbr_Male_26-U1,tierA_p95,Hepatocytes,il6_jak_stat3,N1,85.0,90.0,-0.022183517815441853,-0.024864539324744684,-0.019483034508700505
7260_liver_sbr_Male_26-U1,tierA_p95,Hepatocytes,il6_jak_stat3,N1,90.0,95.0,-0.022283337291577478,-0.02569542339077734,-0.018673333683468976
7260_liver_sbr_Male_26-U1,tierA_p95,Hepatocytes,il6_jak_stat3,N1,95.0,100.0,-0.02310559261412425,-0.027344862623402914,-0.019171091426592003
7260_liver_sbr_Male_26-U1,tierA_p95,Hepatocytes,interferon_response,N1,0.0,5.0,0.00040775241241730077,-0.00017681569921460907,0.0010360143834802769
7260_liver_sbr_Male_26-U1,tierA_p95,Hepatocytes,interferon_response,N1,5.0,10.0,0.000962120430644777,-0.0002716706051800888,0.002096645084043628
7260_liver_sbr_Male_26-U1,tierA_p95,Hepatocytes,interferon_response,N1,10.0,15.0,0.00027061322501244445,-0.00023536147955092643,0.0008217259755452245
7260_liver_sbr_Male_26-U1,tierA_p95,Hepatocytes,interferon_response,N1,15.0,20.0,9.995558470834983e-05,-0.00033269076686595465,0.0005288503069224813
7260_liver_sbr_Male_26-U1,tierA_p95,Hepatocytes,interferon_response,N1,20.0,25.0,0.00018030653220223257,-0.00022829271598360764,0.0005801316317860044
7260_liver_sbr_Male_26-U1,tierA_p95,Hepatocytes,interferon_response,N1,25.0,30.0,0.0002332394416735613,-0.00016710264646711647,0.0006374271476023559
7260_liver_sbr_Male_26-U1,tierA_p95,Hepatocytes,interferon_response,N1,30.0,35.0,0.0003020543930834145,-0.00011590874527114359,0.0007136656708719566
7260_liver_sbr_Male_26-U1,tierA_p95,Hepatocytes,interferon_response,N1,35.0,40.0,0.0004386421229475408,1.981091841750673e-05,0.000885708999683546
7260_liver_sbr_Male_26-U1,tierA_p95,Hepatocytes,interferon_response,N1,40.0,45.0,0.00041058982669417736,-6.252816021142842e-05,0.0008925861542613409
7260_liver_sbr_Male_26-U1,tierA_p95,Hepatocytes,interferon_response,N1,45.0,50.0,0.0004922289966009833,-4.7146872786277765e-05,0.001043927434972257
7260_liver_sbr_Male_26-U1,tierA_p95,Hepatocytes,interferon_response,N1,50.0,55.0,0.0006748878136798227,5.177798074461986e-05,0.001290866863176073
7260_liver_sbr_Male_26-U1,tierA_p95,Hepatocytes,interferon_response,N1,55.0,60.0,0.0007329512681908783,-3.9085257121377706e-05,0.0014929369333394234
7260_liver_sbr_Male_26-U1,tierA_p95,Hepatocytes,interferon_response,N1,60.0,65.0,0.0008598591596721061,-1.0437357793473125e-06,0.0017442390526453014
7260_liver_sbr_Male_26-U1,tierA_p95,Hepatocytes,interferon_response,N1,65.0,70.0,0.0010047076854783398,8.343416380337149e-06,0.0020095394550828155
7260_liver_sbr_Male_26-U1,tierA_p95,Hepatocytes,interferon_response,N1,70.0,75.0,0.0010478158385640848,-0.00012081207848244669,0.0022871890416223005
7260_liver_sbr_Male_26-U1,tierA_p95,Hepatocytes,interferon_response,N1,75.0,80.0,0.0012293103188989031,-0.00035205809448464665,0.0028823526815136558
7260_liver_sbr_Male_26-U1,tierA_p95,Hepatocytes,interferon_response,N1,80.0,85.0,0.0013550026662518524,-0.0005218828354031406,0.0032957363250793676
7260_liver_sbr_Male_26-U1,tierA_p95,Hepatocytes,interferon_response,N1,85.0,90.0,0.00135153156511402,-0.0011051166245162464,0.003818850685163781
7260_liver_sbr_Male_26-U1,tierA_p95,Hepatocytes,interferon_response,N1,90.0,95.0,0.001366640823642529,-0.001477347875167637,0.004313249456064836
7260_liver_sbr_Male_26-U1,tierA_p95,Hepatocytes,interferon_response,N1,95.0,100.0,0.0011690838969588473,-0.0017228541105743914,0.004170416310663656
7260_liver_sbr_Male_26-U1,tierA_p95,Hepatocytes,oxidative_stress,N1,0.0,5.0,0.11955516800214207,0.11785017933513067,0.12117467700597433
7260_liver_sbr_Male_26-U1,tierA_p95,Hepatocytes,oxidative_stress,N1,5.0,10.0,0.11786133454942918,0.1142538321808071,0.12125335825687204
7260_liver_sbr_Male_26-U1,tierA_p95,Hepatocytes,oxidative_stress,N1,10.0,15.0,0.11941716823569913,0.11804424853560856,0.12073251220119735
7260_liver_sbr_Male_26-U1,tierA_p95,Hepatocytes,oxidative_stress,N1,15.0,20.0,0.12034807038068035,0.11931134725397119,0.12143248212857598
7260_liver_sbr_Male_26-U1,tierA_p95,Hepatocytes,oxidative_stress,N1,20.0,25.0,0.11988343293412262,0.11881087532468904,0.12096973584076907
7260_liver_sbr_Male_26-U1,tierA_p95,Hepatocytes,oxidative_stress,N1,25.0,30.0,0.12002764030404534,0.11896240625532069,0.12111717020616997
7260_liver_sbr_Male_26-U1,tierA_p95,Hepatocytes,oxidative_stress,N1,30.0,35.0,0.11983803487847124,0.11874160274417353,0.12086430359093114
7260_liver_sbr_Male_26-U1,tierA_p95,Hepatocytes,oxidative_stress,N1,35.0,40.0,0.11981074201825433,0.11860804577044927,0.12099604335285165
7260_liver_sbr_Male_26-U1,tierA_p95,Hepatocytes,oxidative_stress,N1,40.0,45.0,0.11981305971766938,0.11842350721095471,0.12107283685905106
7260_liver_sbr_Male_26-U1,tierA_p95,Hepatocytes,oxidative_stress,N1,45.0,50.0,0.11948008172631915,0.11802493367140125,0.12090583450904613
7260_liver_sbr_Male_26-U1,tierA_p95,Hepatocytes,oxidative_stress,N1,50.0,55.0,0.1194289162298445,0.11779090755886533,0.12109273532206491
7260_liver_sbr_Male_26-U1,tierA_p95,Hepatocytes,oxidative_stress,N1,55.0,60.0,0.11913604635356866,0.11709650981523843,0.1210922925919381
7260_liver_sbr_Male_26-U1,tierA_p95,Hepatocytes,oxidative_stress,N1,60.0,65.0,0.11896370981150767,0.11662358051677787,0.12138825423043365
7260_liver_sbr_Male_26-U1,tierA_p95,Hepatocytes,oxidative_stress,N1,65.0,70.0,0.11892138133367504,0.11618004000085401,0.12163038532983672
7260_liver_sbr_Male_26-U1,tierA_p95,Hepatocytes,oxidative_stress,N1,70.0,75.0,0.1184758631411605,0.11511008002514854,0.12197015585123114
7260_liver_sbr_Male_26-U1,tierA_p95,Hepatocytes,oxidative_stress,N1,75.0,80.0,0.11809863006975457,0.11371020254408692,0.12221057721964895
7260_liver_sbr_Male_26-U1,tierA_p95,Hepatocytes,oxidative_stress,N1,80.0,85.0,0.11827315566142943,0.11240052802426737,0.1240275170272708
7260_liver_sbr_Male_26-U1,tierA_p95,Hepatocytes,oxidative_stress,N1,85.0,90.0,0.11774652387302527,0.11118538061330366,0.12444317393728163
7260_liver_sbr_Male_26-U1,tierA_p95,Hepatocytes,oxidative_stress,N1,90.0,95.0,0.11778897818179218,0.10991001039006543,0.1258295401145035
7260_liver_sbr_Male_26-U1,tierA_p95,Hepatocytes,oxidative_stress,N1,95.0,100.0,0.11720330198756707,0.10862003149967223,0.1259570533802157
7260_liver_sbr_Male_26-U1,tierA_p95,Hepatocytes,secondary_senescence,N1,0.0,5.0,0.020628103348895584,0.020034941334880693,0.021251008360410294
7260_liver_sbr_Male_26-U1,tierA_p95,Hepatocytes,secondary_senescence,N1,5.0,10.0,0.020709570708639363,0.019553128832981832,0.021863388923199716
7260_liver_sbr_Male_26-U1,tierA_p95,Hepatocytes,secondary_senescence,N1,10.0,15.0,0.021137974593900766,0.020621480586885597,0.02164216707538291
7260_liver_sbr_Male_26-U1,tierA_p95,Hepatocytes,secondary_senescence,N1,15.0,20.0,0.020844187878587633,0.020410476353498547,0.021253786956349174
7260_liver_sbr_Male_26-U1,tierA_p95,Hepatocytes,secondary_senescence,N1,20.0,25.0,0.02075206871315643,0.020360393421133997,0.021130336383950506
7260_liver_sbr_Male_26-U1,tierA_p95,Hepatocytes,secondary_senescence,N1,25.0,30.0,0.020674414565222045,0.020233096909223054,0.021086015502915622
7260_liver_sbr_Male_26-U1,tierA_p95,Hepatocytes,secondary_senescence,N1,30.0,35.0,0.020617193175600214,0.020217844191246073,0.021017516636510945
7260_liver_sbr_Male_26-U1,tierA_p95,Hepatocytes,secondary_senescence,N1,35.0,40.0,0.02053451636273519,0.02005999288351223,0.02097495284636434
7260_liver_sbr_Male_26-U1,tierA_p95,Hepatocytes,secondary_senescence,N1,40.0,45.0,0.020483751792706624,0.020042277184098487,0.020965951900793315
7260_liver_sbr_Male_26-U1,tierA_p95,Hepatocytes,secondary_senescence,N1,45.0,50.0,0.020452350904751504,0.019916013777943945,0.020971548578323226
7260_liver_sbr_Male_26-U1,tierA_p95,Hepatocytes,secondary_senescence,N1,50.0,55.0,0.02037721468062446,0.019802201463438106,0.020989825531668577
7260_liver_sbr_Male_26-U1,tierA_p95,Hepatocytes,secondary_senescence,N1,55.0,60.0,0.020445656569495107,0.019727019646959148,0.021172416125160763
7260_liver_sbr_Male_26-U1,tierA_p95,Hepatocytes,secondary_senescence,N1,60.0,65.0,0.0203565080303776,0.01954158149997979,0.021178483105251163
7260_liver_sbr_Male_26-U1,tierA_p95,Hepatocytes,secondary_senescence,N1,65.0,70.0,0.0203367798807342,0.019317914927837646,0.021344753683009133
7260_liver_sbr_Male_26-U1,tierA_p95,Hepatocytes,secondary_senescence,N1,70.0,75.0,0.020355928557681677,0.01917011898717228,0.02153040561133976
7260_liver_sbr_Male_26-U1,tierA_p95,Hepatocytes,secondary_senescence,N1,75.0,80.0,0.020306639438834644,0.018859767279837524,0.0218807031438883
7260_liver_sbr_Male_26-U1,tierA_p95,Hepatocytes,secondary_senescence,N1,80.0,85.0,0.020304604946922,0.01853940205728777,0.022063761648543474
7260_liver_sbr_Male_26-U1,tierA_p95,Hepatocytes,secondary_senescence,N1,85.0,90.0,0.020318172841421667,0.018175979899597548,0.02250171508228212
7260_liver_sbr_Male_26-U1,tierA_p95,Hepatocytes,secondary_senescence,N1,90.0,95.0,0.020157079081707018,0.01734971256885475,0.02322240068975683
7260_liver_sbr_Male_26-U1,tierA_p95,Hepatocytes,secondary_senescence,N1,95.0,100.0,0.01980353429093237,0.017323045759869787,0.022467563306378537
7260_liver_sbr_Male_26-U1,tierA_p95,Hepatocytes,tnfa_nfkb_proximal,N1,0.0,5.0,-0.006996880435815921,-0.007640182577667451,-0.00636387670427299
7260_liver_sbr_Male_26-U1,tierA_p95,Hepatocytes,tnfa_nfkb_proximal,N1,5.0,10.0,-0.006787071461353216,-0.007880878690979615,-0.005602342862183487
7260_liver_sbr_Male_26-U1,tierA_p95,Hepatocytes,tnfa_nfkb_proximal,N1,10.0,15.0,-0.006556757697907137,-0.007047729108522312,-0.006051350957927616
7260_liver_sbr_Male_26-U1,tierA_p95,Hepatocytes,tnfa_nfkb_proximal,N1,15.0,20.0,-0.006724574036553222,-0.007135832814355169,-0.006294185950002548
7260_liver_sbr_Male_26-U1,tierA_p95,Hepatocytes,tnfa_nfkb_proximal,N1,20.0,25.0,-0.006722201984758229,-0.007177573227111564,-0.006318890418686403
7260_liver_sbr_Male_26-U1,tierA_p95,Hepatocytes,tnfa_nfkb_proximal,N1,25.0,30.0,-0.006819140198233999,-0.0072267717675459486,-0.0064213180312283425
7260_liver_sbr_Male_26-U1,tierA_p95,Hepatocytes,tnfa_nfkb_proximal,N1,30.0,35.0,-0.006946217011983932,-0.00735702362002062,-0.00652822781576499
7260_liver_sbr_Male_26-U1,tierA_p95,Hepatocytes,tnfa_nfkb_proximal,N1,35.0,40.0,-0.007060741552841071,-0.007486418315007606,-0.006587794155661817
7260_liver_sbr_Male_26-U1,tierA_p95,Hepatocytes,tnfa_nfkb_proximal,N1,40.0,45.0,-0.007160251046603485,-0.007662221908869363,-0.006657016187626853
7260_liver_sbr_Male_26-U1,tierA_p95,Hepatocytes,tnfa_nfkb_proximal,N1,45.0,50.0,-0.007230376107121716,-0.007759794353439985,-0.006649120476728414
7260_liver_sbr_Male_26-U1,tierA_p95,Hepatocytes,tnfa_nfkb_proximal,N1,50.0,55.0,-0.007318920136547713,-0.007932166029194545,-0.006705070247629073
7260_liver_sbr_Male_26-U1,tierA_p95,Hepatocytes,tnfa_nfkb_proximal,N1,55.0,60.0,-0.0073896039663251326,-0.008111432799431653,-0.006679358079349069
7260_liver_sbr_Male_26-U1,tierA_p95,Hepatocytes,tnfa_nfkb_proximal,N1,60.0,65.0,-0.007488755772109057,-0.008287745197018399,-0.006650666777784675
7260_liver_sbr_Male_26-U1,tierA_p95,Hepatocytes,tnfa_nfkb_proximal,N1,65.0,70.0,-0.00760462504115182,-0.00858425820902291,-0.006524156949298084
7260_liver_sbr_Male_26-U1,tierA_p95,Hepatocytes,tnfa_nfkb_proximal,N1,70.0,75.0,-0.0076755297702215,-0.008855609231133243,-0.006412491879003579
7260_liver_sbr_Male_26-U1,tierA_p95,Hepatocytes,tnfa_nfkb_proximal,N1,75.0,80.0,-0.007783290793386202,-0.009239356577379634,-0.006286492178833833
7260_liver_sbr_Male_26-U1,tierA_p95,Hepatocytes,tnfa_nfkb_proximal,N1,80.0,85.0,-0.007798278859208232,-0.00966912001359136,-0.005831861602806609
7260_liver_sbr_Male_26-U1,tierA_p95,Hepatocytes,tnfa_nfkb_proximal,N1,85.0,90.0,-0.00804736771844877,-0.010357063346134232,-0.0058577077546578095
7260_liver_sbr_Male_26-U1,tierA_p95,Hepatocytes,tnfa_nfkb_proximal,N1,90.0,95.0,-0.008120855840105254,-0.01083312014870203,-0.005146692159994644
7260_liver_sbr_Male_26-U1,tierA_p95,Hepatocytes,tnfa_nfkb_proximal,N1,95.0,100.0,-0.009015227935826065,-0.012270248186126747,-0.005790801638476285
7260_liver_sbr_Male_26-U1,tierA_p95,Hepatocytes,downstream_arrest,N3,0.0,5.0,0.006423908221568663,0.004876404657444557,0.00801527492615932
7260_liver_sbr_Male_26-U1,tierA_p95,Hepatocytes,downstream_arrest,N3,5.0,10.0,0.0064540907594854485,0.00517657955465178,0.007759891771225124
7260_liver_sbr_Male_26-U1,tierA_p95,Hepatocytes,downstream_arrest,N3,10.0,15.0,0.006452933905989642,0.005240738055943299,0.007668376617338294
7260_liver_sbr_Male_26-U1,tierA_p95,Hepatocytes,downstream_arrest,N3,15.0,20.0,0.0064490048359393285,0.005341731834907729,0.007593402101344799
7260_liver_sbr_Male_26-U1,tierA_p95,Hepatocytes,downstream_arrest,N3,20.0,25.0,0.006454249473844614,0.005353130822000411,0.007530212627536993
7260_liver_sbr_Male_26-U1,tierA_p95,Hepatocytes,downstream_arrest,N3,25.0,30.0,0.006462372453543093,0.0053738754017154285,0.007542812877665125
7260_liver_sbr_Male_26-U1,tierA_p95,Hepatocytes,downstream_arrest,N3,30.0,35.0,0.006464109790128825,0.005452129184513133,0.007500902810376504
7260_liver_sbr_Male_26-U1,tierA_p95,Hepatocytes,downstream_arrest,N3,35.0,40.0,0.006453603371571479,0.0054944178699935856,0.0073756902525583855
7260_liver_sbr_Male_26-U1,tierA_p95,Hepatocytes,downstream_arrest,N3,40.0,45.0,0.006463615425905142,0.0054796795280153,0.007498373142039153
7260_liver_sbr_Male_26-U1,tierA_p95,Hepatocytes,downstream_arrest,N3,45.0,50.0,0.006453837537074426,0.005559842594639438,0.007408573853720603
7260_liver_sbr_Male_26-U1,tierA_p95,Hepatocytes,downstream_arrest,N3,50.0,55.0,0.006444235976786622,0.005522079609248266,0.007356155964009625
7260_liver_sbr_Male_26-U1,tierA_p95,Hepatocytes,downstream_arrest,N3,55.0,60.0,0.006433445961815571,0.005471972156651265,0.007402875643540093
7260_liver_sbr_Male_26-U1,tierA_p95,Hepatocytes,downstream_arrest,N3,60.0,65.0,0.006443197848388472,0.005559938118571792,0.007458892760583956
7260_liver_sbr_Male_26-U1,tierA_p95,Hepatocytes,downstream_arrest,N3,65.0,70.0,0.0064297404823956605,0.005337159149223146,0.007489075252998526
7260_liver_sbr_Male_26-U1,tierA_p95,Hepatocytes,downstream_arrest,N3,70.0,75.0,0.00644085781104371,0.005299496519404406,0.00759776485933242
7260_liver_sbr_Male_26-U1,tierA_p95,Hepatocytes,downstream_arrest,N3,75.0,80.0,0.006416973463959177,0.005072703824647279,0.007726391212447405
7260_liver_sbr_Male_26-U1,tierA_p95,Hepatocytes,downstream_arrest,N3,80.0,85.0,0.006464173042785934,0.004968871917077615,0.008148151430369505
7260_liver_sbr_Male_26-U1,tierA_p95,Hepatocytes,downstream_arrest,N3,85.0,90.0,0.006393051677733194,0.004650114897764497,0.008305515988739175
7260_liver_sbr_Male_26-U1,tierA_p95,Hepatocytes,downstream_arrest,N3,90.0,95.0,0.0064376393958589075,0.004495540026733253,0.00856895440775028
7260_liver_sbr_Male_26-U1,tierA_p95,Hepatocytes,downstream_arrest,N3,95.0,100.0,0.0065488123470968575,0.004833199341279326,0.00938198895287107
7260_liver_sbr_Male_26-U1,tierA_p95,Hepatocytes,emt_ecm,N3,0.0,5.0,0.007035201209044431,0.005208751345672651,0.009053832963510687
7260_liver_sbr_Male_26-U1,tierA_p95,Hepatocytes,emt_ecm,N3,5.0,10.0,0.007075972112863862,0.005672617753038001,0.008624886238846332
7260_liver_sbr_Male_26-U1,tierA_p95,Hepatocytes,emt_ecm,N3,10.0,15.0,0.007079890900535053,0.005711149160242726,0.008550391377464179
7260_liver_sbr_Male_26-U1,tierA_p95,Hepatocytes,emt_ecm,N3,15.0,20.0,0.007076390202417179,0.005731267765995531,0.00852116072534757
7260_liver_sbr_Male_26-U1,tierA_p95,Hepatocytes,emt_ecm,N3,20.0,25.0,0.0070747325684691435,0.005828736357449143,0.008506535128568148
7260_liver_sbr_Male_26-U1,tierA_p95,Hepatocytes,emt_ecm,N3,25.0,30.0,0.007058663692938095,0.005785022755544484,0.008412879036211771
7260_liver_sbr_Male_26-U1,tierA_p95,Hepatocytes,emt_ecm,N3,30.0,35.0,0.007062040380611322,0.0058743163386802705,0.00843616751329109
7260_liver_sbr_Male_26-U1,tierA_p95,Hepatocytes,emt_ecm,N3,35.0,40.0,0.007082673882506411,0.005854336072352647,0.008485655294757291
7260_liver_sbr_Male_26-U1,tierA_p95,Hepatocytes,emt_ecm,N3,40.0,45.0,0.007083121932404928,0.005842908047476091,0.00831898650239004
7260_liver_sbr_Male_26-U1,tierA_p95,Hepatocytes,emt_ecm,N3,45.0,50.0,0.0070734661466505646,0.005787741689413724,0.008323145049895207
7260_liver_sbr_Male_26-U1,tierA_p95,Hepatocytes,emt_ecm,N3,50.0,55.0,0.007071188659287288,0.005841422194489462,0.008274223390046123
7260_liver_sbr_Male_26-U1,tierA_p95,Hepatocytes,emt_ecm,N3,55.0,60.0,0.0070661647418945005,0.005778711506214741,0.008304752172909786
7260_liver_sbr_Male_26-U1,tierA_p95,Hepatocytes,emt_ecm,N3,60.0,65.0,0.007079277789256162,0.005738825511855075,0.008407619999998802
7260_liver_sbr_Male_26-U1,tierA_p95,Hepatocytes,emt_ecm,N3,65.0,70.0,0.007048795813843882,0.0056425340856848085,0.008411103827679274
7260_liver_sbr_Male_26-U1,tierA_p95,Hepatocytes,emt_ecm,N3,70.0,75.0,0.007085822667112881,0.005520552548584077,0.00855218525592291
7260_liver_sbr_Male_26-U1,tierA_p95,Hepatocytes,emt_ecm,N3,75.0,80.0,0.007097875550989702,0.005467563517987768,0.008844912545124161
7260_liver_sbr_Male_26-U1,tierA_p95,Hepatocytes,emt_ecm,N3,80.0,85.0,0.007040453171683859,0.005057303295353009,0.008952296149486555
7260_liver_sbr_Male_26-U1,tierA_p95,Hepatocytes,emt_ecm,N3,85.0,90.0,0.0070448542427239145,0.004985126246028033,0.009098001910925378
7260_liver_sbr_Male_26-U1,tierA_p95,Hepatocytes,emt_ecm,N3,90.0,95.0,0.00701349851702401,0.004808109331936939,0.009113395652097468
7260_liver_sbr_Male_26-U1,tierA_p95,Hepatocytes,emt_ecm,N3,95.0,100.0,0.006738786259583645,0.0019485420197697609,0.008970874057703655
7260_liver_sbr_Male_26-U1,tierA_p95,Hepatocytes,il6_jak_stat3,N3,0.0,5.0,-0.022132165985744637,-0.023967599099305802,-0.020402099458754857
7260_liver_sbr_Male_26-U1,tierA_p95,Hepatocytes,il6_jak_stat3,N3,5.0,10.0,-0.022120048641303847,-0.02348915508563087,-0.02088343128619693
7260_liver_sbr_Male_26-U1,tierA_p95,Hepatocytes,il6_jak_stat3,N3,10.0,15.0,-0.022115870034261086,-0.023429509841589372,-0.020919880845077496
7260_liver_sbr_Male_26-U1,tierA_p95,Hepatocytes,il6_jak_stat3,N3,15.0,20.0,-0.022123557496729986,-0.023370082469750583,-0.02100342522744713
7260_liver_sbr_Male_26-U1,tierA_p95,Hepatocytes,il6_jak_stat3,N3,20.0,25.0,-0.022118711347149593,-0.02332895203531212,-0.02103162940480495
7260_liver_sbr_Male_26-U1,tierA_p95,Hepatocytes,il6_jak_stat3,N3,25.0,30.0,-0.022102468595433085,-0.02335448701110126,-0.021050688596121053
7260_liver_sbr_Male_26-U1,tierA_p95,Hepatocytes,il6_jak_stat3,N3,30.0,35.0,-0.022125870062054923,-0.023391330534326665,-0.02106692559227339
7260_liver_sbr_Male_26-U1,tierA_p95,Hepatocytes,il6_jak_stat3,N3,35.0,40.0,-0.022100035097685575,-0.02333469512046114,-0.020951128757156184
7260_liver_sbr_Male_26-U1,tierA_p95,Hepatocytes,il6_jak_stat3,N3,40.0,45.0,-0.02211945320698056,-0.02338112075759649,-0.020987645882091076
7260_liver_sbr_Male_26-U1,tierA_p95,Hepatocytes,il6_jak_stat3,N3,45.0,50.0,-0.022118414364513568,-0.023392669771381096,-0.021018444054355864
7260_liver_sbr_Male_26-U1,tierA_p95,Hepatocytes,il6_jak_stat3,N3,50.0,55.0,-0.022112976046324867,-0.02344303615266016,-0.02084730463956841
7260_liver_sbr_Male_26-U1,tierA_p95,Hepatocytes,il6_jak_stat3,N3,55.0,60.0,-0.022124022061035833,-0.0234584590045506,-0.02087682397247116
7260_liver_sbr_Male_26-U1,tierA_p95,Hepatocytes,il6_jak_stat3,N3,60.0,65.0,-0.022121700770681117,-0.023618938765646982,-0.02078625419804127
7260_liver_sbr_Male_26-U1,tierA_p95,Hepatocytes,il6_jak_stat3,N3,65.0,70.0,-0.022174797926460668,-0.023718090903168548,-0.02075335845035375
7260_liver_sbr_Male_26-U1,tierA_p95,Hepatocytes,il6_jak_stat3,N3,70.0,75.0,-0.022190984196867273,-0.023944105489571647,-0.02072922337033169
7260_liver_sbr_Male_26-U1,tierA_p95,Hepatocytes,il6_jak_stat3,N3,75.0,80.0,-0.02218037557185761,-0.023958028080763395,-0.02055176888682093
7260_liver_sbr_Male_26-U1,tierA_p95,Hepatocytes,il6_jak_stat3,N3,80.0,85.0,-0.02219783234940131,-0.024122779503263796,-0.02026230127306736
7260_liver_sbr_Male_26-U1,tierA_p95,Hepatocytes,il6_jak_stat3,N3,85.0,90.0,-0.022239315432765513,-0.024255209969384836,-0.020267625568976648
7260_liver_sbr_Male_26-U1,tierA_p95,Hepatocytes,il6_jak_stat3,N3,90.0,95.0,-0.022209074179566187,-0.024709158830452844,-0.01997329890835417
7260_liver_sbr_Male_26-U1,tierA_p95,Hepatocytes,il6_jak_stat3,N3,95.0,100.0,-0.02246080562460603,-0.02580666159203419,-0.020100418275442816
7260_liver_sbr_Male_26-U1,tierA_p95,Hepatocytes,interferon_response,N3,0.0,5.0,0.00039235440182214666,-0.001495141363332906,0.002150063029409703
7260_liver_sbr_Male_26-U1,tierA_p95,Hepatocytes,interferon_response,N3,5.0,10.0,0.0003854653818203028,-0.0012288612096078436,0.0017397402899073822
7260_liver_sbr_Male_26-U1,tierA_p95,Hepatocytes,interferon_response,N3,10.0,15.0,0.00039503813327662726,-0.0011108760882436112,0.001720309630957942
7260_liver_sbr_Male_26-U1,tierA_p95,Hepatocytes,interferon_response,N3,15.0,20.0,0.0004108955540889295,-0.001080583833271673,0.0017114908059516097
7260_liver_sbr_Male_26-U1,tierA_p95,Hepatocytes,interferon_response,N3,20.0,25.0,0.0004094319268526834,-0.0010484638636064174,0.001613249798273583
7260_liver_sbr_Male_26-U1,tierA_p95,Hepatocytes,interferon_response,N3,25.0,30.0,0.0004022239427942827,-0.0010495894206933752,0.0016060074489689024
7260_liver_sbr_Male_26-U1,tierA_p95,Hepatocytes,interferon_response,N3,30.0,35.0,0.0003934378123059218,-0.0011005836996600008,0.001581797652980262
7260_liver_sbr_Male_26-U1,tierA_p95,Hepatocytes,interferon_response,N3,35.0,40.0,0.0004113498897488243,-0.0009876729948788956,0.0015748569544559315
7260_liver_sbr_Male_26-U1,tierA_p95,Hepatocytes,interferon_response,N3,40.0,45.0,0.0004122665788323903,-0.0010231186814223868,0.00156703471996842
7260_liver_sbr_Male_26-U1,tierA_p95,Hepatocytes,interferon_response,N3,45.0,50.0,0.000392057363933752,-0.0009386352032900972,0.001557814161996445
7260_liver_sbr_Male_26-U1,tierA_p95,Hepatocytes,interferon_response,N3,50.0,55.0,0.0004008797568587695,-0.0009954794158568982,0.001622363810520086
7260_liver_sbr_Male_26-U1,tierA_p95,Hepatocytes,interferon_response,N3,55.0,60.0,0.0004012610106152937,-0.0010132421202096408,0.0016181128671724871
7260_liver_sbr_Male_26-U1,tierA_p95,Hepatocytes,interferon_response,N3,60.0,65.0,0.00042626568989872604,-0.0010520985018161403,0.0017124898344826921
7260_liver_sbr_Male_26-U1,tierA_p95,Hepatocytes,interferon_response,N3,65.0,70.0,0.0003983726772641101,-0.0009627651980291874,0.0017423281698878915
7260_liver_sbr_Male_26-U1,tierA_p95,Hepatocytes,interferon_response,N3,70.0,75.0,0.0003948229087181789,-0.0010141807377522134,0.0018117566194123273
7260_liver_sbr_Male_26-U1,tierA_p95,Hepatocytes,interferon_response,N3,75.0,80.0,0.00040243317953771065,-0.0010919772322504867,0.0019387167719663867
7260_liver_sbr_Male_26-U1,tierA_p95,Hepatocytes,interferon_response,N3,80.0,85.0,0.000450048639722997,-0.0010909999552406137,0.002204964184648347
7260_liver_sbr_Male_26-U1,tierA_p95,Hepatocytes,interferon_response,N3,85.0,90.0,0.00041661390277514547,-0.00141292554569969,0.002205806358424814
7260_liver_sbr_Male_26-U1,tierA_p95,Hepatocytes,interferon_response,N3,90.0,95.0,0.00039215579619353026,-0.0015835093470555983,0.0023908427813308627
7260_liver_sbr_Male_26-U1,tierA_p95,Hepatocytes,interferon_response,N3,95.0,100.0,0.00017612840363506903,-0.002557190719216595,0.003131939788207585
7260_liver_sbr_Male_26-U1,tierA_p95,Hepatocytes,oxidative_stress,N3,0.0,5.0,0.1195630238092994,0.11405999771051492,0.1253130066651724
7260_liver_sbr_Male_26-U1,tierA_p95,Hepatocytes,oxidative_stress,N3,5.0,10.0,0.11957982651380053,0.11479003580911705,0.12447001663344529
7260_liver_sbr_Male_26-U1,tierA_p95,Hepatocytes,oxidative_stress,N3,10.0,15.0,0.11957744743277156,0.1150783747810435,0.12460544191940229
7260_liver_sbr_Male_26-U1,tierA_p95,Hepatocytes,oxidative_stress,N3,15.0,20.0,0.11958275895887208,0.11514387621414565,0.1245513099011154
7260_liver_sbr_Male_26-U1,tierA_p95,Hepatocytes,oxidative_stress,N3,20.0,25.0,0.1196505817732907,0.11538072310657563,0.12432574930936034
7260_liver_sbr_Male_26-U1,tierA_p95,Hepatocytes,oxidative_stress,N3,25.0,30.0,0.11962935424171316,0.11568787146125345,0.12404976568598687
7260_liver_sbr_Male_26-U1,tierA_p95,Hepatocytes,oxidative_stress,N3,30.0,35.0,0.11960728377669247,0.1157791430923191,0.12394551797767832
7260_liver_sbr_Male_26-U1,tierA_p95,Hepatocytes,oxidative_stress,N3,35.0,40.0,0.11959051062144548,0.11573410865670657,0.12372687117287215
7260_liver_sbr_Male_26-U1,tierA_p95,Hepatocytes,oxidative_stress,N3,40.0,45.0,0.11959247725654915,0.1157367026929765,0.1235655957226758
7260_liver_sbr_Male_26-U1,tierA_p95,Hepatocytes,oxidative_stress,N3,45.0,50.0,0.11961930299616232,0.11591753934911952,0.12356060027943043
7260_liver_sbr_Male_26-U1,tierA_p95,Hepatocytes,oxidative_stress,N3,50.0,55.0,0.11960880386277677,0.11625896276448598,0.12316735822088123
7260_liver_sbr_Male_26-U1,tierA_p95,Hepatocytes,oxidative_stress,N3,55.0,60.0,0.11963587481948587,0.11610826735103863,0.12317781097461987
7260_liver_sbr_Male_26-U1,tierA_p95,Hepatocytes,oxidative_stress,N3,60.0,65.0,0.11957027862432777,0.11604872122059808,0.12318230263821271
7260_liver_sbr_Male_26-U1,tierA_p95,Hepatocytes,oxidative_stress,N3,65.0,70.0,0.1196072671086385,0.11602746651239035,0.123470293962
7260_liver_sbr_Male_26-U1,tierA_p95,Hepatocytes,oxidative_stress,N3,70.0,75.0,0.11966163103588434,0.11545622066992,0.12397578218397921
7260_liver_sbr_Male_26-U1,tierA_p95,Hepatocytes,oxidative_stress,N3,75.0,80.0,0.11962745592503725,0.1148545651320149,0.12484935535234709
7260_liver_sbr_Male_26-U1,tierA_p95,Hepatocytes,oxidative_stress,N3,80.0,85.0,0.11982263170895337,0.11425212436436555,0.12596547693153942
7260_liver_sbr_Male_26-U1,tierA_p95,Hepatocytes,oxidative_stress,N3,85.0,90.0,0.11980674845780033,0.1136480676025838,0.12671133540390966
7260_liver_sbr_Male_26-U1,tierA_p95,Hepatocytes,oxidative_stress,N3,90.0,95.0,0.11973662940677178,0.11293566297211717,0.12773114042201622
7260_liver_sbr_Male_26-U1,tierA_p95,Hepatocytes,oxidative_stress,N3,95.0,100.0,0.12039548409852802,0.11239531315305436,0.13282049740229754
7260_liver_sbr_Male_26-U1,tierA_p95,Hepatocytes,secondary_senescence,N3,0.0,5.0,0.020603521975024942,0.018947651835151246,0.02230430130933617
7260_liver_sbr_Male_26-U1,tierA_p95,Hepatocytes,secondary_senescence,N3,5.0,10.0,0.02063784915819488,0.019458043734377074,0.02200784219578818
7260_liver_sbr_Male_26-U1,tierA_p95,Hepatocytes,secondary_senescence,N3,10.0,15.0,0.02062378834695252,0.019528254746285216,0.021966487765823762
7260_liver_sbr_Male_26-U1,tierA_p95,Hepatocytes,secondary_senescence,N3,15.0,20.0,0.020637830869695253,0.019572601682815577,0.021812744203548128
7260_liver_sbr_Male_26-U1,tierA_p95,Hepatocytes,secondary_senescence,N3,20.0,25.0,0.020644735354692394,0.019638909807129065,0.02179362452066785
7260_liver_sbr_Male_26-U1,tierA_p95,Hepatocytes,secondary_senescence,N3,25.0,30.0,0.020622812404445325,0.01960075531282011,0.021791187333200176
7260_liver_sbr_Male_26-U1,tierA_p95,Hepatocytes,secondary_senescence,N3,30.0,35.0,0.020630833727187846,0.019708712514307166,0.021753228191953678
7260_liver_sbr_Male_26-U1,tierA_p95,Hepatocytes,secondary_senescence,N3,35.0,40.0,0.02064054969110908,0.019689722720774048,0.021814792404740536
7260_liver_sbr_Male_26-U1,tierA_p95,Hepatocytes,secondary_senescence,N3,40.0,45.0,0.02064315274041445,0.01966639393456765,0.021686877778866666
7260_liver_sbr_Male_26-U1,tierA_p95,Hepatocytes,secondary_senescence,N3,45.0,50.0,0.020656254593229846,0.01967325972913333,0.021764638467203775
7260_liver_sbr_Male_26-U1,tierA_p95,Hepatocytes,secondary_senescence,N3,50.0,55.0,0.020624671771672962,0.019646062355081408,0.021671643043550685
7260_liver_sbr_Male_26-U1,tierA_p95,Hepatocytes,secondary_senescence,N3,55.0,60.0,0.020641484483308412,0.019650207015504052,0.021697539189577602
7260_liver_sbr_Male_26-U1,tierA_p95,Hepatocytes,secondary_senescence,N3,60.0,65.0,0.020610438542391696,0.019475859628479326,0.021700605754512936
7260_liver_sbr_Male_26-U1,tierA_p95,Hepatocytes,secondary_senescence,N3,65.0,70.0,0.02062109661838531,0.019388904846875655,0.021777287301363024
7260_liver_sbr_Male_26-U1,tierA_p95,Hepatocytes,secondary_senescence,N3,70.0,75.0,0.0206138243862125,0.01922232218915458,0.021862766026935883
7260_liver_sbr_Male_26-U1,tierA_p95,Hepatocytes,secondary_senescence,N3,75.0,80.0,0.020630070385621566,0.019078967190491094,0.022111656941502748
7260_liver_sbr_Male_26-U1,tierA_p95,Hepatocytes,secondary_senescence,N3,80.0,85.0,0.020589883367177583,0.018770799406814427,0.022223618665988192
7260_liver_sbr_Male_26-U1,tierA_p95,Hepatocytes,secondary_senescence,N3,85.0,90.0,0.020581601813242267,0.018554052981882112,0.022312755374154426
7260_liver_sbr_Male_26-U1,tierA_p95,Hepatocytes,secondary_senescence,N3,90.0,95.0,0.020587237486105546,0.018449531319657236,0.02247584530331103
7260_liver_sbr_Male_26-U1,tierA_p95,Hepatocytes,secondary_senescence,N3,95.0,100.0,0.020371434869916237,0.016192302927050185,0.022097163465912995
7260_liver_sbr_Male_26-U1,tierA_p95,Hepatocytes,tnfa_nfkb_proximal,N3,0.0,5.0,-0.006994049390753087,-0.008375683861728309,-0.005451044973762147
7260_liver_sbr_Male_26-U1,tierA_p95,Hepatocytes,tnfa_nfkb_proximal,N3,5.0,10.0,-0.006998018770628645,-0.00793217889056841,-0.005998585801180962
7260_liver_sbr_Male_26-U1,tierA_p95,Hepatocytes,tnfa_nfkb_proximal,N3,10.0,15.0,-0.006988788293417359,-0.007856335197819657,-0.006137501108185486
7260_liver_sbr_Male_26-U1,tierA_p95,Hepatocytes,tnfa_nfkb_proximal,N3,15.0,20.0,-0.006993707933731894,-0.007770735954987877,-0.006210292699810071
7260_liver_sbr_Male_26-U1,tierA_p95,Hepatocytes,tnfa_nfkb_proximal,N3,20.0,25.0,-0.00699574125684545,-0.007692513065195981,-0.0062205046312936805
7260_liver_sbr_Male_26-U1,tierA_p95,Hepatocytes,tnfa_nfkb_proximal,N3,25.0,30.0,-0.006992895241211535,-0.007674534486377579,-0.006258456363180643
7260_liver_sbr_Male_26-U1,tierA_p95,Hepatocytes,tnfa_nfkb_proximal,N3,30.0,35.0,-0.006976690621244236,-0.007664944612525821,-0.00623399635581274
7260_liver_sbr_Male_26-U1,tierA_p95,Hepatocytes,tnfa_nfkb_proximal,N3,35.0,40.0,-0.0069682350378165855,-0.007651494118717964,-0.006226510147659513
7260_liver_sbr_Male_26-U1,tierA_p95,Hepatocytes,tnfa_nfkb_proximal,N3,40.0,45.0,-0.006975128352832317,-0.0077089079997238845,-0.006185859538661935
7260_liver_sbr_Male_26-U1,tierA_p95,Hepatocytes,tnfa_nfkb_proximal,N3,45.0,50.0,-0.006970173599031613,-0.007683233788712279,-0.00612213328350782
7260_liver_sbr_Male_26-U1,tierA_p95,Hepatocytes,tnfa_nfkb_proximal,N3,50.0,55.0,-0.006994445463977549,-0.007744107424882152,-0.006198198706249707
7260_liver_sbr_Male_26-U1,tierA_p95,Hepatocytes,tnfa_nfkb_proximal,N3,55.0,60.0,-0.0070043293066465164,-0.007847677528096479,-0.006084541617873377
7260_liver_sbr_Male_26-U1,tierA_p95,Hepatocytes,tnfa_nfkb_proximal,N3,60.0,65.0,-0.007018191336626334,-0.00803859480851531,-0.00604752274063345
7260_liver_sbr_Male_26-U1,tierA_p95,Hepatocytes,tnfa_nfkb_proximal,N3,65.0,70.0,-0.0070177770174378075,-0.008183734410813034,-0.005950436011673333
7260_liver_sbr_Male_26-U1,tierA_p95,Hepatocytes,tnfa_nfkb_proximal,N3,70.0,75.0,-0.007044515506515006,-0.008253909590321596,-0.005882527067933103
7260_liver_sbr_Male_26-U1,tierA_p95,Hepatocytes,tnfa_nfkb_proximal,N3,75.0,80.0,-0.007046669594365568,-0.008375449400907954,-0.005647107559527082
7260_liver_sbr_Male_26-U1,tierA_p95,Hepatocytes,tnfa_nfkb_proximal,N3,80.0,85.0,-0.007084856592746842,-0.00854401789501078,-0.005503011088759125
7260_liver_sbr_Male_26-U1,tierA_p95,Hepatocytes,tnfa_nfkb_proximal,N3,85.0,90.0,-0.007096755908412055,-0.00891176791337683,-0.0054241424360862555
7260_liver_sbr_Male_26-U1,tierA_p95,Hepatocytes,tnfa_nfkb_proximal,N3,90.0,95.0,-0.007090981065541878,-0.00911992565146919,-0.00507766006420581
7260_liver_sbr_Male_26-U1,tierA_p95,Hepatocytes,tnfa_nfkb_proximal,N3,95.0,100.0,-0.007143372590731051,-0.00873429238961537,-0.0060339026746117595
7260_liver_sbr_Male_26-U1,tierA_p95,Hepatocytes,downstream_arrest,N4,0.0,5.0,0.006198448899773606,0.005142661693795958,0.0072234855790655845
7260_liver_sbr_Male_26-U1,tierA_p95,Hepatocytes,downstream_arrest,N4,5.0,10.0,0.006140514787116153,0.005442020035217821,0.006828009857758641
7260_liver_sbr_Male_26-U1,tierA_p95,Hepatocytes,downstream_arrest,N4,10.0,15.0,0.006168749837304123,0.0056025816673387725,0.006753990652686563
7260_liver_sbr_Male_26-U1,tierA_p95,Hepatocytes,downstream_arrest,N4,15.0,20.0,0.006162550109493022,0.005587409160037476,0.006672107338778766
7260_liver_sbr_Male_26-U1,tierA_p95,Hepatocytes,downstream_arrest,N4,20.0,25.0,0.006177456637116706,0.00564517406108876,0.006664163942782652
7260_liver_sbr_Male_26-U1,tierA_p95,Hepatocytes,downstream_arrest,N4,25.0,30.0,0.0062177608742982875,0.0056362398275425826,0.00669962502102026
7260_liver_sbr_Male_26-U1,tierA_p95,Hepatocytes,downstream_arrest,N4,30.0,35.0,0.006223332047021797,0.005672761622458236,0.006745649479474085
7260_liver_sbr_Male_26-U1,tierA_p95,Hepatocytes,downstream_arrest,N4,35.0,40.0,0.006240734113817901,0.005646041511091851,0.006840739455664675
7260_liver_sbr_Male_26-U1,tierA_p95,Hepatocytes,downstream_arrest,N4,40.0,45.0,0.006263346975070905,0.0056551245686274525,0.006877604030527469
7260_liver_sbr_Male_26-U1,tierA_p95,Hepatocytes,downstream_arrest,N4,45.0,50.0,0.006299259537974373,0.005648637224427288,0.006984138602490379
7260_liver_sbr_Male_26-U1,tierA_p95,Hepatocytes,downstream_arrest,N4,50.0,55.0,0.006326589325966476,0.005610713177162272,0.007038497270801175
7260_liver_sbr_Male_26-U1,tierA_p95,Hepatocytes,downstream_arrest,N4,55.0,60.0,0.006397620804369707,0.005573059244163128,0.007245301663106477
7260_liver_sbr_Male_26-U1,tierA_p95,Hepatocytes,downstream_arrest,N4,60.0,65.0,0.0064540338706313505,0.005630866380151793,0.007425128489314195
7260_liver_sbr_Male_26-U1,tierA_p95,Hepatocytes,downstream_arrest,N4,65.0,70.0,0.0064948380119927126,0.00541691115619518,0.007495352352544289
7260_liver_sbr_Male_26-U1,tierA_p95,Hepatocytes,downstream_arrest,N4,70.0,75.0,0.00662349057203664,0.005488441537791918,0.007862191423799025
7260_liver_sbr_Male_26-U1,tierA_p95,Hepatocytes,downstream_arrest,N4,75.0,80.0,0.006761151986173246,0.005551396904575165,0.00814763313088613
7260_liver_sbr_Male_26-U1,tierA_p95,Hepatocytes,downstream_arrest,N4,80.0,85.0,0.006811571504975184,0.005466087763888564,0.008181554600092232
7260_liver_sbr_Male_26-U1,tierA_p95,Hepatocytes,downstream_arrest,N4,85.0,90.0,0.006930890256080896,0.005360807132431483,0.008557746624950164
7260_liver_sbr_Male_26-U1,tierA_p95,Hepatocytes,downstream_arrest,N4,90.0,95.0,0.006950689908153706,0.005160468996247842,0.008661653246148994
7260_liver_sbr_Male_26-U1,tierA_p95,Hepatocytes,downstream_arrest,N4,95.0,100.0,0.007279604998627958,0.004793870835996003,0.008993263680149346
7260_liver_sbr_Male_26-U1,tierA_p95,Hepatocytes,emt_ecm,N4,0.0,5.0,0.007841240097946038,0.006534889282729888,0.009259056563908786
7260_liver_sbr_Male_26-U1,tierA_p95,Hepatocytes,emt_ecm,N4,5.0,10.0,0.007860792105964689,0.007120801481090775,0.008696561759708319
7260_liver_sbr_Male_26-U1,tierA_p95,Hepatocytes,emt_ecm,N4,10.0,15.0,0.007866043516912447,0.0072168650738837475,0.008569342991460827
7260_liver_sbr_Male_26-U1,tierA_p95,Hepatocytes,emt_ecm,N4,15.0,20.0,0.007849660425805526,0.007246124803540238,0.008500205583540699
7260_liver_sbr_Male_26-U1,tierA_p95,Hepatocytes,emt_ecm,N4,20.0,25.0,0.00784705634093368,0.007287651483689388,0.008437726754984392
7260_liver_sbr_Male_26-U1,tierA_p95,Hepatocytes,emt_ecm,N4,25.0,30.0,0.007801698136631546,0.007219537260438019,0.008394247822639181
7260_liver_sbr_Male_26-U1,tierA_p95,Hepatocytes,emt_ecm,N4,30.0,35.0,0.007775041631863015,0.007170870843075885,0.008368752181915167
7260_liver_sbr_Male_26-U1,tierA_p95,Hepatocytes,emt_ecm,N4,35.0,40.0,0.007764179079501167,0.0070723109821847095,0.008415984097603219
7260_liver_sbr_Male_26-U1,tierA_p95,Hepatocytes,emt_ecm,N4,40.0,45.0,0.007696367498915077,0.006868844620137349,0.00841323901035655
7260_liver_sbr_Male_26-U1,tierA_p95,Hepatocytes,emt_ecm,N4,45.0,50.0,0.007605611884306536,0.006742993907831681,0.008359044333324217
7260_liver_sbr_Male_26-U1,tierA_p95,Hepatocytes,emt_ecm,N4,50.0,55.0,0.007546737263873778,0.006638182833652719,0.008366420155111775
7260_liver_sbr_Male_26-U1,tierA_p95,Hepatocytes,emt_ecm,N4,55.0,60.0,0.007478638822779791,0.006490843829462766,0.00842422913385649
7260_liver_sbr_Male_26-U1,tierA_p95,Hepatocytes,emt_ecm,N4,60.0,65.0,0.00731655580584783,0.006240602210436473,0.008365677967198759
7260_liver_sbr_Male_26-U1,tierA_p95,Hepatocytes,emt_ecm,N4,65.0,70.0,0.00718671270331564,0.005939604656124853,0.008331818367464218
7260_liver_sbr_Male_26-U1,tierA_p95,Hepatocytes,emt_ecm,N4,70.0,75.0,0.006960644713188009,0.005555296766502736,0.008233174707542699
7260_liver_sbr_Male_26-U1,tierA_p95,Hepatocytes,emt_ecm,N4,75.0,80.0,0.006747189140123081,0.0051452610232862,0.008370327723389762
7260_liver_sbr_Male_26-U1,tierA_p95,Hepatocytes,emt_ecm,N4,80.0,85.0,0.006501100930200916,0.004848416404695494,0.008259800659013031
7260_liver_sbr_Male_26-U1,tierA_p95,Hepatocytes,emt_ecm,N4,85.0,90.0,0.006196978194540569,0.004322647123376215,0.008141880996902053
7260_liver_sbr_Male_26-U1,tierA_p95,Hepatocytes,emt_ecm,N4,90.0,95.0,0.005892497101775469,0.003753854777184055,0.008067457945618767
7260_liver_sbr_Male_26-U1,tierA_p95,Hepatocytes,emt_ecm,N4,95.0,100.0,0.0037452528930809158,0.0021397247645313405,0.004811288659287239
7260_liver_sbr_Male_26-U1,tierA_p95,Hepatocytes,il6_jak_stat3,N4,0.0,5.0,-0.021529387293215546,-0.022825548677057543,-0.020147133011434837
7260_liver_sbr_Male_26-U1,tierA_p95,Hepatocytes,il6_jak_stat3,N4,5.0,10.0,-0.02148420121193454,-0.022292587911221753,-0.020638612276602793
7260_liver_sbr_Male_26-U1,tierA_p95,Hepatocytes,il6_jak_stat3,N4,10.0,15.0,-0.021481752218736848,-0.02215111207409881,-0.02081873345213075
7260_liver_sbr_Male_26-U1,tierA_p95,Hepatocytes,il6_jak_stat3,N4,15.0,20.0,-0.021504374084829393,-0.02216723397672306,-0.020878396546706354
7260_liver_sbr_Male_26-U1,tierA_p95,Hepatocytes,il6_jak_stat3,N4,20.0,25.0,-0.02148954419790806,-0.022062378429699527,-0.020910051076178243
7260_liver_sbr_Male_26-U1,tierA_p95,Hepatocytes,il6_jak_stat3,N4,25.0,30.0,-0.021502437757724684,-0.02213013357757379,-0.020871469329764178
7260_liver_sbr_Male_26-U1,tierA_p95,Hepatocytes,il6_jak_stat3,N4,30.0,35.0,-0.021527546596673226,-0.022188032738098946,-0.02088693331818559
7260_liver_sbr_Male_26-U1,tierA_p95,Hepatocytes,il6_jak_stat3,N4,35.0,40.0,-0.02153858311961671,-0.022171145835559302,-0.020895515527401376
7260_liver_sbr_Male_26-U1,tierA_p95,Hepatocytes,il6_jak_stat3,N4,40.0,45.0,-0.021610407614700407,-0.022347033500654073,-0.020912019365821658
7260_liver_sbr_Male_26-U1,tierA_p95,Hepatocytes,il6_jak_stat3,N4,45.0,50.0,-0.02160402182873827,-0.022415128716970496,-0.02084561850347832
7260_liver_sbr_Male_26-U1,tierA_p95,Hepatocytes,il6_jak_stat3,N4,50.0,55.0,-0.021641441135033794,-0.022487777783012763,-0.02081969115959195
7260_liver_sbr_Male_26-U1,tierA_p95,Hepatocytes,il6_jak_stat3,N4,55.0,60.0,-0.021671392745746254,-0.022556216081382353,-0.020791791228269407
7260_liver_sbr_Male_26-U1,tierA_p95,Hepatocytes,il6_jak_stat3,N4,60.0,65.0,-0.021753703274920797,-0.02280745980252548,-0.020648783001329222
7260_liver_sbr_Male_26-U1,tierA_p95,Hepatocytes,il6_jak_stat3,N4,65.0,70.0,-0.021867143869762056,-0.023029120017301733,-0.020669920317191778
7260_liver_sbr_Male_26-U1,tierA_p95,Hepatocytes,il6_jak_stat3,N4,70.0,75.0,-0.02199938000232376,-0.023423542216803015,-0.0206031629748378
7260_liver_sbr_Male_26-U1,tierA_p95,Hepatocytes,il6_jak_stat3,N4,75.0,80.0,-0.02222255969575561,-0.023677216190958292,-0.020779605181982554
7260_liver_sbr_Male_26-U1,tierA_p95,Hepatocytes,il6_jak_stat3,N4,80.0,85.0,-0.022411702818271425,-0.024137299948000415,-0.02080347842013202
7260_liver_sbr_Male_26-U1,tierA_p95,Hepatocytes,il6_jak_stat3,N4,85.0,90.0,-0.022601169178314572,-0.02448802290752788,-0.02071732359580365
7260_liver_sbr_Male_26-U1,tierA_p95,Hepatocytes,il6_jak_stat3,N4,90.0,95.0,-0.022912872451190523,-0.025056615195575893,-0.020947185084064318
7260_liver_sbr_Male_26-U1,tierA_p95,Hepatocytes,il6_jak_stat3,N4,95.0,100.0,-0.025312192067343916,-0.027913017960250454,-0.02384905165205981
7260_liver_sbr_Male_26-U1,tierA_p95,Hepatocytes,interferon_response,N4,0.0,5.0,0.0007074556511424337,-0.00043887570451591195,0.0019069612062300747
7260_liver_sbr_Male_26-U1,tierA_p95,Hepatocytes,interferon_response,N4,5.0,10.0,0.0007064130145629683,-7.0843908594662e-05,0.0015747245165529348
7260_liver_sbr_Male_26-U1,tierA_p95,Hepatocytes,interferon_response,N4,10.0,15.0,0.0006867248989855756,4.1541993524437946e-05,0.0013063746656043274
7260_liver_sbr_Male_26-U1,tierA_p95,Hepatocytes,interferon_response,N4,15.0,20.0,0.0006869178992530403,6.242180394922748e-05,0.0013231808586131237
7260_liver_sbr_Male_26-U1,tierA_p95,Hepatocytes,interferon_response,N4,20.0,25.0,0.0006624650639447332,0.00010456728742671736,0.001213407939793278
7260_liver_sbr_Male_26-U1,tierA_p95,Hepatocytes,interferon_response,N4,25.0,30.0,0.0006626838292764175,7.061233130523137e-05,0.0012329098718475166
7260_liver_sbr_Male_26-U1,tierA_p95,Hepatocytes,interferon_response,N4,30.0,35.0,0.0006540576438804582,0.00010710295596701953,0.0011961801642133834
7260_liver_sbr_Male_26-U1,tierA_p95,Hepatocytes,interferon_response,N4,35.0,40.0,0.0006498866067527631,3.7799461860272414e-05,0.001253975396031925
7260_liver_sbr_Male_26-U1,tierA_p95,Hepatocytes,interferon_response,N4,40.0,45.0,0.0006170196869349915,4.108587536980153e-05,0.0012241606953420385
7260_liver_sbr_Male_26-U1,tierA_p95,Hepatocytes,interferon_response,N4,45.0,50.0,0.0006170505092103098,-8.650930870105506e-06,0.0012740568763301506
7260_liver_sbr_Male_26-U1,tierA_p95,Hepatocytes,interferon_response,N4,50.0,55.0,0.0005801353351513782,-0.0001558962063871773,0.0013252913940317642
7260_liver_sbr_Male_26-U1,tierA_p95,Hepatocytes,interferon_response,N4,55.0,60.0,0.0005853539284598669,-0.00025654856863509636,0.0013861774776172731
7260_liver_sbr_Male_26-U1,tierA_p95,Hepatocytes,interferon_response,N4,60.0,65.0,0.000533413250957477,-0.0003843684972517345,0.0015178187029087561
7260_liver_sbr_Male_26-U1,tierA_p95,Hepatocytes,interferon_response,N4,65.0,70.0,0.0005032575931500984,-0.0005436534635038661,0.0014749672417088582
7260_liver_sbr_Male_26-U1,tierA_p95,Hepatocytes,interferon_response,N4,70.0,75.0,0.0003862324636296531,-0.0008233085563097925,0.0015640926445201339
7260_liver_sbr_Male_26-U1,tierA_p95,Hepatocytes,interferon_response,N4,75.0,80.0,0.0002819745846945532,-0.0009553073258349601,0.0016347942229479172
7260_liver_sbr_Male_26-U1,tierA_p95,Hepatocytes,interferon_response,N4,80.0,85.0,0.0002034777957200494,-0.0013088985419360494,0.0017242317828067134
7260_liver_sbr_Male_26-U1,tierA_p95,Hepatocytes,interferon_response,N4,85.0,90.0,9.751603672171877e-05,-0.001448413909114616,0.0016976841923753805
7260_liver_sbr_Male_26-U1,tierA_p95,Hepatocytes,interferon_response,N4,90.0,95.0,-0.00010143649922301613,-0.0018925931204811354,0.0017448029363371852
7260_liver_sbr_Male_26-U1,tierA_p95,Hepatocytes,interferon_response,N4,95.0,100.0,-0.0007907268898946003,-0.0024380756482537762,0.0001687117437488043
7260_liver_sbr_Male_26-U1,tierA_p95,Hepatocytes,oxidative_stress,N4,0.0,5.0,0.11758655089916593,0.1142030873847844,0.12097977036162202
7260_liver_sbr_Male_26-U1,tierA_p95,Hepatocytes,oxidative_stress,N4,5.0,10.0,0.11750317409072582,0.11492267202848787,0.11991861349074955
7260_liver_sbr_Male_26-U1,tierA_p95,Hepatocytes,oxidative_stress,N4,10.0,15.0,0.11748403464468278,0.11527134950172593,0.11949343592237102
7260_liver_sbr_Male_26-U1,tierA_p95,Hepatocytes,oxidative_stress,N4,15.0,20.0,0.11747543032304554,0.1153535383545992,0.11951929506615812
7260_liver_sbr_Male_26-U1,tierA_p95,Hepatocytes,oxidative_stress,N4,20.0,25.0,0.1175486426595405,0.1155385588696291,0.11921303450914719
7260_liver_sbr_Male_26-U1,tierA_p95,Hepatocytes,oxidative_stress,N4,25.0,30.0,0.11761999337237597,0.1153398016953597,0.11924722018953507
7260_liver_sbr_Male_26-U1,tierA_p95,Hepatocytes,oxidative_stress,N4,30.0,35.0,0.11766574124786314,0.1154906942151251,0.11955978616658122
7260_liver_sbr_Male_26-U1,tierA_p95,Hepatocytes,oxidative_stress,N4,35.0,40.0,0.11771316272440324,0.11556217715068953,0.11966862490259025
7260_liver_sbr_Male_26-U1,tierA_p95,Hepatocytes,oxidative_stress,N4,40.0,45.0,0.11798339623975714,0.11562326695176788,0.12034650264415205
7260_liver_sbr_Male_26-U1,tierA_p95,Hepatocytes,oxidative_stress,N4,45.0,50.0,0.11811157904475822,0.11566881229705107,0.12049472649891771
7260_liver_sbr_Male_26-U1,tierA_p95,Hepatocytes,oxidative_stress,N4,50.0,55.0,0.11838487677296515,0.11573069645935538,0.12109934995647059
7260_liver_sbr_Male_26-U1,tierA_p95,Hepatocytes,oxidative_stress,N4,55.0,60.0,0.11869411567884992,0.11590942118510157,0.1218091517373913
7260_liver_sbr_Male_26-U1,tierA_p95,Hepatocytes,oxidative_stress,N4,60.0,65.0,0.11896584007309903,0.11595952590884616,0.12245039723779325
7260_liver_sbr_Male_26-U1,tierA_p95,Hepatocytes,oxidative_stress,N4,65.0,70.0,0.11953419386083357,0.11624454387211229,0.12350439414253997
7260_liver_sbr_Male_26-U1,tierA_p95,Hepatocytes,oxidative_stress,N4,70.0,75.0,0.12012742044869133,0.11653629892382715,0.12382534765379118
7260_liver_sbr_Male_26-U1,tierA_p95,Hepatocytes,oxidative_stress,N4,75.0,80.0,0.12091213831427418,0.11688452121201433,0.12511759972388897
7260_liver_sbr_Male_26-U1,tierA_p95,Hepatocytes,oxidative_stress,N4,80.0,85.0,0.12152797025436485,0.1166233030084238,0.126260123317095
7260_liver_sbr_Male_26-U1,tierA_p95,Hepatocytes,oxidative_stress,N4,85.0,90.0,0.12249032717898345,0.11704345441925147,0.1272879952919852
7260_liver_sbr_Male_26-U1,tierA_p95,Hepatocytes,oxidative_stress,N4,90.0,95.0,0.12322490286227974,0.11721427463491998,0.12868003237999004
7260_liver_sbr_Male_26-U1,tierA_p95,Hepatocytes,oxidative_stress,N4,95.0,100.0,0.12828620784977043,0.12291933086951713,0.13427733168140377
7260_liver_sbr_Male_26-U1,tierA_p95,Hepatocytes,secondary_senescence,N4,0.0,5.0,0.021185612991344867,0.019970698998588353,0.022346707212860088
7260_liver_sbr_Male_26-U1,tierA_p95,Hepatocytes,secondary_senescence,N4,5.0,10.0,0.02118068876639586,0.020442758201930273,0.021946688155531933
7260_liver_sbr_Male_26-U1,tierA_p95,Hepatocytes,secondary_senescence,N4,10.0,15.0,0.021208134406255512,0.02060291870818385,0.021852890558038542
7260_liver_sbr_Male_26-U1,tierA_p95,Hepatocytes,secondary_senescence,N4,15.0,20.0,0.021219687081468763,0.0206733845043381,0.02183089258950593
7260_liver_sbr_Male_26-U1,tierA_p95,Hepatocytes,secondary_senescence,N4,20.0,25.0,0.021204779738873483,0.020650839201476753,0.021764753971278975
7260_liver_sbr_Male_26-U1,tierA_p95,Hepatocytes,secondary_senescence,N4,25.0,30.0,0.021161445068455968,0.020615559164724788,0.021726806116693812
7260_liver_sbr_Male_26-U1,tierA_p95,Hepatocytes,secondary_senescence,N4,30.0,35.0,0.021163504563711126,0.02062071498193369,0.021775153707319035
7260_liver_sbr_Male_26-U1,tierA_p95,Hepatocytes,secondary_senescence,N4,35.0,40.0,0.021153717646222,0.02050224042286723,0.02176061413127773
7260_liver_sbr_Male_26-U1,tierA_p95,Hepatocytes,secondary_senescence,N4,40.0,45.0,0.021096985568213215,0.02037258764773297,0.02176908206361727
7260_liver_sbr_Male_26-U1,tierA_p95,Hepatocytes,secondary_senescence,N4,45.0,50.0,0.021025167530163858,0.020216581491056287,0.021749478583966267
7260_liver_sbr_Male_26-U1,tierA_p95,Hepatocytes,secondary_senescence,N4,50.0,55.0,0.0209843225074338,0.020163693607518168,0.021738724662148996
7260_liver_sbr_Male_26-U1,tierA_p95,Hepatocytes,secondary_senescence,N4,55.0,60.0,0.020899637501199806,0.020022543504326733,0.021808185390236462
7260_liver_sbr_Male_26-U1,tierA_p95,Hepatocytes,secondary_senescence,N4,60.0,65.0,0.020820747622773743,0.019777082749319826,0.02175544088158361
7260_liver_sbr_Male_26-U1,tierA_p95,Hepatocytes,secondary_senescence,N4,65.0,70.0,0.02069258199333581,0.019525141400160515,0.021801798578707187
7260_liver_sbr_Male_26-U1,tierA_p95,Hepatocytes,secondary_senescence,N4,70.0,75.0,0.02055360871193288,0.019369222307267217,0.021635250155623606
7260_liver_sbr_Male_26-U1,tierA_p95,Hepatocytes,secondary_senescence,N4,75.0,80.0,0.020366650898607497,0.01915069190830635,0.021571879221238332
7260_liver_sbr_Male_26-U1,tierA_p95,Hepatocytes,secondary_senescence,N4,80.0,85.0,0.020159474983339257,0.018777281830436643,0.02161568728027213
7260_liver_sbr_Male_26-U1,tierA_p95,Hepatocytes,secondary_senescence,N4,85.0,90.0,0.01990000942117791,0.01835017194714037,0.021429013297278882
7260_liver_sbr_Male_26-U1,tierA_p95,Hepatocytes,secondary_senescence,N4,90.0,95.0,0.01965667670288911,0.017978073385863283,0.021479921296588406
7260_liver_sbr_Male_26-U1,tierA_p95,Hepatocytes,secondary_senescence,N4,95.0,100.0,0.0181785604732369,0.01666785918019762,0.01961019585462876
7260_liver_sbr_Male_26-U1,tierA_p95,Hepatocytes,tnfa_nfkb_proximal,N4,0.0,5.0,-0.006720615673991926,-0.008033620912584631,-0.005476926911977871
7260_liver_sbr_Male_26-U1,tierA_p95,Hepatocytes,tnfa_nfkb_proximal,N4,5.0,10.0,-0.006698481808770614,-0.007474071738745324,-0.005940140379441156
7260_liver_sbr_Male_26-U1,tierA_p95,Hepatocytes,tnfa_nfkb_proximal,N4,10.0,15.0,-0.006709291569317091,-0.007343585473860741,-0.006076576937445862
7260_liver_sbr_Male_26-U1,tierA_p95,Hepatocytes,tnfa_nfkb_proximal,N4,15.0,20.0,-0.0067112844601351475,-0.007247519041028624,-0.00615831057286821
7260_liver_sbr_Male_26-U1,tierA_p95,Hepatocytes,tnfa_nfkb_proximal,N4,20.0,25.0,-0.006709518026883314,-0.007219700611859951,-0.006190725846126961
7260_liver_sbr_Male_26-U1,tierA_p95,Hepatocytes,tnfa_nfkb_proximal,N4,25.0,30.0,-0.006728826829680319,-0.007255974329277072,-0.006180383239657523
7260_liver_sbr_Male_26-U1,tierA_p95,Hepatocytes,tnfa_nfkb_proximal,N4,30.0,35.0,-0.006740420311129399,-0.007270075230661839,-0.006170658975312093
7260_liver_sbr_Male_26-U1,tierA_p95,Hepatocytes,tnfa_nfkb_proximal,N4,35.0,40.0,-0.006723570736404607,-0.007280161650693132,-0.006124081121854303
7260_liver_sbr_Male_26-U1,tierA_p95,Hepatocytes,tnfa_nfkb_proximal,N4,40.0,45.0,-0.006758991266189225,-0.007334704947940626,-0.006176774311082764
7260_liver_sbr_Male_26-U1,tierA_p95,Hepatocytes,tnfa_nfkb_proximal,N4,45.0,50.0,-0.006770261707881481,-0.0074693628695504735,-0.006109431922940882
7260_liver_sbr_Male_26-U1,tierA_p95,Hepatocytes,tnfa_nfkb_proximal,N4,50.0,55.0,-0.006800491128021812,-0.007476939117547371,-0.006088180669152685
7260_liver_sbr_Male_26-U1,tierA_p95,Hepatocytes,tnfa_nfkb_proximal,N4,55.0,60.0,-0.0068155148197210046,-0.007588376579703574,-0.006040086888783592
7260_liver_sbr_Male_26-U1,tierA_p95,Hepatocytes,tnfa_nfkb_proximal,N4,60.0,65.0,-0.0068590426546621865,-0.007821350104730432,-0.00591081688892661
7260_liver_sbr_Male_26-U1,tierA_p95,Hepatocytes,tnfa_nfkb_proximal,N4,65.0,70.0,-0.006861295364642199,-0.007880708842960186,-0.005844450058011929
7260_liver_sbr_Male_26-U1,tierA_p95,Hepatocytes,tnfa_nfkb_proximal,N4,70.0,75.0,-0.00695101594644065,-0.008174937748358637,-0.005749529449712085
7260_liver_sbr_Male_26-U1,tierA_p95,Hepatocytes,tnfa_nfkb_proximal,N4,75.0,80.0,-0.007044934130060088,-0.008374572082946953,-0.005748969979866869
7260_liver_sbr_Male_26-U1,tierA_p95,Hepatocytes,tnfa_nfkb_proximal,N4,80.0,85.0,-0.007129037632421148,-0.008600175587976152,-0.0056132312636658
7260_liver_sbr_Male_26-U1,tierA_p95,Hepatocytes,tnfa_nfkb_proximal,N4,85.0,90.0,-0.007242755720531729,-0.008875663123719903,-0.005561855610517972
7260_liver_sbr_Male_26-U1,tierA_p95,Hepatocytes,tnfa_nfkb_proximal,N4,90.0,95.0,-0.007418893290791782,-0.00933306138143161,-0.005496382551377288
7260_liver_sbr_Male_26-U1,tierA_p95,Hepatocytes,tnfa_nfkb_proximal,N4,95.0,100.0,-0.008579783289815153,-0.011115143962163536,-0.006993101408874832
7001_liver_sham_Male_52-U1,tierA_p95,Hepatocytes,downstream_arrest,N1,0.0,5.0,0.005873217048149067,0.0052989599350027955,0.006476500873437308
7001_liver_sham_Male_52-U1,tierA_p95,Hepatocytes,downstream_arrest,N1,5.0,10.0,0.006105944990081958,0.004702511235868793,0.0074934510278238985
7001_liver_sham_Male_52-U1,tierA_p95,Hepatocytes,downstream_arrest,N1,10.0,15.0,0.006218732101320754,0.005629762131516823,0.00678679670603388
7001_liver_sham_Male_52-U1,tierA_p95,Hepatocytes,downstream_arrest,N1,15.0,20.0,0.0063869452660658774,0.005898069796461273,0.006861703338749497
7001_liver_sham_Male_52-U1,tierA_p95,Hepatocytes,downstream_arrest,N1,20.0,25.0,0.006329411296223562,0.005889247038914386,0.0067733326259601856
7001_liver_sham_Male_52-U1,tierA_p95,Hepatocytes,downstream_arrest,N1,25.0,30.0,0.006269005077472426,0.005843048193471586,0.006682817143507632
7001_liver_sham_Male_52-U1,tierA_p95,Hepatocytes,downstream_arrest,N1,30.0,35.0,0.006119288137978641,0.00566726201491356,0.00656043264600525
7001_liver_sham_Male_52-U1,tierA_p95,Hepatocytes,downstream_arrest,N1,35.0,40.0,0.006057056657948255,0.005601787038680062,0.006493586953269764
7001_liver_sham_Male_52-U1,tierA_p95,Hepatocytes,downstream_arrest,N1,40.0,45.0,0.0059712115612292815,0.00551264654357031,0.0064409504622150015
7001_liver_sham_Male_52-U1,tierA_p95,Hepatocytes,downstream_arrest,N1,45.0,50.0,0.005823220931757401,0.005327267731707799,0.006269130375761906
7001_liver_sham_Male_52-U1,tierA_p95,Hepatocytes,downstream_arrest,N1,50.0,55.0,0.005770357916726374,0.005296767223273542,0.00625289077675643
7001_liver_sham_Male_52-U1,tierA_p95,Hepatocytes,downstream_arrest,N1,55.0,60.0,0.005639749716414865,0.00507779095008189,0.006215588962114482
7001_liver_sham_Male_52-U1,tierA_p95,Hepatocytes,downstream_arrest,N1,60.0,65.0,0.005556131564035029,0.004903922454966447,0.006139956734290365
7001_liver_sham_Male_52-U1,tierA_p95,Hepatocytes,downstream_arrest,N1,65.0,70.0,0.00544759908321954,0.004808056188359286,0.006073025791631854
7001_liver_sham_Male_52-U1,tierA_p95,Hepatocytes,downstream_arrest,N1,70.0,75.0,0.005300144383493927,0.00451740146465723,0.006025197603674502
7001_liver_sham_Male_52-U1,tierA_p95,Hepatocytes,downstream_arrest,N1,75.0,80.0,0.005166511131539651,0.0042519082165178275,0.006055618313375781
7001_liver_sham_Male_52-U1,tierA_p95,Hepatocytes,downstream_arrest,N1,80.0,85.0,0.005014885404010699,0.003990755246602366,0.0059637161652281185
7001_liver_sham_Male_52-U1,tierA_p95,Hepatocytes,downstream_arrest,N1,85.0,90.0,0.004899962624049442,0.003718128945024325,0.006135829856117383
7001_liver_sham_Male_52-U1,tierA_p95,Hepatocytes,downstream_arrest,N1,90.0,95.0,0.004774609479699606,0.0034983403263560155,0.006096615895999123
7001_liver_sham_Male_52-U1,tierA_p95,Hepatocytes,downstream_arrest,N1,95.0,100.0,0.004498656399791233,0.0034830112095028264,0.005456952429548354
7001_liver_sham_Male_52-U1,tierA_p95,Hepatocytes,emt_ecm,N1,0.0,5.0,0.007518260988351263,0.006697729119878943,0.008309897456527037
7001_liver_sham_Male_52-U1,tierA_p95,Hepatocytes,emt_ecm,N1,5.0,10.0,0.011296835058140714,0.009248225989112542,0.01343210356021414
7001_liver_sham_Male_52-U1,tierA_p95,Hepatocytes,emt_ecm,N1,10.0,15.0,0.009177143827052734,0.008347567506172458,0.009946930673935626
7001_liver_sham_Male_52-U1,tierA_p95,Hepatocytes,emt_ecm,N1,15.0,20.0,0.00880296033557403,0.008132315328958896,0.009432402006360129
7001_liver_sham_Male_52-U1,tierA_p95,Hepatocytes,emt_ecm,N1,20.0,25.0,0.008330011823541185,0.007651099058450501,0.008979139285584699
7001_liver_sham_Male_52-U1,tierA_p95,Hepatocytes,emt_ecm,N1,25.0,30.0,0.008005117382513848,0.007389913903123563,0.008563776135251895
7001_liver_sham_Male_52-U1,tierA_p95,Hepatocytes,emt_ecm,N1,30.0,35.0,0.007804528702952768,0.007194508842603193,0.00845322105036414
7001_liver_sham_Male_52-U1,tierA_p95,Hepatocytes,emt_ecm,N1,35.0,40.0,0.00748795786135182,0.0068608951908039634,0.008101468214077673
7001_liver_sham_Male_52-U1,tierA_p95,Hepatocytes,emt_ecm,N1,40.0,45.0,0.007251949196868711,0.006644924121843859,0.007815036103558158
7001_liver_sham_Male_52-U1,tierA_p95,Hepatocytes,emt_ecm,N1,45.0,50.0,0.007148160223979105,0.006517066788985498,0.007773237073178036
7001_liver_sham_Male_52-U1,tierA_p95,Hepatocytes,emt_ecm,N1,50.0,55.0,0.00690927336375622,0.006222251291669711,0.0076057615182896
7001_liver_sham_Male_52-U1,tierA_p95,Hepatocytes,emt_ecm,N1,55.0,60.0,0.006800585888946998,0.0060515906399101795,0.007492403518974191
7001_liver_sham_Male_52-U1,tierA_p95,Hepatocytes,emt_ecm,N1,60.0,65.0,0.006722832596733813,0.005846710111253723,0.007600602604826314
7001_liver_sham_Male_52-U1,tierA_p95,Hepatocytes,emt_ecm,N1,65.0,70.0,0.006525010615108043,0.005594267011022355,0.0074575528407831385
7001_liver_sham_Male_52-U1,tierA_p95,Hepatocytes,emt_ecm,N1,70.0,75.0,0.0063361742214270225,0.00524344608717827,0.007360420462918293
7001_liver_sham_Male_52-U1,tierA_p95,Hepatocytes,emt_ecm,N1,75.0,80.0,0.006393936735377327,0.005240263045182089,0.0075506887107959384
7001_liver_sham_Male_52-U1,tierA_p95,Hepatocytes,emt_ecm,N1,80.0,85.0,0.006216867864232291,0.004893386455867829,0.0075686487112822795
7001_liver_sham_Male_52-U1,tierA_p95,Hepatocytes,emt_ecm,N1,85.0,90.0,0.006201284954413427,0.0046992739975309184,0.007699990762985671
7001_liver_sham_Male_52-U1,tierA_p95,Hepatocytes,emt_ecm,N1,90.0,95.0,0.006026381046551675,0.004217655122734909,0.007827604373314414
7001_liver_sham_Male_52-U1,tierA_p95,Hepatocytes,emt_ecm,N1,95.0,100.0,0.005895656088462527,0.004582816731754734,0.007319909452010185
7001_liver_sham_Male_52-U1,tierA_p95,Hepatocytes,il6_jak_stat3,N1,0.0,5.0,-0.03201353288697918,-0.03282885156569981,-0.031173670536232472
7001_liver_sham_Male_52-U1,tierA_p95,Hepatocytes,il6_jak_stat3,N1,5.0,10.0,-0.02826991383066505,-0.030390182161296454,-0.026179935892315664
7001_liver_sham_Male_52-U1,tierA_p95,Hepatocytes,il6_jak_stat3,N1,10.0,15.0,-0.030938603292860998,-0.03178530721450857,-0.030089192301157475
7001_liver_sham_Male_52-U1,tierA_p95,Hepatocytes,il6_jak_stat3,N1,15.0,20.0,-0.03188394400282147,-0.032546057895849335,-0.0311836015498276
7001_liver_sham_Male_52-U1,tierA_p95,Hepatocytes,il6_jak_stat3,N1,20.0,25.0,-0.03205008034774829,-0.03271088662041424,-0.031388243614515594
7001_liver_sham_Male_52-U1,tierA_p95,Hepatocytes,il6_jak_stat3,N1,25.0,30.0,-0.03214542811767447,-0.03278842947699024,-0.03148745399044682
7001_liver_sham_Male_52-U1,tierA_p95,Hepatocytes,il6_jak_stat3,N1,30.0,35.0,-0.03215481602882731,-0.03275881668184131,-0.031575112258125475
7001_liver_sham_Male_52-U1,tierA_p95,Hepatocytes,il6_jak_stat3,N1,35.0,40.0,-0.0322571771374735,-0.03288079662362092,-0.0316382737809818
7001_liver_sham_Male_52-U1,tierA_p95,Hepatocytes,il6_jak_stat3,N1,40.0,45.0,-0.03235216471493395,-0.03295205079627136,-0.03169206209024462
7001_liver_sham_Male_52-U1,tierA_p95,Hepatocytes,il6_jak_stat3,N1,45.0,50.0,-0.0323161905510852,-0.03300600306682021,-0.03163668685206492
7001_liver_sham_Male_52-U1,tierA_p95,Hepatocytes,il6_jak_stat3,N1,50.0,55.0,-0.03231663119767538,-0.033054066979616936,-0.031565504645806236
7001_liver_sham_Male_52-U1,tierA_p95,Hepatocytes,il6_jak_stat3,N1,55.0,60.0,-0.03234164219712114,-0.0331601284699674,-0.031579242351804766
7001_liver_sham_Male_52-U1,tierA_p95,Hepatocytes,il6_jak_stat3,N1,60.0,65.0,-0.03228156609544296,-0.03316365645544456,-0.03139782228460401
7001_liver_sham_Male_52-U1,tierA_p95,Hepatocytes,il6_jak_stat3,N1,65.0,70.0,-0.03221470890011077,-0.03315866960283788,-0.03120243709346927
7001_liver_sham_Male_52-U1,tierA_p95,Hepatocytes,il6_jak_stat3,N1,70.0,75.0,-0.032263695317825705,-0.033342980423572206,-0.031128820365096843
7001_liver_sham_Male_52-U1,tierA_p95,Hepatocytes,il6_jak_stat3,N1,75.0,80.0,-0.032069029049171104,-0.03335668703817616,-0.030803453406250157
7001_liver_sham_Male_52-U1,tierA_p95,Hepatocytes,il6_jak_stat3,N1,80.0,85.0,-0.03205384745448204,-0.03350002876712636,-0.030616462511461162
7001_liver_sham_Male_52-U1,tierA_p95,Hepatocytes,il6_jak_stat3,N1,85.0,90.0,-0.03194268682170386,-0.033568093691589966,-0.030219564205987974
7001_liver_sham_Male_52-U1,tierA_p95,Hepatocytes,il6_jak_stat3,N1,90.0,95.0,-0.03183393418753915,-0.03369326368740609,-0.029888543070620492
7001_liver_sham_Male_52-U1,tierA_p95,Hepatocytes,il6_jak_stat3,N1,95.0,100.0,-0.031641456256830666,-0.03298959088581762,-0.030129142215502808
7001_liver_sham_Male_52-U1,tierA_p95,Hepatocytes,interferon_response,N1,0.0,5.0,-0.010673441771022791,-0.011408148865178259,-0.009860439982247246
7001_liver_sham_Male_52-U1,tierA_p95,Hepatocytes,interferon_response,N1,5.0,10.0,-0.006969153350157861,-0.00889011672854563,-0.004987825923498067
7001_liver_sham_Male_52-U1,tierA_p95,Hepatocytes,interferon_response,N1,10.0,15.0,-0.008990571796237199,-0.009756004133313139,-0.008194388284632578
7001_liver_sham_Male_52-U1,tierA_p95,Hepatocytes,interferon_response,N1,15.0,20.0,-0.009775049296511398,-0.010434941259126678,-0.009164584999532316
7001_liver_sham_Male_52-U1,tierA_p95,Hepatocytes,interferon_response,N1,20.0,25.0,-0.010002602790224972,-0.010626721312062602,-0.009384214639916818
7001_liver_sham_Male_52-U1,tierA_p95,Hepatocytes,interferon_response,N1,25.0,30.0,-0.01017332988916657,-0.010749626147103718,-0.009633150265832465
7001_liver_sham_Male_52-U1,tierA_p95,Hepatocytes,interferon_response,N1,30.0,35.0,-0.0104237996205358,-0.011018281776058141,-0.009857766236247253
7001_liver_sham_Male_52-U1,tierA_p95,Hepatocytes,interferon_response,N1,35.0,40.0,-0.010624637261586741,-0.011179934189607343,-0.010059522324788019
7001_liver_sham_Male_52-U1,tierA_p95,Hepatocytes,interferon_response,N1,40.0,45.0,-0.01093246480877561,-0.01148287086361599,-0.010369659805777266
7001_liver_sham_Male_52-U1,tierA_p95,Hepatocytes,interferon_response,N1,45.0,50.0,-0.01089215927912628,-0.011528540434124244,-0.010294143339019873
7001_liver_sham_Male_52-U1,tierA_p95,Hepatocytes,interferon_response,N1,50.0,55.0,-0.011133941867753261,-0.011809417860123352,-0.01046049576973483
7001_liver_sham_Male_52-U1,tierA_p95,Hepatocytes,interferon_response,N1,55.0,60.0,-0.01129554472807218,-0.011968641549928737,-0.010611548793567856
7001_liver_sham_Male_52-U1,tierA_p95,Hepatocytes,interferon_response,N1,60.0,65.0,-0.011465535060119603,-0.012289034515519675,-0.010673761248148502
7001_liver_sham_Male_52-U1,tierA_p95,Hepatocytes,interferon_response,N1,65.0,70.0,-0.011513015089562496,-0.012400962286544822,-0.010667824795001597
7001_liver_sham_Male_52-U1,tierA_p95,Hepatocytes,interferon_response,N1,70.0,75.0,-0.011781782459805533,-0.012793005850701216,-0.010743100165532158
7001_liver_sham_Male_52-U1,tierA_p95,Hepatocytes,interferon_response,N1,75.0,80.0,-0.011834971082653153,-0.012886820557828856,-0.010771509207422442
7001_liver_sham_Male_52-U1,tierA_p95,Hepatocytes,interferon_response,N1,80.0,85.0,-0.011927693413330356,-0.013185576891163751,-0.010643541416513917
7001_liver_sham_Male_52-U1,tierA_p95,Hepatocytes,interferon_response,N1,85.0,90.0,-0.012065304080630179,-0.01348132715323707,-0.010551162664936704
7001_liver_sham_Male_52-U1,tierA_p95,Hepatocytes,interferon_response,N1,90.0,95.0,-0.012209684778489582,-0.013884123415674418,-0.010415118384253099
7001_liver_sham_Male_52-U1,tierA_p95,Hepatocytes,interferon_response,N1,95.0,100.0,-0.012443089064590133,-0.013793420678356271,-0.011005080401281892
7001_liver_sham_Male_52-U1,tierA_p95,Hepatocytes,oxidative_stress,N1,0.0,5.0,0.12826914527167796,0.12646943761683294,0.13029057180246417
7001_liver_sham_Male_52-U1,tierA_p95,Hepatocytes,oxidative_stress,N1,5.0,10.0,0.12453129407125005,0.12018304705712958,0.1292232909317663
7001_liver_sham_Male_52-U1,tierA_p95,Hepatocytes,oxidative_stress,N1,10.0,15.0,0.12882095685732786,0.12709755653887223,0.13054175802186757
7001_liver_sham_Male_52-U1,tierA_p95,Hepatocytes,oxidative_stress,N1,15.0,20.0,0.1297892286406329,0.1282725498799552,0.1313133011550267
7001_liver_sham_Male_52-U1,tierA_p95,Hepatocytes,oxidative_stress,N1,20.0,25.0,0.12942842951546565,0.12798242841297977,0.1308617573587352
7001_liver_sham_Male_52-U1,tierA_p95,Hepatocytes,oxidative_stress,N1,25.0,30.0,0.1291973261449894,0.12787068301143836,0.13059617344236243
7001_liver_sham_Male_52-U1,tierA_p95,Hepatocytes,oxidative_stress,N1,30.0,35.0,0.12923237361539663,0.12787589943308386,0.13047013236560767
7001_liver_sham_Male_52-U1,tierA_p95,Hepatocytes,oxidative_stress,N1,35.0,40.0,0.12873063994059492,0.12738147537001185,0.1300745347346373
7001_liver_sham_Male_52-U1,tierA_p95,Hepatocytes,oxidative_stress,N1,40.0,45.0,0.12859162405082186,0.1272589888415025,0.12992807662489425
7001_liver_sham_Male_52-U1,tierA_p95,Hepatocytes,oxidative_stress,N1,45.0,50.0,0.12840326513752817,0.12701739489374086,0.12982161005036047
7001_liver_sham_Male_52-U1,tierA_p95,Hepatocytes,oxidative_stress,N1,50.0,55.0,0.12788918757013346,0.12617043414115614,0.1294888979810265
7001_liver_sham_Male_52-U1,tierA_p95,Hepatocytes,oxidative_stress,N1,55.0,60.0,0.12766932572899767,0.12598885584527356,0.12940915106346204
7001_liver_sham_Male_52-U1,tierA_p95,Hepatocytes,oxidative_stress,N1,60.0,65.0,0.1271926535479002,0.12537384708923113,0.12915470347676422
7001_liver_sham_Male_52-U1,tierA_p95,Hepatocytes,oxidative_stress,N1,65.0,70.0,0.12698838630329462,0.12487896510693271,0.12916704257724104
7001_liver_sham_Male_52-U1,tierA_p95,Hepatocytes,oxidative_stress,N1,70.0,75.0,0.12691260774087124,0.1244677681861102,0.1294120032958778
7001_liver_sham_Male_52-U1,tierA_p95,Hepatocytes,oxidative_stress,N1,75.0,80.0,0.12649129677897955,0.1237130695597873,0.1290514126954857
7001_liver_sham_Male_52-U1,tierA_p95,Hepatocytes,oxidative_stress,N1,80.0,85.0,0.12600421640461673,0.12302671236111566,0.12918352189484503
7001_liver_sham_Male_52-U1,tierA_p95,Hepatocytes,oxidative_stress,N1,85.0,90.0,0.12562770195632889,0.12221808111887114,0.12928326845354887
7001_liver_sham_Male_52-U1,tierA_p95,Hepatocytes,oxidative_stress,N1,90.0,95.0,0.12557777539316753,0.12145136021542098,0.12981397579552487
7001_liver_sham_Male_52-U1,tierA_p95,Hepatocytes,oxidative_stress,N1,95.0,100.0,0.1246472813222914,0.12113727164446166,0.12803741148877104
7001_liver_sham_Male_52-U1,tierA_p95,Hepatocytes,secondary_senescence,N1,0.0,5.0,0.006974389871849439,0.006277888186232847,0.0076581855602997915
7001_liver_sham_Male_52-U1,tierA_p95,Hepatocytes,secondary_senescence,N1,5.0,10.0,0.010758232726689083,0.008871253804089423,0.012601645077928872
7001_liver_sham_Male_52-U1,tierA_p95,Hepatocytes,secondary_senescence,N1,10.0,15.0,0.008758582251871204,0.008040464323008142,0.009478928428676566
7001_liver_sham_Male_52-U1,tierA_p95,Hepatocytes,secondary_senescence,N1,15.0,20.0,0.008003211264800924,0.007376610707866221,0.00859843677708134
7001_liver_sham_Male_52-U1,tierA_p95,Hepatocytes,secondary_senescence,N1,20.0,25.0,0.007678266395072167,0.007132260951212931,0.008257269270328263
7001_liver_sham_Male_52-U1,tierA_p95,Hepatocytes,secondary_senescence,N1,25.0,30.0,0.007419687700603955,0.006883123824234479,0.00793638256355494
7001_liver_sham_Male_52-U1,tierA_p95,Hepatocytes,secondary_senescence,N1,30.0,35.0,0.007305020171317175,0.006794603459197163,0.007798926772500009
7001_liver_sham_Male_52-U1,tierA_p95,Hepatocytes,secondary_senescence,N1,35.0,40.0,0.006951664677015003,0.006424832748018642,0.007452669124150378
7001_liver_sham_Male_52-U1,tierA_p95,Hepatocytes,secondary_senescence,N1,40.0,45.0,0.006762793871216168,0.0062268172494929375,0.0072997774297101315
7001_liver_sham_Male_52-U1,tierA_p95,Hepatocytes,secondary_senescence,N1,45.0,50.0,0.0065921882037169865,0.006045493048773902,0.00718218541350807
7001_liver_sham_Male_52-U1,tierA_p95,Hepatocytes,secondary_senescence,N1,50.0,55.0,0.006472645708436002,0.005870985490335585,0.007076062208888667
7001_liver_sham_Male_52-U1,tierA_p95,Hepatocytes,secondary_senescence,N1,55.0,60.0,0.0062231208655242065,0.00551803400617158,0.006908679269946154
7001_liver_sham_Male_52-U1,tierA_p95,Hepatocytes,secondary_senescence,N1,60.0,65.0,0.00616422752273883,0.005437581002940806,0.0069370513195248775
7001_liver_sham_Male_52-U1,tierA_p95,Hepatocytes,secondary_senescence,N1,65.0,70.0,0.006037490963991727,0.005157803460932217,0.006891487174203325
7001_liver_sham_Male_52-U1,tierA_p95,Hepatocytes,secondary_senescence,N1,70.0,75.0,0.00590390741250787,0.004978530464855455,0.006875803216577718
7001_liver_sham_Male_52-U1,tierA_p95,Hepatocytes,secondary_senescence,N1,75.0,80.0,0.005785041671860661,0.004754472404917094,0.006841748633374815
7001_liver_sham_Male_52-U1,tierA_p95,Hepatocytes,secondary_senescence,N1,80.0,85.0,0.005756642590997133,0.004536056780211094,0.006973389338484465
7001_liver_sham_Male_52-U1,tierA_p95,Hepatocytes,secondary_senescence,N1,85.0,90.0,0.005701529153248289,0.004332124759232392,0.007086401827122662
7001_liver_sham_Male_52-U1,tierA_p95,Hepatocytes,secondary_senescence,N1,90.0,95.0,0.0057015559757948595,0.004024449120893666,0.007351002303066614
7001_liver_sham_Male_52-U1,tierA_p95,Hepatocytes,secondary_senescence,N1,95.0,100.0,0.0055152256875244795,0.004281579589785085,0.006766992564925337
7001_liver_sham_Male_52-U1,tierA_p95,Hepatocytes,tnfa_nfkb_proximal,N1,0.0,5.0,-0.015983465478165513,-0.01679271161787027,-0.015185911199978018
7001_liver_sham_Male_52-U1,tierA_p95,Hepatocytes,tnfa_nfkb_proximal,N1,5.0,10.0,-0.013784358978203296,-0.015829039261304818,-0.011758336993039983
7001_liver_sham_Male_52-U1,tierA_p95,Hepatocytes,tnfa_nfkb_proximal,N1,10.0,15.0,-0.015408318222720204,-0.016161916322742657,-0.0146360369934161
7001_liver_sham_Male_52-U1,tierA_p95,Hepatocytes,tnfa_nfkb_proximal,N1,15.0,20.0,-0.016015065101288053,-0.016657791284110476,-0.015361760096581963
7001_liver_sham_Male_52-U1,tierA_p95,Hepatocytes,tnfa_nfkb_proximal,N1,20.0,25.0,-0.016209618226775562,-0.01678371031518173,-0.015592545915951429
7001_liver_sham_Male_52-U1,tierA_p95,Hepatocytes,tnfa_nfkb_proximal,N1,25.0,30.0,-0.01632699780346707,-0.016894593038629332,-0.015750308458503844
7001_liver_sham_Male_52-U1,tierA_p95,Hepatocytes,tnfa_nfkb_proximal,N1,30.0,35.0,-0.016165731788717115,-0.01674465119298876,-0.01559616735247711
7001_liver_sham_Male_52-U1,tierA_p95,Hepatocytes,tnfa_nfkb_proximal,N1,35.0,40.0,-0.016247359334038432,-0.016815649271929984,-0.015666545272922414
7001_liver_sham_Male_52-U1,tierA_p95,Hepatocytes,tnfa_nfkb_proximal,N1,40.0,45.0,-0.016313400895611455,-0.016858570291444958,-0.01572804028408085
7001_liver_sham_Male_52-U1,tierA_p95,Hepatocytes,tnfa_nfkb_proximal,N1,45.0,50.0,-0.016184095794812142,-0.016791897063747417,-0.015581920242532
7001_liver_sham_Male_52-U1,tierA_p95,Hepatocytes,tnfa_nfkb_proximal,N1,50.0,55.0,-0.016224660064225335,-0.01693921352321005,-0.015557325106741585
7001_liver_sham_Male_52-U1,tierA_p95,Hepatocytes,tnfa_nfkb_proximal,N1,55.0,60.0,-0.016117253873047886,-0.01682935592579246,-0.015410201617016065
7001_liver_sham_Male_52-U1,tierA_p95,Hepatocytes,tnfa_nfkb_proximal,N1,60.0,65.0,-0.015994018089855254,-0.016779123856770186,-0.015202677352348789
7001_liver_sham_Male_52-U1,tierA_p95,Hepatocytes,tnfa_nfkb_proximal,N1,65.0,70.0,-0.01581865315789964,-0.016793238137918942,-0.014901301523111874
7001_liver_sham_Male_52-U1,tierA_p95,Hepatocytes,tnfa_nfkb_proximal,N1,70.0,75.0,-0.015770454125888136,-0.016848369220897885,-0.014692502867488418
7001_liver_sham_Male_52-U1,tierA_p95,Hepatocytes,tnfa_nfkb_proximal,N1,75.0,80.0,-0.01563074266219395,-0.01677704358815641,-0.01444007582604405
7001_liver_sham_Male_52-U1,tierA_p95,Hepatocytes,tnfa_nfkb_proximal,N1,80.0,85.0,-0.015370008527528674,-0.01667212423141884,-0.014043026675866589
7001_liver_sham_Male_52-U1,tierA_p95,Hepatocytes,tnfa_nfkb_proximal,N1,85.0,90.0,-0.015381862922834515,-0.016902248016820918,-0.013893963957438511
7001_liver_sham_Male_52-U1,tierA_p95,Hepatocytes,tnfa_nfkb_proximal,N1,90.0,95.0,-0.015069470998070577,-0.016770228561788017,-0.013310509372692235
7001_liver_sham_Male_52-U1,tierA_p95,Hepatocytes,tnfa_nfkb_proximal,N1,95.0,100.0,-0.014808139187031758,-0.01614493041604142,-0.013338324515554703
7001_liver_sham_Male_52-U1,tierA_p95,Hepatocytes,downstream_arrest,N3,0.0,5.0,0.005873245387916371,0.004371479978777337,0.007423771039385344
7001_liver_sham_Male_52-U1,tierA_p95,Hepatocytes,downstream_arrest,N3,5.0,10.0,0.00587108283826651,0.004935990928591064,0.006831002042075418
7001_liver_sham_Male_52-U1,tierA_p95,Hepatocytes,downstream_arrest,N3,10.0,15.0,0.0058716920962538005,0.00507607159445425,0.006640928337839189
7001_liver_sham_Male_52-U1,tierA_p95,Hepatocytes,downstream_arrest,N3,15.0,20.0,0.005891773644536228,0.005205123899083989,0.0066206337646675315
7001_liver_sham_Male_52-U1,tierA_p95,Hepatocytes,downstream_arrest,N3,20.0,25.0,0.005880238412970623,0.0051964877107859506,0.006549525628251827
7001_liver_sham_Male_52-U1,tierA_p95,Hepatocytes,downstream_arrest,N3,25.0,30.0,0.0058879211897529355,0.005221762095782717,0.0065054383529282965
7001_liver_sham_Male_52-U1,tierA_p95,Hepatocytes,downstream_arrest,N3,30.0,35.0,0.005877165420689219,0.005227447348566833,0.006499445263204032
7001_liver_sham_Male_52-U1,tierA_p95,Hepatocytes,downstream_arrest,N3,35.0,40.0,0.005869556809786478,0.005195623759678179,0.006551590449390989
7001_liver_sham_Male_52-U1,tierA_p95,Hepatocytes,downstream_arrest,N3,40.0,45.0,0.00590184553777437,0.005213827534873123,0.006568796411088921
7001_liver_sham_Male_52-U1,tierA_p95,Hepatocytes,downstream_arrest,N3,45.0,50.0,0.0058860146150733995,0.0051950303028725706,0.006556645267001173
7001_liver_sham_Male_52-U1,tierA_p95,Hepatocytes,downstream_arrest,N3,50.0,55.0,0.005869081133267312,0.005198903571298397,0.00652625384047901
7001_liver_sham_Male_52-U1,tierA_p95,Hepatocytes,downstream_arrest,N3,55.0,60.0,0.005871267249915608,0.005122770614077225,0.006598155902409564
7001_liver_sham_Male_52-U1,tierA_p95,Hepatocytes,downstream_arrest,N3,60.0,65.0,0.005878589440648766,0.0051111008749292475,0.006592121415692161
7001_liver_sham_Male_52-U1,tierA_p95,Hepatocytes,downstream_arrest,N3,65.0,70.0,0.005886776298940198,0.005101432609391097,0.0067208436000225575
7001_liver_sham_Male_52-U1,tierA_p95,Hepatocytes,downstream_arrest,N3,70.0,75.0,0.0058842390315466545,0.004958638200992393,0.006758439149507502
7001_liver_sham_Male_52-U1,tierA_p95,Hepatocytes,downstream_arrest,N3,75.0,80.0,0.005890266546884581,0.004930002862895846,0.006890497588212634
7001_liver_sham_Male_52-U1,tierA_p95,Hepatocytes,downstream_arrest,N3,80.0,85.0,0.005898530473624316,0.0048469921720871315,0.006975909125829119
7001_liver_sham_Male_52-U1,tierA_p95,Hepatocytes,downstream_arrest,N3,85.0,90.0,0.005875714265586697,0.004680821956418,0.007144703038923396
7001_liver_sham_Male_52-U1,tierA_p95,Hepatocytes,downstream_arrest,N3,90.0,95.0,0.005877714011523663,0.004590962089993926,0.007126796264957848
7001_liver_sham_Male_52-U1,tierA_p95,Hepatocytes,downstream_arrest,N3,95.0,100.0,0.005924239318249402,0.005032885055030697,0.007100177765976017
7001_liver_sham_Male_52-U1,tierA_p95,Hepatocytes,emt_ecm,N3,0.0,5.0,0.007505273669997719,0.005222588900550658,0.009698464041042958
7001_liver_sham_Male_52-U1,tierA_p95,Hepatocytes,emt_ecm,N3,5.0,10.0,0.0075257455094583335,0.006058277085737551,0.009064720984070974
7001_liver_sham_Male_52-U1,tierA_p95,Hepatocytes,emt_ecm,N3,10.0,15.0,0.00751327217604234,0.006311372545826161,0.008874273337312251
7001_liver_sham_Male_52-U1,tierA_p95,Hepatocytes,emt_ecm,N3,15.0,20.0,0.007492603237789749,0.006365626198171629,0.008802368921282725
7001_liver_sham_Male_52-U1,tierA_p95,Hepatocytes,emt_ecm,N3,20.0,25.0,0.007499522340378,0.006404734183288315,0.008786563391538738
7001_liver_sham_Male_52-U1,tierA_p95,Hepatocytes,emt_ecm,N3,25.0,30.0,0.00751645874163013,0.006417905017580438,0.008797786381309652
7001_liver_sham_Male_52-U1,tierA_p95,Hepatocytes,emt_ecm,N3,30.0,35.0,0.007522864787146334,0.006446479488129017,0.008786808478687505
7001_liver_sham_Male_52-U1,tierA_p95,Hepatocytes,emt_ecm,N3,35.0,40.0,0.007513678919618482,0.006496351517453886,0.008683038037618006
7001_liver_sham_Male_52-U1,tierA_p95,Hepatocytes,emt_ecm,N3,40.0,45.0,0.007485407518632601,0.006405996365093903,0.008783153553849435
7001_liver_sham_Male_52-U1,tierA_p95,Hepatocytes,emt_ecm,N3,45.0,50.0,0.007485592152244098,0.006425318484084236,0.008693374456760902
7001_liver_sham_Male_52-U1,tierA_p95,Hepatocytes,emt_ecm,N3,50.0,55.0,0.007507722473714772,0.006374315898233461,0.008659247900006092
7001_liver_sham_Male_52-U1,tierA_p95,Hepatocytes,emt_ecm,N3,55.0,60.0,0.007502431903478591,0.006466563561032087,0.008721327926371125
7001_liver_sham_Male_52-U1,tierA_p95,Hepatocytes,emt_ecm,N3,60.0,65.0,0.007494251789868519,0.006321371389661163,0.008734099991142868
7001_liver_sham_Male_52-U1,tierA_p95,Hepatocytes,emt_ecm,N3,65.0,70.0,0.0075087933510885885,0.006308296708583439,0.008832658695205896
7001_liver_sham_Male_52-U1,tierA_p95,Hepatocytes,emt_ecm,N3,70.0,75.0,0.007484265143298235,0.00619118643912305,0.008854152697878589
7001_liver_sham_Male_52-U1,tierA_p95,Hepatocytes,emt_ecm,N3,75.0,80.0,0.007522409315927409,0.006084244022285729,0.009063807730076336
7001_liver_sham_Male_52-U1,tierA_p95,Hepatocytes,emt_ecm,N3,80.0,85.0,0.007522473402337292,0.005875610029865629,0.009172580821886864
7001_liver_sham_Male_52-U1,tierA_p95,Hepatocytes,emt_ecm,N3,85.0,90.0,0.007519359084009233,0.005819074436964947,0.009228902481756271
7001_liver_sham_Male_52-U1,tierA_p95,Hepatocytes,emt_ecm,N3,90.0,95.0,0.007489125119944855,0.005485680895433173,0.009382779812923415
7001_liver_sham_Male_52-U1,tierA_p95,Hepatocytes,emt_ecm,N3,95.0,100.0,0.007395911462638328,0.004150788503194617,0.009127785906124166
7001_liver_sham_Male_52-U1,tierA_p95,Hepatocytes,il6_jak_stat3,N3,0.0,5.0,-0.03201799511368598,-0.03417476245506283,-0.029876429796748382
7001_liver_sham_Male_52-U1,tierA_p95,Hepatocytes,il6_jak_stat3,N3,5.0,10.0,-0.03205305029711422,-0.033365681218869826,-0.030761707116674832
7001_liver_sham_Male_52-U1,tierA_p95,Hepatocytes,il6_jak_stat3,N3,10.0,15.0,-0.032042664410941446,-0.033048575052234005,-0.03103035948721559
7001_liver_sham_Male_52-U1,tierA_p95,Hepatocytes,il6_jak_stat3,N3,15.0,20.0,-0.03205014429109159,-0.032992207563908096,-0.031089530243590655
7001_liver_sham_Male_52-U1,tierA_p95,Hepatocytes,il6_jak_stat3,N3,20.0,25.0,-0.03207947456405754,-0.03295170322605284,-0.031158925498924232
7001_liver_sham_Male_52-U1,tierA_p95,Hepatocytes,il6_jak_stat3,N3,25.0,30.0,-0.03208499232427109,-0.032911250834959806,-0.03133584293371958
7001_liver_sham_Male_52-U1,tierA_p95,Hepatocytes,il6_jak_stat3,N3,30.0,35.0,-0.03206765947501377,-0.03291586740925642,-0.031270912764860805
7001_liver_sham_Male_52-U1,tierA_p95,Hepatocytes,il6_jak_stat3,N3,35.0,40.0,-0.03206666457964882,-0.032889355853946985,-0.031286216142389675
7001_liver_sham_Male_52-U1,tierA_p95,Hepatocytes,il6_jak_stat3,N3,40.0,45.0,-0.0320573660018165,-0.03290277906749787,-0.031276834622704135
7001_liver_sham_Male_52-U1,tierA_p95,Hepatocytes,il6_jak_stat3,N3,45.0,50.0,-0.032090040831217345,-0.03299768784993538,-0.03122551393019369
7001_liver_sham_Male_52-U1,tierA_p95,Hepatocytes,il6_jak_stat3,N3,50.0,55.0,-0.03205385123469531,-0.03298381002556935,-0.031168640355679
7001_liver_sham_Male_52-U1,tierA_p95,Hepatocytes,il6_jak_stat3,N3,55.0,60.0,-0.03206570786073397,-0.03308615074581179,-0.031109848498927978
7001_liver_sham_Male_52-U1,tierA_p95,Hepatocytes,il6_jak_stat3,N3,60.0,65.0,-0.03205673742327971,-0.03308207527496447,-0.03109297920987884
7001_liver_sham_Male_52-U1,tierA_p95,Hepatocytes,il6_jak_stat3,N3,65.0,70.0,-0.03205360861433984,-0.033179181979817236,-0.03095275401888035
7001_liver_sham_Male_52-U1,tierA_p95,Hepatocytes,il6_jak_stat3,N3,70.0,75.0,-0.032042551875481266,-0.03331874161703866,-0.030784194242580866
7001_liver_sham_Male_52-U1,tierA_p95,Hepatocytes,il6_jak_stat3,N3,75.0,80.0,-0.032081224449548744,-0.03346812396424787,-0.03071150828146677
7001_liver_sham_Male_52-U1,tierA_p95,Hepatocytes,il6_jak_stat3,N3,80.0,85.0,-0.03202517514956278,-0.03353082089714347,-0.030446033723932727
7001_liver_sham_Male_52-U1,tierA_p95,Hepatocytes,il6_jak_stat3,N3,85.0,90.0,-0.03204084043381192,-0.03361210641441227,-0.030405334832948286
7001_liver_sham_Male_52-U1,tierA_p95,Hepatocytes,il6_jak_stat3,N3,90.0,95.0,-0.03206020988132897,-0.03386099579276692,-0.030342929569207196
7001_liver_sham_Male_52-U1,tierA_p95,Hepatocytes,il6_jak_stat3,N3,95.0,100.0,-0.03208224523863738,-0.032908801964015605,-0.031078545154954743
7001_liver_sham_Male_52-U1,tierA_p95,Hepatocytes,interferon_response,N3,0.0,5.0,-0.01068586703612993,-0.012579894252315737,-0.008752583045072905
7001_liver_sham_Male_52-U1,tierA_p95,Hepatocytes,interferon_response,N3,5.0,10.0,-0.010688095339046504,-0.011908306295201168,-0.00941568274019885
7001_liver_sham_Male_52-U1,tierA_p95,Hepatocytes,interferon_response,N3,10.0,15.0,-0.010676510480274407,-0.011789571533412748,-0.009648526988386481
7001_liver_sham_Male_52-U1,tierA_p95,Hepatocytes,interferon_response,N3,15.0,20.0,-0.010693144753612724,-0.011641719231220067,-0.009695092828488454
7001_liver_sham_Male_52-U1,tierA_p95,Hepatocytes,interferon_response,N3,20.0,25.0,-0.010689925225386901,-0.011562116621661293,-0.009789527633926272
7001_liver_sham_Male_52-U1,tierA_p95,Hepatocytes,interferon_response,N3,25.0,30.0,-0.01069662402900546,-0.011557479450291876,-0.009873275936762089
7001_liver_sham_Male_52-U1,tierA_p95,Hepatocytes,interferon_response,N3,30.0,35.0,-0.010681484776643446,-0.011597630603253048,-0.00986281272858564
7001_liver_sham_Male_52-U1,tierA_p95,Hepatocytes,interferon_response,N3,35.0,40.0,-0.010683752659081839,-0.011574253440098993,-0.00991063295275175
7001_liver_sham_Male_52-U1,tierA_p95,Hepatocytes,interferon_response,N3,40.0,45.0,-0.010677812315666651,-0.011566628982928238,-0.009869576678605128
7001_liver_sham_Male_52-U1,tierA_p95,Hepatocytes,interferon_response,N3,45.0,50.0,-0.010691179877166149,-0.011547253304147478,-0.009822783639661058
7001_liver_sham_Male_52-U1,tierA_p95,Hepatocytes,interferon_response,N3,50.0,55.0,-0.0106671923021677,-0.011590744631689687,-0.009772082584644376
7001_liver_sham_Male_52-U1,tierA_p95,Hepatocytes,interferon_response,N3,55.0,60.0,-0.0106921899318197,-0.011604200155210718,-0.009724363332150803
7001_liver_sham_Male_52-U1,tierA_p95,Hepatocytes,interferon_response,N3,60.0,65.0,-0.010668885014967856,-0.011648911800172624,-0.00972074773637563
7001_liver_sham_Male_52-U1,tierA_p95,Hepatocytes,interferon_response,N3,65.0,70.0,-0.010711355347968828,-0.011735439660631088,-0.009662295479287807
7001_liver_sham_Male_52-U1,tierA_p95,Hepatocytes,interferon_response,N3,70.0,75.0,-0.010678874271710189,-0.011777762638088586,-0.009559228848236474
7001_liver_sham_Male_52-U1,tierA_p95,Hepatocytes,interferon_response,N3,75.0,80.0,-0.010671455918893352,-0.011858499695252754,-0.009366366147261542
7001_liver_sham_Male_52-U1,tierA_p95,Hepatocytes,interferon_response,N3,80.0,85.0,-0.010693750286337149,-0.01203948622922476,-0.009236050857266321
7001_liver_sham_Male_52-U1,tierA_p95,Hepatocytes,interferon_response,N3,85.0,90.0,-0.01071363852545889,-0.012189351971851859,-0.009193449527821187
7001_liver_sham_Male_52-U1,tierA_p95,Hepatocytes,interferon_response,N3,90.0,95.0,-0.010708847642935638,-0.01233029357024299,-0.008919828465159266
7001_liver_sham_Male_52-U1,tierA_p95,Hepatocytes,interferon_response,N3,95.0,100.0,-0.010657592070098766,-0.011670072733031531,-0.009041722585789322
7001_liver_sham_Male_52-U1,tierA_p95,Hepatocytes,oxidative_stress,N3,0.0,5.0,0.1283385701037091,0.1230704814223233,0.1337302953366084
7001_liver_sham_Male_52-U1,tierA_p95,Hepatocytes,oxidative_stress,N3,5.0,10.0,0.1282584192647209,0.12444989756770831,0.13163972876080285
7001_liver_sham_Male_52-U1,tierA_p95,Hepatocytes,oxidative_stress,N3,10.0,15.0,0.12829802645494562,0.1245383241475727,0.13108364754933183
7001_liver_sham_Male_52-U1,tierA_p95,Hepatocytes,oxidative_stress,N3,15.0,20.0,0.12832859512020248,0.12469510504459694,0.13111376156951784
7001_liver_sham_Male_52-U1,tierA_p95,Hepatocytes,oxidative_stress,N3,20.0,25.0,0.12830408512240382,0.12457513638447627,0.13100718849927287
7001_liver_sham_Male_52-U1,tierA_p95,Hepatocytes,oxidative_stress,N3,25.0,30.0,0.12832567469364925,0.12475746907387511,0.13068839787799086
7001_liver_sham_Male_52-U1,tierA_p95,Hepatocytes,oxidative_stress,N3,30.0,35.0,0.12832773267921374,0.12476919214972404,0.13069705242150614
7001_liver_sham_Male_52-U1,tierA_p95,Hepatocytes,oxidative_stress,N3,35.0,40.0,0.12828360633066246,0.12509217369151368,0.1307345227145807
7001_liver_sham_Male_52-U1,tierA_p95,Hepatocytes,oxidative_stress,N3,40.0,45.0,0.12831193056561802,0.12479384310788809,0.1307093784001164
7001_liver_sham_Male_52-U1,tierA_p95,Hepatocytes,oxidative_stress,N3,45.0,50.0,0.12832623170842247,0.12511695561319844,0.13081381435774778
7001_liver_sham_Male_52-U1,tierA_p95,Hepatocytes,oxidative_stress,N3,50.0,55.0,0.1282817176802999,0.12501502716806184,0.1307356862616306
7001_liver_sham_Male_52-U1,tierA_p95,Hepatocytes,oxidative_stress,N3,55.0,60.0,0.12830388600356163,0.12475743230677111,0.13095148190934214
7001_liver_sham_Male_52-U1,tierA_p95,Hepatocytes,oxidative_stress,N3,60.0,65.0,0.1283394938378852,0.1252709885757302,0.13095398121926555
7001_liver_sham_Male_52-U1,tierA_p95,Hepatocytes,oxidative_stress,N3,65.0,70.0,0.1282960950310034,0.12521890490392665,0.1310120996537605
7001_liver_sham_Male_52-U1,tierA_p95,Hepatocytes,oxidative_stress,N3,70.0,75.0,0.12826793381130633,0.12490181734162752,0.13138682540746643
7001_liver_sham_Male_52-U1,tierA_p95,Hepatocytes,oxidative_stress,N3,75.0,80.0,0.1282719964328026,0.12472409742072259,0.13157625609149834
7001_liver_sham_Male_52-U1,tierA_p95,Hepatocytes,oxidative_stress,N3,80.0,85.0,0.12842203236964314,0.12490006532714042,0.1318679445218856
7001_liver_sham_Male_52-U1,tierA_p95,Hepatocytes,oxidative_stress,N3,85.0,90.0,0.12819940756761453,0.12436629257211561,0.1321192771190681
7001_liver_sham_Male_52-U1,tierA_p95,Hepatocytes,oxidative_stress,N3,90.0,95.0,0.12828658691817982,0.12416906085404286,0.13283693760176468
7001_liver_sham_Male_52-U1,tierA_p95,Hepatocytes,oxidative_stress,N3,95.0,100.0,0.12860652238491407,0.12497730526520705,0.13843775563563945
7001_liver_sham_Male_52-U1,tierA_p95,Hepatocytes,secondary_senescence,N3,0.0,5.0,0.007003897078321238,0.005117628315893816,0.008904509164620019
7001_liver_sham_Male_52-U1,tierA_p95,Hepatocytes,secondary_senescence,N3,5.0,10.0,0.00695211290531641,0.005717011825345279,0.008213111612065758
7001_liver_sham_Male_52-U1,tierA_p95,Hepatocytes,secondary_senescence,N3,10.0,15.0,0.006957456642723834,0.005852913730427736,0.008016869754303248
7001_liver_sham_Male_52-U1,tierA_p95,Hepatocytes,secondary_senescence,N3,15.0,20.0,0.00695791538628161,0.006000313275269958,0.008014077871974641
7001_liver_sham_Male_52-U1,tierA_p95,Hepatocytes,secondary_senescence,N3,20.0,25.0,0.00695805230773244,0.006094857374766314,0.00789962114730108
7001_liver_sham_Male_52-U1,tierA_p95,Hepatocytes,secondary_senescence,N3,25.0,30.0,0.00696519974388872,0.00612416434334854,0.007963668177224461
7001_liver_sham_Male_52-U1,tierA_p95,Hepatocytes,secondary_senescence,N3,30.0,35.0,0.006953578129871378,0.006094801860246941,0.007912570240280593
7001_liver_sham_Male_52-U1,tierA_p95,Hepatocytes,secondary_senescence,N3,35.0,40.0,0.006955853276161549,0.006084560260978455,0.007857667333886853
7001_liver_sham_Male_52-U1,tierA_p95,Hepatocytes,secondary_senescence,N3,40.0,45.0,0.006959520563025571,0.0061046917836707,0.007963215165855604
7001_liver_sham_Male_52-U1,tierA_p95,Hepatocytes,secondary_senescence,N3,45.0,50.0,0.006958682014303771,0.006123020014283417,0.007914924516699678
7001_liver_sham_Male_52-U1,tierA_p95,Hepatocytes,secondary_senescence,N3,50.0,55.0,0.006962215037106905,0.006155115459243937,0.007891507549625287
7001_liver_sham_Male_52-U1,tierA_p95,Hepatocytes,secondary_senescence,N3,55.0,60.0,0.006970544207244901,0.006075228021880402,0.007899726377721274
7001_liver_sham_Male_52-U1,tierA_p95,Hepatocytes,secondary_senescence,N3,60.0,65.0,0.006962564057063158,0.006037186794550579,0.007973984191543613
7001_liver_sham_Male_52-U1,tierA_p95,Hepatocytes,secondary_senescence,N3,65.0,70.0,0.006968138335087127,0.005876039817421239,0.008061239590931078
7001_liver_sham_Male_52-U1,tierA_p95,Hepatocytes,secondary_senescence,N3,70.0,75.0,0.0069553832616336365,0.005785518191893107,0.008227707045956913
7001_liver_sham_Male_52-U1,tierA_p95,Hepatocytes,secondary_senescence,N3,75.0,80.0,0.006948087273005918,0.005806347858058305,0.00822145280058929
7001_liver_sham_Male_52-U1,tierA_p95,Hepatocytes,secondary_senescence,N3,80.0,85.0,0.006979707309231128,0.0056472724068447385,0.008400287147311575
7001_liver_sham_Male_52-U1,tierA_p95,Hepatocytes,secondary_senescence,N3,85.0,90.0,0.006947552156389556,0.005523600203394797,0.008443368562804065
7001_liver_sham_Male_52-U1,tierA_p95,Hepatocytes,secondary_senescence,N3,90.0,95.0,0.006981877698047855,0.005108413694739642,0.008631815110076928
7001_liver_sham_Male_52-U1,tierA_p95,Hepatocytes,secondary_senescence,N3,95.0,100.0,0.0068881033240728445,0.004469815408256864,0.00809481722539509
7001_liver_sham_Male_52-U1,tierA_p95,Hepatocytes,tnfa_nfkb_proximal,N3,0.0,5.0,-0.016012257784845024,-0.018036310450486388,-0.013943871261293974
7001_liver_sham_Male_52-U1,tierA_p95,Hepatocytes,tnfa_nfkb_proximal,N3,5.0,10.0,-0.016003740749149696,-0.017120885255184258,-0.014805895365159112
7001_liver_sham_Male_52-U1,tierA_p95,Hepatocytes,tnfa_nfkb_proximal,N3,10.0,15.0,-0.016021996002428856,-0.01700139753858264,-0.015038616901015657
7001_liver_sham_Male_52-U1,tierA_p95,Hepatocytes,tnfa_nfkb_proximal,N3,15.0,20.0,-0.015999452359604333,-0.01684485347913946,-0.015198266899455014
7001_liver_sham_Male_52-U1,tierA_p95,Hepatocytes,tnfa_nfkb_proximal,N3,20.0,25.0,-0.016005518784310932,-0.016698482956856137,-0.01524892041570107
7001_liver_sham_Male_52-U1,tierA_p95,Hepatocytes,tnfa_nfkb_proximal,N3,25.0,30.0,-0.016023205897952687,-0.016765099455399956,-0.015331056829935916
7001_liver_sham_Male_52-U1,tierA_p95,Hepatocytes,tnfa_nfkb_proximal,N3,30.0,35.0,-0.01601308293605843,-0.01672888548479807,-0.015321981204509765
7001_liver_sham_Male_52-U1,tierA_p95,Hepatocytes,tnfa_nfkb_proximal,N3,35.0,40.0,-0.015995162660418224,-0.016693863552511987,-0.015345435661940724
7001_liver_sham_Male_52-U1,tierA_p95,Hepatocytes,tnfa_nfkb_proximal,N3,40.0,45.0,-0.016023712038619527,-0.016763057229968313,-0.01529733279927734
7001_liver_sham_Male_52-U1,tierA_p95,Hepatocytes,tnfa_nfkb_proximal,N3,45.0,50.0,-0.016011013341891596,-0.016754925163734162,-0.015265805025941409
7001_liver_sham_Male_52-U1,tierA_p95,Hepatocytes,tnfa_nfkb_proximal,N3,50.0,55.0,-0.01599109785156044,-0.016807780152248736,-0.015195693191715423
7001_liver_sham_Male_52-U1,tierA_p95,Hepatocytes,tnfa_nfkb_proximal,N3,55.0,60.0,-0.015995923220317985,-0.01685842342485746,-0.01521944261683075
7001_liver_sham_Male_52-U1,tierA_p95,Hepatocytes,tnfa_nfkb_proximal,N3,60.0,65.0,-0.0159873984379861,-0.016864730711655545,-0.01507285956117197
7001_liver_sham_Male_52-U1,tierA_p95,Hepatocytes,tnfa_nfkb_proximal,N3,65.0,70.0,-0.016014946764487562,-0.01703839273351105,-0.014931875053122705
7001_liver_sham_Male_52-U1,tierA_p95,Hepatocytes,tnfa_nfkb_proximal,N3,70.0,75.0,-0.015998394721713174,-0.017146735866233418,-0.014889025890604014
7001_liver_sham_Male_52-U1,tierA_p95,Hepatocytes,tnfa_nfkb_proximal,N3,75.0,80.0,-0.01600264822969094,-0.017207178642736437,-0.014791930344768469
7001_liver_sham_Male_52-U1,tierA_p95,Hepatocytes,tnfa_nfkb_proximal,N3,80.0,85.0,-0.015994827834481126,-0.01746579118613763,-0.014467377344780622
7001_liver_sham_Male_52-U1,tierA_p95,Hepatocytes,tnfa_nfkb_proximal,N3,85.0,90.0,-0.016015792770327983,-0.017470929774167122,-0.014437880915366899
7001_liver_sham_Male_52-U1,tierA_p95,Hepatocytes,tnfa_nfkb_proximal,N3,90.0,95.0,-0.016022350394978836,-0.017682859291550047,-0.014245078786463755
7001_liver_sham_Male_52-U1,tierA_p95,Hepatocytes,tnfa_nfkb_proximal,N3,95.0,100.0,-0.016037617162355935,-0.016824169079045558,-0.015513579622711807
7001_liver_sham_Male_52-U1,tierA_p95,Hepatocytes,downstream_arrest,N4,0.0,5.0,0.005867094396416545,0.004629704764616117,0.00733104810258387
7001_liver_sham_Male_52-U1,tierA_p95,Hepatocytes,downstream_arrest,N4,5.0,10.0,0.005878118659033376,0.005085960139262368,0.006707831652974334
7001_liver_sham_Male_52-U1,tierA_p95,Hepatocytes,downstream_arrest,N4,10.0,15.0,0.005886740650562745,0.005191135597876005,0.0065786575688330665
7001_liver_sham_Male_52-U1,tierA_p95,Hepatocytes,downstream_arrest,N4,15.0,20.0,0.0058660889592722625,0.005318391009880101,0.006496067071211632
7001_liver_sham_Male_52-U1,tierA_p95,Hepatocytes,downstream_arrest,N4,20.0,25.0,0.005864429978169324,0.005325974495504747,0.0064196527405593
7001_liver_sham_Male_52-U1,tierA_p95,Hepatocytes,downstream_arrest,N4,25.0,30.0,0.005855954074109526,0.005286659624470165,0.006363911591468865
7001_liver_sham_Male_52-U1,tierA_p95,Hepatocytes,downstream_arrest,N4,30.0,35.0,0.005849109602727992,0.005353642569172474,0.006403126387475351
7001_liver_sham_Male_52-U1,tierA_p95,Hepatocytes,downstream_arrest,N4,35.0,40.0,0.005841402503285062,0.005333858099835206,0.006353634882766086
7001_liver_sham_Male_52-U1,tierA_p95,Hepatocytes,downstream_arrest,N4,40.0,45.0,0.005848815353814725,0.00530432671952438,0.006357433095384253
7001_liver_sham_Male_52-U1,tierA_p95,Hepatocytes,downstream_arrest,N4,45.0,50.0,0.0058552696750264095,0.00526424362076933,0.006421428980308762
7001_liver_sham_Male_52-U1,tierA_p95,Hepatocytes,downstream_arrest,N4,50.0,55.0,0.00586032499861825,0.0052852798560774315,0.006454051888785306
7001_liver_sham_Male_52-U1,tierA_p95,Hepatocytes,downstream_arrest,N4,55.0,60.0,0.00585512683065871,0.0052107757717600005,0.006483166371722686
7001_liver_sham_Male_52-U1,tierA_p95,Hepatocytes,downstream_arrest,N4,60.0,65.0,0.005837933866522415,0.005161969406638862,0.0064909586684569545
7001_liver_sham_Male_52-U1,tierA_p95,Hepatocytes,downstream_arrest,N4,65.0,70.0,0.00584749052761151,0.005072649556508411,0.006531924475500451
7001_liver_sham_Male_52-U1,tierA_p95,Hepatocytes,downstream_arrest,N4,70.0,75.0,0.005850614932134945,0.005006089855588546,0.006686238035761555
7001_liver_sham_Male_52-U1,tierA_p95,Hepatocytes,downstream_arrest,N4,75.0,80.0,0.005865948694711653,0.004839375533614547,0.006816086221880877
7001_liver_sham_Male_52-U1,tierA_p95,Hepatocytes,downstream_arrest,N4,80.0,85.0,0.0058693102550532675,0.004724102458583868,0.006888608613036351
7001_liver_sham_Male_52-U1,tierA_p95,Hepatocytes,downstream_arrest,N4,85.0,90.0,0.005869775058241214,0.004598195191438854,0.007092138244578383
7001_liver_sham_Male_52-U1,tierA_p95,Hepatocytes,downstream_arrest,N4,90.0,95.0,0.00587267225168717,0.004504320593527628,0.007309958267422244
7001_liver_sham_Male_52-U1,tierA_p95,Hepatocytes,downstream_arrest,N4,95.0,100.0,0.006008507693145232,0.005246298020397338,0.006795796601259514
7001_liver_sham_Male_52-U1,tierA_p95,Hepatocytes,emt_ecm,N4,0.0,5.0,0.007849031396341135,0.005939845087984802,0.009725517127757969
7001_liver_sham_Male_52-U1,tierA_p95,Hepatocytes,emt_ecm,N4,5.0,10.0,0.007841643672066408,0.006760382608329932,0.009036489390427125
7001_liver_sham_Male_52-U1,tierA_p95,Hepatocytes,emt_ecm,N4,10.0,15.0,0.007825880247694105,0.0069546767619764254,0.008804801446451481
7001_liver_sham_Male_52-U1,tierA_p95,Hepatocytes,emt_ecm,N4,15.0,20.0,0.007840132389334481,0.00702778547421188,0.008722860464016645
7001_liver_sham_Male_52-U1,tierA_p95,Hepatocytes,emt_ecm,N4,20.0,25.0,0.00781545012124744,0.007069565580188597,0.008572240138576099
7001_liver_sham_Male_52-U1,tierA_p95,Hepatocytes,emt_ecm,N4,25.0,30.0,0.007829874101939444,0.007080278208181474,0.008553070279089936
7001_liver_sham_Male_52-U1,tierA_p95,Hepatocytes,emt_ecm,N4,30.0,35.0,0.0078646066558997,0.007149035232932694,0.008692147015742432
7001_liver_sham_Male_52-U1,tierA_p95,Hepatocytes,emt_ecm,N4,35.0,40.0,0.007870812898772714,0.007164656655000512,0.008653692551130484
7001_liver_sham_Male_52-U1,tierA_p95,Hepatocytes,emt_ecm,N4,40.0,45.0,0.007872423918083004,0.007113469611743955,0.008762729522172422
7001_liver_sham_Male_52-U1,tierA_p95,Hepatocytes,emt_ecm,N4,45.0,50.0,0.007881915256672402,0.006987329713229949,0.00885377353510146
7001_liver_sham_Male_52-U1,tierA_p95,Hepatocytes,emt_ecm,N4,50.0,55.0,0.007882325478158874,0.007052590330724195,0.008759255225880676
7001_liver_sham_Male_52-U1,tierA_p95,Hepatocytes,emt_ecm,N4,55.0,60.0,0.007900488897920452,0.0070446054761550735,0.008777802135186571
7001_liver_sham_Male_52-U1,tierA_p95,Hepatocytes,emt_ecm,N4,60.0,65.0,0.007866989273183035,0.00688262586063005,0.008957951072930796
7001_liver_sham_Male_52-U1,tierA_p95,Hepatocytes,emt_ecm,N4,65.0,70.0,0.007826034401795317,0.006640250374492869,0.009003111097381068
7001_liver_sham_Male_52-U1,tierA_p95,Hepatocytes,emt_ecm,N4,70.0,75.0,0.007858726429870188,0.006639326716525219,0.00924543561144336
7001_liver_sham_Male_52-U1,tierA_p95,Hepatocytes,emt_ecm,N4,75.0,80.0,0.007793613833807039,0.006354274679942296,0.00923366033154338
7001_liver_sham_Male_52-U1,tierA_p95,Hepatocytes,emt_ecm,N4,80.0,85.0,0.007689311411966171,0.006131941638001157,0.00924612784179889
7001_liver_sham_Male_52-U1,tierA_p95,Hepatocytes,emt_ecm,N4,85.0,90.0,0.007673370488007342,0.005763385305006908,0.009376634629936723
7001_liver_sham_Male_52-U1,tierA_p95,Hepatocytes,emt_ecm,N4,90.0,95.0,0.007588882332289195,0.005404239232305383,0.009596318306010718
7001_liver_sham_Male_52-U1,tierA_p95,Hepatocytes,emt_ecm,N4,95.0,100.0,0.005928830842741223,0.003967501430611812,0.007236543117184476
7001_liver_sham_Male_52-U1,tierA_p95,Hepatocytes,il6_jak_stat3,N4,0.0,5.0,-0.03193874276722869,-0.033974863827647896,-0.029972743770062062
7001_liver_sham_Male_52-U1,tierA_p95,Hepatocytes,il6_jak_stat3,N4,5.0,10.0,-0.03197112844226724,-0.033149280524147805,-0.030750297848135544
7001_liver_sham_Male_52-U1,tierA_p95,Hepatocytes,il6_jak_stat3,N4,10.0,15.0,-0.031962029981948255,-0.033001344740096965,-0.030892217193717573
7001_liver_sham_Male_52-U1,tierA_p95,Hepatocytes,il6_jak_stat3,N4,15.0,20.0,-0.03199808078322531,-0.03283720584297897,-0.03119580182096126
7001_liver_sham_Male_52-U1,tierA_p95,Hepatocytes,il6_jak_stat3,N4,20.0,25.0,-0.03200192151489128,-0.032759169005073134,-0.031219711818195307
7001_liver_sham_Male_52-U1,tierA_p95,Hepatocytes,il6_jak_stat3,N4,25.0,30.0,-0.03200742263814713,-0.032733166767431404,-0.03128622944781705
7001_liver_sham_Male_52-U1,tierA_p95,Hepatocytes,il6_jak_stat3,N4,30.0,35.0,-0.03197755963452607,-0.03263517577222926,-0.031268621230884995
7001_liver_sham_Male_52-U1,tierA_p95,Hepatocytes,il6_jak_stat3,N4,35.0,40.0,-0.03195929122221174,-0.032729762592734336,-0.03120224056971456
7001_liver_sham_Male_52-U1,tierA_p95,Hepatocytes,il6_jak_stat3,N4,40.0,45.0,-0.03198478301302853,-0.032739437538869244,-0.031277313502961014
7001_liver_sham_Male_52-U1,tierA_p95,Hepatocytes,il6_jak_stat3,N4,45.0,50.0,-0.03195671425247527,-0.032720831463625706,-0.031193605989140585
7001_liver_sham_Male_52-U1,tierA_p95,Hepatocytes,il6_jak_stat3,N4,50.0,55.0,-0.03194786555693368,-0.03271360393116987,-0.03114115561600533
7001_liver_sham_Male_52-U1,tierA_p95,Hepatocytes,il6_jak_stat3,N4,55.0,60.0,-0.03194725876404546,-0.03285781019973396,-0.030978421004651594
7001_liver_sham_Male_52-U1,tierA_p95,Hepatocytes,il6_jak_stat3,N4,60.0,65.0,-0.031913595745923846,-0.03288105374495997,-0.030993529370586918
7001_liver_sham_Male_52-U1,tierA_p95,Hepatocytes,il6_jak_stat3,N4,65.0,70.0,-0.03200578547022594,-0.03304620281994069,-0.03100152137814185
7001_liver_sham_Male_52-U1,tierA_p95,Hepatocytes,il6_jak_stat3,N4,70.0,75.0,-0.03195963189882957,-0.033097098130123695,-0.03079082173249365
7001_liver_sham_Male_52-U1,tierA_p95,Hepatocytes,il6_jak_stat3,N4,75.0,80.0,-0.03197164646597987,-0.03320826400296577,-0.03066161129990779
7001_liver_sham_Male_52-U1,tierA_p95,Hepatocytes,il6_jak_stat3,N4,80.0,85.0,-0.0320013553017543,-0.03342194818804274,-0.030591428764174953
7001_liver_sham_Male_52-U1,tierA_p95,Hepatocytes,il6_jak_stat3,N4,85.0,90.0,-0.03198792975324889,-0.03382956191073258,-0.030211575890281235
7001_liver_sham_Male_52-U1,tierA_p95,Hepatocytes,il6_jak_stat3,N4,90.0,95.0,-0.03200367635084338,-0.03393199745977569,-0.029824004690122453
7001_liver_sham_Male_52-U1,tierA_p95,Hepatocytes,il6_jak_stat3,N4,95.0,100.0,-0.032468733273207276,-0.033386842154003234,-0.03166756175570256
7001_liver_sham_Male_52-U1,tierA_p95,Hepatocytes,interferon_response,N4,0.0,5.0,-0.010737033037308937,-0.012434885590191767,-0.008960672686656282
7001_liver_sham_Male_52-U1,tierA_p95,Hepatocytes,interferon_response,N4,5.0,10.0,-0.010709431439757076,-0.011849772715837717,-0.009464517502594829
7001_liver_sham_Male_52-U1,tierA_p95,Hepatocytes,interferon_response,N4,10.0,15.0,-0.010680730425562264,-0.011568781552935139,-0.009728592851440572
7001_liver_sham_Male_52-U1,tierA_p95,Hepatocytes,interferon_response,N4,15.0,20.0,-0.010708915276586958,-0.011469400756956594,-0.009925262237558139
7001_liver_sham_Male_52-U1,tierA_p95,Hepatocytes,interferon_response,N4,20.0,25.0,-0.010729494017818008,-0.0114495606009142,-0.010007877987567368
7001_liver_sham_Male_52-U1,tierA_p95,Hepatocytes,interferon_response,N4,25.0,30.0,-0.01072486148339995,-0.01135897247081536,-0.010027576516275888
7001_liver_sham_Male_52-U1,tierA_p95,Hepatocytes,interferon_response,N4,30.0,35.0,-0.010717178550079129,-0.011313682821747209,-0.010080472874303662
7001_liver_sham_Male_52-U1,tierA_p95,Hepatocytes,interferon_response,N4,35.0,40.0,-0.01071162545764376,-0.011345209627805303,-0.01008934730190866
7001_liver_sham_Male_52-U1,tierA_p95,Hepatocytes,interferon_response,N4,40.0,45.0,-0.010760273263990587,-0.011440827094215391,-0.010100301434343923
7001_liver_sham_Male_52-U1,tierA_p95,Hepatocytes,interferon_response,N4,45.0,50.0,-0.010727490525817963,-0.011396321753814768,-0.010046497325893237
7001_liver_sham_Male_52-U1,tierA_p95,Hepatocytes,interferon_response,N4,50.0,55.0,-0.010749002805490826,-0.01151508799716647,-0.009983222806932304
7001_liver_sham_Male_52-U1,tierA_p95,Hepatocytes,interferon_response,N4,55.0,60.0,-0.010764218758232682,-0.011506417595880366,-0.009933818884298182
7001_liver_sham_Male_52-U1,tierA_p95,Hepatocytes,interferon_response,N4,60.0,65.0,-0.010771558731480366,-0.011578678555970806,-0.00986028213585389
7001_liver_sham_Male_52-U1,tierA_p95,Hepatocytes,interferon_response,N4,65.0,70.0,-0.010774826920726135,-0.011682373110380114,-0.009843471355478353
7001_liver_sham_Male_52-U1,tierA_p95,Hepatocytes,interferon_response,N4,70.0,75.0,-0.010746156348740215,-0.011770521381239156,-0.00969278690180885
7001_liver_sham_Male_52-U1,tierA_p95,Hepatocytes,interferon_response,N4,75.0,80.0,-0.01076027472993074,-0.012011550808490876,-0.009553645940097926
7001_liver_sham_Male_52-U1,tierA_p95,Hepatocytes,interferon_response,N4,80.0,85.0,-0.01076323196339169,-0.012263669526052718,-0.009217120723795179
7001_liver_sham_Male_52-U1,tierA_p95,Hepatocytes,interferon_response,N4,85.0,90.0,-0.010762367689850734,-0.012278332478651947,-0.009091589371330871
7001_liver_sham_Male_52-U1,tierA_p95,Hepatocytes,interferon_response,N4,90.0,95.0,-0.010758606464373063,-0.012466932909109881,-0.008864161349133003
7001_liver_sham_Male_52-U1,tierA_p95,Hepatocytes,interferon_response,N4,95.0,100.0,-0.010446405770676556,-0.011541857805299092,-0.009215344304395223
7001_liver_sham_Male_52-U1,tierA_p95,Hepatocytes,oxidative_stress,N4,0.0,5.0,0.12724271932181871,0.12255339853640328,0.13167844424292038
7001_liver_sham_Male_52-U1,tierA_p95,Hepatocytes,oxidative_stress,N4,5.0,10.0,0.12720333221140334,0.124585354520265,0.12978346898369725
7001_liver_sham_Male_52-U1,tierA_p95,Hepatocytes,oxidative_stress,N4,10.0,15.0,0.12715962771350334,0.12487218804634015,0.12933267223294917
7001_liver_sham_Male_52-U1,tierA_p95,Hepatocytes,oxidative_stress,N4,15.0,20.0,0.12716118390493714,0.1252135241062573,0.12916941660001877
7001_liver_sham_Male_52-U1,tierA_p95,Hepatocytes,oxidative_stress,N4,20.0,25.0,0.12707253318243422,0.12537298635600563,0.1290032464493824
7001_liver_sham_Male_52-U1,tierA_p95,Hepatocytes,oxidative_stress,N4,25.0,30.0,0.12707729306272186,0.1253468042403429,0.1287488766578367
7001_liver_sham_Male_52-U1,tierA_p95,Hepatocytes,oxidative_stress,N4,30.0,35.0,0.1271237682481619,0.12550721810516818,0.12879753926558385
7001_liver_sham_Male_52-U1,tierA_p95,Hepatocytes,oxidative_stress,N4,35.0,40.0,0.126979820637283,0.1252983954922358,0.128512108416934
7001_liver_sham_Male_52-U1,tierA_p95,Hepatocytes,oxidative_stress,N4,40.0,45.0,0.12695687113643983,0.12515615811351694,0.12876648941591232
7001_liver_sham_Male_52-U1,tierA_p95,Hepatocytes,oxidative_stress,N4,45.0,50.0,0.12700826721532024,0.12514741320894515,0.12886896202761094
7001_liver_sham_Male_52-U1,tierA_p95,Hepatocytes,oxidative_stress,N4,50.0,55.0,0.1270173777873754,0.1252060373685416,0.1289188527030454
7001_liver_sham_Male_52-U1,tierA_p95,Hepatocytes,oxidative_stress,N4,55.0,60.0,0.12701772044782123,0.12484198562325258,0.12935543896521973
7001_liver_sham_Male_52-U1,tierA_p95,Hepatocytes,oxidative_stress,N4,60.0,65.0,0.1270773372090396,0.12456184060169885,0.1293375994404374
7001_liver_sham_Male_52-U1,tierA_p95,Hepatocytes,oxidative_stress,N4,65.0,70.0,0.127206772414029,0.12458671983810325,0.12979720366784406
7001_liver_sham_Male_52-U1,tierA_p95,Hepatocytes,oxidative_stress,N4,70.0,75.0,0.12720550336548656,0.12410442378209585,0.13028738403083226
7001_liver_sham_Male_52-U1,tierA_p95,Hepatocytes,oxidative_stress,N4,75.0,80.0,0.12722466217951484,0.12380089068260092,0.130694484255942
7001_liver_sham_Male_52-U1,tierA_p95,Hepatocytes,oxidative_stress,N4,80.0,85.0,0.12748045357773427,0.12350022444921306,0.13127297024382314
7001_liver_sham_Male_52-U1,tierA_p95,Hepatocytes,oxidative_stress,N4,85.0,90.0,0.12752061332613035,0.12338711960614968,0.13187275434054066
7001_liver_sham_Male_52-U1,tierA_p95,Hepatocytes,oxidative_stress,N4,90.0,95.0,0.12780521054639107,0.12299103400434953,0.1328001668857556
7001_liver_sham_Male_52-U1,tierA_p95,Hepatocytes,oxidative_stress,N4,95.0,100.0,0.13366731923234243,0.1294836901658946,0.13997568406621616
7001_liver_sham_Male_52-U1,tierA_p95,Hepatocytes,secondary_senescence,N4,0.0,5.0,0.007107434164175422,0.005388327362446693,0.008790332299092929
7001_liver_sham_Male_52-U1,tierA_p95,Hepatocytes,secondary_senescence,N4,5.0,10.0,0.007176173792907228,0.0061442386959325085,0.008299838482577456
7001_liver_sham_Male_52-U1,tierA_p95,Hepatocytes,secondary_senescence,N4,10.0,15.0,0.007168952168418198,0.006364223161679413,0.008005865657058193
7001_liver_sham_Male_52-U1,tierA_p95,Hepatocytes,secondary_senescence,N4,15.0,20.0,0.007152943657277771,0.006466292347323333,0.007897470420826993
7001_liver_sham_Male_52-U1,tierA_p95,Hepatocytes,secondary_senescence,N4,20.0,25.0,0.007190439049448266,0.006556737675596887,0.00790158239669171
7001_liver_sham_Male_52-U1,tierA_p95,Hepatocytes,secondary_senescence,N4,25.0,30.0,0.007169381067925706,0.0065651036710959905,0.007805780224951495
7001_liver_sham_Male_52-U1,tierA_p95,Hepatocytes,secondary_senescence,N4,30.0,35.0,0.0072013308905089736,0.0065983253801797205,0.007865741213894915
7001_liver_sham_Male_52-U1,tierA_p95,Hepatocytes,secondary_senescence,N4,35.0,40.0,0.007217118266061891,0.006578813938943454,0.00788526652664567
7001_liver_sham_Male_52-U1,tierA_p95,Hepatocytes,secondary_senescence,N4,40.0,45.0,0.0072218238350552485,0.006591987295438436,0.0078984883850739
7001_liver_sham_Male_52-U1,tierA_p95,Hepatocytes,secondary_senescence,N4,45.0,50.0,0.007226285304316605,0.006551505977186506,0.007953362222980813
7001_liver_sham_Male_52-U1,tierA_p95,Hepatocytes,secondary_senescence,N4,50.0,55.0,0.00723641281112149,0.006512992470482785,0.00803558385662656
7001_liver_sham_Male_52-U1,tierA_p95,Hepatocytes,secondary_senescence,N4,55.0,60.0,0.007246972786405323,0.006401899151604265,0.008123089507424366
7001_liver_sham_Male_52-U1,tierA_p95,Hepatocytes,secondary_senescence,N4,60.0,65.0,0.007245985356480613,0.006408338882476514,0.00813627492551529
7001_liver_sham_Male_52-U1,tierA_p95,Hepatocytes,secondary_senescence,N4,65.0,70.0,0.007230564928962428,0.006241891393285905,0.008159446965208586
7001_liver_sham_Male_52-U1,tierA_p95,Hepatocytes,secondary_senescence,N4,70.0,75.0,0.0072417866872670645,0.006127844782320636,0.008328653875519853
7001_liver_sham_Male_52-U1,tierA_p95,Hepatocytes,secondary_senescence,N4,75.0,80.0,0.00718755758790123,0.005968403468943707,0.008412337833949663
7001_liver_sham_Male_52-U1,tierA_p95,Hepatocytes,secondary_senescence,N4,80.0,85.0,0.007171007129337673,0.005725510639145575,0.0085924967829956
7001_liver_sham_Male_52-U1,tierA_p95,Hepatocytes,secondary_senescence,N4,85.0,90.0,0.007140044039689982,0.0056655129204672815,0.008633139481783842
7001_liver_sham_Male_52-U1,tierA_p95,Hepatocytes,secondary_senescence,N4,90.0,95.0,0.00702442285196444,0.005208897687419452,0.008875003428231417
7001_liver_sham_Male_52-U1,tierA_p95,Hepatocytes,secondary_senescence,N4,95.0,100.0,0.005849797445114726,0.00438568559203213,0.006812651071352839
7001_liver_sham_Male_52-U1,tierA_p95,Hepatocytes,tnfa_nfkb_proximal,N4,0.0,5.0,-0.015920705717736336,-0.017789212465472267,-0.014110041835883175
7001_liver_sham_Male_52-U1,tierA_p95,Hepatocytes,tnfa_nfkb_proximal,N4,5.0,10.0,-0.01589129199121807,-0.016956288107313814,-0.01476868161701935
7001_liver_sham_Male_52-U1,tierA_p95,Hepatocytes,tnfa_nfkb_proximal,N4,10.0,15.0,-0.015861815104312865,-0.01672206657998716,-0.014989350801861083
7001_liver_sham_Male_52-U1,tierA_p95,Hepatocytes,tnfa_nfkb_proximal,N4,15.0,20.0,-0.015895554360306798,-0.016683532290184683,-0.015136359768643278
7001_liver_sham_Male_52-U1,tierA_p95,Hepatocytes,tnfa_nfkb_proximal,N4,20.0,25.0,-0.015863618096695255,-0.01658815429227773,-0.015131383227463149
7001_liver_sham_Male_52-U1,tierA_p95,Hepatocytes,tnfa_nfkb_proximal,N4,25.0,30.0,-0.015884046367644122,-0.01656184883384495,-0.0151996071669006
7001_liver_sham_Male_52-U1,tierA_p95,Hepatocytes,tnfa_nfkb_proximal,N4,30.0,35.0,-0.015880244097006873,-0.01653047915902997,-0.015243016720900693
7001_liver_sham_Male_52-U1,tierA_p95,Hepatocytes,tnfa_nfkb_proximal,N4,35.0,40.0,-0.015869108231306453,-0.016576749780739298,-0.015193871740834333
7001_liver_sham_Male_52-U1,tierA_p95,Hepatocytes,tnfa_nfkb_proximal,N4,40.0,45.0,-0.015862990174775424,-0.016510996503912134,-0.015132139255252539
7001_liver_sham_Male_52-U1,tierA_p95,Hepatocytes,tnfa_nfkb_proximal,N4,45.0,50.0,-0.015856970859309566,-0.016594072605426523,-0.015089413014231964
7001_liver_sham_Male_52-U1,tierA_p95,Hepatocytes,tnfa_nfkb_proximal,N4,50.0,55.0,-0.01586972468357251,-0.016593010225480483,-0.015128315064197354
7001_liver_sham_Male_52-U1,tierA_p95,Hepatocytes,tnfa_nfkb_proximal,N4,55.0,60.0,-0.01585281915791842,-0.016623759824866816,-0.015005779259835187
7001_liver_sham_Male_52-U1,tierA_p95,Hepatocytes,tnfa_nfkb_proximal,N4,60.0,65.0,-0.015837657616638898,-0.016662145585450445,-0.01490428617792622
7001_liver_sham_Male_52-U1,tierA_p95,Hepatocytes,tnfa_nfkb_proximal,N4,65.0,70.0,-0.015879367482791035,-0.01678463577654725,-0.01492207660438703
7001_liver_sham_Male_52-U1,tierA_p95,Hepatocytes,tnfa_nfkb_proximal,N4,70.0,75.0,-0.015860772038552306,-0.01703447051948225,-0.014844902792572699
7001_liver_sham_Male_52-U1,tierA_p95,Hepatocytes,tnfa_nfkb_proximal,N4,75.0,80.0,-0.015873599634092787,-0.017168708130674674,-0.01469397973786743
7001_liver_sham_Male_52-U1,tierA_p95,Hepatocytes,tnfa_nfkb_proximal,N4,80.0,85.0,-0.015925710577407933,-0.017356278162022058,-0.014381440834297985
7001_liver_sham_Male_52-U1,tierA_p95,Hepatocytes,tnfa_nfkb_proximal,N4,85.0,90.0,-0.015888845573438358,-0.017424126680791432,-0.014355384938770152
7001_liver_sham_Male_52-U1,tierA_p95,Hepatocytes,tnfa_nfkb_proximal,N4,90.0,95.0,-0.01594391066436725,-0.017793829488121735,-0.014038009798186094
7001_liver_sham_Male_52-U1,tierA_p95,Hepatocytes,tnfa_nfkb_proximal,N4,95.0,100.0,-0.01658687336264737,-0.017252907613749986,-0.01596126630388014
7248_liver_sham_Male_26-U1,tierA_p95,Hepatocytes,downstream_arrest,N1,0.0,5.0,0.00608767494336618,0.005661153517369025,0.006500018088086065
7248_liver_sham_Male_26-U1,tierA_p95,Hepatocytes,downstream_arrest,N1,5.0,10.0,0.004747726161152491,0.0039371766861516656,0.005563675010696889
7248_liver_sham_Male_26-U1,tierA_p95,Hepatocytes,downstream_arrest,N1,10.0,15.0,0.005784996543973918,0.005419425522755967,0.006127580236553619
7248_liver_sham_Male_26-U1,tierA_p95,Hepatocytes,downstream_arrest,N1,15.0,20.0,0.006095340441515425,0.005819738421107521,0.00638481195084556
7248_liver_sham_Male_26-U1,tierA_p95,Hepatocytes,downstream_arrest,N1,20.0,25.0,0.006129984244305172,0.005881852628439907,0.006384471689116203
7248_liver_sham_Male_26-U1,tierA_p95,Hepatocytes,downstream_arrest,N1,25.0,30.0,0.006048259018360495,0.0057599601390807,0.006324689473381516
7248_liver_sham_Male_26-U1,tierA_p95,Hepatocytes,downstream_arrest,N1,30.0,35.0,0.0061242994230261485,0.005813150117976817,0.006409119754531517
7248_liver_sham_Male_26-U1,tierA_p95,Hepatocytes,downstream_arrest,N1,35.0,40.0,0.0061503165433835875,0.005852419375876987,0.006449887336760567
7248_liver_sham_Male_26-U1,tierA_p95,Hepatocytes,downstream_arrest,N1,40.0,45.0,0.006159155734485625,0.005838038162310596,0.006468836695339682
7248_liver_sham_Male_26-U1,tierA_p95,Hepatocytes,downstream_arrest,N1,45.0,50.0,0.006162266117686886,0.005818646510372114,0.006498906651053871
7248_liver_sham_Male_26-U1,tierA_p95,Hepatocytes,downstream_arrest,N1,50.0,55.0,0.006148315189912393,0.005782948641410812,0.006521749471952084
7248_liver_sham_Male_26-U1,tierA_p95,Hepatocytes,downstream_arrest,N1,55.0,60.0,0.006164582532043985,0.005721423271380135,0.006592670529308703
7248_liver_sham_Male_26-U1,tierA_p95,Hepatocytes,downstream_arrest,N1,60.0,65.0,0.006128035026621962,0.0055865094227388265,0.006670146225762353
7248_liver_sham_Male_26-U1,tierA_p95,Hepatocytes,downstream_arrest,N1,65.0,70.0,0.006226602836096713,0.0056404368291813525,0.006842989966819472
7248_liver_sham_Male_26-U1,tierA_p95,Hepatocytes,downstream_arrest,N1,70.0,75.0,0.00612225640318335,0.005392593574177045,0.006845487506099364
7248_liver_sham_Male_26-U1,tierA_p95,Hepatocytes,downstream_arrest,N1,75.0,80.0,0.006233513503518791,0.005370691027886511,0.007084486634048735
7248_liver_sham_Male_26-U1,tierA_p95,Hepatocytes,downstream_arrest,N1,80.0,85.0,0.00618554508038782,0.005197532452947889,0.007318891839556176
7248_liver_sham_Male_26-U1,tierA_p95,Hepatocytes,downstream_arrest,N1,85.0,90.0,0.006334068439998454,0.005070145815784553,0.0076868824961777715
7248_liver_sham_Male_26-U1,tierA_p95,Hepatocytes,downstream_arrest,N1,90.0,95.0,0.006338946774367478,0.004786810357673367,0.007946743105328221
7248_liver_sham_Male_26-U1,tierA_p95,Hepatocytes,downstream_arrest,N1,95.0,100.0,0.006541131836458486,0.0050813204774755065,0.007991682978117847
7248_liver_sham_Male_26-U1,tierA_p95,Hepatocytes,emt_ecm,N1,0.0,5.0,-0.0029830067400129713,-0.003463774363160937,-0.002496140186633249
7248_liver_sham_Male_26-U1,tierA_p95,Hepatocytes,emt_ecm,N1,5.0,10.0,-0.0025941570153795927,-0.0036933397903622764,-0.0015801401933348705
7248_liver_sham_Male_26-U1,tierA_p95,Hepatocytes,emt_ecm,N1,10.0,15.0,-0.003246045374040853,-0.0036661616141227767,-0.0028121562572111214
7248_liver_sham_Male_26-U1,tierA_p95,Hepatocytes,emt_ecm,N1,15.0,20.0,-0.003437088057356794,-0.003764316304436076,-0.0031161457401381104
7248_liver_sham_Male_26-U1,tierA_p95,Hepatocytes,emt_ecm,N1,20.0,25.0,-0.003324417312040272,-0.0036302350031825357,-0.0030296929005335354
7248_liver_sham_Male_26-U1,tierA_p95,Hepatocytes,emt_ecm,N1,25.0,30.0,-0.003307023941113511,-0.0036389456225244957,-0.002991989579833757
7248_liver_sham_Male_26-U1,tierA_p95,Hepatocytes,emt_ecm,N1,30.0,35.0,-0.0032094438809262514,-0.0035398425521230483,-0.0028974176921693
7248_liver_sham_Male_26-U1,tierA_p95,Hepatocytes,emt_ecm,N1,35.0,40.0,-0.0031260499110189496,-0.00345704012198654,-0.0027911012890459753
7248_liver_sham_Male_26-U1,tierA_p95,Hepatocytes,emt_ecm,N1,40.0,45.0,-0.003000547646966063,-0.003338513663672995,-0.0026477276527685227
7248_liver_sham_Male_26-U1,tierA_p95,Hepatocytes,emt_ecm,N1,45.0,50.0,-0.0028616056782804363,-0.0032719244176112753,-0.00248000921021186
7248_liver_sham_Male_26-U1,tierA_p95,Hepatocytes,emt_ecm,N1,50.0,55.0,-0.002734699524007849,-0.0031689811304512904,-0.0022900033057833267
7248_liver_sham_Male_26-U1,tierA_p95,Hepatocytes,emt_ecm,N1,55.0,60.0,-0.002545425870461228,-0.00308790753744996,-0.0020624440986070124
7248_liver_sham_Male_26-U1,tierA_p95,Hepatocytes,emt_ecm,N1,60.0,65.0,-0.002427505101167954,-0.003018735111288114,-0.001848051630005595
7248_liver_sham_Male_26-U1,tierA_p95,Hepatocytes,emt_ecm,N1,65.0,70.0,-0.002220961101374355,-0.0029336872653779947,-0.0014710204800391694
7248_liver_sham_Male_26-U1,tierA_p95,Hepatocytes,emt_ecm,N1,70.0,75.0,-0.002038252148836854,-0.0028979804675519686,-0.001198413948618829
7248_liver_sham_Male_26-U1,tierA_p95,Hepatocytes,emt_ecm,N1,75.0,80.0,-0.0018033126327628834,-0.002769760710384296,-0.0008844780020795288
7248_liver_sham_Male_26-U1,tierA_p95,Hepatocytes,emt_ecm,N1,80.0,85.0,-0.001658153752734734,-0.0029184224554456026,-0.00037761291209336214
7248_liver_sham_Male_26-U1,tierA_p95,Hepatocytes,emt_ecm,N1,85.0,90.0,-0.0014931569173974846,-0.0029927352677569657,6.675767460501898e-05
7248_liver_sham_Male_26-U1,tierA_p95,Hepatocytes,emt_ecm,N1,90.0,95.0,-0.0013024218261160408,-0.003251970909696728,0.0005533020868246846
7248_liver_sham_Male_26-U1,tierA_p95,Hepatocytes,emt_ecm,N1,95.0,100.0,-0.0007574380829722265,-0.0027273250899603,0.001031385960809086
7248_liver_sham_Male_26-U1,tierA_p95,Hepatocytes,il6_jak_stat3,N1,0.0,5.0,-0.03649089021649752,-0.03698567142543382,-0.035981900122733876
7248_liver_sham_Male_26-U1,tierA_p95,Hepatocytes,il6_jak_stat3,N1,5.0,10.0,-0.03342543031213305,-0.034579033022376436,-0.03231454178972496
7248_liver_sham_Male_26-U1,tierA_p95,Hepatocytes,il6_jak_stat3,N1,10.0,15.0,-0.03593850673022005,-0.03639861599151502,-0.03546492013582129
7248_liver_sham_Male_26-U1,tierA_p95,Hepatocytes,il6_jak_stat3,N1,15.0,20.0,-0.0366279495635784,-0.03700437435565287,-0.036238329331369286
7248_liver_sham_Male_26-U1,tierA_p95,Hepatocytes,il6_jak_stat3,N1,20.0,25.0,-0.036694751669666875,-0.03706777062523505,-0.036336014131964876
7248_liver_sham_Male_26-U1,tierA_p95,Hepatocytes,il6_jak_stat3,N1,25.0,30.0,-0.03655528770508625,-0.036887032334739556,-0.03622050590560783
7248_liver_sham_Male_26-U1,tierA_p95,Hepatocytes,il6_jak_stat3,N1,30.0,35.0,-0.03656261891804918,-0.036909611309251855,-0.03621515137667747
7248_liver_sham_Male_26-U1,tierA_p95,Hepatocytes,il6_jak_stat3,N1,35.0,40.0,-0.03667249616310546,-0.03704706001242836,-0.03630053573515681
7248_liver_sham_Male_26-U1,tierA_p95,Hepatocytes,il6_jak_stat3,N1,40.0,45.0,-0.036669845479656064,-0.03705899897899588,-0.036248751442058795
7248_liver_sham_Male_26-U1,tierA_p95,Hepatocytes,il6_jak_stat3,N1,45.0,50.0,-0.036648578849379373,-0.03709977805360223,-0.03620477906678914
7248_liver_sham_Male_26-U1,tierA_p95,Hepatocytes,il6_jak_stat3,N1,50.0,55.0,-0.0366505834054715,-0.03713361646122954,-0.03616940073092409
7248_liver_sham_Male_26-U1,tierA_p95,Hepatocytes,il6_jak_stat3,N1,55.0,60.0,-0.03658803520439305,-0.03715185268788444,-0.03602828956856174
7248_liver_sham_Male_26-U1,tierA_p95,Hepatocytes,il6_jak_stat3,N1,60.0,65.0,-0.03654387781646723,-0.03719811535363988,-0.03587077529709286
7248_liver_sham_Male_26-U1,tierA_p95,Hepatocytes,il6_jak_stat3,N1,65.0,70.0,-0.036471879660113046,-0.03725985412086963,-0.03567008068782776
7248_liver_sham_Male_26-U1,tierA_p95,Hepatocytes,il6_jak_stat3,N1,70.0,75.0,-0.03641922569941988,-0.037345542849112456,-0.035502987263548565
7248_liver_sham_Male_26-U1,tierA_p95,Hepatocytes,il6_jak_stat3,N1,75.0,80.0,-0.03636726995461869,-0.037391018474711865,-0.03525575881029051
7248_liver_sham_Male_26-U1,tierA_p95,Hepatocytes,il6_jak_stat3,N1,80.0,85.0,-0.03623104599960299,-0.037506262751903496,-0.0349301681347603
7248_liver_sham_Male_26-U1,tierA_p95,Hepatocytes,il6_jak_stat3,N1,85.0,90.0,-0.03613378759115606,-0.03770691882748918,-0.03451259279155589
7248_liver_sham_Male_26-U1,tierA_p95,Hepatocytes,il6_jak_stat3,N1,90.0,95.0,-0.035983225791629055,-0.03789678736865122,-0.03385382449949098
7248_liver_sham_Male_26-U1,tierA_p95,Hepatocytes,il6_jak_stat3,N1,95.0,100.0,-0.03553755336278981,-0.037391972447392625,-0.03376998101718112
7248_liver_sham_Male_26-U1,tierA_p95,Hepatocytes,interferon_response,N1,0.0,5.0,-0.008265436412638704,-0.008765394513950359,-0.007748240124704622
7248_liver_sham_Male_26-U1,tierA_p95,Hepatocytes,interferon_response,N1,5.0,10.0,-0.00727005167352501,-0.00831423792179803,-0.0061614798789668005
7248_liver_sham_Male_26-U1,tierA_p95,Hepatocytes,interferon_response,N1,10.0,15.0,-0.007865204879464356,-0.008305654030537029,-0.007429213221651698
7248_liver_sham_Male_26-U1,tierA_p95,Hepatocytes,interferon_response,N1,15.0,20.0,-0.008182203944468955,-0.008544073754343429,-0.007800856249256086
7248_liver_sham_Male_26-U1,tierA_p95,Hepatocytes,interferon_response,N1,20.0,25.0,-0.008137764157621607,-0.008473142902477544,-0.007785243454877052
7248_liver_sham_Male_26-U1,tierA_p95,Hepatocytes,interferon_response,N1,25.0,30.0,-0.008195007551019824,-0.008525288363795413,-0.007836530087090544
7248_liver_sham_Male_26-U1,tierA_p95,Hepatocytes,interferon_response,N1,30.0,35.0,-0.008105883978108892,-0.008439123301461,-0.007759548893489659
7248_liver_sham_Male_26-U1,tierA_p95,Hepatocytes,interferon_response,N1,35.0,40.0,-0.008190434882097137,-0.008559605643519314,-0.007825278295385594
7248_liver_sham_Male_26-U1,tierA_p95,Hepatocytes,interferon_response,N1,40.0,45.0,-0.008229262155306807,-0.008593928792111934,-0.00782735887433639
7248_liver_sham_Male_26-U1,tierA_p95,Hepatocytes,interferon_response,N1,45.0,50.0,-0.008356354909799097,-0.008772063192710783,-0.007930838556218827
7248_liver_sham_Male_26-U1,tierA_p95,Hepatocytes,interferon_response,N1,50.0,55.0,-0.008372477475569158,-0.008838569092313757,-0.007889573335023286
7248_liver_sham_Male_26-U1,tierA_p95,Hepatocytes,interferon_response,N1,55.0,60.0,-0.00852503392543943,-0.009093877352119285,-0.008004731526712721
7248_liver_sham_Male_26-U1,tierA_p95,Hepatocytes,interferon_response,N1,60.0,65.0,-0.00864742721428982,-0.00926397179258695,-0.007996413997026022
7248_liver_sham_Male_26-U1,tierA_p95,Hepatocytes,interferon_response,N1,65.0,70.0,-0.008766772623174102,-0.009542703550258182,-0.007989320410893449
7248_liver_sham_Male_26-U1,tierA_p95,Hepatocytes,interferon_response,N1,70.0,75.0,-0.008985634578406248,-0.009944905100571022,-0.008010916931359966
7248_liver_sham_Male_26-U1,tierA_p95,Hepatocytes,interferon_response,N1,75.0,80.0,-0.00909640132360792,-0.010218414399497359,-0.007942902788914939
7248_liver_sham_Male_26-U1,tierA_p95,Hepatocytes,interferon_response,N1,80.0,85.0,-0.009283458562498157,-0.010718549039349247,-0.00788184885624093
7248_liver_sham_Male_26-U1,tierA_p95,Hepatocytes,interferon_response,N1,85.0,90.0,-0.009496307763181201,-0.011088948918884426,-0.007822930291704026
7248_liver_sham_Male_26-U1,tierA_p95,Hepatocytes,interferon_response,N1,90.0,95.0,-0.009690486188613854,-0.011763916887582907,-0.007599142341410984
7248_liver_sham_Male_26-U1,tierA_p95,Hepatocytes,interferon_response,N1,95.0,100.0,-0.010065289654964229,-0.01223060816117203,-0.0077294219560127215
7248_liver_sham_Male_26-U1,tierA_p95,Hepatocytes,oxidative_stress,N1,0.0,5.0,0.1884823119286315,0.18716800424086005,0.18979499929073831
7248_liver_sham_Male_26-U1,tierA_p95,Hepatocytes,oxidative_stress,N1,5.0,10.0,0.18476628682292243,0.18191566832821618,0.18767640396275562
7248_liver_sham_Male_26-U1,tierA_p95,Hepatocytes,oxidative_stress,N1,10.0,15.0,0.18951178988225095,0.18837717210451133,0.19066162391750002
7248_liver_sham_Male_26-U1,tierA_p95,Hepatocytes,oxidative_stress,N1,15.0,20.0,0.1903439725673987,0.18942564239013643,0.19126699415781145
7248_liver_sham_Male_26-U1,tierA_p95,Hepatocytes,oxidative_stress,N1,20.0,25.0,0.18984121094768705,0.18895554715252055,0.19065208887617244
7248_liver_sham_Male_26-U1,tierA_p95,Hepatocytes,oxidative_stress,N1,25.0,30.0,0.18964203524911624,0.18871439818174127,0.19055147924990018
7248_liver_sham_Male_26-U1,tierA_p95,Hepatocytes,oxidative_stress,N1,30.0,35.0,0.18960263050501816,0.18870876306503218,0.19048165744790493
7248_liver_sham_Male_26-U1,tierA_p95,Hepatocytes,oxidative_stress,N1,35.0,40.0,0.18922853535129064,0.1882885362988695,0.19008925507049282
7248_liver_sham_Male_26-U1,tierA_p95,Hepatocytes,oxidative_stress,N1,40.0,45.0,0.18885165417590966,0.18786033492527446,0.18986445255070486
7248_liver_sham_Male_26-U1,tierA_p95,Hepatocytes,oxidative_stress,N1,45.0,50.0,0.18812755735103986,0.18708579185039828,0.18920186836818054
7248_liver_sham_Male_26-U1,tierA_p95,Hepatocytes,oxidative_stress,N1,50.0,55.0,0.18759331618940103,0.1863769765216124,0.18884250257614707
7248_liver_sham_Male_26-U1,tierA_p95,Hepatocytes,oxidative_stress,N1,55.0,60.0,0.18687958064441074,0.18546785320542142,0.1884272258958823
7248_liver_sham_Male_26-U1,tierA_p95,Hepatocytes,oxidative_stress,N1,60.0,65.0,0.18613921950208479,0.18436788809279267,0.1877997685146431
7248_liver_sham_Male_26-U1,tierA_p95,Hepatocytes,oxidative_stress,N1,65.0,70.0,0.18536358642398165,0.18345124244096858,0.1873375623898185
7248_liver_sham_Male_26-U1,tierA_p95,Hepatocytes,oxidative_stress,N1,70.0,75.0,0.1844308209502169,0.1820361466671769,0.1868029141554752
7248_liver_sham_Male_26-U1,tierA_p95,Hepatocytes,oxidative_stress,N1,75.0,80.0,0.18363428574289256,0.18066678736540898,0.18658623845397634
7248_liver_sham_Male_26-U1,tierA_p95,Hepatocytes,oxidative_stress,N1,80.0,85.0,0.18267099519504382,0.17905858936038388,0.18623997457765884
7248_liver_sham_Male_26-U1,tierA_p95,Hepatocytes,oxidative_stress,N1,85.0,90.0,0.18148794281159136,0.17680155677147216,0.18604595055658
7248_liver_sham_Male_26-U1,tierA_p95,Hepatocytes,oxidative_stress,N1,90.0,95.0,0.18079222092996827,0.17477887169116674,0.18599892687929498
7248_liver_sham_Male_26-U1,tierA_p95,Hepatocytes,oxidative_stress,N1,95.0,100.0,0.17792798136119647,0.17225587220863736,0.18340888861353152
7248_liver_sham_Male_26-U1,tierA_p95,Hepatocytes,secondary_senescence,N1,0.0,5.0,0.02200192642051637,0.021565346969523818,0.022440725210439518
7248_liver_sham_Male_26-U1,tierA_p95,Hepatocytes,secondary_senescence,N1,5.0,10.0,0.021527134129633477,0.020494430419995522,0.022529969528908143
7248_liver_sham_Male_26-U1,tierA_p95,Hepatocytes,secondary_senescence,N1,10.0,15.0,0.02193866330962514,0.021544237936309822,0.0223028087558863
7248_liver_sham_Male_26-U1,tierA_p95,Hepatocytes,secondary_senescence,N1,15.0,20.0,0.021896923419409055,0.021567622024586678,0.02223062832077623
7248_liver_sham_Male_26-U1,tierA_p95,Hepatocytes,secondary_senescence,N1,20.0,25.0,0.021909944670828536,0.02159984256980624,0.022235019157722653
7248_liver_sham_Male_26-U1,tierA_p95,Hepatocytes,secondary_senescence,N1,25.0,30.0,0.021923414334471255,0.02163002456371938,0.02223062470591606
7248_liver_sham_Male_26-U1,tierA_p95,Hepatocytes,secondary_senescence,N1,30.0,35.0,0.021974191800269983,0.02167445983900138,0.022273361757836688
7248_liver_sham_Male_26-U1,tierA_p95,Hepatocytes,secondary_senescence,N1,35.0,40.0,0.02196153342275948,0.02164440612511478,0.022275534487505928
7248_liver_sham_Male_26-U1,tierA_p95,Hepatocytes,secondary_senescence,N1,40.0,45.0,0.02201035896685244,0.02164393409412975,0.02237066715670084
7248_liver_sham_Male_26-U1,tierA_p95,Hepatocytes,secondary_senescence,N1,45.0,50.0,0.022056028898219417,0.021680875187791215,0.022442026465242345
7248_liver_sham_Male_26-U1,tierA_p95,Hepatocytes,secondary_senescence,N1,50.0,55.0,0.022122625372512125,0.021744962508376788,0.022534480976924186
7248_liver_sham_Male_26-U1,tierA_p95,Hepatocytes,secondary_senescence,N1,55.0,60.0,0.02213577547065684,0.021663834104993104,0.02263550843056004
7248_liver_sham_Male_26-U1,tierA_p95,Hepatocytes,secondary_senescence,N1,60.0,65.0,0.022167905420033805,0.02158730758729219,0.022756266567789618
7248_liver_sham_Male_26-U1,tierA_p95,Hepatocytes,secondary_senescence,N1,65.0,70.0,0.022225331773816772,0.021566789062705448,0.02289598697420187
7248_liver_sham_Male_26-U1,tierA_p95,Hepatocytes,secondary_senescence,N1,70.0,75.0,0.022273514936889626,0.021497149948979163,0.02307483826988326
7248_liver_sham_Male_26-U1,tierA_p95,Hepatocytes,secondary_senescence,N1,75.0,80.0,0.02227565382568467,0.02131925610840623,0.02316949606769905
7248_liver_sham_Male_26-U1,tierA_p95,Hepatocytes,secondary_senescence,N1,80.0,85.0,0.022280023455220416,0.021121541240812742,0.023405064951814665
7248_liver_sham_Male_26-U1,tierA_p95,Hepatocytes,secondary_senescence,N1,85.0,90.0,0.022355153900384183,0.02092881773715196,0.023800760503215525
7248_liver_sham_Male_26-U1,tierA_p95,Hepatocytes,secondary_senescence,N1,90.0,95.0,0.022374339274748023,0.020597896340371433,0.024155679176312582
7248_liver_sham_Male_26-U1,tierA_p95,Hepatocytes,secondary_senescence,N1,95.0,100.0,0.022569099993511362,0.02087279146496685,0.02423549669954963
7248_liver_sham_Male_26-U1,tierA_p95,Hepatocytes,tnfa_nfkb_proximal,N1,0.0,5.0,-0.025180948454732607,-0.02561663259653096,-0.02472162103936996
7248_liver_sham_Male_26-U1,tierA_p95,Hepatocytes,tnfa_nfkb_proximal,N1,5.0,10.0,-0.024381005465934878,-0.025252134220017076,-0.023425095953914798
7248_liver_sham_Male_26-U1,tierA_p95,Hepatocytes,tnfa_nfkb_proximal,N1,10.0,15.0,-0.02513392216041494,-0.02552621710427316,-0.024759406827913708
7248_liver_sham_Male_26-U1,tierA_p95,Hepatocytes,tnfa_nfkb_proximal,N1,15.0,20.0,-0.025418729000993692,-0.025709872595826275,-0.025117916079376513
7248_liver_sham_Male_26-U1,tierA_p95,Hepatocytes,tnfa_nfkb_proximal,N1,20.0,25.0,-0.025331514684577384,-0.025626039821893296,-0.025050358010628968
7248_liver_sham_Male_26-U1,tierA_p95,Hepatocytes,tnfa_nfkb_proximal,N1,25.0,30.0,-0.025275934843459167,-0.025566367877280005,-0.024992126138713284
7248_liver_sham_Male_26-U1,tierA_p95,Hepatocytes,tnfa_nfkb_proximal,N1,30.0,35.0,-0.02527720402442329,-0.02558925008339531,-0.02497840278779598
7248_liver_sham_Male_26-U1,tierA_p95,Hepatocytes,tnfa_nfkb_proximal,N1,35.0,40.0,-0.02530548281551425,-0.025621246764722654,-0.024999292127787284
7248_liver_sham_Male_26-U1,tierA_p95,Hepatocytes,tnfa_nfkb_proximal,N1,40.0,45.0,-0.025204795747830168,-0.025548740862253894,-0.024850037132819344
7248_liver_sham_Male_26-U1,tierA_p95,Hepatocytes,tnfa_nfkb_proximal,N1,45.0,50.0,-0.025185676161403735,-0.02554868471555238,-0.024812272297665965
7248_liver_sham_Male_26-U1,tierA_p95,Hepatocytes,tnfa_nfkb_proximal,N1,50.0,55.0,-0.025105992995919663,-0.025511769996499085,-0.024706936213735754
7248_liver_sham_Male_26-U1,tierA_p95,Hepatocytes,tnfa_nfkb_proximal,N1,55.0,60.0,-0.025029281551278797,-0.025537770084177843,-0.024538572719525732
7248_liver_sham_Male_26-U1,tierA_p95,Hepatocytes,tnfa_nfkb_proximal,N1,60.0,65.0,-0.02497896378541524,-0.025523922073516298,-0.024431570120499176
7248_liver_sham_Male_26-U1,tierA_p95,Hepatocytes,tnfa_nfkb_proximal,N1,65.0,70.0,-0.02488364213913314,-0.0255427317781222,-0.024220551881977387
7248_liver_sham_Male_26-U1,tierA_p95,Hepatocytes,tnfa_nfkb_proximal,N1,70.0,75.0,-0.024807580301141788,-0.025492799310212626,-0.02406788120710163
7248_liver_sham_Male_26-U1,tierA_p95,Hepatocytes,tnfa_nfkb_proximal,N1,75.0,80.0,-0.024769652569181528,-0.02564487289378781,-0.02383436007159791
7248_liver_sham_Male_26-U1,tierA_p95,Hepatocytes,tnfa_nfkb_proximal,N1,80.0,85.0,-0.024626121299804044,-0.025681214713500038,-0.02352885074467534
7248_liver_sham_Male_26-U1,tierA_p95,Hepatocytes,tnfa_nfkb_proximal,N1,85.0,90.0,-0.024587084423586043,-0.025963845731152107,-0.023282521131711215
7248_liver_sham_Male_26-U1,tierA_p95,Hepatocytes,tnfa_nfkb_proximal,N1,90.0,95.0,-0.024513735010627286,-0.026143767742473494,-0.022766971386833135
7248_liver_sham_Male_26-U1,tierA_p95,Hepatocytes,tnfa_nfkb_proximal,N1,95.0,100.0,-0.024181889591857207,-0.025670189313307595,-0.022709126280490488
7248_liver_sham_Male_26-U1,tierA_p95,Hepatocytes,downstream_arrest,N3,0.0,5.0,0.0060943789796853685,0.00509323649819659,0.007069475135586102
7248_liver_sham_Male_26-U1,tierA_p95,Hepatocytes,downstream_arrest,N3,5.0,10.0,0.006104634852119931,0.005384598168734094,0.006788880485874672
7248_liver_sham_Male_26-U1,tierA_p95,Hepatocytes,downstream_arrest,N3,10.0,15.0,0.006084107298352502,0.005468159533641248,0.006710961086614743
7248_liver_sham_Male_26-U1,tierA_p95,Hepatocytes,downstream_arrest,N3,15.0,20.0,0.0060812287878497726,0.005561833156886497,0.006590756180239382
7248_liver_sham_Male_26-U1,tierA_p95,Hepatocytes,downstream_arrest,N3,20.0,25.0,0.006082951857528254,0.005567315386509239,0.006589265671752688
7248_liver_sham_Male_26-U1,tierA_p95,Hepatocytes,downstream_arrest,N3,25.0,30.0,0.006087209843388026,0.0056278051106811115,0.006538679705504178
7248_liver_sham_Male_26-U1,tierA_p95,Hepatocytes,downstream_arrest,N3,30.0,35.0,0.0060846728985594475,0.005618817248533442,0.006519011272660682
7248_liver_sham_Male_26-U1,tierA_p95,Hepatocytes,downstream_arrest,N3,35.0,40.0,0.006071777616471424,0.005633038867133958,0.006494400213967569
7248_liver_sham_Male_26-U1,tierA_p95,Hepatocytes,downstream_arrest,N3,40.0,45.0,0.006087331506105044,0.005649818711723647,0.0065166759682498245
7248_liver_sham_Male_26-U1,tierA_p95,Hepatocytes,downstream_arrest,N3,45.0,50.0,0.006082446705936509,0.005649464267685387,0.00655729157816759
7248_liver_sham_Male_26-U1,tierA_p95,Hepatocytes,downstream_arrest,N3,50.0,55.0,0.006076636564506879,0.005561634963487004,0.0066074900867060605
7248_liver_sham_Male_26-U1,tierA_p95,Hepatocytes,downstream_arrest,N3,55.0,60.0,0.006075737352814006,0.005513703511933375,0.006629723775913741
7248_liver_sham_Male_26-U1,tierA_p95,Hepatocytes,downstream_arrest,N3,60.0,65.0,0.006074283204187944,0.005458916448177606,0.006662516633896567
7248_liver_sham_Male_26-U1,tierA_p95,Hepatocytes,downstream_arrest,N3,65.0,70.0,0.006086824524152492,0.005412757363627875,0.006725336756339
7248_liver_sham_Male_26-U1,tierA_p95,Hepatocytes,downstream_arrest,N3,70.0,75.0,0.006082121462433168,0.005410437883552132,0.006741542409770295
7248_liver_sham_Male_26-U1,tierA_p95,Hepatocytes,downstream_arrest,N3,75.0,80.0,0.006088508106958599,0.005272139524375804,0.006838411063414467
7248_liver_sham_Male_26-U1,tierA_p95,Hepatocytes,downstream_arrest,N3,80.0,85.0,0.006106484382005371,0.005231681029617459,0.0069966968257492036
7248_liver_sham_Male_26-U1,tierA_p95,Hepatocytes,downstream_arrest,N3,85.0,90.0,0.006098190021765984,0.005103008302548866,0.007064668149663428
7248_liver_sham_Male_26-U1,tierA_p95,Hepatocytes,downstream_arrest,N3,90.0,95.0,0.006112630975526449,0.0050443059453879335,0.007255126220014763
7248_liver_sham_Male_26-U1,tierA_p95,Hepatocytes,downstream_arrest,N3,95.0,100.0,0.006148015840743559,0.004990975683788862,0.007741917550676534
7248_liver_sham_Male_26-U1,tierA_p95,Hepatocytes,emt_ecm,N3,0.0,5.0,-0.002959589154368655,-0.0041737321788323425,-0.001727997624876796
7248_liver_sham_Male_26-U1,tierA_p95,Hepatocytes,emt_ecm,N3,5.0,10.0,-0.002968013285875778,-0.003924969652142022,-0.0020169585027105187
7248_liver_sham_Male_26-U1,tierA_p95,Hepatocytes,emt_ecm,N3,10.0,15.0,-0.0029661043604549664,-0.0037978825825099967,-0.00211294941411801
7248_liver_sham_Male_26-U1,tierA_p95,Hepatocytes,emt_ecm,N3,15.0,20.0,-0.002969856718483925,-0.003698361106867244,-0.002189601684167611
7248_liver_sham_Male_26-U1,tierA_p95,Hepatocytes,emt_ecm,N3,20.0,25.0,-0.0029661199368453185,-0.0036822771755824486,-0.0022067196604131332
7248_liver_sham_Male_26-U1,tierA_p95,Hepatocytes,emt_ecm,N3,25.0,30.0,-0.0029777484539597913,-0.0035998583179118753,-0.0022517895092042856
7248_liver_sham_Male_26-U1,tierA_p95,Hepatocytes,emt_ecm,N3,30.0,35.0,-0.002968950339442913,-0.003615047764822798,-0.002219437780214343
7248_liver_sham_Male_26-U1,tierA_p95,Hepatocytes,emt_ecm,N3,35.0,40.0,-0.0029845089066087497,-0.0035935929691228697,-0.0022649721524116003
7248_liver_sham_Male_26-U1,tierA_p95,Hepatocytes,emt_ecm,N3,40.0,45.0,-0.0029815034939399657,-0.003641172096981471,-0.002227134523996406
7248_liver_sham_Male_26-U1,tierA_p95,Hepatocytes,emt_ecm,N3,45.0,50.0,-0.0029827300055831783,-0.0036882959796642515,-0.0021896994127775034
7248_liver_sham_Male_26-U1,tierA_p95,Hepatocytes,emt_ecm,N3,50.0,55.0,-0.0029737246982888205,-0.0037156803418758842,-0.002166333424651944
7248_liver_sham_Male_26-U1,tierA_p95,Hepatocytes,emt_ecm,N3,55.0,60.0,-0.0029823136322489345,-0.0037431985343100286,-0.0020066387815706635
7248_liver_sham_Male_26-U1,tierA_p95,Hepatocytes,emt_ecm,N3,60.0,65.0,-0.0029844138802935035,-0.003795021622190048,-0.001973013682700221
7248_liver_sham_Male_26-U1,tierA_p95,Hepatocytes,emt_ecm,N3,65.0,70.0,-0.0029874997808405947,-0.0038723669555954187,-0.001911064234240052
7248_liver_sham_Male_26-U1,tierA_p95,Hepatocytes,emt_ecm,N3,70.0,75.0,-0.0029925675040207668,-0.003888424599479834,-0.0019136726833591702
7248_liver_sham_Male_26-U1,tierA_p95,Hepatocytes,emt_ecm,N3,75.0,80.0,-0.0029757214959888903,-0.003986455679008224,-0.0017545643601778358
7248_liver_sham_Male_26-U1,tierA_p95,Hepatocytes,emt_ecm,N3,80.0,85.0,-0.0029973913034985894,-0.004027765126998176,-0.001839738723634934
7248_liver_sham_Male_26-U1,tierA_p95,Hepatocytes,emt_ecm,N3,85.0,90.0,-0.002988232489096757,-0.004131521054558353,-0.0017563382763687307
7248_liver_sham_Male_26-U1,tierA_p95,Hepatocytes,emt_ecm,N3,90.0,95.0,-0.003028856673991988,-0.004298662292747343,-0.001705364115582701
7248_liver_sham_Male_26-U1,tierA_p95,Hepatocytes,emt_ecm,N3,95.0,100.0,-0.003005643300407884,-0.005781888821239459,-0.00034012164610433245
7248_liver_sham_Male_26-U1,tierA_p95,Hepatocytes,il6_jak_stat3,N3,0.0,5.0,-0.03648445482855964,-0.0377060902218496,-0.03523466512879312
7248_liver_sham_Male_26-U1,tierA_p95,Hepatocytes,il6_jak_stat3,N3,5.0,10.0,-0.03649668776662692,-0.03732357589916626,-0.03562676098715779
7248_liver_sham_Male_26-U1,tierA_p95,Hepatocytes,il6_jak_stat3,N3,10.0,15.0,-0.036473083383109256,-0.037149508750780116,-0.03571788744162932
7248_liver_sham_Male_26-U1,tierA_p95,Hepatocytes,il6_jak_stat3,N3,15.0,20.0,-0.036481749397566335,-0.03706950103943592,-0.03578980450779955
7248_liver_sham_Male_26-U1,tierA_p95,Hepatocytes,il6_jak_stat3,N3,20.0,25.0,-0.0364786733291847,-0.03703924872385302,-0.0358474132484123
7248_liver_sham_Male_26-U1,tierA_p95,Hepatocytes,il6_jak_stat3,N3,25.0,30.0,-0.03648773738765605,-0.03699336269366852,-0.03592172637678384
7248_liver_sham_Male_26-U1,tierA_p95,Hepatocytes,il6_jak_stat3,N3,30.0,35.0,-0.036488342187893597,-0.03700976250573816,-0.03593953509300114
7248_liver_sham_Male_26-U1,tierA_p95,Hepatocytes,il6_jak_stat3,N3,35.0,40.0,-0.036497045797962334,-0.03697335283876652,-0.0360156374898651
7248_liver_sham_Male_26-U1,tierA_p95,Hepatocytes,il6_jak_stat3,N3,40.0,45.0,-0.0364957009349398,-0.03696339787694464,-0.03597401543780381
7248_liver_sham_Male_26-U1,tierA_p95,Hepatocytes,il6_jak_stat3,N3,45.0,50.0,-0.03649614943999382,-0.037024448581958906,-0.03603618807379325
7248_liver_sham_Male_26-U1,tierA_p95,Hepatocytes,il6_jak_stat3,N3,50.0,55.0,-0.0364817059152863,-0.03701107299761758,-0.0359326518098755
7248_liver_sham_Male_26-U1,tierA_p95,Hepatocytes,il6_jak_stat3,N3,55.0,60.0,-0.036485917400280884,-0.03708951762939695,-0.0358617959286426
7248_liver_sham_Male_26-U1,tierA_p95,Hepatocytes,il6_jak_stat3,N3,60.0,65.0,-0.0364926265784978,-0.037134315940648796,-0.035773963093154594
7248_liver_sham_Male_26-U1,tierA_p95,Hepatocytes,il6_jak_stat3,N3,65.0,70.0,-0.03649451732972439,-0.03722788565103927,-0.035784539398494124
7248_liver_sham_Male_26-U1,tierA_p95,Hepatocytes,il6_jak_stat3,N3,70.0,75.0,-0.03648576242296898,-0.03734906912406975,-0.03561827671673298
7248_liver_sham_Male_26-U1,tierA_p95,Hepatocytes,il6_jak_stat3,N3,75.0,80.0,-0.03649504786991558,-0.037386165044517895,-0.035594066883415834
7248_liver_sham_Male_26-U1,tierA_p95,Hepatocytes,il6_jak_stat3,N3,80.0,85.0,-0.036494421720085185,-0.037602853513403985,-0.03534897382735871
7248_liver_sham_Male_26-U1,tierA_p95,Hepatocytes,il6_jak_stat3,N3,85.0,90.0,-0.03647649888758198,-0.03762049454242497,-0.03526959573105866
7248_liver_sham_Male_26-U1,tierA_p95,Hepatocytes,il6_jak_stat3,N3,90.0,95.0,-0.03649722325647788,-0.03772064596348449,-0.035211755425334154
7248_liver_sham_Male_26-U1,tierA_p95,Hepatocytes,il6_jak_stat3,N3,95.0,100.0,-0.03645482139550732,-0.03763170535420241,-0.03531736201464739
7248_liver_sham_Male_26-U1,tierA_p95,Hepatocytes,interferon_response,N3,0.0,5.0,-0.008250533340226318,-0.009486423150771967,-0.007033171211571744
7248_liver_sham_Male_26-U1,tierA_p95,Hepatocytes,interferon_response,N3,5.0,10.0,-0.008251890404899154,-0.00911254837411188,-0.007319109435009875
7248_liver_sham_Male_26-U1,tierA_p95,Hepatocytes,interferon_response,N3,10.0,15.0,-0.008273666586575038,-0.009015950134523958,-0.007391204107266462
7248_liver_sham_Male_26-U1,tierA_p95,Hepatocytes,interferon_response,N3,15.0,20.0,-0.008270237346982868,-0.008970085231540574,-0.0074255293302206765
7248_liver_sham_Male_26-U1,tierA_p95,Hepatocytes,interferon_response,N3,20.0,25.0,-0.008273365521393877,-0.008947950015036314,-0.0075203030162836896
7248_liver_sham_Male_26-U1,tierA_p95,Hepatocytes,interferon_response,N3,25.0,30.0,-0.008273232405660733,-0.008956943448389276,-0.007568354739821639
7248_liver_sham_Male_26-U1,tierA_p95,Hepatocytes,interferon_response,N3,30.0,35.0,-0.008258003225106536,-0.008875099293788002,-0.007619057893923871
7248_liver_sham_Male_26-U1,tierA_p95,Hepatocytes,interferon_response,N3,35.0,40.0,-0.008262405143434919,-0.008812005428458938,-0.007624557535139207
7248_liver_sham_Male_26-U1,tierA_p95,Hepatocytes,interferon_response,N3,40.0,45.0,-0.008267189210903494,-0.008841153345292237,-0.0076260674682152845
7248_liver_sham_Male_26-U1,tierA_p95,Hepatocytes,interferon_response,N3,45.0,50.0,-0.008262346756074523,-0.008852773453467794,-0.007642158969530572
7248_liver_sham_Male_26-U1,tierA_p95,Hepatocytes,interferon_response,N3,50.0,55.0,-0.0082766898801928,-0.008919035560201896,-0.007630587891103507
7248_liver_sham_Male_26-U1,tierA_p95,Hepatocytes,interferon_response,N3,55.0,60.0,-0.0082731443354295,-0.008948359792028342,-0.007549126299223787
7248_liver_sham_Male_26-U1,tierA_p95,Hepatocytes,interferon_response,N3,60.0,65.0,-0.008274664259703204,-0.009012732175079351,-0.007441640913011665
7248_liver_sham_Male_26-U1,tierA_p95,Hepatocytes,interferon_response,N3,65.0,70.0,-0.00828068287293427,-0.009098643896585832,-0.007350078642625124
7248_liver_sham_Male_26-U1,tierA_p95,Hepatocytes,interferon_response,N3,70.0,75.0,-0.008261536996941253,-0.009162850838416267,-0.007308164077935089
7248_liver_sham_Male_26-U1,tierA_p95,Hepatocytes,interferon_response,N3,75.0,80.0,-0.00827433246796909,-0.009315303336136477,-0.007288321038696476
7248_liver_sham_Male_26-U1,tierA_p95,Hepatocytes,interferon_response,N3,80.0,85.0,-0.008285640760703459,-0.009386865312382532,-0.007131340096579329
7248_liver_sham_Male_26-U1,tierA_p95,Hepatocytes,interferon_response,N3,85.0,90.0,-0.008284347920453523,-0.009607643407598305,-0.006986303130024146
7248_liver_sham_Male_26-U1,tierA_p95,Hepatocytes,interferon_response,N3,90.0,95.0,-0.008289728597468668,-0.009794526548774276,-0.006916422000826133
7248_liver_sham_Male_26-U1,tierA_p95,Hepatocytes,interferon_response,N3,95.0,100.0,-0.008341347325074541,-0.010665749067711623,-0.006571905989532367
7248_liver_sham_Male_26-U1,tierA_p95,Hepatocytes,oxidative_stress,N3,0.0,5.0,0.18854376371176318,0.18450600670842496,0.19229034353426946
7248_liver_sham_Male_26-U1,tierA_p95,Hepatocytes,oxidative_stress,N3,5.0,10.0,0.18850682330375815,0.1851782748394821,0.19149857428298345
7248_liver_sham_Male_26-U1,tierA_p95,Hepatocytes,oxidative_stress,N3,10.0,15.0,0.1884981571603399,0.1853801721115491,0.19133819580448583
7248_liver_sham_Male_26-U1,tierA_p95,Hepatocytes,oxidative_stress,N3,15.0,20.0,0.18853725175241004,0.18572639330268717,0.19103958243679697
7248_liver_sham_Male_26-U1,tierA_p95,Hepatocytes,oxidative_stress,N3,20.0,25.0,0.18847102188606946,0.18590654654511693,0.1909091272137346
7248_liver_sham_Male_26-U1,tierA_p95,Hepatocytes,oxidative_stress,N3,25.0,30.0,0.18854175345047397,0.18616851442516083,0.19080001093733515
7248_liver_sham_Male_26-U1,tierA_p95,Hepatocytes,oxidative_stress,N3,30.0,35.0,0.18851009455146506,0.18647105565722033,0.19074931026962097
7248_liver_sham_Male_26-U1,tierA_p95,Hepatocytes,oxidative_stress,N3,35.0,40.0,0.18849939379160743,0.1865864066350403,0.19062788300865402
7248_liver_sham_Male_26-U1,tierA_p95,Hepatocytes,oxidative_stress,N3,40.0,45.0,0.18847675078763113,0.18667565362077412,0.19052475530947463
7248_liver_sham_Male_26-U1,tierA_p95,Hepatocytes,oxidative_stress,N3,45.0,50.0,0.1885045700097412,0.18652490758179682,0.19068872849185697
7248_liver_sham_Male_26-U1,tierA_p95,Hepatocytes,oxidative_stress,N3,50.0,55.0,0.18850211305568884,0.18629881389396505,0.19058536773748294
7248_liver_sham_Male_26-U1,tierA_p95,Hepatocytes,oxidative_stress,N3,55.0,60.0,0.18850255866781027,0.18609364029149028,0.19072995910480528
7248_liver_sham_Male_26-U1,tierA_p95,Hepatocytes,oxidative_stress,N3,60.0,65.0,0.188518186335974,0.18573287033789973,0.19101714170797368
7248_liver_sham_Male_26-U1,tierA_p95,Hepatocytes,oxidative_stress,N3,65.0,70.0,0.18847815104434468,0.18530707134459715,0.19096076053372626
7248_liver_sham_Male_26-U1,tierA_p95,Hepatocytes,oxidative_stress,N3,70.0,75.0,0.18845184787507446,0.18525842399612327,0.19121194664981922
7248_liver_sham_Male_26-U1,tierA_p95,Hepatocytes,oxidative_stress,N3,75.0,80.0,0.1884906213904095,0.18518498907260952,0.19157898473300408
7248_liver_sham_Male_26-U1,tierA_p95,Hepatocytes,oxidative_stress,N3,80.0,85.0,0.18846404115358764,0.18455847624642843,0.19186827679057405
7248_liver_sham_Male_26-U1,tierA_p95,Hepatocytes,oxidative_stress,N3,85.0,90.0,0.18843202260598768,0.18471723552679167,0.19227108167389587
7248_liver_sham_Male_26-U1,tierA_p95,Hepatocytes,oxidative_stress,N3,90.0,95.0,0.18847824196500926,0.18382774748942554,0.19260295385577156
7248_liver_sham_Male_26-U1,tierA_p95,Hepatocytes,oxidative_stress,N3,95.0,100.0,0.18835315948069412,0.17863145645098907,0.19460290420629184
7248_liver_sham_Male_26-U1,tierA_p95,Hepatocytes,secondary_senescence,N3,0.0,5.0,0.022009886174353625,0.020891736290819123,0.02305876915621615
7248_liver_sham_Male_26-U1,tierA_p95,Hepatocytes,secondary_senescence,N3,5.0,10.0,0.022002521009620704,0.02132684831346172,0.022698322074688346
7248_liver_sham_Male_26-U1,tierA_p95,Hepatocytes,secondary_senescence,N3,10.0,15.0,0.022011662585241707,0.02142176338554806,0.022603746549625648
7248_liver_sham_Male_26-U1,tierA_p95,Hepatocytes,secondary_senescence,N3,15.0,20.0,0.022013990829543566,0.021441193594356298,0.022591751930423332
7248_liver_sham_Male_26-U1,tierA_p95,Hepatocytes,secondary_senescence,N3,20.0,25.0,0.02200813193871052,0.021495012039448133,0.0225486145266362
7248_liver_sham_Male_26-U1,tierA_p95,Hepatocytes,secondary_senescence,N3,25.0,30.0,0.02201483652144065,0.021520462221341158,0.022552759504331606
7248_liver_sham_Male_26-U1,tierA_p95,Hepatocytes,secondary_senescence,N3,30.0,35.0,0.02200628518848871,0.021531625698844026,0.022466180232650703
7248_liver_sham_Male_26-U1,tierA_p95,Hepatocytes,secondary_senescence,N3,35.0,40.0,0.021999624866381268,0.021572823829308498,0.022466843174863152
7248_liver_sham_Male_26-U1,tierA_p95,Hepatocytes,secondary_senescence,N3,40.0,45.0,0.02200788549201556,0.021548321461939773,0.022452695159362806
7248_liver_sham_Male_26-U1,tierA_p95,Hepatocytes,secondary_senescence,N3,45.0,50.0,0.022003187656037346,0.021523914467271102,0.02246823873205595
7248_liver_sham_Male_26-U1,tierA_p95,Hepatocytes,secondary_senescence,N3,50.0,55.0,0.02201335532695353,0.02149630006850181,0.022545625519302535
7248_liver_sham_Male_26-U1,tierA_p95,Hepatocytes,secondary_senescence,N3,55.0,60.0,0.022006676909130794,0.0214541397369872,0.02259023010633389
7248_liver_sham_Male_26-U1,tierA_p95,Hepatocytes,secondary_senescence,N3,60.0,65.0,0.022007994987612564,0.021392189569412662,0.02266922672350524
7248_liver_sham_Male_26-U1,tierA_p95,Hepatocytes,secondary_senescence,N3,65.0,70.0,0.021984230797838088,0.021332925129258055,0.022677076514549647
7248_liver_sham_Male_26-U1,tierA_p95,Hepatocytes,secondary_senescence,N3,70.0,75.0,0.021982055671940885,0.021193287196263417,0.022764945885710097
7248_liver_sham_Male_26-U1,tierA_p95,Hepatocytes,secondary_senescence,N3,75.0,80.0,0.02200907881316059,0.02115579639697168,0.022814613387962066
7248_liver_sham_Male_26-U1,tierA_p95,Hepatocytes,secondary_senescence,N3,80.0,85.0,0.02200517370912857,0.021098475147992457,0.022956732792280214
7248_liver_sham_Male_26-U1,tierA_p95,Hepatocytes,secondary_senescence,N3,85.0,90.0,0.022011070202384717,0.020943285599491164,0.023006212127964797
7248_liver_sham_Male_26-U1,tierA_p95,Hepatocytes,secondary_senescence,N3,90.0,95.0,0.02199102980136951,0.020813133125957933,0.02308496490281749
7248_liver_sham_Male_26-U1,tierA_p95,Hepatocytes,secondary_senescence,N3,95.0,100.0,0.021975945057031303,0.020352583812846423,0.02313004984808298
7248_liver_sham_Male_26-U1,tierA_p95,Hepatocytes,tnfa_nfkb_proximal,N3,0.0,5.0,-0.025175264950481065,-0.02616526659238653,-0.024240442682406934
7248_liver_sham_Male_26-U1,tierA_p95,Hepatocytes,tnfa_nfkb_proximal,N3,5.0,10.0,-0.02518422935243027,-0.025775009126529407,-0.024512611666191734
7248_liver_sham_Male_26-U1,tierA_p95,Hepatocytes,tnfa_nfkb_proximal,N3,10.0,15.0,-0.02518573888590799,-0.025682726945033364,-0.02466327733335445
7248_liver_sham_Male_26-U1,tierA_p95,Hepatocytes,tnfa_nfkb_proximal,N3,15.0,20.0,-0.025191323155089807,-0.02564837009520686,-0.024710195316642144
7248_liver_sham_Male_26-U1,tierA_p95,Hepatocytes,tnfa_nfkb_proximal,N3,20.0,25.0,-0.025184888946648415,-0.025606496873694342,-0.024740036812793874
7248_liver_sham_Male_26-U1,tierA_p95,Hepatocytes,tnfa_nfkb_proximal,N3,25.0,30.0,-0.025175369329620764,-0.02554892279070438,-0.024765953978961953
7248_liver_sham_Male_26-U1,tierA_p95,Hepatocytes,tnfa_nfkb_proximal,N3,30.0,35.0,-0.02518237937116697,-0.025575123885031206,-0.02477637222672919
7248_liver_sham_Male_26-U1,tierA_p95,Hepatocytes,tnfa_nfkb_proximal,N3,35.0,40.0,-0.025187097849534865,-0.025605994049705986,-0.024765830086241322
7248_liver_sham_Male_26-U1,tierA_p95,Hepatocytes,tnfa_nfkb_proximal,N3,40.0,45.0,-0.025186471537277093,-0.02558758257741984,-0.02478424499905694
7248_liver_sham_Male_26-U1,tierA_p95,Hepatocytes,tnfa_nfkb_proximal,N3,45.0,50.0,-0.025166638238521322,-0.025622075605193476,-0.02465176165292788
7248_liver_sham_Male_26-U1,tierA_p95,Hepatocytes,tnfa_nfkb_proximal,N3,50.0,55.0,-0.025188361624282563,-0.025680428499361502,-0.024714461305963546
7248_liver_sham_Male_26-U1,tierA_p95,Hepatocytes,tnfa_nfkb_proximal,N3,55.0,60.0,-0.025165524695202862,-0.02567723495002713,-0.024619385113485298
7248_liver_sham_Male_26-U1,tierA_p95,Hepatocytes,tnfa_nfkb_proximal,N3,60.0,65.0,-0.02517507571651048,-0.025699997430851062,-0.024563824183684285
7248_liver_sham_Male_26-U1,tierA_p95,Hepatocytes,tnfa_nfkb_proximal,N3,65.0,70.0,-0.02517635692182866,-0.025813487503917258,-0.02455593821453535
7248_liver_sham_Male_26-U1,tierA_p95,Hepatocytes,tnfa_nfkb_proximal,N3,70.0,75.0,-0.025187520439328807,-0.025816330274409407,-0.024497657668583507
7248_liver_sham_Male_26-U1,tierA_p95,Hepatocytes,tnfa_nfkb_proximal,N3,75.0,80.0,-0.02517956194684187,-0.025944015846515366,-0.024416462071431996
7248_liver_sham_Male_26-U1,tierA_p95,Hepatocytes,tnfa_nfkb_proximal,N3,80.0,85.0,-0.025199648578750237,-0.026002984808625236,-0.024398648605077164
7248_liver_sham_Male_26-U1,tierA_p95,Hepatocytes,tnfa_nfkb_proximal,N3,85.0,90.0,-0.02516211784206274,-0.026080181972849746,-0.024188656932397065
7248_liver_sham_Male_26-U1,tierA_p95,Hepatocytes,tnfa_nfkb_proximal,N3,90.0,95.0,-0.025159267305647895,-0.02618184407070718,-0.02414632161061617
7248_liver_sham_Male_26-U1,tierA_p95,Hepatocytes,tnfa_nfkb_proximal,N3,95.0,100.0,-0.02514595622181259,-0.02597571237362532,-0.024105687519709356
7248_liver_sham_Male_26-U1,tierA_p95,Hepatocytes,downstream_arrest,N4,0.0,5.0,0.006084172292244818,0.005108390999143619,0.007126770241276323
7248_liver_sham_Male_26-U1,tierA_p95,Hepatocytes,downstream_arrest,N4,5.0,10.0,0.006055264073346746,0.00543617452981605,0.006785163278429995
7248_liver_sham_Male_26-U1,tierA_p95,Hepatocytes,downstream_arrest,N4,10.0,15.0,0.006063725291350537,0.005543059266233651,0.006617244102069135
7248_liver_sham_Male_26-U1,tierA_p95,Hepatocytes,downstream_arrest,N4,15.0,20.0,0.006062389036953456,0.005575016882300124,0.006588910959658505
7248_liver_sham_Male_26-U1,tierA_p95,Hepatocytes,downstream_arrest,N4,20.0,25.0,0.006052024312770481,0.005621937632204671,0.006485184953922631
7248_liver_sham_Male_26-U1,tierA_p95,Hepatocytes,downstream_arrest,N4,25.0,30.0,0.006041281372767285,0.005659147852562747,0.0064427854553767
7248_liver_sham_Male_26-U1,tierA_p95,Hepatocytes,downstream_arrest,N4,30.0,35.0,0.0060312160239674156,0.005662632318647577,0.006413298696684683
7248_liver_sham_Male_26-U1,tierA_p95,Hepatocytes,downstream_arrest,N4,35.0,40.0,0.006030367445926964,0.0056925357677079305,0.006375842614804488
7248_liver_sham_Male_26-U1,tierA_p95,Hepatocytes,downstream_arrest,N4,40.0,45.0,0.006045724762968485,0.005696617818791727,0.006410264166725035
7248_liver_sham_Male_26-U1,tierA_p95,Hepatocytes,downstream_arrest,N4,45.0,50.0,0.006040340351298008,0.00561990023279908,0.0064876438774797845
7248_liver_sham_Male_26-U1,tierA_p95,Hepatocytes,downstream_arrest,N4,50.0,55.0,0.006028344103539396,0.005518472061037577,0.00654623650243484
7248_liver_sham_Male_26-U1,tierA_p95,Hepatocytes,downstream_arrest,N4,55.0,60.0,0.006020820157084319,0.005444787717472148,0.006629582659693069
7248_liver_sham_Male_26-U1,tierA_p95,Hepatocytes,downstream_arrest,N4,60.0,65.0,0.006028498861272477,0.0053412230926275185,0.006731847950960806
7248_liver_sham_Male_26-U1,tierA_p95,Hepatocytes,downstream_arrest,N4,65.0,70.0,0.006012677888854746,0.005243988965380123,0.006729912880835567
7248_liver_sham_Male_26-U1,tierA_p95,Hepatocytes,downstream_arrest,N4,70.0,75.0,0.006018366270313994,0.005135128537481007,0.006841997216106302
7248_liver_sham_Male_26-U1,tierA_p95,Hepatocytes,downstream_arrest,N4,75.0,80.0,0.006015047563964187,0.005051948838041673,0.007012818715384059
7248_liver_sham_Male_26-U1,tierA_p95,Hepatocytes,downstream_arrest,N4,80.0,85.0,0.006030269013565272,0.004991550078009992,0.0070450221189109615
7248_liver_sham_Male_26-U1,tierA_p95,Hepatocytes,downstream_arrest,N4,85.0,90.0,0.006038384890995923,0.004919505938080237,0.007171470867088101
7248_liver_sham_Male_26-U1,tierA_p95,Hepatocytes,downstream_arrest,N4,90.0,95.0,0.006033739355513349,0.004844152307673842,0.007301004090165724
7248_liver_sham_Male_26-U1,tierA_p95,Hepatocytes,downstream_arrest,N4,95.0,100.0,0.006448933848845782,0.005504247926052969,0.007374930410335565
7248_liver_sham_Male_26-U1,tierA_p95,Hepatocytes,emt_ecm,N4,0.0,5.0,-0.0030695191119771595,-0.004260098727107182,-0.0019824023064664562
7248_liver_sham_Male_26-U1,tierA_p95,Hepatocytes,emt_ecm,N4,5.0,10.0,-0.0030194622592942507,-0.003979386319356339,-0.0021661103456130457
7248_liver_sham_Male_26-U1,tierA_p95,Hepatocytes,emt_ecm,N4,10.0,15.0,-0.003044538437764703,-0.003857845582116836,-0.0022514182748128654
7248_liver_sham_Male_26-U1,tierA_p95,Hepatocytes,emt_ecm,N4,15.0,20.0,-0.003039371337351381,-0.0037904083925514934,-0.0023005903924630602
7248_liver_sham_Male_26-U1,tierA_p95,Hepatocytes,emt_ecm,N4,20.0,25.0,-0.0030343404412124983,-0.0036440743291224304,-0.0023748804549085893
7248_liver_sham_Male_26-U1,tierA_p95,Hepatocytes,emt_ecm,N4,25.0,30.0,-0.003055095252691321,-0.003609276053894212,-0.002502771509715968
7248_liver_sham_Male_26-U1,tierA_p95,Hepatocytes,emt_ecm,N4,30.0,35.0,-0.0030779262776640505,-0.003555346153917506,-0.0025825838793062106
7248_liver_sham_Male_26-U1,tierA_p95,Hepatocytes,emt_ecm,N4,35.0,40.0,-0.0030764835434710855,-0.0035439633531119423,-0.002580635797676781
7248_liver_sham_Male_26-U1,tierA_p95,Hepatocytes,emt_ecm,N4,40.0,45.0,-0.003083614172245011,-0.0035754995348165233,-0.0025820425752086924
7248_liver_sham_Male_26-U1,tierA_p95,Hepatocytes,emt_ecm,N4,45.0,50.0,-0.0030856584663334482,-0.003685217528052675,-0.002377279656536539
7248_liver_sham_Male_26-U1,tierA_p95,Hepatocytes,emt_ecm,N4,50.0,55.0,-0.0030837693396887768,-0.0037489846803515667,-0.0022341196760086103
7248_liver_sham_Male_26-U1,tierA_p95,Hepatocytes,emt_ecm,N4,55.0,60.0,-0.0030805660716858893,-0.0038693058734913816,-0.002067020425958648
7248_liver_sham_Male_26-U1,tierA_p95,Hepatocytes,emt_ecm,N4,60.0,65.0,-0.003075566922258923,-0.003978275718233023,-0.001960354832414329
7248_liver_sham_Male_26-U1,tierA_p95,Hepatocytes,emt_ecm,N4,65.0,70.0,-0.0030456877860022672,-0.004041080961533313,-0.0018700789381848589
7248_liver_sham_Male_26-U1,tierA_p95,Hepatocytes,emt_ecm,N4,70.0,75.0,-0.0030205424380714305,-0.004110026801620401,-0.0017545969964662953
7248_liver_sham_Male_26-U1,tierA_p95,Hepatocytes,emt_ecm,N4,75.0,80.0,-0.0030321142993261036,-0.004223468168746614,-0.0016027683794611561
7248_liver_sham_Male_26-U1,tierA_p95,Hepatocytes,emt_ecm,N4,80.0,85.0,-0.002972638939745844,-0.0043140554839456976,-0.001397226021933641
7248_liver_sham_Male_26-U1,tierA_p95,Hepatocytes,emt_ecm,N4,85.0,90.0,-0.0029339684880386814,-0.004402638227918894,-0.0013221747519762232
7248_liver_sham_Male_26-U1,tierA_p95,Hepatocytes,emt_ecm,N4,90.0,95.0,-0.002916009721456006,-0.0046159042772160866,-0.0011858668926355183
7248_liver_sham_Male_26-U1,tierA_p95,Hepatocytes,emt_ecm,N4,95.0,100.0,-0.0024714454307076497,-0.003924817231928714,-0.0005883875342793291
7248_liver_sham_Male_26-U1,tierA_p95,Hepatocytes,il6_jak_stat3,N4,0.0,5.0,-0.03655688020425694,-0.037734518578025414,-0.03537465238039401
7248_liver_sham_Male_26-U1,tierA_p95,Hepatocytes,il6_jak_stat3,N4,5.0,10.0,-0.03654605642352666,-0.03724799173167025,-0.03577553056951613
7248_liver_sham_Male_26-U1,tierA_p95,Hepatocytes,il6_jak_stat3,N4,10.0,15.0,-0.03655935505276166,-0.03720952779484257,-0.03598417602197324
7248_liver_sham_Male_26-U1,tierA_p95,Hepatocytes,il6_jak_stat3,N4,15.0,20.0,-0.03655581019495123,-0.037061316707506946,-0.036022934486872604
7248_liver_sham_Male_26-U1,tierA_p95,Hepatocytes,il6_jak_stat3,N4,20.0,25.0,-0.03656913271348725,-0.03702657622393971,-0.03611778916259791
7248_liver_sham_Male_26-U1,tierA_p95,Hepatocytes,il6_jak_stat3,N4,25.0,30.0,-0.03658941853013338,-0.03705103793817476,-0.036169389083215736
7248_liver_sham_Male_26-U1,tierA_p95,Hepatocytes,il6_jak_stat3,N4,30.0,35.0,-0.03659057931828914,-0.03701792847863745,-0.0361645634596238
7248_liver_sham_Male_26-U1,tierA_p95,Hepatocytes,il6_jak_stat3,N4,35.0,40.0,-0.03659942116504131,-0.037011432028357216,-0.036171798614344206
7248_liver_sham_Male_26-U1,tierA_p95,Hepatocytes,il6_jak_stat3,N4,40.0,45.0,-0.03660227829119698,-0.037109443101974095,-0.0361282676344915
7248_liver_sham_Male_26-U1,tierA_p95,Hepatocytes,il6_jak_stat3,N4,45.0,50.0,-0.036594558751018316,-0.0371293464348263,-0.036039441036054116
7248_liver_sham_Male_26-U1,tierA_p95,Hepatocytes,il6_jak_stat3,N4,50.0,55.0,-0.03660183192123511,-0.03718691378088017,-0.03598625797422454
7248_liver_sham_Male_26-U1,tierA_p95,Hepatocytes,il6_jak_stat3,N4,55.0,60.0,-0.03658844863325538,-0.03723853516818554,-0.03589613897341167
7248_liver_sham_Male_26-U1,tierA_p95,Hepatocytes,il6_jak_stat3,N4,60.0,65.0,-0.036585420597159156,-0.037265757117295024,-0.035804684118670854
7248_liver_sham_Male_26-U1,tierA_p95,Hepatocytes,il6_jak_stat3,N4,65.0,70.0,-0.0365755212555456,-0.037442835011626915,-0.03571890363568435
7248_liver_sham_Male_26-U1,tierA_p95,Hepatocytes,il6_jak_stat3,N4,70.0,75.0,-0.036540243388766255,-0.037472859196744805,-0.035567666863873616
7248_liver_sham_Male_26-U1,tierA_p95,Hepatocytes,il6_jak_stat3,N4,75.0,80.0,-0.03657498797689591,-0.03756518042274047,-0.03555856611015782
7248_liver_sham_Male_26-U1,tierA_p95,Hepatocytes,il6_jak_stat3,N4,80.0,85.0,-0.036510162007746615,-0.03766621890342116,-0.035425432110453264
7248_liver_sham_Male_26-U1,tierA_p95,Hepatocytes,il6_jak_stat3,N4,85.0,90.0,-0.03646212646476352,-0.03770943835632376,-0.03516939377907278
7248_liver_sham_Male_26-U1,tierA_p95,Hepatocytes,il6_jak_stat3,N4,90.0,95.0,-0.03645642412517913,-0.03790276964681538,-0.035088457868847414
7248_liver_sham_Male_26-U1,tierA_p95,Hepatocytes,il6_jak_stat3,N4,95.0,100.0,-0.03591147383084504,-0.03662887248392193,-0.03526802072109719
7248_liver_sham_Male_26-U1,tierA_p95,Hepatocytes,interferon_response,N4,0.0,5.0,-0.008189225389884966,-0.009337158500984688,-0.006923465425381829
7248_liver_sham_Male_26-U1,tierA_p95,Hepatocytes,interferon_response,N4,5.0,10.0,-0.008170739747807826,-0.008977046494028081,-0.007261120551145654
7248_liver_sham_Male_26-U1,tierA_p95,Hepatocytes,interferon_response,N4,10.0,15.0,-0.008156851402927047,-0.008833345360278001,-0.007378594386892382
7248_liver_sham_Male_26-U1,tierA_p95,Hepatocytes,interferon_response,N4,15.0,20.0,-0.008140636309334868,-0.008754490916267246,-0.0073660096896107745
7248_liver_sham_Male_26-U1,tierA_p95,Hepatocytes,interferon_response,N4,20.0,25.0,-0.008135215680454161,-0.008723652173885233,-0.007491364340782344
7248_liver_sham_Male_26-U1,tierA_p95,Hepatocytes,interferon_response,N4,25.0,30.0,-0.008128874301270534,-0.008622818072776517,-0.007601988888490402
7248_liver_sham_Male_26-U1,tierA_p95,Hepatocytes,interferon_response,N4,30.0,35.0,-0.008123968615151146,-0.008546062397488759,-0.007622137979634725
7248_liver_sham_Male_26-U1,tierA_p95,Hepatocytes,interferon_response,N4,35.0,40.0,-0.008115862441804093,-0.008601692967936085,-0.007592713233797685
7248_liver_sham_Male_26-U1,tierA_p95,Hepatocytes,interferon_response,N4,40.0,45.0,-0.008129609964434284,-0.008648159278218333,-0.007627377606617002
7248_liver_sham_Male_26-U1,tierA_p95,Hepatocytes,interferon_response,N4,45.0,50.0,-0.008107170612515464,-0.008783218498930538,-0.007481494725885482
7248_liver_sham_Male_26-U1,tierA_p95,Hepatocytes,interferon_response,N4,50.0,55.0,-0.008117623380317542,-0.00886163617000723,-0.0074148497908894375
7248_liver_sham_Male_26-U1,tierA_p95,Hepatocytes,interferon_response,N4,55.0,60.0,-0.008113784132113827,-0.00896345267915787,-0.007351916648363256
7248_liver_sham_Male_26-U1,tierA_p95,Hepatocytes,interferon_response,N4,60.0,65.0,-0.008119702539002537,-0.009027875793292896,-0.007255188047647744
7248_liver_sham_Male_26-U1,tierA_p95,Hepatocytes,interferon_response,N4,65.0,70.0,-0.008128702560871044,-0.009154975832902677,-0.007223815327114566
7248_liver_sham_Male_26-U1,tierA_p95,Hepatocytes,interferon_response,N4,70.0,75.0,-0.008188300074921898,-0.00936398457479039,-0.007153452915049838
7248_liver_sham_Male_26-U1,tierA_p95,Hepatocytes,interferon_response,N4,75.0,80.0,-0.008204190023266208,-0.009527772295666348,-0.007033131863691584
7248_liver_sham_Male_26-U1,tierA_p95,Hepatocytes,interferon_response,N4,80.0,85.0,-0.008248172955993992,-0.009656446324259133,-0.007012803670003193
7248_liver_sham_Male_26-U1,tierA_p95,Hepatocytes,interferon_response,N4,85.0,90.0,-0.008331583958342216,-0.009860897718746292,-0.006994266076066671
7248_liver_sham_Male_26-U1,tierA_p95,Hepatocytes,interferon_response,N4,90.0,95.0,-0.008326088143962627,-0.010004364600675398,-0.006846113308384955
7248_liver_sham_Male_26-U1,tierA_p95,Hepatocytes,interferon_response,N4,95.0,100.0,-0.009043637898080907,-0.010549349060765321,-0.0075605229179301235
7248_liver_sham_Male_26-U1,tierA_p95,Hepatocytes,oxidative_stress,N4,0.0,5.0,0.18865109098169663,0.18481979153797348,0.1923311020263813
7248_liver_sham_Male_26-U1,tierA_p95,Hepatocytes,oxidative_stress,N4,5.0,10.0,0.18867832812964616,0.18568426409789368,0.19175115201108703
7248_liver_sham_Male_26-U1,tierA_p95,Hepatocytes,oxidative_stress,N4,10.0,15.0,0.18867018096148216,0.18621333077461164,0.19116555963458026
7248_liver_sham_Male_26-U1,tierA_p95,Hepatocytes,oxidative_stress,N4,15.0,20.0,0.18876191604632306,0.18647382297794615,0.19089227832893707
7248_liver_sham_Male_26-U1,tierA_p95,Hepatocytes,oxidative_stress,N4,20.0,25.0,0.18873886977282803,0.18673291533912784,0.19052146867541536
7248_liver_sham_Male_26-U1,tierA_p95,Hepatocytes,oxidative_stress,N4,25.0,30.0,0.18880586742749858,0.1872545695081508,0.1902145072583725
7248_liver_sham_Male_26-U1,tierA_p95,Hepatocytes,oxidative_stress,N4,30.0,35.0,0.18883973132167373,0.18755488413573038,0.1900817555192865
7248_liver_sham_Male_26-U1,tierA_p95,Hepatocytes,oxidative_stress,N4,35.0,40.0,0.18883603706910507,0.18770198098145127,0.1900300935055162
7248_liver_sham_Male_26-U1,tierA_p95,Hepatocytes,oxidative_stress,N4,40.0,45.0,0.18883371764743465,0.18729669602628213,0.19035546810654347
7248_liver_sham_Male_26-U1,tierA_p95,Hepatocytes,oxidative_stress,N4,45.0,50.0,0.18888052865738994,0.1869887959867621,0.19060691912234076
7248_liver_sham_Male_26-U1,tierA_p95,Hepatocytes,oxidative_stress,N4,50.0,55.0,0.18892221424847067,0.18651107901639197,0.19123225257210144
7248_liver_sham_Male_26-U1,tierA_p95,Hepatocytes,oxidative_stress,N4,55.0,60.0,0.1888690518010372,0.18571329813860762,0.19131365348829538
7248_liver_sham_Male_26-U1,tierA_p95,Hepatocytes,oxidative_stress,N4,60.0,65.0,0.1888051180231207,0.18532252328979273,0.1918220741778511
7248_liver_sham_Male_26-U1,tierA_p95,Hepatocytes,oxidative_stress,N4,65.0,70.0,0.1888404358330583,0.18521238937028933,0.19189001758627786
7248_liver_sham_Male_26-U1,tierA_p95,Hepatocytes,oxidative_stress,N4,70.0,75.0,0.1886980271202341,0.18463811170319577,0.19209351239130856
7248_liver_sham_Male_26-U1,tierA_p95,Hepatocytes,oxidative_stress,N4,75.0,80.0,0.1886387804910003,0.18433540796684567,0.19219427796155525
7248_liver_sham_Male_26-U1,tierA_p95,Hepatocytes,oxidative_stress,N4,80.0,85.0,0.18855249497598942,0.18406734519744303,0.19253552041962324
7248_liver_sham_Male_26-U1,tierA_p95,Hepatocytes,oxidative_stress,N4,85.0,90.0,0.18845932681724917,0.1839182734216756,0.19258530430799348
7248_liver_sham_Male_26-U1,tierA_p95,Hepatocytes,oxidative_stress,N4,90.0,95.0,0.18825612990202642,0.18336675135465627,0.19261022828368046
7248_liver_sham_Male_26-U1,tierA_p95,Hepatocytes,oxidative_stress,N4,95.0,100.0,0.18673072734630733,0.17855557723281437,0.18995693461997884
7248_liver_sham_Male_26-U1,tierA_p95,Hepatocytes,secondary_senescence,N4,0.0,5.0,0.021994355761511812,0.020994729728939256,0.022959653296936697
7248_liver_sham_Male_26-U1,tierA_p95,Hepatocytes,secondary_senescence,N4,5.0,10.0,0.022002577756884068,0.021351811595975063,0.022649984223524006
7248_liver_sham_Male_26-U1,tierA_p95,Hepatocytes,secondary_senescence,N4,10.0,15.0,0.022014816994647683,0.021414936376364147,0.022577643369061005
7248_liver_sham_Male_26-U1,tierA_p95,Hepatocytes,secondary_senescence,N4,15.0,20.0,0.022012688923836083,0.0215357981426148,0.022495844509534877
7248_liver_sham_Male_26-U1,tierA_p95,Hepatocytes,secondary_senescence,N4,20.0,25.0,0.022002893715292512,0.021549449260942054,0.022450516370943436
7248_liver_sham_Male_26-U1,tierA_p95,Hepatocytes,secondary_senescence,N4,25.0,30.0,0.022001795581662768,0.02157710507510405,0.02246080756237732
7248_liver_sham_Male_26-U1,tierA_p95,Hepatocytes,secondary_senescence,N4,30.0,35.0,0.022006513016444025,0.021599575479909466,0.02242053134738453
7248_liver_sham_Male_26-U1,tierA_p95,Hepatocytes,secondary_senescence,N4,35.0,40.0,0.02199095531432006,0.021574742776441485,0.022417344379650386
7248_liver_sham_Male_26-U1,tierA_p95,Hepatocytes,secondary_senescence,N4,40.0,45.0,0.021984475081367024,0.0215174839735587,0.022410598547916764
7248_liver_sham_Male_26-U1,tierA_p95,Hepatocytes,secondary_senescence,N4,45.0,50.0,0.022003503915112625,0.021504437486164207,0.02244907030878441
7248_liver_sham_Male_26-U1,tierA_p95,Hepatocytes,secondary_senescence,N4,50.0,55.0,0.021977406805268933,0.021420365555652302,0.022499425054803596
7248_liver_sham_Male_26-U1,tierA_p95,Hepatocytes,secondary_senescence,N4,55.0,60.0,0.02197625066444428,0.021339775409651568,0.022571579524072693
7248_liver_sham_Male_26-U1,tierA_p95,Hepatocytes,secondary_senescence,N4,60.0,65.0,0.021990195380544954,0.021228245488669566,0.02264683049311378
7248_liver_sham_Male_26-U1,tierA_p95,Hepatocytes,secondary_senescence,N4,65.0,70.0,0.02200450752204499,0.02123664702606846,0.022655354822601677
7248_liver_sham_Male_26-U1,tierA_p95,Hepatocytes,secondary_senescence,N4,70.0,75.0,0.022022355603296358,0.021107212176471594,0.022874655490385143
7248_liver_sham_Male_26-U1,tierA_p95,Hepatocytes,secondary_senescence,N4,75.0,80.0,0.021968891195787755,0.0209188389875836,0.02287411653116394
7248_liver_sham_Male_26-U1,tierA_p95,Hepatocytes,secondary_senescence,N4,80.0,85.0,0.02204726109928063,0.020850740774036206,0.023116813509940225
7248_liver_sham_Male_26-U1,tierA_p95,Hepatocytes,secondary_senescence,N4,85.0,90.0,0.022060465151467406,0.020755221240840865,0.023219483763719406
7248_liver_sham_Male_26-U1,tierA_p95,Hepatocytes,secondary_senescence,N4,90.0,95.0,0.022036143775287478,0.020630997941110025,0.023234074841919184
7248_liver_sham_Male_26-U1,tierA_p95,Hepatocytes,secondary_senescence,N4,95.0,100.0,0.022059109804652095,0.020972432729883143,0.023293001190556738
7248_liver_sham_Male_26-U1,tierA_p95,Hepatocytes,tnfa_nfkb_proximal,N4,0.0,5.0,-0.025160859464091346,-0.026058096085276154,-0.02421068985025656
7248_liver_sham_Male_26-U1,tierA_p95,Hepatocytes,tnfa_nfkb_proximal,N4,5.0,10.0,-0.025157395741268653,-0.025698657137715724,-0.024588147947438656
7248_liver_sham_Male_26-U1,tierA_p95,Hepatocytes,tnfa_nfkb_proximal,N4,10.0,15.0,-0.025168163163273,-0.025618299169301244,-0.024710339576439134
7248_liver_sham_Male_26-U1,tierA_p95,Hepatocytes,tnfa_nfkb_proximal,N4,15.0,20.0,-0.025173802252128296,-0.025577671766829402,-0.024764030408829144
7248_liver_sham_Male_26-U1,tierA_p95,Hepatocytes,tnfa_nfkb_proximal,N4,20.0,25.0,-0.025184184991284924,-0.025563335916415457,-0.024802475438839067
7248_liver_sham_Male_26-U1,tierA_p95,Hepatocytes,tnfa_nfkb_proximal,N4,25.0,30.0,-0.02521335464766405,-0.025569162989374523,-0.02487645620937814
7248_liver_sham_Male_26-U1,tierA_p95,Hepatocytes,tnfa_nfkb_proximal,N4,30.0,35.0,-0.025208798719339533,-0.02555779575434126,-0.02485255674315928
7248_liver_sham_Male_26-U1,tierA_p95,Hepatocytes,tnfa_nfkb_proximal,N4,35.0,40.0,-0.0252249451395548,-0.02557780149692986,-0.024855612948805568
7248_liver_sham_Male_26-U1,tierA_p95,Hepatocytes,tnfa_nfkb_proximal,N4,40.0,45.0,-0.025232260458592753,-0.025601053497653545,-0.024845787194737422
7248_liver_sham_Male_26-U1,tierA_p95,Hepatocytes,tnfa_nfkb_proximal,N4,45.0,50.0,-0.02522802631890503,-0.025689467817822487,-0.024790677686546737
7248_liver_sham_Male_26-U1,tierA_p95,Hepatocytes,tnfa_nfkb_proximal,N4,50.0,55.0,-0.025247468929175846,-0.02572040033416668,-0.024727444963481063
7248_liver_sham_Male_26-U1,tierA_p95,Hepatocytes,tnfa_nfkb_proximal,N4,55.0,60.0,-0.025243768470327173,-0.02576599103867025,-0.024723985967157504
7248_liver_sham_Male_26-U1,tierA_p95,Hepatocytes,tnfa_nfkb_proximal,N4,60.0,65.0,-0.02523979472034568,-0.025857562560898297,-0.02460995480031903
7248_liver_sham_Male_26-U1,tierA_p95,Hepatocytes,tnfa_nfkb_proximal,N4,65.0,70.0,-0.025246595320548584,-0.02591987231476888,-0.02458755761852989
7248_liver_sham_Male_26-U1,tierA_p95,Hepatocytes,tnfa_nfkb_proximal,N4,70.0,75.0,-0.025214188731511464,-0.025991390159543836,-0.024431913001819176
7248_liver_sham_Male_26-U1,tierA_p95,Hepatocytes,tnfa_nfkb_proximal,N4,75.0,80.0,-0.0252131046112536,-0.02597525272814451,-0.024346287944742227
7248_liver_sham_Male_26-U1,tierA_p95,Hepatocytes,tnfa_nfkb_proximal,N4,80.0,85.0,-0.025192390313245633,-0.02605744160851188,-0.02429091010860896
7248_liver_sham_Male_26-U1,tierA_p95,Hepatocytes,tnfa_nfkb_proximal,N4,85.0,90.0,-0.02513971305388228,-0.026095072851077598,-0.02419134740506705
7248_liver_sham_Male_26-U1,tierA_p95,Hepatocytes,tnfa_nfkb_proximal,N4,90.0,95.0,-0.025143758821436428,-0.02631558881118782,-0.0239341572775739
7248_liver_sham_Male_26-U1,tierA_p95,Hepatocytes,tnfa_nfkb_proximal,N4,95.0,100.0,-0.02497103250491127,-0.02554986122242422,-0.023871205244480026
7352_liver_sham_Male_2-U1,tierA_p95,Hepatocytes,downstream_arrest,N1,0.0,5.0,0.003861288625094113,0.003396183073114376,0.004316150485631632
7352_liver_sham_Male_2-U1,tierA_p95,Hepatocytes,downstream_arrest,N1,5.0,10.0,0.003634877203547563,0.002888712987508701,0.0043973037366782574
7352_liver_sham_Male_2-U1,tierA_p95,Hepatocytes,downstream_arrest,N1,10.0,15.0,0.004161771286197129,0.00383067599803743,0.004495938971858047
7352_liver_sham_Male_2-U1,tierA_p95,Hepatocytes,downstream_arrest,N1,15.0,20.0,0.004183934030113286,0.0039007571849623782,0.004476118992352145
7352_liver_sham_Male_2-U1,tierA_p95,Hepatocytes,downstream_arrest,N1,20.0,25.0,0.004096646265072211,0.003800630889781764,0.004393130810371129
7352_liver_sham_Male_2-U1,tierA_p95,Hepatocytes,downstream_arrest,N1,25.0,30.0,0.00407044450960231,0.0037752655545832048,0.004357101466750134
7352_liver_sham_Male_2-U1,tierA_p95,Hepatocytes,downstream_arrest,N1,30.0,35.0,0.004048223933522657,0.003754454312239671,0.004338732055420648
7352_liver_sham_Male_2-U1,tierA_p95,Hepatocytes,downstream_arrest,N1,35.0,40.0,0.003928901845816872,0.003614496451815576,0.004249136956098885
7352_liver_sham_Male_2-U1,tierA_p95,Hepatocytes,downstream_arrest,N1,40.0,45.0,0.003803684655078993,0.0034406455887527904,0.004159828821545415
7352_liver_sham_Male_2-U1,tierA_p95,Hepatocytes,downstream_arrest,N1,45.0,50.0,0.00366504157450209,0.0032904741493386142,0.004061893284744294
7352_liver_sham_Male_2-U1,tierA_p95,Hepatocytes,downstream_arrest,N1,50.0,55.0,0.0036420405369516377,0.0031951596817685383,0.0040854535333327896
7352_liver_sham_Male_2-U1,tierA_p95,Hepatocytes,downstream_arrest,N1,55.0,60.0,0.0034976307392740914,0.0030388220394728517,0.003966609180208949
7352_liver_sham_Male_2-U1,tierA_p95,Hepatocytes,downstream_arrest,N1,60.0,65.0,0.003393043291397725,0.0028026997241467314,0.003985331291843719
7352_liver_sham_Male_2-U1,tierA_p95,Hepatocytes,downstream_arrest,N1,65.0,70.0,0.003237906464380556,0.0025095936836191423,0.003968926567387889
7352_liver_sham_Male_2-U1,tierA_p95,Hepatocytes,downstream_arrest,N1,70.0,75.0,0.003092871903084768,0.0022447726515756167,0.003960432111862084
7352_liver_sham_Male_2-U1,tierA_p95,Hepatocytes,downstream_arrest,N1,75.0,80.0,0.0029546385075099025,0.0019018440002677515,0.004005947816495003
7352_liver_sham_Male_2-U1,tierA_p95,Hepatocytes,downstream_arrest,N1,80.0,85.0,0.0028057481686172138,0.0015788662632172303,0.004028666775404032
7352_liver_sham_Male_2-U1,tierA_p95,Hepatocytes,downstream_arrest,N1,85.0,90.0,0.0026947270559461904,0.0011060208745086709,0.004201411677194384
7352_liver_sham_Male_2-U1,tierA_p95,Hepatocytes,downstream_arrest,N1,90.0,95.0,0.002543683753030175,0.0005185365432830622,0.004614698551660048
7352_liver_sham_Male_2-U1,tierA_p95,Hepatocytes,downstream_arrest,N1,95.0,100.0,0.002263569798774121,0.0005686681289504427,0.0038854823592543945
7352_liver_sham_Male_2-U1,tierA_p95,Hepatocytes,emt_ecm,N1,0.0,5.0,0.0013757400547090978,0.0008602169641157292,0.00186732681599109
7352_liver_sham_Male_2-U1,tierA_p95,Hepatocytes,emt_ecm,N1,5.0,10.0,0.0016516399189608593,0.0008098692700072425,0.002496912187947319
7352_liver_sham_Male_2-U1,tierA_p95,Hepatocytes,emt_ecm,N1,10.0,15.0,0.001315029414034794,0.000941466233320026,0.0016970019699848776
7352_liver_sham_Male_2-U1,tierA_p95,Hepatocytes,emt_ecm,N1,15.0,20.0,0.0012017140787251202,0.0008692186671872742,0.0015420777831926182
7352_liver_sham_Male_2-U1,tierA_p95,Hepatocytes,emt_ecm,N1,20.0,25.0,0.0012734647865068666,0.0009729122166064024,0.001618819310800529
7352_liver_sham_Male_2-U1,tierA_p95,Hepatocytes,emt_ecm,N1,25.0,30.0,0.001200668646764849,0.000871740515323446,0.001523374043014657
7352_liver_sham_Male_2-U1,tierA_p95,Hepatocytes,emt_ecm,N1,30.0,35.0,0.0013062201659529316,0.000995339600795769,0.0016270899295268422
7352_liver_sham_Male_2-U1,tierA_p95,Hepatocytes,emt_ecm,N1,35.0,40.0,0.0013103111764600425,0.0009637334626026395,0.0016611475879006212
7352_liver_sham_Male_2-U1,tierA_p95,Hepatocytes,emt_ecm,N1,40.0,45.0,0.0013642517126533176,0.0010030253765555496,0.001735777400949771
7352_liver_sham_Male_2-U1,tierA_p95,Hepatocytes,emt_ecm,N1,45.0,50.0,0.0014693127038776287,0.0010574806836590445,0.0018946898640207468
7352_liver_sham_Male_2-U1,tierA_p95,Hepatocytes,emt_ecm,N1,50.0,55.0,0.001465067557774248,0.0009852411788082236,0.0019504043876167113
7352_liver_sham_Male_2-U1,tierA_p95,Hepatocytes,emt_ecm,N1,55.0,60.0,0.0015552487608501391,0.000977017180034831,0.0021248166141841734
7352_liver_sham_Male_2-U1,tierA_p95,Hepatocytes,emt_ecm,N1,60.0,65.0,0.0016278604561007497,0.0009657760021392365,0.002287215873697123
7352_liver_sham_Male_2-U1,tierA_p95,Hepatocytes,emt_ecm,N1,65.0,70.0,0.0016426647318442639,0.0008590406162786379,0.0023759082966350155
7352_liver_sham_Male_2-U1,tierA_p95,Hepatocytes,emt_ecm,N1,70.0,75.0,0.0016925018844041264,0.0008263371609670849,0.002650914232633072
7352_liver_sham_Male_2-U1,tierA_p95,Hepatocytes,emt_ecm,N1,75.0,80.0,0.0017665789340255368,0.0006361686081199596,0.0029546711663135743
7352_liver_sham_Male_2-U1,tierA_p95,Hepatocytes,emt_ecm,N1,80.0,85.0,0.0017935109801697946,0.00038746848014897806,0.003231133566991209
7352_liver_sham_Male_2-U1,tierA_p95,Hepatocytes,emt_ecm,N1,85.0,90.0,0.0017806768213224889,5.453775684971486e-05,0.003655130274516172
7352_liver_sham_Male_2-U1,tierA_p95,Hepatocytes,emt_ecm,N1,90.0,95.0,0.001943859176945272,-0.00010627772876875076,0.004161227914309177
7352_liver_sham_Male_2-U1,tierA_p95,Hepatocytes,emt_ecm,N1,95.0,100.0,0.0020084816668849616,0.00014250536496108565,0.003989348594194006
7352_liver_sham_Male_2-U1,tierA_p95,Hepatocytes,il6_jak_stat3,N1,0.0,5.0,-0.03049594798634322,-0.031110384651602346,-0.02985728852948751
7352_liver_sham_Male_2-U1,tierA_p95,Hepatocytes,il6_jak_stat3,N1,5.0,10.0,-0.028392225525952802,-0.029607443627624224,-0.027137023649040783
7352_liver_sham_Male_2-U1,tierA_p95,Hepatocytes,il6_jak_stat3,N1,10.0,15.0,-0.03031071539188098,-0.03084708312342867,-0.029814090261794837
7352_liver_sham_Male_2-U1,tierA_p95,Hepatocytes,il6_jak_stat3,N1,15.0,20.0,-0.030700869038224467,-0.03113010891017837,-0.030244258758968932
7352_liver_sham_Male_2-U1,tierA_p95,Hepatocytes,il6_jak_stat3,N1,20.0,25.0,-0.03064149240035897,-0.031076363514263343,-0.030195238858987762
7352_liver_sham_Male_2-U1,tierA_p95,Hepatocytes,il6_jak_stat3,N1,25.0,30.0,-0.030691136857748037,-0.03111442784479538,-0.030263182272267573
7352_liver_sham_Male_2-U1,tierA_p95,Hepatocytes,il6_jak_stat3,N1,30.0,35.0,-0.030644069337598744,-0.03109442799471126,-0.030235467309264207
7352_liver_sham_Male_2-U1,tierA_p95,Hepatocytes,il6_jak_stat3,N1,35.0,40.0,-0.030693666399653773,-0.031170218618280506,-0.03023946787873806
7352_liver_sham_Male_2-U1,tierA_p95,Hepatocytes,il6_jak_stat3,N1,40.0,45.0,-0.030692868333748416,-0.031196018754543545,-0.030165573669406965
7352_liver_sham_Male_2-U1,tierA_p95,Hepatocytes,il6_jak_stat3,N1,45.0,50.0,-0.03062602565995563,-0.031163401160159726,-0.030099431719153524
7352_liver_sham_Male_2-U1,tierA_p95,Hepatocytes,il6_jak_stat3,N1,50.0,55.0,-0.03064931337499615,-0.031307747490649136,-0.02998106009755716
7352_liver_sham_Male_2-U1,tierA_p95,Hepatocytes,il6_jak_stat3,N1,55.0,60.0,-0.03056266726104016,-0.03121291008117108,-0.029870823751417083
7352_liver_sham_Male_2-U1,tierA_p95,Hepatocytes,il6_jak_stat3,N1,60.0,65.0,-0.03042887402299371,-0.031279873963908356,-0.029550235605791685
7352_liver_sham_Male_2-U1,tierA_p95,Hepatocytes,il6_jak_stat3,N1,65.0,70.0,-0.030372317083450527,-0.03136169978526051,-0.02933609180004812
7352_liver_sham_Male_2-U1,tierA_p95,Hepatocytes,il6_jak_stat3,N1,70.0,75.0,-0.030172620428646952,-0.03136342998122296,-0.02899094490483635
7352_liver_sham_Male_2-U1,tierA_p95,Hepatocytes,il6_jak_stat3,N1,75.0,80.0,-0.030133411456850175,-0.03156449493683102,-0.02872121731511377
7352_liver_sham_Male_2-U1,tierA_p95,Hepatocytes,il6_jak_stat3,N1,80.0,85.0,-0.030041816633405036,-0.03180347609446805,-0.02840661890983243
7352_liver_sham_Male_2-U1,tierA_p95,Hepatocytes,il6_jak_stat3,N1,85.0,90.0,-0.02990468254366663,-0.03189308925381529,-0.027772920840841694
7352_liver_sham_Male_2-U1,tierA_p95,Hepatocytes,il6_jak_stat3,N1,90.0,95.0,-0.029895858838877364,-0.03260389262362892,-0.02712455627336947
7352_liver_sham_Male_2-U1,tierA_p95,Hepatocytes,il6_jak_stat3,N1,95.0,100.0,-0.02923522851864528,-0.031446260334122116,-0.026935998553127803
7352_liver_sham_Male_2-U1,tierA_p95,Hepatocytes,interferon_response,N1,0.0,5.0,-0.0016655638447701712,-0.0022847695539845165,-0.0010341901400684852
7352_liver_sham_Male_2-U1,tierA_p95,Hepatocytes,interferon_response,N1,5.0,10.0,0.0007438801294952066,-0.00041367150629885126,0.00200269579674521
7352_liver_sham_Male_2-U1,tierA_p95,Hepatocytes,interferon_response,N1,10.0,15.0,-0.0005519659547440034,-0.0010975791516252165,-1.3220585050838906e-05
7352_liver_sham_Male_2-U1,tierA_p95,Hepatocytes,interferon_response,N1,15.0,20.0,-0.0011865470458992335,-0.0016336105497542434,-0.0007361520209943975
7352_liver_sham_Male_2-U1,tierA_p95,Hepatocytes,interferon_response,N1,20.0,25.0,-0.001324439453458632,-0.001762458457973273,-0.0008872380150924794
7352_liver_sham_Male_2-U1,tierA_p95,Hepatocytes,interferon_response,N1,25.0,30.0,-0.0014217049643436576,-0.0018451804873421758,-0.0010268726417958288
7352_liver_sham_Male_2-U1,tierA_p95,Hepatocytes,interferon_response,N1,30.0,35.0,-0.0015769117252205918,-0.0020103562045034676,-0.0011629531590604556
7352_liver_sham_Male_2-U1,tierA_p95,Hepatocytes,interferon_response,N1,35.0,40.0,-0.001816076115729345,-0.0022569070232741546,-0.0013791272545843644
7352_liver_sham_Male_2-U1,tierA_p95,Hepatocytes,interferon_response,N1,40.0,45.0,-0.002003979234543258,-0.0024919460401795555,-0.0014696981392337673
7352_liver_sham_Male_2-U1,tierA_p95,Hepatocytes,interferon_response,N1,45.0,50.0,-0.0021581075345105355,-0.002695925348633702,-0.001637963960775739
7352_liver_sham_Male_2-U1,tierA_p95,Hepatocytes,interferon_response,N1,50.0,55.0,-0.002350023367890462,-0.0029308946490270793,-0.0016707568424517041
7352_liver_sham_Male_2-U1,tierA_p95,Hepatocytes,interferon_response,N1,55.0,60.0,-0.002569608890629709,-0.0033125746177738702,-0.0018153549980051492
7352_liver_sham_Male_2-U1,tierA_p95,Hepatocytes,interferon_response,N1,60.0,65.0,-0.0027215953448090965,-0.0035566949383788768,-0.001899127038107509
7352_liver_sham_Male_2-U1,tierA_p95,Hepatocytes,interferon_response,N1,65.0,70.0,-0.0028743512013289277,-0.003809160700938903,-0.001958351155079313
7352_liver_sham_Male_2-U1,tierA_p95,Hepatocytes,interferon_response,N1,70.0,75.0,-0.0029615250133331133,-0.004091225827145678,-0.0018102524712810901
7352_liver_sham_Male_2-U1,tierA_p95,Hepatocytes,interferon_response,N1,75.0,80.0,-0.0032087974974657923,-0.00454569945383005,-0.0018946568860673235
7352_liver_sham_Male_2-U1,tierA_p95,Hepatocytes,interferon_response,N1,80.0,85.0,-0.003256677225638372,-0.004931693485366816,-0.0015605621352510783
7352_liver_sham_Male_2-U1,tierA_p95,Hepatocytes,interferon_response,N1,85.0,90.0,-0.0033886010685837465,-0.005342932382418069,-0.001319074196611288
7352_liver_sham_Male_2-U1,tierA_p95,Hepatocytes,interferon_response,N1,90.0,95.0,-0.0034785430483072082,-0.0061949952970488395,-0.0008749285871485926
7352_liver_sham_Male_2-U1,tierA_p95,Hepatocytes,interferon_response,N1,95.0,100.0,-0.0034171028543935897,-0.005758534435863236,-0.0007878070055791907
7352_liver_sham_Male_2-U1,tierA_p95,Hepatocytes,oxidative_stress,N1,0.0,5.0,0.11797808719111633,0.11648878565177333,0.11946041224224678
7352_liver_sham_Male_2-U1,tierA_p95,Hepatocytes,oxidative_stress,N1,5.0,10.0,0.11618650539319796,0.11353522229319458,0.11861662060214805
7352_liver_sham_Male_2-U1,tierA_p95,Hepatocytes,oxidative_stress,N1,10.0,15.0,0.11994697093902128,0.11878887840119223,0.12101115876003246
7352_liver_sham_Male_2-U1,tierA_p95,Hepatocytes,oxidative_stress,N1,15.0,20.0,0.11991955855859528,0.1189339606454593,0.1209296602696309
7352_liver_sham_Male_2-U1,tierA_p95,Hepatocytes,oxidative_stress,N1,20.0,25.0,0.11935438846313293,0.11835632008517413,0.12029140472610743
7352_liver_sham_Male_2-U1,tierA_p95,Hepatocytes,oxidative_stress,N1,25.0,30.0,0.1193083355500414,0.1183615190277808,0.12029320367880468
7352_liver_sham_Male_2-U1,tierA_p95,Hepatocytes,oxidative_stress,N1,30.0,35.0,0.11897131896122869,0.11800125265935697,0.12007633998310256
7352_liver_sham_Male_2-U1,tierA_p95,Hepatocytes,oxidative_stress,N1,35.0,40.0,0.1183689138735585,0.11733538459161105,0.1193912554164334
7352_liver_sham_Male_2-U1,tierA_p95,Hepatocytes,oxidative_stress,N1,40.0,45.0,0.1177014733330778,0.1165985508422093,0.11887841184845874
7352_liver_sham_Male_2-U1,tierA_p95,Hepatocytes,oxidative_stress,N1,45.0,50.0,0.11717098563058197,0.11595273391024319,0.11838119346072835
7352_liver_sham_Male_2-U1,tierA_p95,Hepatocytes,oxidative_stress,N1,50.0,55.0,0.11644462294604731,0.11503707522476507,0.11793468974987813
7352_liver_sham_Male_2-U1,tierA_p95,Hepatocytes,oxidative_stress,N1,55.0,60.0,0.1158474156624685,0.11412182234455692,0.11765735264352592
7352_liver_sham_Male_2-U1,tierA_p95,Hepatocytes,oxidative_stress,N1,60.0,65.0,0.1150275359952708,0.11298214487225786,0.11700103599414777
7352_liver_sham_Male_2-U1,tierA_p95,Hepatocytes,oxidative_stress,N1,65.0,70.0,0.11418943794542395,0.11179004025913727,0.11656940127226072
7352_liver_sham_Male_2-U1,tierA_p95,Hepatocytes,oxidative_stress,N1,70.0,75.0,0.11343545353555737,0.11065071174183429,0.11632552958550828
7352_liver_sham_Male_2-U1,tierA_p95,Hepatocytes,oxidative_stress,N1,75.0,80.0,0.11248316536291451,0.10904927088945927,0.11611521260565472
7352_liver_sham_Male_2-U1,tierA_p95,Hepatocytes,oxidative_stress,N1,80.0,85.0,0.11145685725833533,0.10713682892538423,0.11567897562750395
7352_liver_sham_Male_2-U1,tierA_p95,Hepatocytes,oxidative_stress,N1,85.0,90.0,0.1108785215097588,0.10513081123361248,0.11641525823139008
7352_liver_sham_Male_2-U1,tierA_p95,Hepatocytes,oxidative_stress,N1,90.0,95.0,0.11006872206696454,0.10318662609448036,0.11692986991182928
7352_liver_sham_Male_2-U1,tierA_p95,Hepatocytes,oxidative_stress,N1,95.0,100.0,0.10750279494376166,0.1005171257875167,0.11417253329193203
7352_liver_sham_Male_2-U1,tierA_p95,Hepatocytes,secondary_senescence,N1,0.0,5.0,0.015393070491988136,0.014874933174293618,0.015959663774246766
7352_liver_sham_Male_2-U1,tierA_p95,Hepatocytes,secondary_senescence,N1,5.0,10.0,0.015041171494207322,0.014065522437191393,0.015925988336561614
7352_liver_sham_Male_2-U1,tierA_p95,Hepatocytes,secondary_senescence,N1,10.0,15.0,0.015302816491489327,0.014852937835481821,0.0157061859639203
7352_liver_sham_Male_2-U1,tierA_p95,Hepatocytes,secondary_senescence,N1,15.0,20.0,0.015173602505401139,0.014809994623670941,0.015544476992020644
7352_liver_sham_Male_2-U1,tierA_p95,Hepatocytes,secondary_senescence,N1,20.0,25.0,0.015248741974755573,0.014898837310467258,0.015591627181743256
7352_liver_sham_Male_2-U1,tierA_p95,Hepatocytes,secondary_senescence,N1,25.0,30.0,0.01524394827527863,0.014894457767211797,0.015589396274748606
7352_liver_sham_Male_2-U1,tierA_p95,Hepatocytes,secondary_senescence,N1,30.0,35.0,0.015328397883814007,0.014980728630198071,0.015694902726983345
7352_liver_sham_Male_2-U1,tierA_p95,Hepatocytes,secondary_senescence,N1,35.0,40.0,0.015375240631427232,0.015006063352398954,0.015769128462442793
7352_liver_sham_Male_2-U1,tierA_p95,Hepatocytes,secondary_senescence,N1,40.0,45.0,0.015418660758570422,0.014990929293118817,0.015827794114860995
7352_liver_sham_Male_2-U1,tierA_p95,Hepatocytes,secondary_senescence,N1,45.0,50.0,0.015488186293441316,0.015020469982410146,0.015944188784236136
7352_liver_sham_Male_2-U1,tierA_p95,Hepatocytes,secondary_senescence,N1,50.0,55.0,0.015536959766875523,0.014969361804292,0.01604455376050786
7352_liver_sham_Male_2-U1,tierA_p95,Hepatocytes,secondary_senescence,N1,55.0,60.0,0.015637078748394335,0.014998387167721929,0.016267673882136697
7352_liver_sham_Male_2-U1,tierA_p95,Hepatocytes,secondary_senescence,N1,60.0,65.0,0.015761744102335922,0.015017866056236031,0.01645168285067356
7352_liver_sham_Male_2-U1,tierA_p95,Hepatocytes,secondary_senescence,N1,65.0,70.0,0.015808219484011343,0.014979443253171422,0.016634148744627566
7352_liver_sham_Male_2-U1,tierA_p95,Hepatocytes,secondary_senescence,N1,70.0,75.0,0.01584942365076575,0.014850897611903622,0.016848036382396406
7352_liver_sham_Male_2-U1,tierA_p95,Hepatocytes,secondary_senescence,N1,75.0,80.0,0.015986008188298196,0.014784522956540659,0.017222990714275604
7352_liver_sham_Male_2-U1,tierA_p95,Hepatocytes,secondary_senescence,N1,80.0,85.0,0.016000944989089688,0.014504392211696502,0.017668908918402174
7352_liver_sham_Male_2-U1,tierA_p95,Hepatocytes,secondary_senescence,N1,85.0,90.0,0.01602655730471768,0.014152417958271444,0.017930987778992945
7352_liver_sham_Male_2-U1,tierA_p95,Hepatocytes,secondary_senescence,N1,90.0,95.0,0.01611094804399458,0.013694420738221295,0.01856597562012108
7352_liver_sham_Male_2-U1,tierA_p95,Hepatocytes,secondary_senescence,N1,95.0,100.0,0.01615382283166777,0.01393875660866489,0.018246922677864756
7352_liver_sham_Male_2-U1,tierA_p95,Hepatocytes,tnfa_nfkb_proximal,N1,0.0,5.0,-0.0158903597176273,-0.01641183335713191,-0.015338704001830027
7352_liver_sham_Male_2-U1,tierA_p95,Hepatocytes,tnfa_nfkb_proximal,N1,5.0,10.0,-0.014990263490455024,-0.015936340971389976,-0.014091090660530754
7352_liver_sham_Male_2-U1,tierA_p95,Hepatocytes,tnfa_nfkb_proximal,N1,10.0,15.0,-0.015857856214039588,-0.016246062038245242,-0.015433724052617266
7352_liver_sham_Male_2-U1,tierA_p95,Hepatocytes,tnfa_nfkb_proximal,N1,15.0,20.0,-0.016010518217957723,-0.016345730641845618,-0.01566278370973835
7352_liver_sham_Male_2-U1,tierA_p95,Hepatocytes,tnfa_nfkb_proximal,N1,20.0,25.0,-0.01599689870639302,-0.01634420063358132,-0.015666213012630093
7352_liver_sham_Male_2-U1,tierA_p95,Hepatocytes,tnfa_nfkb_proximal,N1,25.0,30.0,-0.0160453679630504,-0.01638604945239816,-0.015698132775409927
7352_liver_sham_Male_2-U1,tierA_p95,Hepatocytes,tnfa_nfkb_proximal,N1,30.0,35.0,-0.0160162546126058,-0.016368922508114177,-0.01565750239223051
7352_liver_sham_Male_2-U1,tierA_p95,Hepatocytes,tnfa_nfkb_proximal,N1,35.0,40.0,-0.016019380049435844,-0.016359620222832574,-0.01566867122224197
7352_liver_sham_Male_2-U1,tierA_p95,Hepatocytes,tnfa_nfkb_proximal,N1,40.0,45.0,-0.015966049996494185,-0.01636514537622405,-0.015559794978045105
7352_liver_sham_Male_2-U1,tierA_p95,Hepatocytes,tnfa_nfkb_proximal,N1,45.0,50.0,-0.015953676915172556,-0.016369239695791883,-0.015514458292308119
7352_liver_sham_Male_2-U1,tierA_p95,Hepatocytes,tnfa_nfkb_proximal,N1,50.0,55.0,-0.015904071440774194,-0.016434066023196785,-0.015390418202237686
7352_liver_sham_Male_2-U1,tierA_p95,Hepatocytes,tnfa_nfkb_proximal,N1,55.0,60.0,-0.01586408214841599,-0.016419023290011197,-0.01529570837007499
7352_liver_sham_Male_2-U1,tierA_p95,Hepatocytes,tnfa_nfkb_proximal,N1,60.0,65.0,-0.015765840480254006,-0.016420629473678786,-0.015094884159036877
7352_liver_sham_Male_2-U1,tierA_p95,Hepatocytes,tnfa_nfkb_proximal,N1,65.0,70.0,-0.015664351399204624,-0.016465377356685344,-0.014842426269989578
7352_liver_sham_Male_2-U1,tierA_p95,Hepatocytes,tnfa_nfkb_proximal,N1,70.0,75.0,-0.01563980329823635,-0.016533722296568253,-0.014705287956228046
7352_liver_sham_Male_2-U1,tierA_p95,Hepatocytes,tnfa_nfkb_proximal,N1,75.0,80.0,-0.015563278811505828,-0.016769602558296435,-0.014462494635187744
7352_liver_sham_Male_2-U1,tierA_p95,Hepatocytes,tnfa_nfkb_proximal,N1,80.0,85.0,-0.015489330432320984,-0.016948369425489242,-0.013951610516179026
7352_liver_sham_Male_2-U1,tierA_p95,Hepatocytes,tnfa_nfkb_proximal,N1,85.0,90.0,-0.015375355955620609,-0.017146255846584742,-0.013621047571772554
7352_liver_sham_Male_2-U1,tierA_p95,Hepatocytes,tnfa_nfkb_proximal,N1,90.0,95.0,-0.01525113081830455,-0.01754129622758113,-0.013033258664015734
7352_liver_sham_Male_2-U1,tierA_p95,Hepatocytes,tnfa_nfkb_proximal,N1,95.0,100.0,-0.014906438164477722,-0.01676822751608584,-0.012977850544368114
7352_liver_sham_Male_2-U1,tierA_p95,Hepatocytes,downstream_arrest,N3,0.0,5.0,0.003899958235083806,0.00284712635774636,0.004945453736369778
7352_liver_sham_Male_2-U1,tierA_p95,Hepatocytes,downstream_arrest,N3,5.0,10.0,0.0038830580533331205,0.003213894472634645,0.004582783865062944
7352_liver_sham_Male_2-U1,tierA_p95,Hepatocytes,downstream_arrest,N3,10.0,15.0,0.003882387741306503,0.0032909355337227652,0.004488902979843953
7352_liver_sham_Male_2-U1,tierA_p95,Hepatocytes,downstream_arrest,N3,15.0,20.0,0.003888779069254136,0.00333783188995457,0.0044391016892090926
7352_liver_sham_Male_2-U1,tierA_p95,Hepatocytes,downstream_arrest,N3,20.0,25.0,0.003882104464523586,0.003316252073471685,0.004451056478565345
7352_liver_sham_Male_2-U1,tierA_p95,Hepatocytes,downstream_arrest,N3,25.0,30.0,0.003884544911681885,0.0033734066148461625,0.004413844662621277
7352_liver_sham_Male_2-U1,tierA_p95,Hepatocytes,downstream_arrest,N3,30.0,35.0,0.0038899557556149205,0.0033688236179531877,0.004473913223727404
7352_liver_sham_Male_2-U1,tierA_p95,Hepatocytes,downstream_arrest,N3,35.0,40.0,0.003885213175728683,0.0033514365191504593,0.004476415733133113
7352_liver_sham_Male_2-U1,tierA_p95,Hepatocytes,downstream_arrest,N3,40.0,45.0,0.0038717682038467327,0.0033255696726985392,0.004410362964869507
7352_liver_sham_Male_2-U1,tierA_p95,Hepatocytes,downstream_arrest,N3,45.0,50.0,0.0038814502712915928,0.003329316421936407,0.004489742185805351
7352_liver_sham_Male_2-U1,tierA_p95,Hepatocytes,downstream_arrest,N3,50.0,55.0,0.003877789822300351,0.0032392504002955952,0.004543176857121307
7352_liver_sham_Male_2-U1,tierA_p95,Hepatocytes,downstream_arrest,N3,55.0,60.0,0.003865726365924334,0.0032312719227471347,0.004542166997919568
7352_liver_sham_Male_2-U1,tierA_p95,Hepatocytes,downstream_arrest,N3,60.0,65.0,0.0038573381983370283,0.0031538794911713515,0.00459851289642477
7352_liver_sham_Male_2-U1,tierA_p95,Hepatocytes,downstream_arrest,N3,65.0,70.0,0.0038752055831064404,0.0030483555944330796,0.004665911462209337
7352_liver_sham_Male_2-U1,tierA_p95,Hepatocytes,downstream_arrest,N3,70.0,75.0,0.0038711384229574,0.0029769364990586034,0.004789245560082536
7352_liver_sham_Male_2-U1,tierA_p95,Hepatocytes,downstream_arrest,N3,75.0,80.0,0.0038722348166879967,0.0028462315108212146,0.004927588172014681
7352_liver_sham_Male_2-U1,tierA_p95,Hepatocytes,downstream_arrest,N3,80.0,85.0,0.0038490218800426293,0.0027606234487153936,0.004971398019118185
7352_liver_sham_Male_2-U1,tierA_p95,Hepatocytes,downstream_arrest,N3,85.0,90.0,0.0038603546185129504,0.0026042725378036423,0.005162572974471681
7352_liver_sham_Male_2-U1,tierA_p95,Hepatocytes,downstream_arrest,N3,90.0,95.0,0.0038898558553591843,0.002389543300942897,0.00541280557697088
7352_liver_sham_Male_2-U1,tierA_p95,Hepatocytes,downstream_arrest,N3,95.0,100.0,0.0039019414366691647,0.0030683872522707526,0.005069412393995707
7352_liver_sham_Male_2-U1,tierA_p95,Hepatocytes,emt_ecm,N3,0.0,5.0,0.0013508003158805644,-4.463681698537571e-05,0.0027870784969956943
7352_liver_sham_Male_2-U1,tierA_p95,Hepatocytes,emt_ecm,N3,5.0,10.0,0.0012988300425918582,0.00024637151134100454,0.002494630178557047
7352_liver_sham_Male_2-U1,tierA_p95,Hepatocytes,emt_ecm,N3,10.0,15.0,0.0013368245254926062,0.00039627305626089844,0.002438181561204643
7352_liver_sham_Male_2-U1,tierA_p95,Hepatocytes,emt_ecm,N3,15.0,20.0,0.001331093321701474,0.0003818515388605998,0.0024087134480635227
7352_liver_sham_Male_2-U1,tierA_p95,Hepatocytes,emt_ecm,N3,20.0,25.0,0.0013357787957832769,0.0004467429675988233,0.0024835236973643825
7352_liver_sham_Male_2-U1,tierA_p95,Hepatocytes,emt_ecm,N3,25.0,30.0,0.0013230350396998694,0.00037222079464413417,0.0024291071451829948
7352_liver_sham_Male_2-U1,tierA_p95,Hepatocytes,emt_ecm,N3,30.0,35.0,0.001350205616439986,0.000467448047418234,0.002407236210889438
7352_liver_sham_Male_2-U1,tierA_p95,Hepatocytes,emt_ecm,N3,35.0,40.0,0.0013381007062123749,0.00041176150548722664,0.002514605154386313
7352_liver_sham_Male_2-U1,tierA_p95,Hepatocytes,emt_ecm,N3,40.0,45.0,0.0013380818795938566,0.0004267988862526069,0.002442529207615476
7352_liver_sham_Male_2-U1,tierA_p95,Hepatocytes,emt_ecm,N3,45.0,50.0,0.0013378149153076527,0.0003988285843430029,0.002449543793708631
7352_liver_sham_Male_2-U1,tierA_p95,Hepatocytes,emt_ecm,N3,50.0,55.0,0.0013518481677199593,0.0003782433057107853,0.0025130011783303726
7352_liver_sham_Male_2-U1,tierA_p95,Hepatocytes,emt_ecm,N3,55.0,60.0,0.0013862136539674265,0.00042649044411075226,0.002561918546215474
7352_liver_sham_Male_2-U1,tierA_p95,Hepatocytes,emt_ecm,N3,60.0,65.0,0.0013849627762326565,0.00031753775984374,0.002696512292911221
7352_liver_sham_Male_2-U1,tierA_p95,Hepatocytes,emt_ecm,N3,65.0,70.0,0.0013581169653169094,0.00015437456458394688,0.0026248214144309378
7352_liver_sham_Male_2-U1,tierA_p95,Hepatocytes,emt_ecm,N3,70.0,75.0,0.0013447044177025834,7.032726644447828e-05,0.002651978511194237
7352_liver_sham_Male_2-U1,tierA_p95,Hepatocytes,emt_ecm,N3,75.0,80.0,0.001377527885120388,-4.5351461031591674e-05,0.0027620587482101657
7352_liver_sham_Male_2-U1,tierA_p95,Hepatocytes,emt_ecm,N3,80.0,85.0,0.0013655541633812013,-0.0001560530004164316,0.002775274547202427
7352_liver_sham_Male_2-U1,tierA_p95,Hepatocytes,emt_ecm,N3,85.0,90.0,0.0013614716080664535,-0.00023934573085343373,0.002930617509125173
7352_liver_sham_Male_2-U1,tierA_p95,Hepatocytes,emt_ecm,N3,90.0,95.0,0.0014047901582339632,-0.0004174756309262785,0.0031032775853129238
7352_liver_sham_Male_2-U1,tierA_p95,Hepatocytes,emt_ecm,N3,95.0,100.0,0.0013092683283308457,-0.0015815273333085345,0.0028884607464084444
7352_liver_sham_Male_2-U1,tierA_p95,Hepatocytes,il6_jak_stat3,N3,0.0,5.0,-0.030522269861035938,-0.032005339087119236,-0.028949075090814038
7352_liver_sham_Male_2-U1,tierA_p95,Hepatocytes,il6_jak_stat3,N3,5.0,10.0,-0.030537862830323403,-0.031394451692669696,-0.02960352483180234
7352_liver_sham_Male_2-U1,tierA_p95,Hepatocytes,il6_jak_stat3,N3,10.0,15.0,-0.03054189442289461,-0.03137621756884498,-0.029677628022862484
7352_liver_sham_Male_2-U1,tierA_p95,Hepatocytes,il6_jak_stat3,N3,15.0,20.0,-0.0305390246940869,-0.031239076113980736,-0.02977932943276565
7352_liver_sham_Male_2-U1,tierA_p95,Hepatocytes,il6_jak_stat3,N3,20.0,25.0,-0.030525827019463776,-0.031201342472813483,-0.02980745471164701
7352_liver_sham_Male_2-U1,tierA_p95,Hepatocytes,il6_jak_stat3,N3,25.0,30.0,-0.0305539749069423,-0.03127720754835555,-0.02979304096210443
7352_liver_sham_Male_2-U1,tierA_p95,Hepatocytes,il6_jak_stat3,N3,30.0,35.0,-0.030535355827939738,-0.0311948176222799,-0.029854169704054023
7352_liver_sham_Male_2-U1,tierA_p95,Hepatocytes,il6_jak_stat3,N3,35.0,40.0,-0.030518734874831227,-0.031276386734730766,-0.029747309980565736
7352_liver_sham_Male_2-U1,tierA_p95,Hepatocytes,il6_jak_stat3,N3,40.0,45.0,-0.030546547970918703,-0.03128455328148227,-0.029729899244663766
7352_liver_sham_Male_2-U1,tierA_p95,Hepatocytes,il6_jak_stat3,N3,45.0,50.0,-0.030517752141445725,-0.03129221757233865,-0.029714979587445345
7352_liver_sham_Male_2-U1,tierA_p95,Hepatocytes,il6_jak_stat3,N3,50.0,55.0,-0.0305341782362949,-0.0314132132620178,-0.0296071574833887
7352_liver_sham_Male_2-U1,tierA_p95,Hepatocytes,il6_jak_stat3,N3,55.0,60.0,-0.030539947136963005,-0.03148180667024242,-0.029478471346129406
7352_liver_sham_Male_2-U1,tierA_p95,Hepatocytes,il6_jak_stat3,N3,60.0,65.0,-0.030517632848281597,-0.031581156098221,-0.02928108592501175
7352_liver_sham_Male_2-U1,tierA_p95,Hepatocytes,il6_jak_stat3,N3,65.0,70.0,-0.03052307739784218,-0.03170102375075899,-0.02927596916707947
7352_liver_sham_Male_2-U1,tierA_p95,Hepatocytes,il6_jak_stat3,N3,70.0,75.0,-0.03053456040092872,-0.0318249936128753,-0.029091204308376726
7352_liver_sham_Male_2-U1,tierA_p95,Hepatocytes,il6_jak_stat3,N3,75.0,80.0,-0.030519519731831247,-0.032079917843449816,-0.02900845217505216
7352_liver_sham_Male_2-U1,tierA_p95,Hepatocytes,il6_jak_stat3,N3,80.0,85.0,-0.03058654345482681,-0.0322500107227938,-0.028792051253292247
7352_liver_sham_Male_2-U1,tierA_p95,Hepatocytes,il6_jak_stat3,N3,85.0,90.0,-0.03051394428521354,-0.03231423393484395,-0.028606126921557017
7352_liver_sham_Male_2-U1,tierA_p95,Hepatocytes,il6_jak_stat3,N3,90.0,95.0,-0.03055268846426479,-0.0325416341672833,-0.028343662402586456
7352_liver_sham_Male_2-U1,tierA_p95,Hepatocytes,il6_jak_stat3,N3,95.0,100.0,-0.030471981552541442,-0.03124659305906888,-0.02953072757038728
7352_liver_sham_Male_2-U1,tierA_p95,Hepatocytes,interferon_response,N3,0.0,5.0,-0.0016473211729114703,-0.0031829785546815766,-0.00011295417359081719
7352_liver_sham_Male_2-U1,tierA_p95,Hepatocytes,interferon_response,N3,5.0,10.0,-0.0016513594625176206,-0.0026265817715320377,-0.0006314777591795321
7352_liver_sham_Male_2-U1,tierA_p95,Hepatocytes,interferon_response,N3,10.0,15.0,-0.001658468628301515,-0.0025630681152745234,-0.000695963834822649
7352_liver_sham_Male_2-U1,tierA_p95,Hepatocytes,interferon_response,N3,15.0,20.0,-0.0016683452665841884,-0.0025230619399733986,-0.000780088123137893
7352_liver_sham_Male_2-U1,tierA_p95,Hepatocytes,interferon_response,N3,20.0,25.0,-0.0016588965691787987,-0.002447009570117541,-0.0007919573892687934
7352_liver_sham_Male_2-U1,tierA_p95,Hepatocytes,interferon_response,N3,25.0,30.0,-0.0016957050064900358,-0.002462812620710728,-0.0009401078325967035
7352_liver_sham_Male_2-U1,tierA_p95,Hepatocytes,interferon_response,N3,30.0,35.0,-0.0016566490954668279,-0.0024199880211171285,-0.0008830485173399356
7352_liver_sham_Male_2-U1,tierA_p95,Hepatocytes,interferon_response,N3,35.0,40.0,-0.0016677615111625062,-0.0024391219400562584,-0.0008860887296555679
7352_liver_sham_Male_2-U1,tierA_p95,Hepatocytes,interferon_response,N3,40.0,45.0,-0.0016684962429814572,-0.0024381017677871045,-0.0008742140067915587
7352_liver_sham_Male_2-U1,tierA_p95,Hepatocytes,interferon_response,N3,45.0,50.0,-0.00166659887599655,-0.0024901277216246133,-0.000772452083985778
7352_liver_sham_Male_2-U1,tierA_p95,Hepatocytes,interferon_response,N3,50.0,55.0,-0.001676511560577477,-0.0025891141413372154,-0.0007021331025461299
7352_liver_sham_Male_2-U1,tierA_p95,Hepatocytes,interferon_response,N3,55.0,60.0,-0.0016590419764392287,-0.0026740063432994137,-0.0005491892793335447
7352_liver_sham_Male_2-U1,tierA_p95,Hepatocytes,interferon_response,N3,60.0,65.0,-0.0016895052738040849,-0.0027518048903850895,-0.00043839346880178063
7352_liver_sham_Male_2-U1,tierA_p95,Hepatocytes,interferon_response,N3,65.0,70.0,-0.0016977970750760216,-0.0029116317393434355,-0.00041246030668523614
7352_liver_sham_Male_2-U1,tierA_p95,Hepatocytes,interferon_response,N3,70.0,75.0,-0.0016927504406108668,-0.0031545092158883972,-0.0001451127537708366
7352_liver_sham_Male_2-U1,tierA_p95,Hepatocytes,interferon_response,N3,75.0,80.0,-0.0016609113687500198,-0.003232478959202022,0.00011701006783033342
7352_liver_sham_Male_2-U1,tierA_p95,Hepatocytes,interferon_response,N3,80.0,85.0,-0.001643145595007163,-0.003455998973992691,0.0005092894566589121
7352_liver_sham_Male_2-U1,tierA_p95,Hepatocytes,interferon_response,N3,85.0,90.0,-0.0016499087705221136,-0.003748477529788623,0.0007460636822960208
7352_liver_sham_Male_2-U1,tierA_p95,Hepatocytes,interferon_response,N3,90.0,95.0,-0.0016926101382084742,-0.003837789718791433,0.0009795821975473495
7352_liver_sham_Male_2-U1,tierA_p95,Hepatocytes,interferon_response,N3,95.0,100.0,-0.0016590606627670556,-0.002560750870517079,-0.0003740363624412498
7352_liver_sham_Male_2-U1,tierA_p95,Hepatocytes,oxidative_stress,N3,0.0,5.0,0.11799401184061756,0.1141715992515487,0.12204802766488498
7352_liver_sham_Male_2-U1,tierA_p95,Hepatocytes,oxidative_stress,N3,5.0,10.0,0.11810521207849721,0.11530703349408844,0.12125366349669575
7352_liver_sham_Male_2-U1,tierA_p95,Hepatocytes,oxidative_stress,N3,10.0,15.0,0.11807212061916614,0.11550140064848706,0.12108792838173507
7352_liver_sham_Male_2-U1,tierA_p95,Hepatocytes,oxidative_stress,N3,15.0,20.0,0.11808435994519431,0.11551134914899458,0.12101310596569698
7352_liver_sham_Male_2-U1,tierA_p95,Hepatocytes,oxidative_stress,N3,20.0,25.0,0.11810304696013177,0.11572495169644245,0.12096085713683159
7352_liver_sham_Male_2-U1,tierA_p95,Hepatocytes,oxidative_stress,N3,25.0,30.0,0.11806514701070175,0.11587885148531993,0.12096921048842339
7352_liver_sham_Male_2-U1,tierA_p95,Hepatocytes,oxidative_stress,N3,30.0,35.0,0.1180607505720022,0.11572371829088055,0.12093384477102531
7352_liver_sham_Male_2-U1,tierA_p95,Hepatocytes,oxidative_stress,N3,35.0,40.0,0.11807674745017688,0.11567439558010102,0.1209928200924618
7352_liver_sham_Male_2-U1,tierA_p95,Hepatocytes,oxidative_stress,N3,40.0,45.0,0.11804027205450122,0.11550630001018977,0.12103275753951434
7352_liver_sham_Male_2-U1,tierA_p95,Hepatocytes,oxidative_stress,N3,45.0,50.0,0.11799062554249122,0.11510774361797761,0.12109451605352277
7352_liver_sham_Male_2-U1,tierA_p95,Hepatocytes,oxidative_stress,N3,50.0,55.0,0.11797569381057789,0.11502855696048131,0.12098957163062529
7352_liver_sham_Male_2-U1,tierA_p95,Hepatocytes,oxidative_stress,N3,55.0,60.0,0.11799197999117252,0.11478566436308336,0.1212895364300499
7352_liver_sham_Male_2-U1,tierA_p95,Hepatocytes,oxidative_stress,N3,60.0,65.0,0.11794475532031659,0.11447859760038798,0.12133805532325764
7352_liver_sham_Male_2-U1,tierA_p95,Hepatocytes,oxidative_stress,N3,65.0,70.0,0.11798048779980148,0.11439936675568202,0.12143918376153558
7352_liver_sham_Male_2-U1,tierA_p95,Hepatocytes,oxidative_stress,N3,70.0,75.0,0.11799759231766567,0.11421213646305368,0.1218042810518301
7352_liver_sham_Male_2-U1,tierA_p95,Hepatocytes,oxidative_stress,N3,75.0,80.0,0.1179707565012719,0.11388095447137558,0.12206441000266421
7352_liver_sham_Male_2-U1,tierA_p95,Hepatocytes,oxidative_stress,N3,80.0,85.0,0.11791189768757182,0.11373046069044473,0.1223316933019973
7352_liver_sham_Male_2-U1,tierA_p95,Hepatocytes,oxidative_stress,N3,85.0,90.0,0.11800265658960447,0.1131593536675153,0.12272481535896493
7352_liver_sham_Male_2-U1,tierA_p95,Hepatocytes,oxidative_stress,N3,90.0,95.0,0.11803541257542317,0.11285158798554926,0.12313237719260038
7352_liver_sham_Male_2-U1,tierA_p95,Hepatocytes,oxidative_stress,N3,95.0,100.0,0.11780987535921185,0.11229213393680168,0.1231462201647555
7352_liver_sham_Male_2-U1,tierA_p95,Hepatocytes,secondary_senescence,N3,0.0,5.0,0.015371680472769086,0.01379511680442593,0.016995999822615755
7352_liver_sham_Male_2-U1,tierA_p95,Hepatocytes,secondary_senescence,N3,5.0,10.0,0.015368893819353576,0.014203001677106197,0.016622716464382084
7352_liver_sham_Male_2-U1,tierA_p95,Hepatocytes,secondary_senescence,N3,10.0,15.0,0.015362235817772942,0.014336255500508654,0.016615533076250705
7352_liver_sham_Male_2-U1,tierA_p95,Hepatocytes,secondary_senescence,N3,15.0,20.0,0.01535090725701734,0.014355899305800496,0.01659812137881816
7352_liver_sham_Male_2-U1,tierA_p95,Hepatocytes,secondary_senescence,N3,20.0,25.0,0.015357807059971458,0.014405657726711426,0.01663638315031205
7352_liver_sham_Male_2-U1,tierA_p95,Hepatocytes,secondary_senescence,N3,25.0,30.0,0.015351185135625063,0.014402347085792864,0.016627777401922374
7352_liver_sham_Male_2-U1,tierA_p95,Hepatocytes,secondary_senescence,N3,30.0,35.0,0.015352828145579629,0.014365479857591209,0.01661415334529849
7352_liver_sham_Male_2-U1,tierA_p95,Hepatocytes,secondary_senescence,N3,35.0,40.0,0.015349229680005474,0.014371667083013776,0.016649779480687927
7352_liver_sham_Male_2-U1,tierA_p95,Hepatocytes,secondary_senescence,N3,40.0,45.0,0.0153542410376594,0.014370318619831669,0.016644863578785463
7352_liver_sham_Male_2-U1,tierA_p95,Hepatocytes,secondary_senescence,N3,45.0,50.0,0.015364695332265664,0.014328027757651551,0.0166469421802127
7352_liver_sham_Male_2-U1,tierA_p95,Hepatocytes,secondary_senescence,N3,50.0,55.0,0.015386232712218138,0.014330443105840182,0.016665206246332158
7352_liver_sham_Male_2-U1,tierA_p95,Hepatocytes,secondary_senescence,N3,55.0,60.0,0.015370230786812593,0.01419811766091352,0.01670902024477602
7352_liver_sham_Male_2-U1,tierA_p95,Hepatocytes,secondary_senescence,N3,60.0,65.0,0.015382702510194626,0.014161073831477139,0.016754178380893704
7352_liver_sham_Male_2-U1,tierA_p95,Hepatocytes,secondary_senescence,N3,65.0,70.0,0.015367823289237293,0.01411760380465007,0.01678824880519022
7352_liver_sham_Male_2-U1,tierA_p95,Hepatocytes,secondary_senescence,N3,70.0,75.0,0.015383804268822486,0.013949333713660741,0.016869195671524905
7352_liver_sham_Male_2-U1,tierA_p95,Hepatocytes,secondary_senescence,N3,75.0,80.0,0.015385184288223918,0.013907897339642414,0.016874535692818864
7352_liver_sham_Male_2-U1,tierA_p95,Hepatocytes,secondary_senescence,N3,80.0,85.0,0.015421479131726108,0.013679833343485668,0.01706554640265997
7352_liver_sham_Male_2-U1,tierA_p95,Hepatocytes,secondary_senescence,N3,85.0,90.0,0.015378342089277105,0.013525459897582538,0.017105505107199364
7352_liver_sham_Male_2-U1,tierA_p95,Hepatocytes,secondary_senescence,N3,90.0,95.0,0.015450069304422099,0.013557380241139156,0.017233922849593505
7352_liver_sham_Male_2-U1,tierA_p95,Hepatocytes,secondary_senescence,N3,95.0,100.0,0.015323077094585911,0.011859638503979869,0.017122061752207422
7352_liver_sham_Male_2-U1,tierA_p95,Hepatocytes,tnfa_nfkb_proximal,N3,0.0,5.0,-0.015907082014405244,-0.017128949682714275,-0.014614126727839334
7352_liver_sham_Male_2-U1,tierA_p95,Hepatocytes,tnfa_nfkb_proximal,N3,5.0,10.0,-0.01591296401053643,-0.016830533519111995,-0.014826175242769864
7352_liver_sham_Male_2-U1,tierA_p95,Hepatocytes,tnfa_nfkb_proximal,N3,10.0,15.0,-0.015917236549354258,-0.016771615256790797,-0.015009497471766687
7352_liver_sham_Male_2-U1,tierA_p95,Hepatocytes,tnfa_nfkb_proximal,N3,15.0,20.0,-0.015933435953900593,-0.01671590298289198,-0.015086521177865379
7352_liver_sham_Male_2-U1,tierA_p95,Hepatocytes,tnfa_nfkb_proximal,N3,20.0,25.0,-0.01592023748990121,-0.016756435302896344,-0.015072141074686973
7352_liver_sham_Male_2-U1,tierA_p95,Hepatocytes,tnfa_nfkb_proximal,N3,25.0,30.0,-0.015938958330916783,-0.016679470122544705,-0.01502700230733383
7352_liver_sham_Male_2-U1,tierA_p95,Hepatocytes,tnfa_nfkb_proximal,N3,30.0,35.0,-0.015907069141818973,-0.016673176612059592,-0.015013753660263278
7352_liver_sham_Male_2-U1,tierA_p95,Hepatocytes,tnfa_nfkb_proximal,N3,35.0,40.0,-0.015929664380255865,-0.01678939123174512,-0.01509443169049091
7352_liver_sham_Male_2-U1,tierA_p95,Hepatocytes,tnfa_nfkb_proximal,N3,40.0,45.0,-0.015923198597982354,-0.016749994614610346,-0.015032470469271898
7352_liver_sham_Male_2-U1,tierA_p95,Hepatocytes,tnfa_nfkb_proximal,N3,45.0,50.0,-0.015898383361430346,-0.016747159281109824,-0.014926415102706526
7352_liver_sham_Male_2-U1,tierA_p95,Hepatocytes,tnfa_nfkb_proximal,N3,50.0,55.0,-0.015908149143633556,-0.016817826830923466,-0.014913575339999922
7352_liver_sham_Male_2-U1,tierA_p95,Hepatocytes,tnfa_nfkb_proximal,N3,55.0,60.0,-0.015902622706385216,-0.01684423434504426,-0.014783003500260794
7352_liver_sham_Male_2-U1,tierA_p95,Hepatocytes,tnfa_nfkb_proximal,N3,60.0,65.0,-0.015904198344186844,-0.01693870356594017,-0.014711115794880335
7352_liver_sham_Male_2-U1,tierA_p95,Hepatocytes,tnfa_nfkb_proximal,N3,65.0,70.0,-0.01590852014070313,-0.016955702501803758,-0.014723426599820124
7352_liver_sham_Male_2-U1,tierA_p95,Hepatocytes,tnfa_nfkb_proximal,N3,70.0,75.0,-0.015942038109769397,-0.017069169966622062,-0.014671759466946738
7352_liver_sham_Male_2-U1,tierA_p95,Hepatocytes,tnfa_nfkb_proximal,N3,75.0,80.0,-0.01587438269104861,-0.017145380344192045,-0.014536071020496784
7352_liver_sham_Male_2-U1,tierA_p95,Hepatocytes,tnfa_nfkb_proximal,N3,80.0,85.0,-0.01593089779834714,-0.01733434080822974,-0.014468431568214262
7352_liver_sham_Male_2-U1,tierA_p95,Hepatocytes,tnfa_nfkb_proximal,N3,85.0,90.0,-0.015904268908479013,-0.017338256739821832,-0.01437012275639614
7352_liver_sham_Male_2-U1,tierA_p95,Hepatocytes,tnfa_nfkb_proximal,N3,90.0,95.0,-0.015918318489012387,-0.01765802001177725,-0.014091118337393507
7352_liver_sham_Male_2-U1,tierA_p95,Hepatocytes,tnfa_nfkb_proximal,N3,95.0,100.0,-0.015838563035107885,-0.017535007823938107,-0.014391409704495482
7352_liver_sham_Male_2-U1,tierA_p95,Hepatocytes,downstream_arrest,N4,0.0,5.0,0.0038602474262065265,0.0029564957179009405,0.0047542729812690525
7352_liver_sham_Male_2-U1,tierA_p95,Hepatocytes,downstream_arrest,N4,5.0,10.0,0.0038400952960525522,0.003310799195603563,0.004410661409600426
7352_liver_sham_Male_2-U1,tierA_p95,Hepatocytes,downstream_arrest,N4,10.0,15.0,0.003835022699569514,0.003350190476794921,0.004264607517028178
7352_liver_sham_Male_2-U1,tierA_p95,Hepatocytes,downstream_arrest,N4,15.0,20.0,0.003844077986467583,0.003418615062238293,0.004289497970849075
7352_liver_sham_Male_2-U1,tierA_p95,Hepatocytes,downstream_arrest,N4,20.0,25.0,0.003813184392513011,0.003432390799606434,0.004188276793402801
7352_liver_sham_Male_2-U1,tierA_p95,Hepatocytes,downstream_arrest,N4,25.0,30.0,0.0038071206690523866,0.00344649113573008,0.004165372957412259
7352_liver_sham_Male_2-U1,tierA_p95,Hepatocytes,downstream_arrest,N4,30.0,35.0,0.0037984905455659694,0.0034417376903624073,0.0041499779120988435
7352_liver_sham_Male_2-U1,tierA_p95,Hepatocytes,downstream_arrest,N4,35.0,40.0,0.0037920532693596814,0.0033962517877819676,0.004169283261158268
7352_liver_sham_Male_2-U1,tierA_p95,Hepatocytes,downstream_arrest,N4,40.0,45.0,0.003798765089849569,0.0033883457535053077,0.004175773796265867
7352_liver_sham_Male_2-U1,tierA_p95,Hepatocytes,downstream_arrest,N4,45.0,50.0,0.003798943032643951,0.0033985855651600797,0.004213957958662966
7352_liver_sham_Male_2-U1,tierA_p95,Hepatocytes,downstream_arrest,N4,50.0,55.0,0.0038078381669845573,0.0032971920202176782,0.004286021812304764
7352_liver_sham_Male_2-U1,tierA_p95,Hepatocytes,downstream_arrest,N4,55.0,60.0,0.0038176668110598455,0.0032961089924994818,0.004317838143790919
7352_liver_sham_Male_2-U1,tierA_p95,Hepatocytes,downstream_arrest,N4,60.0,65.0,0.003829694128351524,0.0032164526012426215,0.004469008610663052
7352_liver_sham_Male_2-U1,tierA_p95,Hepatocytes,downstream_arrest,N4,65.0,70.0,0.0038778645003042125,0.0032305722363194685,0.0045191968449229975
7352_liver_sham_Male_2-U1,tierA_p95,Hepatocytes,downstream_arrest,N4,70.0,75.0,0.003912818870951333,0.003066681463625361,0.0047201315907158346
7352_liver_sham_Male_2-U1,tierA_p95,Hepatocytes,downstream_arrest,N4,75.0,80.0,0.004011775779089601,0.0030323668325798626,0.00486807188526218
7352_liver_sham_Male_2-U1,tierA_p95,Hepatocytes,downstream_arrest,N4,80.0,85.0,0.004037723606625578,0.0029312956140085575,0.005114726331575276
7352_liver_sham_Male_2-U1,tierA_p95,Hepatocytes,downstream_arrest,N4,85.0,90.0,0.004114545636554787,0.0028809194365388125,0.005416619244799469
7352_liver_sham_Male_2-U1,tierA_p95,Hepatocytes,downstream_arrest,N4,90.0,95.0,0.004141977002978496,0.0026513330638059133,0.005607986595483269
7352_liver_sham_Male_2-U1,tierA_p95,Hepatocytes,downstream_arrest,N4,95.0,100.0,0.004118346850896339,0.0035674602274263618,0.005042683590117211
7352_liver_sham_Male_2-U1,tierA_p95,Hepatocytes,emt_ecm,N4,0.0,5.0,0.0016055213716175357,0.0005341881633835022,0.0026356216725409434
7352_liver_sham_Male_2-U1,tierA_p95,Hepatocytes,emt_ecm,N4,5.0,10.0,0.001603029077373241,0.0008911220443699908,0.0022355097003825515
7352_liver_sham_Male_2-U1,tierA_p95,Hepatocytes,emt_ecm,N4,10.0,15.0,0.0016042857328614582,0.0009796093135046333,0.00219017106004833
7352_liver_sham_Male_2-U1,tierA_p95,Hepatocytes,emt_ecm,N4,15.0,20.0,0.001621250866977038,0.0010746364675462948,0.0021220284017067804
7352_liver_sham_Male_2-U1,tierA_p95,Hepatocytes,emt_ecm,N4,20.0,25.0,0.0016313801432196523,0.0011119743825405112,0.0021446045818002703
7352_liver_sham_Male_2-U1,tierA_p95,Hepatocytes,emt_ecm,N4,25.0,30.0,0.0016459919041608088,0.001121311368475812,0.002073476442138119
7352_liver_sham_Male_2-U1,tierA_p95,Hepatocytes,emt_ecm,N4,30.0,35.0,0.0016481319271569536,0.001159080843413815,0.0020954446433425742
7352_liver_sham_Male_2-U1,tierA_p95,Hepatocytes,emt_ecm,N4,35.0,40.0,0.001663766954517273,0.0011671205366794452,0.0021502308058055737
7352_liver_sham_Male_2-U1,tierA_p95,Hepatocytes,emt_ecm,N4,40.0,45.0,0.0016641703608843365,0.0011718836797274133,0.002175924331423238
7352_liver_sham_Male_2-U1,tierA_p95,Hepatocytes,emt_ecm,N4,45.0,50.0,0.0016677138538569083,0.0011376244204238202,0.0021948195193069145
7352_liver_sham_Male_2-U1,tierA_p95,Hepatocytes,emt_ecm,N4,50.0,55.0,0.0016779338142525022,0.0011106408411923896,0.002376250115805985
7352_liver_sham_Male_2-U1,tierA_p95,Hepatocytes,emt_ecm,N4,55.0,60.0,0.0016337389077590338,0.000988030949001043,0.002302408125750107
7352_liver_sham_Male_2-U1,tierA_p95,Hepatocytes,emt_ecm,N4,60.0,65.0,0.0016067287743406929,0.0009094522267488242,0.002299078425115288
7352_liver_sham_Male_2-U1,tierA_p95,Hepatocytes,emt_ecm,N4,65.0,70.0,0.0015468179010828828,0.0007454974576844091,0.0023211180212225693
7352_liver_sham_Male_2-U1,tierA_p95,Hepatocytes,emt_ecm,N4,70.0,75.0,0.0014638464315743982,0.0005709931826584222,0.002418965365427913
7352_liver_sham_Male_2-U1,tierA_p95,Hepatocytes,emt_ecm,N4,75.0,80.0,0.0012940298751454716,0.00018217885525531743,0.0024072851020568
7352_liver_sham_Male_2-U1,tierA_p95,Hepatocytes,emt_ecm,N4,80.0,85.0,0.0012153759566532717,-3.145136772509182e-05,0.0024869251759607066
7352_liver_sham_Male_2-U1,tierA_p95,Hepatocytes,emt_ecm,N4,85.0,90.0,0.0009643640922730233,-0.0005674426280149761,0.0024628052482689147
7352_liver_sham_Male_2-U1,tierA_p95,Hepatocytes,emt_ecm,N4,90.0,95.0,0.0008287850944123203,-0.0006597446976309299,0.0023678162335968645
7352_liver_sham_Male_2-U1,tierA_p95,Hepatocytes,emt_ecm,N4,95.0,100.0,0.00020552181861511115,-0.0012814240529407995,0.001929713020853392
7352_liver_sham_Male_2-U1,tierA_p95,Hepatocytes,il6_jak_stat3,N4,0.0,5.0,-0.030685539880527635,-0.031930434547226126,-0.02939386188793279
7352_liver_sham_Male_2-U1,tierA_p95,Hepatocytes,il6_jak_stat3,N4,5.0,10.0,-0.030691384849749922,-0.031513520977066625,-0.02980271498466245
7352_liver_sham_Male_2-U1,tierA_p95,Hepatocytes,il6_jak_stat3,N4,10.0,15.0,-0.030698490927143066,-0.03135779049461956,-0.030023522440941895
7352_liver_sham_Male_2-U1,tierA_p95,Hepatocytes,il6_jak_stat3,N4,15.0,20.0,-0.030709723927631986,-0.031304992285915254,-0.030127473623852496
7352_liver_sham_Male_2-U1,tierA_p95,Hepatocytes,il6_jak_stat3,N4,20.0,25.0,-0.030695830055810547,-0.031217622246094336,-0.03016644816761513
7352_liver_sham_Male_2-U1,tierA_p95,Hepatocytes,il6_jak_stat3,N4,25.0,30.0,-0.030708062044966154,-0.031237732351448815,-0.030221363379318068
7352_liver_sham_Male_2-U1,tierA_p95,Hepatocytes,il6_jak_stat3,N4,30.0,35.0,-0.03072965086656755,-0.031243661690410023,-0.030204375307291854
7352_liver_sham_Male_2-U1,tierA_p95,Hepatocytes,il6_jak_stat3,N4,35.0,40.0,-0.03072748528029151,-0.03126556437002084,-0.030204628881067046
7352_liver_sham_Male_2-U1,tierA_p95,Hepatocytes,il6_jak_stat3,N4,40.0,45.0,-0.03073729490237905,-0.03130783730372795,-0.030180738653724275
7352_liver_sham_Male_2-U1,tierA_p95,Hepatocytes,il6_jak_stat3,N4,45.0,50.0,-0.03074053687521818,-0.031330276336450004,-0.030130902125087646
7352_liver_sham_Male_2-U1,tierA_p95,Hepatocytes,il6_jak_stat3,N4,50.0,55.0,-0.030740879388670685,-0.03145053396305958,-0.030003111263204565
7352_liver_sham_Male_2-U1,tierA_p95,Hepatocytes,il6_jak_stat3,N4,55.0,60.0,-0.03074337518125408,-0.03147000476079048,-0.029947339376521588
7352_liver_sham_Male_2-U1,tierA_p95,Hepatocytes,il6_jak_stat3,N4,60.0,65.0,-0.03072135070643529,-0.0316080371292149,-0.0298147685833466
7352_liver_sham_Male_2-U1,tierA_p95,Hepatocytes,il6_jak_stat3,N4,65.0,70.0,-0.03070442546823508,-0.03172900004180378,-0.029617470081508303
7352_liver_sham_Male_2-U1,tierA_p95,Hepatocytes,il6_jak_stat3,N4,70.0,75.0,-0.030816876569300645,-0.0319520484284258,-0.02962709755778874
7352_liver_sham_Male_2-U1,tierA_p95,Hepatocytes,il6_jak_stat3,N4,75.0,80.0,-0.030741459213328406,-0.032044638697359774,-0.02934783550231674
7352_liver_sham_Male_2-U1,tierA_p95,Hepatocytes,il6_jak_stat3,N4,80.0,85.0,-0.030684390374357235,-0.03226968363914716,-0.029039283961445037
7352_liver_sham_Male_2-U1,tierA_p95,Hepatocytes,il6_jak_stat3,N4,85.0,90.0,-0.03072076832547185,-0.03248167188756931,-0.028835771240259152
7352_liver_sham_Male_2-U1,tierA_p95,Hepatocytes,il6_jak_stat3,N4,90.0,95.0,-0.0306146652985667,-0.03269788157840614,-0.028322397457802892
7352_liver_sham_Male_2-U1,tierA_p95,Hepatocytes,il6_jak_stat3,N4,95.0,100.0,-0.02970219657960144,-0.030249386593345695,-0.029341703928779345
7352_liver_sham_Male_2-U1,tierA_p95,Hepatocytes,interferon_response,N4,0.0,5.0,-0.001751580228051603,-0.0030435440691067447,-0.00037313935381720354
7352_liver_sham_Male_2-U1,tierA_p95,Hepatocytes,interferon_response,N4,5.0,10.0,-0.0017723714178813038,-0.0026052822802701443,-0.0007653864989113313
7352_liver_sham_Male_2-U1,tierA_p95,Hepatocytes,interferon_response,N4,10.0,15.0,-0.0017559566212091418,-0.0024480391661577364,-0.0010110849133806179
7352_liver_sham_Male_2-U1,tierA_p95,Hepatocytes,interferon_response,N4,15.0,20.0,-0.0017679834118635566,-0.0023481972017660785,-0.0011727171853301882
7352_liver_sham_Male_2-U1,tierA_p95,Hepatocytes,interferon_response,N4,20.0,25.0,-0.0017791974295340875,-0.0023460128739394874,-0.0011814562467294613
7352_liver_sham_Male_2-U1,tierA_p95,Hepatocytes,interferon_response,N4,25.0,30.0,-0.0018070032873148572,-0.0023137296476402093,-0.0012833294659336553
7352_liver_sham_Male_2-U1,tierA_p95,Hepatocytes,interferon_response,N4,30.0,35.0,-0.001841365093603641,-0.002346859491865078,-0.0013560518412197783
7352_liver_sham_Male_2-U1,tierA_p95,Hepatocytes,interferon_response,N4,35.0,40.0,-0.0018437811021249915,-0.002360532661236085,-0.001292993998527667
7352_liver_sham_Male_2-U1,tierA_p95,Hepatocytes,interferon_response,N4,40.0,45.0,-0.0018170824307831598,-0.002407120782892253,-0.0012499173915795497
7352_liver_sham_Male_2-U1,tierA_p95,Hepatocytes,interferon_response,N4,45.0,50.0,-0.001835976363917823,-0.002461624706967603,-0.0012271644144295783
7352_liver_sham_Male_2-U1,tierA_p95,Hepatocytes,interferon_response,N4,50.0,55.0,-0.0018130382180543644,-0.0025386242109954912,-0.001075609059850557
7352_liver_sham_Male_2-U1,tierA_p95,Hepatocytes,interferon_response,N4,55.0,60.0,-0.0018204314749170319,-0.002669195569715491,-0.0010297742875040332
7352_liver_sham_Male_2-U1,tierA_p95,Hepatocytes,interferon_response,N4,60.0,65.0,-0.0017797864160915462,-0.0027305975326391814,-0.000802874393690273
7352_liver_sham_Male_2-U1,tierA_p95,Hepatocytes,interferon_response,N4,65.0,70.0,-0.0017621632795281237,-0.0027681914348088458,-0.0006531608109190857
7352_liver_sham_Male_2-U1,tierA_p95,Hepatocytes,interferon_response,N4,70.0,75.0,-0.001802934462566612,-0.0029841979841653734,-0.0005568941715805605
7352_liver_sham_Male_2-U1,tierA_p95,Hepatocytes,interferon_response,N4,75.0,80.0,-0.0018071145973746758,-0.003271318047304192,-0.0002154340073902349
7352_liver_sham_Male_2-U1,tierA_p95,Hepatocytes,interferon_response,N4,80.0,85.0,-0.0016676703547645402,-0.0034625560489296107,0.00018451297814568
7352_liver_sham_Male_2-U1,tierA_p95,Hepatocytes,interferon_response,N4,85.0,90.0,-0.0016613839069050686,-0.0034979162885788837,0.0004759472719435027
7352_liver_sham_Male_2-U1,tierA_p95,Hepatocytes,interferon_response,N4,90.0,95.0,-0.0015720961698908412,-0.003632003684710375,0.0007616462696139116
7352_liver_sham_Male_2-U1,tierA_p95,Hepatocytes,interferon_response,N4,95.0,100.0,-0.0010527728498664949,-0.0018339452778029005,-0.00020908042240393976
7352_liver_sham_Male_2-U1,tierA_p95,Hepatocytes,oxidative_stress,N4,0.0,5.0,0.1185408102405421,0.11541595826808602,0.12163100149452727
7352_liver_sham_Male_2-U1,tierA_p95,Hepatocytes,oxidative_stress,N4,5.0,10.0,0.11853755873132107,0.11633623307112508,0.12059835219863181
7352_liver_sham_Male_2-U1,tierA_p95,Hepatocytes,oxidative_stress,N4,10.0,15.0,0.11859152227742754,0.11665313447757432,0.12036419881945862
7352_liver_sham_Male_2-U1,tierA_p95,Hepatocytes,oxidative_stress,N4,15.0,20.0,0.11858367701287208,0.11677382575883845,0.12020494893032836
7352_liver_sham_Male_2-U1,tierA_p95,Hepatocytes,oxidative_stress,N4,20.0,25.0,0.11855400560621399,0.116815294445046,0.12006781018439974
7352_liver_sham_Male_2-U1,tierA_p95,Hepatocytes,oxidative_stress,N4,25.0,30.0,0.11856608315327523,0.11699878326782993,0.11999250639654294
7352_liver_sham_Male_2-U1,tierA_p95,Hepatocytes,oxidative_stress,N4,30.0,35.0,0.11848492473060727,0.11712733854166002,0.12009956607803152
7352_liver_sham_Male_2-U1,tierA_p95,Hepatocytes,oxidative_stress,N4,35.0,40.0,0.1185385371741955,0.11713243819815138,0.12003473428251187
7352_liver_sham_Male_2-U1,tierA_p95,Hepatocytes,oxidative_stress,N4,40.0,45.0,0.11855200822471701,0.11721515770378353,0.12000665809179675
7352_liver_sham_Male_2-U1,tierA_p95,Hepatocytes,oxidative_stress,N4,45.0,50.0,0.11848910034015568,0.11703720220510835,0.12008911825420286
7352_liver_sham_Male_2-U1,tierA_p95,Hepatocytes,oxidative_stress,N4,50.0,55.0,0.11850165734848994,0.11674266814778171,0.1201161335676466
7352_liver_sham_Male_2-U1,tierA_p95,Hepatocytes,oxidative_stress,N4,55.0,60.0,0.11848743714794464,0.11661470960022978,0.12035144610971533
7352_liver_sham_Male_2-U1,tierA_p95,Hepatocytes,oxidative_stress,N4,60.0,65.0,0.11851083831316776,0.11647016411745278,0.12058712117741392
7352_liver_sham_Male_2-U1,tierA_p95,Hepatocytes,oxidative_stress,N4,65.0,70.0,0.11855321489209754,0.11601662118535108,0.12089484962263501
7352_liver_sham_Male_2-U1,tierA_p95,Hepatocytes,oxidative_stress,N4,70.0,75.0,0.11869179090576337,0.11600210707216842,0.12140495019476362
7352_liver_sham_Male_2-U1,tierA_p95,Hepatocytes,oxidative_stress,N4,75.0,80.0,0.11872162997853561,0.11528121280846969,0.12217772936523129
7352_liver_sham_Male_2-U1,tierA_p95,Hepatocytes,oxidative_stress,N4,80.0,85.0,0.11861388173061382,0.11421178538326669,0.12261067050216486
7352_liver_sham_Male_2-U1,tierA_p95,Hepatocytes,oxidative_stress,N4,85.0,90.0,0.11857739948153093,0.11388612186925601,0.12320347234602994
7352_liver_sham_Male_2-U1,tierA_p95,Hepatocytes,oxidative_stress,N4,90.0,95.0,0.11867091082728018,0.11271768426183151,0.1241440301055559
7352_liver_sham_Male_2-U1,tierA_p95,Hepatocytes,oxidative_stress,N4,95.0,100.0,0.11590157353502795,0.11350940968700601,0.11926978233521612
7352_liver_sham_Male_2-U1,tierA_p95,Hepatocytes,secondary_senescence,N4,0.0,5.0,0.015724416012780563,0.014635223897624353,0.016836334653662115
7352_liver_sham_Male_2-U1,tierA_p95,Hepatocytes,secondary_senescence,N4,5.0,10.0,0.01571322665526596,0.014947984401208045,0.016456184100169673
7352_liver_sham_Male_2-U1,tierA_p95,Hepatocytes,secondary_senescence,N4,10.0,15.0,0.015737735035510327,0.015039547850160435,0.016382479267291104
7352_liver_sham_Male_2-U1,tierA_p95,Hepatocytes,secondary_senescence,N4,15.0,20.0,0.015726672857361974,0.015135403979326308,0.016287059995720273
7352_liver_sham_Male_2-U1,tierA_p95,Hepatocytes,secondary_senescence,N4,20.0,25.0,0.0157682207381217,0.015176897373448163,0.01632392694499474
7352_liver_sham_Male_2-U1,tierA_p95,Hepatocytes,secondary_senescence,N4,25.0,30.0,0.015780348347335518,0.015201481069536385,0.016314181241427306
7352_liver_sham_Male_2-U1,tierA_p95,Hepatocytes,secondary_senescence,N4,30.0,35.0,0.015788580126456165,0.015237081218930793,0.016368849469737896
7352_liver_sham_Male_2-U1,tierA_p95,Hepatocytes,secondary_senescence,N4,35.0,40.0,0.01580624261651427,0.015209993247479882,0.016449052762874932
7352_liver_sham_Male_2-U1,tierA_p95,Hepatocytes,secondary_senescence,N4,40.0,45.0,0.01580297442120685,0.015212278531411803,0.01644840956721624
7352_liver_sham_Male_2-U1,tierA_p95,Hepatocytes,secondary_senescence,N4,45.0,50.0,0.015783616630217316,0.015183035489839155,0.016486646243912096
7352_liver_sham_Male_2-U1,tierA_p95,Hepatocytes,secondary_senescence,N4,50.0,55.0,0.015786262449346757,0.01517047484427302,0.016483364570304745
7352_liver_sham_Male_2-U1,tierA_p95,Hepatocytes,secondary_senescence,N4,55.0,60.0,0.01572555752831788,0.015002200700165858,0.016487723112310747
7352_liver_sham_Male_2-U1,tierA_p95,Hepatocytes,secondary_senescence,N4,60.0,65.0,0.015680486382927676,0.014897607237742817,0.01647811555265329
7352_liver_sham_Male_2-U1,tierA_p95,Hepatocytes,secondary_senescence,N4,65.0,70.0,0.015603326293924304,0.01475158471777246,0.016483815341778583
7352_liver_sham_Male_2-U1,tierA_p95,Hepatocytes,secondary_senescence,N4,70.0,75.0,0.015513703002227094,0.014501284269434261,0.016577042374224363
7352_liver_sham_Male_2-U1,tierA_p95,Hepatocytes,secondary_senescence,N4,75.0,80.0,0.015349363463967843,0.01413978271664628,0.016564301762170094
7352_liver_sham_Male_2-U1,tierA_p95,Hepatocytes,secondary_senescence,N4,80.0,85.0,0.0151808681744634,0.013731895344564647,0.016517712771165868
7352_liver_sham_Male_2-U1,tierA_p95,Hepatocytes,secondary_senescence,N4,85.0,90.0,0.014877822434001518,0.013265532612314902,0.01647263515915964
7352_liver_sham_Male_2-U1,tierA_p95,Hepatocytes,secondary_senescence,N4,90.0,95.0,0.014655796171310024,0.012824502014841678,0.01645073499512714
7352_liver_sham_Male_2-U1,tierA_p95,Hepatocytes,secondary_senescence,N4,95.0,100.0,0.01382560533886558,0.01254077270473513,0.015747836709116593
7352_liver_sham_Male_2-U1,tierA_p95,Hepatocytes,tnfa_nfkb_proximal,N4,0.0,5.0,-0.016043008177635727,-0.017086721187923516,-0.014864739729594262
7352_liver_sham_Male_2-U1,tierA_p95,Hepatocytes,tnfa_nfkb_proximal,N4,5.0,10.0,-0.01603280433690321,-0.01666153748980558,-0.015355385811257082
7352_liver_sham_Male_2-U1,tierA_p95,Hepatocytes,tnfa_nfkb_proximal,N4,10.0,15.0,-0.016048382902790103,-0.01657448498194379,-0.015520165574323251
7352_liver_sham_Male_2-U1,tierA_p95,Hepatocytes,tnfa_nfkb_proximal,N4,15.0,20.0,-0.016065759771263545,-0.016556507655930884,-0.01555216180859906
7352_liver_sham_Male_2-U1,tierA_p95,Hepatocytes,tnfa_nfkb_proximal,N4,20.0,25.0,-0.016063831441990924,-0.016517435097157553,-0.01563889394567711
7352_liver_sham_Male_2-U1,tierA_p95,Hepatocytes,tnfa_nfkb_proximal,N4,25.0,30.0,-0.016066794809071347,-0.016501918211521017,-0.01563070146203539
7352_liver_sham_Male_2-U1,tierA_p95,Hepatocytes,tnfa_nfkb_proximal,N4,30.0,35.0,-0.0160746955952359,-0.016483819420029314,-0.01562280069505979
7352_liver_sham_Male_2-U1,tierA_p95,Hepatocytes,tnfa_nfkb_proximal,N4,35.0,40.0,-0.01605080811516132,-0.0164694648222393,-0.015631046861889895
7352_liver_sham_Male_2-U1,tierA_p95,Hepatocytes,tnfa_nfkb_proximal,N4,40.0,45.0,-0.016070119429474936,-0.016521681954804072,-0.015605080135797058
7352_liver_sham_Male_2-U1,tierA_p95,Hepatocytes,tnfa_nfkb_proximal,N4,45.0,50.0,-0.016072719381292712,-0.01655871891565081,-0.015570076001142137
7352_liver_sham_Male_2-U1,tierA_p95,Hepatocytes,tnfa_nfkb_proximal,N4,50.0,55.0,-0.016054465030109762,-0.016594181051753247,-0.01553902454042787
7352_liver_sham_Male_2-U1,tierA_p95,Hepatocytes,tnfa_nfkb_proximal,N4,55.0,60.0,-0.016079894783324673,-0.01668516584342285,-0.015429197299068487
7352_liver_sham_Male_2-U1,tierA_p95,Hepatocytes,tnfa_nfkb_proximal,N4,60.0,65.0,-0.016039995231654322,-0.016733583630295982,-0.015358774648397461
7352_liver_sham_Male_2-U1,tierA_p95,Hepatocytes,tnfa_nfkb_proximal,N4,65.0,70.0,-0.016038862460293707,-0.01673440719929985,-0.015276955118824424
7352_liver_sham_Male_2-U1,tierA_p95,Hepatocytes,tnfa_nfkb_proximal,N4,70.0,75.0,-0.016106164109726682,-0.0169702288246881,-0.015162948758159347
7352_liver_sham_Male_2-U1,tierA_p95,Hepatocytes,tnfa_nfkb_proximal,N4,75.0,80.0,-0.01604956193918531,-0.017129608637986078,-0.014958810185260508
7352_liver_sham_Male_2-U1,tierA_p95,Hepatocytes,tnfa_nfkb_proximal,N4,80.0,85.0,-0.016045407254033354,-0.017315111882455294,-0.01473594057740518
7352_liver_sham_Male_2-U1,tierA_p95,Hepatocytes,tnfa_nfkb_proximal,N4,85.0,90.0,-0.016067663814178408,-0.017495686180476762,-0.014649978795828083
7352_liver_sham_Male_2-U1,tierA_p95,Hepatocytes,tnfa_nfkb_proximal,N4,90.0,95.0,-0.01598954925102055,-0.01764134384134896,-0.0142476507458581
7352_liver_sham_Male_2-U1,tierA_p95,Hepatocytes,tnfa_nfkb_proximal,N4,95.0,100.0,-0.015317499845660023,-0.016404149505579457,-0.014268287720155627
7435_liver_sham_Male_10-U1,tierA_p95,Hepatocytes,downstream_arrest,N1,0.0,5.0,0.010854790667922299,0.010433126989180622,0.01128925112679739
7435_liver_sham_Male_10-U1,tierA_p95,Hepatocytes,downstream_arrest,N1,5.0,10.0,0.009962167214211582,0.008910381012520799,0.011089757792826001
7435_liver_sham_Male_10-U1,tierA_p95,Hepatocytes,downstream_arrest,N1,10.0,15.0,0.010774844111907649,0.010357497149574684,0.011196184703882417
7435_liver_sham_Male_10-U1,tierA_p95,Hepatocytes,downstream_arrest,N1,15.0,20.0,0.011024848060953987,0.010734824560603597,0.011339641462311974
7435_liver_sham_Male_10-U1,tierA_p95,Hepatocytes,downstream_arrest,N1,20.0,25.0,0.01097372316776697,0.0106964425240174,0.01127901702721528
7435_liver_sham_Male_10-U1,tierA_p95,Hepatocytes,downstream_arrest,N1,25.0,30.0,0.01095651344410106,0.01065426788819554,0.011266545593530918
7435_liver_sham_Male_10-U1,tierA_p95,Hepatocytes,downstream_arrest,N1,30.0,35.0,0.010977655994349191,0.010659485149124555,0.011281200879599664
7435_liver_sham_Male_10-U1,tierA_p95,Hepatocytes,downstream_arrest,N1,35.0,40.0,0.010919294037698207,0.010605663028031313,0.011214627724523073
7435_liver_sham_Male_10-U1,tierA_p95,Hepatocytes,downstream_arrest,N1,40.0,45.0,0.010861319859161021,0.010526101298953094,0.011176045647344885
7435_liver_sham_Male_10-U1,tierA_p95,Hepatocytes,downstream_arrest,N1,45.0,50.0,0.010845357065023344,0.010479474224765063,0.011193899172936988
7435_liver_sham_Male_10-U1,tierA_p95,Hepatocytes,downstream_arrest,N1,50.0,55.0,0.01082039918874069,0.01045312923375802,0.011221190243566262
7435_liver_sham_Male_10-U1,tierA_p95,Hepatocytes,downstream_arrest,N1,55.0,60.0,0.01071925457175549,0.010276552077040499,0.011133777700078028
7435_liver_sham_Male_10-U1,tierA_p95,Hepatocytes,downstream_arrest,N1,60.0,65.0,0.010705465813516618,0.010230993228058,0.011228476691011523
7435_liver_sham_Male_10-U1,tierA_p95,Hepatocytes,downstream_arrest,N1,65.0,70.0,0.010667315476086665,0.010066274220029592,0.011222834577375763
7435_liver_sham_Male_10-U1,tierA_p95,Hepatocytes,downstream_arrest,N1,70.0,75.0,0.010595057730727686,0.009908065193355565,0.01124105887921019
7435_liver_sham_Male_10-U1,tierA_p95,Hepatocytes,downstream_arrest,N1,75.0,80.0,0.010506301234854515,0.009667696780240638,0.01128327362959696
7435_liver_sham_Male_10-U1,tierA_p95,Hepatocytes,downstream_arrest,N1,80.0,85.0,0.010463031916698735,0.009509410948590235,0.011431861338519533
7435_liver_sham_Male_10-U1,tierA_p95,Hepatocytes,downstream_arrest,N1,85.0,90.0,0.010399987669016586,0.009148684022569967,0.01157778954947113
7435_liver_sham_Male_10-U1,tierA_p95,Hepatocytes,downstream_arrest,N1,90.0,95.0,0.010278257185157338,0.00884885612063313,0.011686197918310551
7435_liver_sham_Male_10-U1,tierA_p95,Hepatocytes,downstream_arrest,N1,95.0,100.0,0.01031195875277348,0.009095079037967347,0.01161228538679906
7435_liver_sham_Male_10-U1,tierA_p95,Hepatocytes,emt_ecm,N1,0.0,5.0,-0.0020535551598171845,-0.0024883012834725727,-0.0016191305287266546
7435_liver_sham_Male_10-U1,tierA_p95,Hepatocytes,emt_ecm,N1,5.0,10.0,-0.001279994520254962,-0.002419583123141768,-0.00011771393809524256
7435_liver_sham_Male_10-U1,tierA_p95,Hepatocytes,emt_ecm,N1,10.0,15.0,-0.0019004660523971718,-0.0023560424793064613,-0.0014573110646020355
7435_liver_sham_Male_10-U1,tierA_p95,Hepatocytes,emt_ecm,N1,15.0,20.0,-0.0022260382736876386,-0.0025500160586748514,-0.0018917187920871072
7435_liver_sham_Male_10-U1,tierA_p95,Hepatocytes,emt_ecm,N1,20.0,25.0,-0.0021435662667253067,-0.0024787214198659334,-0.0018520116019696226
7435_liver_sham_Male_10-U1,tierA_p95,Hepatocytes,emt_ecm,N1,25.0,30.0,-0.0021454823282290075,-0.0024626589963166624,-0.0018141808849849567
7435_liver_sham_Male_10-U1,tierA_p95,Hepatocytes,emt_ecm,N1,30.0,35.0,-0.0021042474831298704,-0.002439788001795336,-0.001798318445030813
7435_liver_sham_Male_10-U1,tierA_p95,Hepatocytes,emt_ecm,N1,35.0,40.0,-0.0020929245792431182,-0.0023954074884549614,-0.0017775600997668995
7435_liver_sham_Male_10-U1,tierA_p95,Hepatocytes,emt_ecm,N1,40.0,45.0,-0.0020324782669454973,-0.0023555775601691916,-0.0016801636009126481
7435_liver_sham_Male_10-U1,tierA_p95,Hepatocytes,emt_ecm,N1,45.0,50.0,-0.002012525781253425,-0.0023716939340354317,-0.001648184065836575
7435_liver_sham_Male_10-U1,tierA_p95,Hepatocytes,emt_ecm,N1,50.0,55.0,-0.0019987446540442344,-0.0024064520362973517,-0.0015951653485248491
7435_liver_sham_Male_10-U1,tierA_p95,Hepatocytes,emt_ecm,N1,55.0,60.0,-0.00193942501120909,-0.002372857533238967,-0.0014985688653468391
7435_liver_sham_Male_10-U1,tierA_p95,Hepatocytes,emt_ecm,N1,60.0,65.0,-0.0019081736328854224,-0.002432004052032294,-0.0013938458914519484
7435_liver_sham_Male_10-U1,tierA_p95,Hepatocytes,emt_ecm,N1,65.0,70.0,-0.0019055765094884581,-0.0024903307610084253,-0.0012809213814448652
7435_liver_sham_Male_10-U1,tierA_p95,Hepatocytes,emt_ecm,N1,70.0,75.0,-0.00185404243836315,-0.0025933445855298217,-0.0011108462269246553
7435_liver_sham_Male_10-U1,tierA_p95,Hepatocytes,emt_ecm,N1,75.0,80.0,-0.0018447219039006372,-0.002683512827582391,-0.0010240134745540324
7435_liver_sham_Male_10-U1,tierA_p95,Hepatocytes,emt_ecm,N1,80.0,85.0,-0.0019213486989007715,-0.0029279645541566294,-0.0008977942030126746
7435_liver_sham_Male_10-U1,tierA_p95,Hepatocytes,emt_ecm,N1,85.0,90.0,-0.0018495250890119702,-0.003137292207130314,-0.0006364511404462194
7435_liver_sham_Male_10-U1,tierA_p95,Hepatocytes,emt_ecm,N1,90.0,95.0,-0.0019454180740924364,-0.0034507438403399036,-0.0003872461629544312
7435_liver_sham_Male_10-U1,tierA_p95,Hepatocytes,emt_ecm,N1,95.0,100.0,-0.00208856184178743,-0.0036761531971121254,-0.0006570371477560481
7435_liver_sham_Male_10-U1,tierA_p95,Hepatocytes,il6_jak_stat3,N1,0.0,5.0,-0.04010437453534383,-0.040679408784102124,-0.03955146522958868
7435_liver_sham_Male_10-U1,tierA_p95,Hepatocytes,il6_jak_stat3,N1,5.0,10.0,-0.03712200875786426,-0.038538807475897205,-0.035671293764791924
7435_liver_sham_Male_10-U1,tierA_p95,Hepatocytes,il6_jak_stat3,N1,10.0,15.0,-0.039343485588648384,-0.0398464023445046,-0.03883782927324654
7435_liver_sham_Male_10-U1,tierA_p95,Hepatocytes,il6_jak_stat3,N1,15.0,20.0,-0.040227400346296335,-0.040597446110413056,-0.03984816187063863
7435_liver_sham_Male_10-U1,tierA_p95,Hepatocytes,il6_jak_stat3,N1,20.0,25.0,-0.040271414766800503,-0.04064261342376593,-0.03990974538689412
7435_liver_sham_Male_10-U1,tierA_p95,Hepatocytes,il6_jak_stat3,N1,25.0,30.0,-0.04010872388779773,-0.040494560364852064,-0.039764695957021604
7435_liver_sham_Male_10-U1,tierA_p95,Hepatocytes,il6_jak_stat3,N1,30.0,35.0,-0.040191453652711866,-0.0405712649520253,-0.039767389124422105
7435_liver_sham_Male_10-U1,tierA_p95,Hepatocytes,il6_jak_stat3,N1,35.0,40.0,-0.0402403634936818,-0.040643201162627776,-0.03982717812309291
7435_liver_sham_Male_10-U1,tierA_p95,Hepatocytes,il6_jak_stat3,N1,40.0,45.0,-0.040183626174831864,-0.04058780674583973,-0.039793282233560934
7435_liver_sham_Male_10-U1,tierA_p95,Hepatocytes,il6_jak_stat3,N1,45.0,50.0,-0.04023466146896247,-0.04068834010226163,-0.03979407696678501
7435_liver_sham_Male_10-U1,tierA_p95,Hepatocytes,il6_jak_stat3,N1,50.0,55.0,-0.040183643363038514,-0.04064830351690761,-0.0396806699047559
7435_liver_sham_Male_10-U1,tierA_p95,Hepatocytes,il6_jak_stat3,N1,55.0,60.0,-0.040177464451854064,-0.04071242702558715,-0.03961345400665507
7435_liver_sham_Male_10-U1,tierA_p95,Hepatocytes,il6_jak_stat3,N1,60.0,65.0,-0.040175556000046866,-0.04076202307122297,-0.03958266116388654
7435_liver_sham_Male_10-U1,tierA_p95,Hepatocytes,il6_jak_stat3,N1,65.0,70.0,-0.04009203990755927,-0.04084713719666964,-0.03937924437493644
7435_liver_sham_Male_10-U1,tierA_p95,Hepatocytes,il6_jak_stat3,N1,70.0,75.0,-0.04006505766034461,-0.04091434084294327,-0.039306906311337715
7435_liver_sham_Male_10-U1,tierA_p95,Hepatocytes,il6_jak_stat3,N1,75.0,80.0,-0.04003366272188605,-0.04105176890662228,-0.039018983288226686
7435_liver_sham_Male_10-U1,tierA_p95,Hepatocytes,il6_jak_stat3,N1,80.0,85.0,-0.03989679794376343,-0.041073518029379405,-0.038758403818519915
7435_liver_sham_Male_10-U1,tierA_p95,Hepatocytes,il6_jak_stat3,N1,85.0,90.0,-0.039845373347182134,-0.041308861452163476,-0.038356972713611485
7435_liver_sham_Male_10-U1,tierA_p95,Hepatocytes,il6_jak_stat3,N1,90.0,95.0,-0.03971003481287521,-0.0414353446150641,-0.03797715038130077
7435_liver_sham_Male_10-U1,tierA_p95,Hepatocytes,il6_jak_stat3,N1,95.0,100.0,-0.038934048213429134,-0.04029475138856573,-0.03737185353408623
7435_liver_sham_Male_10-U1,tierA_p95,Hepatocytes,interferon_response,N1,0.0,5.0,-0.008468507421849372,-0.008999377624658557,-0.007964781728851162
7435_liver_sham_Male_10-U1,tierA_p95,Hepatocytes,interferon_response,N1,5.0,10.0,-0.006208277852110758,-0.007505598774364095,-0.004772331194054798
7435_liver_sham_Male_10-U1,tierA_p95,Hepatocytes,interferon_response,N1,10.0,15.0,-0.007624325829850752,-0.008165321240789501,-0.007106689324329806
7435_liver_sham_Male_10-U1,tierA_p95,Hepatocytes,interferon_response,N1,15.0,20.0,-0.008439561361191944,-0.008818955258017328,-0.008049729614699951
7435_liver_sham_Male_10-U1,tierA_p95,Hepatocytes,interferon_response,N1,20.0,25.0,-0.008555772726671237,-0.00891039481010819,-0.008171770995363906
7435_liver_sham_Male_10-U1,tierA_p95,Hepatocytes,interferon_response,N1,25.0,30.0,-0.008420213239526589,-0.008788814464078375,-0.00807480355897395
7435_liver_sham_Male_10-U1,tierA_p95,Hepatocytes,interferon_response,N1,30.0,35.0,-0.008417060261552992,-0.008778156991972841,-0.008054708360788549
7435_liver_sham_Male_10-U1,tierA_p95,Hepatocytes,interferon_response,N1,35.0,40.0,-0.008485939334955887,-0.008839802090882407,-0.008118977724831068
7435_liver_sham_Male_10-U1,tierA_p95,Hepatocytes,interferon_response,N1,40.0,45.0,-0.008535927150136242,-0.008931593002134277,-0.008163017144992884
7435_liver_sham_Male_10-U1,tierA_p95,Hepatocytes,interferon_response,N1,45.0,50.0,-0.008630767358291755,-0.009078478255548429,-0.00821137942764656
7435_liver_sham_Male_10-U1,tierA_p95,Hepatocytes,interferon_response,N1,50.0,55.0,-0.008606592855426176,-0.00905748443341853,-0.008148181538239438
7435_liver_sham_Male_10-U1,tierA_p95,Hepatocytes,interferon_response,N1,55.0,60.0,-0.008687194979333674,-0.009214666725436837,-0.00813527248180293
7435_liver_sham_Male_10-U1,tierA_p95,Hepatocytes,interferon_response,N1,60.0,65.0,-0.008754594182164933,-0.009337623708699281,-0.00818697080708157
7435_liver_sham_Male_10-U1,tierA_p95,Hepatocytes,interferon_response,N1,65.0,70.0,-0.00879969721025584,-0.00950534234289708,-0.008149577616490364
7435_liver_sham_Male_10-U1,tierA_p95,Hepatocytes,interferon_response,N1,70.0,75.0,-0.008835550180176795,-0.00961459350962957,-0.008023465514743703
7435_liver_sham_Male_10-U1,tierA_p95,Hepatocytes,interferon_response,N1,75.0,80.0,-0.008785910068878069,-0.00971140350083161,-0.007870416904280126
7435_liver_sham_Male_10-U1,tierA_p95,Hepatocytes,interferon_response,N1,80.0,85.0,-0.008755711941713873,-0.0100145853742358,-0.007452432213252927
7435_liver_sham_Male_10-U1,tierA_p95,Hepatocytes,interferon_response,N1,85.0,90.0,-0.008764382203963295,-0.010193546475649566,-0.0072947210620306
7435_liver_sham_Male_10-U1,tierA_p95,Hepatocytes,interferon_response,N1,90.0,95.0,-0.008728374718768892,-0.010465842715348814,-0.006931911818299351
7435_liver_sham_Male_10-U1,tierA_p95,Hepatocytes,interferon_response,N1,95.0,100.0,-0.007796833691819966,-0.009657979912046817,-0.005843400652334975
7435_liver_sham_Male_10-U1,tierA_p95,Hepatocytes,oxidative_stress,N1,0.0,5.0,0.14597596662192114,0.14467117605565386,0.14727052699034307
7435_liver_sham_Male_10-U1,tierA_p95,Hepatocytes,oxidative_stress,N1,5.0,10.0,0.14301640888766268,0.1395450068925478,0.1462611166898551
7435_liver_sham_Male_10-U1,tierA_p95,Hepatocytes,oxidative_stress,N1,10.0,15.0,0.14639125587375434,0.14517004008341788,0.14760146794390797
7435_liver_sham_Male_10-U1,tierA_p95,Hepatocytes,oxidative_stress,N1,15.0,20.0,0.14691114580601958,0.14587591458995233,0.14783482478296522
7435_liver_sham_Male_10-U1,tierA_p95,Hepatocytes,oxidative_stress,N1,20.0,25.0,0.14650881804229765,0.1455364230308279,0.14747804703117792
7435_liver_sham_Male_10-U1,tierA_p95,Hepatocytes,oxidative_stress,N1,25.0,30.0,0.1466650838665142,0.14575293390987346,0.14757822485475292
7435_liver_sham_Male_10-U1,tierA_p95,Hepatocytes,oxidative_stress,N1,30.0,35.0,0.1464852589475476,0.14551383696828038,0.1474195824911458
7435_liver_sham_Male_10-U1,tierA_p95,Hepatocytes,oxidative_stress,N1,35.0,40.0,0.14654007658718454,0.14561877514961136,0.14750357340402453
7435_liver_sham_Male_10-U1,tierA_p95,Hepatocytes,oxidative_stress,N1,40.0,45.0,0.14604482689823942,0.1450424913018106,0.14706023644853178
7435_liver_sham_Male_10-U1,tierA_p95,Hepatocytes,oxidative_stress,N1,45.0,50.0,0.14592477826025674,0.14478923129587204,0.1469771459742806
7435_liver_sham_Male_10-U1,tierA_p95,Hepatocytes,oxidative_stress,N1,50.0,55.0,0.14568208487961073,0.14452444804564885,0.1468442172405401
7435_liver_sham_Male_10-U1,tierA_p95,Hepatocytes,oxidative_stress,N1,55.0,60.0,0.14539257313426301,0.1440184395694986,0.14683186928765532
7435_liver_sham_Male_10-U1,tierA_p95,Hepatocytes,oxidative_stress,N1,60.0,65.0,0.14508802701946,0.14347514429094918,0.1466244250030794
7435_liver_sham_Male_10-U1,tierA_p95,Hepatocytes,oxidative_stress,N1,65.0,70.0,0.14473131218031834,0.14300458830626792,0.14663005767731685
7435_liver_sham_Male_10-U1,tierA_p95,Hepatocytes,oxidative_stress,N1,70.0,75.0,0.14436175099234463,0.14216269165873133,0.1464685123894688
7435_liver_sham_Male_10-U1,tierA_p95,Hepatocytes,oxidative_stress,N1,75.0,80.0,0.1439769765792261,0.14157169228122962,0.1465701968698074
7435_liver_sham_Male_10-U1,tierA_p95,Hepatocytes,oxidative_stress,N1,80.0,85.0,0.14374462391382814,0.1406757847712762,0.14688184823647982
7435_liver_sham_Male_10-U1,tierA_p95,Hepatocytes,oxidative_stress,N1,85.0,90.0,0.1430772606986172,0.13918468230668762,0.1467677552958228
7435_liver_sham_Male_10-U1,tierA_p95,Hepatocytes,oxidative_stress,N1,90.0,95.0,0.14292588306796097,0.13823536909300502,0.14759749531065858
7435_liver_sham_Male_10-U1,tierA_p95,Hepatocytes,oxidative_stress,N1,95.0,100.0,0.1417047975538813,0.137084070050586,0.1461446990344288
7435_liver_sham_Male_10-U1,tierA_p95,Hepatocytes,secondary_senescence,N1,0.0,5.0,0.01804394416182392,0.017573237886685304,0.01852514632039506
7435_liver_sham_Male_10-U1,tierA_p95,Hepatocytes,secondary_senescence,N1,5.0,10.0,0.01790193665908127,0.016600766053757043,0.01930060222574398
7435_liver_sham_Male_10-U1,tierA_p95,Hepatocytes,secondary_senescence,N1,10.0,15.0,0.018137644497728863,0.017641671111609226,0.01863282612015219
7435_liver_sham_Male_10-U1,tierA_p95,Hepatocytes,secondary_senescence,N1,15.0,20.0,0.017947026420858377,0.017602236197175377,0.018311246366217192
7435_liver_sham_Male_10-U1,tierA_p95,Hepatocytes,secondary_senescence,N1,20.0,25.0,0.017985750011491157,0.017641060211890113,0.01834303355370597
7435_liver_sham_Male_10-U1,tierA_p95,Hepatocytes,secondary_senescence,N1,25.0,30.0,0.018031634014450324,0.01766820117555465,0.018372784583053806
7435_liver_sham_Male_10-U1,tierA_p95,Hepatocytes,secondary_senescence,N1,30.0,35.0,0.018032715814142647,0.017686052759128226,0.018368053992223854
7435_liver_sham_Male_10-U1,tierA_p95,Hepatocytes,secondary_senescence,N1,35.0,40.0,0.018052750942218587,0.017687409897130277,0.01840549042524272
7435_liver_sham_Male_10-U1,tierA_p95,Hepatocytes,secondary_senescence,N1,40.0,45.0,0.018081866878282494,0.01768667884919642,0.018435373118107532
7435_liver_sham_Male_10-U1,tierA_p95,Hepatocytes,secondary_senescence,N1,45.0,50.0,0.01809389079642036,0.01772000843315089,0.01853264118341803
7435_liver_sham_Male_10-U1,tierA_p95,Hepatocytes,secondary_senescence,N1,50.0,55.0,0.01809131593059514,0.017641435845935905,0.0185349600962794
7435_liver_sham_Male_10-U1,tierA_p95,Hepatocytes,secondary_senescence,N1,55.0,60.0,0.0181272677889242,0.017613916739444395,0.01863366779735153
7435_liver_sham_Male_10-U1,tierA_p95,Hepatocytes,secondary_senescence,N1,60.0,65.0,0.0181245887414519,0.017547064259289803,0.018706594967914544
7435_liver_sham_Male_10-U1,tierA_p95,Hepatocytes,secondary_senescence,N1,65.0,70.0,0.0181537739151568,0.01752371947155633,0.01882026068241835
7435_liver_sham_Male_10-U1,tierA_p95,Hepatocytes,secondary_senescence,N1,70.0,75.0,0.018100483484390546,0.017316764198868927,0.018846116897124333
7435_liver_sham_Male_10-U1,tierA_p95,Hepatocytes,secondary_senescence,N1,75.0,80.0,0.018210001734061204,0.017263876881068133,0.01908713518324097
7435_liver_sham_Male_10-U1,tierA_p95,Hepatocytes,secondary_senescence,N1,80.0,85.0,0.018165192198034176,0.01702658732153627,0.019270928742406792
7435_liver_sham_Male_10-U1,tierA_p95,Hepatocytes,secondary_senescence,N1,85.0,90.0,0.01820481185753422,0.016888858135183177,0.01955652655192105
7435_liver_sham_Male_10-U1,tierA_p95,Hepatocytes,secondary_senescence,N1,90.0,95.0,0.01806024474697048,0.016302569023738066,0.0198810059863778
7435_liver_sham_Male_10-U1,tierA_p95,Hepatocytes,secondary_senescence,N1,95.0,100.0,0.018015205915002844,0.016562749269555956,0.019527900250789272
7435_liver_sham_Male_10-U1,tierA_p95,Hepatocytes,tnfa_nfkb_proximal,N1,0.0,5.0,-0.02725922019437048,-0.027666044712221425,-0.026829076459723992
7435_liver_sham_Male_10-U1,tierA_p95,Hepatocytes,tnfa_nfkb_proximal,N1,5.0,10.0,-0.025653574828645716,-0.02673611892747492,-0.024529758335845357
7435_liver_sham_Male_10-U1,tierA_p95,Hepatocytes,tnfa_nfkb_proximal,N1,10.0,15.0,-0.02693802895651112,-0.027330321428973587,-0.026528936192514292
7435_liver_sham_Male_10-U1,tierA_p95,Hepatocytes,tnfa_nfkb_proximal,N1,15.0,20.0,-0.027447732567738373,-0.027728086455303957,-0.027150302701211965
7435_liver_sham_Male_10-U1,tierA_p95,Hepatocytes,tnfa_nfkb_proximal,N1,20.0,25.0,-0.027416278366194646,-0.02770326501075723,-0.02715073011586801
7435_liver_sham_Male_10-U1,tierA_p95,Hepatocytes,tnfa_nfkb_proximal,N1,25.0,30.0,-0.02736754862204182,-0.027642975936997598,-0.027064948556403498
7435_liver_sham_Male_10-U1,tierA_p95,Hepatocytes,tnfa_nfkb_proximal,N1,30.0,35.0,-0.027329131936102306,-0.027608293235860448,-0.027036483343307986
7435_liver_sham_Male_10-U1,tierA_p95,Hepatocytes,tnfa_nfkb_proximal,N1,35.0,40.0,-0.02735333591807436,-0.027657349404270243,-0.027061307230842352
7435_liver_sham_Male_10-U1,tierA_p95,Hepatocytes,tnfa_nfkb_proximal,N1,40.0,45.0,-0.027295972742373446,-0.027614522066279814,-0.026988037943740915
7435_liver_sham_Male_10-U1,tierA_p95,Hepatocytes,tnfa_nfkb_proximal,N1,45.0,50.0,-0.02727395688628537,-0.02762550045220089,-0.026931964189824333
7435_liver_sham_Male_10-U1,tierA_p95,Hepatocytes,tnfa_nfkb_proximal,N1,50.0,55.0,-0.027244296637409925,-0.02761893589329841,-0.026885106627847873
7435_liver_sham_Male_10-U1,tierA_p95,Hepatocytes,tnfa_nfkb_proximal,N1,55.0,60.0,-0.027220054578370362,-0.02766697020585701,-0.026802301554953674
7435_liver_sham_Male_10-U1,tierA_p95,Hepatocytes,tnfa_nfkb_proximal,N1,60.0,65.0,-0.027148721025396703,-0.027610496572170188,-0.026673400224798218
7435_liver_sham_Male_10-U1,tierA_p95,Hepatocytes,tnfa_nfkb_proximal,N1,65.0,70.0,-0.02714295067664293,-0.02768508793524282,-0.02659587634327308
7435_liver_sham_Male_10-U1,tierA_p95,Hepatocytes,tnfa_nfkb_proximal,N1,70.0,75.0,-0.02711120173832243,-0.02776551808123658,-0.026466910619724476
7435_liver_sham_Male_10-U1,tierA_p95,Hepatocytes,tnfa_nfkb_proximal,N1,75.0,80.0,-0.02699502419831921,-0.027751911828062272,-0.026248180504034203
7435_liver_sham_Male_10-U1,tierA_p95,Hepatocytes,tnfa_nfkb_proximal,N1,80.0,85.0,-0.026995726487738247,-0.027870450868100256,-0.02605748724339709
7435_liver_sham_Male_10-U1,tierA_p95,Hepatocytes,tnfa_nfkb_proximal,N1,85.0,90.0,-0.02689451709799058,-0.028079321923852926,-0.025751487034952527
7435_liver_sham_Male_10-U1,tierA_p95,Hepatocytes,tnfa_nfkb_proximal,N1,90.0,95.0,-0.02687449622290348,-0.028238629187948144,-0.025472419759109154
7435_liver_sham_Male_10-U1,tierA_p95,Hepatocytes,tnfa_nfkb_proximal,N1,95.0,100.0,-0.026465654511905343,-0.02764806400070174,-0.025415021031663463
7435_liver_sham_Male_10-U1,tierA_p95,Hepatocytes,downstream_arrest,N3,0.0,5.0,0.010849538822888874,0.00960386260543322,0.01225781323358036
7435_liver_sham_Male_10-U1,tierA_p95,Hepatocytes,downstream_arrest,N3,5.0,10.0,0.010883151176997183,0.009922508107759855,0.011981472356636092
7435_liver_sham_Male_10-U1,tierA_p95,Hepatocytes,downstream_arrest,N3,10.0,15.0,0.010862551992410624,0.009967351876997701,0.012011639046059286
7435_liver_sham_Male_10-U1,tierA_p95,Hepatocytes,downstream_arrest,N3,15.0,20.0,0.010868819524805801,0.010016811701896302,0.011838314982594396
7435_liver_sham_Male_10-U1,tierA_p95,Hepatocytes,downstream_arrest,N3,20.0,25.0,0.010866827751985483,0.010041177189058663,0.01187256017920535
7435_liver_sham_Male_10-U1,tierA_p95,Hepatocytes,downstream_arrest,N3,25.0,30.0,0.010854087258330992,0.009967730036252682,0.011887933178737172
7435_liver_sham_Male_10-U1,tierA_p95,Hepatocytes,downstream_arrest,N3,30.0,35.0,0.010863279596641098,0.010008447505232429,0.011808767448018972
7435_liver_sham_Male_10-U1,tierA_p95,Hepatocytes,downstream_arrest,N3,35.0,40.0,0.010876685794297396,0.010066090327102178,0.011848353914132496
7435_liver_sham_Male_10-U1,tierA_p95,Hepatocytes,downstream_arrest,N3,40.0,45.0,0.010860427523592652,0.009974802644993824,0.011836667204234397
7435_liver_sham_Male_10-U1,tierA_p95,Hepatocytes,downstream_arrest,N3,45.0,50.0,0.010864098911404328,0.009921972644816248,0.011788647057131363
7435_liver_sham_Male_10-U1,tierA_p95,Hepatocytes,downstream_arrest,N3,50.0,55.0,0.010855269168123353,0.00994813587837077,0.011787401262529163
7435_liver_sham_Male_10-U1,tierA_p95,Hepatocytes,downstream_arrest,N3,55.0,60.0,0.010863417297515355,0.009910112330585736,0.011789725954718817
7435_liver_sham_Male_10-U1,tierA_p95,Hepatocytes,downstream_arrest,N3,60.0,65.0,0.01085925516450418,0.009896891673443806,0.011805386316255915
7435_liver_sham_Male_10-U1,tierA_p95,Hepatocytes,downstream_arrest,N3,65.0,70.0,0.010880124997396962,0.009862532575635031,0.01181522032118257
7435_liver_sham_Male_10-U1,tierA_p95,Hepatocytes,downstream_arrest,N3,70.0,75.0,0.010845951601017994,0.009776746305566198,0.011844133493286306
7435_liver_sham_Male_10-U1,tierA_p95,Hepatocytes,downstream_arrest,N3,75.0,80.0,0.0108668914826421,0.009781330551771886,0.011892092264754225
7435_liver_sham_Male_10-U1,tierA_p95,Hepatocytes,downstream_arrest,N3,80.0,85.0,0.010841712251570325,0.00968808366958957,0.011996045696061495
7435_liver_sham_Male_10-U1,tierA_p95,Hepatocytes,downstream_arrest,N3,85.0,90.0,0.010810602262199796,0.009637774002163653,0.011932033202686326
7435_liver_sham_Male_10-U1,tierA_p95,Hepatocytes,downstream_arrest,N3,90.0,95.0,0.010799922129120149,0.009502154254834565,0.01209821291609052
7435_liver_sham_Male_10-U1,tierA_p95,Hepatocytes,downstream_arrest,N3,95.0,100.0,0.010948465062418066,0.009121249383457144,0.013477816830398903
7435_liver_sham_Male_10-U1,tierA_p95,Hepatocytes,emt_ecm,N3,0.0,5.0,-0.002057852053970815,-0.0035126115947967094,-0.000690925937328075
7435_liver_sham_Male_10-U1,tierA_p95,Hepatocytes,emt_ecm,N3,5.0,10.0,-0.0020559519128986663,-0.003237776932582564,-0.0010515738075951666
7435_liver_sham_Male_10-U1,tierA_p95,Hepatocytes,emt_ecm,N3,10.0,15.0,-0.002057780924573548,-0.0031093411983133877,-0.0011038190539246991
7435_liver_sham_Male_10-U1,tierA_p95,Hepatocytes,emt_ecm,N3,15.0,20.0,-0.002071271666362733,-0.0031472193102365003,-0.0011395092592360557
7435_liver_sham_Male_10-U1,tierA_p95,Hepatocytes,emt_ecm,N3,20.0,25.0,-0.002071968714582173,-0.003107523372847311,-0.001213509497235407
7435_liver_sham_Male_10-U1,tierA_p95,Hepatocytes,emt_ecm,N3,25.0,30.0,-0.00206354954221233,-0.0030698749631152193,-0.0011744683336075972
7435_liver_sham_Male_10-U1,tierA_p95,Hepatocytes,emt_ecm,N3,30.0,35.0,-0.0020626991382531293,-0.003079267884585926,-0.0011893435018006824
7435_liver_sham_Male_10-U1,tierA_p95,Hepatocytes,emt_ecm,N3,35.0,40.0,-0.002065517299951633,-0.0030820015318036935,-0.0011129775805569634
7435_liver_sham_Male_10-U1,tierA_p95,Hepatocytes,emt_ecm,N3,40.0,45.0,-0.00208746169067938,-0.003080051961242443,-0.0011652065520862166
7435_liver_sham_Male_10-U1,tierA_p95,Hepatocytes,emt_ecm,N3,45.0,50.0,-0.00206646399410032,-0.0030675817060966688,-0.0010909666737249752
7435_liver_sham_Male_10-U1,tierA_p95,Hepatocytes,emt_ecm,N3,50.0,55.0,-0.0020681398856057273,-0.0030186798159187573,-0.0011008146849504144
7435_liver_sham_Male_10-U1,tierA_p95,Hepatocytes,emt_ecm,N3,55.0,60.0,-0.0020597273298524773,-0.003019075172954948,-0.0010965349321312688
7435_liver_sham_Male_10-U1,tierA_p95,Hepatocytes,emt_ecm,N3,60.0,65.0,-0.0020545721088278592,-0.0030978625384521143,-0.0009869149147569505
7435_liver_sham_Male_10-U1,tierA_p95,Hepatocytes,emt_ecm,N3,65.0,70.0,-0.002063272614539782,-0.0031028620022687994,-0.0010392997135506745
7435_liver_sham_Male_10-U1,tierA_p95,Hepatocytes,emt_ecm,N3,70.0,75.0,-0.0020243779802916607,-0.002999400101619465,-0.0008854829396094594
7435_liver_sham_Male_10-U1,tierA_p95,Hepatocytes,emt_ecm,N3,75.0,80.0,-0.002038135535735452,-0.003073762112049838,-0.0008647442491207698
7435_liver_sham_Male_10-U1,tierA_p95,Hepatocytes,emt_ecm,N3,80.0,85.0,-0.002037072092564667,-0.003163998383003221,-0.0007650498943248667
7435_liver_sham_Male_10-U1,tierA_p95,Hepatocytes,emt_ecm,N3,85.0,90.0,-0.002051366043858734,-0.003351219842273152,-0.000734388278343024
7435_liver_sham_Male_10-U1,tierA_p95,Hepatocytes,emt_ecm,N3,90.0,95.0,-0.0020265115647441732,-0.003366094883826965,-0.00045420448185494753
7435_liver_sham_Male_10-U1,tierA_p95,Hepatocytes,emt_ecm,N3,95.0,100.0,-0.0021889344928706757,-0.004834090503860069,-0.00011069317542433948
7435_liver_sham_Male_10-U1,tierA_p95,Hepatocytes,il6_jak_stat3,N3,0.0,5.0,-0.04009635451026857,-0.041519684623258675,-0.03859481653620545
7435_liver_sham_Male_10-U1,tierA_p95,Hepatocytes,il6_jak_stat3,N3,5.0,10.0,-0.04008283236054922,-0.04093024557107045,-0.03918627228938682
7435_liver_sham_Male_10-U1,tierA_p95,Hepatocytes,il6_jak_stat3,N3,10.0,15.0,-0.04007582487315415,-0.04080047217468416,-0.03933074067977797
7435_liver_sham_Male_10-U1,tierA_p95,Hepatocytes,il6_jak_stat3,N3,15.0,20.0,-0.04007777116459518,-0.040742639125414204,-0.03935793701467739
7435_liver_sham_Male_10-U1,tierA_p95,Hepatocytes,il6_jak_stat3,N3,20.0,25.0,-0.04007746310120615,-0.040697186673022114,-0.039395207626812055
7435_liver_sham_Male_10-U1,tierA_p95,Hepatocytes,il6_jak_stat3,N3,25.0,30.0,-0.04006646438171444,-0.04073204195291301,-0.039355360656440894
7435_liver_sham_Male_10-U1,tierA_p95,Hepatocytes,il6_jak_stat3,N3,30.0,35.0,-0.040065604213648236,-0.0406640598004597,-0.039409387695649244
7435_liver_sham_Male_10-U1,tierA_p95,Hepatocytes,il6_jak_stat3,N3,35.0,40.0,-0.040074633665183525,-0.04071453036435196,-0.03941427788217928
7435_liver_sham_Male_10-U1,tierA_p95,Hepatocytes,il6_jak_stat3,N3,40.0,45.0,-0.0400713366682198,-0.04073099054995209,-0.03937508097736012
7435_liver_sham_Male_10-U1,tierA_p95,Hepatocytes,il6_jak_stat3,N3,45.0,50.0,-0.04007322776480076,-0.04072124795369159,-0.039376227866779065
7435_liver_sham_Male_10-U1,tierA_p95,Hepatocytes,il6_jak_stat3,N3,50.0,55.0,-0.040073983487817946,-0.040801820213644514,-0.03934253404612033
7435_liver_sham_Male_10-U1,tierA_p95,Hepatocytes,il6_jak_stat3,N3,55.0,60.0,-0.04006794722802075,-0.04082410190497047,-0.03929625735590026
7435_liver_sham_Male_10-U1,tierA_p95,Hepatocytes,il6_jak_stat3,N3,60.0,65.0,-0.04008664516550954,-0.04083243487650988,-0.03923721998854172
7435_liver_sham_Male_10-U1,tierA_p95,Hepatocytes,il6_jak_stat3,N3,65.0,70.0,-0.04004320792790398,-0.040867665226984116,-0.03916264425161599
7435_liver_sham_Male_10-U1,tierA_p95,Hepatocytes,il6_jak_stat3,N3,70.0,75.0,-0.040059720302434716,-0.04093229846832532,-0.03914615394505801
7435_liver_sham_Male_10-U1,tierA_p95,Hepatocytes,il6_jak_stat3,N3,75.0,80.0,-0.04010875837164343,-0.04113224865941972,-0.03905066815680152
7435_liver_sham_Male_10-U1,tierA_p95,Hepatocytes,il6_jak_stat3,N3,80.0,85.0,-0.04007282005284964,-0.041206233757515386,-0.03877696537170017
7435_liver_sham_Male_10-U1,tierA_p95,Hepatocytes,il6_jak_stat3,N3,85.0,90.0,-0.040081801884225166,-0.041440026897144676,-0.038674990192620655
7435_liver_sham_Male_10-U1,tierA_p95,Hepatocytes,il6_jak_stat3,N3,90.0,95.0,-0.04004702212743881,-0.041464730204125916,-0.038539610910891496
7435_liver_sham_Male_10-U1,tierA_p95,Hepatocytes,il6_jak_stat3,N3,95.0,100.0,-0.04004156684884791,-0.040910937185771365,-0.038953028493269454
7435_liver_sham_Male_10-U1,tierA_p95,Hepatocytes,interferon_response,N3,0.0,5.0,-0.008479537151110812,-0.009773820553902872,-0.007008233235334782
7435_liver_sham_Male_10-U1,tierA_p95,Hepatocytes,interferon_response,N3,5.0,10.0,-0.008464241100678994,-0.009293753685785278,-0.007541437326948595
7435_liver_sham_Male_10-U1,tierA_p95,Hepatocytes,interferon_response,N3,10.0,15.0,-0.008449766756443973,-0.00922031591827243,-0.007613388550597472
7435_liver_sham_Male_10-U1,tierA_p95,Hepatocytes,interferon_response,N3,15.0,20.0,-0.008445226989040936,-0.009119450983921938,-0.007647036614432039
7435_liver_sham_Male_10-U1,tierA_p95,Hepatocytes,interferon_response,N3,20.0,25.0,-0.008459141651990663,-0.009142655658739217,-0.007706711061603219
7435_liver_sham_Male_10-U1,tierA_p95,Hepatocytes,interferon_response,N3,25.0,30.0,-0.008450405128136265,-0.009154483330517946,-0.007735064976226435
7435_liver_sham_Male_10-U1,tierA_p95,Hepatocytes,interferon_response,N3,30.0,35.0,-0.008446834942142992,-0.009102149146621833,-0.00775054821891142
7435_liver_sham_Male_10-U1,tierA_p95,Hepatocytes,interferon_response,N3,35.0,40.0,-0.008457883554112424,-0.009108291057837076,-0.007772594846483241
7435_liver_sham_Male_10-U1,tierA_p95,Hepatocytes,interferon_response,N3,40.0,45.0,-0.008443422848209188,-0.00908133543768636,-0.007727744137657233
7435_liver_sham_Male_10-U1,tierA_p95,Hepatocytes,interferon_response,N3,45.0,50.0,-0.008443387760535586,-0.009085450308487071,-0.0076903769434105585
7435_liver_sham_Male_10-U1,tierA_p95,Hepatocytes,interferon_response,N3,50.0,55.0,-0.008453017112136784,-0.0091758826645735,-0.00771648839624444
7435_liver_sham_Male_10-U1,tierA_p95,Hepatocytes,interferon_response,N3,55.0,60.0,-0.008442156945125344,-0.009211122293007749,-0.0076258154653522665
7435_liver_sham_Male_10-U1,tierA_p95,Hepatocytes,interferon_response,N3,60.0,65.0,-0.008449616979606544,-0.00920449350873867,-0.007648730920739221
7435_liver_sham_Male_10-U1,tierA_p95,Hepatocytes,interferon_response,N3,65.0,70.0,-0.00845156261328753,-0.009346061825006934,-0.007559212515687829
7435_liver_sham_Male_10-U1,tierA_p95,Hepatocytes,interferon_response,N3,70.0,75.0,-0.008442728188007589,-0.009484792489008234,-0.007464054636416077
7435_liver_sham_Male_10-U1,tierA_p95,Hepatocytes,interferon_response,N3,75.0,80.0,-0.008465502054794983,-0.009471462429756647,-0.007435657202601246
7435_liver_sham_Male_10-U1,tierA_p95,Hepatocytes,interferon_response,N3,80.0,85.0,-0.00846828944314094,-0.009664213287475788,-0.007260974220218966
7435_liver_sham_Male_10-U1,tierA_p95,Hepatocytes,interferon_response,N3,85.0,90.0,-0.008422620531610758,-0.009932734707000523,-0.007018773794101998
7435_liver_sham_Male_10-U1,tierA_p95,Hepatocytes,interferon_response,N3,90.0,95.0,-0.00844910459270851,-0.009920701883123408,-0.006794989386555912
7435_liver_sham_Male_10-U1,tierA_p95,Hepatocytes,interferon_response,N3,95.0,100.0,-0.008399886735427962,-0.009357697207021216,-0.007295069748355485
7435_liver_sham_Male_10-U1,tierA_p95,Hepatocytes,oxidative_stress,N3,0.0,5.0,0.14597053769666077,0.1419672613767395,0.14975953747576493
7435_liver_sham_Male_10-U1,tierA_p95,Hepatocytes,oxidative_stress,N3,5.0,10.0,0.14599128022474822,0.14317452878386117,0.1484078646955896
7435_liver_sham_Male_10-U1,tierA_p95,Hepatocytes,oxidative_stress,N3,10.0,15.0,0.14598527785302928,0.14333930900774458,0.1483194035595287
7435_liver_sham_Male_10-U1,tierA_p95,Hepatocytes,oxidative_stress,N3,15.0,20.0,0.145984382379437,0.14343070523716933,0.1482483471480443
7435_liver_sham_Male_10-U1,tierA_p95,Hepatocytes,oxidative_stress,N3,20.0,25.0,0.1460094602636794,0.1434390536996513,0.14816841128374073
7435_liver_sham_Male_10-U1,tierA_p95,Hepatocytes,oxidative_stress,N3,25.0,30.0,0.14601281631033936,0.14367371068602383,0.14815096287505689
7435_liver_sham_Male_10-U1,tierA_p95,Hepatocytes,oxidative_stress,N3,30.0,35.0,0.1460005677353032,0.14347313227075836,0.14816354764691708
7435_liver_sham_Male_10-U1,tierA_p95,Hepatocytes,oxidative_stress,N3,35.0,40.0,0.14597867668433637,0.14350010416940498,0.14814265075986077
7435_liver_sham_Male_10-U1,tierA_p95,Hepatocytes,oxidative_stress,N3,40.0,45.0,0.14597596908643698,0.14359081697933126,0.1480699115452561
7435_liver_sham_Male_10-U1,tierA_p95,Hepatocytes,oxidative_stress,N3,45.0,50.0,0.14596217750606513,0.14349473005398125,0.14819429814267224
7435_liver_sham_Male_10-U1,tierA_p95,Hepatocytes,oxidative_stress,N3,50.0,55.0,0.14596034249549922,0.1436855115919606,0.14826518459654037
7435_liver_sham_Male_10-U1,tierA_p95,Hepatocytes,oxidative_stress,N3,55.0,60.0,0.14595836868790912,0.14327006233249012,0.1483641150550328
7435_liver_sham_Male_10-U1,tierA_p95,Hepatocytes,oxidative_stress,N3,60.0,65.0,0.14595494480553534,0.143134335992128,0.1484237412439968
7435_liver_sham_Male_10-U1,tierA_p95,Hepatocytes,oxidative_stress,N3,65.0,70.0,0.14595384659706018,0.1433102724125696,0.14848835087421522
7435_liver_sham_Male_10-U1,tierA_p95,Hepatocytes,oxidative_stress,N3,70.0,75.0,0.1459674826465747,0.14288240908504307,0.14880979183961013
7435_liver_sham_Male_10-U1,tierA_p95,Hepatocytes,oxidative_stress,N3,75.0,80.0,0.1458948644486551,0.1427678916201042,0.14892070079556285
7435_liver_sham_Male_10-U1,tierA_p95,Hepatocytes,oxidative_stress,N3,80.0,85.0,0.1459121154273499,0.14273768052548733,0.14910169403813203
7435_liver_sham_Male_10-U1,tierA_p95,Hepatocytes,oxidative_stress,N3,85.0,90.0,0.1459099243920868,0.14217908122659462,0.14963836080522008
7435_liver_sham_Male_10-U1,tierA_p95,Hepatocytes,oxidative_stress,N3,90.0,95.0,0.14605144009852072,0.14202026033987214,0.15013021842750088
7435_liver_sham_Male_10-U1,tierA_p95,Hepatocytes,oxidative_stress,N3,95.0,100.0,0.14599614122426677,0.14225279327287044,0.15016149160232628
7435_liver_sham_Male_10-U1,tierA_p95,Hepatocytes,secondary_senescence,N3,0.0,5.0,0.01802552632286296,0.016405334271398515,0.019518531387385192
7435_liver_sham_Male_10-U1,tierA_p95,Hepatocytes,secondary_senescence,N3,5.0,10.0,0.018015545858112134,0.016694268048081662,0.01909546250948224
7435_liver_sham_Male_10-U1,tierA_p95,Hepatocytes,secondary_senescence,N3,10.0,15.0,0.01801666348218771,0.016839325285188,0.01897410933309693
7435_liver_sham_Male_10-U1,tierA_p95,Hepatocytes,secondary_senescence,N3,15.0,20.0,0.018025048366405907,0.016809486410600233,0.018921351898939516
7435_liver_sham_Male_10-U1,tierA_p95,Hepatocytes,secondary_senescence,N3,20.0,25.0,0.01802220717756297,0.01685321140337549,0.018980337374417133
7435_liver_sham_Male_10-U1,tierA_p95,Hepatocytes,secondary_senescence,N3,25.0,30.0,0.018030430363147002,0.016849580564942433,0.01891042338842812
7435_liver_sham_Male_10-U1,tierA_p95,Hepatocytes,secondary_senescence,N3,30.0,35.0,0.018025437482649016,0.016856012246931062,0.018973406739829727
7435_liver_sham_Male_10-U1,tierA_p95,Hepatocytes,secondary_senescence,N3,35.0,40.0,0.018023669624568313,0.01691180984779844,0.018958686787024986
7435_liver_sham_Male_10-U1,tierA_p95,Hepatocytes,secondary_senescence,N3,40.0,45.0,0.018012517641855262,0.016868853414602824,0.018974384242034268
7435_liver_sham_Male_10-U1,tierA_p95,Hepatocytes,secondary_senescence,N3,45.0,50.0,0.01802422889430325,0.016956188049070776,0.018990222233285402
7435_liver_sham_Male_10-U1,tierA_p95,Hepatocytes,secondary_senescence,N3,50.0,55.0,0.018014335995817456,0.016919631422212124,0.01900002309817377
7435_liver_sham_Male_10-U1,tierA_p95,Hepatocytes,secondary_senescence,N3,55.0,60.0,0.01802571287145909,0.016896579014594237,0.019103734847628475
7435_liver_sham_Male_10-U1,tierA_p95,Hepatocytes,secondary_senescence,N3,60.0,65.0,0.018037098833704756,0.01689229870638351,0.01915961042034107
7435_liver_sham_Male_10-U1,tierA_p95,Hepatocytes,secondary_senescence,N3,65.0,70.0,0.01801389472341662,0.01695567996656229,0.019194384972560444
7435_liver_sham_Male_10-U1,tierA_p95,Hepatocytes,secondary_senescence,N3,70.0,75.0,0.018038577677374042,0.01690038123090463,0.01917875274866144
7435_liver_sham_Male_10-U1,tierA_p95,Hepatocytes,secondary_senescence,N3,75.0,80.0,0.018038019343778022,0.016860652565711814,0.019278936013085786
7435_liver_sham_Male_10-U1,tierA_p95,Hepatocytes,secondary_senescence,N3,80.0,85.0,0.01807174072547278,0.016786402649544258,0.019447429410928183
7435_liver_sham_Male_10-U1,tierA_p95,Hepatocytes,secondary_senescence,N3,85.0,90.0,0.018014530751918997,0.016546605582303444,0.019493498892759916
7435_liver_sham_Male_10-U1,tierA_p95,Hepatocytes,secondary_senescence,N3,90.0,95.0,0.01808840249764196,0.016519312100275064,0.019715644951902256
7435_liver_sham_Male_10-U1,tierA_p95,Hepatocytes,secondary_senescence,N3,95.0,100.0,0.0178756299379014,0.015029034246912274,0.020105520496918435
7435_liver_sham_Male_10-U1,tierA_p95,Hepatocytes,tnfa_nfkb_proximal,N3,0.0,5.0,-0.027244373079900106,-0.02825165909308156,-0.026183949166615445
7435_liver_sham_Male_10-U1,tierA_p95,Hepatocytes,tnfa_nfkb_proximal,N3,5.0,10.0,-0.027254135820019097,-0.027953762364056264,-0.026513250163385387
7435_liver_sham_Male_10-U1,tierA_p95,Hepatocytes,tnfa_nfkb_proximal,N3,10.0,15.0,-0.027233008762505298,-0.027784340866689763,-0.026602566757352803
7435_liver_sham_Male_10-U1,tierA_p95,Hepatocytes,tnfa_nfkb_proximal,N3,15.0,20.0,-0.027243513325472334,-0.02779046573569963,-0.02668342376445848
7435_liver_sham_Male_10-U1,tierA_p95,Hepatocytes,tnfa_nfkb_proximal,N3,20.0,25.0,-0.027247622049746394,-0.027745011219214417,-0.026715010545980113
7435_liver_sham_Male_10-U1,tierA_p95,Hepatocytes,tnfa_nfkb_proximal,N3,25.0,30.0,-0.027233943051815417,-0.02771403778258237,-0.026641782298902603
7435_liver_sham_Male_10-U1,tierA_p95,Hepatocytes,tnfa_nfkb_proximal,N3,30.0,35.0,-0.02724268350361344,-0.02771148504578016,-0.026711135358333145
7435_liver_sham_Male_10-U1,tierA_p95,Hepatocytes,tnfa_nfkb_proximal,N3,35.0,40.0,-0.02724113531325969,-0.02773897082984015,-0.026666609172870545
7435_liver_sham_Male_10-U1,tierA_p95,Hepatocytes,tnfa_nfkb_proximal,N3,40.0,45.0,-0.02723606679432242,-0.027770807230453175,-0.02665606165596165
7435_liver_sham_Male_10-U1,tierA_p95,Hepatocytes,tnfa_nfkb_proximal,N3,45.0,50.0,-0.027242058495876072,-0.02776744908949975,-0.026645318187693685
7435_liver_sham_Male_10-U1,tierA_p95,Hepatocytes,tnfa_nfkb_proximal,N3,50.0,55.0,-0.027239578993920995,-0.02781251968442782,-0.026656940212205816
7435_liver_sham_Male_10-U1,tierA_p95,Hepatocytes,tnfa_nfkb_proximal,N3,55.0,60.0,-0.027230573394353762,-0.02784224205684132,-0.02661165769239893
7435_liver_sham_Male_10-U1,tierA_p95,Hepatocytes,tnfa_nfkb_proximal,N3,60.0,65.0,-0.02722943868254231,-0.02787125577563332,-0.026541405606423298
7435_liver_sham_Male_10-U1,tierA_p95,Hepatocytes,tnfa_nfkb_proximal,N3,65.0,70.0,-0.02724020064416591,-0.02796641647041557,-0.026459520652045234
7435_liver_sham_Male_10-U1,tierA_p95,Hepatocytes,tnfa_nfkb_proximal,N3,70.0,75.0,-0.02723757704037108,-0.027999897847036576,-0.02643897191289137
7435_liver_sham_Male_10-U1,tierA_p95,Hepatocytes,tnfa_nfkb_proximal,N3,75.0,80.0,-0.027276580299465204,-0.028057684097749978,-0.02641611617158684
7435_liver_sham_Male_10-U1,tierA_p95,Hepatocytes,tnfa_nfkb_proximal,N3,80.0,85.0,-0.027230933980940637,-0.02814738079394465,-0.026274062331411833
7435_liver_sham_Male_10-U1,tierA_p95,Hepatocytes,tnfa_nfkb_proximal,N3,85.0,90.0,-0.027236351606955346,-0.028334357195538132,-0.02618741002180599
7435_liver_sham_Male_10-U1,tierA_p95,Hepatocytes,tnfa_nfkb_proximal,N3,90.0,95.0,-0.02726017367555275,-0.028397880164021682,-0.026020530399323928
7435_liver_sham_Male_10-U1,tierA_p95,Hepatocytes,tnfa_nfkb_proximal,N3,95.0,100.0,-0.027212453109439993,-0.028015638955347456,-0.026040265071268165
7435_liver_sham_Male_10-U1,tierA_p95,Hepatocytes,downstream_arrest,N4,0.0,5.0,0.01063858265842041,0.009703385160279274,0.011520190787309903
7435_liver_sham_Male_10-U1,tierA_p95,Hepatocytes,downstream_arrest,N4,5.0,10.0,0.010634350421681787,0.010119527609771596,0.011172771297222625
7435_liver_sham_Male_10-U1,tierA_p95,Hepatocytes,downstream_arrest,N4,10.0,15.0,0.010633838653828364,0.010141933529457714,0.01106712117098414
7435_liver_sham_Male_10-U1,tierA_p95,Hepatocytes,downstream_arrest,N4,15.0,20.0,0.010640948882991434,0.01021973594148082,0.011017748381326152
7435_liver_sham_Male_10-U1,tierA_p95,Hepatocytes,downstream_arrest,N4,20.0,25.0,0.010624574488618584,0.010259747339792707,0.010969030145589139
7435_liver_sham_Male_10-U1,tierA_p95,Hepatocytes,downstream_arrest,N4,25.0,30.0,0.01060764836647359,0.010253756357273028,0.01097977491781857
7435_liver_sham_Male_10-U1,tierA_p95,Hepatocytes,downstream_arrest,N4,30.0,35.0,0.010599245214364355,0.010241866544814944,0.010948121964830509
7435_liver_sham_Male_10-U1,tierA_p95,Hepatocytes,downstream_arrest,N4,35.0,40.0,0.01060386762157525,0.010218874340832946,0.01096167686709097
7435_liver_sham_Male_10-U1,tierA_p95,Hepatocytes,downstream_arrest,N4,40.0,45.0,0.010588007928865231,0.010153344081680895,0.011029416568328393
7435_liver_sham_Male_10-U1,tierA_p95,Hepatocytes,downstream_arrest,N4,45.0,50.0,0.010578823874603805,0.010129445214453602,0.011028176434658943
7435_liver_sham_Male_10-U1,tierA_p95,Hepatocytes,downstream_arrest,N4,50.0,55.0,0.010586779301856222,0.010100793844068654,0.011079727881309752
7435_liver_sham_Male_10-U1,tierA_p95,Hepatocytes,downstream_arrest,N4,55.0,60.0,0.010591512747771292,0.010046265452893555,0.011163256297996792
7435_liver_sham_Male_10-U1,tierA_p95,Hepatocytes,downstream_arrest,N4,60.0,65.0,0.01055733081783194,0.009982937098284558,0.011191924708261495
7435_liver_sham_Male_10-U1,tierA_p95,Hepatocytes,downstream_arrest,N4,65.0,70.0,0.01057239870838832,0.009908310808638493,0.011367021852830483
7435_liver_sham_Male_10-U1,tierA_p95,Hepatocytes,downstream_arrest,N4,70.0,75.0,0.01058579261441578,0.009798714428592967,0.011433709331478347
7435_liver_sham_Male_10-U1,tierA_p95,Hepatocytes,downstream_arrest,N4,75.0,80.0,0.010559501250080991,0.009612133223060405,0.011509672463479025
7435_liver_sham_Male_10-U1,tierA_p95,Hepatocytes,downstream_arrest,N4,80.0,85.0,0.01059112234198685,0.009462704962177354,0.011726317918242654
7435_liver_sham_Male_10-U1,tierA_p95,Hepatocytes,downstream_arrest,N4,85.0,90.0,0.010693371494973753,0.009415051713884919,0.012026955913139983
7435_liver_sham_Male_10-U1,tierA_p95,Hepatocytes,downstream_arrest,N4,90.0,95.0,0.010759766714727824,0.009206630974314591,0.012300008568759164
7435_liver_sham_Male_10-U1,tierA_p95,Hepatocytes,downstream_arrest,N4,95.0,100.0,0.012510265766792514,0.011219592887799938,0.013850891466605992
7435_liver_sham_Male_10-U1,tierA_p95,Hepatocytes,emt_ecm,N4,0.0,5.0,-0.0017434955013397736,-0.0026887273214194897,-0.0007476351610348609
7435_liver_sham_Male_10-U1,tierA_p95,Hepatocytes,emt_ecm,N4,5.0,10.0,-0.0017309000094501293,-0.0022907594674456467,-0.0011164797436509352
7435_liver_sham_Male_10-U1,tierA_p95,Hepatocytes,emt_ecm,N4,10.0,15.0,-0.001730155385873919,-0.002226035265330617,-0.0012267236929134667
7435_liver_sham_Male_10-U1,tierA_p95,Hepatocytes,emt_ecm,N4,15.0,20.0,-0.0017260516466859617,-0.002235328565786576,-0.0012756781836914225
7435_liver_sham_Male_10-U1,tierA_p95,Hepatocytes,emt_ecm,N4,20.0,25.0,-0.0017011766231930414,-0.002184129745155333,-0.001263075126110242
7435_liver_sham_Male_10-U1,tierA_p95,Hepatocytes,emt_ecm,N4,25.0,30.0,-0.0016856010736469415,-0.0021367854870856574,-0.0012387393675523082
7435_liver_sham_Male_10-U1,tierA_p95,Hepatocytes,emt_ecm,N4,30.0,35.0,-0.0016469446372150767,-0.002108627568787684,-0.0011656438203071207
7435_liver_sham_Male_10-U1,tierA_p95,Hepatocytes,emt_ecm,N4,35.0,40.0,-0.0015966568237989068,-0.0020516430409900028,-0.0010914901482605923
7435_liver_sham_Male_10-U1,tierA_p95,Hepatocytes,emt_ecm,N4,40.0,45.0,-0.0015904847745285482,-0.0021239356844861084,-0.001027195442384545
7435_liver_sham_Male_10-U1,tierA_p95,Hepatocytes,emt_ecm,N4,45.0,50.0,-0.0015628239700126272,-0.002154033801019461,-0.0009796285830149171
7435_liver_sham_Male_10-U1,tierA_p95,Hepatocytes,emt_ecm,N4,50.0,55.0,-0.0015754814557279078,-0.0021598808599005027,-0.0010041288300566336
7435_liver_sham_Male_10-U1,tierA_p95,Hepatocytes,emt_ecm,N4,55.0,60.0,-0.00157597711377645,-0.0022737851406062384,-0.0008948273787994938
7435_liver_sham_Male_10-U1,tierA_p95,Hepatocytes,emt_ecm,N4,60.0,65.0,-0.001565518361403112,-0.002381284515783245,-0.0008125508482165804
7435_liver_sham_Male_10-U1,tierA_p95,Hepatocytes,emt_ecm,N4,65.0,70.0,-0.0016157375467259183,-0.002484220281965458,-0.0008274123913327139
7435_liver_sham_Male_10-U1,tierA_p95,Hepatocytes,emt_ecm,N4,70.0,75.0,-0.0016343613267587218,-0.0025916008157419665,-0.0007384729120717636
7435_liver_sham_Male_10-U1,tierA_p95,Hepatocytes,emt_ecm,N4,75.0,80.0,-0.001653716465327018,-0.002714117912924936,-0.0006194447098259873
7435_liver_sham_Male_10-U1,tierA_p95,Hepatocytes,emt_ecm,N4,80.0,85.0,-0.0017168120053793756,-0.002893005998169836,-0.0005632579613043059
7435_liver_sham_Male_10-U1,tierA_p95,Hepatocytes,emt_ecm,N4,85.0,90.0,-0.0018436930013044411,-0.003235688521579393,-0.0003934526668495947
7435_liver_sham_Male_10-U1,tierA_p95,Hepatocytes,emt_ecm,N4,90.0,95.0,-0.001931180271677978,-0.003698093107315822,-0.00015780609096806771
7435_liver_sham_Male_10-U1,tierA_p95,Hepatocytes,emt_ecm,N4,95.0,100.0,-0.004620609632786916,-0.005916140633008242,-0.003323923583324869
7435_liver_sham_Male_10-U1,tierA_p95,Hepatocytes,il6_jak_stat3,N4,0.0,5.0,-0.04015556764213838,-0.04128648649830119,-0.03901346843520651
7435_liver_sham_Male_10-U1,tierA_p95,Hepatocytes,il6_jak_stat3,N4,5.0,10.0,-0.040133071929654006,-0.040768761507516155,-0.03944669122845781
7435_liver_sham_Male_10-U1,tierA_p95,Hepatocytes,il6_jak_stat3,N4,10.0,15.0,-0.040148036476613816,-0.040654201483261904,-0.03961486689664041
7435_liver_sham_Male_10-U1,tierA_p95,Hepatocytes,il6_jak_stat3,N4,15.0,20.0,-0.04014119095518491,-0.040582516723144786,-0.03969056999845851
7435_liver_sham_Male_10-U1,tierA_p95,Hepatocytes,il6_jak_stat3,N4,20.0,25.0,-0.040147262770000226,-0.04055488769479688,-0.039722955761277184
7435_liver_sham_Male_10-U1,tierA_p95,Hepatocytes,il6_jak_stat3,N4,25.0,30.0,-0.04014590930306652,-0.040572863843959736,-0.03972556530181016
7435_liver_sham_Male_10-U1,tierA_p95,Hepatocytes,il6_jak_stat3,N4,30.0,35.0,-0.040151852475991276,-0.04056344094811399,-0.03976445531559882
7435_liver_sham_Male_10-U1,tierA_p95,Hepatocytes,il6_jak_stat3,N4,35.0,40.0,-0.040150951343559386,-0.04055339176730717,-0.03971949027099465
7435_liver_sham_Male_10-U1,tierA_p95,Hepatocytes,il6_jak_stat3,N4,40.0,45.0,-0.040157643416914815,-0.04058678695903647,-0.03972668816277602
7435_liver_sham_Male_10-U1,tierA_p95,Hepatocytes,il6_jak_stat3,N4,45.0,50.0,-0.04014118304104264,-0.04059822375302139,-0.03968091432513491
7435_liver_sham_Male_10-U1,tierA_p95,Hepatocytes,il6_jak_stat3,N4,50.0,55.0,-0.040146504465569936,-0.040649912344092425,-0.039592662824632294
7435_liver_sham_Male_10-U1,tierA_p95,Hepatocytes,il6_jak_stat3,N4,55.0,60.0,-0.040157186505157344,-0.04074709413377301,-0.0395876261627137
7435_liver_sham_Male_10-U1,tierA_p95,Hepatocytes,il6_jak_stat3,N4,60.0,65.0,-0.04014829586790253,-0.040813505024715334,-0.0394452413474309
7435_liver_sham_Male_10-U1,tierA_p95,Hepatocytes,il6_jak_stat3,N4,65.0,70.0,-0.04017910168000905,-0.04089782648283682,-0.039485606736064764
7435_liver_sham_Male_10-U1,tierA_p95,Hepatocytes,il6_jak_stat3,N4,70.0,75.0,-0.04013056732394273,-0.040959767398127525,-0.03929638312470794
7435_liver_sham_Male_10-U1,tierA_p95,Hepatocytes,il6_jak_stat3,N4,75.0,80.0,-0.04015767398526106,-0.04109201832693544,-0.039197181735932354
7435_liver_sham_Male_10-U1,tierA_p95,Hepatocytes,il6_jak_stat3,N4,80.0,85.0,-0.04013526270457163,-0.041302108929336376,-0.03904101016203849
7435_liver_sham_Male_10-U1,tierA_p95,Hepatocytes,il6_jak_stat3,N4,85.0,90.0,-0.04007593973052347,-0.04130870730803815,-0.03872112947447487
7435_liver_sham_Male_10-U1,tierA_p95,Hepatocytes,il6_jak_stat3,N4,90.0,95.0,-0.04013479333696496,-0.04148012774009768,-0.03868639177553308
7435_liver_sham_Male_10-U1,tierA_p95,Hepatocytes,il6_jak_stat3,N4,95.0,100.0,-0.039548392170432004,-0.04006334975631349,-0.03830884342722543
7435_liver_sham_Male_10-U1,tierA_p95,Hepatocytes,interferon_response,N4,0.0,5.0,-0.00859222008477432,-0.00962745262937982,-0.007447666563931299
7435_liver_sham_Male_10-U1,tierA_p95,Hepatocytes,interferon_response,N4,5.0,10.0,-0.008621184206312759,-0.009304859152176726,-0.007947327513661201
7435_liver_sham_Male_10-U1,tierA_p95,Hepatocytes,interferon_response,N4,10.0,15.0,-0.008634715521955617,-0.009170278876924334,-0.008114079727037014
7435_liver_sham_Male_10-U1,tierA_p95,Hepatocytes,interferon_response,N4,15.0,20.0,-0.00864194092160335,-0.009153075177695149,-0.008177506991329983
7435_liver_sham_Male_10-U1,tierA_p95,Hepatocytes,interferon_response,N4,20.0,25.0,-0.008630821980195168,-0.009063292704601553,-0.008144774700358343
7435_liver_sham_Male_10-U1,tierA_p95,Hepatocytes,interferon_response,N4,25.0,30.0,-0.008637194793454579,-0.009063058264192755,-0.008207500108196136
7435_liver_sham_Male_10-U1,tierA_p95,Hepatocytes,interferon_response,N4,30.0,35.0,-0.008649780351720114,-0.009072152319060651,-0.008246051004002617
7435_liver_sham_Male_10-U1,tierA_p95,Hepatocytes,interferon_response,N4,35.0,40.0,-0.008638515719811597,-0.00907826670813751,-0.008210994785730978
7435_liver_sham_Male_10-U1,tierA_p95,Hepatocytes,interferon_response,N4,40.0,45.0,-0.008650529534794572,-0.009128832343814654,-0.008238983282735025
7435_liver_sham_Male_10-U1,tierA_p95,Hepatocytes,interferon_response,N4,45.0,50.0,-0.008641480785977693,-0.009116619392745868,-0.008164063952508854
7435_liver_sham_Male_10-U1,tierA_p95,Hepatocytes,interferon_response,N4,50.0,55.0,-0.008636537499675079,-0.009172594309216797,-0.008106746640523462
7435_liver_sham_Male_10-U1,tierA_p95,Hepatocytes,interferon_response,N4,55.0,60.0,-0.008654304278089693,-0.009220788285049814,-0.008095073338803951
7435_liver_sham_Male_10-U1,tierA_p95,Hepatocytes,interferon_response,N4,60.0,65.0,-0.008638756525572309,-0.009325513795843326,-0.007963757701548793
7435_liver_sham_Male_10-U1,tierA_p95,Hepatocytes,interferon_response,N4,65.0,70.0,-0.008649921323727303,-0.009361184978501571,-0.007858759337646291
7435_liver_sham_Male_10-U1,tierA_p95,Hepatocytes,interferon_response,N4,70.0,75.0,-0.008633048462958096,-0.009521708600102048,-0.007667986984690918
7435_liver_sham_Male_10-U1,tierA_p95,Hepatocytes,interferon_response,N4,75.0,80.0,-0.008643369782741054,-0.00974440862647789,-0.007550004983037123
7435_liver_sham_Male_10-U1,tierA_p95,Hepatocytes,interferon_response,N4,80.0,85.0,-0.008606937486436152,-0.009892566359517603,-0.007379963059863993
7435_liver_sham_Male_10-U1,tierA_p95,Hepatocytes,interferon_response,N4,85.0,90.0,-0.00856307773262045,-0.00997660452174832,-0.007053412278823924
7435_liver_sham_Male_10-U1,tierA_p95,Hepatocytes,interferon_response,N4,90.0,95.0,-0.008557403718063702,-0.010417981535560788,-0.0068782834928434915
7435_liver_sham_Male_10-U1,tierA_p95,Hepatocytes,interferon_response,N4,95.0,100.0,-0.007099457987062207,-0.008123188645533274,-0.004116235949209418
7435_liver_sham_Male_10-U1,tierA_p95,Hepatocytes,oxidative_stress,N4,0.0,5.0,0.1460089000118839,0.14304795670332332,0.14883461301340015
7435_liver_sham_Male_10-U1,tierA_p95,Hepatocytes,oxidative_stress,N4,5.0,10.0,0.14587966756182993,0.14407958672898158,0.14762266410636224
7435_liver_sham_Male_10-U1,tierA_p95,Hepatocytes,oxidative_stress,N4,10.0,15.0,0.14584928840811334,0.1444650052001696,0.14712460814689463
7435_liver_sham_Male_10-U1,tierA_p95,Hepatocytes,oxidative_stress,N4,15.0,20.0,0.14585209530247606,0.14461733139820612,0.147108360424702
7435_liver_sham_Male_10-U1,tierA_p95,Hepatocytes,oxidative_stress,N4,20.0,25.0,0.14580524041346432,0.14469042606263513,0.14696396425554442
7435_liver_sham_Male_10-U1,tierA_p95,Hepatocytes,oxidative_stress,N4,25.0,30.0,0.1457707276966699,0.14467587203542376,0.14692357312814425
7435_liver_sham_Male_10-U1,tierA_p95,Hepatocytes,oxidative_stress,N4,30.0,35.0,0.14572958686434417,0.144616180857785,0.1467312701473306
7435_liver_sham_Male_10-U1,tierA_p95,Hepatocytes,oxidative_stress,N4,35.0,40.0,0.145682724049939,0.14463245519339155,0.14671803591872543
7435_liver_sham_Male_10-U1,tierA_p95,Hepatocytes,oxidative_stress,N4,40.0,45.0,0.14566646787655788,0.14439295278628336,0.14678353286042115
7435_liver_sham_Male_10-U1,tierA_p95,Hepatocytes,oxidative_stress,N4,45.0,50.0,0.14566286683931212,0.14438032421533034,0.14679188382521505
7435_liver_sham_Male_10-U1,tierA_p95,Hepatocytes,oxidative_stress,N4,50.0,55.0,0.14560697612449436,0.14413121413588625,0.14703141979051282
7435_liver_sham_Male_10-U1,tierA_p95,Hepatocytes,oxidative_stress,N4,55.0,60.0,0.14554833220226254,0.14403375804736154,0.14691778764437943
7435_liver_sham_Male_10-U1,tierA_p95,Hepatocytes,oxidative_stress,N4,60.0,65.0,0.14557931978617733,0.1438437514434948,0.14722357228260752
7435_liver_sham_Male_10-U1,tierA_p95,Hepatocytes,oxidative_stress,N4,65.0,70.0,0.14553762580193658,0.14340351040201205,0.14747734737388243
7435_liver_sham_Male_10-U1,tierA_p95,Hepatocytes,oxidative_stress,N4,70.0,75.0,0.14547864779041497,0.1432954807843872,0.14780946436854822
7435_liver_sham_Male_10-U1,tierA_p95,Hepatocytes,oxidative_stress,N4,75.0,80.0,0.14537518211851536,0.14237611578519666,0.1481631328401213
7435_liver_sham_Male_10-U1,tierA_p95,Hepatocytes,oxidative_stress,N4,80.0,85.0,0.14557194979477447,0.14245979440442263,0.1487948529379377
7435_liver_sham_Male_10-U1,tierA_p95,Hepatocytes,oxidative_stress,N4,85.0,90.0,0.14548458031064315,0.14142587930144024,0.1495397202628665
7435_liver_sham_Male_10-U1,tierA_p95,Hepatocytes,oxidative_stress,N4,90.0,95.0,0.1455412739075715,0.14060876826803428,0.15013900417442375
7435_liver_sham_Male_10-U1,tierA_p95,Hepatocytes,oxidative_stress,N4,95.0,100.0,0.14770407312235148,0.14616113679864723,0.14911000172424357
7435_liver_sham_Male_10-U1,tierA_p95,Hepatocytes,secondary_senescence,N4,0.0,5.0,0.018362453414201476,0.017249273803305973,0.01945325796488149
7435_liver_sham_Male_10-U1,tierA_p95,Hepatocytes,secondary_senescence,N4,5.0,10.0,0.018399650466076892,0.0177814608952265,0.019061316899274743
7435_liver_sham_Male_10-U1,tierA_p95,Hepatocytes,secondary_senescence,N4,10.0,15.0,0.01838024579104994,0.01786774415328596,0.01897287815216947
7435_liver_sham_Male_10-U1,tierA_p95,Hepatocytes,secondary_senescence,N4,15.0,20.0,0.018402661909295744,0.017829605015140994,0.01890400592378681
7435_liver_sham_Male_10-U1,tierA_p95,Hepatocytes,secondary_senescence,N4,20.0,25.0,0.018435179806082436,0.017940968334195728,0.01895564929220681
7435_liver_sham_Male_10-U1,tierA_p95,Hepatocytes,secondary_senescence,N4,25.0,30.0,0.018455671076147446,0.01796751259264151,0.018947327901114742
7435_liver_sham_Male_10-U1,tierA_p95,Hepatocytes,secondary_senescence,N4,30.0,35.0,0.018482999643402307,0.01797855473867844,0.01902175770044235
7435_liver_sham_Male_10-U1,tierA_p95,Hepatocytes,secondary_senescence,N4,35.0,40.0,0.018528013212397654,0.018012360620216973,0.019057685266509777
7435_liver_sham_Male_10-U1,tierA_p95,Hepatocytes,secondary_senescence,N4,40.0,45.0,0.018544604911109364,0.01799214527457708,0.019140759796067636
7435_liver_sham_Male_10-U1,tierA_p95,Hepatocytes,secondary_senescence,N4,45.0,50.0,0.018575285529990226,0.01800441004761066,0.019221860583210154
7435_liver_sham_Male_10-U1,tierA_p95,Hepatocytes,secondary_senescence,N4,50.0,55.0,0.01858178910428754,0.01793259124814251,0.01925735608157185
7435_liver_sham_Male_10-U1,tierA_p95,Hepatocytes,secondary_senescence,N4,55.0,60.0,0.01859284828684869,0.017903236477363433,0.01925215160846184
7435_liver_sham_Male_10-U1,tierA_p95,Hepatocytes,secondary_senescence,N4,60.0,65.0,0.018588137098903584,0.017757737146165624,0.019400182005966694
7435_liver_sham_Male_10-U1,tierA_p95,Hepatocytes,secondary_senescence,N4,65.0,70.0,0.018523147544045642,0.01765080110519091,0.01945355920828931
7435_liver_sham_Male_10-U1,tierA_p95,Hepatocytes,secondary_senescence,N4,70.0,75.0,0.018523486826135378,0.01758083114674126,0.019466740411862717
7435_liver_sham_Male_10-U1,tierA_p95,Hepatocytes,secondary_senescence,N4,75.0,80.0,0.018441005266916128,0.01734601461431349,0.01949943286951693
7435_liver_sham_Male_10-U1,tierA_p95,Hepatocytes,secondary_senescence,N4,80.0,85.0,0.018361297051741755,0.01707307856997683,0.019569940984729847
7435_liver_sham_Male_10-U1,tierA_p95,Hepatocytes,secondary_senescence,N4,85.0,90.0,0.01825624413909122,0.01678123674388367,0.01979591122017902
7435_liver_sham_Male_10-U1,tierA_p95,Hepatocytes,secondary_senescence,N4,90.0,95.0,0.018093765982482527,0.016469979233597377,0.019944512397432265
7435_liver_sham_Male_10-U1,tierA_p95,Hepatocytes,secondary_senescence,N4,95.0,100.0,0.015287999376966625,0.014474861671919716,0.016163655462178524
7435_liver_sham_Male_10-U1,tierA_p95,Hepatocytes,tnfa_nfkb_proximal,N4,0.0,5.0,-0.027239422997741698,-0.028150164987543642,-0.026262692783036515
7435_liver_sham_Male_10-U1,tierA_p95,Hepatocytes,tnfa_nfkb_proximal,N4,5.0,10.0,-0.027245161247003935,-0.02776365836163291,-0.026696729506581147
7435_liver_sham_Male_10-U1,tierA_p95,Hepatocytes,tnfa_nfkb_proximal,N4,10.0,15.0,-0.027246785615164464,-0.027668746572937924,-0.026859588902450545
7435_liver_sham_Male_10-U1,tierA_p95,Hepatocytes,tnfa_nfkb_proximal,N4,15.0,20.0,-0.027270478877799063,-0.02766049442952317,-0.026897162377906098
7435_liver_sham_Male_10-U1,tierA_p95,Hepatocytes,tnfa_nfkb_proximal,N4,20.0,25.0,-0.02726749026113604,-0.02760772277965064,-0.02693333928668897
7435_liver_sham_Male_10-U1,tierA_p95,Hepatocytes,tnfa_nfkb_proximal,N4,25.0,30.0,-0.027278505622573508,-0.027612402850077773,-0.026959774374368892
7435_liver_sham_Male_10-U1,tierA_p95,Hepatocytes,tnfa_nfkb_proximal,N4,30.0,35.0,-0.027284599765441713,-0.027616098903643943,-0.026959043902178046
7435_liver_sham_Male_10-U1,tierA_p95,Hepatocytes,tnfa_nfkb_proximal,N4,35.0,40.0,-0.02728500900846889,-0.02762585731942662,-0.026954505958616478
7435_liver_sham_Male_10-U1,tierA_p95,Hepatocytes,tnfa_nfkb_proximal,N4,40.0,45.0,-0.02730263995826512,-0.02765523490686314,-0.026947265855549355
7435_liver_sham_Male_10-U1,tierA_p95,Hepatocytes,tnfa_nfkb_proximal,N4,45.0,50.0,-0.027311270406896154,-0.027681873836963054,-0.026962665738641447
7435_liver_sham_Male_10-U1,tierA_p95,Hepatocytes,tnfa_nfkb_proximal,N4,50.0,55.0,-0.02730250112722215,-0.02772081014230432,-0.026895356190726347
7435_liver_sham_Male_10-U1,tierA_p95,Hepatocytes,tnfa_nfkb_proximal,N4,55.0,60.0,-0.027318333220336277,-0.027774418600889948,-0.026873271268808
7435_liver_sham_Male_10-U1,tierA_p95,Hepatocytes,tnfa_nfkb_proximal,N4,60.0,65.0,-0.027312119228865554,-0.0277960167849696,-0.02683554851936017
7435_liver_sham_Male_10-U1,tierA_p95,Hepatocytes,tnfa_nfkb_proximal,N4,65.0,70.0,-0.027328660426659768,-0.02788289479938428,-0.026737763163209548
7435_liver_sham_Male_10-U1,tierA_p95,Hepatocytes,tnfa_nfkb_proximal,N4,70.0,75.0,-0.027312613721723302,-0.027952640981530462,-0.026651429242887922
7435_liver_sham_Male_10-U1,tierA_p95,Hepatocytes,tnfa_nfkb_proximal,N4,75.0,80.0,-0.027315195982181996,-0.02811134422788604,-0.0266352190361628
7435_liver_sham_Male_10-U1,tierA_p95,Hepatocytes,tnfa_nfkb_proximal,N4,80.0,85.0,-0.0272788636340823,-0.028222587828349122,-0.026448647187461777
7435_liver_sham_Male_10-U1,tierA_p95,Hepatocytes,tnfa_nfkb_proximal,N4,85.0,90.0,-0.02727853418394885,-0.028420328317340048,-0.026258898595784515
7435_liver_sham_Male_10-U1,tierA_p95,Hepatocytes,tnfa_nfkb_proximal,N4,90.0,95.0,-0.027217098842154022,-0.028460363813087235,-0.026073985507365137
7435_liver_sham_Male_10-U1,tierA_p95,Hepatocytes,tnfa_nfkb_proximal,N4,95.0,100.0,-0.02694640232802732,-0.02736706372232006,-0.02594992098832803
