section,arm,week,call,scope,celltype,module,n,lam,n_perm,beta_obs,cov_obs,sender_set,n_senders_used,shift_radius_um,tissue_frac_bbox,beta_obs_full,N3_var_n_valid,N3_var_frac_cells_retained,N3_var_null_mean,N3_var_null_sd,N3_var_null_lo,N3_var_null_hi,N3_var_sf,N3_var_sf_wm,N3_var_beta_obs_wm,N3_var_p_naive,N3_var_cov_S0,N3_var_cov_p_rscount,N3_var_cov_p_rscount_1s,N3_var_beta_S0,N3_var_beta_p_rscount,N3_var_beta_p_rscount_1s,N3_var_cov_p_rsker10,N3_var_cov_p_rsker20,N3_var_cov_p_rsker30,N3_var_cov_p_raw,N3_var_full_null_mean,N3_var_full_sf,N3_var_full_sf_wm,N4_var_n_valid,N4_var_frac_cells_retained,N4_var_null_mean,N4_var_null_sd,N4_var_null_lo,N4_var_null_hi,N4_var_sf,N4_var_sf_wm,N4_var_beta_obs_wm,N4_var_p_naive,N4_var_cov_S0,N4_var_cov_p_rscount,N4_var_cov_p_rscount_1s,N4_var_beta_S0,N4_var_beta_p_rscount,N4_var_beta_p_rscount_1s,N4_var_cov_p_rsker10,N4_var_cov_p_rsker20,N4_var_cov_p_rsker30,N4_var_cov_p_raw,N4_var_full_null_mean,N4_var_full_sf,N4_var_full_sf_wm
7259_liver_sbr_Male_26-U1,sbr,26,tierA_p95,full,Biliary/ductular,downstream_arrest,31135,47.54182525407475,200,-0.0008533625478575182,-2.6173758159944373e-05,A_SENDER_FINAL_strict,5707,1737.890634059906,0.6732,5.1953458870248875e-05,200,0.6378278464750281,-1.0072478418162633e-05,0.0007321851913369321,-0.0013383852260991339,0.0013516960363000232,0.9881967184481544,1.0895723582034322,-0.0008452278902996709,0.27,-0.004542332532989555,0.16417910447761194,0.9353233830845771,-0.14805918668238904,0.14427860696517414,0.945273631840796,0.01990049751243781,0.004975124378109453,0.04477611940298507,0.27860696517412936,-2.002705821584369e-06,1.0385480748564986,0.38428503361992183,200,0.633092018628553,0.00011578474720846222,0.0006756248354781472,-0.001186229597357553,0.0014794328203525768,1.1356806055048412,1.1967478798258673,-0.0008099138899103328,0.22,-0.00523196906544017,0.08955223880597014,0.9701492537313433,-0.17015635008995608,0.07960199004975124,0.9751243781094527,0.03482587064676617,0.08955223880597014,0.06467661691542288,0.22388059701492538,9.920585800662351e-05,-0.9095140181981936,3.137128663849233
7259_liver_sbr_Male_26-U1,sbr,26,tierA_p95,full,Biliary/ductular,emt_ecm,31135,14.178039470333344,200,0.003181226676717009,0.00013022855709637186,A_SENDER_FINAL_strict,5707,1737.890634059906,0.6732,-0.0007526427875876304,200,0.6378278464750281,7.63009330257403e-05,0.001289728414860768,-0.002578487701798397,0.0024642544828815697,0.9760152479594814,0.9806048605122868,0.002868834795581082,0.02,0.0223577063927641,0.004975124378109453,0.004975124378109453,0.5451419351182114,0.014925373134328358,0.004975124378109453,0.014925373134328358,0.004975124378109453,0.004975124378109453,0.024875621890547265,-6.694721743588225e-06,0.9911050476348201,-0.6776955082197265,200,0.633092018628553,-2.0437549381571476e-05,0.0011217507234247321,-0.0018813611755070252,0.002061272769858057,1.0064244241163798,0.998738796057975,0.002872131713087722,0.005,0.022984650130661827,0.004975124378109453,0.004975124378109453,0.5621266258494061,0.004975124378109453,0.004975124378109453,0.014925373134328358,0.004975124378109453,0.004975124378109453,0.004975124378109453,-1.9537857091302505e-05,0.9740409960561435,0.7246168568826711
7259_liver_sbr_Male_26-U1,sbr,26,tierA_p95,full,Biliary/ductular,il6_jak_stat3,31135,17.345738419684505,200,0.0012835297493201153,5.6862511460324355e-05,A_SENDER_FINAL_strict,5707,1737.890634059906,0.6732,-0.001145758229217516,200,0.6378278464750281,6.378113311145477e-05,0.0010999475225711417,-0.0019963076073753437,0.002401080336949662,0.9503080211851423,1.6715179664540127,0.001289969050258249,0.22,0.009526062771434758,0.1044776119402985,0.05970149253731343,0.21415524102268715,0.1791044776119403,0.08955223880597014,0.0845771144278607,0.0845771144278607,0.0845771144278607,0.1890547263681592,5.050734634249841e-05,1.0440820280007868,1.0420328144886613,200,0.633092018628553,-0.0002636694874739091,0.0009817607371306824,-0.001946247687939231,0.0015067279942887713,1.2054253028522126,1.1836404632869546,0.0012039200963767037,0.195,0.011845260698967583,0.03980099502487562,0.029850746268656716,0.2716468139932367,0.04477611940298507,0.03482587064676617,0.19900497512437812,0.11940298507462686,0.11940298507462686,0.16417910447761194,-0.00032918739786743755,0.7126903482139921,0.7482588225826557
7259_liver_sbr_Male_26-U1,sbr,26,tierA_p95,full,Biliary/ductular,interferon_response,31135,30.20149733539872,200,0.0007536314790125304,3.146162253342325e-05,A_SENDER_FINAL_strict,5707,1737.890634059906,0.6732,-0.0012205962226842489,200,0.6378278464750281,0.0001285479068457036,0.0012239061292730533,-0.0020546038261232934,0.0030772938022389945,0.829428692370789,-0.5456072963213905,0.0008124969990451064,0.445,0.004608837205039263,0.43283582089552236,0.20398009950248755,0.10974796058617457,0.44776119402985076,0.21393034825870647,0.7611940298507462,0.5522388059701493,0.47761194029850745,0.4427860696517413,9.070699499571669e-05,1.0743136782745732,1.9824495825013586,200,0.633092018628553,1.2460532622625399e-06,0.001107252318150818,-0.002241944600552377,0.001970452223184644,0.9983466013602627,0.8079351705849437,0.0006073554928643493,0.505,0.005515982597973045,0.38308457711442784,0.19900497512437812,0.13209876203371884,0.39303482587064675,0.20398009950248755,0.2835820895522388,0.3781094527363184,0.39303482587064675,0.48756218905472637,-3.482404950216085e-05,0.971469640119336,1.0086466007604724
7259_liver_sbr_Male_26-U1,sbr,26,tierA_p95,full,Biliary/ductular,oxidative_stress,31135,6.999999999999999,200,-0.021956397337145002,-0.0004216260561351749,A_SENDER_FINAL_strict,5707,1737.890634059906,0.6732,-0.002671822982783597,200,0.6378278464750281,0.0001505439075857314,0.0028051548796743492,-0.005653727344126921,0.005090255062948559,1.0068564940447242,1.00682547223323,-0.02225355996934041,0.0,-0.0745052422721654,0.004975124378109453,1.0,-3.881387744677548,0.004975124378109453,1.0,0.009950248756218905,0.004975124378109453,0.004975124378109453,0.004975124378109453,0.00017533418807067318,1.065623429845642,1.1439136098069824,200,0.633092018628553,-0.0004182131919385984,0.002859729925011859,-0.0057861444303189055,0.00557207975717732,0.9809525585861447,0.9787990537644268,-0.020663640313104338,0.0,-0.07269175132795704,0.004975124378109453,1.0,-3.7815292065218795,0.004975124378109453,1.0,0.024875621890547265,0.004975124378109453,0.004975124378109453,0.004975124378109453,-0.0002421820253283541,0.9093570094692275,6.556541854878366
7259_liver_sbr_Male_26-U1,sbr,26,tierA_p95,full,Biliary/ductular,secondary_senescence,31135,6.999999999999999,200,-0.0019786928446775998,-3.799660060773826e-05,A_SENDER_FINAL_strict,5707,1737.890634059906,0.6732,-0.0015699318831342323,200,0.6378278464750281,-2.686744007603107e-05,0.001244262289174157,-0.002171821035798354,0.0023307186426608437,0.9864216216537597,0.964539798330719,-0.0019446106250061363,0.11,-0.006602871150623036,0.029850746268656716,1.0,-0.3426883493878441,0.04477611940298507,0.9900497512437811,0.06965174129353234,0.12437810945273632,0.09950248756218906,0.09950248756218906,9.327184357227662e-05,1.0594113952167579,1.1310414518983507,200,0.633092018628553,8.950508977486733e-05,0.0011727760318325181,-0.002256399238714887,0.002281267166170818,1.0452344536523812,1.0359729424196147,-0.0022139838043282907,0.1,-0.00696405803961517,0.01990049751243781,0.9900497512437811,-0.3631202538372242,0.01990049751243781,0.9900497512437811,0.03980099502487562,0.06467661691542288,0.06467661691542288,0.08955223880597014,0.00011907746331396196,1.0758488088516518,1.068517714111672
7259_liver_sbr_Male_26-U1,sbr,26,tierA_p95,full,Biliary/ductular,tnfa_nfkb_proximal,31135,49.99999999999999,200,0.002919497120273685,8.548609036744102e-05,A_SENDER_FINAL_strict,5707,1737.890634059906,0.6732,-0.00015707288535597383,200,0.6378278464750281,3.1123878060349744e-05,0.0012729575819868365,-0.002496617854017696,0.002380574422793176,0.9893393016748611,0.9854427643037366,0.002479679790664206,0.01,0.014863644980620734,0.004975124378109453,0.004975124378109453,0.5071211064558084,0.004975124378109453,0.004975124378109453,0.06965174129353234,0.014925373134328358,0.014925373134328358,0.024875621890547265,3.48294976797133e-05,1.2217409936844243,-1.3062778344068355,200,0.633092018628553,-0.00021816021125901488,0.0013580864837053745,-0.003038100569348095,0.002192209684543051,1.0747252702337187,1.0897575523564313,0.002291385187485011,0.04,0.016155568421716233,0.004975124378109453,0.004975124378109453,0.5508887267030422,0.004975124378109453,0.004975124378109453,0.03482587064676617,0.004975124378109453,0.004975124378109453,0.04477611940298507,-0.0001271262131654911,0.19065462586120244,-1.567194341404463
7259_liver_sbr_Male_26-U1,sbr,26,tierA_p95,full,DC,downstream_arrest,2623,36.94920399670096,200,0.004870410775980182,0.00018123071980416468,A_SENDER_FINAL_strict,5707,1737.890634059906,0.6732,0.008454275182954213,200,0.6283415935951201,0.00045650577174063684,0.003484693030158032,-0.0064553380156455184,0.0072230274565837785,0.9062695545123165,0.9670683932211426,0.005846028441706925,0.17,0.008397721004005546,0.13432835820895522,0.05472636815920398,0.22493449681604072,0.11940298507462686,0.04477611940298507,0.06965174129353234,0.2537313432835821,0.22885572139303484,0.1791044776119403,0.0004419431585323181,0.9477254822006057,0.9374567637747054,200,0.6196263820053374,-0.00016929118885409395,0.003957172837946116,-0.010270649369762188,0.0072572274721268435,1.0347591192285057,1.076310606911265,0.006115249159613292,0.195,0.009558135917553369,0.07960199004975124,0.04477611940298507,0.25682537899524044,0.07960199004975124,0.04477611940298507,0.1044776119402985,0.06467661691542288,0.05970149253731343,0.19402985074626866,-0.00023360103690900282,1.0276311134726248,1.0561679522689482
7259_liver_sbr_Male_26-U1,sbr,26,tierA_p95,full,DC,emt_ecm,2623,9.472463873139185,200,0.003917482497759235,0.00011825053237181742,A_SENDER_FINAL_strict,5707,1737.890634059906,0.6732,0.0029295460151485394,200,0.6283415935951201,-0.0003261802347724007,0.005656362482474502,-0.01029363569176323,0.011246992441073744,1.083262716542824,-5.580761818582664,0.0022369817988604117,0.505,0.006517073786206,0.2935323383084577,0.14427860696517414,0.21625887745253883,0.35323383084577115,0.1691542288557214,0.2935323383084577,0.35323383084577115,0.3482587064676617,0.4527363184079602,-0.00022133666662921899,1.0755532309390936,1.5040371391815097,200,0.6196263820053374,0.0003608092449139716,0.005079726977488073,-0.008914153271876031,0.008852899444493415,0.9078976753258371,2.6704250190323067,0.000663084218524242,0.47,0.005557984957326894,0.27860696517412936,0.14427860696517414,0.1812495981901296,0.39800995024875624,0.20398009950248755,0.13432835820895522,0.1791044776119403,0.21393034825870647,0.417910447761194,9.585164662526055e-06,0.996728105783981,1.5353415824171304
7259_liver_sbr_Male_26-U1,sbr,26,tierA_p95,full,DC,il6_jak_stat3,2623,13.48099749887925,200,0.009192734451848218,0.00037516108568271217,A_SENDER_FINAL_strict,5707,1737.890634059906,0.6732,0.0006062010587531547,200,0.6283415935951201,-0.0005892032336372497,0.005482322318027621,-0.011092284446965195,0.009563336912946176,1.0640944472750204,0.8123567806252231,0.009352364523451838,0.105,0.02018419590782735,0.01990049751243781,0.014925373134328358,0.49849175028849985,0.024875621890547265,0.01990049751243781,0.009950248756218905,0.009950248756218905,0.024875621890547265,0.07462686567164178,-0.0009516081214477065,2.569789606446731,4.028006254257105,200,0.6196263820053374,0.00044960276789483123,0.00514800473523262,-0.008131090117430021,0.010976547047542865,0.9510915092511524,0.936594824310497,0.009529035436302766,0.065,0.018327517531204197,0.01990049751243781,0.009950248756218905,0.445553749806009,0.04975124378109453,0.03980099502487562,0.19900497512437812,0.13930348258706468,0.09950248756218906,0.05472636815920398,0.0004736729578949993,0.21862070173671685,-6.611991554338102
7259_liver_sbr_Male_26-U1,sbr,26,tierA_p95,full,DC,interferon_response,2623,35.13265199376635,200,0.007225603428995759,0.0002779389852459355,A_SENDER_FINAL_strict,5707,1737.890634059906,0.6732,-0.0007249426447940414,200,0.6283415935951201,-9.369418684128706e-05,0.004615294055935049,-0.009978628975987966,0.008337688448581399,1.0129669705460584,1.0621783254238288,0.005941659154371202,0.095,0.01429606084821864,0.03980099502487562,0.01990049751243781,0.3729945535039438,0.03980099502487562,0.014925373134328358,0.009950248756218905,0.009950248756218905,0.03482587064676617,0.10945273631840796,-0.00044510322365639426,0.38601594643001097,2.878694989055664,200,0.6196263820053374,0.001061456361947143,0.00523422132331336,-0.00959908696911403,0.011569409908186688,0.8530978938468163,0.48436409888917986,0.004542847816300802,0.155,0.012080958804686473,0.1044776119402985,0.04477611940298507,0.3141275848698364,0.11442786069651742,0.04975124378109453,0.24875621890547264,0.26865671641791045,0.208955223880597,0.15422885572139303,0.0007789800092018054,2.0745401926563667,1.3274261321723768
7259_liver_sbr_Male_26-U1,sbr,26,tierA_p95,full,DC,oxidative_stress,2623,42.98209161773131,200,-0.014258851623238727,-0.00047317775671123596,A_SENDER_FINAL_strict,5707,1737.890634059906,0.6732,0.004702334329690411,200,0.6283415935951201,-0.00033178958384402405,0.008564560824963104,-0.017177970143083716,0.014847276067827268,0.9767309743722081,1.0708378182481564,-0.013811607992955242,0.09,-0.023595988263948733,0.04975124378109453,0.9651741293532339,-0.709729069598938,0.03980099502487562,0.9751243781094527,0.10945273631840796,0.05970149253731343,0.05970149253731343,0.09950248756218906,0.00011948262733874372,0.9745907842867884,21.142203281591883,200,0.6196263820053374,0.0005088120691135474,0.007796274964301655,-0.013595336740240785,0.018426499554730743,1.0356839444408201,-9.616293468633579,-0.008924305224980911,0.085,-0.02489935460161143,0.01990049751243781,0.9900497512437811,-0.7525664912582469,0.024875621890547265,0.9900497512437811,0.11940298507462686,0.009950248756218905,0.04477611940298507,0.0945273631840796,0.0002781302042401889,0.9408527372279588,0.7978209285356125
7259_liver_sbr_Male_26-U1,sbr,26,tierA_p95,full,DC,secondary_senescence,2623,49.99999999999999,200,-0.003514512654569425,-0.00010184914391322569,A_SENDER_FINAL_strict,5707,1737.890634059906,0.6732,0.0007512246553174875,200,0.6283415935951201,-0.00041688155283047977,0.003719736159277843,-0.007849190578405867,0.007999705611482312,0.8813828277760026,0.7681196179498306,-0.0038742903286887076,0.305,-0.00453378889244948,0.27860696517412936,0.8756218905472637,-0.15785661280025898,0.263681592039801,0.8756218905472637,0.2835820895522388,0.3681592039800995,0.3482587064676617,0.34328358208955223,-0.00021933254666723368,1.291966650874282,0.001666462546390477,200,0.6196263820053374,0.0003400024977420105,0.003659762014247161,-0.005655925178846768,0.007573424131605562,1.0967424309313423,1.0173536132649144,-0.0028796239458318495,0.33,-0.005733726116108133,0.17412935323383086,0.9203980099502488,-0.19642774944685326,0.14925373134328357,0.9253731343283582,0.11442786069651742,0.16417910447761194,0.1791044776119403,0.3383084577114428,0.0003449280979871401,0.5408456105033397,6.0353530152235315
7259_liver_sbr_Male_26-U1,sbr,26,tierA_p95,full,DC,tnfa_nfkb_proximal,2623,6.999999999999999,200,0.0034527310930646906,6.838665966398376e-05,A_SENDER_FINAL_strict,5707,1737.890634059906,0.6732,-0.004898174643903165,200,0.6283415935951201,-0.000561904518800521,0.00607181043474697,-0.010954503129435666,0.011261972298847008,1.1627420449652706,0.8213972963861548,0.0023643978778014507,0.565,0.0040148467822130815,0.39303482587064675,0.18407960199004975,0.2045875569110121,0.43283582089552236,0.20398009950248755,0.23383084577114427,0.31840796019900497,0.36318407960199006,0.5373134328358209,-0.0009479697806642207,0.8064646833603262,0.9646776079577069,200,0.6196263820053374,0.0014873374093840267,0.006747207385671748,-0.010119904903194067,0.014397469777008062,0.569228715096997,1.5285741109417628,0.00319077644404398,0.625,0.0020796867219879597,0.7014925373134329,0.3482587064676617,0.1001573071598762,0.7412935323383084,0.36318407960199006,0.7512437810945274,0.7661691542288557,0.7711442786069652,0.582089552238806,0.001219397109655347,1.2489492919925078,-1.2082343736048127
7259_liver_sbr_Male_26-U1,sbr,26,tierA_p95,full,Endothelial,downstream_arrest,12292,49.99999999999999,200,-0.00340520265383396,-9.253485545309861e-05,A_SENDER_FINAL_strict,5707,1737.890634059906,0.6732,-0.0005743399099850589,200,0.648132118451025,-3.533365275685143e-05,0.0009848654771544287,-0.00217907400562751,0.0016927356092150125,0.9896236270352166,0.9844100662359366,-0.003141328329442266,0.005,-0.01008358326761469,0.009950248756218905,0.9950248756218906,-0.3717562106184092,0.004975124378109453,1.0,0.07960199004975124,0.009950248756218905,0.014925373134328358,0.014925373134328358,-7.321914931614837e-05,0.8725159995967317,1.6850461995332693,200,0.6516738529124634,-0.00024252616351755414,0.0009644579082477665,-0.0019431890075776194,0.0015984948211582735,0.9287777591608268,0.8266539382841482,-0.0022131732571965736,0.0,-0.009405301970585304,0.004975124378109453,1.0,-0.34889920856750056,0.004975124378109453,1.0,0.05970149253731343,0.004975124378109453,0.004975124378109453,0.014925373134328358,-0.00023463536946197885,0.5914695019747404,0.949252993886418
7259_liver_sbr_Male_26-U1,sbr,26,tierA_p95,full,Endothelial,emt_ecm,12292,30.20149733539872,200,0.016784041511392123,0.0006062584631854331,A_SENDER_FINAL_strict,5707,1737.890634059906,0.6732,0.0018794556546615445,200,0.648132118451025,2.646062590122809e-06,0.0019436357652052533,-0.004186684858318132,0.003703261871738229,0.9998423465177725,1.0015169624560014,0.015979886349170913,0.0,0.06685847888997441,0.004975124378109453,0.004975124378109453,1.8512850140292145,0.004975124378109453,0.004975124378109453,0.009950248756218905,0.004975124378109453,0.004975124378109453,0.004975124378109453,2.2228096463507746e-05,0.9881731200156938,2.4585066370772797,200,0.6516738529124634,-0.00010205288175314643,0.001648516384294919,-0.002768709397318548,0.0029704973973394386,1.0060803520822967,1.0080623159261286,0.015274843836368089,0.0,0.06732000705433697,0.004975124378109453,0.004975124378109453,1.8628351611691656,0.004975124378109453,0.004975124378109453,0.004975124378109453,0.004975124378109453,0.004975124378109453,0.004975124378109453,-0.00017179959480155663,1.0914092303138139,1.058583264536185
7259_liver_sbr_Male_26-U1,sbr,26,tierA_p95,full,Endothelial,il6_jak_stat3,12292,6.999999999999999,200,0.006130100440848637,6.813678355701219e-05,A_SENDER_FINAL_strict,5707,1737.890634059906,0.6732,-0.008529360702816225,200,0.648132118451025,-0.0003314799870033383,0.003400804796038992,-0.007227783186121151,0.0056221254833763775,1.0540741526508248,1.0842884402251827,0.006288491783642373,0.07,0.008203283596476355,0.11940298507462686,0.04477611940298507,0.7128267163193993,0.014925373134328358,0.004975124378109453,0.582089552238806,0.15920398009950248,0.09950248756218906,0.263681592039801,-0.00016113655226803708,0.9811080152566611,0.9839307380673565,200,0.6516738529124634,0.0009553684450762999,0.003168013018889226,-0.004840089188555027,0.007144516772814208,0.8441512575046747,0.8616657678526335,0.006998371278605135,0.065,0.005622815824464416,0.24378109452736318,0.11940298507462686,0.5708645520343013,0.04975124378109453,0.03482587064676617,0.36318407960199006,0.3681592039800995,0.373134328358209,0.22885572139303484,0.0007575714757615978,1.0888192564668373,1.1293080134256652
7259_liver_sbr_Male_26-U1,sbr,26,tierA_p95,full,Endothelial,interferon_response,12292,6.999999999999999,200,0.007623340457425502,8.473432103456808e-05,A_SENDER_FINAL_strict,5707,1737.890634059906,0.6732,-0.0045603277525074395,200,0.648132118451025,-0.0005797988094649757,0.0025474910545028075,-0.005243232309950573,0.0041763376644511855,1.0760557412728726,1.218056337549822,0.007618258318718063,0.0,0.010525299622653434,0.014925373134328358,0.004975124378109453,0.9049514886363679,0.004975124378109453,0.004975124378109453,0.009950248756218905,0.004975124378109453,0.024875621890547265,0.07462686567164178,-0.0004898081756761655,0.8925936462775398,0.08390484349534125,200,0.6516738529124634,0.0008963826159000656,0.0024033757901425422,-0.004174122908702921,0.00609739391482201,0.882416032590156,0.8877040003897744,0.008087223921187587,0.0,0.007571175380774143,0.04975124378109453,0.024875621890547265,0.7421025432608699,0.009950248756218905,0.004975124378109453,0.05970149253731343,0.024875621890547265,0.1044776119402985,0.07462686567164178,0.0008233795935827385,1.1805527230208428,1.2540172269400829
7259_liver_sbr_Male_26-U1,sbr,26,tierA_p95,full,Endothelial,oxidative_stress,12292,6.999999999999999,200,-0.04654156562692925,-0.0005173149468147282,A_SENDER_FINAL_strict,5707,1737.890634059906,0.6732,-0.0031791092498253495,200,0.648132118451025,0.0005033646107033301,0.005307139200055311,-0.00989434962162876,0.009613051805216573,1.0108153776935274,1.0114475605330029,-0.04312325333568987,0.0,-0.058083893754515364,0.004975124378109453,1.0,-5.189888683613408,0.004975124378109453,1.0,0.004975124378109453,0.004975124378109453,0.004975124378109453,0.004975124378109453,0.0002801932412048706,1.0881357698607759,2.557366615905615,200,0.6516738529124634,-0.0009202994965119629,0.00533192173044312,-0.010737547600493804,0.00838655231476919,0.9802262883915648,0.9775867291834953,-0.03913275627707744,0.0,-0.05522856409691886,0.004975124378109453,1.0,-5.032833328190798,0.004975124378109453,1.0,0.024875621890547265,0.004975124378109453,0.004975124378109453,0.004975124378109453,-0.0003390638772424176,0.8933462644415114,1.311184884385441
7259_liver_sbr_Male_26-U1,sbr,26,tierA_p95,full,Endothelial,secondary_senescence,12292,49.99999999999999,200,0.0037511832900996465,0.00010193672412907006,A_SENDER_FINAL_strict,5707,1737.890634059906,0.6732,0.0003248244301515953,200,0.648132118451025,-0.0001957452238304957,0.0018799123586327859,-0.003466189761576325,0.0035561908992292213,1.052182260554188,1.0572901249603006,0.0037002921130002008,0.045,0.01189412015377876,0.014925373134328358,0.009950248756218905,0.4354160910858637,0.009950248756218905,0.009950248756218905,0.03482587064676617,0.029850746268656716,0.03482587064676617,0.06467661691542288,-9.713206549636082e-05,1.2990294339961725,2.813421581607662,200,0.6516738529124634,0.00038419197397191693,0.001506310336139085,-0.0021865527778721374,0.00351086732502703,0.8975811246051613,0.915583477774623,0.003953083068578012,0.02,0.00995650008612063,0.01990049751243781,0.014925373134328358,0.37143875102226676,0.009950248756218905,0.009950248756218905,0.05970149253731343,0.04975124378109453,0.06467661691542288,0.04477611940298507,0.00024500322811489014,0.2457364490702029,0.8815924227658286
7259_liver_sbr_Male_26-U1,sbr,26,tierA_p95,full,Endothelial,tnfa_nfkb_proximal,12292,6.999999999999999,200,0.010252236829560883,0.00011395481176395083,A_SENDER_FINAL_strict,5707,1737.890634059906,0.6732,-0.00042951855197069044,200,0.648132118451025,-0.0006162515442803426,0.0019559396215662246,-0.00443648093376936,0.0029353193042278435,1.0601089844611733,1.0599568751915065,0.010062777848007914,0.0,0.013818630814784882,0.004975124378109453,0.004975124378109453,1.198986682187946,0.004975124378109453,0.004975124378109453,0.014925373134328358,0.004975124378109453,0.004975124378109453,0.004975124378109453,-0.0005382775604075886,-0.2532114339133823,-2.047339537839389,200,0.6516738529124634,0.0006984092171907857,0.0021199242587610664,-0.003535621304369778,0.004646551250466467,0.931877381609346,0.9189209817026878,0.009234146155620529,0.0,0.0111975735483218,0.009950248756218905,0.004975124378109453,1.0539563255844682,0.004975124378109453,0.004975124378109453,0.029850746268656716,0.004975124378109453,0.01990049751243781,0.009950248756218905,0.0006120876246571518,2.4250551503510365,4.255188647106807
7259_liver_sbr_Male_26-U1,sbr,26,tierA_p95,full,Hepatocytes,downstream_arrest,28529,49.99999999999999,200,-0.001548355096018633,-3.9400152604446226e-05,A_SENDER_FINAL_strict,5707,1737.890634059906,0.6732,-0.00015802018972646713,200,0.6420442356899997,-6.52047675547251e-05,0.0008183603823351428,-0.0017902079282455575,0.0016295308571519398,0.9578877172798477,0.9449516349991305,-0.0016477226905728852,0.075,-0.006247384386602724,0.0845771144278607,0.9552238805970149,-0.2492656214509488,0.04477611940298507,0.9751243781094527,0.7263681592039801,0.38308457711442784,0.27860696517412936,0.12935323383084577,-8.133554144963173e-05,0.4852838641035458,-0.2441824735583048,200,0.6391177398436678,3.9889548836811295e-05,0.0007430700146131538,-0.0014561121468391297,0.001476757165475548,1.0257625327286883,1.0968466932925125,-0.0013487806145998415,0.035,-0.006827445685829779,0.03482587064676617,0.9900497512437811,-0.2669282950070613,0.014925373134328358,1.0,0.22885572139303484,0.0845771144278607,0.06467661691542288,0.09950248756218906,-1.7154856697111572e-05,0.8914388298937836,1.8811557576599507
7259_liver_sbr_Male_26-U1,sbr,26,tierA_p95,full,Hepatocytes,emt_ecm,28529,6.999999999999999,200,0.01776269830407003,0.0001334979147806489,A_SENDER_FINAL_strict,5707,1737.890634059906,0.6732,0.003503332807333452,200,0.6420442356899997,7.150318118546872e-05,0.0014490671680363854,-0.0026492874084872485,0.002862209988676102,0.9959745315738946,0.9986514919597943,0.017490255687737724,0.0,0.022199817671707357,0.004975124378109453,0.004975124378109453,2.973270249067086,0.004975124378109453,0.004975124378109453,0.03482587064676617,0.004975124378109453,0.004975124378109453,0.004975124378109453,-6.422576301667301e-05,1.018332760987546,0.9992224149780783,200,0.6391177398436678,0.00022317874006408305,0.0011339904887450788,-0.001708851434726174,0.002492205498978192,0.9874355384388336,0.9831290607020975,0.015195800286739012,0.0,0.021744699436271733,0.004975124378109453,0.004975124378109453,2.9477789002016244,0.004975124378109453,0.004975124378109453,0.01990049751243781,0.004975124378109453,0.004975124378109453,0.004975124378109453,0.0001043709345144175,0.9702081017550088,-1.8113566831048862
7259_liver_sbr_Male_26-U1,sbr,26,tierA_p95,full,Hepatocytes,il6_jak_stat3,28529,6.999999999999999,200,0.009890121534666821,7.433052001466943e-05,A_SENDER_FINAL_strict,5707,1737.890634059906,0.6732,0.002899943038472746,200,0.6420442356899997,0.0001302992978420059,0.0012356247594324816,-0.002244263177376827,0.002155207272586383,0.9868253087300007,0.9877354583280331,0.01027916732080117,0.0,0.012086634543972697,0.004975124378109453,0.004975124378109453,1.640284270868587,0.004975124378109453,0.004975124378109453,0.05970149253731343,0.009950248756218905,0.004975124378109453,0.004975124378109453,1.9233072477507686e-05,0.9933677757727143,1.0018577780016777,200,0.6391177398436678,-7.087608952488015e-06,0.0012354108258794913,-0.0020879547081703075,0.0023624510444059076,1.0007166351725452,0.9990360443665716,0.009511567713765599,0.0,0.012494473889261186,0.004975124378109453,0.004975124378109453,1.663374197792462,0.004975124378109453,0.004975124378109453,0.08955223880597014,0.01990049751243781,0.004975124378109453,0.009950248756218905,-0.0001018539817891923,1.035122752563731,1.2701212368338297
7259_liver_sbr_Male_26-U1,sbr,26,tierA_p95,full,Hepatocytes,interferon_response,28529,6.999999999999999,200,0.008894888368903339,6.685071317025968e-05,A_SENDER_FINAL_strict,5707,1737.890634059906,0.6732,-0.00043135519383230613,200,0.6420442356899997,0.00020817190234834245,0.0011977521035409324,-0.002051333972720233,0.002425814608771285,0.9765964570082617,0.9643195248852965,0.009123574486231197,0.0,0.010606847273233916,0.004975124378109453,0.004975124378109453,1.4599327774458388,0.004975124378109453,0.004975124378109453,0.0845771144278607,0.01990049751243781,0.01990049751243781,0.004975124378109453,6.676482518739372e-05,1.1547792309957656,2.754746447979823,200,0.6391177398436678,-4.388241652454276e-05,0.0010324320270776422,-0.0021451254970928425,0.0018154697393057975,1.0049334420742093,1.0021078563522392,0.00877678270383599,0.0,0.011350947063083731,0.004975124378109453,0.004975124378109453,1.5022942800039214,0.004975124378109453,0.004975124378109453,0.0945273631840796,0.009950248756218905,0.004975124378109453,0.004975124378109453,-0.0001565577777372751,0.6370560040175648,-0.42633395084237813
7259_liver_sbr_Male_26-U1,sbr,26,tierA_p95,full,Hepatocytes,oxidative_stress,28529,6.999999999999999,200,-0.01836946621432486,-0.00013805815947929756,A_SENDER_FINAL_strict,5707,1737.890634059906,0.6732,-0.0015325785511071017,200,0.6420442356899997,4.084973550101935e-05,0.002739171062994966,-0.004843058479389152,0.005064402885216849,1.0022237845686102,0.9996376124849077,-0.02024426786821734,0.0,-0.02327171900913237,0.004975124378109453,1.0,-3.0941292721787206,0.004975124378109453,1.0,0.03980099502487562,0.009950248756218905,0.009950248756218905,0.014925373134328358,-5.366535842894107e-05,0.9649836164089767,0.6759264722674259,200,0.6391177398436678,0.00020058843874906095,0.002401449812657106,-0.005153539256852944,0.004237813854318639,1.010919666168233,1.0105846829934113,-0.021694714129841353,0.0,-0.023802921082884503,0.009950248756218905,0.9950248756218906,-3.1209757531933127,0.004975124378109453,1.0,0.04477611940298507,0.009950248756218905,0.009950248756218905,0.009950248756218905,0.0003503107735863789,1.2285760643937773,0.17377345737121175
7259_liver_sbr_Male_26-U1,sbr,26,tierA_p95,full,Hepatocytes,secondary_senescence,28529,49.99999999999999,200,0.0026253766699645084,6.680653663151026e-05,A_SENDER_FINAL_strict,5707,1737.890634059906,0.6732,0.0021647558002915344,200,0.6420442356899997,-8.88060679766629e-05,0.0009762807471660916,-0.0021317170916451194,0.001629637857313835,1.0338260292294985,1.0095924676846446,0.0030168805339322504,0.015,0.011674578136274575,0.014925373134328358,0.009950248756218905,0.4561590513923467,0.009950248756218905,0.004975124378109453,0.3383084577114428,0.04477611940298507,0.029850746268656716,0.029850746268656716,-7.079958473528551e-05,1.0327055757170167,1.1330134289670872,200,0.6391177398436678,0.00024277174478453282,0.0009662482933754023,-0.002014973359047263,0.002055905196908191,0.9075287947965902,0.9131422657368975,0.0029499462863621317,0.0,0.009986512603784654,0.03482587064676617,0.004975124378109453,0.4004324348983417,0.014925373134328358,0.004975124378109453,0.08955223880597014,0.014925373134328358,0.009950248756218905,0.03980099502487562,0.0001397489885562902,0.9354435319967871,0.9010070974273148
7259_liver_sbr_Male_26-U1,sbr,26,tierA_p95,full,Hepatocytes,tnfa_nfkb_proximal,28529,8.14292620081837,200,0.003913613595699361,4.1152252138387495e-05,A_SENDER_FINAL_strict,5707,1737.890634059906,0.6732,0.0015493599091438554,200,0.6420442356899997,9.049474345026095e-06,0.00083377649886728,-0.0015959666124091359,0.0015226425195026471,0.9976876934516554,1.0033974355603161,0.0039739276674186095,0.0,0.006877014729835689,0.014925373134328358,0.004975124378109453,0.6562204676935758,0.004975124378109453,0.004975124378109453,0.07960199004975124,0.0845771144278607,0.05970149253731343,0.029850746268656716,-3.608738250245132e-05,1.0232918008846585,0.6542204517095986,200,0.6391177398436678,-4.143653374240587e-05,0.0007439485840705918,-0.0015395058282674395,0.001300666198514958,1.010587793794446,1.0196660566696396,0.003556428593439824,0.0,0.007057770699662652,0.004975124378109453,0.004975124378109453,0.6647053973321815,0.004975124378109453,0.004975124378109453,0.03980099502487562,0.009950248756218905,0.004975124378109453,0.009950248756218905,-0.00012156973426727106,1.0784644894641995,1.0285529105644822
7259_liver_sbr_Male_26-U1,sbr,26,tierA_p95,full,Macrophages,downstream_arrest,12526,49.99999999999999,200,-0.003422434172578657,-9.797443708169436e-05,A_SENDER_FINAL_strict,5707,1737.890634059906,0.6732,0.0012632467563954964,200,0.6348231678109533,-8.319802776596441e-05,0.0011258705283337912,-0.0023727145738121017,0.0021150465493685526,0.975690393570586,0.9780214928060702,-0.0032180030179271386,0.01,-0.01062615381246216,0.004975124378109453,1.0,-0.3718666869785853,0.004975124378109453,1.0,0.12935323383084577,0.024875621890547265,0.009950248756218905,0.01990049751243781,-9.407811707173751e-05,1.0744732702422897,1.0807334377906614,200,0.6292276065783171,-7.101644416381318e-05,0.0012554135109654533,-0.0025383479426085618,0.0021430261922614114,0.9792497267784394,0.9651834780227253,-0.0031558204503802883,0.005,-0.010670218068950302,0.004975124378109453,1.0,-0.3732232622370682,0.004975124378109453,1.0,0.15422885572139303,0.024875621890547265,0.024875621890547265,0.009950248756218905,-2.4375096546735497e-05,1.0192955940106956,0.4720244023453841
7259_liver_sbr_Male_26-U1,sbr,26,tierA_p95,full,Macrophages,emt_ecm,12526,36.94920399670096,200,0.014512015058566816,0.000520226892857864,A_SENDER_FINAL_strict,5707,1737.890634059906,0.6732,-0.0006178276813212161,200,0.6348231678109533,5.361796963331075e-05,0.002405384775455442,-0.004503332007606438,0.004636778245637578,0.996305270535007,0.994751839179462,0.013926680834387717,0.0,0.057730868207902394,0.004975124378109453,0.004975124378109453,1.6101275834698758,0.004975124378109453,0.004975124378109453,0.014925373134328358,0.004975124378109453,0.004975124378109453,0.004975124378109453,-6.953287208522445e-05,0.8874558810046689,20.591959202057243,200,0.6292276065783171,-1.331587878100126e-05,0.0022372334478111327,-0.003945742371055973,0.004439093844616665,1.000917576141374,1.0004878105692738,0.012703103689927464,0.0,0.05797638268465338,0.004975124378109453,0.004975124378109453,1.6175815242446914,0.004975124378109453,0.004975124378109453,0.014925373134328358,0.004975124378109453,0.004975124378109453,0.004975124378109453,-0.0002283088300405954,0.6304651977516448,-1.8110554403482408
7259_liver_sbr_Male_26-U1,sbr,26,tierA_p95,full,Macrophages,il6_jak_stat3,12526,6.999999999999999,200,0.010561759537395535,0.00015799791236737007,A_SENDER_FINAL_strict,5707,1737.890634059906,0.6732,-9.860412718821083e-05,200,0.6348231678109533,1.9746028744160705e-05,0.0034512327785392854,-0.006504858175340509,0.007494046609015389,0.9981304224287395,0.9966284682218185,0.010744996955839995,0.005,0.017552732047592237,0.004975124378109453,0.004975124378109453,1.17398814205923,0.004975124378109453,0.004975124378109453,0.014925373134328358,0.004975124378109453,0.004975124378109453,0.01990049751243781,-4.557501508404679e-05,0.537798098480651,-4.682241518617354,200,0.6292276065783171,0.000614838049505307,0.0031306428516021927,-0.005576052183669101,0.006778290587441633,0.9417863995740124,0.9318695337828428,0.00933866699367639,0.0,0.016350290874373095,0.004975124378109453,0.004975124378109453,1.1077170283640791,0.004975124378109453,0.004975124378109453,0.029850746268656716,0.004975124378109453,0.004975124378109453,0.009950248756218905,0.00047550417568862914,5.822355709117627,1.958372816443235
7259_liver_sbr_Male_26-U1,sbr,26,tierA_p95,full,Macrophages,interferon_response,12526,6.999999999999999,200,0.011314308857436743,0.00016925562194682105,A_SENDER_FINAL_strict,5707,1737.890634059906,0.6732,0.0002700273755421582,200,0.6348231678109533,0.0002401396170076291,0.0029163309511000372,-0.005654663213699851,0.0052691675886684785,0.9787755823149737,0.9735049254181427,0.011661505805409856,0.0,0.018361219401536018,0.004975124378109453,0.004975124378109453,1.2332504943909945,0.004975124378109453,0.004975124378109453,0.004975124378109453,0.004975124378109453,0.004975124378109453,0.009950248756218905,9.285466151980748e-05,0.656128711641274,70.48823387928505,200,0.6292276065783171,0.0004911778677678644,0.0031995202855389956,-0.005100041737032644,0.007225171573505758,0.9565879035160844,0.9495792962522935,0.0093602011307773,0.0,0.017842759079856666,0.004975124378109453,0.004975124378109453,1.205294171876899,0.004975124378109453,0.004975124378109453,0.029850746268656716,0.009950248756218905,0.009950248756218905,0.009950248756218905,0.0003524473229244705,-0.3052281170263956,0.0782186732458635
7259_liver_sbr_Male_26-U1,sbr,26,tierA_p95,full,Macrophages,oxidative_stress,12526,6.999999999999999,200,-0.04323082660852366,-0.0006467085649771216,A_SENDER_FINAL_strict,5707,1737.890634059906,0.6732,-0.010441664289586351,200,0.6348231678109533,-2.0107185962245712e-07,0.005223803682059309,-0.009721889005928673,0.010193529980350767,0.9999953488777478,0.9997324252735923,-0.04625765029090394,0.0,-0.07206685505779645,0.004975124378109453,1.0,-4.814283505916242,0.004975124378109453,1.0,0.004975124378109453,0.004975124378109453,0.004975124378109453,0.004975124378109453,0.00011490133119517938,1.0110041204168738,1.0481818109651568,200,0.6292276065783171,-0.0009412541094634491,0.00490650212110984,-0.010650505149803657,0.008184133681539186,0.9782272470062401,0.9795303639501998,-0.046862067678013444,0.0,-0.07010060103987518,0.004975124378109453,1.0,-4.709485204691427,0.004975124378109453,1.0,0.029850746268656716,0.004975124378109453,0.004975124378109453,0.004975124378109453,-0.0005448116918401447,0.9478232897811611,0.9621878881159327
7259_liver_sbr_Male_26-U1,sbr,26,tierA_p95,full,Macrophages,secondary_senescence,12526,49.99999999999999,200,0.001673435984704755,4.790565437527968e-05,A_SENDER_FINAL_strict,5707,1737.890634059906,0.6732,6.222952370826727e-06,200,0.6348231678109533,-6.4695110994157816e-06,0.0015876525523630693,-0.0031125240272610087,0.0035262222270676996,1.0038660045311247,-15.199166205710535,0.0012087610485327436,0.27,0.005340443231138093,0.20398009950248755,0.10945273631840796,0.18707897976375557,0.1791044776119403,0.09950248756218906,0.6417910447761194,0.26865671641791045,0.2736318407960199,0.29850746268656714,-2.664628683473917e-05,5.281936490412055,6.274081739416123,200,0.6292276065783171,0.00011648401203193433,0.0015839041138261463,-0.0031565324681109676,0.0031865785470570167,0.9303923107327672,1.5882456718641087,0.0009952156973326695,0.3,0.004952922259741966,0.24875621890547264,0.1044776119402985,0.17338653115684077,0.21393034825870647,0.0945273631840796,0.20398009950248755,0.14427860696517414,0.23383084577114427,0.31840796019900497,-3.0667314840928954e-06,1.492809731032133,-2.0636658247611
7259_liver_sbr_Male_26-U1,sbr,26,tierA_p95,full,Macrophages,tnfa_nfkb_proximal,12526,49.99999999999999,200,0.003969048933615487,0.00011362244397170774,A_SENDER_FINAL_strict,5707,1737.890634059906,0.6732,-4.610640602134626e-05,200,0.6348231678109533,-3.509064377367865e-05,0.0019331582315976516,-0.004110799909276363,0.0032746979506347515,1.008841071087958,1.0354971832779507,0.004194528273612141,0.045,0.012753872447308691,0.014925373134328358,0.009950248756218905,0.44591219496609297,0.009950248756218905,0.009950248756218905,0.004975124378109453,0.009950248756218905,0.004975124378109453,0.06467661691542288,1.0353888523478e-05,1.2245650749417418,0.40640703142338536,200,0.6292276065783171,0.0004324002514586383,0.0015950584226001748,-0.0034475800727020306,0.0030987270573336503,0.8910569613298378,0.8213961936710951,0.0036233388363587776,0.015,0.011168581536387915,0.01990049751243781,0.004975124378109453,0.3938510998941701,0.014925373134328358,0.004975124378109453,0.04477611940298507,0.014925373134328358,0.009950248756218905,0.029850746268656716,0.00024323055682722722,6.275417839217761,-1.7877511074097148
7259_liver_sbr_Male_26-U1,sbr,26,tierA_p95,full,Mesenchymal,downstream_arrest,14352,6.999999999999999,200,-0.0033378177959874212,-4.932217933066704e-05,A_SENDER_FINAL_strict,5707,1737.890634059906,0.6732,-9.205567885366401e-05,200,0.6247798216276478,9.355425457656157e-05,0.0013155941496524471,-0.0027512051180047657,0.0028367704496030394,1.0280285684524268,1.0352102778876258,-0.0032873346139645015,0.015,-0.006080545752341411,0.009950248756218905,0.9950248756218906,-0.4090326356289294,0.004975124378109453,1.0,0.06467661691542288,0.014925373134328358,0.029850746268656716,0.05970149253731343,0.00012125171091660814,2.317156230082834,-10.205963175965184,200,0.6096498745819398,-1.562849641332245e-05,0.0012967706474726426,-0.0026525064641088076,0.00263989752681068,0.9953177502881941,0.9933713171487909,-0.003411646564031112,0.015,-0.005828619576860544,0.004975124378109453,1.0,-0.39601763528955525,0.004975124378109453,1.0,0.04477611940298507,0.009950248756218905,0.014925373134328358,0.04975124378109453,-4.703832271630065e-05,0.4890231292403486,3.496536341137772
7259_liver_sbr_Male_26-U1,sbr,26,tierA_p95,full,Mesenchymal,emt_ecm,14352,6.999999999999999,200,0.03775735032331089,0.0005579318337675305,A_SENDER_FINAL_strict,5707,1737.890634059906,0.6732,0.0018688784480799716,200,0.6247798216276478,1.283104656097482e-05,0.003907317569123909,-0.006901251863714666,0.007556540342528926,0.9996601708951739,1.0007070152608788,0.036583947027704414,0.0,0.06645738838759965,0.004975124378109453,0.004975124378109453,4.49929065482084,0.004975124378109453,0.004975124378109453,0.004975124378109453,0.004975124378109453,0.004975124378109453,0.004975124378109453,-0.0003773564964833857,1.2019160191349365,-0.8914437275017351,200,0.6096498745819398,0.00038805418020461185,0.004127630938351028,-0.007378166877530317,0.0075263078452698084,0.9897224202206522,0.9908150829149861,0.03592275957493183,0.0,0.06565303988553091,0.004975124378109453,0.004975124378109453,4.454562626195096,0.004975124378109453,0.004975124378109453,0.024875621890547265,0.004975124378109453,0.004975124378109453,0.004975124378109453,0.00033500746014821165,0.8207441150105893,0.4438131494317141
7259_liver_sbr_Male_26-U1,sbr,26,tierA_p95,full,Mesenchymal,il6_jak_stat3,14352,12.818224546846722,200,0.006228940293023756,0.00020386414816185374,A_SENDER_FINAL_strict,5707,1737.890634059906,0.6732,-0.0004708193073791787,200,0.6247798216276478,5.2222050216371394e-05,0.0018772390457778986,-0.003310916406059687,0.003631592915405869,0.9916162223813803,0.9906770356250852,0.006624027782348174,0.005,0.02410885839324551,0.004975124378109453,0.004975124378109453,0.7362883724536778,0.004975124378109453,0.004975124378109453,0.014925373134328358,0.004975124378109453,0.004975124378109453,0.009950248756218905,-4.320587084679163e-05,0.9082325848374876,-28.296365760543605,200,0.6096498745819398,-0.00019708931566641926,0.0018831458638557958,-0.003968259001257153,0.0031708591685636156,1.0316409062207827,1.0340765740584439,0.0068708419750100405,0.005,0.025108324948849146,0.004975124378109453,0.004975124378109453,0.7660072381367289,0.004975124378109453,0.004975124378109453,0.029850746268656716,0.009950248756218905,0.004975124378109453,0.009950248756218905,-0.0001659936853350833,0.6474365372586585,-1.6564612891957342
7259_liver_sbr_Male_26-U1,sbr,26,tierA_p95,full,Mesenchymal,interferon_response,14352,6.999999999999999,200,0.011975180268436452,0.00017695453281689979,A_SENDER_FINAL_strict,5707,1737.890634059906,0.6732,0.0009591681741883617,200,0.6247798216276478,7.56595450681452e-05,0.0020505764221071475,-0.004258166552163083,0.003517027609691718,0.9936819702608097,0.9923031951402563,0.012838349784490787,0.0,0.020939770087976928,0.004975124378109453,0.004975124378109453,1.4184682548196461,0.004975124378109453,0.004975124378109453,0.009950248756218905,0.004975124378109453,0.004975124378109453,0.004975124378109453,-0.00012000433117804965,1.125112920139991,1.0503523102094998,200,0.6096498745819398,-9.128869425172703e-05,0.002097938461581426,-0.00416789323992834,0.003983591262068891,1.0076231582494288,1.0050420447249007,0.013064275215907438,0.0,0.021290696874368104,0.004975124378109453,0.004975124378109453,1.438369121684664,0.004975124378109453,0.004975124378109453,0.024875621890547265,0.009950248756218905,0.009950248756218905,0.004975124378109453,-8.313970977749108e-06,1.0086678970398328,1.0066890363909335
7259_liver_sbr_Male_26-U1,sbr,26,tierA_p95,full,Mesenchymal,oxidative_stress,14352,6.999999999999999,200,-0.039360986566405395,-0.0005816284041609622,A_SENDER_FINAL_strict,5707,1737.890634059906,0.6732,-0.0007318102246330622,200,0.6247798216276478,-0.0006578491236152961,0.004551839694287652,-0.008732172220745637,0.008827296317201656,0.9832867724871315,0.9835113972282113,-0.038444407989500454,0.0,-0.06790753180260505,0.004975124378109453,1.0,-4.613561596368185,0.004975124378109453,1.0,0.009950248756218905,0.004975124378109453,0.004975124378109453,0.004975124378109453,-0.00033735310507770005,0.539015589394296,2.0609388912315283,200,0.6096498745819398,-0.0016120897912390076,0.004690023491487067,-0.011040656928878668,0.0072021622372843985,0.959043460749662,0.9541928306923433,-0.036102878137654844,0.0,-0.06583024373685929,0.004975124378109453,1.0,-4.4998124693277965,0.004975124378109453,1.0,0.04477611940298507,0.004975124378109453,0.004975124378109453,0.004975124378109453,-0.0014561815110616068,-0.9898348807462378,-0.7675110673224316
7259_liver_sbr_Male_26-U1,sbr,26,tierA_p95,full,Mesenchymal,secondary_senescence,14352,11.019082036984365,200,0.002516851598756922,7.154184069806147e-05,A_SENDER_FINAL_strict,5707,1737.890634059906,0.6732,-2.3529045305536037e-05,200,0.6247798216276478,-0.00023158273941894486,0.0014834486782453844,-0.0032211947384109363,0.0030295046266606476,1.092012870180079,0.9194867237575558,0.0021556222294710574,0.105,0.009353533772161152,0.03482587064676617,0.01990049751243781,0.3276238555980407,0.024875621890547265,0.014925373134328358,0.024875621890547265,0.009950248756218905,0.05472636815920398,0.13432835820895522,-0.0001808637124543298,-6.686827497917021,-0.32802963278430314,200,0.6096498745819398,0.0001958393428239273,0.00164363735987731,-0.0036763148751795542,0.003065913281145865,0.922188760385931,0.8806316209396806,0.002062212516736205,0.13,0.00780553233009341,0.0845771144278607,0.029850746268656716,0.27667351321325856,0.07960199004975124,0.029850746268656716,0.14925373134328357,0.16417910447761194,0.14925373134328357,0.15920398009950248,0.00021215289119675115,10.016638305627925,3.597600489168113
7259_liver_sbr_Male_26-U1,sbr,26,tierA_p95,full,Mesenchymal,tnfa_nfkb_proximal,14352,6.999999999999999,200,0.011618184739875088,0.00017167929056098117,A_SENDER_FINAL_strict,5707,1737.890634059906,0.6732,0.004617248486966918,200,0.6247798216276478,7.963780536884624e-05,0.0019174364988809145,-0.003696753820512026,0.0038560319382994397,0.9931454175370856,0.9905458007477399,0.012005538764065354,0.0,0.020294139896456637,0.004975124378109453,0.004975124378109453,1.3754388024386537,0.004975124378109453,0.004975124378109453,0.014925373134328358,0.004975124378109453,0.004975124378109453,0.004975124378109453,1.102833645852932e-05,0.9976114916730908,0.993842436640254,200,0.6096498745819398,-9.558693546235668e-05,0.0019795812165412934,-0.004290418961228401,0.003943340164458247,1.0082273554434273,1.0058296360876486,0.011532708606349156,0.0,0.02066777659800805,0.004975124378109453,0.004975124378109453,1.396326259850275,0.004975124378109453,0.004975124378109453,0.04477611940298507,0.004975124378109453,0.004975124378109453,0.004975124378109453,-6.325804683196197e-05,1.0137003774023685,1.0336737187921121
7259_liver_sbr_Male_26-U1,sbr,26,tierA_p95,full,T/NK cells,downstream_arrest,5977,12.818224546846722,200,0.0016528937943694087,6.241244790113111e-05,A_SENDER_FINAL_strict,5707,1737.890634059906,0.6732,0.0014982329688476201,200,0.6398594612681947,9.143601334748483e-05,0.002213699044633096,-0.004446555094270436,0.003914726199130124,0.9446812531700692,1.1104746671355414,0.001418294993254608,0.445,0.004537575486178184,0.30845771144278605,0.1691542288557214,0.12011736936615125,0.36318407960199006,0.1890547263681592,0.014925373134328358,0.16417910447761194,0.19900497512437812,0.4079601990049751,4.2695957866464e-05,0.9715024573919876,10.569337571808122,200,0.6399071440522001,0.000154111842917766,0.001668014519732463,-0.0029778167135501433,0.0040039926224354015,0.906762404552096,1.0136792829047365,0.0016589903771863166,0.29,0.0043690181588286565,0.19402985074626866,0.09950248756218906,0.11529594168342756,0.22885572139303484,0.11940298507462686,0.373134328358209,0.18407960199004975,0.19900497512437812,0.24875621890547264,0.00016317055233541753,0.891091335107302,0.9215175896893473
7259_liver_sbr_Male_26-U1,sbr,26,tierA_p95,full,T/NK cells,emt_ecm,5977,49.99999999999999,200,0.007406514030733522,0.00021785769231734975,A_SENDER_FINAL_strict,5707,1737.890634059906,0.6732,-0.0020584030835445258,200,0.6398594612681947,-0.0003913065571859457,0.0039942490184332055,-0.007119630939855964,0.006805994758769457,1.0528327571597393,1.0429549603142556,0.007073545660285816,0.03,0.017642827567131546,0.009950248756218905,0.009950248756218905,0.5998584830113637,0.009950248756218905,0.009950248756218905,0.029850746268656716,0.014925373134328358,0.014925373134328358,0.05970149253731343,-0.00030880131636066346,0.8499801526584801,7.334879486216894,200,0.6399071440522001,-4.1070434178264743e-05,0.0039425454553277135,-0.006890686823427311,0.008636492790610477,1.0055451773949042,1.0661714253349137,0.007381684046064961,0.075,0.01682720742972663,0.024875621890547265,0.01990049751243781,0.5729160691568249,0.024875621890547265,0.01990049751243781,0.03482587064676617,0.04477611940298507,0.05472636815920398,0.07960199004975124,-0.00018667118169080985,0.9093126204565503,-0.06827167144630962
7259_liver_sbr_Male_26-U1,sbr,26,tierA_p95,full,T/NK cells,il6_jak_stat3,5977,14.911122358641625,200,0.014681170393660648,0.000606133372534563,A_SENDER_FINAL_strict,5707,1737.890634059906,0.6732,0.0022316760752428837,200,0.6398594612681947,0.00039059397996707017,0.007689676667006967,-0.0177065590817647,0.015537182505654496,0.9733949018032152,1.0421017284419054,0.01475169089210312,0.085,0.045362838829969186,0.014925373134328358,0.004975124378109453,1.0993229957299364,0.029850746268656716,0.009950248756218905,0.024875621890547265,0.009950248756218905,0.009950248756218905,0.05970149253731343,0.00016778120969506417,0.9248182961871813,0.4500528864324974,200,0.6399071440522001,0.0015744269177842079,0.006591392607575065,-0.014126297385883028,0.013116636564750433,0.8927587599920475,0.8943797816061345,0.01524411240731185,0.04,0.04191761596833418,0.024875621890547265,0.004975124378109453,1.0082549566270589,0.03482587064676617,0.004975124378109453,0.12935323383084577,0.05472636815920398,0.03482587064676617,0.029850746268656716,0.001096560045184763,0.5086383470480055,0.7361252991845987
7259_liver_sbr_Male_26-U1,sbr,26,tierA_p95,full,T/NK cells,interferon_response,5977,16.49296129703063,200,0.015105793618364604,0.0006498817012436142,A_SENDER_FINAL_strict,5707,1737.890634059906,0.6732,0.001230365782859566,200,0.6398594612681947,0.0003911910141877429,0.010192037191834116,-0.025605202979322058,0.02145897068212051,0.9741032464714625,3.852335302020506,0.014432607312890446,0.125,0.04864062202517558,0.07462686567164178,0.029850746268656716,1.1319418158877692,0.07462686567164178,0.029850746268656716,0.03482587064676617,0.004975124378109453,0.004975124378109453,0.11442786069651742,-3.3735567400501856e-05,1.0274191365449834,0.9985640491374655,200,0.6399071440522001,0.0006792130510268518,0.007700154697495353,-0.01580512197530278,0.015442946876711364,0.9550362550828768,1.0111788882781907,0.014422615136440773,0.075,0.04775113118783412,0.009950248756218905,0.009950248756218905,1.1097853094454675,0.024875621890547265,0.01990049751243781,0.1691542288557214,0.07960199004975124,0.07462686567164178,0.04477611940298507,0.00023283650611683824,0.8107583050825022,0.9605339468351375
7259_liver_sbr_Male_26-U1,sbr,26,tierA_p95,full,T/NK cells,oxidative_stress,5977,25.962470509255517,200,-0.019288587635538094,-0.0008432383339507814,A_SENDER_FINAL_strict,5707,1737.890634059906,0.6732,-0.0005344151292276438,200,0.6398594612681947,0.00014685849028299024,0.005147484863096305,-0.008924292864485922,0.010513382765662549,1.0076137503200293,1.0110855413076556,-0.016764776861404353,0.0,-0.06538110361022248,0.004975124378109453,1.0,-1.4950994445480985,0.004975124378109453,1.0,0.024875621890547265,0.009950248756218905,0.009950248756218905,0.004975124378109453,0.00020808152376124785,1.389363085700764,4.844108234699071,200,0.6399071440522001,1.8021863629211384e-05,0.004486227660920718,-0.008959309463547052,0.007837102324028225,1.00093432779889,1.1034550122745734,-0.01040950213070584,0.0,-0.06494117167026732,0.004975124378109453,1.0,-1.4851885030806111,0.004975124378109453,1.0,0.05970149253731343,0.004975124378109453,0.004975124378109453,0.004975124378109453,0.00016576342315612963,1.310177264995654,2.4211722587026245
7259_liver_sbr_Male_26-U1,sbr,26,tierA_p95,full,T/NK cells,secondary_senescence,5977,17.345738419684505,200,-0.0048405230163392965,-0.0002114465847322816,A_SENDER_FINAL_strict,5707,1737.890634059906,0.6732,-0.0033396244021471483,200,0.6398594612681947,-3.0752839703972364e-05,0.0022527471619803877,-0.00405300976179544,0.004508707896375666,0.9936467940344121,0.9916937790991593,-0.004350391750171817,0.035,-0.01617797103878015,0.004975124378109453,1.0,-0.36999843857135445,0.004975124378109453,1.0,0.029850746268656716,0.009950248756218905,0.009950248756218905,0.014925373134328358,-2.2810709122811408e-05,0.9931696782703631,0.9536895984589485,200,0.6399071440522001,0.00019154949217633742,0.0020481272682818185,-0.003351157130968602,0.004680657796282788,1.0395720651528269,1.0739541276109852,-0.0033227921709407114,0.025,-0.01685549597786751,0.004975124378109453,1.0,-0.3870993628704079,0.009950248756218905,1.0,0.05472636815920398,0.009950248756218905,0.009950248756218905,0.01990049751243781,7.326541444231307e-05,1.0219382198774236,1.0983502178032973
7259_liver_sbr_Male_26-U1,sbr,26,tierA_p95,full,T/NK cells,tnfa_nfkb_proximal,5977,22.318425721029357,200,0.009744810792038863,0.00043639210513183864,A_SENDER_FINAL_strict,5707,1737.890634059906,0.6732,0.00031305479855025186,200,0.6398594612681947,0.00017293313336684172,0.006704261096950144,-0.016540051191530847,0.012526369314622893,0.9822538233879182,1.3928496302363191,0.009492564703448543,0.11,0.03299545136261704,0.05970149253731343,0.01990049751243781,0.7363303563045072,0.06965174129353234,0.024875621890547265,0.03980099502487562,0.004975124378109453,0.004975124378109453,0.1044776119402985,1.928164236225594e-05,0.9384080919648934,2.704796641465093,200,0.6399071440522001,0.001004344180123867,0.004995288245768511,-0.011152632787359052,0.009124142830287908,0.8969354868393774,0.9065610108663742,0.010957430639415093,0.06,0.030266133011805876,0.03980099502487562,0.009950248756218905,0.6723728743845974,0.04975124378109453,0.009950248756218905,0.15920398009950248,0.06965174129353234,0.05472636815920398,0.05970149253731343,0.0005531625229596204,-0.7669830506393795,1.1923250491382462
7260_liver_sbr_Male_26-U1,sbr,26,tierA_p95,full,Biliary/ductular,downstream_arrest,27611,22.318425721029357,200,0.00219685516007464,0.00010117234741017963,A_SENDER_FINAL_strict,8860,3611.732020378113,0.7051,-0.00015774387369099142,200,0.5549762775705335,3.0308506102216158e-05,0.0010348557740832804,-0.0017411259980683505,0.0022413445056285947,0.9862036848614151,0.659699935146692,0.002177947965004551,0.045,0.016528734453903335,0.004975124378109453,0.004975124378109453,0.3582144094587543,0.014925373134328358,0.009950248756218905,0.21393034825870647,0.06467661691542288,0.029850746268656716,0.03980099502487562,-2.808329682899949e-05,0.8219690174211609,3.3555627250518048,200,0.8698218101481294,8.622518341915982e-05,0.0007238898861922519,-0.0012742035847624735,0.0014962482008392599,0.960750628905262,0.9616093882941817,0.002383381599565511,0.005,0.01613889195748021,0.004975124378109453,0.004975124378109453,0.34896920834237916,0.004975124378109453,0.004975124378109453,0.009950248756218905,0.004975124378109453,0.004975124378109453,0.004975124378109453,0.0001237577969205118,1.784548990872027,1.3939038589820083
7260_liver_sbr_Male_26-U1,sbr,26,tierA_p95,full,Biliary/ductular,emt_ecm,27611,49.99999999999999,200,0.003971218464517342,0.00013520629103255336,A_SENDER_FINAL_strict,8860,3611.732020378113,0.7051,-0.0012250977165555279,200,0.5549762775705335,0.00041667893081058206,0.0020576329029003554,-0.0030577868646667113,0.005343307615310386,0.8950752937584296,0.8831381902832649,0.0039407791179501776,0.06,0.019953496006699024,0.04477611940298507,0.03482587064676617,0.5877036054727717,0.01990049751243781,0.014925373134328358,0.21890547263681592,0.06467661691542288,0.05970149253731343,0.07462686567164178,0.000304318530704318,1.248403475569228,0.49576645721779217,200,0.8698218101481294,0.0005162613254743766,0.001381413637483747,-0.0020731245679596237,0.0032244752084397243,0.8699992634283034,0.8739023696789391,0.004023653521826872,0.01,0.019291649084688743,0.014925373134328358,0.009950248756218905,0.5712387633095187,0.014925373134328358,0.009950248756218905,0.05472636815920398,0.05970149253731343,0.04477611940298507,0.01990049751243781,0.00015733427022383492,1.1284258946022643,1.149278455959775
7260_liver_sbr_Male_26-U1,sbr,26,tierA_p95,full,Biliary/ductular,il6_jak_stat3,27611,49.99999999999999,200,0.003083153522729606,0.00010497074291350681,A_SENDER_FINAL_strict,8860,3611.732020378113,0.7051,-0.0005811945207452179,200,0.5549762775705335,0.00020133697916455015,0.001637400901607734,-0.002884252660173271,0.0035470050691162078,0.9346977120405278,0.9133503371922709,0.0032506095724964086,0.08,0.01605936918376601,0.029850746268656716,0.01990049751243781,0.47647633593712785,0.014925373134328358,0.009950248756218905,0.20398009950248755,0.12437810945273632,0.12935323383084577,0.1044776119402985,0.00014856707324109402,1.25562366460475,1.3768021390555258,200,0.8698218101481294,0.00013859581397166834,0.001320160319800581,-0.0025567468890932274,0.0028552817022888836,0.9550473847799297,0.9570791090196121,0.00335381437394848,0.03,0.016578487823141367,0.04477611940298507,0.01990049751243781,0.4868498902739866,0.03482587064676617,0.014925373134328358,0.024875621890547265,0.014925373134328358,0.029850746268656716,0.05970149253731343,4.173316108625514e-06,1.0071805840551875,0.6164260489023711
7260_liver_sbr_Male_26-U1,sbr,26,tierA_p95,full,Biliary/ductular,interferon_response,27611,31.763081427768892,200,-0.0008930116688414081,-3.952683218999828e-05,A_SENDER_FINAL_strict,8860,3611.732020378113,0.7051,-0.0012850686764561581,200,0.5549762775705335,1.4059510312169096e-05,0.0012667039343779206,-0.0022791142309493044,0.0023825213986132625,1.0157439267623567,2.054210076018097,-0.0007494800405074978,0.45,-0.006639625283540905,0.3283582089552239,0.8656716417910447,-0.149974137959039,0.3383084577114428,0.8606965174129353,0.22388059701492538,0.42786069651741293,0.4975124378109453,0.44776119402985076,-1.9854380501616465e-05,0.9845499459559087,0.8591502671512039,200,0.8698218101481294,-1.3506342222353614e-05,0.0011134582868775158,-0.0022484880136088782,0.0024470411026723676,0.9848755142921294,1.1808438230937,-0.0003513665791559651,0.385,-0.0064295384003667235,0.3582089552238806,0.7960199004975125,-0.14541643061921503,0.373134328358209,0.7910447761194029,0.13930348258706468,0.3283582089552239,0.43781094527363185,0.3781094527363184,1.614688337756804e-05,1.012564996465478,0.9740010533495064
7260_liver_sbr_Male_26-U1,sbr,26,tierA_p95,full,Biliary/ductular,oxidative_stress,27611,20.177866835741543,200,-0.011809465058106544,-0.0005340736129266916,A_SENDER_FINAL_strict,8860,3611.732020378113,0.7051,-0.0007460680582871095,200,0.5549762775705335,-0.00018811147031686724,0.0025698339586607637,-0.0047406694501036534,0.005338146922880764,0.9840711268976795,0.988412585187126,-0.011802777799101011,0.0,-0.08709780746010343,0.004975124378109453,1.0,-1.9214616518543899,0.004975124378109453,1.0,0.1890547263681592,0.029850746268656716,0.004975124378109453,0.004975124378109453,-0.00020678038974403294,0.7228397765496382,0.6688323496462141,200,0.8698218101481294,-0.0004865588818062873,0.002268042868068619,-0.004318337402373503,0.003622230732977236,0.9587992445540713,0.9585534304669554,-0.01194211625919695,0.0,-0.08513527680281933,0.004975124378109453,1.0,-1.8721166894160517,0.004975124378109453,1.0,0.004975124378109453,0.004975124378109453,0.004975124378109453,0.004975124378109453,-9.131067420997654e-05,0.8776107981092023,0.8090877799346772
7260_liver_sbr_Male_26-U1,sbr,26,tierA_p95,full,Biliary/ductular,secondary_senescence,27611,49.99999999999999,200,0.0012779189437246716,4.350873218511057e-05,A_SENDER_FINAL_strict,8860,3611.732020378113,0.7051,-0.00022159518743785026,200,0.5549762775705335,0.00015703159954280567,0.001516214437581966,-0.0029165438934530686,0.003193482324292563,0.87711928028462,-0.08739780805216874,0.0009838405243262037,0.425,0.006244770355814082,0.3781094527363184,0.1890547263681592,0.18532626441701783,0.30845771144278605,0.14925373134328357,0.19402985074626866,0.36318407960199006,0.36318407960199006,0.44776119402985076,6.674170295798813e-05,1.3011875110180668,-1.9116467139607585,200,0.8698218101481294,0.00030343162014769166,0.0011294111002017747,-0.0018001018607066135,0.0024992076673264188,0.7625580075812177,0.6083078385348842,0.0009874792720392708,0.28,0.005396831998102377,0.43781094527363185,0.23880597014925373,0.16112064815227053,0.39303482587064675,0.208955223880597,0.527363184079602,0.48756218905472637,0.4925373134328358,0.32338308457711445,5.12543960162928e-05,1.2312974239599308,1.994969006947041
7260_liver_sbr_Male_26-U1,sbr,26,tierA_p95,full,Biliary/ductular,tnfa_nfkb_proximal,27611,49.99999999999999,200,0.0012674862672538215,4.315353553607971e-05,A_SENDER_FINAL_strict,8860,3611.732020378113,0.7051,-0.0008781303598681502,200,0.5549762775705335,0.00014702412819938876,0.002196511057345767,-0.004631162115248005,0.004154754667001152,0.8840033758172889,1.391550476592141,0.001538429963209667,0.545,0.006159217729599947,0.5124378109452736,0.263681592039801,0.18525596147507883,0.46766169154228854,0.22885572139303484,0.5771144278606966,0.5223880597014925,0.5472636815920398,0.5522388059701493,5.99254770916414e-05,1.0682421196559462,1.7737094327726353,200,0.8698218101481294,-0.00012417347353087835,0.0017318669987056075,-0.003276978039262142,0.0034424037117646474,1.0979682989385888,1.0569828111483373,0.0018506818503910706,0.45,0.007931984431468411,0.40298507462686567,0.208955223880597,0.23009547073388778,0.3880597014925373,0.20398009950248755,0.2736318407960199,0.3482587064676617,0.40298507462686567,0.4925373134328358,0.00020741981472517472,1.236206176445509,1.485714055219025
7260_liver_sbr_Male_26-U1,sbr,26,tierA_p95,full,DC,downstream_arrest,5498,6.999999999999999,200,0.0030420734219360587,5.202885312603265e-05,A_SENDER_FINAL_strict,8860,3611.732020378113,0.7051,0.007082072272839257,200,0.5398472171698799,0.00022559873908873157,0.004973237275633338,-0.008954357830533818,0.009466330788996943,0.9258404687204577,1.7438880334101463,0.0029058419367558814,0.575,0.003642750532112843,0.3383084577114428,0.1890547263681592,0.20779838012812604,0.472636815920398,0.2537313432835821,0.6218905472636815,0.38308457711442784,0.40298507462686567,0.472636815920398,0.00025536696642429067,0.9639417734546909,0.6355571876848929,200,0.8517015278283011,-0.00023593446079935216,0.003990824166911576,-0.007317223897655545,0.0066057356757484465,1.077557122421193,1.1326076162214904,0.003240440856474779,0.46,0.00408257243121528,0.2537313432835821,0.10945273631840796,0.24185011575925836,0.39800995024875624,0.1890547263681592,0.06467661691542288,0.1791044776119403,0.21890547263681592,0.35323383084577115,-0.00016454164054959268,1.0232335443935856,1.0289384688278111
7260_liver_sbr_Male_26-U1,sbr,26,tierA_p95,full,DC,emt_ecm,5498,49.99999999999999,200,0.028288217328252978,0.0009613423145039618,A_SENDER_FINAL_strict,8860,3611.732020378113,0.7051,-0.00035585230424038346,200,0.5398472171698799,0.000958752803304257,0.005954885606831031,-0.010880081308732059,0.013324017258957628,0.9661076980504283,0.9585631686188555,0.026099075263993476,0.0,0.06862118798620076,0.004975124378109453,0.004975124378109453,2.016357005670721,0.004975124378109453,0.004975124378109453,0.22388059701492538,0.04975124378109453,0.009950248756218905,0.004975124378109453,0.0001328296401685657,1.3732718281875655,-3.59311662996109,200,0.8517015278283011,0.0016949489543967705,0.005466454116762918,-0.009786935434018531,0.01165276188051615,0.9400828643696846,0.9416000105580703,0.028456356934965798,0.0,0.06648053514523079,0.004975124378109453,0.004975124378109453,1.962040746914605,0.004975124378109453,0.004975124378109453,0.009950248756218905,0.004975124378109453,0.004975124378109453,0.004975124378109453,0.0011663565068168857,4.277642136691055,8.016198465098864
7260_liver_sbr_Male_26-U1,sbr,26,tierA_p95,full,DC,il6_jak_stat3,5498,6.999999999999999,200,0.019471384291665297,0.0003330208226292075,A_SENDER_FINAL_strict,8860,3611.732020378113,0.7051,0.005738363731449115,200,0.5398472171698799,0.0004180909420899518,0.008513396613304849,-0.015153282121881812,0.017948385776429522,0.9785279291997275,0.9725566872545643,0.019124375488240225,0.025,0.024096212946986367,0.004975124378109453,0.004975124378109453,1.4057443932516163,0.004975124378109453,0.004975124378109453,0.15920398009950248,0.05472636815920398,0.004975124378109453,0.004975124378109453,1.749836691002298e-05,0.996950634757758,0.7996566632599837,200,0.8517015278283011,-0.0005225373738680926,0.00601624062841123,-0.013086604309346663,0.01022547495547652,1.026836169737134,1.027551474067476,0.01867544767788849,0.0,0.025031414366008194,0.004975124378109453,0.004975124378109453,1.4751435756938052,0.004975124378109453,0.004975124378109453,0.004975124378109453,0.004975124378109453,0.004975124378109453,0.004975124378109453,-0.0002519700069172931,1.04390973084128,1.0330482802121004
7260_liver_sbr_Male_26-U1,sbr,26,tierA_p95,full,DC,interferon_response,5498,13.48099749887925,200,0.004561692462756255,0.00017722678306817668,A_SENDER_FINAL_strict,8860,3611.732020378113,0.7051,-0.002276731431512011,200,0.5398472171698799,0.0003029710536586236,0.005462793559136833,-0.010258324324337742,0.010683659393619455,0.9335836301696754,1.5597937496502408,0.004229928320924147,0.385,0.012315318565410207,0.16417910447761194,0.07462686567164178,0.3142067690567021,0.27860696517412936,0.13432835820895522,0.17412935323383086,0.04477611940298507,0.1890547263681592,0.2835820895522388,0.00014985756188919442,1.065821361191325,3.031776440472745,200,0.8517015278283011,-0.0010654048009238512,0.004404130736194225,-0.010019353464401057,0.007645642879234668,1.2335547189167844,1.213242633432268,0.004720615712969931,0.31,0.01536282209501491,0.1044776119402985,0.04477611940298507,0.4151649945008652,0.17412935323383086,0.0845771144278607,0.0945273631840796,0.1044776119402985,0.09950248756218906,0.17412935323383086,-0.00042136346494864107,0.8149261440692601,-0.6405121647057281
7260_liver_sbr_Male_26-U1,sbr,26,tierA_p95,full,DC,oxidative_stress,5498,21.2211739115045,200,-0.028977221924316215,-0.0013701194531522867,A_SENDER_FINAL_strict,8860,3611.732020378113,0.7051,-0.004269817498168578,200,0.5398472171698799,-0.0004399742113659492,0.007232379514287819,-0.016190540160245015,0.014477132341181191,0.9848165496155881,0.9777096904875943,-0.02673805579064731,0.0,-0.09977560061003493,0.004975124378109453,1.0,-2.1054667681483235,0.004975124378109453,1.0,0.22388059701492538,0.04975124378109453,0.009950248756218905,0.004975124378109453,-0.00012681808955942596,0.9702989437806602,-3.619630872448238,200,0.8517015278283011,-0.002017985679982473,0.0054722569868687985,-0.012742707835015925,0.009279470697444807,0.9303595877736961,0.9283387876951642,-0.028350578147439656,0.0,-0.09503932535960634,0.004975124378109453,1.0,-1.9890417106112823,0.004975124378109453,1.0,0.004975124378109453,0.004975124378109453,0.004975124378109453,0.004975124378109453,-0.0011594491963022465,0.728454624395642,0.7174248572519971
7260_liver_sbr_Male_26-U1,sbr,26,tierA_p95,full,DC,secondary_senescence,5498,49.99999999999999,200,0.004759891479181339,0.000161759401035628,A_SENDER_FINAL_strict,8860,3611.732020378113,0.7051,-0.001272240951753181,200,0.5398472171698799,0.00017996295047500812,0.00319957873220958,-0.00630028823551424,0.006645211944941211,0.9621917954932114,2.00797950115069,0.0022749106305964663,0.155,0.011485336950554832,0.08955223880597014,0.04477611940298507,0.33790530238519323,0.05472636815920398,0.024875621890547265,0.23383084577114427,0.15422885572139303,0.07960199004975124,0.17412935323383086,-3.177395544234794e-05,0.9750252061934002,1.051536561803492,200,0.8517015278283011,0.0006833023370609398,0.0024628869517593814,-0.0038233030571587514,0.005608115565497526,0.8564458160339272,0.8555485423631385,0.0030708260532191956,0.075,0.01013697963769824,0.11940298507462686,0.06467661691542288,0.3007691229534284,0.08955223880597014,0.04975124378109453,0.13432835820895522,0.1890547263681592,0.1691542288557214,0.08955223880597014,0.0003645485112743062,1.2865404629303505,1.6309355275709203
7260_liver_sbr_Male_26-U1,sbr,26,tierA_p95,full,DC,tnfa_nfkb_proximal,5498,49.99999999999999,200,0.014417021457729134,0.0004899457825709003,A_SENDER_FINAL_strict,8860,3611.732020378113,0.7051,0.0024084959338592526,200,0.5398472171698799,0.0006219952465661353,0.006190113315560125,-0.011144371936623296,0.01283244742252293,0.9568568827902606,1.0531297234655883,0.011125980997586686,0.015,0.034503534088631604,0.004975124378109453,0.004975124378109453,1.0177915384656417,0.004975124378109453,0.004975124378109453,0.25870646766169153,0.1691542288557214,0.1044776119402985,0.03482587064676617,0.00010380497692041128,0.9569004973348328,2.249966570410485,200,0.8517015278283011,-0.0016330066779462226,0.005682854624722786,-0.013923462172158594,0.009861122017321849,1.1132693519763577,1.1553337273020343,0.011885003271326968,0.025,0.04073293935022697,0.004975124378109453,0.004975124378109453,1.1841646821524,0.004975124378109453,0.004975124378109453,0.024875621890547265,0.01990049751243781,0.024875621890547265,0.03482587064676617,-0.0003301482209423476,1.1370765116523716,10.199718424496165
7260_liver_sbr_Male_26-U1,sbr,26,tierA_p95,full,Endothelial,downstream_arrest,22277,6.999999999999999,200,-0.0022458713742584376,-1.5430307954821365e-05,A_SENDER_FINAL_strict,8860,3611.732020378113,0.7051,-0.0005307849531474299,200,0.5570824168424833,0.00030009966306374764,0.0015736916362433923,-0.002829159977004966,0.0030128174534849823,1.133622818520868,-89.84891371527769,-0.0016973440852813904,0.19,-0.002867346624168915,0.22388059701492538,0.900497512437811,-0.37810789837893866,0.03482587064676617,0.9800995024875622,0.5970149253731343,0.2736318407960199,0.13432835820895522,0.4527363184079602,0.0002625655136531354,1.494673995741936,1.0480709627416742,200,0.8688185123670152,-0.0003045491118204347,0.001072243257250639,-0.0023519991838480366,0.001625559302799799,0.8643960133643034,0.7889660296095639,-0.001566780667141091,0.05,-0.0016956433760346606,0.373134328358209,0.8109452736318408,-0.28831014570327584,0.04477611940298507,0.9751243781094527,0.48258706467661694,0.48258706467661694,0.417910447761194,0.31343283582089554,-0.00014209395087541403,0.7322946891526778,-2.0092783237938736
7260_liver_sbr_Male_26-U1,sbr,26,tierA_p95,full,Endothelial,emt_ecm,22277,49.99999999999999,200,0.024293286570130208,0.0007399257152167091,A_SENDER_FINAL_strict,8860,3611.732020378113,0.7051,0.003017860476788912,200,0.5570824168424833,7.543453536658908e-05,0.0025527384756301517,-0.0044304570937020215,0.005316693990179803,0.9968948402617808,0.9955352230221227,0.02300603748412709,0.0,0.10938610531786243,0.004975124378109453,0.004975124378109453,3.5966478023048256,0.004975124378109453,0.004975124378109453,0.21890547263681592,0.03482587064676617,0.004975124378109453,0.004975124378109453,0.00032246251535665837,0.8931486336638839,3.5801523677680747,200,0.8688185123670152,0.00046663492475792085,0.0030577129523485518,-0.005801255958887514,0.005604718051531625,0.980791609920262,0.9799769245921468,0.023654002553406855,0.0,0.10750208299831492,0.004975124378109453,0.004975124378109453,3.5385497505558337,0.004975124378109453,0.004975124378109453,0.014925373134328358,0.004975124378109453,0.004975124378109453,0.004975124378109453,0.0002493221492075988,0.9173844678621841,0.919824537580283
7260_liver_sbr_Male_26-U1,sbr,26,tierA_p95,full,Endothelial,il6_jak_stat3,22277,49.99999999999999,200,0.008664783061859993,0.0002639122452919725,A_SENDER_FINAL_strict,8860,3611.732020378113,0.7051,0.001961674308463401,200,0.5570824168424833,-0.00023944829258799267,0.002679886637495563,-0.00535817654431689,0.004807827231859369,1.0276346552335487,1.0214349214074847,0.008617240744533893,0.005,0.04058098226703885,0.004975124378109453,0.004975124378109453,1.3223874721101647,0.004975124378109453,0.004975124378109453,0.21890547263681592,0.05970149253731343,0.01990049751243781,0.01990049751243781,-3.2819831434776874e-05,1.0167305200935648,0.9935394456892258,200,0.8688185123670152,0.00044847770100875595,0.002158118554440821,-0.0037101410886518503,0.004728444595772511,0.9482413237807613,0.9452120551490373,0.008448383837084636,0.0,0.036826724227218374,0.004975124378109453,0.004975124378109453,1.220222031943693,0.004975124378109453,0.004975124378109453,0.03980099502487562,0.024875621890547265,0.009950248756218905,0.004975124378109453,-2.8852377757931758e-05,1.0147080367181505,1.0261688216006852
7260_liver_sbr_Male_26-U1,sbr,26,tierA_p95,full,Endothelial,interferon_response,22277,13.48099749887925,200,0.007596613062597943,0.00016915725005459988,A_SENDER_FINAL_strict,8860,3611.732020378113,0.7051,0.0034179766780124796,200,0.5570824168424833,1.7349689588512167e-05,0.001687305658844856,-0.00336296085594818,0.003253368253350418,0.9977161283001323,0.9948609003475893,0.006596637808943678,0.0,0.02505144711766091,0.004975124378109453,0.004975124378109453,1.1256134901845725,0.004975124378109453,0.004975124378109453,0.22388059701492538,0.0945273631840796,0.024875621890547265,0.004975124378109453,2.6708631830868853e-05,0.9921858355550864,0.5923200237534264,200,0.8688185123670152,0.00017999661780208342,0.0015509082804722324,-0.002610302450605762,0.0031013134106442275,0.9763056751319479,0.9781420049578705,0.007407576681127939,0.0,0.024312950559201005,0.004975124378109453,0.004975124378109453,1.1014584282050355,0.004975124378109453,0.004975124378109453,0.014925373134328358,0.009950248756218905,0.004975124378109453,0.004975124378109453,-7.723707998582379e-06,1.0022597310415453,1.0066100239880706
7260_liver_sbr_Male_26-U1,sbr,26,tierA_p95,full,Endothelial,oxidative_stress,22277,49.99999999999999,200,-0.019072986308048302,-0.0005809256394584861,A_SENDER_FINAL_strict,8860,3611.732020378113,0.7051,0.0007403059283682903,200,0.5570824168424833,-3.933352247438209e-05,0.005067567374969057,-0.008117625616760445,0.011455922274131437,0.9979377365537255,0.9995808435082136,-0.018610410612928622,0.0,-0.08656278425681257,0.004975124378109453,1.0,-2.826730684571042,0.004975124378109453,1.0,0.208955223880597,0.05472636815920398,0.01990049751243781,0.014925373134328358,-0.00023953614056256914,1.3235637205966069,2.9464191917858824,200,0.8688185123670152,-0.002185461379344771,0.004128166440846409,-0.010281990692711204,0.005613457697408173,0.8854158785600049,0.8778536436705937,-0.017815693497010034,0.0,-0.07460076501086563,0.004975124378109453,1.0,-2.508004398325756,0.004975124378109453,1.0,0.01990049751243781,0.004975124378109453,0.004975124378109453,0.004975124378109453,-0.00038291442372000807,1.5172380890748645,1.5427020285547173
7260_liver_sbr_Male_26-U1,sbr,26,tierA_p95,full,Endothelial,secondary_senescence,22277,49.99999999999999,200,0.008618289280955196,0.0002624961361957495,A_SENDER_FINAL_strict,8860,3611.732020378113,0.7051,0.002011021820231225,200,0.5570824168424833,-0.00011270515115913732,0.0018696009565692094,-0.0037790780322447207,0.003352409574991035,1.01307743886112,1.0139376553049941,0.008466043837332102,0.0,0.0396172229551672,0.004975124378109453,0.004975124378109453,1.2966596662298167,0.004975124378109453,0.004975124378109453,0.18407960199004975,0.07462686567164178,0.01990049751243781,0.004975124378109453,-4.4878943324130296e-05,1.022316487505327,1.983340657801801,200,0.8688185123670152,0.0005606502320250977,0.0020178510178856224,-0.002968343031360925,0.004958924752161039,0.9349464593554512,0.933885269346746,0.008286951988080533,0.0,0.036039423530501755,0.004975124378109453,0.004975124378109453,1.1966581402636294,0.004975124378109453,0.004975124378109453,0.07960199004975124,0.03482587064676617,0.024875621890547265,0.004975124378109453,0.00024532683692171994,0.8780088637260471,0.8629994969729295
7260_liver_sbr_Male_26-U1,sbr,26,tierA_p95,full,Endothelial,tnfa_nfkb_proximal,22277,22.318425721029357,200,0.004880989962154892,0.00016513715942301834,A_SENDER_FINAL_strict,8860,3611.732020378113,0.7051,0.0009112091173383574,200,0.5570824168424833,-7.604729288822065e-06,0.0014922918093627521,-0.0027835676236448613,0.003123337640333343,1.001558030102046,0.9904270889505671,0.004290688827102858,0.0,0.02456439213708675,0.004975124378109453,0.004975124378109453,0.7260162184532766,0.004975124378109453,0.004975124378109453,0.23880597014925373,0.06965174129353234,0.03980099502487562,0.009950248756218905,0.0001024243643654182,0.8875951058692215,-1.1225474103119657,200,0.8688185123670152,-2.0851450922841588e-05,0.0013025124486268785,-0.0023588348201163036,0.0026428236559224586,1.0042719716869968,1.005612023350073,0.004450546176601674,0.0,0.0246694175883888,0.014925373134328358,0.014925373134328358,0.7279835189464973,0.004975124378109453,0.004975124378109453,0.12935323383084577,0.06467661691542288,0.03482587064676617,0.014925373134328358,-7.053646090248059e-05,1.077409740047946,1.1915354223287247
7260_liver_sbr_Male_26-U1,sbr,26,tierA_p95,full,Hepatocytes,downstream_arrest,52655,49.99999999999999,200,-0.0024060628370048166,-7.189232461044975e-05,A_SENDER_FINAL_strict,8860,3611.732020378113,0.7051,-4.234950473443352e-05,200,0.5359794891273383,-0.0001355003303100341,0.0009764169109028327,-0.0018709549151324206,0.0019468943916611126,0.9436837940281262,0.9764505904151036,-0.0027144169557443533,0.005,-0.015435020464594593,0.009950248756218905,1.0,-0.5184265191504499,0.004975124378109453,1.0,0.2935323383084577,0.21890547263681592,0.1044776119402985,0.06467661691542288,-9.207809162339077e-05,-1.1742424663711344,1.0127047932159585,200,0.8421852625581616,-0.0004578928323808044,0.0008443127338971626,-0.0023956606862576583,0.0009570344867808421,0.8096920723189377,0.822050448787801,-0.0025421813285224403,0.025,-0.012555889566066522,0.05970149253731343,0.9601990049751243,-0.444816203576248,0.029850746268656716,0.9800995024875622,0.4975124378109453,0.3482587064676617,0.24875621890547264,0.04975124378109453,-6.14156504881818e-05,-0.45020941504059636,-6.213473382586714
7260_liver_sbr_Male_26-U1,sbr,26,tierA_p95,full,Hepatocytes,emt_ecm,52655,49.99999999999999,200,0.006007378142322681,0.0001794983791874752,A_SENDER_FINAL_strict,8860,3611.732020378113,0.7051,6.513786385118425e-05,200,0.5359794891273383,0.0002082910014664553,0.0012378924174820192,-0.002751223404246548,0.002442320447018968,0.9653274695662953,0.9633164797654109,0.005644656465610742,0.0,0.03937233745282104,0.004975124378109453,0.004975124378109453,1.3240774265495079,0.004975124378109453,0.004975124378109453,0.208955223880597,0.03482587064676617,0.009950248756218905,0.004975124378109453,8.75403652294426e-05,-0.3439244097632633,0.7115579924778266,200,0.8421852625581616,0.0010222390972908712,0.0008243990385278453,-0.00041251270136487684,0.0027492960088812725,0.8298360660719729,0.8151387747298596,0.005492238881155035,0.0,0.032426172482908286,0.004975124378109453,0.004975124378109453,1.1382326075484022,0.004975124378109453,0.004975124378109453,0.01990049751243781,0.009950248756218905,0.004975124378109453,0.004975124378109453,0.00012574282388552141,-0.9304106160557692,-1.511132988359477
7260_liver_sbr_Male_26-U1,sbr,26,tierA_p95,full,Hepatocytes,il6_jak_stat3,52655,49.99999999999999,200,0.0020441612820248935,6.107883143500488e-05,A_SENDER_FINAL_strict,8860,3611.732020378113,0.7051,-0.0007349093251915951,200,0.5359794891273383,0.00029557953994373097,0.0009743933967233032,-0.0014602297069549082,0.002089151965926989,0.8554030239478279,0.08186374774614989,0.0016552345704123784,0.035,0.011470042397508623,0.04477611940298507,0.029850746268656716,0.3992451841005509,0.009950248756218905,0.009950248756218905,0.3333333333333333,0.15422885572139303,0.04477611940298507,0.11442786069651742,0.00013201873823671825,1.1796394925350826,1.6999033591490451,200,0.8421852625581616,0.0005544421410938528,0.0008494766147193755,-0.0006713152761528438,0.0025043178401985083,0.7287679079095771,0.4657592657550413,0.0009138775896787117,0.055,0.009268765893931255,0.12935323383084577,0.0945273631840796,0.3401403425219576,0.04477611940298507,0.04477611940298507,0.12935323383084577,0.04477611940298507,0.07462686567164178,0.11940298507462686,-3.9443440915565026e-05,0.9463288332811917,0.9961725137573123
7260_liver_sbr_Male_26-U1,sbr,26,tierA_p95,full,Hepatocytes,interferon_response,52655,49.99999999999999,200,-0.0030395822657842252,-9.082166582313932e-05,A_SENDER_FINAL_strict,8860,3611.732020378113,0.7051,-0.000601612565713668,200,0.5359794891273383,0.0003753643973940944,0.0008091291150680119,-0.0012973759802009834,0.00198251431650622,1.1234921000887104,1.1573308962633375,-0.003183923589467852,0.0,-0.02380314885262102,0.004975124378109453,1.0,-0.7797182004265181,0.004975124378109453,1.0,0.23880597014925373,0.07462686567164178,0.01990049751243781,0.009950248756218905,0.00016923069550151527,1.2812951476516516,-10.50780919419163,200,0.8421852625581616,0.0004517712402459906,0.0007966194355393845,-0.00110017467103575,0.0016675889000393384,1.1486293841530333,1.124498172096514,-0.003573332909519837,0.0,-0.02456906157341631,0.01990049751243781,0.9850746268656716,-0.7971638040873684,0.004975124378109453,1.0,0.15422885572139303,0.07960199004975124,0.03482587064676617,0.01990049751243781,3.874000903407619e-05,1.0643936168256733,1.0382862235785086
7260_liver_sbr_Male_26-U1,sbr,26,tierA_p95,full,Hepatocytes,oxidative_stress,52655,49.99999999999999,200,-0.012725468349923259,-0.000380232588842756,A_SENDER_FINAL_strict,8860,3611.732020378113,0.7051,-0.001798244702252559,200,0.5359794891273383,-0.0006388127258694195,0.0040045241130040295,-0.007709149589595018,0.0073020277140611375,0.9498004546234817,0.9237714364626751,-0.012285444567630073,0.0,-0.08196373079563704,0.004975124378109453,1.0,-2.7596874276188976,0.004975124378109453,1.0,0.26865671641791045,0.07462686567164178,0.04477611940298507,0.004975124378109453,-0.0003557795720702755,0.8021517474097876,0.1911008713374855,200,0.8421852625581616,-0.0027465082243964115,0.0031758196377873406,-0.00946362186816752,0.004322141112472299,0.7841723267958955,0.7710015839703778,-0.01201901556112075,0.0,-0.06369017420365589,0.014925373134328358,1.0,-2.278447542124169,0.004975124378109453,1.0,0.15920398009950248,0.06467661691542288,0.03482587064676617,0.004975124378109453,-0.0003866815221647847,0.7849672396196075,0.7323194674634158
7260_liver_sbr_Male_26-U1,sbr,26,tierA_p95,full,Hepatocytes,secondary_senescence,52655,49.99999999999999,200,0.003429341719888257,0.00010246754338023596,A_SENDER_FINAL_strict,8860,3611.732020378113,0.7051,0.0001859406440894972,200,0.5359794891273383,0.0002206388152207291,0.0009640530173726091,-0.001874783965830678,0.0020596166472944223,0.935661467056156,0.9187068992120234,0.0030608908092917414,0.0,0.021645040879350125,0.004975124378109453,0.004975124378109453,0.732627563852544,0.004975124378109453,0.004975124378109453,0.31840796019900497,0.10945273631840796,0.05472636815920398,0.004975124378109453,8.31845895114262e-05,0.5526282598473323,0.8369507176361302,200,0.8421852625581616,0.0007232132160462545,0.0007809341587736492,-0.0006567127042155487,0.002441585142303931,0.789110192241262,0.7679796170158742,0.003115081859962664,0.0,0.01731974159880006,0.004975124378109453,0.004975124378109453,0.6178771896761577,0.004975124378109453,0.004975124378109453,0.19402985074626866,0.0845771144278607,0.03980099502487562,0.009950248756218905,5.8311686543246445e-05,0.6863962323633783,0.6103808661891802
7260_liver_sbr_Male_26-U1,sbr,26,tierA_p95,full,Hepatocytes,tnfa_nfkb_proximal,52655,49.99999999999999,200,0.003773985517897971,0.00011276538075190517,A_SENDER_FINAL_strict,8860,3611.732020378113,0.7051,0.0005233574161807792,200,0.5359794891273383,7.726345861662917e-05,0.0008572540504924188,-0.0015814868323682073,0.0018250108102522535,0.9795273568883054,0.9669618591103637,0.003326800340388518,0.0,0.025071615964095448,0.004975124378109453,0.004975124378109453,0.8440546092913748,0.004975124378109453,0.004975124378109453,0.208955223880597,0.07462686567164178,0.014925373134328358,0.004975124378109453,8.676078492606562e-05,0.8342226894209205,1.0390756098501925,200,0.8421852625581616,0.00021167638586988896,0.0007794262787516426,-0.001012836312006614,0.002152785779424842,0.9439117122029158,0.9367564196950107,0.0031352249456741057,0.0,0.023983638252245837,0.004975124378109453,0.004975124378109453,0.8133647578562047,0.004975124378109453,0.004975124378109453,0.06965174129353234,0.04975124378109453,0.004975124378109453,0.004975124378109453,2.4098674067715526e-05,0.9539536971816,0.8162662143389775
7260_liver_sbr_Male_26-U1,sbr,26,tierA_p95,full,Macrophages,downstream_arrest,18036,6.999999999999999,200,0.0015611713291576379,1.7451718020859613e-05,A_SENDER_FINAL_strict,8860,3611.732020378113,0.7051,0.003217239241786258,200,0.5435154690618762,2.132286553732783e-05,0.0018870446432124454,-0.003306622104232253,0.0036010808589465966,0.9863417517737576,-1.7201895511787029,0.0023022563173376296,0.43,0.002287279805265222,0.34328358208955223,0.1691542288557214,0.2057699895916336,0.2537313432835821,0.13432835820895522,0.22388059701492538,0.5422885572139303,0.5074626865671642,0.5024875621890548,3.4226063055108803e-05,0.9893616667947559,1.0501746263705376,200,0.8539052450654246,0.00013953819919078215,0.0015496823370804815,-0.0028983286643731567,0.003717126223807156,0.9106195479095348,0.9493578655297118,0.002011567373364388,0.275,0.002080818762318778,0.3781094527363184,0.17412935323383086,0.1899728715309042,0.2935323383084577,0.14427860696517414,0.39800995024875624,0.36318407960199006,0.38308457711442784,0.34328358208955223,0.000200396564016027,0.9377116375390337,0.9451924647074373
7260_liver_sbr_Male_26-U1,sbr,26,tierA_p95,full,Macrophages,emt_ecm,18036,49.99999999999999,200,0.04006809784185026,0.0013487011223585524,A_SENDER_FINAL_strict,8860,3611.732020378113,0.7051,0.0024774197486639752,200,0.5435154690618762,-3.6424581214322624e-05,0.004126179121292382,-0.008901912602324806,0.007696900133185158,1.0009090668930203,1.000342419176957,0.03901827932924237,0.0,0.18039260076981567,0.004975124378109453,0.004975124378109453,5.3591683574951166,0.004975124378109453,0.004975124378109453,0.18407960199004975,0.024875621890547265,0.004975124378109453,0.004975124378109453,0.00017091802230465933,0.9310096634222633,-0.26036888667133384,200,0.8539052450654246,0.0005278495282924096,0.004543209434496331,-0.007490414579659209,0.009776326503363048,0.9868261894942993,0.986374384980742,0.03969252253834098,0.0,0.17780753883960093,0.004975124378109453,0.004975124378109453,5.283764393804402,0.004975124378109453,0.004975124378109453,0.009950248756218905,0.004975124378109453,0.004975124378109453,0.004975124378109453,0.00022947235869876602,0.9073744532703769,0.8734504289079836
7260_liver_sbr_Male_26-U1,sbr,26,tierA_p95,full,Macrophages,il6_jak_stat3,18036,18.24260882600192,200,0.012115859261853294,0.0004642024927631172,A_SENDER_FINAL_strict,8860,3611.732020378113,0.7051,0.0015405935258457786,200,0.5435154690618762,-8.94323278480584e-05,0.0029164009897223783,-0.006662549326616907,0.0050040962151940245,1.0073814267659609,1.0135036265401285,0.012200072243741871,0.0,0.06246396342244268,0.004975124378109453,0.004975124378109453,1.6309934274123303,0.004975124378109453,0.004975124378109453,0.1691542288557214,0.04975124378109453,0.009950248756218905,0.004975124378109453,0.00010654856504424154,0.9308392750866931,1.299076809578592,200,0.8539052450654246,0.00025001965523569706,0.0023818365479907283,-0.0050470676166566005,0.00438258374155396,0.9793642654778202,0.9789124789252652,0.012281876101328795,0.0,0.06075988234857372,0.004975124378109453,0.004975124378109453,1.5856324502277424,0.004975124378109453,0.004975124378109453,0.004975124378109453,0.004975124378109453,0.004975124378109453,0.004975124378109453,0.00019514210428247297,0.8733331660761453,0.8817274530061292
7260_liver_sbr_Male_26-U1,sbr,26,tierA_p95,full,Macrophages,interferon_response,18036,6.999999999999999,200,0.0056924024743903925,6.363312020206444e-05,A_SENDER_FINAL_strict,8860,3611.732020378113,0.7051,0.0034112394805525114,200,0.5435154690618762,0.00013394210658632338,0.004247055365475277,-0.008513694848226911,0.00896819332474747,0.9764700217194906,0.9790540130318643,0.005126971017360577,0.15,0.008301670557767473,0.11442786069651742,0.06965174129353234,0.7427772011665794,0.07462686567164178,0.04975124378109453,0.19900497512437812,0.05472636815920398,0.0945273631840796,0.24875621890547264,0.0001339373812985327,0.9607364472467822,0.773813520611707,200,0.8539052450654246,-0.0002758572713454955,0.0027474448175668293,-0.00609267515856505,0.004470627846120316,1.048460605620659,1.05697455604176,0.005128605380829372,0.045,0.00897434358101035,0.05970149253731343,0.024875621890547265,0.7975387025245992,0.029850746268656716,0.009950248756218905,0.029850746268656716,0.03482587064676617,0.024875621890547265,0.07462686567164178,-7.10021323570883e-05,1.0208141740742247,1.020564144412284
7260_liver_sbr_Male_26-U1,sbr,26,tierA_p95,full,Macrophages,oxidative_stress,18036,36.94920399670096,200,-0.029685109905868815,-0.001184520588537437,A_SENDER_FINAL_strict,8860,3611.732020378113,0.7051,0.0007204393414408674,200,0.5435154690618762,-0.0002878161873468866,0.004207488294374754,-0.00825541780625966,0.008276867718470296,0.9903043583716028,0.9908788095774754,-0.029423668757454252,0.0,-0.1568340877733177,0.004975124378109453,1.0,-3.928361111755483,0.004975124378109453,1.0,0.22388059701492538,0.029850746268656716,0.004975124378109453,0.004975124378109453,-0.0004391278297736215,1.6095278318579502,0.7846175595810756,200,0.8539052450654246,-0.0013086253475436494,0.0038687227376498646,-0.010410574922381162,0.005197845720808326,0.9559164391948257,0.9561326718375522,-0.030214633189055817,0.0,-0.1510965206160676,0.004975124378109453,1.0,-3.791950357560305,0.004975124378109453,1.0,0.014925373134328358,0.004975124378109453,0.004975124378109453,0.004975124378109453,-0.00024212492067709394,1.336079537512274,2.6934596964254616
7260_liver_sbr_Male_26-U1,sbr,26,tierA_p95,full,Macrophages,secondary_senescence,18036,49.99999999999999,200,0.01491447051021785,0.0005020244084435796,A_SENDER_FINAL_strict,8860,3611.732020378113,0.7051,0.002292669848518007,200,0.5435154690618762,-6.331124718975673e-05,0.001961491028648573,-0.003672350496670332,0.003231330193569242,1.004244954398239,1.0029117191878996,0.015149425634609219,0.0,0.06732620147404479,0.004975124378109453,0.004975124378109453,2.00148135945893,0.004975124378109453,0.004975124378109453,0.21393034825870647,0.03482587064676617,0.004975124378109453,0.004975124378109453,-2.529056064848834e-05,1.0110310521442223,1.565413839675442,200,0.8539052450654246,0.0003981483872071798,0.002080579298276673,-0.0025236702576664784,0.00522949087678096,0.9733045576821242,0.9721115791298929,0.015008490133442227,0.0,0.06520734391264903,0.004975124378109453,0.004975124378109453,1.9398164967077145,0.004975124378109453,0.004975124378109453,0.009950248756218905,0.009950248756218905,0.004975124378109453,0.004975124378109453,8.520780521007764e-05,0.9628346814674793,0.9631429824284311
7260_liver_sbr_Male_26-U1,sbr,26,tierA_p95,full,Macrophages,tnfa_nfkb_proximal,18036,18.24260882600192,200,0.013016385737207857,0.0004987049267733013,A_SENDER_FINAL_strict,8860,3611.732020378113,0.7051,0.0017923844427161504,200,0.5435154690618762,-0.00026902110484595986,0.0026759235136422505,-0.005130266966273685,0.004811025835709013,1.0206678804913527,1.0199709790963407,0.013119084531133576,0.0,0.06792253337850165,0.004975124378109453,0.004975124378109453,1.7753292562196603,0.004975124378109453,0.004975124378109453,0.17412935323383086,0.03482587064676617,0.004975124378109453,0.004975124378109453,-3.1590622342136735e-05,1.0176249143817968,1.0295205956019309,200,0.8539052450654246,-0.00022400681142765799,0.0023193441446193396,-0.004048658350156135,0.004828539777810041,1.017209601493856,1.015083262367284,0.013335377483353955,0.0,0.0677385193569842,0.004975124378109453,0.004975124378109453,1.769313995038452,0.004975124378109453,0.004975124378109453,0.004975124378109453,0.004975124378109453,0.004975124378109453,0.004975124378109453,-7.80130746547288e-05,1.0435247443547933,1.0405721769629281
7260_liver_sbr_Male_26-U1,sbr,26,tierA_p95,full,Mesenchymal,downstream_arrest,28914,49.99999999999999,200,-0.0014069074468669321,-4.4891292490187426e-05,A_SENDER_FINAL_strict,8860,3611.732020378113,0.7051,-0.0005752008590375385,200,0.5488458878052155,5.565300011234553e-05,0.0009353299997821821,-0.0017602986128320934,0.0019842431507777294,1.0395569731585972,7.889606846469095,-0.0010680036314202267,0.13,-0.008011303380671573,0.06965174129353234,0.9751243781094527,-0.24745820076817868,0.024875621890547265,0.9950248756218906,0.20398009950248755,0.06467661691542288,0.07462686567164178,0.208955223880597,6.096913956762486e-05,1.105996259584247,-3.3120192630995793,200,0.8571237116967559,-8.006676423151106e-05,0.0008174308357903131,-0.001397927997779328,0.0017549411599634068,0.9430902406481583,0.9625525848231831,-0.0009713812679187308,0.055,-0.007150167845055876,0.0945273631840796,0.9651741293532339,-0.22449506870578959,0.04477611940298507,0.9900497512437811,0.07462686567164178,0.07462686567164178,0.08955223880597014,0.1044776119402985,1.0409677739849766e-05,1.0180974655657988,0.8783951076732355
7260_liver_sbr_Male_26-U1,sbr,26,tierA_p95,full,Mesenchymal,emt_ecm,28914,47.54182525407475,200,0.02397047844362346,0.0007933560045226058,A_SENDER_FINAL_strict,8860,3611.732020378113,0.7051,0.000994323300070767,200,0.5488458878052155,-0.00024453327747228583,0.003875959732218928,-0.008257961659799348,0.005974945379298816,1.0102014349879336,1.0146214927821102,0.02280462828740856,0.0,0.1360834830827397,0.004975124378109453,0.004975124378109453,4.097063642366921,0.004975124378109453,0.004975124378109453,0.22388059701492538,0.014925373134328358,0.009950248756218905,0.004975124378109453,0.00014979163628355848,0.8493531869635383,-0.4648171745781823,200,0.8571237116967559,0.0016771949656802462,0.003530893158943634,-0.004194274921466259,0.008334698574853049,0.9300308097885961,0.9249796726783245,0.02265021712714445,0.0,0.12368712564392573,0.004975124378109453,0.004975124378109453,3.771916456554466,0.004975124378109453,0.004975124378109453,0.004975124378109453,0.004975124378109453,0.004975124378109453,0.004975124378109453,0.0006000435923031113,0.3965306935275422,2.925485076227221
7260_liver_sbr_Male_26-U1,sbr,26,tierA_p95,full,Mesenchymal,il6_jak_stat3,28914,12.818224546846722,200,0.0018911704546240523,5.338599142969905e-05,A_SENDER_FINAL_strict,8860,3611.732020378113,0.7051,-0.0008559598049118871,200,0.5488458878052155,0.00022842935024096407,0.002018385308253,-0.0036654950306027854,0.005101563295352477,0.8792127120628195,1.3572391850758647,0.0013167531341789001,0.27,0.007936421531614793,0.21890547263681592,0.12437810945273632,0.281327806234434,0.21890547263681592,0.12437810945273632,0.5373134328358209,0.24378109452736318,0.15920398009950248,0.26865671641791045,0.00017659395898354552,1.2063110416752854,1.058793135545065,200,0.8571237116967559,0.0005963351579388733,0.0018159974745417262,-0.003008091309043671,0.004262899120628407,0.6846740300532987,0.6559742087684435,0.0014824421049778344,0.35,0.006175033025361627,0.43781094527363185,0.22885572139303484,0.21907991117264575,0.4427860696517413,0.23383084577114427,0.34328358208955223,0.32338308457711445,0.35323383084577115,0.3482587064676617,0.00011309705361379422,1.132128930546495,1.11238586478784
7260_liver_sbr_Male_26-U1,sbr,26,tierA_p95,full,Mesenchymal,interferon_response,28914,9.472463873139185,200,0.001627816893237424,3.086747045857206e-05,A_SENDER_FINAL_strict,8860,3611.732020378113,0.7051,0.0007778540670655932,200,0.5488458878052155,0.0003472345620617635,0.0020764358301180925,-0.0034927043107350394,0.004186536359781653,0.7866869649133701,1.5210459074696998,0.0009947175074729029,0.4,0.004047130102568128,0.4228855721393035,0.21393034825870647,0.2166683778867013,0.40298507462686567,0.208955223880597,0.6865671641791045,0.5323383084577115,0.5422885572139303,0.42786069651741293,0.00023410378872797854,0.6990389346280328,0.44967306777130545,200,0.8571237116967559,0.00044707117947764434,0.0018124247553800228,-0.003178863451034077,0.0035907416439873462,0.7253553631646473,0.40700409202263055,0.0012624735311618867,0.355,0.003704639129927001,0.48756218905472637,0.24875621890547264,0.19977650188421497,0.4577114427860697,0.23880597014925373,0.5024875621890548,0.5024875621890548,0.5124378109452736,0.38308457711442784,0.00015809119481804683,0.7967598274385371,1.19653477532764
7260_liver_sbr_Male_26-U1,sbr,26,tierA_p95,full,Mesenchymal,oxidative_stress,28914,31.763081427768892,200,-0.02655776158440585,-0.0010659643825121027,A_SENDER_FINAL_strict,8860,3611.732020378113,0.7051,-0.005261563777930579,200,0.5488458878052155,0.00018132570864934927,0.0038874169040448254,-0.00636396609210908,0.008537925585695891,1.0068275975771928,1.0095826177240022,-0.02482226201806437,0.0,-0.1819039876737772,0.004975124378109453,1.0,-4.524125102240276,0.004975124378109453,1.0,0.19900497512437812,0.03482587064676617,0.004975124378109453,0.004975124378109453,-5.5772447661462865e-05,0.9894000244004648,1.047793054195168,200,0.8571237116967559,-0.001778876797268275,0.003538913010013563,-0.008352589219566988,0.00533523547069937,0.9330185719299178,0.926792431667414,-0.02426575937283318,0.0,-0.16760696116831697,0.004975124378109453,1.0,-4.192468256017275,0.004975124378109453,1.0,0.004975124378109453,0.004975124378109453,0.004975124378109453,0.004975124378109453,-0.00034377696231434107,0.9346625876215167,0.9154218742917305
7260_liver_sbr_Male_26-U1,sbr,26,tierA_p95,full,Mesenchymal,secondary_senescence,28914,49.99999999999999,200,0.004491691457987806,0.00014331990029993648,A_SENDER_FINAL_strict,8860,3611.732020378113,0.7051,0.0005759753308519458,200,0.5488458878052155,0.00016040099900139834,0.0016997034488584674,-0.0032233346510090904,0.0031751867879514836,0.9642893995498846,0.961269579904212,0.003989767081594269,0.005,0.023379744071259638,0.004975124378109453,0.004975124378109453,0.7328335360079249,0.004975124378109453,0.004975124378109453,0.2537313432835821,0.08955223880597014,0.01990049751243781,0.03980099502487562,0.00014011366027788633,0.7567366989995228,-21.57660020355776,200,0.8571237116967559,0.0009495064505660506,0.0015164409441911129,-0.0016788158345459115,0.0037239190058656886,0.7886082649605207,0.7555682260252473,0.004066533699946311,0.005,0.018393691746884055,0.03482587064676617,0.01990049751243781,0.5993206848544185,0.014925373134328358,0.009950248756218905,0.16417910447761194,0.13930348258706468,0.08955223880597014,0.029850746268656716,0.00031119204417212056,0.45971289480084987,-2.239722283996496
7260_liver_sbr_Male_26-U1,sbr,26,tierA_p95,full,Mesenchymal,tnfa_nfkb_proximal,28914,49.99999999999999,200,0.005246664992025156,0.00016740942929794936,A_SENDER_FINAL_strict,8860,3611.732020378113,0.7051,0.0010303801134947806,200,0.5488458878052155,-5.522612582230183e-05,0.002256116255930997,-0.0044993828623159145,0.004010288679883434,1.0105259485608942,1.0265538570936554,0.00471665759607161,0.025,0.028687420318155635,0.009950248756218905,0.009950248756218905,0.8970545042436174,0.004975124378109453,0.004975124378109453,0.18407960199004975,0.05970149253731343,0.004975124378109453,0.04477611940298507,-4.983467248087719e-05,1.0483653283173826,4.5883455465668535,200,0.8571237116967559,0.0004700671136790371,0.0019915472939777737,-0.0037190877814166777,0.0039170673097633875,0.9104064935738166,0.909171127676253,0.005211340630039665,0.005,0.025437717327565404,0.014925373134328358,0.004975124378109453,0.8081774118874264,0.009950248756218905,0.004975124378109453,0.024875621890547265,0.024875621890547265,0.014925373134328358,0.014925373134328358,0.00015918689857458292,0.8455066276127335,0.8418470443085055
7260_liver_sbr_Male_26-U1,sbr,26,tierA_p95,full,Proliferating,downstream_arrest,3536,6.999999999999999,200,0.01229352400590162,7.302434661457206e-05,A_SENDER_FINAL_strict,8860,3611.732020378113,0.7051,0.013376985037993857,200,0.5301824095022624,-3.485115945104193e-06,0.006607118589560916,-0.015510048821643127,0.011720341381325166,1.000283492019329,1.054841108883099,0.010978323978087123,0.06,0.004271692299574063,0.24378109452736318,0.11940298507462686,0.7275947581762235,0.009950248756218905,0.004975124378109453,0.5621890547263682,0.23383084577114427,0.21890547263681592,0.3681592039800995,0.00022596291150797927,0.9831080837074878,1.0059593962922913,200,0.8264776583710408,0.0003417003786597869,0.005737580723319692,-0.011014702717261932,0.011497729572795934,0.9722048471621523,0.9809645701755566,0.009124310462657721,0.03,0.004069234867829397,0.2835820895522388,0.12935323383084577,0.7071706734264784,0.03482587064676617,0.01990049751243781,0.13432835820895522,0.24875621890547264,0.24378109452736318,0.3034825870646766,0.00017361067152044972,0.9870216890407402,0.9825168490199157
7260_liver_sbr_Male_26-U1,sbr,26,tierA_p95,full,Proliferating,emt_ecm,3536,6.999999999999999,200,0.03430519846035005,0.0002037751503838675,A_SENDER_FINAL_strict,8860,3611.732020378113,0.7051,0.005362328476066273,200,0.5301824095022624,0.00029378943240869677,0.005809092625840089,-0.011145887811332227,0.011239070174131283,0.9914360083720765,0.9884495457327489,0.03409957503182413,0.0,0.011860743943936016,0.004975124378109453,0.004975124378109453,2.0124017703583896,0.004975124378109453,0.004975124378109453,0.21393034825870647,0.024875621890547265,0.009950248756218905,0.024875621890547265,0.0001239813360522872,0.9768791977952015,-2.033288870293078,200,0.8264776583710408,0.0011981407993931262,0.0046681365879647505,-0.007126449114045042,0.011075677928849972,0.9650740746835224,0.9644679441379976,0.034149371679491,0.0,0.011159674809034386,0.004975124378109453,0.004975124378109453,1.9588927172506407,0.004975124378109453,0.004975124378109453,0.004975124378109453,0.004975124378109453,0.004975124378109453,0.004975124378109453,0.0004367518619291927,0.9185518261556428,0.8743007004695571
7260_liver_sbr_Male_26-U1,sbr,26,tierA_p95,full,Proliferating,il6_jak_stat3,3536,6.999999999999999,200,0.010272027861902865,6.1016525665223454e-05,A_SENDER_FINAL_strict,8860,3611.732020378113,0.7051,-0.0009122103983136494,200,0.5301824095022624,-6.80578835879355e-05,0.004693161067952635,-0.007826207846207259,0.009623384417871063,1.0066255548079606,1.0344685624690257,0.011420739896886571,0.03,0.0036141465841360745,0.1691542288557214,0.1044776119402985,0.6118066688383458,0.004975124378109453,0.004975124378109453,0.208955223880597,0.3383084577114428,0.2835820895522388,0.31840796019900497,-0.000326447105250543,0.642136171815157,4.758475534701029,200,0.8264776583710408,0.0005420442767441543,0.0039781452183055965,-0.007196066977467503,0.008024694103353443,0.9472310351927198,0.9568523034265654,0.013453077349737464,0.01,0.0031988990422418028,0.24875621890547264,0.13432835820895522,0.5757078801482586,0.009950248756218905,0.004975124378109453,0.14925373134328357,0.13432835820895522,0.16417910447761194,0.23383084577114427,0.00030103057204115293,1.330001250366857,0.9786367964981467
7260_liver_sbr_Male_26-U1,sbr,26,tierA_p95,full,Proliferating,interferon_response,3536,6.999999999999999,200,0.008351092135107036,4.96060402526995e-05,A_SENDER_FINAL_strict,8860,3611.732020378113,0.7051,0.0009978499097001603,200,0.5301824095022624,0.0007433498870410712,0.004146195754345611,-0.006287469300988156,0.009436697529952224,0.910987703761989,-0.9425083794785877,0.00785708545716081,0.05,0.002337685574032733,0.30845771144278605,0.15920398009950248,0.4501381861557336,0.024875621890547265,0.014925373134328358,0.5970149253731343,0.4228855721393035,0.4626865671641791,0.34328358208955223,0.0005768948501313712,0.42186210118040707,-4.460721651642723,200,0.8264776583710408,0.00013695068085688101,0.003506076396891579,-0.006324697508406153,0.006632758574784409,0.9836008657740517,0.9858958339663287,0.009789777674245978,0.02,0.002823183543084124,0.2537313432835821,0.13930348258706468,0.4860178768520661,0.009950248756218905,0.009950248756218905,0.13432835820895522,0.1791044776119403,0.24875621890547264,0.25870646766169153,-0.0001227868422477911,1.1230514138991972,0.9163573186707678
7260_liver_sbr_Male_26-U1,sbr,26,tierA_p95,full,Proliferating,oxidative_stress,3536,6.999999999999999,200,-0.06085150047044667,-0.0003614619420954874,A_SENDER_FINAL_strict,8860,3611.732020378113,0.7051,-0.023288461633782988,200,0.5301824095022624,-0.001420461189659878,0.011073663153571119,-0.022668588788577176,0.017999433095511382,0.9766569241731394,0.9861695498469891,-0.0572968976694754,0.0,-0.020341252677334446,0.004975124378109453,1.0,-3.5164414554139825,0.004975124378109453,1.0,0.21393034825870647,0.009950248756218905,0.004975124378109453,0.01990049751243781,-0.0006580833768505015,0.9717420846769945,0.6048264422386614,200,0.8264776583710408,-0.0022692531127822134,0.009590985398885496,-0.021671865805771146,0.013922225373678092,0.9627083458051408,0.9516558403963691,-0.049416189655811606,0.0,-0.019683775168058654,0.004975124378109453,1.0,-3.46621976752819,0.004975124378109453,1.0,0.004975124378109453,0.004975124378109453,0.004975124378109453,0.004975124378109453,-0.00014604606567398203,0.9937288229694776,0.9591251138319642
7260_liver_sbr_Male_26-U1,sbr,26,tierA_p95,full,Proliferating,secondary_senescence,3536,49.99999999999999,200,0.008348616257026811,0.0002568675946036844,A_SENDER_FINAL_strict,8860,3611.732020378113,0.7051,-2.862234465489419e-05,200,0.5301824095022624,5.640741284626959e-05,0.003026205294381986,-0.005370779126031504,0.006980781681974614,0.9932435015444874,1.0015911370784543,0.008601036544707941,0.005,0.015064557821978184,0.004975124378109453,0.004975124378109453,0.49063700196899684,0.004975124378109453,0.004975124378109453,0.1791044776119403,0.029850746268656716,0.009950248756218905,0.029850746268656716,-0.0001868606088865734,-5.528487136172533,0.7598886025991112,200,0.8264776583710408,0.0009386198790727289,0.0023506202925360226,-0.004148016775252436,0.005833141807483597,0.8875718022992473,0.8676950047988871,0.007726217811294657,0.0,0.013124459322915626,0.004975124378109453,0.004975124378109453,0.4384378729235682,0.004975124378109453,0.004975124378109453,0.009950248756218905,0.009950248756218905,0.009950248756218905,0.004975124378109453,0.00036363528923421623,13.704594735988463,6.643697344706411
7260_liver_sbr_Male_26-U1,sbr,26,tierA_p95,full,Proliferating,tnfa_nfkb_proximal,3536,6.999999999999999,200,-0.0010891010046089249,-6.469332082538818e-06,A_SENDER_FINAL_strict,8860,3611.732020378113,0.7051,-0.008953751087866568,200,0.5301824095022624,0.00020802924640498578,0.00668054247200312,-0.012272700861375304,0.013376381630379843,1.1910100583184065,-10.017369710885614,0.0018408883378464092,0.87,-0.0005491502514166322,0.8805970149253731,0.5771144278606966,-0.0767491641225843,0.8159203980099502,0.6069651741293532,0.8805970149253731,0.8756218905472637,0.8756218905472637,0.945273631840796,7.046538543648547e-05,1.0078699290101971,0.8845915904393951,200,0.8264776583710408,0.00032565484083741487,0.005511980584206151,-0.009229102302854331,0.011284205834795558,1.299012524512684,1.5106332173450823,0.0033240543919860394,0.86,-0.0006337632135158865,0.8706467661691543,0.5771144278606966,-0.08370888620527762,0.8109452736318408,0.6169154228855721,0.8507462686567164,0.8606965174129353,0.8507462686567164,0.9253731343283582,0.000547757670423467,1.0611763343707137,1.1816304202324184
7260_liver_sbr_Male_26-U1,sbr,26,tierA_p95,full,T/NK cells,downstream_arrest,5345,6.999999999999999,200,0.003066668688255245,4.360761522181277e-05,A_SENDER_FINAL_strict,8860,3611.732020378113,0.7051,0.004040900499302756,200,0.5466117867165575,-1.0469346807922518e-05,0.003989865202510659,-0.007972198635309794,0.009808224391472687,1.0034139151868666,1.193593518729248,0.00367590397488919,0.4,0.003192708042013457,0.23383084577114427,0.10945273631840796,0.22384880042224528,0.2537313432835821,0.11940298507462686,0.2935323383084577,0.4228855721393035,0.39800995024875624,0.3681592039800995,-3.820603060613758e-05,1.0094548308261313,1.0439407772220508,200,0.8672432179607109,-0.0002908651869873639,0.002912615216357542,-0.006137062260715353,0.005266180585717517,1.0948472810582122,1.0872117326670487,0.0028427097297437903,0.275,0.003465993641734661,0.1691542288557214,0.07462686567164178,0.24424641396845304,0.20398009950248755,0.10945273631840796,0.14925373134328357,0.1791044776119403,0.19402985074626866,0.24378109452736318,-0.0001412444433804326,1.0349537048498976,1.0289026090689095
7260_liver_sbr_Male_26-U1,sbr,26,tierA_p95,full,T/NK cells,emt_ecm,5345,49.99999999999999,200,0.042224745157743986,0.001482098137921988,A_SENDER_FINAL_strict,8860,3611.732020378113,0.7051,-0.00012859530921349873,200,0.5466117867165575,0.0002247518498717365,0.007259134730869096,-0.01316711172312243,0.01508626438716498,0.9946772479257813,0.9963212571930504,0.040617725624513296,0.0,0.10738158408627964,0.004975124378109453,0.004975124378109453,3.0553221898336247,0.004975124378109453,0.004975124378109453,0.22388059701492538,0.04477611940298507,0.004975124378109453,0.004975124378109453,0.00022063713609824073,2.715747933946259,5.677461625678234,200,0.8672432179607109,0.00041023774929093896,0.005769798112616496,-0.009375433301440953,0.012800575107316336,0.9902844233219559,0.9898773542501869,0.04288780189837697,0.0,0.10694049923102293,0.004975124378109453,0.004975124378109453,3.04182887376944,0.004975124378109453,0.004975124378109453,0.004975124378109453,0.004975124378109453,0.004975124378109453,0.004975124378109453,0.0005168062982213948,5.018858085743809,6.700388963845716
7260_liver_sbr_Male_26-U1,sbr,26,tierA_p95,full,T/NK cells,il6_jak_stat3,5345,30.20149733539872,200,0.012063932219286012,0.0005462140985262105,A_SENDER_FINAL_strict,8860,3611.732020378113,0.7051,-0.0032201920462681805,200,0.5466117867165575,0.0002714734902807872,0.004301599060221598,-0.008650664584310666,0.008036997200791316,0.9774970975179389,1.0083126760980323,0.01042326457158615,0.005,0.03889442514281271,0.004975124378109453,0.004975124378109453,0.8578515849590305,0.004975124378109453,0.004975124378109453,0.22885572139303484,0.05970149253731343,0.014925373134328358,0.009950248756218905,0.0002275055859163632,1.0706496950018913,0.5100259408283339,200,0.8672432179607109,0.000149856940995389,0.003931981764039537,-0.008523571004285241,0.006770359465433289,0.9875781015450484,0.9920674019127352,0.011227727430076526,0.005,0.039278428466202255,0.004975124378109453,0.004975124378109453,0.8666986754563765,0.004975124378109453,0.004975124378109453,0.009950248756218905,0.004975124378109453,0.004975124378109453,0.004975124378109453,0.00028326284512182235,1.0879645813205738,1.1020868835430493
7260_liver_sbr_Male_26-U1,sbr,26,tierA_p95,full,T/NK cells,interferon_response,5345,19.185852382096297,200,0.010053350995857375,0.00044093574979935335,A_SENDER_FINAL_strict,8860,3611.732020378113,0.7051,-0.0005206856682871412,200,0.5466117867165575,9.018217013784072e-05,0.004657491098871774,-0.009581796485306146,0.009129120539292839,0.9910296407461551,0.01446616115312402,0.007963817945386864,0.03,0.03175056136565302,0.004975124378109453,0.004975124378109453,0.7247784677283239,0.004975124378109453,0.004975124378109453,0.21393034825870647,0.05472636815920398,0.014925373134328358,0.03482587064676617,0.00022936791118186812,1.4405112818572512,0.6812603553473341,200,0.8672432179607109,-0.0007259824102407622,0.004139956152914009,-0.009029445922830828,0.0064017694243901375,1.0722129775972125,1.1163535644989087,0.007982861615309055,0.015,0.034076431845432735,0.009950248756218905,0.004975124378109453,0.784150995116789,0.014925373134328358,0.004975124378109453,0.009950248756218905,0.009950248756218905,0.014925373134328358,0.014925373134328358,-0.0003319095026056996,0.36255302801485545,0.8211667199534094
7260_liver_sbr_Male_26-U1,sbr,26,tierA_p95,full,T/NK cells,oxidative_stress,5345,28.716686174618605,200,-0.030968558367408906,-0.0014155228033567568,A_SENDER_FINAL_strict,8860,3611.732020378113,0.7051,0.002132968745840375,200,0.5466117867165575,-0.0008499012301080314,0.006744887910217492,-0.014550775279750646,0.011782261714869006,0.9725559963100362,0.9735981615130853,-0.030667052115783477,0.0,-0.10044224066107131,0.004975124378109453,1.0,-2.191005146239823,0.004975124378109453,1.0,0.21890547263681592,0.06965174129353234,0.014925373134328358,0.004975124378109453,-0.0005889632642472107,1.2761237197665374,-51.786393925817244,200,0.8672432179607109,-0.0009317404695951601,0.006060906800866956,-0.01573147470738203,0.008760527065524354,0.9699133405391024,0.9698211794500637,-0.03232344692754397,0.0,-0.10007631774847589,0.004975124378109453,1.0,-2.1850516870911223,0.004975124378109453,1.0,0.004975124378109453,0.004975124378109453,0.004975124378109453,0.004975124378109453,-0.0006747766564884741,1.3163556230274798,8.688926929082436
7260_liver_sbr_Male_26-U1,sbr,26,tierA_p95,full,T/NK cells,secondary_senescence,5345,49.99999999999999,200,0.006760437065448777,0.0002372928752751235,A_SENDER_FINAL_strict,8860,3611.732020378113,0.7051,-0.0006626592618940122,200,0.5466117867165575,0.000205132652426128,0.0033451531166349023,-0.0072525447683906685,0.006589327337830322,0.9696568948959647,0.9711267889009331,0.006570709354521444,0.05,0.01676159174787089,0.009950248756218905,0.004975124378109453,0.47687071965481326,0.009950248756218905,0.004975124378109453,0.31343283582089554,0.208955223880597,0.09950248756218906,0.08955223880597014,0.00026974148845626935,1.4070591086062758,3.490610842505539,200,0.8672432179607109,0.0005397465169632106,0.002351038088990279,-0.0031555237335315783,0.004834213929242852,0.9201610026485202,0.9172091190542935,0.006443803041221457,0.01,0.015876437841068073,0.014925373134328358,0.009950248756218905,0.45252897374423695,0.009950248756218905,0.009950248756218905,0.14427860696517414,0.07960199004975124,0.05970149253731343,0.014925373134328358,9.40498053773314e-05,1.1419278515907532,1.097855628288078
7260_liver_sbr_Male_26-U1,sbr,26,tierA_p95,full,T/NK cells,tnfa_nfkb_proximal,5345,28.716686174618605,200,0.010148107848285182,0.0004638536253366202,A_SENDER_FINAL_strict,8860,3611.732020378113,0.7051,-0.0009789798285517663,200,0.5466117867165575,0.00011103393999767298,0.003581518404045025,-0.006144528166898408,0.007813481914097004,0.9890586558935284,0.596968496543298,0.008753354935497145,0.005,0.03338858187746077,0.004975124378109453,0.004975124378109453,0.7301547504590427,0.004975124378109453,0.004975124378109453,0.21393034825870647,0.04975124378109453,0.004975124378109453,0.004975124378109453,0.00012202800835202674,1.1246481334886607,0.28680856755547207,200,0.8672432179607109,-0.00035213650649498605,0.003192052622056595,-0.0072911020664697835,0.005898108623074587,1.0346997205547523,1.049889938267312,0.008785147463973615,0.005,0.03481775233899894,0.004975124378109453,0.004975124378109453,0.7638484449430112,0.004975124378109453,0.004975124378109453,0.024875621890547265,0.014925373134328358,0.009950248756218905,0.004975124378109453,-0.00016485194905129812,0.8316084313042809,0.9187073413768501
7260_liver_sbr_Male_26-U1,sbr,26,tierA_p95,full,vSMCs,downstream_arrest,4974,6.999999999999999,200,0.0025839597991843444,3.656904428316508e-05,A_SENDER_FINAL_strict,8860,3611.732020378113,0.7051,0.0024031341500593095,200,0.5406664656212304,0.0004312767134690342,0.00403593407126307,-0.008031127308810131,0.008363100799846397,0.8330946504643101,0.6167551881877417,0.003919455708356607,0.515,0.002150357160440682,0.417910447761194,0.19402985074626866,0.1510660686146111,0.42786069651741293,0.1890547263681592,0.5472636815920398,0.44776119402985076,0.4577114427860697,0.4975124378109453,0.00014554437625523874,0.9394356006918521,1.0041967498213673,200,0.886418375552875,5.5642982091590465e-05,0.0029773638524748973,-0.004821703295340079,0.005895469055043447,0.9784660031827295,0.9794244335764302,0.003747301044548774,0.41,0.0025531356997872297,0.32338308457711445,0.1691542288557214,0.17742643322878815,0.39800995024875624,0.20398009950248755,0.5074626865671642,0.46766169154228854,0.43781094527363185,0.3582089552238806,-8.715611553963984e-05,1.0362676863201703,1.0227760668814063
7260_liver_sbr_Male_26-U1,sbr,26,tierA_p95,full,vSMCs,emt_ecm,4974,49.99999999999999,200,0.03217351080121393,0.0008970806460590216,A_SENDER_FINAL_strict,8860,3611.732020378113,0.7051,0.007865672821666524,200,0.5406664656212304,-0.001946551035568505,0.012798090411066804,-0.031273700980146556,0.02270589928394317,1.0605016669643357,1.022313291248143,0.03155373751805621,0.025,0.06977789712735927,0.009950248756218905,0.004975124378109453,2.394399638652529,0.004975124378109453,0.004975124378109453,0.19402985074626866,0.0845771144278607,0.04477611940298507,0.1044776119402985,-0.0006251176010809745,1.0794741422957546,0.9639485478991547,200,0.886418375552875,-0.0003602711560728965,0.009528263049039335,-0.01850249618642089,0.01937944807133008,1.0111977570088282,1.0127798582995464,0.030678210533809855,0.01,0.0641851690109744,0.014925373134328358,0.014925373134328358,2.2830813184092897,0.014925373134328358,0.014925373134328358,0.11940298507462686,0.04975124378109453,0.029850746268656716,0.01990049751243781,0.0014013759103488116,0.8218364859407032,0.7610030565214388
7260_liver_sbr_Male_26-U1,sbr,26,tierA_p95,full,vSMCs,il6_jak_stat3,4974,49.99999999999999,200,-0.009991931644239825,-0.0002786008822653585,A_SENDER_FINAL_strict,8860,3611.732020378113,0.7051,-0.003955926147905987,200,0.5406664656212304,0.0010922273271470905,0.005625788286548644,-0.00896643691533502,0.013709043815614694,1.1093109286608,1.1074407119711807,-0.010204647831154707,0.085,-0.02292163510162562,0.03482587064676617,0.9900497512437811,-0.7778387496134375,0.009950248756218905,1.0,0.22388059701492538,0.08955223880597014,0.04975124378109453,0.15422885572139303,0.0005291618904107315,1.1337643501486587,1.0659548162921382,200,0.886418375552875,0.0007145116881192933,0.004284632016239179,-0.007980150597325306,0.009058428695137453,1.0715088647079765,1.0838017745797064,-0.00931585475149067,0.015,-0.02159096321809774,0.03980099502487562,0.9850746268656716,-0.7513322856472265,0.004975124378109453,1.0,0.22885572139303484,0.08955223880597014,0.07960199004975124,0.1044776119402985,-7.632370488425345e-05,0.9807064889407365,1.0300234170188327
7260_liver_sbr_Male_26-U1,sbr,26,tierA_p95,full,vSMCs,interferon_response,4974,49.99999999999999,200,0.004985226268404837,0.0001390009946145597,A_SENDER_FINAL_strict,8860,3611.732020378113,0.7051,0.0006189859736537669,200,0.5406664656212304,0.00033069560727022086,0.004926833284009967,-0.009739765228926823,0.008555900230676395,0.9336648750797752,0.733960531848191,0.004949478997629209,0.3,0.00865681776010934,0.32338308457711445,0.14925373134328357,0.32663500395838707,0.20398009950248755,0.1044776119402985,0.6268656716417911,0.4925373134328358,0.48756218905472637,0.4626865671641791,7.048563663526924e-05,0.8861272474088472,1.2357212018635515,200,0.886418375552875,4.987760719217256e-05,0.004673823687606765,-0.009636542364090174,0.009115090975724917,0.9899949160766714,1.0469743106283347,0.004962035861095648,0.26,0.009627211482895333,0.3582089552238806,0.19900497512437812,0.3463416071037878,0.24875621890547264,0.12935323383084577,0.5472636815920398,0.472636815920398,0.4228855721393035,0.39303482587064675,-0.00010007317395667609,1.1616727651613195,1.280702863944705
7260_liver_sbr_Male_26-U1,sbr,26,tierA_p95,full,vSMCs,oxidative_stress,4974,49.99999999999999,200,-0.010942074821521153,-0.0003050933300616351,A_SENDER_FINAL_strict,8860,3611.732020378113,0.7051,-0.0021789639678902926,200,0.5406664656212304,6.566804931934399e-05,0.007258087782734088,-0.016236389607908845,0.013995411698251404,1.006001425725054,1.0007372106083,-0.008826505985959217,0.12,-0.022058148249591184,0.1044776119402985,0.9601990049751243,-0.7724761953364012,0.03482587064676617,0.9850746268656716,0.21393034825870647,0.09950248756218906,0.08955223880597014,0.24875621890547264,0.00019580004485329614,1.0898592394085675,1.2439410702235518,200,0.886418375552875,0.0007346553341947699,0.00523509603721949,-0.011159311285785982,0.010244827558392407,1.0671404049211792,1.0689334242922524,-0.008864429442647662,0.04,-0.02347886811089495,0.0945273631840796,0.9601990049751243,-0.8194228544846576,0.024875621890547265,0.9800995024875622,0.05472636815920398,0.03482587064676617,0.12935323383084577,0.12935323383084577,0.0007708236217444777,1.3537569382071064,-1.1030686513438996
7260_liver_sbr_Male_26-U1,sbr,26,tierA_p95,full,vSMCs,secondary_senescence,4974,6.999999999999999,200,-0.0029581028380058975,-4.186403894957681e-05,A_SENDER_FINAL_strict,8860,3611.732020378113,0.7051,-0.005705102923544842,200,0.5406664656212304,0.0002337573408166171,0.006094548235199235,-0.011036301729773332,0.01325597606317552,1.0790227228794373,0.4531676693637401,-0.0021802357661412698,0.585,-0.003073832054511837,0.4228855721393035,0.7810945273631841,-0.22399106119330323,0.43781094527363185,0.7761194029850746,0.7512437810945274,0.6019900497512438,0.4626865671641791,0.572139303482587,-8.705120334260429e-05,0.9847415192137295,0.5642383111698964,200,0.886418375552875,0.0008087905846442835,0.004340173835352472,-0.006482421021885415,0.010308137681904842,1.2734153032994286,1.4695461360598605,-0.0026626959141228,0.455,-0.0036235286313911637,0.3383084577114428,0.845771144278607,-0.2643444285998611,0.3333333333333333,0.8407960199004975,0.4527363184079602,0.3880597014925373,0.373134328358209,0.43283582089552236,0.0006361190458911857,1.1115000122549825,1.1068190007059338
7260_liver_sbr_Male_26-U1,sbr,26,tierA_p95,full,vSMCs,tnfa_nfkb_proximal,4974,12.18803582947357,200,0.004035371317601509,0.00012330215619047526,A_SENDER_FINAL_strict,8860,3611.732020378113,0.7051,0.002722103826602486,200,0.5406664656212304,0.0006306232432819861,0.0051764385521850765,-0.008385105316283477,0.01070618472768373,0.84372609268165,2.107254934487303,0.004390817659221469,0.44,0.007469777817184921,0.2935323383084577,0.15422885572139303,0.23893062087200287,0.35323383084577115,0.1791044776119403,0.22388059701492538,0.2537313432835821,0.22885572139303484,0.3880597014925373,0.000250674934756449,0.9079113249440887,0.8577309318067279,200,0.886418375552875,0.0003222746782845212,0.0037837470302634277,-0.006492772577398952,0.007534382802365828,0.9201375405334271,0.9186799672395972,0.0038799951842666764,0.31,0.00804235346618099,0.23880597014925373,0.12437810945273632,0.2605692010170434,0.3283582089552239,0.15920398009950248,0.27860696517412936,0.24875621890547264,0.24378109452736318,0.23383084577114427,-6.678951889854519e-05,1.0245359924356399,1.0266166795887977
7001_liver_sham_Male_52-U1,sham,52,tierA_p95,full,Biliary/ductular,downstream_arrest,21822,6.999999999999999,200,-0.0010471390018614026,-1.4210802258439537e-05,A_SENDER_FINAL_strict,6895,3600.16237449646,0.7347,-0.000886109143247028,200,0.5831999816698744,-0.00018355777823233225,0.0022285982317019285,-0.004793645740579993,0.003939043106324263,0.8247054327018299,-1.64129398210948,-0.0006368974966023416,0.615,-0.0018761111912653239,0.373134328358209,0.8208955223880597,-0.1269358820270466,0.5771144278606966,0.7213930348258707,0.681592039800995,0.5621890547263682,0.5124378109452736,0.417910447761194,-0.00017557253924230885,0.8018612711759786,3.773297373197656,200,0.8199899184309413,0.0001561447758351734,0.0020358027128610633,-0.004065005028329425,0.003737607233139439,1.1491156146009358,1.4128654332016446,-0.0008580690922030701,0.61,-0.0023035380349483475,0.34328358208955223,0.8308457711442786,-0.17686800438861452,0.5422885572139303,0.7562189054726368,0.44776119402985076,0.38308457711442784,0.38308457711442784,0.4626865671641791,0.00015108928199273304,1.1705086592821812,1.0945742207269844
7001_liver_sham_Male_52-U1,sham,52,tierA_p95,full,Biliary/ductular,emt_ecm,21822,40.868941774896264,200,0.003549188764336731,0.0001569116050888613,A_SENDER_FINAL_strict,6895,3600.16237449646,0.7347,-0.0019170449390187513,200,0.5831999816698744,0.0002443439046539687,0.0026022565707335492,-0.004621057364748237,0.005228540161926702,0.9311549988241802,0.9248713784946548,0.003946371274836758,0.205,0.021644405447621782,0.04477611940298507,0.024875621890547265,0.48577179047905,0.0945273631840796,0.04975124378109453,0.09950248756218906,0.0845771144278607,0.07462686567164178,0.13432835820895522,2.5293764656297133e-05,1.0131941427879327,1.0897168786276863,200,0.8199899184309413,0.00018891270537231742,0.00221865051293745,-0.004360320584107263,0.004291381036724957,0.9467729901349383,0.9403217885913853,0.002886375184235575,0.125,0.021933757528902822,0.06965174129353234,0.029850746268656716,0.4939194990907134,0.10945273631840796,0.06467661691542288,0.1791044776119403,0.13930348258706468,0.11940298507462686,0.09950248756218906,-0.00015012264220168016,0.9216905983025514,0.9241646543569396
7001_liver_sham_Male_52-U1,sham,52,tierA_p95,full,Biliary/ductular,il6_jak_stat3,21822,12.818224546846722,200,0.008101458342410736,0.00026612599066559955,A_SENDER_FINAL_strict,6895,3600.16237449646,0.7347,0.0006517893412931246,200,0.5831999816698744,0.0005707411903589838,0.00254608399927922,-0.004748715098271802,0.006530469412885009,0.9295508084796065,0.9321547987694447,0.008050415459305703,0.01,0.03733774928602468,0.004975124378109453,0.004975124378109453,1.1069233533989944,0.004975124378109453,0.004975124378109453,0.024875621890547265,0.004975124378109453,0.004975124378109453,0.004975124378109453,0.0003262815262959734,0.49940647134756205,2.5093607227694146,200,0.8199899184309413,4.194724999901658e-05,0.0020711426707624293,-0.004154435562933197,0.0039571517823527485,0.9948222593728063,0.9952327823443775,0.007824083171780002,0.0,0.03893294805117446,0.004975124378109453,0.004975124378109453,1.1846495977794311,0.004975124378109453,0.004975124378109453,0.009950248756218905,0.004975124378109453,0.004975124378109453,0.004975124378109453,-0.00016940711265910736,1.2599108361039015,1.3043715658496313
7001_liver_sham_Male_52-U1,sham,52,tierA_p95,full,Biliary/ductular,interferon_response,21822,7.361938632551805,200,0.001710710706085914,2.5522352502217087e-05,A_SENDER_FINAL_strict,6895,3600.16237449646,0.7347,-0.002128950476171859,200,0.5831999816698744,0.00034183338448487297,0.003018114882972505,-0.0051456207846443044,0.006634099275206103,0.8001804844800535,0.6949211056192598,0.0022495329757435617,0.595,0.0032862622093185346,0.31343283582089554,0.14925373134328357,0.20120823085297107,0.5572139303482587,0.29850746268656714,0.05472636815920398,0.2935323383084577,0.3283582089552239,0.4228855721393035,0.00014079882770468181,1.0661353231465756,0.4765093022692609,200,0.8199899184309413,-0.0001273662552526778,0.002297297530637646,-0.004442564399669889,0.0044159507817788,1.0744522465426607,1.1197985637886196,0.001912261644971146,0.485,0.003931744984429186,0.1791044776119403,0.1044776119402985,0.2701748416212944,0.39800995024875624,0.21393034825870647,0.12437810945273632,0.21393034825870647,0.22388059701492538,0.2736318407960199,-0.00015417992442034128,0.9275793748393913,1.0442235686985284
7001_liver_sham_Male_52-U1,sham,52,tierA_p95,full,Biliary/ductular,oxidative_stress,21822,6.999999999999999,200,-0.03141058511426269,-0.0004262754162410162,A_SENDER_FINAL_strict,6895,3600.16237449646,0.7347,0.001125315728308469,200,0.5831999816698744,0.0004671041207275818,0.006493636168810319,-0.010788889301561796,0.013043046054630683,1.014870914343951,1.0171486658452318,-0.03122634537700376,0.0,-0.06319475697492143,0.004975124378109453,1.0,-4.685630591900892,0.004975124378109453,1.0,0.024875621890547265,0.004975124378109453,0.004975124378109453,0.004975124378109453,0.00034662988701841715,0.6919709924080971,-12.298348581103797,200,0.8199899184309413,-0.0012651566413929701,0.005923367761325119,-0.013827528498615443,0.009191792339682906,0.9597219651658607,0.9597036999911552,-0.0306536296844036,0.0,-0.06086653434386422,0.004975124378109453,1.0,-4.431009437892264,0.004975124378109453,1.0,0.004975124378109453,0.004975124378109453,0.004975124378109453,0.004975124378109453,-0.0005368584944631424,1.477073661158302,10.807156108067714
7001_liver_sham_Male_52-U1,sham,52,tierA_p95,full,Biliary/ductular,secondary_senescence,21822,31.763081427768892,200,0.00483282683540953,0.00023165083718487814,A_SENDER_FINAL_strict,6895,3600.16237449646,0.7347,0.0007033350583227047,200,0.5831999816698744,0.0001547088655055215,0.001661840292902074,-0.0027089365216750685,0.004018489273074247,0.9679879145737256,0.9698098789886818,0.004965185974317447,0.0,0.03315210700518797,0.004975124378109453,0.004975124378109453,0.6876261485177945,0.004975124378109453,0.004975124378109453,0.03482587064676617,0.009950248756218905,0.009950248756218905,0.004975124378109453,3.670650208755207e-05,0.9478107885378432,-3.9158835526865987,200,0.8199899184309413,0.0004070507199153113,0.001351034230770774,-0.002048109261115483,0.0033453863820735903,0.9157737833822431,0.9067100356840071,0.004440503036607502,0.01,0.03164081036890339,0.004975124378109453,0.004975124378109453,0.6505349809641036,0.009950248756218905,0.009950248756218905,0.029850746268656716,0.014925373134328358,0.009950248756218905,0.004975124378109453,0.00017679983964083605,0.7486264369325428,8.725434248358804
7001_liver_sham_Male_52-U1,sham,52,tierA_p95,full,Biliary/ductular,tnfa_nfkb_proximal,21822,15.682109678112967,200,0.007349797657077109,0.0002887789237639783,A_SENDER_FINAL_strict,6895,3600.16237449646,0.7347,6.432879612045725e-05,200,0.5831999816698744,-3.742967924366422e-05,0.0025241738876124586,-0.004827731738061557,0.005674764842217201,1.0050926135643508,0.9974866982904073,0.007176961358651651,0.015,0.042623197828927484,0.004975124378109453,0.004975124378109453,1.085832104743577,0.004975124378109453,0.004975124378109453,0.01990049751243781,0.004975124378109453,0.004975124378109453,0.004975124378109453,-0.00011724798111958396,2.822636022910086,1.785271102837161,200,0.8199899184309413,0.00024941570484969105,0.0023183931036263525,-0.005280915510873756,0.0044482100547702675,0.9660649562767856,0.962670889678069,0.006236199467800779,0.0,0.041425726043230755,0.004975124378109453,0.004975124378109453,1.043669340154665,0.004975124378109453,0.004975124378109453,0.009950248756218905,0.004975124378109453,0.004975124378109453,0.004975124378109453,4.069711138991414e-05,0.36735779550875164,7.98758038714275
7001_liver_sham_Male_52-U1,sham,52,tierA_p95,full,DC,downstream_arrest,3092,14.178039470333344,200,0.007938538618533655,0.00027589983954374206,A_SENDER_FINAL_strict,6895,3600.16237449646,0.7347,0.005124969735052453,200,0.5817852522639069,-0.0005082049116242746,0.0060459127901268325,-0.013176944493924982,0.012594438248734489,1.0640174389827615,10.282972330572143,0.005700671726849578,0.195,0.015865588222701447,0.009950248756218905,0.009950248756218905,0.4673507981215458,0.07960199004975124,0.03980099502487562,0.06467661691542288,0.024875621890547265,0.024875621890547265,0.07960199004975124,-0.00059302815754958,1.1157134945585216,2.5788209756404656,200,0.8215249029754205,0.00038797661250117516,0.00501487600179247,-0.010296396802052122,0.00874282588260557,0.9511274516451443,0.9078320310763658,0.006036809470747776,0.12,0.014730303542377202,0.029850746268656716,0.014925373134328358,0.41776587239645024,0.1044776119402985,0.03482587064676617,0.03482587064676617,0.014925373134328358,0.014925373134328358,0.03980099502487562,0.0002736118236782846,0.946612011812108,0.5329781450748685
7001_liver_sham_Male_52-U1,sham,52,tierA_p95,full,DC,emt_ecm,3092,49.99999999999999,200,0.02298811984859763,0.0009317472305114565,A_SENDER_FINAL_strict,6895,3600.16237449646,0.7347,-0.0033518128519878032,200,0.5817852522639069,0.0002906779812909838,0.00876930970934451,-0.018200039041883585,0.016164254679392455,0.9873552955524236,0.9893119924884178,0.02343520955819638,0.005,0.050938647359796745,0.004975124378109453,0.004975124378109453,1.255829247582804,0.004975124378109453,0.004975124378109453,0.09950248756218906,0.01990049751243781,0.009950248756218905,0.009950248756218905,0.00012201609502296464,1.0364030154459856,2.104971713963816,200,0.8215249029754205,0.001763854439596534,0.007649013794476736,-0.01242111477058811,0.018206460330018687,0.9232710438603295,0.9260517925346282,0.024184677289494836,0.0,0.04791727156771968,0.004975124378109453,0.004975124378109453,1.174319705934616,0.004975124378109453,0.004975124378109453,0.03482587064676617,0.024875621890547265,0.01990049751243781,0.004975124378109453,7.686281159192582e-05,1.0229317133700773,-3.925185422062536
7001_liver_sham_Male_52-U1,sham,52,tierA_p95,full,DC,il6_jak_stat3,3092,18.24260882600192,200,0.01688570293182608,0.0007142353292060816,A_SENDER_FINAL_strict,6895,3600.16237449646,0.7347,0.004442905270972827,200,0.5817852522639069,0.0004163989479507553,0.007593323398523572,-0.014952724974639927,0.01522161618490725,0.975340147245755,0.9654935298614311,0.015652226551281793,0.025,0.03873287317026535,0.004975124378109453,0.004975124378109453,0.9112319243374227,0.004975124378109453,0.004975124378109453,0.024875621890547265,0.004975124378109453,0.004975124378109453,0.004975124378109453,0.00019501062880386953,0.9561074078986226,1.5544842942630979,200,0.8215249029754205,-0.0006535509609732163,0.0068940863786767295,-0.014883229228683986,0.01207396439613646,1.0387043976559251,1.0411125783520718,0.01745239903410567,0.01,0.040482253174514746,0.004975124378109453,0.004975124378109453,0.9704313000613765,0.009950248756218905,0.004975124378109453,0.014925373134328358,0.009950248756218905,0.009950248756218905,0.004975124378109453,-0.0004012738145591161,1.0903178866272007,1.0640589112966428
7001_liver_sham_Male_52-U1,sham,52,tierA_p95,full,DC,interferon_response,3092,30.20149733539872,200,0.014497284633968922,0.000703026683576876,A_SENDER_FINAL_strict,6895,3600.16237449646,0.7347,0.006500644929105299,200,0.5817852522639069,2.916379986143955e-05,0.006444111208311029,-0.011753719693186587,0.012983526403739181,0.9979883267385738,0.9780169139225766,0.012027794641608858,0.04,0.03879337534110886,0.004975124378109453,0.004975124378109453,0.8005082426141418,0.004975124378109453,0.004975124378109453,0.05472636815920398,0.004975124378109453,0.004975124378109453,0.014925373134328358,-0.00018622611387250103,1.028647328980962,1.0104394668915304,200,0.8215249029754205,-0.0014987472872472413,0.005397902496375344,-0.012349145118334333,0.008306514522734657,1.103381241735124,1.1100674442400762,0.01323815895377701,0.02,0.042122989015138786,0.004975124378109453,0.004975124378109453,0.8850462025355612,0.004975124378109453,0.004975124378109453,0.004975124378109453,0.004975124378109453,0.004975124378109453,0.004975124378109453,-0.0009418630564094227,1.144887632947375,1.1375763308697955
7001_liver_sham_Male_52-U1,sham,52,tierA_p95,full,DC,oxidative_stress,3092,8.563960425689007,200,-0.03766463143474675,-0.0006759508841494219,A_SENDER_FINAL_strict,6895,3600.16237449646,0.7347,0.012538098569693987,200,0.5817852522639069,5.099269120706164e-05,0.01720830065646521,-0.03442612090709289,0.03338848088235101,1.00135386141493,0.9963208209402589,-0.04301769377270489,0.035,-0.03738192509132819,0.004975124378109453,1.0,-2.0867718990145754,0.009950248756218905,1.0,0.029850746268656716,0.004975124378109453,0.014925373134328358,0.004975124378109453,-0.0005837981778666036,1.0465619387677898,3.3946203149752985,200,0.8215249029754205,-0.003535913943578511,0.013280276171695443,-0.03144438699242322,0.02182385616902318,0.9061211059583999,0.9206171389370826,-0.041668401935122806,0.005,-0.03488437120977218,0.004975124378109453,1.0,-1.8883115488726119,0.004975124378109453,1.0,0.004975124378109453,0.004975124378109453,0.004975124378109453,0.004975124378109453,-0.001435113376506756,1.114460208502076,5.878129650757694
7001_liver_sham_Male_52-U1,sham,52,tierA_p95,full,DC,secondary_senescence,3092,49.99999999999999,200,0.010763698768714613,0.0004362708470228039,A_SENDER_FINAL_strict,6895,3600.16237449646,0.7347,0.0030405954113794527,200,0.5817852522639069,0.00017335324144761432,0.004011430382333406,-0.007485938881137058,0.008143203151820294,0.9838946402001255,0.9817347848889468,0.011026699887201015,0.01,0.0237366341205661,0.004975124378109453,0.004975124378109453,0.5859543878513658,0.004975124378109453,0.004975124378109453,0.2537313432835821,0.05472636815920398,0.01990049751243781,0.009950248756218905,0.00011191886805670487,0.9631917920951114,1.704546628275146,200,0.8215249029754205,0.00040221158309912636,0.003935520958960918,-0.00605389483928785,0.00843615516963413,0.9626325864610612,0.9602630188956836,0.011388078643806082,0.0,0.02328480908758447,0.004975124378109453,0.004975124378109453,0.5732918595946794,0.004975124378109453,0.004975124378109453,0.03980099502487562,0.004975124378109453,0.004975124378109453,0.004975124378109453,0.00012579132263263517,0.9586293782586595,0.9471258840946681
7001_liver_sham_Male_52-U1,sham,52,tierA_p95,full,DC,tnfa_nfkb_proximal,3092,30.20149733539872,200,0.013912866649823503,0.0006746861048002314,A_SENDER_FINAL_strict,6895,3600.16237449646,0.7347,0.000832366929973416,200,0.5817852522639069,-0.0004225875612265412,0.006806431435232112,-0.012268716991205934,0.011911506998787142,1.0303738670011549,1.0508841349233342,0.01298392051478136,0.04,0.03825251491401002,0.009950248756218905,0.004975124378109453,0.7931679164933575,0.014925373134328358,0.009950248756218905,0.29850746268656714,0.05472636815920398,0.024875621890547265,0.01990049751243781,-0.0006311096240215017,1.7582108338226003,14.971419537752617,200,0.8215249029754205,-0.0007308526361479697,0.006529314744327688,-0.012943924075652109,0.011983658060961485,1.052530700864386,1.0419764007037977,0.015272295290729114,0.015,0.03884411098448865,0.004975124378109453,0.004975124378109453,0.8102239485941491,0.014925373134328358,0.004975124378109453,0.024875621890547265,0.009950248756218905,0.009950248756218905,0.014925373134328358,-0.0003455940241548261,1.415194323212557,1.1332743165124968
7001_liver_sham_Male_52-U1,sham,52,tierA_p95,full,Endothelial,downstream_arrest,18788,8.14292620081837,200,0.004393379595104414,2.4404467468314874e-05,A_SENDER_FINAL_strict,6895,3600.16237449646,0.7347,0.0015130609422002142,200,0.5925896849052588,0.00022222418323671305,0.0021041933594910375,-0.004003196238665837,0.004098936290199874,0.9494183968341047,1.0221600013205967,0.005493000190188873,0.035,0.0030022984267952476,0.23383084577114427,0.12437810945273632,0.5688929939965266,0.009950248756218905,0.004975124378109453,0.1691542288557214,0.14925373134328357,0.22885572139303484,0.32338308457711445,8.463747876604177e-05,0.9440620820976541,0.8142884904827905,200,0.8377719821162444,-0.000193130469315765,0.0015325682510939135,-0.0028114578066856595,0.0027211463862336547,1.0439594314889094,1.0353705132595497,0.005674328425687019,0.005,0.0036415330900869155,0.0845771144278607,0.05472636815920398,0.6255421303937635,0.004975124378109453,0.004975124378109453,0.12437810945273632,0.17412935323383086,0.18407960199004975,0.18407960199004975,-9.02159315170626e-05,1.0596247837749848,1.0332932649002986
7001_liver_sham_Male_52-U1,sham,52,tierA_p95,full,Endothelial,emt_ecm,18788,14.911122358641625,200,0.02641130708148235,0.00048016706524448715,A_SENDER_FINAL_strict,6895,3600.16237449646,0.7347,0.005493719939449064,200,0.5925896849052588,0.0003982230208925019,0.0026127805502545454,-0.005005035044450566,0.005162726429960846,0.9849222524404441,0.9839799738944792,0.026034265302018973,0.0,0.06408565738630127,0.004975124378109453,0.004975124378109453,3.547856604001707,0.004975124378109453,0.004975124378109453,0.05472636815920398,0.004975124378109453,0.004975124378109453,0.004975124378109453,2.209651498380859e-05,0.9959778592233763,1.0066165018204911,200,0.8377719821162444,0.0003486050411894705,0.0027828626257399656,-0.004258999124390461,0.00581310944852412,0.986800916739411,0.9862073911351217,0.025567265531555528,0.0,0.06432705628569592,0.004975124378109453,0.004975124378109453,3.5546238706801447,0.004975124378109453,0.004975124378109453,0.009950248756218905,0.004975124378109453,0.004975124378109453,0.004975124378109453,-2.1443739678049816e-05,1.0039033186828596,1.0034559688241969
7001_liver_sham_Male_52-U1,sham,52,tierA_p95,full,Endothelial,il6_jak_stat3,18788,25.962470509255517,200,0.011463647528238224,0.00035511845310509644,A_SENDER_FINAL_strict,6895,3600.16237449646,0.7347,0.0005743101919059866,200,0.5925896849052588,0.00012237950229042994,0.0023931248047881566,-0.004392659959124403,0.004698625568508891,0.9893245581749636,0.9957037079613209,0.009907917384570485,0.0,0.0477971024849015,0.004975124378109453,0.004975124378109453,1.5468059292735743,0.004975124378109453,0.004975124378109453,0.06467661691542288,0.009950248756218905,0.009950248756218905,0.004975124378109453,-2.7192577989001444e-05,1.0473482420689006,-0.6699745038565446,200,0.8377719821162444,0.000491564883357236,0.0023980428281423494,-0.00352395007564501,0.005912499990745653,0.9571196792167265,0.9499575212008383,0.009970381819792649,0.0,0.045919064668150635,0.004975124378109453,0.004975124378109453,1.496453699247026,0.004975124378109453,0.004975124378109453,0.04477611940298507,0.014925373134328358,0.014925373134328358,0.004975124378109453,0.0001768836988029248,0.6920066868117147,-2.925319937569426
7001_liver_sham_Male_52-U1,sham,52,tierA_p95,full,Endothelial,interferon_response,18788,24.6860647223019,200,0.00580629066513921,0.0001750157570737147,A_SENDER_FINAL_strict,6895,3600.16237449646,0.7347,0.00027105892912438026,200,0.5925896849052588,0.00010329222384286108,0.0020322601563539547,-0.00391191397857928,0.004109380169863853,0.9822102905624369,0.8763582824223781,0.005100711377027569,0.01,0.023350962443846643,0.004975124378109453,0.004975124378109453,0.7778170644986528,0.004975124378109453,0.004975124378109453,0.04975124378109453,0.009950248756218905,0.004975124378109453,0.024875621890547265,-5.128116786323472e-05,1.189188262599914,-0.9910299182617056,200,0.8377719821162444,5.8099488261371696e-05,0.0017716991911327928,-0.0033527915594873036,0.003516807195423177,0.9899936996591991,0.9863490482359067,0.005285816902725941,0.0,0.023584731144988696,0.004975124378109453,0.004975124378109453,0.7839807836875131,0.004975124378109453,0.004975124378109453,0.04975124378109453,0.024875621890547265,0.01990049751243781,0.004975124378109453,4.316739961539206e-05,0.8407453325561398,9.053744705608597
7001_liver_sham_Male_52-U1,sham,52,tierA_p95,full,Endothelial,oxidative_stress,18788,42.98209161773131,200,-0.016431887907020604,-0.0005396647190866073,A_SENDER_FINAL_strict,6895,3600.16237449646,0.7347,-0.0008124752838535013,200,0.5925896849052588,6.848354050822851e-05,0.00432364197492502,-0.008256384939681671,0.008194330651081912,1.004167721986405,0.9996141660805554,-0.01586283150140024,0.0,-0.07388330314237251,0.004975124378109453,1.0,-2.250442572370212,0.004975124378109453,1.0,0.11940298507462686,0.009950248756218905,0.009950248756218905,0.004975124378109453,0.00011913275655901553,1.1466293915969714,-3.8809386156675565,200,0.8377719821162444,-0.00120150155102447,0.003405482226523026,-0.007458392113325983,0.005731912861084816,0.9268798839291544,0.9235458039094646,-0.015910004553612286,0.0,-0.06728937103072535,0.004975124378109453,1.0,-2.0772326221973207,0.004975124378109453,1.0,0.03980099502487562,0.024875621890547265,0.014925373134328358,0.004975124378109453,-8.87726815394594e-07,0.9989073799129197,1.25693748786388
7001_liver_sham_Male_52-U1,sham,52,tierA_p95,full,Endothelial,secondary_senescence,18788,47.54182525407475,200,0.007906239588872111,0.0002515753478789845,A_SENDER_FINAL_strict,6895,3600.16237449646,0.7347,0.001555893122255579,200,0.5925896849052588,8.040572224096335e-05,0.00192606519012222,-0.0038004447261683325,0.003494896877357446,0.9898300928858603,0.9754401092988624,0.00770864541876248,0.0,0.03388088054559491,0.004975124378109453,0.004975124378109453,1.0673450445505523,0.004975124378109453,0.004975124378109453,0.029850746268656716,0.004975124378109453,0.009950248756218905,0.004975124378109453,-4.9180176846466263e-05,1.031608968600086,0.40225072502034637,200,0.8377719821162444,0.0004680178397804245,0.0016504217984506097,-0.0025237975113875156,0.00436109697633,0.9408039897451184,0.9357727278488162,0.007359095495918022,0.0,0.031938340583992364,0.004975124378109453,0.004975124378109453,1.0144796400564002,0.004975124378109453,0.004975124378109453,0.03482587064676617,0.004975124378109453,0.004975124378109453,0.004975124378109453,4.955838423123735e-05,0.9681479508313575,0.9720414683469641
7001_liver_sham_Male_52-U1,sham,52,tierA_p95,full,Endothelial,tnfa_nfkb_proximal,18788,49.99999999999999,200,0.00800758651916115,0.0002495762964852273,A_SENDER_FINAL_strict,6895,3600.16237449646,0.7347,0.000265642982623542,200,0.5925896849052588,4.793881976984517e-05,0.0018955285586003123,-0.0035128883821401477,0.0035424868301949797,0.994013324782051,0.9919571731099357,0.006722230222153644,0.0,0.033797700666900785,0.004975124378109453,0.004975124378109453,1.0855955637569297,0.004975124378109453,0.004975124378109453,0.19402985074626866,0.024875621890547265,0.009950248756218905,0.004975124378109453,-3.6033246395261125e-06,1.0135645391567998,-1.5490955661204546,200,0.8377719821162444,0.00024671874649526165,0.001925158439831315,-0.0037604235701451205,0.0038822721982137614,0.9691893748628386,0.9629336883341193,0.0064760257494621,0.0,0.032837990957163436,0.004975124378109453,0.004975124378109453,1.0584844886482232,0.004975124378109453,0.004975124378109453,0.06965174129353234,0.024875621890547265,0.014925373134328358,0.004975124378109453,-6.433025231982324e-05,1.2421680847146237,-0.5138907376529793
7001_liver_sham_Male_52-U1,sham,52,tierA_p95,full,Hepatocytes,downstream_arrest,57337,20.177866835741543,200,0.0006129505140539679,1.5325240007857098e-05,A_SENDER_FINAL_strict,6895,3600.16237449646,0.7347,0.00023900195062045884,200,0.5874807715785618,2.7201036335982142e-05,0.0005908644457521196,-0.0012100132415128275,0.001170616914493585,0.9556227856697953,0.9484178599972324,0.0007376828969477458,0.3,0.0034309141919208596,0.31343283582089554,0.14925373134328357,0.1395607617505063,0.15920398009950248,0.07960199004975124,0.03980099502487562,0.15920398009950248,0.27860696517412936,0.43781094527363185,2.042529597871587e-05,0.9145392080454114,0.7155700175327927,200,0.8277456964961544,-2.1490623214663346e-05,0.0005105050476579038,-0.001083205833238811,0.0008633709501274673,1.0350609432930031,1.020249829207236,0.0006670207509732981,0.25,0.0038252740317259192,0.3034825870646766,0.13930348258706468,0.15116204413535572,0.19402985074626866,0.08955223880597014,0.4079601990049751,0.36318407960199006,0.3482587064676617,0.3582089552238806,2.2622680728402247e-05,0.9053452046325444,0.8703740363853336
7001_liver_sham_Male_52-U1,sham,52,tierA_p95,full,Hepatocytes,emt_ecm,57337,49.99999999999999,200,0.008455324606064357,0.0002591613953840144,A_SENDER_FINAL_strict,6895,3600.16237449646,0.7347,0.001019944625238854,200,0.5874807715785618,2.647375225553587e-05,0.0010171681848790105,-0.001865367340081472,0.001977093623003489,0.9968689845169812,0.9954977995736491,0.008051780118500804,0.0,0.061504048603815684,0.004975124378109453,0.004975124378109453,2.0082593166311318,0.004975124378109453,0.004975124378109453,0.1044776119402985,0.014925373134328358,0.004975124378109453,0.004975124378109453,5.545437744809098e-06,0.9945630011594889,0.897726723987034,200,0.8277456964961544,0.00018143170850031434,0.0010281708568295445,-0.001459684755062258,0.0019804260019000773,0.9785423130449435,0.9772326635855606,0.007999689077931714,0.0,0.06019604896930302,0.004975124378109453,0.004975124378109453,1.9713390098524124,0.004975124378109453,0.004975124378109453,0.009950248756218905,0.004975124378109453,0.004975124378109453,0.004975124378109453,-8.56138637201661e-05,1.0839397175117393,1.065037206907811
7001_liver_sham_Male_52-U1,sham,52,tierA_p95,full,Hepatocytes,il6_jak_stat3,57337,6.999999999999999,200,0.01143814218035726,3.485072759320018e-05,A_SENDER_FINAL_strict,6895,3600.16237449646,0.7347,0.0015613792156735575,200,0.5874807715785618,0.0001357189830927789,0.0016056501893984296,-0.0029357197328571246,0.0031378202666755735,0.9881345256115237,0.9895121277993542,0.011791265294165213,0.0,0.008019879254582129,0.004975124378109453,0.004975124378109453,2.692917110540327,0.004975124378109453,0.004975124378109453,0.03482587064676617,0.009950248756218905,0.009950248756218905,0.01990049751243781,4.294006314794104e-05,0.9724986328004774,1.0244595920830266,200,0.8277456964961544,-6.002485698922638e-06,0.0013172349970506279,-0.002445039867430769,0.002374950221533736,1.0005247780281339,1.0003130055786038,0.0116130439487574,0.0,0.00832327666671851,0.004975124378109453,0.004975124378109453,2.726683689757822,0.004975124378109453,0.004975124378109453,0.004975124378109453,0.004975124378109453,0.004975124378109453,0.004975124378109453,-1.3003785784560796e-05,1.0083283968775971,1.0112979877595332
7001_liver_sham_Male_52-U1,sham,52,tierA_p95,full,Hepatocytes,interferon_response,57337,6.999999999999999,200,0.011103438237388522,3.38309224747776e-05,A_SENDER_FINAL_strict,6895,3600.16237449646,0.7347,0.0005724463454859107,200,0.5874807715785618,2.7881382263444094e-05,0.0013323167917018792,-0.002838929453909645,0.002574434626291644,0.9974889415632034,0.9974627069107808,0.011214994185973286,0.0,0.007998896190778669,0.004975124378109453,0.004975124378109453,2.6388639005436643,0.004975124378109453,0.004975124378109453,0.01990049751243781,0.004975124378109453,0.004975124378109453,0.014925373134328358,-9.739334724750905e-06,1.0170135328866217,0.24649048644390262,200,0.8277456964961544,2.183507763604451e-05,0.0011693621991969354,-0.002330189015248698,0.0021143837366835293,0.9980334850188548,0.997484044436451,0.010849836058904936,0.0,0.008021010275971047,0.004975124378109453,0.004975124378109453,2.6403044940254765,0.004975124378109453,0.004975124378109453,0.014925373134328358,0.004975124378109453,0.004975124378109453,0.004975124378109453,1.1984884929607029e-05,0.9790637410403347,0.7148490476726669
7001_liver_sham_Male_52-U1,sham,52,tierA_p95,full,Hepatocytes,oxidative_stress,57337,49.99999999999999,200,-0.006510919941372586,-0.0001995640824989139,A_SENDER_FINAL_strict,6895,3600.16237449646,0.7347,4.1475619773733764e-05,200,0.5874807715785618,-0.00015851930118567303,0.0023986977345513126,-0.005099580746675796,0.004016749747455005,0.975653317409359,0.9403994956312398,-0.005893729476524405,0.005,-0.046069433766619636,0.009950248756218905,0.9950248756218906,-1.5135239654720185,0.009950248756218905,0.9950248756218906,0.22388059701492538,0.1044776119402985,0.06965174129353234,0.029850746268656716,-1.1036521801078367e-05,1.2660966095573025,1.3892033264525003,200,0.8277456964961544,-0.0005797738926294745,0.0018456521838006968,-0.004656864773858851,0.0024129799273461443,0.9109536136444567,0.8920293894647716,-0.005668283108165512,0.015,-0.04246603072849345,0.024875621890547265,0.9800995024875622,-1.4131557809337465,0.01990049751243781,0.9850746268656716,0.34328358208955223,0.21890547263681592,0.13432835820895522,0.024875621890547265,0.00012596428440210343,-2.0370681641236326,1.5733688404101684
7001_liver_sham_Male_52-U1,sham,52,tierA_p95,full,Hepatocytes,secondary_senescence,57337,49.99999999999999,200,0.007255638458021759,0.00022239020673838882,A_SENDER_FINAL_strict,6895,3600.16237449646,0.7347,0.000939583128381062,200,0.5874807715785618,3.73947225492821e-05,0.0008372181854090608,-0.0013595051525769975,0.0014879198178444244,0.994846115505116,0.9944724480689888,0.006877313083134675,0.0,0.05265783872315721,0.004975124378109453,0.004975124378109453,1.719819876149122,0.004975124378109453,0.004975124378109453,0.0845771144278607,0.009950248756218905,0.004975124378109453,0.004975124378109453,5.92661472675728e-07,0.999369229337167,0.8759775042112844,200,0.8277456964961544,6.918753135772006e-05,0.0009076207084724868,-0.0014242343000329678,0.0013417922275823567,0.9904643083089087,0.9897867182391077,0.006770331353742031,0.0,0.05242322476479463,0.004975124378109453,0.004975124378109453,1.7122449165729223,0.004975124378109453,0.004975124378109453,0.014925373134328358,0.004975124378109453,0.004975124378109453,0.004975124378109453,-0.00010894683869760745,1.1159523148157493,1.1103180010406069
7001_liver_sham_Male_52-U1,sham,52,tierA_p95,full,Hepatocytes,tnfa_nfkb_proximal,57337,6.999999999999999,200,0.011066276832510906,3.371769587049617e-05,A_SENDER_FINAL_strict,6895,3600.16237449646,0.7347,0.002742740614657739,200,0.5874807715785618,-2.3886185768391123e-06,0.001406519639957618,-0.0027489160988648604,0.002770644955769405,1.0002158466314364,1.0008085781097509,0.01181245966230668,0.0,0.008036789258445493,0.004975124378109453,0.004975124378109453,2.6372219535448758,0.004975124378109453,0.004975124378109453,0.06467661691542288,0.004975124378109453,0.009950248756218905,0.014925373134328358,-5.3664259455243856e-05,1.0195659258365344,1.2220610945601966,200,0.8277456964961544,-3.20215174441907e-05,0.0011586654371519942,-0.00218086635789708,0.002271769721565535,1.0028936125427583,1.0021342151225647,0.011411962303585908,0.0,0.008107662685176592,0.004975124378109453,0.004975124378109453,2.644282292642258,0.004975124378109453,0.004975124378109453,0.014925373134328358,0.009950248756218905,0.004975124378109453,0.004975124378109453,-5.769256710767686e-05,1.0210346420654424,1.0159327322402536
7001_liver_sham_Male_52-U1,sham,52,tierA_p95,full,Macrophages,downstream_arrest,17694,11.58882939190469,200,0.005146879789823221,9.837458803814803e-05,A_SENDER_FINAL_strict,6895,3600.16237449646,0.7347,0.004204530015062684,200,0.5874135300101729,1.7383370044214593e-05,0.001841589710218103,-0.0037285290296674906,0.0034694905742193726,0.9966225420538117,1.0003612681175533,0.005662330565779465,0.01,0.012968207947626499,0.004975124378109453,0.004975124378109453,0.6789248120633954,0.004975124378109453,0.004975124378109453,0.024875621890547265,0.004975124378109453,0.004975124378109453,0.004975124378109453,-3.612697341681266e-05,1.008592392797147,1.0148930935819402,200,0.8319441618627783,0.00017520151205668847,0.0016308189364914213,-0.0028967810700388217,0.0035411396839756955,0.9659596650376195,0.9694821651033537,0.005768274456591096,0.0,0.012572762575368266,0.004975124378109453,0.004975124378109453,0.6580364745663922,0.004975124378109453,0.004975124378109453,0.004975124378109453,0.004975124378109453,0.009950248756218905,0.004975124378109453,0.0001931141464303888,0.9540699802977837,0.9607015376592029
7001_liver_sham_Male_52-U1,sham,52,tierA_p95,full,Macrophages,emt_ecm,17694,36.94920399670096,200,0.028834773613017235,0.0011632117954923052,A_SENDER_FINAL_strict,6895,3600.16237449646,0.7347,-0.0018107145581887343,200,0.5874135300101729,0.00010003377601249791,0.0034797248083839293,-0.006118678792522821,0.006649433774408315,0.996530793778546,0.9951653256413353,0.027714812820410703,0.0,0.15340767989787502,0.004975124378109453,0.004975124378109453,3.8032442655198295,0.004975124378109453,0.004975124378109453,0.0845771144278607,0.004975124378109453,0.004975124378109453,0.004975124378109453,-0.0002490719353764841,0.8624455001755595,1.2732428917860004,200,0.8319441618627783,0.000954916393403671,0.0033850224098201983,-0.004663953330275587,0.0059870677963867885,0.966883166616138,0.96566941222525,0.027925389938941975,0.0,0.14886671367074295,0.004975124378109453,0.004975124378109453,3.6900945578583566,0.004975124378109453,0.004975124378109453,0.024875621890547265,0.004975124378109453,0.004975124378109453,0.004975124378109453,0.0003745937667929891,1.2068762108853297,1.1539873433268175
7001_liver_sham_Male_52-U1,sham,52,tierA_p95,full,Macrophages,il6_jak_stat3,17694,9.006764443646388,200,0.038332654573729384,0.00047983972620374565,A_SENDER_FINAL_strict,6895,3600.16237449646,0.7347,0.0008721179286364046,200,0.5874135300101729,0.000694465182576925,0.005832927649428263,-0.00988411394575907,0.011583659685306133,0.9818831961861346,0.9827477675519208,0.035961940886134136,0.0,0.06220728167670215,0.004975124378109453,0.004975124378109453,4.981678232635473,0.004975124378109453,0.004975124378109453,0.024875621890547265,0.004975124378109453,0.004975124378109453,0.004975124378109453,1.8268166094024072e-05,0.9790531010839473,1.1441963716673,200,0.8319441618627783,0.0002480593532170534,0.0048607960370745055,-0.00887019234421836,0.010074975648028606,0.9935287718532528,0.9923980877453635,0.03466721003071561,0.0,0.06297265862835331,0.004975124378109453,0.004975124378109453,5.040763173729011,0.004975124378109453,0.004975124378109453,0.004975124378109453,0.004975124378109453,0.004975124378109453,0.004975124378109453,0.000459073362944145,0.4736109098663678,3.334090752792816
7001_liver_sham_Male_52-U1,sham,52,tierA_p95,full,Macrophages,interferon_response,17694,9.006764443646388,200,0.023348500390741232,0.0002922713847853227,A_SENDER_FINAL_strict,6895,3600.16237449646,0.7347,0.003712522017186254,200,0.5874135300101729,0.00039144680045512747,0.005211577532671149,-0.009741067505272512,0.00948977660693641,0.9832346063385573,0.9834132108331488,0.02231510443555595,0.0,0.03793952510782831,0.004975124378109453,0.004975124378109453,3.038526985654039,0.004975124378109453,0.004975124378109453,0.024875621890547265,0.004975124378109453,0.004975124378109453,0.004975124378109453,-0.00017353229856950102,1.0467424294768284,0.643519362605996,200,0.8319441618627783,-0.0002827214355554317,0.00475088589749474,-0.01072536198866371,0.007254399276061622,1.0121087620542664,1.0103586740865764,0.021574401034907913,0.0,0.03911175285545959,0.004975124378109453,0.004975124378109453,3.1277578780215007,0.004975124378109453,0.004975124378109453,0.004975124378109453,0.004975124378109453,0.004975124378109453,0.004975124378109453,0.00013024315359690174,0.9649178771212746,0.891440309586454
7001_liver_sham_Male_52-U1,sham,52,tierA_p95,full,Macrophages,oxidative_stress,17694,6.999999999999999,200,-0.05622329919382128,-0.00041892867591987785,A_SENDER_FINAL_strict,6895,3600.16237449646,0.7347,0.0044929379819513456,200,0.5874135300101729,-0.000637336442497969,0.008377959129349785,-0.01652659536239161,0.014627101501161813,0.9886641934636234,0.9904611950577532,-0.06050361215687053,0.0,-0.0546645270771207,0.004975124378109453,1.0,-7.357191861717094,0.004975124378109453,1.0,0.014925373134328358,0.004975124378109453,0.004975124378109453,0.004975124378109453,-0.00040152938441172665,1.0893690022040627,1.907681396329117,200,0.8319441618627783,-0.0015843136714275507,0.006869003486876827,-0.016568798402664755,0.009614162456251647,0.9718210476058,0.9723498534199089,-0.0592337270567293,0.0,-0.05352877765120946,0.004975124378109453,1.0,-7.231852786578988,0.004975124378109453,1.0,0.01990049751243781,0.004975124378109453,0.004975124378109453,0.004975124378109453,-0.0007118660418131467,1.1584411012733307,0.472883119481167
7001_liver_sham_Male_52-U1,sham,52,tierA_p95,full,Macrophages,secondary_senescence,17694,36.94920399670096,200,0.01470769621830368,0.0005933171508558352,A_SENDER_FINAL_strict,6895,3600.16237449646,0.7347,-0.00039853697600828174,200,0.5874135300101729,0.00024154939004016897,0.0021639760181487193,-0.0034336132022309836,0.004268986800666044,0.9835766671778574,0.979110683960623,0.013974173279913437,0.0,0.07725222640049423,0.004975124378109453,0.004975124378109453,1.9146959492533233,0.004975124378109453,0.004975124378109453,0.0945273631840796,0.004975124378109453,0.004975124378109453,0.004975124378109453,1.964461774228511e-05,1.0492918321884313,11.277643459754382,200,0.8319441618627783,0.0004025256166112478,0.0021783904113686883,-0.003572929412816913,0.004284989386429225,0.9726316337625803,0.9696271435144397,0.01336825966383825,0.0,0.07638409177875369,0.004975124378109453,0.004975124378109453,1.8933896171248854,0.004975124378109453,0.004975124378109453,0.024875621890547265,0.014925373134328358,0.004975124378109453,0.004975124378109453,0.00021601537562405425,1.542020913059684,1.2451994375550948
7001_liver_sham_Male_52-U1,sham,52,tierA_p95,full,Macrophages,tnfa_nfkb_proximal,17694,10.477345453252495,200,0.03405962184568648,0.000555861369635114,A_SENDER_FINAL_strict,6895,3600.16237449646,0.7347,0.0021963127535754795,200,0.5874135300101729,0.00015459765320013366,0.0043265723299919295,-0.006888999406111954,0.009689640087755868,0.9954609697694071,0.9966050384179806,0.03151085232415219,0.0,0.07318508375050696,0.004975124378109453,0.004975124378109453,4.4875676468218275,0.004975124378109453,0.004975124378109453,0.024875621890547265,0.004975124378109453,0.004975124378109453,0.004975124378109453,-9.157886302892434e-05,1.0416966403713857,-0.7368521970719035,200,0.8319441618627783,-0.00022814530602313925,0.003983250128377989,-0.007517734304643129,0.00700507495233769,1.0066984098372198,1.0078654500243411,0.030123798919024405,0.0,0.07396001758764648,0.004975124378109453,0.004975124378109453,4.5382263607371485,0.004975124378109453,0.004975124378109453,0.009950248756218905,0.004975124378109453,0.004975124378109453,0.004975124378109453,-6.63317351019407e-05,1.0302014068779395,-5.16356762891281
7001_liver_sham_Male_52-U1,sham,52,tierA_p95,full,Mesenchymal,downstream_arrest,19088,6.999999999999999,200,0.003165707703991607,2.441752612249804e-05,A_SENDER_FINAL_strict,6895,3600.16237449646,0.7347,0.002327570527188901,200,0.5905946144174351,0.00018121932914135934,0.0024628125595018554,-0.004549159917335915,0.004963461056204973,0.9427555080613217,1.0054359952392433,0.0027546138135650946,0.195,0.0031430279772637205,0.15920398009950248,0.07462686567164178,0.41028349176950707,0.11442786069651742,0.05472636815920398,0.07960199004975124,0.1044776119402985,0.10945273631840796,0.2537313432835821,0.00014234015460708456,0.9388460401331021,1.007275886529743,200,0.8288550398155909,8.253814256362069e-06,0.0018819213720692603,-0.0036717602299555533,0.003212919562065428,0.997392742783563,1.0033696649511463,0.0034049325123307007,0.105,0.0033451004683882177,0.13432835820895522,0.04477611940298507,0.43406140157834927,0.0845771144278607,0.024875621890547265,0.13432835820895522,0.11940298507462686,0.12437810945273632,0.15422885572139303,5.328215451702985e-05,0.977108253479485,0.9910257867192123
7001_liver_sham_Male_52-U1,sham,52,tierA_p95,full,Mesenchymal,emt_ecm,19088,20.177866835741543,200,0.02723280480579138,0.0009774469998189142,A_SENDER_FINAL_strict,6895,3600.16237449646,0.7347,-0.0001934101074825757,200,0.5905946144174351,-0.0002718165027799184,0.004441867693333479,-0.00962110821787701,0.008783302667388353,1.0099812158431112,1.0084921145435595,0.029531585510738978,0.0,0.13561510058513954,0.004975124378109453,0.004975124378109453,3.781114433338964,0.004975124378109453,0.004975124378109453,0.03980099502487562,0.014925373134328358,0.004975124378109453,0.004975124378109453,-0.0005431380514696915,-1.8082195834497576,16.959828810356395,200,0.8288550398155909,0.0007576932128030978,0.0038367180253008537,-0.005121029978831515,0.00828762657516058,0.9721771878362685,0.9770969753141523,0.02938118291325522,0.0,0.13075464322421904,0.004975124378109453,0.004975124378109453,3.6395857061777384,0.004975124378109453,0.004975124378109453,0.004975124378109453,0.004975124378109453,0.004975124378109453,0.004975124378109453,-4.734101383545783e-06,0.9755229887146809,-5.8254740343508224
7001_liver_sham_Male_52-U1,sham,52,tierA_p95,full,Mesenchymal,il6_jak_stat3,19088,49.99999999999999,200,0.005868196498284539,0.0002117880118236253,A_SENDER_FINAL_strict,6895,3600.16237449646,0.7347,0.0021340935082910244,200,0.5905946144174351,0.0002418974192841415,0.0023977604469965345,-0.004775464470099183,0.004794838614281295,0.9587782346152083,0.956549695629128,0.0067136401594302345,0.01,0.027884548981246544,0.004975124378109453,0.004975124378109453,0.7734584095968112,0.004975124378109453,0.004975124378109453,0.22388059701492538,0.0845771144278607,0.024875621890547265,0.014925373134328358,-9.924231504997334e-05,1.0465032645778705,1.1591970027537644,200,0.8288550398155909,6.346239575938816e-05,0.0023108560255580665,-0.003956133658889191,0.004520941566693977,0.9891853662742991,0.9901948432750605,0.0062616457072404786,0.015,0.028827001521273418,0.004975124378109453,0.004975124378109453,0.7979882235249298,0.004975124378109453,0.004975124378109453,0.029850746268656716,0.01990049751243781,0.004975124378109453,0.01990049751243781,1.4647198986964729e-05,0.9931365711342731,0.9984594115801437
7001_liver_sham_Male_52-U1,sham,52,tierA_p95,full,Mesenchymal,interferon_response,19088,25.962470509255517,200,0.006692369750586443,0.0002694064308480817,A_SENDER_FINAL_strict,6895,3600.16237449646,0.7347,0.0016847422270942854,200,0.5905946144174351,0.00033556772965289897,0.0017648322007302415,-0.0032354299192898,0.003781126167094411,0.9498581605382019,0.9520899115852136,0.0071010612309763375,0.0,0.035273338431898456,0.004975124378109453,0.004975124378109453,0.8738820869982243,0.004975124378109453,0.004975124378109453,0.12935323383084577,0.004975124378109453,0.004975124378109453,0.004975124378109453,0.00011633140894190128,0.9309500248340419,-0.17809693134416263,200,0.8288550398155909,2.4207219109841874e-05,0.001690844218526561,-0.0031441054084246963,0.0030082571077874815,0.9963828628704023,0.9937557900396754,0.006950902076129206,0.0,0.036893221590073404,0.004975124378109453,0.004975124378109453,0.9166854292867168,0.004975124378109453,0.004975124378109453,0.01990049751243781,0.009950248756218905,0.004975124378109453,0.004975124378109453,6.604047436350475e-06,0.9960800843416024,0.9766043024696611
7001_liver_sham_Male_52-U1,sham,52,tierA_p95,full,Mesenchymal,oxidative_stress,19088,6.999999999999999,200,-0.0678693050462972,-0.0005234850099376528,A_SENDER_FINAL_strict,6895,3600.16237449646,0.7347,-0.009091486744673303,200,0.5905946144174351,0.0004296882812773999,0.007839311845328614,-0.014678635301041774,0.01484870767671163,1.0063311136158575,1.0059927544394882,-0.0703770038963389,0.0,-0.07249485402368384,0.004975124378109453,1.0,-9.38919705733001,0.004975124378109453,1.0,0.01990049751243781,0.004975124378109453,0.004975124378109453,0.004975124378109453,0.0005275090009599231,1.0580223032573843,1.0767228497241197,200,0.8288550398155909,9.860569756651733e-05,0.00621124837892168,-0.01149285900042702,0.010096779421843729,1.0014528761934318,1.0015348969784674,-0.06975572758171525,0.0,-0.07197623497108857,0.004975124378109453,1.0,-9.343682482820807,0.004975124378109453,1.0,0.004975124378109453,0.004975124378109453,0.004975124378109453,0.004975124378109453,0.0008089467567355621,1.0889784893773864,1.0797512738535213
7001_liver_sham_Male_52-U1,sham,52,tierA_p95,full,Mesenchymal,secondary_senescence,19088,49.99999999999999,200,0.005964523311961081,0.0002152645253248047,A_SENDER_FINAL_strict,6895,3600.16237449646,0.7347,0.0024828890092477574,200,0.5905946144174351,0.00027685255674633015,0.0019041228839030545,-0.0035634332590401057,0.003968456003455365,0.9535834563357078,0.9223752633208423,0.006031202623253459,0.005,0.02816411919153002,0.004975124378109453,0.004975124378109453,0.7818952947343639,0.004975124378109453,0.004975124378109453,0.03482587064676617,0.009950248756218905,0.004975124378109453,0.009950248756218905,0.00013048413712422107,0.9474466491904309,3.90458367539642,200,0.8288550398155909,0.00017902655173471352,0.0015433537519990792,-0.002379163871570803,0.00383889908445444,0.9699847678731176,0.973409839834361,0.006204786887406431,0.0,0.028681649119128648,0.004975124378109453,0.004975124378109453,0.7953436282109656,0.004975124378109453,0.004975124378109453,0.03482587064676617,0.014925373134328358,0.004975124378109453,0.004975124378109453,-0.00015022933954494098,1.060505861915453,1.0776172741220664
7001_liver_sham_Male_52-U1,sham,52,tierA_p95,full,Mesenchymal,tnfa_nfkb_proximal,19088,49.99999999999999,200,0.007990901067240415,0.00028839815609529596,A_SENDER_FINAL_strict,6895,3600.16237449646,0.7347,0.00247050099174781,200,0.5905946144174351,4.6091881116710426e-05,0.002237717843348824,-0.0045228516889750416,0.004116017329576474,0.9942319544781164,0.9966020524753992,0.008512102691564757,0.005,0.03939809987484561,0.004975124378109453,0.004975124378109453,1.0921885579429829,0.004975124378109453,0.004975124378109453,0.11442786069651742,0.029850746268656716,0.014925373134328358,0.009950248756218905,-0.00013072189873215,1.0529131132384886,1.301816749705036,200,0.8288550398155909,0.0004262320400113587,0.0020165447557589557,-0.0040027411452882,0.004070198344349708,0.9466603282377322,0.9467963471416284,0.008026770030137485,0.0,0.03749841435563654,0.004975124378109453,0.004975124378109453,1.0399299420048533,0.004975124378109453,0.004975124378109453,0.024875621890547265,0.004975124378109453,0.004975124378109453,0.004975124378109453,0.0001599546415758968,0.9352541682394818,0.9312061479654065
7001_liver_sham_Male_52-U1,sham,52,tierA_p95,full,T/NK cells,downstream_arrest,4830,9.006764443646388,200,0.007081630089232585,0.00011475382729884655,A_SENDER_FINAL_strict,6895,3600.16237449646,0.7347,0.00496574822840853,200,0.5945020703933748,0.001074248914338394,0.00513991032652233,-0.008972997223779115,0.012198685817957374,0.8483048534303199,0.8648626836976387,0.007924961633572281,0.19,0.006956440916955571,0.04975124378109453,0.03482587064676617,0.41542506156511183,0.14427860696517414,0.07960199004975124,0.13432835820895522,0.11940298507462686,0.08955223880597014,0.12437810945273632,0.0009170539634350049,0.8153241120464718,0.6551473141805559,200,0.8393416149068323,4.2960530677556215e-05,0.003991606245148748,-0.008383929859266611,0.008375664667584671,0.9939335251719972,0.9974908472852055,0.007090070907073849,0.085,0.007865864958266518,0.024875621890547265,0.014925373134328358,0.48674116883397245,0.07462686567164178,0.03980099502487562,0.01990049751243781,0.03482587064676617,0.03482587064676617,0.04477611940298507,2.8823194094586677e-05,0.9941955989774729,1.0336326729470582
7001_liver_sham_Male_52-U1,sham,52,tierA_p95,full,T/NK cells,emt_ecm,4830,27.304873519796445,200,0.02290310975664943,0.0010269560551076672,A_SENDER_FINAL_strict,6895,3600.16237449646,0.7347,-0.006405761415352172,200,0.5945020703933748,-0.00037235802872506523,0.0072504085140083704,-0.01389892652537174,0.014168767129505242,1.0162579681397614,1.0164758064824924,0.021276208463880408,0.0,0.07205457540918958,0.004975124378109453,0.004975124378109453,1.6095553713330473,0.004975124378109453,0.004975124378109453,0.06467661691542288,0.004975124378109453,0.004975124378109453,0.004975124378109453,-0.0004737906867275085,0.9260367884460992,0.9482673654192788,200,0.8393416149068323,0.001810005239781027,0.005554909229919739,-0.008810354855673599,0.012403170451789979,0.920971201770732,0.9156925973244622,0.021460035820779905,0.005,0.06607261177910048,0.009950248756218905,0.009950248756218905,1.4586396280528564,0.009950248756218905,0.009950248756218905,0.029850746268656716,0.014925373134328358,0.014925373134328358,0.009950248756218905,0.00019643012087358438,1.030664601463741,1.014895062461014
7001_liver_sham_Male_52-U1,sham,52,tierA_p95,full,T/NK cells,il6_jak_stat3,4830,10.477345453252495,200,0.028657511094189597,0.0005915395687222663,A_SENDER_FINAL_strict,6895,3600.16237449646,0.7347,0.0023959720013952785,200,0.5945020703933748,0.0003494071013038717,0.008375329322717305,-0.014622257762308225,0.017160591310458995,0.9878074861366899,0.9825235050946324,0.02770823856005622,0.0,0.04039884863175198,0.004975124378109453,0.004975124378109453,1.957574440786716,0.004975124378109453,0.004975124378109453,0.029850746268656716,0.004975124378109453,0.004975124378109453,0.004975124378109453,0.00015212883678363744,0.9365064213208476,4.001503477995941,200,0.8393416149068323,-0.00038040070601785505,0.006724412174915812,-0.01285660077432248,0.012213197402571796,1.0132740315363598,1.0114975985135533,0.02879667659016843,0.0,0.04119669033994839,0.004975124378109453,0.004975124378109453,2.0080424308244327,0.004975124378109453,0.004975124378109453,0.014925373134328358,0.004975124378109453,0.004975124378109453,0.004975124378109453,-0.0006356933124932116,1.2653175045964726,1.0762518254840865
7001_liver_sham_Male_52-U1,sham,52,tierA_p95,full,T/NK cells,interferon_response,4830,6.999999999999999,200,0.034139019837593446,0.00034223793784819,A_SENDER_FINAL_strict,6895,3600.16237449646,0.7347,0.004665588006902502,200,0.5945020703933748,0.0005133723716123868,0.011673987524178813,-0.020293846466115803,0.022999198225602095,0.9849622990333464,0.9780812002060577,0.03203196944375986,0.005,0.023282054916266334,0.004975124378109453,0.004975124378109453,2.3252955426068773,0.004975124378109453,0.004975124378109453,0.0845771144278607,0.009950248756218905,0.014925373134328358,0.009950248756218905,5.5672847483972876e-05,0.9880673459804835,-4.058826311291727,200,0.8393416149068323,-0.00011322141092650176,0.00868120492637933,-0.015656500854892678,0.017019346695305308,1.0033164810080992,1.0019860649222532,0.03333457791021719,0.0,0.023657132374926164,0.004975124378109453,0.004975124378109453,2.3686260310692013,0.004975124378109453,0.004975124378109453,0.004975124378109453,0.004975124378109453,0.004975124378109453,0.004975124378109453,-3.305552913499533e-05,1.0070849653004275,1.211773289801091
7001_liver_sham_Male_52-U1,sham,52,tierA_p95,full,T/NK cells,oxidative_stress,4830,6.999999999999999,200,-0.03841008231117181,-0.00038505462152370134,A_SENDER_FINAL_strict,6895,3600.16237449646,0.7347,0.005082573850288728,200,0.5945020703933748,-0.0013728292464721215,0.016897785095704974,-0.03444655572999467,0.029838128224996825,0.9642586226358378,0.9775383620851755,-0.04240543086148205,0.03,-0.025694250609508806,0.004975124378109453,1.0,-2.561216391413101,0.004975124378109453,1.0,0.01990049751243781,0.029850746268656716,0.024875621890547265,0.01990049751243781,-0.0008637791907035178,1.1699491667306414,10.546207907230473,200,0.8393416149068323,-0.0021302514968491986,0.01196527657567583,-0.025649562733565515,0.02263101822298387,0.9445392623845119,0.9480019996159784,-0.045093901246473625,0.0,-0.0252321906936674,0.004975124378109453,1.0,-2.5088387952804196,0.004975124378109453,1.0,0.024875621890547265,0.014925373134328358,0.009950248756218905,0.004975124378109453,-0.0009811637607509943,1.1930446639147716,1.7888195532784572
7001_liver_sham_Male_52-U1,sham,52,tierA_p95,full,T/NK cells,secondary_senescence,4830,49.99999999999999,200,0.009087731438437333,0.00035244682927071093,A_SENDER_FINAL_strict,6895,3600.16237449646,0.7347,-0.0006342007855022938,200,0.5945020703933748,0.00011457279038204047,0.0034262816120794676,-0.006836169186068009,0.00724873765520823,0.9873925862402311,0.9603848533525066,0.009261031784890872,0.015,0.02409013613253063,0.004975124378109453,0.004975124378109453,0.6205158080163845,0.004975124378109453,0.004975124378109453,0.208955223880597,0.06467661691542288,0.029850746268656716,0.014925373134328358,2.974465601894545e-05,1.0469010078494108,0.4277163313863282,200,0.8393416149068323,0.00048145924397873684,0.0025479920127462227,-0.004887460044365664,0.005070023278600453,0.9470209647764938,0.945560898540873,0.009223389381119891,0.0,0.023156681365800433,0.004975124378109453,0.004975124378109453,0.5951447148335887,0.004975124378109453,0.004975124378109453,0.004975124378109453,0.004975124378109453,0.004975124378109453,0.004975124378109453,7.432287012720042e-05,1.1171913876901556,2.2157288584135113
7001_liver_sham_Male_52-U1,sham,52,tierA_p95,full,T/NK cells,tnfa_nfkb_proximal,4830,9.962242533302096,200,0.025675150216086944,0.0004907320039478388,A_SENDER_FINAL_strict,6895,3600.16237449646,0.7347,0.00010539535712016496,200,0.5945020703933748,4.8861460313003e-05,0.0063552947809086225,-0.01062524548746594,0.01301958665520077,0.9980969357568786,0.9984369347836786,0.02419422743403405,0.0,0.03379802878384348,0.004975124378109453,0.004975124378109453,1.7721203756044712,0.004975124378109453,0.004975124378109453,0.03482587064676617,0.004975124378109453,0.004975124378109453,0.004975124378109453,0.00012615335061988726,-0.19695358568836557,1.0809917003343452,200,0.8393416149068323,0.00023294385110218138,0.004700646441351051,-0.009453381910750836,0.008329405649453427,0.9909272643337359,0.9884700239016654,0.02404653606594455,0.0,0.03359807870487478,0.004975124378109453,0.004975124378109453,1.7593906292640462,0.004975124378109453,0.004975124378109453,0.004975124378109453,0.004975124378109453,0.004975124378109453,0.004975124378109453,2.691664586427715e-05,0.744612603441454,-15.98663539210208
7001_liver_sham_Male_52-U1,sham,52,tierA_p95,full,vSMCs,downstream_arrest,2845,49.99999999999999,200,-0.00386338655651583,-0.0001299538157434035,A_SENDER_FINAL_strict,6895,3600.16237449646,0.7347,-0.0035498657423591123,200,0.5948752196836555,0.00032512866272692834,0.003204270477234984,-0.005707637626616853,0.006614157247270078,1.0841563892120967,1.179957598279356,-0.004128622505629617,0.225,-0.007518266071720607,0.10945273631840796,0.945273631840796,-0.22229780346065356,0.07462686567164178,0.9651741293532339,0.30845771144278605,0.4079601990049751,0.2935323383084577,0.27860696517412936,0.00019677586103391208,1.0554319163921793,0.4917813364856328,200,0.8395149384885765,0.00020449706664918356,0.00293676081086701,-0.0050615924582239165,0.006054693307343871,1.0529320749186453,1.0355914553457222,-0.004603676817286055,0.18,-0.007329101518802385,0.13930348258706468,0.945273631840796,-0.2158955015869878,0.11442786069651742,0.9552238805970149,0.2935323383084577,0.1890547263681592,0.1791044776119403,0.24378109452736318,0.00038610538311855644,1.1087661931862147,1.0991684086997004
7001_liver_sham_Male_52-U1,sham,52,tierA_p95,full,vSMCs,emt_ecm,2845,11.019082036984365,200,0.0518863134119204,0.0008970376249520168,A_SENDER_FINAL_strict,6895,3600.16237449646,0.7347,0.0009210077097705149,200,0.5948752196836555,-0.0008007780004728575,0.01399147482598486,-0.027321803391849916,0.02782737682980177,1.0154333184960658,1.0142520677899147,0.053002646710747676,0.0,0.048159544535006954,0.004975124378109453,0.004975124378109453,2.7962712509429863,0.004975124378109453,0.004975124378109453,0.05472636815920398,0.009950248756218905,0.009950248756218905,0.004975124378109453,-0.000249383820871395,1.27077278314373,1.4624317658125046,200,0.8395149384885765,0.002724375300501246,0.0120785523926985,-0.018037465914680594,0.023802330328320204,0.9474933730814002,0.9465270764934534,0.051194563742531535,0.0,0.044632423556417,0.009950248756218905,0.009950248756218905,2.6091801710136435,0.004975124378109453,0.004975124378109453,0.07960199004975124,0.029850746268656716,0.01990049751243781,0.009950248756218905,0.0013229905202055837,-0.4364597670254355,1.7477992200454506
7001_liver_sham_Male_52-U1,sham,52,tierA_p95,full,vSMCs,il6_jak_stat3,2845,6.999999999999999,200,0.019819863842547258,0.00014269665797974352,A_SENDER_FINAL_strict,6895,3600.16237449646,0.7347,0.003632652932900055,200,0.5948752196836555,0.00041274263344125297,0.01313731576685305,-0.02092043462404254,0.028540943203920185,0.9791753042947138,0.6238780678395953,0.024340816090124884,0.11,0.007363685042780002,0.06965174129353234,0.04477611940298507,1.0299975505541759,0.04975124378109453,0.03980099502487562,0.04975124378109453,0.263681592039801,0.16417910447761194,0.22388059701492538,-0.00023617772164552566,1.0650152178058414,3.601369023631209,200,0.8395149384885765,0.0008060824602730574,0.009381834240801275,-0.01819215242894985,0.01858854057811456,0.959329566203041,0.9622633304131665,0.022414954461474138,0.03,0.007243411763986675,0.09950248756218906,0.05970149253731343,1.009121756879941,0.04477611940298507,0.029850746268656716,0.05970149253731343,0.08955223880597014,0.07960199004975124,0.09950248756218906,0.00025754821513696306,0.9291018933285887,2.202005079416618
7001_liver_sham_Male_52-U1,sham,52,tierA_p95,full,vSMCs,interferon_response,2845,49.99999999999999,200,0.0016252565179016457,5.466920873008184e-05,A_SENDER_FINAL_strict,6895,3600.16237449646,0.7347,-0.005061518119080999,200,0.5948752196836555,3.4841608466407034e-05,0.004530797730791422,-0.009004917811205498,0.008284463227248491,0.9785623942542985,9.038593372719172,0.0020579123232612,0.74,0.0028279971533599862,0.7064676616915423,0.35323383084577115,0.0844083696614681,0.681592039800995,0.34328358208955223,0.7960199004975125,0.746268656716418,0.746268656716418,0.7661691542288557,-0.00022023627871794134,0.9564880983261345,0.7031370552104633,200,0.8395149384885765,-0.00025766647296704333,0.004096609537722202,-0.006876508124280874,0.009204139700881828,1.158538956853232,1.5260317522047473,0.0023442522586339474,0.685,0.0033810825854751997,0.6268656716417911,0.27860696517412936,0.09993270241270534,0.5920398009950248,0.26865671641791045,0.7661691542288557,0.7164179104477612,0.7213930348258707,0.7064676616915423,-0.0002583746752026366,0.9489531264881556,0.9517111737391774
7001_liver_sham_Male_52-U1,sham,52,tierA_p95,full,vSMCs,oxidative_stress,2845,7.742591489922676,200,-0.07613967589706049,-0.0006850755609791375,A_SENDER_FINAL_strict,6895,3600.16237449646,0.7347,-0.00231490918892485,200,0.5948752196836555,-0.0010039564793898933,0.018308300022735768,-0.03570761359299577,0.03574235986272102,0.9868142795781372,0.9872293159243511,-0.07496481281661213,0.0,-0.03558726726000549,0.004975124378109453,1.0,-3.9876912255803614,0.004975124378109453,1.0,0.029850746268656716,0.004975124378109453,0.004975124378109453,0.004975124378109453,-0.0006868844847448863,0.7032779998320768,0.6820511745496427,200,0.8395149384885765,-0.0011926348328297031,0.016379282562152177,-0.029852519048991468,0.03243519332191768,0.984336223936097,0.9864901843450682,-0.06979040374486586,0.0,-0.03545627942690143,0.009950248756218905,0.9950248756218906,-3.9776774662086507,0.004975124378109453,1.0,0.029850746268656716,0.009950248756218905,0.009950248756218905,0.009950248756218905,0.0004746496647914942,1.2050402957758974,-19.161735202633665
7001_liver_sham_Male_52-U1,sham,52,tierA_p95,full,vSMCs,secondary_senescence,2845,9.472463873139185,200,0.0029166973815900692,3.9039190313746184e-05,A_SENDER_FINAL_strict,6895,3600.16237449646,0.7347,-0.00012440624577200713,200,0.5948752196836555,0.0004050140234746365,0.006318909650536744,-0.011721508104700547,0.012145804139470917,0.8611395114107318,-0.6945976388402778,0.004461938236164509,0.67,0.0017957882721327332,0.6169154228855721,0.31840796019900497,0.13330301175285725,0.6119402985074627,0.31840796019900497,0.7711442786069652,0.572139303482587,0.5223880597014925,0.6915422885572139,0.0002797170982429508,3.2484168419933983,0.590005434214097,200,0.8395149384885765,-8.219331328942362e-05,0.005570855542781265,-0.011244403990271122,0.010810834196668704,1.0281802677947394,-0.887198860816995,0.0024459130998026315,0.59,0.0021689011016436267,0.572139303482587,0.29850746268656714,0.15916065225873224,0.5422885572139303,0.2935323383084577,0.5223880597014925,0.5124378109452736,0.5074626865671642,0.6069651741293532,-7.05298557265302e-05,0.4330682090046619,-0.35836090895629497
7001_liver_sham_Male_52-U1,sham,52,tierA_p95,full,vSMCs,tnfa_nfkb_proximal,2845,8.14292620081837,200,0.021550116795193138,0.00021543813883538018,A_SENDER_FINAL_strict,6895,3600.16237449646,0.7347,0.005433020478682706,200,0.5948752196836555,-0.0006147771078739709,0.008275608033143521,-0.01953472701188794,0.015132032114611942,1.0285277854276456,1.0192335103125914,0.02117567113177871,0.01,0.011746113541655789,0.004975124378109453,0.004975124378109453,1.1763613048255894,0.004975124378109453,0.004975124378109453,0.029850746268656716,0.004975124378109453,0.004975124378109453,0.024875621890547265,-0.0008363510607427082,1.153938506954697,1.6919203761874746,200,0.8395149384885765,0.0018492090428374583,0.006805474720821354,-0.010422829889709185,0.014319750375581844,0.914190300664638,0.9256532759634177,0.023843618168868933,0.0,0.010314996328747258,0.009950248756218905,0.009950248756218905,1.0455897353338002,0.004975124378109453,0.004975124378109453,0.05472636815920398,0.024875621890547265,0.014925373134328358,0.009950248756218905,0.0013391075072944794,0.7535243033688767,0.8567001321168556
7248_liver_sham_Male_26-U1,sham,26,tierA_p95,full,Biliary/ductular,downstream_arrest,7950,6.999999999999999,200,0.002839081540308965,5.129574180756627e-05,A_SENDER_FINAL_strict,9725,3918.2586097717285,0.8579,0.002268841754290631,200,0.5357125786163522,-0.0002201334814519569,0.003953078222489133,-0.007747863378972727,0.008264102142959908,1.0775368647664838,1.0916967135385707,0.003150205084214248,0.505,0.004711075573222343,0.07462686567164178,0.03482587064676617,0.2714110378266611,0.29850746268656714,0.15920398009950248,0.06467661691542288,0.05970149253731343,0.029850746268656716,0.23383084577114427,3.311653959019591e-05,0.9854037684525292,1.243143617674236,200,0.7918962264150943,0.00029108105057464343,0.003062481219442521,-0.005434088944529642,0.006154944579789823,0.897473515134417,0.8923975621008928,0.003479790853683412,0.365,0.004285381648275775,0.11940298507462686,0.05472636815920398,0.2260565054703363,0.3681592039800995,0.1890547263681592,0.15920398009950248,0.14427860696517414,0.14427860696517414,0.14427860696517414,0.00025124525967885517,0.889262766253432,0.8724718364469757
7248_liver_sham_Male_26-U1,sham,26,tierA_p95,full,Biliary/ductular,emt_ecm,7950,17.345738419684505,200,0.0022776356746215458,0.00010710458047056109,A_SENDER_FINAL_strict,9725,3918.2586097717285,0.8579,-0.002424539792275738,200,0.5357125786163522,-0.0014139831710200718,0.006014406143610118,-0.013676831303540861,0.011073101860264147,1.6208118299055974,-5.281043470323405,0.003924766230603601,0.715,0.013893940405951948,0.24875621890547264,0.11940298507462686,0.32751738437114475,0.373134328358209,0.18407960199004975,0.6069651741293532,0.3681592039800995,0.31343283582089554,0.6019900497512438,-0.00034602872280978567,0.8572806584110572,1.469360435676947,200,0.7918962264150943,-0.00013843676465421197,0.004254210422797138,-0.008330434132480623,0.008018381799831583,1.0607809081130655,1.0286841944486071,0.0035007643911829324,0.605,0.00989509222130847,0.42786069651741293,0.208955223880597,0.21435195746089428,0.5572139303482587,0.2537313432835821,0.5621890547263682,0.5024875621890548,0.43781094527363185,0.5174129353233831,0.000286847079535509,1.1183099079047354,1.744337273482713
7248_liver_sham_Male_26-U1,sham,26,tierA_p95,full,Biliary/ductular,il6_jak_stat3,7950,49.99999999999999,200,0.00486075997764455,0.00017663953123510308,A_SENDER_FINAL_strict,9725,3918.2586097717285,0.8579,-0.004808694068744347,200,0.5357125786163522,-0.000216870652070557,0.003808526823346375,-0.007589042026180645,0.006843561393942873,1.0446166140825677,1.044564831803174,0.005652050664531326,0.205,0.01636864450266747,0.08955223880597014,0.04477611940298507,0.4504832086363625,0.05970149253731343,0.03482587064676617,0.11940298507462686,0.21393034825870647,0.21393034825870647,0.22885572139303484,-0.00021627991915021223,0.9550231484768404,0.6869685130148061,200,0.7918962264150943,9.196843500391579e-06,0.003176136104377122,-0.005814097220015557,0.006126975920553322,0.9981079412390883,0.98995150743925,0.005319406561834472,0.145,0.015716823304544585,0.12935323383084577,0.07960199004975124,0.4304266865693169,0.10945273631840796,0.06467661691542288,0.2736318407960199,0.1890547263681592,0.24378109452736318,0.208955223880597,-7.077140486910655e-05,0.9852826143943928,0.9780941783510018
7248_liver_sham_Male_26-U1,sham,26,tierA_p95,full,Biliary/ductular,interferon_response,7950,20.177866835741543,200,-0.004515615559380349,-0.00022202173713206842,A_SENDER_FINAL_strict,9725,3918.2586097717285,0.8579,-0.004378416821480558,200,0.5357125786163522,6.432625728581727e-06,0.002896293302778514,-0.0055615962959576415,0.005254955184188734,1.0014245290911046,0.8444297679132075,-0.004300359904574515,0.13,-0.01964460101520226,0.004975124378109453,1.0,-0.4011923916077385,0.014925373134328358,0.9950248756218906,0.07462686567164178,0.029850746268656716,0.004975124378109453,0.04975124378109453,6.316830229547576e-05,1.0144272016281253,-4.789153429033323,200,0.7918962264150943,0.00030848702425674313,0.0023193059876950865,-0.004256170840810872,0.0050322189744029435,1.068315608403802,1.0567318763106193,-0.005293676378103931,0.065,-0.020705326903227034,0.004975124378109453,1.0,-0.42799040913886544,0.014925373134328358,0.9950248756218906,0.004975124378109453,0.004975124378109453,0.004975124378109453,0.004975124378109453,0.0002179432147415325,1.0497767169339156,1.0448676583806258
7248_liver_sham_Male_26-U1,sham,26,tierA_p95,full,Biliary/ductular,oxidative_stress,7950,33.40540803599722,200,-0.05080499400679682,-0.0023620251360552407,A_SENDER_FINAL_strict,9725,3918.2586097717285,0.8579,-0.0001674626643312229,200,0.5357125786163522,-0.0004577458173074642,0.010728772659091045,-0.019575707709351037,0.01899539903733959,0.9909901412989788,0.9941024640372866,-0.0502059972153784,0.0,-0.2075611605854901,0.004975124378109453,1.0,-4.466766404330795,0.004975124378109453,1.0,0.03980099502487562,0.014925373134328358,0.004975124378109453,0.004975124378109453,0.000526686144714135,4.145095934174361,1.0942058409897388,200,0.7918962264150943,-0.0004718784840894298,0.010096385692684664,-0.02018068028180564,0.016170896562181077,0.9907119665435586,0.9914264533741327,-0.05139581812478626,0.0,-0.20800900423834817,0.004975124378109453,1.0,-4.465512565770489,0.004975124378109453,1.0,0.004975124378109453,0.004975124378109453,0.004975124378109453,0.004975124378109453,0.00013489259777894593,1.8055084894155455,-8.056228959231664
7248_liver_sham_Male_26-U1,sham,26,tierA_p95,full,Biliary/ductular,secondary_senescence,7950,49.99999999999999,200,0.0076229919260813765,0.0002770187638609742,A_SENDER_FINAL_strict,9725,3918.2586097717285,0.8579,0.0008428421199915449,200,0.5357125786163522,-0.0005683495185201179,0.0033640753309797725,-0.007204862980833556,0.005225085358036368,1.0745572767269451,1.0666888426542096,0.00702176044600376,0.03,0.026587646334941407,0.004975124378109453,0.004975124378109453,0.726729068358235,0.004975124378109453,0.004975124378109453,0.05472636815920398,0.06965174129353234,0.029850746268656716,0.04477611940298507,-0.00030878533713930525,1.3663620146824211,1.039052525719515,200,0.7918962264150943,1.241630661419583e-06,0.00323651272283696,-0.006858386471753199,0.006471040535548189,0.9998371202969307,1.0004611150366696,0.007054432646979391,0.015,0.02461406613845441,0.014925373134328358,0.009950248756218905,0.6761954105942065,0.014925373134328358,0.009950248756218905,0.029850746268656716,0.01990049751243781,0.01990049751243781,0.04975124378109453,-0.00012891625538576435,1.1529542156567325,1.8087905047405013
7248_liver_sham_Male_26-U1,sham,26,tierA_p95,full,Biliary/ductular,tnfa_nfkb_proximal,7950,49.99999999999999,200,0.01068341996000382,0.00038823441239682177,A_SENDER_FINAL_strict,9725,3918.2586097717285,0.8579,-0.0015981336405702087,200,0.5357125786163522,0.0007983019887508277,0.004110693749313025,-0.00741823078602196,0.008896450172092245,0.9252765507918363,0.9361780408813128,0.009806710743983687,0.005,0.03158951878704217,0.009950248756218905,0.009950248756218905,0.8769995271768852,0.004975124378109453,0.004975124378109453,0.08955223880597014,0.05472636815920398,0.03482587064676617,0.014925373134328358,0.00031730690446299284,1.1985484169833123,1.1299992231403622,200,0.7918962264150943,-0.0003257316313040108,0.0034767800256552905,-0.0073306545562651995,0.005457597987619914,1.0304894530518758,1.0299946215668212,0.010603599016787615,0.0,0.03570081086558155,0.004975124378109453,0.004975124378109453,0.9767228644385916,0.004975124378109453,0.004975124378109453,0.009950248756218905,0.009950248756218905,0.004975124378109453,0.004975124378109453,-0.0003768038122324358,0.7642225889832382,0.8193507915359283
7248_liver_sham_Male_26-U1,sham,26,tierA_p95,full,Endothelial,downstream_arrest,32718,49.99999999999999,200,-0.0034938048438351273,-0.00011070344511096425,A_SENDER_FINAL_strict,9725,3918.2586097717285,0.8579,-4.6598567375156714e-05,200,0.5841240295861605,-0.0009256879875221774,0.0012800219896895385,-0.003176880546340679,0.0016360353869355954,0.7350487423029457,-0.6771066486213471,-0.002712627930767697,0.02,-0.013167107631716982,0.05970149253731343,0.9601990049751243,-0.46221293360597965,0.01990049751243781,0.9950248756218906,0.3034825870646766,0.3482587064676617,0.25870646766169153,0.07960199004975124,-0.0003239186851000435,-5.951258447330199,13.463639482927409,200,0.863502353444587,6.13568686564579e-05,0.001529922243581092,-0.0027002389489438365,0.0025949168364000773,1.0175616187506074,1.032325838231601,-0.003173364087181828,0.01,-0.020442394351235064,0.024875621890547265,0.9800995024875622,-0.639862520482654,0.009950248756218905,0.9950248756218906,0.25870646766169153,0.19402985074626866,0.1691542288557214,0.03482587064676617,4.398550844073779e-05,1.9439240499953214,7.374325260616283
7248_liver_sham_Male_26-U1,sham,26,tierA_p95,full,Endothelial,emt_ecm,32718,6.999999999999999,200,0.019212485174451854,0.0001052610912957981,A_SENDER_FINAL_strict,9725,3918.2586097717285,0.8579,0.005759326483643945,200,0.5841240295861605,-0.0008160288786781,0.0031072913654597036,-0.007000365549169582,0.005059356193565884,1.0424738846259842,1.0578451481251594,0.017793609886082966,0.0,0.020693008087101318,0.004975124378109453,0.004975124378109453,3.6047573978221172,0.004975124378109453,0.004975124378109453,0.04975124378109453,0.014925373134328358,0.004975124378109453,0.014925373134328358,-8.277169010407862e-05,1.0143717655769549,1.1843125261647724,200,0.863502353444587,0.00035763381292152875,0.002392830947846824,-0.004675149449061956,0.004502220984950097,0.9813853434537924,0.9790123113458988,0.017678370353388324,0.0,0.01823355922715429,0.004975124378109453,0.004975124378109453,3.39352009590004,0.004975124378109453,0.004975124378109453,0.029850746268656716,0.024875621890547265,0.009950248756218905,0.004975124378109453,8.101573473849374e-06,0.9985933123435775,0.9976580531682288
7248_liver_sham_Male_26-U1,sham,26,tierA_p95,full,Endothelial,il6_jak_stat3,32718,49.99999999999999,200,0.009895537466546207,0.0003135464451325214,A_SENDER_FINAL_strict,9725,3918.2586097717285,0.8579,0.0008916215751402245,200,0.5841240295861605,-4.922809130137744e-05,0.002354240596362773,-0.004786397405307108,0.004246457393881598,1.0049747769100772,1.0294595287539716,0.009791933161306636,0.0,0.056851892809404364,0.004975124378109453,0.004975124378109453,1.7898715361090636,0.004975124378109453,0.004975124378109453,0.08955223880597014,0.06467661691542288,0.03482587064676617,0.004975124378109453,-0.0007938091720085532,1.8902982993471322,2.3599881439834407,200,0.863502353444587,0.00018226918495464276,0.0019847964605854674,-0.004438233209549748,0.004400631459786239,0.9815806685012473,0.981814777690652,0.010317662330699195,0.0,0.05526102204311891,0.004975124378109453,0.004975124378109453,1.7482063623000683,0.004975124378109453,0.004975124378109453,0.009950248756218905,0.009950248756218905,0.009950248756218905,0.004975124378109453,-2.3054669435852248e-05,1.0258570116276364,1.1407830237198215
7248_liver_sham_Male_26-U1,sham,26,tierA_p95,full,Endothelial,interferon_response,32718,49.99999999999999,200,0.007196848203490538,0.0002280367466639914,A_SENDER_FINAL_strict,9725,3918.2586097717285,0.8579,0.0017389334266261626,200,0.5841240295861605,0.0008356901528342928,0.0018520635344851748,-0.002564449062498521,0.004482754555966544,0.8838810922218735,0.8839536043713045,0.006675432130870731,0.0,0.035003026378567274,0.004975124378109453,0.004975124378109453,1.1448893053668836,0.004975124378109453,0.004975124378109453,0.09950248756218906,0.08955223880597014,0.04975124378109453,0.004975124378109453,4.179950023963086e-05,0.9759625644089611,0.881690562739387,200,0.863502353444587,-0.00016088298142465,0.0018882395755550892,-0.003202978107247309,0.004365158172425624,1.0223546442658913,1.0226030949211786,0.007665484085819054,0.0,0.04236729710918085,0.004975124378109453,0.004975124378109453,1.324253803834472,0.004975124378109453,0.004975124378109453,0.06965174129353234,0.06467661691542288,0.03980099502487562,0.004975124378109453,-0.00018215366768945614,1.1047502249944476,1.098860908173843
7248_liver_sham_Male_26-U1,sham,26,tierA_p95,full,Endothelial,oxidative_stress,32718,49.99999999999999,200,-0.02543379789116402,-0.0008058861827317058,A_SENDER_FINAL_strict,9725,3918.2586097717285,0.8579,-0.003840242927251821,200,0.5841240295861605,0.0010878157898749977,0.006127874960387292,-0.009128466785087823,0.014286849224731541,1.0427704818025985,1.074188658536701,-0.025245304663327587,0.0,-0.15318176348806098,0.004975124378109453,1.0,-4.773393715844095,0.004975124378109453,1.0,0.03980099502487562,0.014925373134328358,0.004975124378109453,0.004975124378109453,0.0006001894535900996,1.156289449641565,1.091741850854887,200,0.863502353444587,0.000413401407503215,0.005016217591665549,-0.009512874136288981,0.008805265301526075,1.0162540179517128,1.0152085021226431,-0.026265875238724777,0.0,-0.14860750139372225,0.004975124378109453,1.0,-4.652011758720201,0.004975124378109453,1.0,0.004975124378109453,0.004975124378109453,0.004975124378109453,0.004975124378109453,0.0002900987280922802,1.0755417648278522,1.0516158566739084
7248_liver_sham_Male_26-U1,sham,26,tierA_p95,full,Endothelial,secondary_senescence,32718,49.99999999999999,200,0.0027355183236879195,8.667665085265796e-05,A_SENDER_FINAL_strict,9725,3918.2586097717285,0.8579,0.00011001588272742685,200,0.5841240295861605,0.00022373718772793563,0.002235004310746084,-0.004726102539593237,0.0034883912910477336,0.9182103129083407,0.02997275238718849,0.00214213905473834,0.2,0.01389211601862937,0.263681592039801,0.13432835820895522,0.4520735591039428,0.13432835820895522,0.04477611940298507,0.24875621890547264,0.6119402985074627,0.5621890547263682,0.35323383084577115,2.355301027951816e-05,0.7859126364702029,4.5740069475826,200,0.863502353444587,5.4682565906646226e-05,0.0016463264214523147,-0.002693913295475316,0.0037251469878648727,0.980010162815168,0.9746737063492205,0.002874489489221931,0.085,0.015275730349736828,0.1890547263681592,0.11940298507462686,0.4825002246583492,0.07462686567164178,0.05472636815920398,0.5572139303482587,0.5771144278606966,0.5174129353233831,0.208955223880597,-1.6710456342894234e-06,1.015189130813317,-5.498051087326336
7248_liver_sham_Male_26-U1,sham,26,tierA_p95,full,Endothelial,tnfa_nfkb_proximal,32718,49.99999999999999,200,0.006336559328417664,0.00020077794243248125,A_SENDER_FINAL_strict,9725,3918.2586097717285,0.8579,0.00035891514638835154,200,0.5841240295861605,0.0004545936151367115,0.0019279301272608336,-0.0032344822283475244,0.0040941051263445214,0.9282586035140572,0.9986280620130636,0.006045475120216704,0.0,0.032889361280478424,0.004975124378109453,0.004975124378109453,1.0586436598561366,0.004975124378109453,0.004975124378109453,0.208955223880597,0.13930348258706468,0.12437810945273632,0.014925373134328358,-0.00024655604036471216,1.686947995496225,3.6988699003073906,200,0.863502353444587,0.0001479902998380585,0.0020611666144584183,-0.00307311355105916,0.004546923497155434,0.9766450068297531,0.9776940874914948,0.006522439622795266,0.0,0.035228797047899156,0.009950248756218905,0.009950248756218905,1.1138265139654202,0.004975124378109453,0.004975124378109453,0.12935323383084577,0.19900497512437812,0.14427860696517414,0.009950248756218905,-5.440263528449542e-06,1.015157520052283,3.380765003863466
7248_liver_sham_Male_26-U1,sham,26,tierA_p95,full,Hepatocytes,downstream_arrest,101324,11.58882939190469,200,-0.003667985557655704,-5.2597582811581105e-05,A_SENDER_FINAL_strict,9725,3918.2586097717285,0.8579,-0.00027513754647092055,200,0.5889787217243694,-0.0001111770134088615,0.0007779446046126124,-0.0014112197190797844,0.0016434892238334764,0.969689898811947,0.9573317244250444,-0.0033231360531867167,0.0,-0.016004778753180755,0.004975124378109453,1.0,-1.1265503063075117,0.004975124378109453,1.0,0.04477611940298507,0.009950248756218905,0.004975124378109453,0.024875621890547265,1.7180785458131145e-05,1.062444350756566,0.41941191105069153,200,0.8705407899411788,0.00012602098019441166,0.0010072442545816518,-0.0015027118419145456,0.0019187030270109377,1.034357000106335,1.0407319904409325,-0.003209729171683938,0.0,-0.017500476267121697,0.004975124378109453,1.0,-1.2016781826115421,0.004975124378109453,1.0,0.004975124378109453,0.004975124378109453,0.004975124378109453,0.004975124378109453,5.2935505028751316e-05,1.192396514789544,1.8090500212338751
7248_liver_sham_Male_26-U1,sham,26,tierA_p95,full,Hepatocytes,emt_ecm,101324,49.99999999999999,200,-0.003970996693563522,-0.00012158947575676213,A_SENDER_FINAL_strict,9725,3918.2586097717285,0.8579,7.760140602540913e-05,200,0.5889787217243694,-0.0008484477245888277,0.0015983693220585158,-0.003903875381889819,0.001481176015405835,0.7863388488930114,0.6092201657230791,-0.003375544701212095,0.025,-0.027968944723031946,0.04975124378109453,0.9701492537313433,-0.9890069858127618,0.004975124378109453,1.0,0.06965174129353234,0.03482587064676617,0.03482587064676617,0.11442786069651742,-8.378278611652943e-05,2.07965551666804,2.729239376595934,200,0.8705407899411788,-0.00018384165855225658,0.0018655662551984968,-0.003494882151516137,0.0023856338790991367,0.9537039003708463,0.9511686787023044,-0.004164849230928655,0.01,-0.03644196369446972,0.04477611940298507,0.9601990049751243,-1.1995081016173712,0.009950248756218905,0.9950248756218906,0.3781094527363184,0.24875621890547264,0.13432835820895522,0.06965174129353234,-0.00012290140113725757,2.583752246666972,8.00511520936257
7248_liver_sham_Male_26-U1,sham,26,tierA_p95,full,Hepatocytes,il6_jak_stat3,101324,6.999999999999999,200,0.0065745858673344,2.900470546914421e-05,A_SENDER_FINAL_strict,9725,3918.2586097717285,0.8579,-0.002267239724368013,200,0.5889787217243694,-0.0005436371866795369,0.000988342184320661,-0.002303372658152183,0.00142830548997045,1.082687670014408,1.0911054979228578,0.0066591355220151985,0.0,0.01114072411496994,0.004975124378109453,0.004975124378109453,2.25455946309942,0.004975124378109453,0.004975124378109453,0.07960199004975124,0.03980099502487562,0.009950248756218905,0.014925373134328358,-0.00031242618709473985,0.8621997560571908,2.3622763377536673,200,0.8705407899411788,5.100633601001029e-05,0.0010142121685463945,-0.0017641780409149977,0.001965482848883781,0.9922418937041445,0.9938241354646972,0.006523100506794761,0.0,0.00906106614078112,0.004975124378109453,0.004975124378109453,2.0662176296000467,0.004975124378109453,0.004975124378109453,0.03980099502487562,0.05472636815920398,0.03980099502487562,0.004975124378109453,-3.55273141647426e-05,0.9843301465729895,0.9930839519948134
7248_liver_sham_Male_26-U1,sham,26,tierA_p95,full,Hepatocytes,interferon_response,101324,23.47241150476913,200,-0.0015475885160135569,-4.9415019531876984e-05,A_SENDER_FINAL_strict,9725,3918.2586097717285,0.8579,0.00012769949732333963,200,0.5889787217243694,0.0004927932972366066,0.001015478831613665,-0.0012926944316851933,0.0024512986192295797,1.318426566323971,2.1361881511014795,-0.0013191414116407686,0.17,-0.02209750372463458,0.01990049751243781,0.9950248756218906,-0.6462514718199365,0.004975124378109453,1.0,0.09950248756218906,0.06965174129353234,0.01990049751243781,0.27860696517412936,0.00016418676821439688,-0.2857275999972827,1.5079122837306569,200,0.8705407899411788,-3.4660314209459887e-05,0.0011613225110709841,-0.0018363507804071237,0.0025668022718486603,0.9776036628271567,1.0517484730601283,-0.0017519770891521588,0.185,-0.015291484879627105,0.26865671641791045,0.8955223880597015,-0.47919074303859793,0.17412935323383086,0.9552238805970149,0.06965174129353234,0.12935323383084577,0.18407960199004975,0.2885572139303483,-3.386209355035185e-05,1.2651701397430863,0.0013498077981989808
7248_liver_sham_Male_26-U1,sham,26,tierA_p95,full,Hepatocytes,oxidative_stress,101324,6.999999999999999,200,-0.015057307769869249,-6.642742004377889e-05,A_SENDER_FINAL_strict,9725,3918.2586097717285,0.8579,-0.0038711403587997862,200,0.5889787217243694,0.0049661125325617065,0.004293048395540543,-0.003221871568051944,0.012686855889918433,1.329814108103658,1.2927960293463194,-0.01885780359328314,0.01,-0.03945170632091568,0.004975124378109453,1.0,-6.342031063638313,0.004975124378109453,1.0,0.024875621890547265,0.004975124378109453,0.004975124378109453,0.42786069651741293,0.0019838301342528855,1.512466599084502,1.347686384181357,200,0.8705407899411788,-2.7896251839872756e-05,0.005801100921055553,-0.00991269814885649,0.010250085667997467,0.9981473280438821,1.0034948432777542,-0.015365510682312497,0.0,-0.021256927701100013,0.3283582089552239,0.8407960199004975,-4.760275381323027,0.004975124378109453,1.0,0.5323383084577115,0.6467661691542289,0.6517412935323383,0.39303482587064675,-0.00022442560754757667,0.9420259699348236,0.9265566947347874
7248_liver_sham_Male_26-U1,sham,26,tierA_p95,full,Hepatocytes,secondary_senescence,101324,49.99999999999999,200,-0.0010815964755349508,-3.311781867101989e-05,A_SENDER_FINAL_strict,9725,3918.2586097717285,0.8579,0.0007633991904915979,200,0.5889787217243694,4.296546553408949e-05,0.0011011512632181607,-0.002388245811917936,0.001787507964375957,1.0397241175484035,1.1950893272944296,-0.0012600238551036564,0.31,-0.011217072895763557,0.29850746268656714,0.8407960199004975,-0.35618324219960495,0.1791044776119403,0.9054726368159204,0.18407960199004975,0.19402985074626866,0.14925373134328357,0.4626865671641791,0.0002229428054947989,0.7079603852458464,0.6065726699561875,200,0.8705407899411788,-0.00015122019153747225,0.0008946735904152422,-0.0015155744327006676,0.00147326097885277,0.8601879767935822,0.9002019579367919,-0.0013396161625773744,0.295,-0.008607581125561876,0.5074626865671642,0.7412935323383084,-0.2946786914954804,0.32338308457711445,0.8507462686567164,0.13432835820895522,0.34328358208955223,0.4925373134328358,0.4527363184079602,-0.00015196989428717644,1.1990700228399693,1.3611545203810227
7248_liver_sham_Male_26-U1,sham,26,tierA_p95,full,Hepatocytes,tnfa_nfkb_proximal,101324,6.999999999999999,200,0.003910323150520754,1.725093771054735e-05,A_SENDER_FINAL_strict,9725,3918.2586097717285,0.8579,0.0024296838129452447,200,0.5889787217243694,-0.0005093794389827129,0.0007430333212087162,-0.0019091612421200388,0.0008663346137712776,1.1302653052893792,1.1221065623391129,0.004240876132810966,0.0,0.007337966037851743,0.004975124378109453,0.004975124378109453,1.3998553040047157,0.004975124378109453,0.004975124378109453,0.05970149253731343,0.014925373134328358,0.009950248756218905,0.11442786069651742,-0.00023201703358914145,1.0954926860659668,1.1025149954591604,200,0.8705407899411788,4.646135519084089e-05,0.0006875069673253002,-0.0012650935146960249,0.0012136932137373293,0.988118282453292,0.9852154727270903,0.0034434110159847196,0.0,0.00532734185943293,0.009950248756218905,0.004975124378109453,1.223803484193587,0.004975124378109453,0.004975124378109453,0.04975124378109453,0.04975124378109453,0.03980099502487562,0.009950248756218905,-4.633098876687122e-05,1.0190687317090485,1.0330039319456406
7248_liver_sham_Male_26-U1,sham,26,tierA_p95,full,Macrophages,downstream_arrest,13498,6.999999999999999,200,-0.006201816802181976,-3.7695392390393714e-05,A_SENDER_FINAL_strict,9725,3918.2586097717285,0.8579,-0.001452733760719684,200,0.5874144317676693,-0.0011798674365002073,0.002859280116806642,-0.0076035596306333044,0.004577393195335289,0.8097545486856214,0.8657020929540128,-0.006553253514437323,0.055,-0.0029138073031743524,0.27860696517412936,0.8507462686567164,-0.5805518050787893,0.01990049751243781,0.9900497512437811,0.5323383084577115,0.35323383084577115,0.3383084577114428,0.2537313432835821,-0.0006133147623199887,0.5778202593597379,1.2245549930446322,200,0.8651696547636687,0.0002369675258386334,0.0025066962089752617,-0.0037464578579587365,0.0048198973549813335,1.0382093720916201,1.042800621749178,-0.0064296841682310694,0.02,-0.004643637883327435,0.0845771144278607,0.9701492537313433,-0.7443420058533218,0.014925373134328358,1.0,0.24875621890547264,0.22388059701492538,0.19402985074626866,0.14427860696517414,0.0001883888909696689,1.129678882713059,1.093251205705333
7248_liver_sham_Male_26-U1,sham,26,tierA_p95,full,Macrophages,emt_ecm,13498,6.999999999999999,200,0.010527824099262801,6.398938780312425e-05,A_SENDER_FINAL_strict,9725,3918.2586097717285,0.8579,-0.00010362706504800403,200,0.5874144317676693,-0.00032326038095311407,0.00404175226503937,-0.008371207254883302,0.0076027295455582435,1.0307053364403904,1.0200564938087573,0.012395602801579506,0.015,0.007963051371460498,0.05970149253731343,0.03482587064676617,1.2544166066470415,0.004975124378109453,0.004975124378109453,0.07462686567164178,0.06965174129353234,0.08955223880597014,0.14925373134328357,0.0001444088896982638,2.3935441443928576,1.8423887267854024,200,0.8651696547636687,0.00015429157874906316,0.0035821507591976584,-0.0060229032136826805,0.007157107387563876,0.9853444000114071,0.9885997137279481,0.012986101265831374,0.0,0.007188927431329116,0.06467661691542288,0.04477611940298507,1.1992102252130512,0.004975124378109453,0.004975124378109453,0.0845771144278607,0.06467661691542288,0.04477611940298507,0.0945273631840796,3.169337151130344e-05,1.3058406748914664,1.578898592364717
7248_liver_sham_Male_26-U1,sham,26,tierA_p95,full,Macrophages,il6_jak_stat3,13498,6.999999999999999,200,0.020240575847459915,0.000123024667305408,A_SENDER_FINAL_strict,9725,3918.2586097717285,0.8579,0.0017091199901539378,200,0.5874144317676693,0.0003763479794536084,0.006394697912522824,-0.012669964406516774,0.012848268344063845,0.9814062612501789,0.9998269726216016,0.02159606969854688,0.0,0.01391731426707886,0.029850746268656716,0.009950248756218905,2.2963619314990575,0.004975124378109453,0.004975124378109453,0.12935323383084577,0.07960199004975124,0.0945273631840796,0.07960199004975124,0.00023083562065368172,0.8649389030708776,9.44349297320299,200,0.8651696547636687,-9.393856248059055e-05,0.005338718901529984,-0.009698933286704953,0.010826093563171,1.0046411012803462,1.0039799385669606,0.02222262403677246,0.0,0.014318357104189322,0.024875621890547265,0.014925373134328358,2.3507284097216226,0.004975124378109453,0.004975124378109453,0.0845771144278607,0.0945273631840796,0.0845771144278607,0.029850746268656716,-0.0003764255772556325,1.2202452603820568,1.068464290670435
7248_liver_sham_Male_26-U1,sham,26,tierA_p95,full,Macrophages,interferon_response,13498,7.742591489922676,200,0.015338462822470887,0.00011906539265181934,A_SENDER_FINAL_strict,9725,3918.2586097717285,0.8579,0.00481816121726484,200,0.5874144317676693,0.000644957116134343,0.005476832424192204,-0.01004387872775589,0.011127109688699751,0.9579516458983439,1.0120677760118246,0.012830029696323186,0.0,0.012901404661034122,0.024875621890547265,0.01990049751243781,1.698611562880844,0.004975124378109453,0.004975124378109453,0.208955223880597,0.1044776119402985,0.11940298507462686,0.1044776119402985,0.00017823606856121624,0.9630074502441832,1.5055482615451876,200,0.8651696547636687,0.00012042285415345157,0.004746976972593071,-0.009319446571907312,0.009797222725912519,0.9921489620213421,0.9967704246645812,0.014053062089622892,0.0,0.013570139795484064,0.04477611940298507,0.01990049751243781,1.7592492337223014,0.004975124378109453,0.004975124378109453,0.18407960199004975,0.12437810945273632,0.10945273631840796,0.06965174129353234,-0.00019797925925542448,1.0410902106276578,-5.475440529976468
7248_liver_sham_Male_26-U1,sham,26,tierA_p95,full,Macrophages,oxidative_stress,13498,6.999999999999999,200,-0.046091308874050815,-0.00028014854827425784,A_SENDER_FINAL_strict,9725,3918.2586097717285,0.8579,-0.012925961310164222,200,0.5874144317676693,0.0007984966390771397,0.008783142628649241,-0.01542287409314862,0.017545710479608248,1.0173242344073827,1.0200814528177964,-0.04588769129833688,0.0,-0.033590303262264545,0.004975124378109453,1.0,-5.420596515063471,0.004975124378109453,1.0,0.06467661691542288,0.029850746268656716,0.01990049751243781,0.014925373134328358,0.00037108592037710754,1.0287085742772035,1.2945986920827914,200,0.8651696547636687,0.00048717229499567276,0.006802084943431762,-0.011752981524582493,0.01357932011157793,1.010569721426808,1.0132230903281807,-0.04452023275747651,0.0,-0.03298063456089718,0.004975124378109453,1.0,-5.384606524571615,0.004975124378109453,1.0,0.004975124378109453,0.004975124378109453,0.004975124378109453,0.004975124378109453,-0.0002262740962506004,0.9824946020786345,1.0043908193536697
7248_liver_sham_Male_26-U1,sham,26,tierA_p95,full,Macrophages,secondary_senescence,13498,6.999999999999999,200,0.0035403396007575496,2.1518612158755252e-05,A_SENDER_FINAL_strict,9725,3918.2586097717285,0.8579,0.0017343609581570508,200,0.5874144317676693,-0.00016136983205120893,0.0031250024968886648,-0.006098993613628536,0.005429660100913045,1.045580325688722,4.035409767271914,0.003173720780617736,0.31,0.002771399423744133,0.373134328358209,0.1791044776119403,0.42792826781170823,0.11442786069651742,0.04975124378109453,0.6019900497512438,0.4228855721393035,0.39303482587064675,0.5223880597014925,0.0001039587987328447,0.9400593064298954,-9.521834121857369,200,0.8651696547636687,-0.00013222666227716696,0.002606383881428391,-0.005490062210868859,0.004399970411244542,1.0373485815453618,1.0919044510907938,0.004008161325903012,0.15,0.0026515043782831672,0.39303482587064675,0.19402985074626866,0.4245592334814028,0.12935323383084577,0.06965174129353234,0.32338308457711445,0.2537313432835821,0.1890547263681592,0.4577114427860697,-0.0002025737272255727,1.1168002117856881,-3.207277535222434
7248_liver_sham_Male_26-U1,sham,26,tierA_p95,full,Macrophages,tnfa_nfkb_proximal,13498,6.999999999999999,200,0.013639377223419718,8.290178391217797e-05,A_SENDER_FINAL_strict,9725,3918.2586097717285,0.8579,0.001429935809194148,200,0.5874144317676693,0.0004963379003873626,0.0035703146721151016,-0.007026909696677285,0.008566653741140162,0.9636099293789515,0.9738639202048697,0.0132772605460316,0.0,0.00904068550189843,0.014925373134328358,0.009950248756218905,1.5193731851121686,0.004975124378109453,0.004975124378109453,0.07960199004975124,0.01990049751243781,0.03482587064676617,0.04477611940298507,0.00012813603810748797,0.9103903564876105,-1.0787163677702138,200,0.8651696547636687,3.535124293630263e-05,0.0030755581100815736,-0.0061611640596846975,0.005717574345325685,0.9974081483078566,0.9988468505655314,0.013596830951894063,0.0,0.009516773726309187,0.01990049751243781,0.014925373134328358,1.5726645699137192,0.004975124378109453,0.004975124378109453,0.07462686567164178,0.04975124378109453,0.04975124378109453,0.024875621890547265,-5.235607300297051e-05,1.0366142820302375,-0.2587776004310709
7248_liver_sham_Male_26-U1,sham,26,tierA_p95,full,Mesenchymal,downstream_arrest,26876,49.99999999999999,200,-0.0031112952191565597,-0.00010527295875858053,A_SENDER_FINAL_strict,9725,3918.2586097717285,0.8579,-0.00185381969176525,200,0.560785273106117,-0.0004397656250963301,0.0012420798820626225,-0.002767035087029004,0.0020995543988339195,0.8586551278102288,0.4490194188471542,-0.0024257170870981347,0.015,-0.01424210677998687,0.014925373134328358,0.9950248756218906,-0.4357889800852388,0.004975124378109453,1.0,0.19402985074626866,0.24378109452736318,0.12437810945273632,0.04477611940298507,-0.00011492052112149809,0.9380087925314526,0.9752643544642968,200,0.8499763729721684,7.665445958664655e-05,0.001455789441011846,-0.0026946735598012165,0.0026865151390964145,1.0246374754522418,1.0574920872300604,-0.0027664718621659467,0.01,-0.01765794429579155,0.04477611940298507,0.9800995024875622,-0.520029178097604,0.004975124378109453,1.0,0.22885572139303484,0.16417910447761194,0.09950248756218906,0.07462686567164178,-1.5508101583316006e-05,0.9916345145904946,1.02833418458973
7248_liver_sham_Male_26-U1,sham,26,tierA_p95,full,Mesenchymal,emt_ecm,26876,35.13265199376635,200,0.010938571793590337,0.0004265844593641748,A_SENDER_FINAL_strict,9725,3918.2586097717285,0.8579,-0.0037840861110950007,200,0.560785273106117,0.0003869973845914332,0.009607837906956115,-0.01725116744732416,0.02129331098682104,0.9646208488736892,0.12430719526271418,0.008121330298600002,0.235,0.06701979614748926,0.20398009950248755,0.11442786069651742,1.7212086514836755,0.14925373134328357,0.08955223880597014,0.6666666666666666,0.5373134328358209,0.472636815920398,0.3034825870646766,-0.0005842278604605162,0.8456092585346959,0.7773580291058431,200,0.8499763729721684,0.0005905371139987081,0.008644682801850372,-0.020354198872281928,0.01614755079934686,0.9460133255838075,0.8317792972569998,0.007085541157369988,0.165,0.06578461695827378,0.21393034825870647,0.1044776119402985,1.6880065595875444,0.15920398009950248,0.07960199004975124,0.7512437810945274,0.6716417910447762,0.5621890547263682,0.22885572139303484,-0.00021939006181409933,0.9420229732164804,0.9308907693721526
7248_liver_sham_Male_26-U1,sham,26,tierA_p95,full,Mesenchymal,il6_jak_stat3,26876,20.177866835741543,200,0.00413681361565562,0.00014474768291046218,A_SENDER_FINAL_strict,9725,3918.2586097717285,0.8579,-0.0011184306285613801,200,0.560785273106117,-3.3643216318089055e-05,0.0022114285229579687,-0.0043398122197082535,0.004748757068303452,1.0081326401051205,1.026490326427037,0.0033296687015979902,0.085,0.023888400303802085,0.01990049751243781,0.014925373134328358,0.6802990815958614,0.009950248756218905,0.009950248756218905,0.05970149253731343,0.06965174129353234,0.04975124378109453,0.1044776119402985,-0.00033130628604663025,0.7037757393386264,0.45590059125368965,200,0.8499763729721684,4.993121687682532e-05,0.0016148899808109726,-0.002601884422120427,0.003349833966848865,0.9879300298452263,0.9783489040247848,0.003420977477320893,0.005,0.02326247056749471,0.014925373134328358,0.009950248756218905,0.666666136228462,0.004975124378109453,0.004975124378109453,0.029850746268656716,0.014925373134328358,0.01990049751243781,0.014925373134328358,-1.177389907730151e-05,0.9894728391939284,0.9901346033735515
7248_liver_sham_Male_26-U1,sham,26,tierA_p95,full,Mesenchymal,interferon_response,26876,49.99999999999999,200,0.004139066672166529,0.0001400483606940149,A_SENDER_FINAL_strict,9725,3918.2586097717285,0.8579,-0.0005555838077460356,200,0.560785273106117,0.0005174462216435663,0.0023236226932953664,-0.004787776180545543,0.004501271860121679,0.8749848063276745,-5.426399216078564,0.0030415482046468856,0.09,0.019442369756918976,0.09950248756218906,0.03482587064676617,0.5907710271667174,0.05472636815920398,0.014925373134328358,0.03482587064676617,0.1791044776119403,0.19402985074626866,0.15422885572139303,-7.636004567697122e-05,0.862558907202932,-0.8424505944318221,200,0.8499763729721684,9.313085874807463e-05,0.001847547643369713,-0.0032330087680477993,0.003509643651433821,0.9774995509556924,0.9684748226555908,0.003685410360273053,0.025,0.022358111442025784,0.03482587064676617,0.01990049751243781,0.6599867901670038,0.014925373134328358,0.004975124378109453,0.12437810945273632,0.06965174129353234,0.0945273631840796,0.04975124378109453,2.1650472157546863e-05,1.0389688681629894,1.4773871081511707
7248_liver_sham_Male_26-U1,sham,26,tierA_p95,full,Mesenchymal,oxidative_stress,26876,40.868941774896264,200,-0.030367628158896997,-0.001134963162465671,A_SENDER_FINAL_strict,9725,3918.2586097717285,0.8579,8.848884720628286e-06,200,0.560785273106117,-0.0009686206043449549,0.008749654838485062,-0.020211544296933788,0.015419952663652226,0.9681035147270409,0.92713215342459,-0.028011715132832526,0.0,-0.1786961389569795,0.004975124378109453,1.0,-4.795665953393001,0.004975124378109453,1.0,0.06467661691542288,0.024875621890547265,0.004975124378109453,0.009950248756218905,0.0006147713907383379,-68.47444905742745,-0.8481177761221335,200,0.8499763729721684,-0.0002376147031445039,0.00875940576206125,-0.019448363372264365,0.016694205566893956,0.9921753947360921,0.9826936803366562,-0.027912428008119078,0.0,-0.18405332455860257,0.004975124378109453,1.0,-4.9149101185442,0.004975124378109453,1.0,0.05970149253731343,0.04975124378109453,0.024875621890547265,0.004975124378109453,0.00013935792337564927,-14.74864265671602,0.5503745098486843
7248_liver_sham_Male_26-U1,sham,26,tierA_p95,full,Mesenchymal,secondary_senescence,26876,9.472463873139185,200,0.004483252263480229,6.402307504033866e-05,A_SENDER_FINAL_strict,9725,3918.2586097717285,0.8579,0.0024369255940883757,200,0.560785273106117,-0.0006494629076422714,0.0026395768360982486,-0.0058113956355634565,0.004012843962133504,1.14486423459431,1.3525821015297685,0.004220656062328953,0.1,0.012492281671614546,0.01990049751243781,0.004975124378109453,0.8372659297747156,0.009950248756218905,0.004975124378109453,0.22388059701492538,0.14427860696517414,0.04975124378109453,0.1890547263681592,-0.0004965572073801493,1.203763795080459,1.5409722234805328,200,0.8499763729721684,-9.108798020724125e-05,0.0018745660260863302,-0.0037812667643322235,0.0033747795742826267,1.0203173889966504,1.0153707860740717,0.0044711116797029,0.015,0.010710114861998797,0.029850746268656716,0.01990049751243781,0.7461819153310428,0.009950248756218905,0.009950248756218905,0.03482587064676617,0.05970149253731343,0.05970149253731343,0.05970149253731343,-7.91783751776118e-05,1.0324910926167328,1.0683123112427466
7248_liver_sham_Male_26-U1,sham,26,tierA_p95,full,Mesenchymal,tnfa_nfkb_proximal,26876,15.682109678112967,200,0.006963293368987243,0.00019974480691319776,A_SENDER_FINAL_strict,9725,3918.2586097717285,0.8579,0.000542923155064156,200,0.560785273106117,0.00019171899627857278,0.002160477802045188,-0.00398583114152552,0.0042728853053024245,0.9724671953170261,0.9487819048245903,0.006677785496346766,0.0,0.03166532051217956,0.004975124378109453,0.004975124378109453,1.1046022084184042,0.004975124378109453,0.004975124378109453,0.03482587064676617,0.009950248756218905,0.004975124378109453,0.004975124378109453,-0.00018483103099423747,1.340436817384214,0.43189839020061865,200,0.8499763729721684,0.00016581533549862144,0.0020931904095380562,-0.003571864442123645,0.004106986858035014,0.9761872253957988,0.9712706377971452,0.0066204570304781,0.0,0.03163766300744145,0.004975124378109453,0.004975124378109453,1.1088277015354813,0.004975124378109453,0.004975124378109453,0.03482587064676617,0.014925373134328358,0.004975124378109453,0.004975124378109453,5.073565234854316e-05,0.9065509513173226,0.8458869106510417
7248_liver_sham_Male_26-U1,sham,26,tierA_p95,full,T/NK cells,downstream_arrest,4862,12.818224546846722,200,0.0058882915816007055,0.00015525894753230747,A_SENDER_FINAL_strict,9725,3918.2586097717285,0.8579,0.003467772249911738,200,0.5612607980255039,-0.001055504066566737,0.004143251864291915,-0.009306728855714746,0.006901540896004441,1.1792547213295106,1.0805401935892471,0.006568458347087621,0.15,0.01258009235837539,0.024875621890547265,0.014925373134328358,0.48176844030259347,0.04477611940298507,0.024875621890547265,0.0845771144278607,0.11940298507462686,0.07960199004975124,0.14925373134328357,-0.000482756480049609,1.1392122796016653,4.754122037238437,200,0.8512206910736323,0.00024355688674719894,0.00388560532089415,-0.0071100080949457545,0.00833259562182574,0.9586370879614305,0.963233874887242,0.006683065540706881,0.135,0.010272319535176357,0.12437810945273632,0.07462686567164178,0.3916381137424758,0.11940298507462686,0.06965174129353234,0.2885572139303483,0.19402985074626866,0.12935323383084577,0.13432835820895522,8.515796396897211e-05,0.9754430343656105,1.0488829820375096
7248_liver_sham_Male_26-U1,sham,26,tierA_p95,full,T/NK cells,emt_ecm,4862,13.48099749887925,200,0.02458415984338365,0.0006876207852509797,A_SENDER_FINAL_strict,9725,3918.2586097717285,0.8579,-0.011366432206046365,200,0.5612607980255039,0.0007254817913324372,0.011077363048296958,-0.01896470646653626,0.025912897609247268,0.9704898684374733,0.9867988713471872,0.026401892406395275,0.05,0.046206567721736536,0.004975124378109453,0.004975124378109453,1.655342221347188,0.004975124378109453,0.004975124378109453,0.0945273631840796,0.06467661691542288,0.07462686567164178,0.03482587064676617,-0.00022137026921770258,0.980524208018419,0.942515976107014,200,0.8512206910736323,0.0010375315139754177,0.010443078825991063,-0.020058900611052498,0.021865978816701732,0.9577967471499885,0.9632539147932172,0.026014153832031157,0.015,0.04557503881126785,0.01990049751243781,0.014925373134328358,1.6336918566487049,0.01990049751243781,0.014925373134328358,0.1791044776119403,0.11940298507462686,0.07960199004975124,0.014925373134328358,-0.00011065228979733112,0.990264993641675,0.9933176779008391
7248_liver_sham_Male_26-U1,sham,26,tierA_p95,full,T/NK cells,il6_jak_stat3,4862,6.999999999999999,200,0.055360133277695414,0.0005277914673410209,A_SENDER_FINAL_strict,9725,3918.2586097717285,0.8579,0.0072391648559246395,200,0.5612607980255039,-7.367117038903137e-05,0.0134399054881645,-0.02356686848636229,0.026773793655768634,1.0013307621572998,1.0052284030213396,0.05180554179268216,0.0,0.036449165494596675,0.004975124378109453,0.004975124378109453,3.8460604058877705,0.004975124378109453,0.004975124378109453,0.07462686567164178,0.014925373134328358,0.004975124378109453,0.004975124378109453,0.00012866368266828548,0.9822267229398726,0.4633396441864627,200,0.8512206910736323,0.0015323694473863248,0.011157883579134624,-0.01858808024614624,0.025343615842988755,0.972319982690437,0.9724360317520427,0.05490185939530221,0.0,0.03534269645643387,0.004975124378109453,0.004975124378109453,3.7346314810327534,0.004975124378109453,0.004975124378109453,0.009950248756218905,0.009950248756218905,0.004975124378109453,0.004975124378109453,0.0005347151622941007,0.9261357942613392,1.06294819715618
7248_liver_sham_Male_26-U1,sham,26,tierA_p95,full,T/NK cells,interferon_response,4862,16.49296129703063,200,0.030405562523629057,0.001036519752284255,A_SENDER_FINAL_strict,9725,3918.2586097717285,0.8579,0.0026573737072085285,200,0.5612607980255039,-1.934102630478454e-06,0.009474543767758819,-0.019495636626212783,0.018285835593866567,1.0000636101578115,0.8197220848626168,0.027941188410213726,0.0,0.07160757027642133,0.004975124378109453,0.004975124378109453,2.109706702991121,0.004975124378109453,0.004975124378109453,0.06467661691542288,0.014925373134328358,0.009950248756218905,0.004975124378109453,3.7779582580469655e-06,0.9985783112673243,-10.095656781890597,200,0.8512206910736323,0.00016134365708833406,0.008461212682419854,-0.017339644444514506,0.014588608472790927,0.9946936138095472,0.9919740882990198,0.030632960440796327,0.0,0.07143278281397525,0.004975124378109453,0.004975124378109453,2.098378306301251,0.004975124378109453,0.004975124378109453,0.009950248756218905,0.004975124378109453,0.004975124378109453,0.004975124378109453,-0.00015122744756042409,1.0569086113670036,4.049406335117904
7248_liver_sham_Male_26-U1,sham,26,tierA_p95,full,T/NK cells,oxidative_stress,4862,8.563960425689007,200,-0.06539557330959805,-0.0009338351914844292,A_SENDER_FINAL_strict,9725,3918.2586097717285,0.8579,-0.004715597468763988,200,0.5612607980255039,-0.001240786837921259,0.01662182676250503,-0.029167207251665415,0.033411047168713126,0.9810264399388766,0.9768088364225099,-0.06646509872086818,0.0,-0.06357104328427637,0.004975124378109453,1.0,-4.451132058381154,0.004975124378109453,1.0,0.04477611940298507,0.004975124378109453,0.004975124378109453,0.004975124378109453,0.0006603072702602767,1.1400262161124093,-0.15543086309563137,200,0.8512206910736323,-0.0023465345171495996,0.014549513223797394,-0.02587346073892927,0.03224626716971509,0.9641178385876281,0.962066402534569,-0.06516007541609865,0.0,-0.0621966643312276,0.004975124378109453,1.0,-4.374414026661624,0.004975124378109453,1.0,0.004975124378109453,0.004975124378109453,0.004975124378109453,0.004975124378109453,-2.7163392046211654e-07,0.9999423967117081,4.6196548623176135
7248_liver_sham_Male_26-U1,sham,26,tierA_p95,full,T/NK cells,secondary_senescence,4862,20.177866835741543,200,0.004700853500048108,0.00018394833056400623,A_SENDER_FINAL_strict,9725,3918.2586097717285,0.8579,-0.0018833441499946143,200,0.5612607980255039,-0.0006363822721989181,0.003626798575457473,-0.006879085572089777,0.006074764786568203,1.1353758997578642,0.8437429683697905,0.006094787496675809,0.21,0.014381802902592762,0.03482587064676617,0.014925373134328358,0.37030348872684066,0.04975124378109453,0.024875621890547265,0.1044776119402985,0.04975124378109453,0.04477611940298507,0.19402985074626866,-0.0001593059294182637,0.9154132666519185,-2.632133983091618,200,0.8512206910736323,-0.00014956857457798414,0.003249941750509031,-0.0064953881774341745,0.006738665388463074,1.0318173230832344,1.0205014910082315,0.005892664919957716,0.155,0.013143586854823534,0.11442786069651742,0.06965174129353234,0.3365278006587922,0.11940298507462686,0.06965174129353234,0.05472636815920398,0.07960199004975124,0.11940298507462686,0.15422885572139303,-0.00016170370182387115,0.9141401204743522,-7.543335860205803
7248_liver_sham_Male_26-U1,sham,26,tierA_p95,full,T/NK cells,tnfa_nfkb_proximal,4862,11.019082036984365,200,0.029569836652360383,0.0006381615038094379,A_SENDER_FINAL_strict,9725,3918.2586097717285,0.8579,-0.0010740137040251238,200,0.5612607980255039,0.0004455608154299584,0.007724835620887766,-0.013806368967073726,0.01687258451666831,0.9849319148878561,0.8708443487772679,0.02884761791161678,0.0,0.04342996414744811,0.004975124378109453,0.004975124378109453,2.0206753850256933,0.004975124378109453,0.004975124378109453,0.07462686567164178,0.01990049751243781,0.009950248756218905,0.004975124378109453,0.00029208167659368063,1.2719533982658084,8.595405215100948,200,0.8512206910736323,3.2128807638634445e-05,0.005922185416756751,-0.010686420224822716,0.011947148044566685,0.9989134600905524,0.9971908626076916,0.03006222659563335,0.0,0.04413928778635718,0.004975124378109453,0.004975124378109453,2.0493597679852296,0.004975124378109453,0.004975124378109453,0.004975124378109453,0.004975124378109453,0.004975124378109453,0.004975124378109453,-0.0005350005492207962,0.5018680420782775,20.66592338234648
7248_liver_sham_Male_26-U1,sham,26,tierA_p95,full,vSMCs,downstream_arrest,6381,49.99999999999999,200,0.0036125894302542006,0.00012953285719365454,A_SENDER_FINAL_strict,9725,3918.2586097717285,0.8579,0.0019299412739006458,200,0.5358744710860367,-0.0006866892296527862,0.0025820228850016195,-0.005547035919266315,0.004433812969192706,1.190082278351921,1.1244334557879616,0.003371093559418819,0.18,0.012319720402104216,0.03980099502487562,0.029850746268656716,0.3417227601714218,0.014925373134328358,0.014925373134328358,0.03482587064676617,0.024875621890547265,0.03482587064676617,0.22388059701492538,-0.00027604545358865263,1.143033084644452,1.5982529597727486,200,0.8406425325184141,-0.0004168697781664088,0.002546487773456513,-0.00525715324425044,0.003921279278948143,1.1153936217260858,1.0872191341809156,0.003695531039586596,0.19,0.011493575287697297,0.11442786069651742,0.03980099502487562,0.3202765002279319,0.06965174129353234,0.029850746268656716,0.029850746268656716,0.03482587064676617,0.15920398009950248,0.21890547263681592,-0.00036623747852971,1.189766125779309,1.1530326786398633
7248_liver_sham_Male_26-U1,sham,26,tierA_p95,full,vSMCs,emt_ecm,6381,49.99999999999999,200,-0.021653545331657365,-0.000776408625816229,A_SENDER_FINAL_strict,9725,3918.2586097717285,0.8579,0.0012971760979594562,200,0.5358744710860367,0.003352917347117641,0.015846138470534784,-0.027158794483603865,0.03751340944137737,1.1548438048256096,1.5664883296205654,-0.023592723153233467,0.185,-0.07117833509919476,0.06467661691542288,0.9701492537313433,-1.9876072533757356,0.03482587064676617,0.9900497512437811,0.6069651741293532,0.40298507462686567,0.2935323383084577,0.22885572139303484,0.001046280739009482,0.19341657570213422,0.0795922930050719,200,0.8406425325184141,-8.829092064219321e-05,0.01429608138712602,-0.034486564119158764,0.027977065899436538,0.9959225651370304,1.006094010149472,-0.023107057301885305,0.135,-0.05984120170606044,0.14427860696517414,0.9253731343283582,-1.7140871397460113,0.11940298507462686,0.9353233830845771,0.6368159203980099,0.5472636815920398,0.48756218905472637,0.15422885572139303,-0.00013037959625413306,1.1005103289054037,-25.66589140350648
7248_liver_sham_Male_26-U1,sham,26,tierA_p95,full,vSMCs,il6_jak_stat3,6381,47.54182525407475,200,-0.020378116172621235,-0.0007548431696335139,A_SENDER_FINAL_strict,9725,3918.2586097717285,0.8579,4.908186455766919e-06,200,0.5358744710860367,-0.0010685203039242314,0.009792829048308548,-0.019793569134668773,0.019404551944405848,0.9475653051109881,0.932158554999102,-0.01828719889998179,0.04,-0.05701205778462749,0.01990049751243781,0.9900497512437811,-1.5347989558296224,0.004975124378109453,1.0,0.03980099502487562,0.024875621890547265,0.014925373134328358,0.0845771144278607,-0.0002742558720461394,56.877231746952056,3.789374500549307,200,0.8406425325184141,-0.00044670006828869335,0.007825040103527045,-0.014407344933930697,0.016553333390308983,0.9780794228227607,0.9764786888318233,-0.01866854975888588,0.0,-0.05889465741616758,0.004975124378109453,1.0,-1.5842235556429356,0.004975124378109453,1.0,0.04975124378109453,0.04477611940298507,0.029850746268656716,0.014925373134328358,0.00013634486979109038,-26.779072987516745,1.4755955518873294
7248_liver_sham_Male_26-U1,sham,26,tierA_p95,full,vSMCs,interferon_response,6381,6.999999999999999,200,-0.01583034575866198,-0.00017784717209005642,A_SENDER_FINAL_strict,9725,3918.2586097717285,0.8579,-0.00915205405402998,200,0.5358744710860367,-0.0008040790592017948,0.008742062623421235,-0.018447069236683364,0.015256925978507797,0.9492064752431688,0.8697392504789709,-0.01330748426909675,0.055,-0.013202411724425982,0.024875621890547265,0.9900497512437811,-1.1943439208759135,0.024875621890547265,0.9850746268656716,0.06965174129353234,0.06965174129353234,0.029850746268656716,0.07462686567164178,-0.00034721125987095184,0.9620619308167152,2.324843022724644,200,0.8406425325184141,0.00025917841598251725,0.006975090998880862,-0.013107596511268884,0.01345340830170649,1.0163722523774126,1.0271592272428318,-0.012822314627931899,0.005,-0.014169917481014708,0.004975124378109453,1.0,-1.2788556047965693,0.004975124378109453,1.0,0.004975124378109453,0.004975124378109453,0.009950248756218905,0.01990049751243781,6.002525882720994e-06,1.0006558665243108,1.0181657760029637
7248_liver_sham_Male_26-U1,sham,26,tierA_p95,full,vSMCs,oxidative_stress,6381,6.999999999999999,200,-0.02436274510583151,-0.00027370503383049424,A_SENDER_FINAL_strict,9725,3918.2586097717285,0.8579,-0.004370042239959593,200,0.5358744710860367,-0.0003744161679151766,0.014513446943836359,-0.026611535526150486,0.029475967742340663,0.984631610014031,0.9875299126021574,-0.026181663860383453,0.095,-0.020846196874617345,0.029850746268656716,0.9900497512437811,-1.9066821727582797,0.024875621890547265,0.9950248756218906,0.03980099502487562,0.13930348258706468,0.06965174129353234,0.09950248756218906,-0.00023069449734540996,0.9472100074374699,0.8215162771568112,200,0.8406425325184141,-0.00030147983550693805,0.0115667970130136,-0.02210397901470857,0.021000550886749042,0.9876253749650413,0.9922090266995383,-0.022906741861512155,0.02,-0.021081268637696094,0.024875621890547265,0.9800995024875622,-1.9124794254601696,0.024875621890547265,0.9800995024875622,0.014925373134328358,0.009950248756218905,0.029850746268656716,0.03482587064676617,-0.00023569029272174218,0.9460668158841592,18.115697213494997
7248_liver_sham_Male_26-U1,sham,26,tierA_p95,full,vSMCs,secondary_senescence,6381,49.99999999999999,200,-0.0030432618006384898,-0.00010911906925367694,A_SENDER_FINAL_strict,9725,3918.2586097717285,0.8579,0.00046808113936928306,200,0.5358744710860367,-0.0010961258094176463,0.005408267336859957,-0.01059655707570089,0.00838581623595296,0.6398187598623049,-5.1603730724153305,-0.0033564427669466874,0.61,-0.005671953175180019,0.6467661691542289,0.6915422885572139,-0.15476565674938111,0.6268656716417911,0.7064676616915423,0.8059701492537313,0.7512437810945274,0.7263681592039801,0.6417910447761194,-0.0006121789384634223,2.3078479070707787,0.6237851559998008,200,0.8406425325184141,9.038590238942829e-05,0.004424963360344611,-0.007476910461512301,0.008281235453601125,1.029700337437438,1.0988274914061182,-0.0033896684775630358,0.545,-0.009226138664023584,0.5074626865671642,0.7562189054726368,-0.2490740487397723,0.4626865671641791,0.7761194029850746,0.7512437810945274,0.7213930348258707,0.7014925373134329,0.5870646766169154,0.00025910314344114183,0.4464567750149666,-0.9246248015973322
7248_liver_sham_Male_26-U1,sham,26,tierA_p95,full,vSMCs,tnfa_nfkb_proximal,6381,6.999999999999999,200,-0.007461380284858405,-8.382542010015637e-05,A_SENDER_FINAL_strict,9725,3918.2586097717285,0.8579,-0.0023753140789232255,200,0.5358744710860367,-0.0006682021956259522,0.006591178695659637,-0.01214837103081197,0.011797075088355815,0.9104452299553806,0.8455853999065371,-0.006374857415544928,0.295,-0.0059138106278052785,0.14925373134328357,0.9253731343283582,-0.5399472215273342,0.15920398009950248,0.9353233830845771,0.08955223880597014,0.15920398009950248,0.2736318407960199,0.2736318407960199,2.0874996206527058e-05,1.0087883098878403,-0.06249774608980815,200,0.8406425325184141,0.00039609644881296024,0.0049942922365092375,-0.008034741153053528,0.009491597756574717,1.0530862164493573,1.3206729501136036,-0.005551996935640801,0.155,-0.006853534410543409,0.11442786069651742,0.9502487562189055,-0.6245416614774622,0.0845771144278607,0.9751243781094527,0.1890547263681592,0.22885572139303484,0.23880597014925373,0.15422885572139303,0.000424980087198388,1.1789153236489212,2.3787713417065794
7352_liver_sham_Male_2-U1,sham,2,tierA_p95,full,Biliary/ductular,downstream_arrest,3903,49.99999999999999,200,0.0037599860210266373,0.00012246056242422196,A_SENDER_FINAL_strict,6097,2922.202438354492,0.6576,0.0025779828352988023,200,0.5636651293876506,-1.273873733577964e-05,0.0024607676748520328,-0.005416682036731994,0.004868360592801452,1.0033879746532413,3.806277489705455,0.003507970385169876,0.13,0.007651924618530221,0.07462686567164178,0.03482587064676617,0.23452456332591656,0.06965174129353234,0.029850746268656716,0.31343283582089554,0.05472636815920398,0.05970149253731343,0.13930348258706468,9.866663030792945e-05,0.9617271965674304,0.7183943373467637,200,0.7866500128106585,-0.00034214467273290666,0.002160717116492416,-0.0039022467509365394,0.004115359766779473,1.0909962619061775,1.0723563008653327,0.004914916223255839,0.075,0.008349149028587573,0.01990049751243781,0.01990049751243781,0.25500148335161943,0.01990049751243781,0.01990049751243781,0.1044776119402985,0.06467661691542288,0.04477611940298507,0.08955223880597014,-0.00022306615392657253,1.0865274007538992,1.065214564425342
7352_liver_sham_Male_2-U1,sham,2,tierA_p95,full,Biliary/ductular,emt_ecm,3903,6.999999999999999,200,0.010370744808630934,0.00020379481329618705,A_SENDER_FINAL_strict,6097,2922.202438354492,0.6576,-0.0006187954690680965,200,0.5636651293876506,-0.00026738409184824186,0.008737705654849907,-0.01661539690849588,0.017907533658242193,1.0257825350813488,1.097380823567351,0.012730617358579912,0.225,0.012786255768820596,0.009950248756218905,0.009950248756218905,0.6612999078344176,0.11940298507462686,0.05970149253731343,0.3283582089552239,0.07960199004975124,0.04975124378109453,0.05970149253731343,-0.0002463705476927603,0.6018546353227289,-51.81104796734108,200,0.7866500128106585,-0.00038428683235037966,0.00712543719149369,-0.013489449308483536,0.015492914164806571,1.0370548923381626,1.021318193472164,0.011920346478850256,0.16,0.012942374490800308,0.014925373134328358,0.014925373134328358,0.6685669537823353,0.09950248756218906,0.06467661691542288,0.01990049751243781,0.05472636815920398,0.05472636815920398,0.024875621890547265,8.275483214388737e-05,1.133735355671747,2.1298735447613297
7352_liver_sham_Male_2-U1,sham,2,tierA_p95,full,Biliary/ductular,il6_jak_stat3,3903,6.999999999999999,200,0.007012294561943597,0.00013779813189886185,A_SENDER_FINAL_strict,6097,2922.202438354492,0.6576,-0.0009259581419855346,200,0.5636651293876506,-3.3580167224257947e-06,0.006594297491722136,-0.013765054512692535,0.011879308595801512,1.000478875593825,1.0432047763697654,0.00745338130156663,0.29,0.008506843631280509,0.03482587064676617,0.014925373134328358,0.43611526491854774,0.14427860696517414,0.07960199004975124,0.3383084577114428,0.1044776119402985,0.08955223880597014,0.08955223880597014,-0.0001644958136432543,0.8223507022784794,1.3217999506730576,200,0.7866500128106585,7.057112836503693e-05,0.005216929462920469,-0.009599861643576922,0.01054388469592152,0.9899360861495988,1.0077655300121617,0.006374381726413061,0.185,0.008482787707396338,0.014925373134328358,0.014925373134328358,0.4315195942616135,0.14925373134328357,0.06965174129353234,0.029850746268656716,0.029850746268656716,0.03482587064676617,0.01990049751243781,0.0003151907656762394,1.3403941834782886,1.1050510767659742
7352_liver_sham_Male_2-U1,sham,2,tierA_p95,full,Biliary/ductular,interferon_response,3903,49.99999999999999,200,0.0020540852334596962,6.690036387105536e-05,A_SENDER_FINAL_strict,6097,2922.202438354492,0.6576,0.0019032397260264286,200,0.5636651293876506,-0.00019970459274345942,0.005691261942041621,-0.010119638667700263,0.010460837947535382,1.0972231285685732,-5.634849498283111,0.0031894293568112044,0.77,0.004676588247322262,0.6069651741293532,0.3283582089552239,0.140102739710097,0.6019900497512438,0.32338308457711445,0.7661691542288557,0.8159203980099502,0.7661691542288557,0.7761194029850746,-0.00044040592056407494,1.23139802860439,1.3637736110681862,200,0.7866500128106585,-0.00018657396661580264,0.00405275647189177,-0.007992776358224382,0.0074622556769303105,1.0908306839349389,1.1028200992191888,0.003098634366633221,0.625,0.004513885237095223,0.5771144278606966,0.2935323383084577,0.13928649825172962,0.5572139303482587,0.2885572139303483,0.6268656716417911,0.6467661691542289,0.6467661691542289,0.6368159203980099,-8.627633410772091e-05,1.0453313016368402,1.0692565775937117
7352_liver_sham_Male_2-U1,sham,2,tierA_p95,full,Biliary/ductular,oxidative_stress,3903,6.999999999999999,200,-0.0546973799319922,-0.0010748545583489778,A_SENDER_FINAL_strict,6097,2922.202438354492,0.6576,-0.011831146823433813,200,0.5636651293876506,0.0017814314389719566,0.01465199591542511,-0.02298676048258919,0.035890916367599064,1.0325688623694023,1.0242641216254589,-0.05787115665282081,0.0,-0.06793374596565868,0.004975124378109453,1.0,-3.510902443806045,0.004975124378109453,1.0,0.2835820895522388,0.029850746268656716,0.009950248756218905,0.004975124378109453,0.0022342378691655703,1.188843727705267,2.6882298364103843,200,0.7866500128106585,0.0010875255318412804,0.012390794601980235,-0.022516102813766595,0.02532128501843444,1.0198825891330343,1.0189684452990022,-0.05702711379138395,0.0,-0.06744138765361589,0.004975124378109453,1.0,-3.467767046902685,0.004975124378109453,1.0,0.004975124378109453,0.004975124378109453,0.004975124378109453,0.004975124378109453,2.4240617072122002e-05,1.002048881434225,0.9943568507922629
7352_liver_sham_Male_2-U1,sham,2,tierA_p95,full,Biliary/ductular,secondary_senescence,3903,6.999999999999999,200,0.004784609266458855,9.402203700371548e-05,A_SENDER_FINAL_strict,6097,2922.202438354492,0.6576,-0.0007260012764414317,200,0.5636651293876506,0.00027852433044876855,0.0063802162552138875,-0.012072150720191917,0.012360960757881699,0.9417874449223504,2.664927632181801,0.0036815715270729797,0.465,0.005559543555241787,0.13432835820895522,0.07462686567164178,0.28011256309775534,0.31840796019900497,0.14925373134328357,0.572139303482587,0.34328358208955223,0.20398009950248755,0.22388059701492538,0.0001293410490645399,1.1781554017349916,2.6208674483596726,200,0.7866500128106585,-0.00031561456206997317,0.004522974677765989,-0.009851948042029112,0.008321766477060066,1.0659645426602544,-6.635863639138641,0.001028453680269355,0.27,0.0060664557294231435,0.04477611940298507,0.014925373134328358,0.31704612524380055,0.20398009950248755,0.09950248756218906,0.13930348258706468,0.11940298507462686,0.0845771144278607,0.0945273631840796,-0.00011592156518720359,0.8403287033386431,0.9316967824795301
7352_liver_sham_Male_2-U1,sham,2,tierA_p95,full,Biliary/ductular,tnfa_nfkb_proximal,3903,49.99999999999999,200,0.0075341064659720765,0.000245381474831917,A_SENDER_FINAL_strict,6097,2922.202438354492,0.6576,0.0010411667135590754,200,0.5636651293876506,0.00040979712758394557,0.0034977628915990825,-0.0067617197186531156,0.006989690484680283,0.9456077333875222,0.9392168053780113,0.007630464586720539,0.02,0.0144310839705583,0.004975124378109453,0.004975124378109453,0.4428697144897106,0.004975124378109453,0.004975124378109453,0.2736318407960199,0.05472636815920398,0.004975124378109453,0.03980099502487562,0.00035651770870361477,0.6575786528125631,2.222814601484008,200,0.7866500128106585,5.411520680455726e-05,0.003206983667629357,-0.005489155670251129,0.006988475411817272,0.9928173026159147,0.9892369029172404,0.006332561407680975,0.025,0.015113555038723374,0.024875621890547265,0.014925373134328358,0.4649800332901514,0.014925373134328358,0.004975124378109453,0.004975124378109453,0.03980099502487562,0.05472636815920398,0.03980099502487562,0.0001396448249768535,0.8658765948255316,1.44380670996005
7352_liver_sham_Male_2-U1,sham,2,tierA_p95,full,Endothelial,downstream_arrest,15167,6.999999999999999,200,0.001968827514319078,1.116235721254735e-05,A_SENDER_FINAL_strict,6097,2922.202438354492,0.6576,0.0017095411538957867,200,0.5850893386958528,2.4791819533025017e-05,0.0019196308916142458,-0.003228735397321081,0.00403561615607089,0.9874078255445352,0.7247357048577102,0.002092293865980778,0.33,0.001329547844516935,0.5373134328358209,0.2537313432835821,0.23822537345741684,0.15422885572139303,0.06965174129353234,0.5223880597014925,0.24378109452736318,0.3781094527363184,0.6268656716417911,1.6525905599306338e-05,0.9903331337992968,0.7323225411355707,200,0.8345206698753873,-8.107036813409957e-05,0.0015001422917468824,-0.0028904618566649607,0.002517556111319671,1.0411769784526492,1.0302995816082878,0.0020845073980304673,0.225,0.0014767345449559234,0.47761194029850745,0.21890547263681592,0.2511979023362116,0.13930348258706468,0.07462686567164178,0.4626865671641791,0.5920398009950248,0.5870646766169154,0.5422885572139303,-2.2655201905158888e-05,1.013252212064934,1.0053047051533242
7352_liver_sham_Male_2-U1,sham,2,tierA_p95,full,Endothelial,emt_ecm,15167,6.999999999999999,200,0.005423418225897939,3.0748316503210695e-05,A_SENDER_FINAL_strict,6097,2922.202438354492,0.6576,0.0020181234726972448,200,0.5850893386958528,0.00015418920990448298,0.0023616773818695125,-0.0039014210730209404,0.005089308478555987,0.9715697363761848,1.4015715422465873,0.004370398537423798,0.025,0.0035221102577369296,0.15920398009950248,0.0945273631840796,0.6457001039303673,0.004975124378109453,0.004975124378109453,0.3482587064676617,0.10945273631840796,0.13930348258706468,0.27860696517412936,-2.3350522734431544e-06,1.0011570413332154,0.9723724254481085,200,0.8345206698753873,0.00010215971990911956,0.002423996899393278,-0.004698701802752845,0.004306271807745154,0.9811632229612525,0.9751685991525296,0.006148375330197976,0.025,0.0036238976117104744,0.263681592039801,0.12437810945273632,0.6520758843330561,0.01990049751243781,0.014925373134328358,0.3681592039800995,0.3333333333333333,0.3283582089552239,0.3034825870646766,5.360187684228557e-05,0.9734397436195288,0.771119753710823
7352_liver_sham_Male_2-U1,sham,2,tierA_p95,full,Endothelial,il6_jak_stat3,15167,6.999999999999999,200,0.004070047364628791,2.3075318800431354e-05,A_SENDER_FINAL_strict,6097,2922.202438354492,0.6576,-0.004653489571891607,200,0.5850893386958528,0.0004541931320397858,0.004661476294941178,-0.008139273021886979,0.009659895356903812,0.8884059345385013,0.973526003459389,0.003786082398281042,0.39,0.0021415718308975744,0.7164179104477612,0.3681592039800995,0.4430928028926421,0.2835820895522388,0.15422885572139303,0.2835820895522388,0.7960199004975125,0.7860696517412935,0.7263681592039801,0.00034828153685415974,1.074843089572582,1.3695200240187093,200,0.8345206698753873,0.0003082146525346282,0.004091143362015767,-0.008049437725862016,0.008056865225857303,0.9242724654230802,0.8597673115655168,0.003940105897971771,0.31,0.0024096212131101626,0.6169154228855721,0.3034825870646766,0.4609812490205252,0.34328358208955223,0.1691542288557214,0.7014925373134329,0.6467661691542289,0.6268656716417911,0.5870646766169154,0.00012594432429678456,1.0270644904970936,1.0489446083696787
7352_liver_sham_Male_2-U1,sham,2,tierA_p95,full,Endothelial,interferon_response,15167,12.18803582947357,200,-0.0016357507342039121,-2.866619658166726e-05,A_SENDER_FINAL_strict,6097,2922.202438354492,0.6576,-0.0018088376665150484,200,0.5850893386958528,9.07195879169096e-05,0.0027614769182298807,-0.005614237570831723,0.00513018962726666,1.0554605209827774,0.9983402422100984,-0.0012288442749172422,0.56,-0.003839281396934163,0.5472636815920398,0.7412935323383084,-0.21156455015381964,0.4079601990049751,0.8159203980099502,0.34328358208955223,0.4228855721393035,0.4975124378109453,0.6616915422885572,-6.517723407526647e-05,0.9639673392025065,0.7004864988776212,200,0.8345206698753873,-0.00020430692192031154,0.002146879287483121,-0.004181075482104615,0.003977153942111546,0.8750989880987314,7.166448437733976,-0.0001601560934005683,0.475,-0.0028745869746248797,0.6616915422885572,0.6666666666666666,-0.17541151002481875,0.4925373134328358,0.746268656716418,0.6666666666666666,0.6567164179104478,0.6318407960199005,0.6119402985074627,-0.00031866588423903295,0.8238283677202595,-3.5950523769306306
7352_liver_sham_Male_2-U1,sham,2,tierA_p95,full,Endothelial,oxidative_stress,15167,49.99999999999999,200,-0.008652036997966173,-0.00025463711893035894,A_SENDER_FINAL_strict,6097,2922.202438354492,0.6576,-0.006316376046453594,200,0.5850893386958528,-0.002202611462430113,0.004821882736538768,-0.011649238431629178,0.007429529665233831,0.7454227873796796,0.6784413851891338,-0.008097709517127011,0.105,-0.022089938886450337,0.14925373134328357,0.9154228855721394,-0.7903233520400796,0.08955223880597014,0.9402985074626866,0.2935323383084577,0.24378109452736318,0.21393034825870647,0.15920398009950248,-0.0009683234740437742,0.8466963545358496,0.7737376009974051,200,0.8345206698753873,-0.0005800980573168153,0.003836457521441796,-0.008926821560104766,0.00556524344198206,0.9329524298782843,0.9443522444603919,-0.0076253247555722135,0.03,-0.028823753661458923,0.06965174129353234,0.945273631840796,-0.9891488483565546,0.024875621890547265,0.9850746268656716,0.13930348258706468,0.263681592039801,0.2537313432835821,0.07462686567164178,-8.924548833943438e-05,0.9858707765840601,0.9911490889854723
7352_liver_sham_Male_2-U1,sham,2,tierA_p95,full,Endothelial,secondary_senescence,15167,33.40540803599722,200,-0.0036555785650322246,-0.00012536045274072816,A_SENDER_FINAL_strict,6097,2922.202438354492,0.6576,-0.0021246270765176317,200,0.5850893386958528,0.00012574338385570055,0.001771939188922089,-0.0030888575667427204,0.0035154525408791254,1.0343976696489334,0.9738507111960911,-0.0037561589585479783,0.035,-0.015974053776523854,0.009950248756218905,1.0,-0.4633694925728664,0.009950248756218905,1.0,0.29850746268656714,0.04477611940298507,0.029850746268656716,0.07462686567164178,6.381345633688859e-05,1.0300351327732686,0.9233254007859241,200,0.8345206698753873,-0.00015527815411459854,0.001463440226454519,-0.00296669192296105,0.002516920267471308,0.9575229607701702,0.9549747900801073,-0.0036468740881432284,0.02,-0.014592159133166128,0.03980099502487562,0.9800995024875622,-0.42893264503343903,0.024875621890547265,0.9900497512437811,0.009950248756218905,0.009950248756218905,0.01990049751243781,0.03980099502487562,-0.0003409100108969783,0.839543600538243,0.843915181833397
7352_liver_sham_Male_2-U1,sham,2,tierA_p95,full,Endothelial,tnfa_nfkb_proximal,15167,6.999999999999999,200,0.0025769402177156504,1.4610079865462456e-05,A_SENDER_FINAL_strict,6097,2922.202438354492,0.6576,-0.002103052251851704,200,0.5850893386958528,0.0003790084803769176,0.002616601742492723,-0.004795003061616591,0.005567188328266907,0.8529230605462425,0.18763360491949754,0.002484737620826126,0.34,0.0012329107794860844,0.6965174129353234,0.36318407960199006,0.26933821758815635,0.27860696517412936,0.13930348258706468,0.3383084577114428,0.7711442786069652,0.8009950248756219,0.6766169154228856,0.0001461920293598343,1.0695142164114633,1.316899722563835,200,0.8345206698753873,-9.220066099753139e-05,0.002224966601494052,-0.004138016621725212,0.004136918263952686,1.0357791229938826,0.5561940229583231,0.0029121151567611026,0.265,0.0019371105922601165,0.5223880597014925,0.2736318407960199,0.327080970965342,0.23383084577114427,0.12437810945273632,0.6119402985074627,0.572139303482587,0.5671641791044776,0.5970149253731343,-0.00021726884946748318,0.8966888011098244,0.9977561903455555
7352_liver_sham_Male_2-U1,sham,2,tierA_p95,full,Hepatocytes,downstream_arrest,70365,6.999999999999999,200,-0.00313536283835542,-1.3799402253199259e-05,A_SENDER_FINAL_strict,6097,2922.202438354492,0.6576,-0.0019880531807644273,200,0.576766432175087,-8.396163686248044e-05,0.0006991311694048753,-0.0015430576445280818,0.0014258398418223722,0.9732210780087831,0.9756946727213256,-0.0032351085370192012,0.0,-0.0033774286397230354,0.04975124378109453,0.9751243781094527,-0.8053999478384327,0.004975124378109453,1.0,0.3034825870646766,0.09950248756218906,0.07462686567164178,0.09950248756218906,-5.774573374543732e-05,0.9709536272449042,1.0679530858986046,200,0.8131703972145242,-4.9449680980065605e-05,0.0005724998399582928,-0.0012718628072790434,0.0010658847903359655,0.9842284024116318,0.9857048257945484,-0.0033474951944309182,0.0,-0.003482185854406977,0.04975124378109453,0.9701492537313433,-0.814509181804094,0.004975124378109453,1.0,0.3034825870646766,0.21393034825870647,0.1691542288557214,0.06467661691542288,1.347244098561303e-05,1.0067767005007546,1.0154605053851924
7352_liver_sham_Male_2-U1,sham,2,tierA_p95,full,Hepatocytes,emt_ecm,70365,6.999999999999999,200,0.0009015024978258889,3.967705251711326e-06,A_SENDER_FINAL_strict,6097,2922.202438354492,0.6576,0.0005299789662653174,200,0.576766432175087,0.00026962341806148845,0.000879251234709349,-0.0014097008925146493,0.002095514522576762,0.700917724896241,0.599600594285116,0.0007469195484066204,0.31,0.0001759446641322633,0.9402985074626866,0.4626865671641791,0.16678088008664718,0.3383084577114428,0.1791044776119403,0.9203980099502488,0.9502487562189055,0.945273631840796,0.6965174129353234,0.00010648343611640937,0.7990798826097152,1.3508621643289715,200,0.8131703972145242,8.317458313897784e-06,0.0007402432463425182,-0.0014225582432561377,0.0013668776467356343,0.9907737822868415,1.6706172311826173,0.0006283092563915865,0.23,0.001027332689289269,0.6517412935323383,0.34328358208955223,0.2357510981778024,0.18407960199004975,0.1044776119402985,0.681592039800995,0.7014925373134329,0.681592039800995,0.6567164179104478,-4.492437306954726e-05,1.0847663321171455,2.22908213463524
7352_liver_sham_Male_2-U1,sham,2,tierA_p95,full,Hepatocytes,il6_jak_stat3,70365,6.999999999999999,200,0.006992139055498354,3.077389903866333e-05,A_SENDER_FINAL_strict,6097,2922.202438354492,0.6576,0.0011408709727054136,200,0.576766432175087,0.00027521799373369225,0.0010334116045505443,-0.0018062323158911154,0.002254462456017079,0.9606389415958095,0.9576442132366587,0.007639388276881507,0.0,0.007252490278516182,0.004975124378109453,0.004975124378109453,1.7728930139154782,0.004975124378109453,0.004975124378109453,0.29850746268656714,0.06467661691542288,0.014925373134328358,0.01990049751243781,4.672153373346314e-05,0.9590474866560328,0.8504255433519705,200,0.8131703972145242,0.0001306241026308114,0.0008419523782768175,-0.0015206554842803676,0.0018017199480626868,0.9813184346601211,0.9808272811891305,0.007228416853285601,0.0,0.0077184630788351034,0.009950248756218905,0.009950248756218905,1.8110577469879563,0.004975124378109453,0.004975124378109453,0.014925373134328358,0.004975124378109453,0.004975124378109453,0.009950248756218905,8.36072842282329e-05,0.9267162665818642,0.9543875520463154
7352_liver_sham_Male_2-U1,sham,2,tierA_p95,full,Hepatocytes,interferon_response,70365,17.345738419684505,200,0.002848712240252671,6.986529531293701e-05,A_SENDER_FINAL_strict,6097,2922.202438354492,0.6576,0.000568887296225685,200,0.576766432175087,9.008557919877331e-05,0.0008909257374226621,-0.0014483117374250805,0.0017195674036034078,0.968376736012205,1.0435507869276162,0.002883059607196066,0.005,0.017622942327158827,0.009950248756218905,0.009950248756218905,0.7281237773097403,0.004975124378109453,0.004975124378109453,0.2885572139303483,0.04477611940298507,0.009950248756218905,0.01990049751243781,-5.312831994939956e-06,1.0093389886365687,0.7834171180439933,200,0.8131703972145242,-2.2178575903418338e-05,0.0007638407843103107,-0.0015136398105683167,0.0014860865461929882,1.0077854742890602,0.9967025208929265,0.002854003746125542,0.0,0.01863948395515816,0.004975124378109453,0.004975124378109453,0.7577552609111733,0.004975124378109453,0.004975124378109453,0.08955223880597014,0.01990049751243781,0.009950248756218905,0.014925373134328358,1.4686148608858798e-05,0.9741844321251417,0.9901342060103735
7352_liver_sham_Male_2-U1,sham,2,tierA_p95,full,Hepatocytes,oxidative_stress,70365,6.999999999999999,200,-0.01320746879037732,-5.81288941603293e-05,A_SENDER_FINAL_strict,6097,2922.202438354492,0.6576,-0.00693345757054264,200,0.576766432175087,-0.0008802035076301662,0.002548908206725794,-0.005867727306714622,0.004075964477993774,0.9333556246393355,0.9308580532384337,-0.01268217899244882,0.0,-0.012548971103345076,0.04477611940298507,0.9751243781094527,-3.2537113804823456,0.004975124378109453,1.0,0.2885572139303483,0.03980099502487562,0.0845771144278607,0.0845771144278607,-0.00019351202715352052,0.9720901115807397,1.0549199330003658,200,0.8131703972145242,-0.00020107920086464458,0.0022173508060546344,-0.004770640573584652,0.003597098034077828,0.9847753415846686,0.9887036305029108,-0.011566867381550607,0.0,-0.014722383527366047,0.029850746268656716,0.9800995024875622,-3.432962368840465,0.004975124378109453,1.0,0.11442786069651742,0.13432835820895522,0.14427860696517414,0.03482587064676617,2.8384722149325474e-05,1.004093876952521,1.016386242495915
7352_liver_sham_Male_2-U1,sham,2,tierA_p95,full,Hepatocytes,secondary_senescence,70365,6.999999999999999,200,0.002040972955225691,8.982758375688662e-06,A_SENDER_FINAL_strict,6097,2922.202438354492,0.6576,0.0024625962141747158,200,0.576766432175087,0.00021521237934380122,0.0009889341860681044,-0.0017677810369022427,0.0022359841661820576,0.89455402689547,0.8343106026422383,0.001816407265410213,0.045,0.0016622485566088168,0.4626865671641791,0.24378109452736318,0.48189909339397746,0.01990049751243781,0.014925373134328358,0.5472636815920398,0.36318407960199006,0.2935323383084577,0.417910447761194,8.487614202930652e-05,0.9655338778071861,0.8888122426878619,200,0.8131703972145242,8.37701166487264e-05,0.0008164311143605282,-0.001410776772643051,0.001790309138248903,0.9589557929054171,0.9398779723954571,0.0015057602415500316,0.01,0.002118946380856349,0.3681592039800995,0.1890547263681592,0.5165925291396878,0.009950248756218905,0.004975124378109453,0.5174129353233831,0.43781094527363185,0.42786069651741293,0.3283582089552239,2.7698869079221923e-05,0.9887521677651468,0.9696724406495321
7352_liver_sham_Male_2-U1,sham,2,tierA_p95,full,Hepatocytes,tnfa_nfkb_proximal,70365,6.999999999999999,200,0.004319125893015406,1.9009396568338034e-05,A_SENDER_FINAL_strict,6097,2922.202438354492,0.6576,0.0019425575882718372,200,0.576766432175087,0.00023402030416448116,0.0008193805190401328,-0.0014399283286546578,0.001969799227624669,0.9458176700653891,0.9105229048063614,0.0039351659816420715,0.0,0.004270654672083581,0.03482587064676617,0.024875621890547265,1.0782403266293783,0.004975124378109453,0.004975124378109453,0.5870646766169154,0.263681592039801,0.09950248756218906,0.05970149253731343,-1.2252599710722253e-05,1.006307457644858,0.9798677413506505,200,0.8131703972145242,6.495001129150142e-06,0.0007147220380502264,-0.0013221013316006376,0.001363324603134221,0.9984962232428433,0.999014814258677,0.0036865179848232428,0.0,0.004993781709902576,0.01990049751243781,0.014925373134328358,1.1382943330009174,0.004975124378109453,0.004975124378109453,0.08955223880597014,0.0845771144278607,0.07960199004975124,0.029850746268656716,-3.854757056560339e-06,1.0019843720875168,1.0001795276037615
7352_liver_sham_Male_2-U1,sham,2,tierA_p95,full,Macrophages,downstream_arrest,8526,6.999999999999999,200,-0.004116597860384058,-3.045791193936997e-05,A_SENDER_FINAL_strict,6097,2922.202438354492,0.6576,-0.0009993017691741941,200,0.5789139103917429,-0.0001425501200002079,0.0029987441206073104,-0.005414476630548062,0.0060781986551463425,0.9653718617084185,-0.07551958135375504,-0.0014616416817960537,0.205,-0.002636195599368604,0.3034825870646766,0.8606965174129353,-0.3651234130543607,0.06965174129353234,0.9651741293532339,0.582089552238806,0.4079601990049751,0.35323383084577115,0.3880597014925373,-5.892619578781337e-05,0.9410326313776979,0.9496336979369221,200,0.8181568144499178,-5.012189317583054e-05,0.0019863798255715954,-0.004226082897302436,0.0034530154142927835,0.9878244378305259,1.0573146695833295,-0.002691210724181202,0.035,-0.0027558919909584636,0.1691542288557214,0.9104477611940298,-0.3736154372688005,0.03482587064676617,0.9751243781094527,0.25870646766169153,0.20398009950248755,0.20398009950248755,0.19900497512437812,-1.1883542323263066e-05,0.9881081544235798,-1.1812975735658515
7352_liver_sham_Male_2-U1,sham,2,tierA_p95,full,Macrophages,emt_ecm,8526,49.99999999999999,200,0.0026663793352264278,8.284295641507597e-05,A_SENDER_FINAL_strict,6097,2922.202438354492,0.6576,0.003085053107448347,200,0.5789139103917429,0.00041477951327772696,0.002263321380002644,-0.004060924632053391,0.004645276406610647,0.8444409211405384,1.4536266061318657,0.002002009881240911,0.25,0.006300534912537279,0.22885572139303484,0.12437810945273632,0.20687013984967714,0.1791044776119403,0.08955223880597014,0.6119402985074627,0.32338308457711445,0.21393034825870647,0.2935323383084577,0.00034272589708774377,0.8889076183938976,5.892841799912723,200,0.8181568144499178,0.000311332221333148,0.0018729142145451063,-0.00319415056094122,0.004287222018089131,0.8832378359597848,0.8797035189483815,0.002609148738402742,0.155,0.006638362324401832,0.19900497512437812,0.09950248756218906,0.21637456223550064,0.1691542288557214,0.08955223880597014,0.27860696517412936,0.25870646766169153,0.19900497512437812,0.20398009950248755,0.00020000528104548935,0.9351695824740878,0.831904640580563
7352_liver_sham_Male_2-U1,sham,2,tierA_p95,full,Macrophages,il6_jak_stat3,8526,49.99999999999999,200,-0.0010698626296344197,-3.324005029066751e-05,A_SENDER_FINAL_strict,6097,2922.202438354492,0.6576,0.001391141909610453,200,0.5789139103917429,0.0007259444522500049,0.0044584679348922684,-0.008613351046158268,0.008793090458273317,1.6785398724489196,-57.913475253645004,-0.0008340622858262549,0.81,-0.005349571051528681,0.5970149253731343,0.7014925373134329,-0.16499328990484152,0.5771144278606966,0.7114427860696517,0.5124378109452736,0.4577114427860697,0.4228855721393035,0.8308457711442786,0.0008258217080380975,0.40637133973676076,0.3017512638670206,200,0.8181568144499178,0.00033011871114591544,0.0034258465410831216,-0.00639954147330933,0.006692689671461517,1.3085617741959261,-1.7682281490556113,-0.0010613706138098513,0.73,-0.004088994157532792,0.6467661691542289,0.7014925373134329,-0.1286260253402902,0.6318407960199005,0.7114427860696517,0.7860696517412935,0.6965174129353234,0.681592039800995,0.7562189054726368,0.00018560735925247026,0.8665791333218882,-1.0484690248452049
7352_liver_sham_Male_2-U1,sham,2,tierA_p95,full,Macrophages,interferon_response,8526,49.99999999999999,200,0.0039129844707064656,0.00012157430027939995,A_SENDER_FINAL_strict,6097,2922.202438354492,0.6576,0.006007607649597724,200,0.5789139103917429,0.0009029531545725184,0.00382528135281397,-0.0062449511892935265,0.008632496654275366,0.7692418251766034,0.8405074223202236,0.004208097667871353,0.32,0.008282539499629602,0.36318407960199006,0.17412935323383086,0.2765525175702045,0.2736318407960199,0.14427860696517414,0.3333333333333333,0.16417910447761194,0.2935323383084577,0.36318407960199006,0.0009261289751435699,0.8458406358801436,0.7093683643638385,200,0.8181568144499178,0.0003294211483096744,0.003297555701868318,-0.006073629983298005,0.007111679645837715,0.9158133259214802,0.8537439858266168,0.005546234959506571,0.21,0.010139447143886038,0.25870646766169153,0.13930348258706468,0.3292468930037462,0.21393034825870647,0.10945273631840796,0.16417910447761194,0.17412935323383086,0.14427860696517414,0.27860696517412936,0.0005117527966366686,0.9148158757220212,0.8837881415390483
7352_liver_sham_Male_2-U1,sham,2,tierA_p95,full,Macrophages,oxidative_stress,8526,6.999999999999999,200,-0.015551948113419096,-0.00011506585831047828,A_SENDER_FINAL_strict,6097,2922.202438354492,0.6576,0.012676407745184663,200,0.5789139103917429,-0.0013038243191758393,0.009444411343088089,-0.018363727224781055,0.016983424357676264,0.9161632800169371,1.2056218925559212,-0.015276355908411858,0.085,-0.00907164300859743,0.22388059701492538,0.8905472636815921,-1.3090742560814477,0.04477611940298507,0.9751243781094527,0.6069651741293532,0.48258706467661694,0.3333333333333333,0.27860696517412936,-0.00013022061488437457,1.0102726748383304,0.4702254028715054,200,0.8181568144499178,-7.790242560404626e-05,0.008014046907538555,-0.014417297242638738,0.015976889166214866,0.994990825262796,1.013581605364925,-0.011687493512806396,0.06,-0.010524694907722856,0.18407960199004975,0.9203980099502488,-1.4217082290884662,0.03482587064676617,0.9800995024875622,0.15422885572139303,0.23880597014925373,0.25870646766169153,0.22885572139303484,-0.00017607805441771643,1.0138902170044666,1.0169704362174747
7352_liver_sham_Male_2-U1,sham,2,tierA_p95,full,Macrophages,secondary_senescence,8526,6.999999999999999,200,0.005418814986111821,4.009276476846203e-05,A_SENDER_FINAL_strict,6097,2922.202438354492,0.6576,0.004414399969026376,200,0.5789139103917429,0.00015981163620578192,0.0034387888909708816,-0.0064083904664271624,0.007054569338199046,0.9705080102171099,0.9525514431454986,0.007439150386897366,0.115,0.0034940215572063452,0.22388059701492538,0.1044776119402985,0.4831812242387758,0.03482587064676617,0.024875621890547265,0.34328358208955223,0.3681592039800995,0.373134328358209,0.3582089552238806,5.6432931565137975e-05,0.9872161716289645,-2.2426590966810664,200,0.8181568144499178,-7.366837492752461e-05,0.0031724822463147276,-0.005563998799350517,0.006553850263389213,1.0135949234502992,1.0094269631334571,0.00646325875367927,0.075,0.0037737200200944274,0.23383084577114427,0.12437810945273632,0.5046326571641209,0.05970149253731343,0.03980099502487562,0.31840796019900497,0.2736318407960199,0.27860696517412936,0.2935323383084577,-6.294407768712381e-05,1.0142588071150713,1.0242514394935842
7352_liver_sham_Male_2-U1,sham,2,tierA_p95,full,Macrophages,tnfa_nfkb_proximal,8526,6.999999999999999,200,0.005895920624441842,4.3622777174550426e-05,A_SENDER_FINAL_strict,6097,2922.202438354492,0.6576,-4.2009930650217315e-05,200,0.5789139103917429,0.0002856706575420685,0.0043394143646276135,-0.007109180113911852,0.01077612105757161,0.9515477436453594,0.356310016218388,0.005679352873820752,0.145,0.0036823762145153306,0.25870646766169153,0.13432835820895522,0.5154526945377619,0.0845771144278607,0.04477611940298507,0.35323383084577115,0.3333333333333333,0.3781094527363184,0.35323383084577115,4.9734786747399516e-05,2.18388166744432,3.0424877954685847,200,0.8181568144499178,-0.00029310708500483154,0.0034969733990528776,-0.006882039336791087,0.006567003131292202,1.0497135398651298,1.0177856454774388,0.00610971780898062,0.11,0.004307168264957589,0.208955223880597,0.1044776119402985,0.5686290322579047,0.05472636815920398,0.03482587064676617,0.15422885572139303,0.21393034825870647,0.208955223880597,0.26865671641791045,-0.00013943904430298152,-2.3191924419960976,1.6474495542173824
7352_liver_sham_Male_2-U1,sham,2,tierA_p95,full,Mesenchymal,downstream_arrest,8039,6.999999999999999,200,-0.0036034385211719477,-2.4973815598860214e-05,A_SENDER_FINAL_strict,6097,2922.202438354492,0.6576,-0.0019225850655966068,200,0.5833648463739272,-2.4390312214397594e-05,0.0024644850351711366,-0.004913786304204489,0.004449851368470858,0.9932313782874073,-2.494190749614829,-0.002980564214810084,0.155,-0.002197475544867082,0.2736318407960199,0.8656716417910447,-0.31930263378155954,0.04975124378109453,0.9751243781094527,0.35323383084577115,0.32338308457711445,0.3383084577114428,0.39303482587064675,3.003072634064627e-05,1.0156199727533655,7.6514090047959575,200,0.8377329269809678,9.938755147273995e-06,0.00239283020238582,-0.0042307326791600035,0.004690552494567422,1.002758130904379,1.0395163512525314,-0.002961492940977239,0.14,-0.002238023424662909,0.3283582089552239,0.8407960199004975,-0.32236528088321426,0.09950248756218906,0.9552238805970149,0.40298507462686567,0.3781094527363184,0.373134328358209,0.3781094527363184,4.5916332240901314e-05,1.0238826011199942,7.080986699018573
7352_liver_sham_Male_2-U1,sham,2,tierA_p95,full,Mesenchymal,emt_ecm,8039,17.345738419684505,200,-0.0024526255734349744,-7.181683912236569e-05,A_SENDER_FINAL_strict,6097,2922.202438354492,0.6576,-0.002752285027254153,200,0.5833648463739272,0.001075258758221791,0.003179613211565637,-0.005486782642699804,0.006910385416768899,1.4384112968029847,7.405472610777281,-0.002684401016086036,0.505,-0.009659925564388048,0.15920398009950248,0.9253731343283582,-0.31473807923442326,0.11940298507462686,0.9353233830845771,0.3880597014925373,0.2885572139303483,0.19402985074626866,0.572139303482587,0.0005158864408714453,1.187439322513092,1.2144702025055698,200,0.8377329269809678,-0.00023670670486030637,0.002961828150644022,-0.005814638551628514,0.0055065261046007554,0.9034884462495464,0.7832081101254483,-0.002362115196792296,0.415,-0.005662735977615771,0.5024875621890548,0.7562189054726368,-0.1976918693666406,0.417910447761194,0.8009950248756219,0.3781094527363184,0.43781094527363185,0.4427860696517413,0.4975124378109453,-6.9003314311315984e-06,0.9974928717909658,0.9905100783553931
7352_liver_sham_Male_2-U1,sham,2,tierA_p95,full,Mesenchymal,il6_jak_stat3,8039,49.99999999999999,200,-0.002401960550739313,-7.379372634006224e-05,A_SENDER_FINAL_strict,6097,2922.202438354492,0.6576,0.0007268919840539106,200,0.5833648463739272,0.0005157760704655131,0.004050608226586775,-0.00766982668275972,0.008205044192411049,1.2147312828708863,0.969418049944576,-0.0038016600397028453,0.52,-0.008132068942482473,0.3333333333333333,0.8308457711442786,-0.2603041181451321,0.29850746268656714,0.8557213930348259,0.31343283582089554,0.3383084577114428,0.3482587064676617,0.5522388059701493,0.00031950110863323194,0.5604558646370548,9.460100451053142,200,0.8377329269809678,0.0002689018126141112,0.0031149304412404757,-0.006319664942641065,0.006255417244715952,1.11195096960745,1.0564041245659743,-0.00441380636072066,0.42,-0.0073810327439631385,0.3781094527363184,0.8308457711442786,-0.2382793796832324,0.3482587064676617,0.845771144278607,0.3681592039800995,0.3283582089552239,0.35323383084577115,0.4626865671641791,0.0003379465194591892,0.5350801400031328,1.6342671533032984
7352_liver_sham_Male_2-U1,sham,2,tierA_p95,full,Mesenchymal,interferon_response,8039,6.999999999999999,200,0.004253364444431287,2.947816056410157e-05,A_SENDER_FINAL_strict,6097,2922.202438354492,0.6576,0.005174258290506685,200,0.5833648463739272,0.0007172793994223356,0.0053429566183681495,-0.010302281303370145,0.01191113087547685,0.8313618762762186,1.342117108705194,0.004803081784049526,0.41,0.0018349415509301846,0.6915422885572139,0.34328358208955223,0.31546970094482296,0.3681592039800995,0.20398009950248755,0.6218905472636815,0.7761194029850746,0.6865671641791045,0.6368159203980099,0.0006381972704239036,0.8766591780710258,-0.1344605851975961,200,0.8377329269809678,-0.0003606617546403093,0.004245322938397813,-0.008318689708565204,0.00719075782822247,1.0847944631484625,0.9187022531181772,0.004484456887868396,0.35,0.0030329619983381923,0.4975124378109453,0.24875621890547264,0.4116375728087191,0.23880597014925373,0.13930348258706468,0.5323383084577115,0.5223880597014925,0.5572139303482587,0.6019900497512438,-0.00012902561074630488,1.024936059141661,0.9277104902649029
7352_liver_sham_Male_2-U1,sham,2,tierA_p95,full,Mesenchymal,oxidative_stress,8039,10.477345453252495,200,-0.01529549601150223,-0.00023941458622766314,A_SENDER_FINAL_strict,6097,2922.202438354492,0.6576,-0.00047347695344213223,200,0.5833648463739272,-0.0011710994303284097,0.006462102830693961,-0.013717629850505913,0.010473349098600638,0.9234350145004947,0.9921493168433223,-0.020221863977453493,0.02,-0.019124982759025667,0.04975124378109453,0.9800995024875622,-1.260099547599457,0.004975124378109453,1.0,0.36318407960199006,0.32338308457711445,0.15422885572139303,0.07462686567164178,0.0002036448014976346,1.4301049924756768,0.927972007322512,200,0.8377329269809678,-0.0006665860623114767,0.0054012898994543245,-0.009790435961065843,0.010297644823546035,0.9564194543406631,0.9521345829283832,-0.01710663274770181,0.005,-0.02016089006328954,0.01990049751243781,0.9900497512437811,-1.3051094043492584,0.004975124378109453,1.0,0.03482587064676617,0.04975124378109453,0.07462686567164178,0.01990049751243781,-0.0008131497438194649,-0.7174008954563552,1.334665748080385
7352_liver_sham_Male_2-U1,sham,2,tierA_p95,full,Mesenchymal,secondary_senescence,8039,24.6860647223019,200,-0.00045129067840053,-1.603989551305328e-05,A_SENDER_FINAL_strict,6097,2922.202438354492,0.6576,-0.0007704485035000006,200,0.5833648463739272,0.00019781587983651194,0.002380667753619117,-0.004187536540549319,0.005293882275357626,1.438333626871296,0.675971699188136,-0.0009533949250727083,0.825,-0.002113520031129126,0.6965174129353234,0.6467661691542289,-0.057909651267407394,0.6766169154228856,0.6567164179104478,0.2835820895522388,0.6218905472636815,0.6368159203980099,0.845771144278607,0.00012978872840799786,1.168458667670055,0.4218079966994065,200,0.8377329269809678,-7.257190556746694e-06,0.0018425061854801807,-0.003191123984266208,0.0035287117423414035,0.9839190328892506,0.5181704163410663,-0.0006069222392898011,0.805,-0.001400924815976519,0.8159203980099502,0.5970149253731343,-0.03961418060837686,0.7860696517412935,0.6169154228855721,0.6766169154228856,0.7313432835820896,0.7810945273631841,0.8208955223880597,-1.212881586412494e-05,0.9842574606751443,1.032651140168364
7352_liver_sham_Male_2-U1,sham,2,tierA_p95,full,Mesenchymal,tnfa_nfkb_proximal,8039,6.999999999999999,200,0.004858482377267791,3.367196145217873e-05,A_SENDER_FINAL_strict,6097,2922.202438354492,0.6576,3.981615113067879e-05,200,0.5833648463739272,0.0008314158390896902,0.003402108662630005,-0.005614930477467114,0.007343490315337685,0.8288733446930306,1.8810393269113501,0.004844378525338179,0.155,0.0020683690936105317,0.47761194029850745,0.23880597014925373,0.3592723196171695,0.09950248756218906,0.04975124378109453,0.30845771144278605,0.6169154228855721,0.6069651741293532,0.4129353233830846,0.00044068197183768265,-10.067919909971716,-0.14070503504091392,200,0.8377329269809678,-0.0001581798645757034,0.0027032738904154033,-0.005164224517366484,0.005675182275150055,1.0325574638936237,1.0295994900296692,0.003290043661883336,0.085,0.0031829983953608303,0.23383084577114427,0.0945273631840796,0.4475585052484353,0.04477611940298507,0.03482587064676617,0.24875621890547264,0.263681592039801,0.263681592039801,0.27860696517412936,0.00011100201504065047,-1.7878640172008529,1.1468820750784547
7352_liver_sham_Male_2-U1,sham,2,tierA_p95,full,T/NK cells,downstream_arrest,2897,49.99999999999999,200,-0.0015687054308112295,-5.2581419216640355e-05,A_SENDER_FINAL_strict,6097,2922.202438354492,0.6576,-0.0031057853091923217,200,0.5893579565067311,9.874445760081735e-05,0.003443724272096668,-0.006637045870825189,0.006886331768417383,1.062946462517028,-40.18300570543789,-0.0014288913995197262,0.58,-0.0029840697082359783,0.46766169154228854,0.7761194029850746,-0.08930195711314187,0.46766169154228854,0.7761194029850746,0.5621890547263682,0.4427860696517413,0.4577114427860697,0.5870646766169154,6.012137093589469e-05,1.019357864420941,7.335202631249829,200,0.8140438384535726,0.00017130622387734904,0.0026776367072626115,-0.004547938796506695,0.005056687732204974,1.1092022890420932,1.2858910744892558,-0.0013538242491552737,0.595,-0.003121403213123732,0.5323383084577115,0.7313432835820896,-0.09318807554171524,0.5373134328358209,0.7263681592039801,0.47761194029850745,0.43283582089552236,0.4427860696517413,0.5970149253731343,7.488224790793437e-05,1.0241105680055547,0.981034732232682
7352_liver_sham_Male_2-U1,sham,2,tierA_p95,full,T/NK cells,emt_ecm,2897,42.98209161773131,200,0.013161914482621528,0.0004845374890197466,A_SENDER_FINAL_strict,6097,2922.202438354492,0.6576,0.004771884418564663,200,0.5893579565067311,0.00021063819474742375,0.0047374857304558786,-0.009088678085162595,0.009326901409165868,0.9839963863140471,0.9897135073607675,0.014356003983139694,0.005,0.025530766795794076,0.004975124378109453,0.004975124378109453,0.6936186374521985,0.004975124378109453,0.004975124378109453,0.2885572139303483,0.03482587064676617,0.004975124378109453,0.009950248756218905,0.0001440792965282537,0.9698066248277675,0.9048366289788532,200,0.8140438384535726,-0.00027663995068220084,0.0036980217217847926,-0.006908236708810621,0.006939817223596257,1.0210182151728355,1.0177930825153305,0.012843650551594993,0.0,0.026485102676214622,0.004975124378109453,0.004975124378109453,0.7197153089910164,0.004975124378109453,0.004975124378109453,0.004975124378109453,0.004975124378109453,0.004975124378109453,0.004975124378109453,-0.000278222076489761,1.0583044458091562,1.0726470616498716
7352_liver_sham_Male_2-U1,sham,2,tierA_p95,full,T/NK cells,il6_jak_stat3,2897,6.999999999999999,200,0.027614766790143058,0.000280099156141029,A_SENDER_FINAL_strict,6097,2922.202438354492,0.6576,0.008343789376823315,200,0.5893579565067311,0.0010875921182105903,0.011775384183048047,-0.022708818607759192,0.022956556713363732,0.9606155602733969,0.9629394967904351,0.028900000893663957,0.02,0.014255790032919113,0.004975124378109453,0.004975124378109453,1.4206895399667603,0.004975124378109453,0.004975124378109453,0.2885572139303483,0.04975124378109453,0.07462686567164178,0.05472636815920398,0.001042858933792353,0.8750137513431103,2.026173247853467,200,0.8140438384535726,0.0007639561826071123,0.009273736352195193,-0.016408213113508922,0.01904507924302205,0.9723352296105646,0.9752365466868028,0.0287134468568862,0.0,0.01457817812559964,0.004975124378109453,0.004975124378109453,1.4380221882474573,0.004975124378109453,0.004975124378109453,0.01990049751243781,0.004975124378109453,0.004975124378109453,0.004975124378109453,0.00010559237290023717,0.9873447940580161,1.002319804330053
7352_liver_sham_Male_2-U1,sham,2,tierA_p95,full,T/NK cells,interferon_response,2897,9.962242533302096,200,0.007578719951529707,0.00014601769027811204,A_SENDER_FINAL_strict,6097,2922.202438354492,0.6576,-0.011688226900745521,200,0.5893579565067311,6.374898273814645e-05,0.010256177922538136,-0.015789688095336856,0.018561505264106132,0.9915884234876261,0.9537877319701232,0.007504188174187958,0.42,0.007614052992378288,0.3034825870646766,0.13432835820895522,0.40247183428141076,0.29850746268656714,0.13432835820895522,0.31343283582089554,0.03980099502487562,0.208955223880597,0.42786069651741293,-0.00029818676409553156,0.9744882806752739,-0.3830241166009135,200,0.8140438384535726,0.0014374215183386896,0.008802396685801852,-0.01431504686228496,0.020362890420782247,0.8103345251530826,0.7130086739966112,0.006836736955472271,0.38,0.006358517385473981,0.4427860696517413,0.22388059701492538,0.3289034189939662,0.43781094527363185,0.20398009950248755,0.38308457711442784,0.47761194029850745,0.4975124378109453,0.38308457711442784,0.0005669797814382366,1.0485086220735562,1.0386139948313826
7352_liver_sham_Male_2-U1,sham,2,tierA_p95,full,T/NK cells,oxidative_stress,2897,17.345738419684505,200,-0.01255120389663399,-0.00044488449075101675,A_SENDER_FINAL_strict,6097,2922.202438354492,0.6576,0.0037418915034313476,200,0.5893579565067311,-0.0021752461225484094,0.010462052651153372,-0.02164074672842947,0.01774255024071984,0.8266902409949876,0.6108130413230153,-0.008985555624098775,0.245,-0.019906529587860267,0.15920398009950248,0.9303482587064676,-0.5556948623095227,0.18407960199004975,0.9154228855721394,0.572139303482587,0.4626865671641791,0.4079601990049751,0.22885572139303484,-0.0010123660094128017,1.2705492685943602,2.994751124282993,200,0.8140438384535726,-0.00048267356329177074,0.009019401553386793,-0.01675337322747919,0.01583413338513711,0.9615436441582138,0.9506242049274043,-0.009127583467789229,0.18,-0.022900600156893422,0.13432835820895522,0.9203980099502488,-0.6463422893464822,0.15920398009950248,0.9054726368159204,0.05970149253731343,0.07462686567164178,0.11940298507462686,0.15920398009950248,-0.00032687953369554373,1.0873567641915305,1.0787189850345782
7352_liver_sham_Male_2-U1,sham,2,tierA_p95,full,T/NK cells,secondary_senescence,2897,6.999999999999999,200,-0.005510470017310895,-5.5893211538551156e-05,A_SENDER_FINAL_strict,6097,2922.202438354492,0.6576,-0.009213573051649148,200,0.5893579565067311,-0.00026632915499806337,0.006797400990687987,-0.01224450716986298,0.01301057841353968,0.9516685229823587,-0.4429584159700069,-0.001808959338496262,0.415,-0.002868389060698645,0.3781094527363184,0.8159203980099502,-0.2808552422690917,0.31840796019900497,0.8507462686567164,0.2885572139303483,0.1890547263681592,0.25870646766169153,0.472636815920398,-0.0001402274519804765,0.9847803397016125,1.1943689993872029,200,0.8140438384535726,-0.00024579056684397623,0.005439664837696737,-0.011166394620239292,0.010442976198936174,0.9553957165047925,32.486850491524116,-0.0002820998540619049,0.285,-0.0028265012891688385,0.3283582089552239,0.8407960199004975,-0.28195520703040006,0.27860696517412936,0.8507462686567164,0.5472636815920398,0.5124378109452736,0.46766169154228854,0.3482587064676617,-0.0002592927361159646,0.971857526427323,0.9505322908735516
7352_liver_sham_Male_2-U1,sham,2,tierA_p95,full,T/NK cells,tnfa_nfkb_proximal,2897,11.58882939190469,200,0.011625252854434807,0.0002772862585248415,A_SENDER_FINAL_strict,6097,2922.202438354492,0.6576,-0.00242649655720062,200,0.5893579565067311,0.00027547700319935695,0.006060214947229275,-0.010224558989327982,0.01096340672794493,0.9763035689073836,0.9485707898536563,0.01219199244746375,0.04,0.014390657632438802,0.024875621890547265,0.014925373134328358,0.607848669608918,0.029850746268656716,0.014925373134328358,0.31343283582089554,0.04477611940298507,0.024875621890547265,0.04477611940298507,-0.00013413850647128343,0.9447192677553042,-3.663689692433709,200,0.8140438384535726,-5.5697162868229495e-05,0.005093243903731999,-0.009125600250946973,0.012499916908265211,1.0047910495853845,1.0072041664092746,0.01323216442545748,0.035,0.0149066953845971,0.024875621890547265,0.024875621890547265,0.6255850354095794,0.03482587064676617,0.03482587064676617,0.004975124378109453,0.01990049751243781,0.024875621890547265,0.03980099502487562,-0.0002709025981674686,0.888356487725661,-1.3018463884333549
7352_liver_sham_Male_2-U1,sham,2,tierA_p95,full,vSMCs,downstream_arrest,3907,7.361938632551805,200,-0.0017909030393046775,-2.74236133189859e-05,A_SENDER_FINAL_strict,6097,2922.202438354492,0.6576,-0.002425975997061799,200,0.5745572050166369,4.482511523440834e-05,0.004545118817461726,-0.007650520498505629,0.009511035047264972,1.025029336737187,0.7593872364263993,-0.0018452358681868423,0.695,-0.0017284165799083488,0.4925373134328358,0.7562189054726368,-0.114173157710429,0.572139303482587,0.7014925373134329,0.6915422885572139,0.5920398009950248,0.5223880597014925,0.6119402985074627,3.5562376312336804e-05,1.0146589975974238,4.924382259256943,200,0.7923291528026619,6.390209899876764e-05,0.0033399661372572574,-0.006977822023930362,0.006698419087898466,1.0356814956456704,1.0278138517246782,-0.003281715621406052,0.565,-0.0017779965708872505,0.44776119402985076,0.7661691542288557,-0.11535965118473884,0.5074626865671642,0.7512437810945274,0.24378109452736318,0.21890547263681592,0.30845771144278605,0.5024875621890548,0.00012204023879898794,1.0503056250131064,1.0277887180750782
7352_liver_sham_Male_2-U1,sham,2,tierA_p95,full,vSMCs,emt_ecm,3907,9.962242533302096,200,0.04646445251644255,0.0011430697931456932,A_SENDER_FINAL_strict,6097,2922.202438354492,0.6576,0.015651464340190355,200,0.5745572050166369,-0.0008085966883282118,0.016450426500091746,-0.0332954397764602,0.0312982202975016,1.0174024796276695,1.023734858564827,0.04588779685245236,0.015,0.07155322822141438,0.004975124378109453,0.004975124378109453,2.940148457691612,0.004975124378109453,0.004975124378109453,0.25870646766169153,0.03482587064676617,0.009950248756218905,0.009950248756218905,-0.00020904322261999713,1.01335614470802,0.9965397219989334,200,0.7923291528026619,-0.0011557470148745128,0.01426717835744142,-0.030949531821572798,0.025491841344248135,1.024873789580659,1.0230497734140676,0.04418314826382822,0.0,0.07210613173949217,0.004975124378109453,0.004975124378109453,2.9617394807872675,0.004975124378109453,0.004975124378109453,0.004975124378109453,0.004975124378109453,0.004975124378109453,0.004975124378109453,0.0006036959689263044,0.9614287867381128,0.9593921045067136
7352_liver_sham_Male_2-U1,sham,2,tierA_p95,full,vSMCs,il6_jak_stat3,3907,49.99999999999999,200,-0.015459555568170767,-0.0005233871676534762,A_SENDER_FINAL_strict,6097,2922.202438354492,0.6576,-0.00902778070075437,200,0.5745572050166369,0.0003210797476009095,0.006885011436957989,-0.01108910647159344,0.015301506753693342,1.0207690153953697,0.9979023081178344,-0.016216864128625264,0.035,-0.03334851001110173,0.004975124378109453,1.0,-0.981477001495759,0.004975124378109453,1.0,0.30845771144278605,0.029850746268656716,0.009950248756218905,0.029850746268656716,0.00013439560654063046,1.014886893135253,0.9430606691369516,200,0.7923291528026619,0.0016410321664061288,0.005574507691839439,-0.010020289214897785,0.012039389461454404,1.106150022176886,1.1088683096171579,-0.015304091175588636,0.0,-0.0362303643085768,0.004975124378109453,1.0,-1.0635714746397682,0.004975124378109453,1.0,0.004975124378109453,0.01990049751243781,0.024875621890547265,0.009950248756218905,0.0009340713080005263,1.1034663267709277,1.130019986546119
7352_liver_sham_Male_2-U1,sham,2,tierA_p95,full,vSMCs,interferon_response,3907,49.99999999999999,200,0.002291582383213613,7.758210174321919e-05,A_SENDER_FINAL_strict,6097,2922.202438354492,0.6576,0.0015842449177115574,200,0.5745572050166369,0.00030871405976505816,0.007330447384905554,-0.017596948576123355,0.014862657186981843,0.8652834556477383,0.990919872227895,0.0037988021936200887,0.745,0.004259531071489834,0.7064676616915423,0.3781094527363184,0.12332454413379512,0.6965174129353234,0.3681592039800995,0.7064676616915423,0.7313432835820896,0.7661691542288557,0.746268656716418,3.752740730568298e-05,0.976312117598653,2.943444242702243,200,0.7923291528026619,0.0008264922221997129,0.005153911061010556,-0.00894977846620441,0.009554220000828808,0.6393355838943582,0.6898545270699953,0.0042420638031420484,0.71,0.002982385172506686,0.845771144278607,0.44776119402985076,0.09112131858948196,0.8308457711442786,0.43781094527363185,0.6915422885572139,0.8208955223880597,0.8407960199004975,0.7064676616915423,0.00012241979844278847,0.9227267216866796,-27.804299926134558
7352_liver_sham_Male_2-U1,sham,2,tierA_p95,full,vSMCs,oxidative_stress,3907,6.999999999999999,200,-0.02893410154742209,-0.0004034781367510716,A_SENDER_FINAL_strict,6097,2922.202438354492,0.6576,-0.009350150023761371,200,0.5745572050166369,1.391709303962714e-05,0.013028518204880213,-0.024998632014728583,0.03056579671205762,1.0004809927488787,1.1825077510257878,-0.025247291099820397,0.04,-0.024867681003354646,0.004975124378109453,1.0,-1.8004227311487273,0.004975124378109453,1.0,0.2935323383084577,0.03482587064676617,0.014925373134328358,0.014925373134328358,0.0003604706563967546,1.038552392793773,6.536028373153633,200,0.7923291528026619,-0.0020272552771690893,0.010928519431719949,-0.024953980950858216,0.01764691449478471,0.929935433666517,0.9194003627327015,-0.0239724421718035,0.015,-0.023529650922633722,0.004975124378109453,1.0,-1.673471965393041,0.004975124378109453,1.0,0.024875621890547265,0.009950248756218905,0.009950248756218905,0.009950248756218905,-0.0022608939039346983,0.7581970451608661,0.5615997152181524
7352_liver_sham_Male_2-U1,sham,2,tierA_p95,full,vSMCs,secondary_senescence,3907,45.204502969779604,200,-0.01182490029974068,-0.0004309555344227106,A_SENDER_FINAL_strict,6097,2922.202438354492,0.6576,-0.006117695583960798,200,0.5745572050166369,-0.0003122574831365113,0.004937860866756729,-0.009668823362524852,0.008311809672269596,0.9735932248711341,0.9850656824092198,-0.012517181120531306,0.01,-0.026129078714859734,0.004975124378109453,1.0,-0.7160291030640172,0.004975124378109453,1.0,0.3034825870646766,0.04975124378109453,0.014925373134328358,0.014925373134328358,-0.00043210744518698454,0.9293676124846958,0.9758558572473865,200,0.7923291528026619,0.0002113022338071139,0.004621930101607989,-0.009731603808095225,0.008785692647958698,1.0178692613426727,1.0275058838762887,-0.012874442515121862,0.035,-0.027375511515157283,0.01990049751243781,0.9900497512437811,-0.7485919125331789,0.024875621890547265,0.9900497512437811,0.01990049751243781,0.04477611940298507,0.03980099502487562,0.03980099502487562,-0.00041220810127948204,0.9326203640533868,0.9539020946065065
7352_liver_sham_Male_2-U1,sham,2,tierA_p95,full,vSMCs,tnfa_nfkb_proximal,3907,6.999999999999999,200,-0.005291182694979393,-7.378409630175665e-05,A_SENDER_FINAL_strict,6097,2922.202438354492,0.6576,-0.004454806959999598,200,0.5745572050166369,6.156122197452332e-05,0.006270368422779294,-0.011818537951181603,0.012812188970551424,1.0116346808498857,0.8183283801352031,-0.004118338669881641,0.35,-0.004583951848657596,0.1791044776119403,0.9303482587064676,-0.33291403953400917,0.25870646766169153,0.8905472636815921,0.2935323383084577,0.07960199004975124,0.06965174129353234,0.29850746268656714,-0.00011884650328364426,0.9733217388877261,7.921734210660033,200,0.7923291528026619,-0.000373823631047921,0.005146948202368171,-0.011461648991445807,0.009257422831235112,0.9293497025905705,0.8159669467243651,-0.004054087236293172,0.315,-0.004302355631867697,0.208955223880597,0.8905472636815921,-0.3058352678945643,0.31840796019900497,0.8407960199004975,0.1890547263681592,0.24378109452736318,0.2537313432835821,0.22388059701492538,-0.0005119524425792956,0.8850786471386536,0.7291398942823116
7435_liver_sham_Male_10-U1,sham,10,tierA_p95,full,Biliary/ductular,downstream_arrest,4215,49.99999999999999,200,0.003390514746319248,0.00013419833162186547,A_SENDER_FINAL_strict,6960,3229.158821582794,0.6951,0.00038167578466807086,200,0.6545954922894425,-0.00013865241099588542,0.0028218034000144746,-0.005449781139185209,0.005059391199345734,1.0408942067414415,1.023298859617892,0.004393795956789187,0.215,0.00897699212933158,0.06965174129353234,0.03482587064676617,0.22798430846034454,0.10945273631840796,0.05472636815920398,0.004975124378109453,0.004975124378109453,0.004975124378109453,0.1691542288557214,7.113229025564322e-05,0.8136316394357994,1.3666604243340748,200,0.867453143534994,3.274777139693771e-05,0.0023912643515762977,-0.004483590453024356,0.004620740062480743,0.9903413570365713,0.9917218827396951,0.003857050601936399,0.185,0.008568001951783626,0.0945273631840796,0.05970149253731343,0.21691185133067636,0.16417910447761194,0.07462686567164178,0.06965174129353234,0.06467661691542288,0.05970149253731343,0.10945273631840796,-5.9672441660920124e-05,1.1563432736840116,-1.8776273445853484
7435_liver_sham_Male_10-U1,sham,10,tierA_p95,full,Biliary/ductular,emt_ecm,4215,11.019082036984365,200,0.015108346510984421,0.0005361168026796222,A_SENDER_FINAL_strict,6960,3229.158821582794,0.6951,0.0012140008780666361,200,0.6545954922894425,-0.00011847707015058315,0.005800958841231865,-0.009956651067691068,0.010931049561075266,1.0078418290224178,1.0085093248120658,0.015708324384020308,0.005,0.03475661438833944,0.004975124378109453,0.004975124378109453,0.9836532783654568,0.004975124378109453,0.004975124378109453,0.004975124378109453,0.004975124378109453,0.004975124378109453,0.004975124378109453,-0.0003005706354148589,1.247586835269456,3.1232815737482245,200,0.867453143534994,-0.0012915773971940187,0.005247289589104357,-0.01070805753036782,0.008778080932903692,1.085487673734183,1.073945628822277,0.01722759738163483,0.005,0.03620828281195838,0.004975124378109453,0.004975124378109453,1.0594355960891282,0.004975124378109453,0.004975124378109453,0.004975124378109453,0.004975124378109453,0.004975124378109453,0.004975124378109453,-0.0008206794311990813,1.6760122220883882,1.4277759658280766
7435_liver_sham_Male_10-U1,sham,10,tierA_p95,full,Biliary/ductular,il6_jak_stat3,4215,6.999999999999999,200,0.011136530089298319,0.00020825360272554684,A_SENDER_FINAL_strict,6960,3229.158821582794,0.6951,0.0004731736007352329,200,0.6545954922894425,0.0003777256373627084,0.0065223464990338135,-0.011750048090579963,0.014364748294871355,0.9660822864632059,0.9439261478197264,0.01269816179485555,0.095,0.01320745925024685,0.004975124378109453,0.004975124378109453,0.6950191032324606,0.029850746268656716,0.014925373134328358,0.004975124378109453,0.004975124378109453,0.004975124378109453,0.004975124378109453,-5.752666709159978e-06,1.0121576239676544,-1.2571060998786094,200,0.867453143534994,-0.0007363188366468473,0.005689853274231122,-0.010482445537602572,0.010388728727639405,1.0661174379041471,1.0574473137779636,0.012081822346881084,0.04,0.013904189121594709,0.004975124378109453,0.004975124378109453,0.7669864110078054,0.03482587064676617,0.029850746268656716,0.004975124378109453,0.004975124378109453,0.004975124378109453,0.004975124378109453,-0.0003658975714252112,1.7732839931405036,24.050479514701816
7435_liver_sham_Male_10-U1,sham,10,tierA_p95,full,Biliary/ductular,interferon_response,4215,6.999999999999999,200,-0.005909790799014082,-0.00011051334799801328,A_SENDER_FINAL_strict,6960,3229.158821582794,0.6951,-0.005692728368164644,200,0.6545954922894425,0.0003555063683765958,0.005671019305549034,-0.009535738536392323,0.010953519996458461,1.0601554911953743,-0.45979626413648306,-0.005023165946162078,0.275,-0.007386660197891245,0.024875621890547265,1.0,-0.40473839246900045,0.15422885572139303,0.9203980099502488,0.029850746268656716,0.03482587064676617,0.04477611940298507,0.05970149253731343,0.00014918367063469673,1.0262060054488062,1.815530949992081,200,0.867453143534994,-5.0537634846649636e-05,0.0044601112175176585,-0.008234391523505294,0.009371946671444038,0.9914484900455223,0.9818740273012412,-0.005677221394210391,0.18,-0.007140905049216984,0.024875621890547265,0.9950248756218906,-0.3785079371936128,0.1691542288557214,0.9253731343283582,0.009950248756218905,0.029850746268656716,0.03482587064676617,0.03980099502487562,5.886728690396397e-05,1.010340786191937,1.0052213092742355
7435_liver_sham_Male_10-U1,sham,10,tierA_p95,full,Biliary/ductular,oxidative_stress,4215,7.361938632551805,200,-0.05590860779447717,-0.0011408526078539487,A_SENDER_FINAL_strict,6960,3229.158821582794,0.6951,-0.009159268919658304,200,0.6545954922894425,-0.001977326409183553,0.014389678350100207,-0.03006747630987757,0.02524766393757441,0.9646328805672947,0.9690926145870624,-0.05949266016441161,0.0,-0.07210486361783429,0.004975124378109453,1.0,-3.483962459959078,0.004975124378109453,1.0,0.009950248756218905,0.004975124378109453,0.004975124378109453,0.004975124378109453,-0.0010916915643828559,0.8808101854024849,0.8870448088561672,200,0.867453143534994,-3.4628301027848015e-05,0.011811445048015451,-0.024386264751898378,0.021039028618090844,0.9993806266620849,0.9988974142586825,-0.059556465562112776,0.0,-0.07354390720955019,0.004975124378109453,1.0,-3.6094608183513857,0.004975124378109453,1.0,0.004975124378109453,0.004975124378109453,0.004975124378109453,0.004975124378109453,-0.0009099473069432511,0.9006528452297917,0.9226572270295957
7435_liver_sham_Male_10-U1,sham,10,tierA_p95,full,Biliary/ductular,secondary_senescence,4215,49.99999999999999,200,0.009027930023415088,0.000357330151256973,A_SENDER_FINAL_strict,6960,3229.158821582794,0.6951,0.001355122667881029,200,0.6545954922894425,0.0003570230562147945,0.003239528007871939,-0.005357607728960796,0.0061677157567789145,0.960453497613649,0.9558933212334131,0.010277010273817784,0.005,0.022261094513688035,0.004975124378109453,0.004975124378109453,0.5601408605833921,0.004975124378109453,0.004975124378109453,0.014925373134328358,0.004975124378109453,0.009950248756218905,0.004975124378109453,0.00017470964252049799,0.8710746660347087,1.7285841893671563,200,0.867453143534994,-4.909916834105665e-05,0.003185332844436652,-0.006535695845676978,0.005206405523642692,1.005438585391525,1.0048636777429023,0.009678670443085114,0.015,0.023205839946141456,0.004975124378109453,0.004975124378109453,0.5863763689593062,0.009950248756218905,0.009950248756218905,0.009950248756218905,0.004975124378109453,0.004975124378109453,0.004975124378109453,0.00013391568657282447,0.9011781813212342,1.144742520944939
7435_liver_sham_Male_10-U1,sham,10,tierA_p95,full,Biliary/ductular,tnfa_nfkb_proximal,4215,9.962242533302096,200,0.00894798454012202,0.000283020110963689,A_SENDER_FINAL_strict,6960,3229.158821582794,0.6951,0.0003220921453523694,200,0.6545954922894425,0.00029629174185560176,0.0046965960367184815,-0.009217658399116329,0.00938419229617088,0.9668873207673689,0.9425993772788109,0.009718925119952641,0.065,0.017919669339008865,0.004975124378109453,0.004975124378109453,0.5588996246708483,0.01990049751243781,0.014925373134328358,0.004975124378109453,0.004975124378109453,0.004975124378109453,0.004975124378109453,0.0002390581754818799,0.25779569936314406,0.10834841332959147,200,0.867453143534994,-0.00032711103519010576,0.0038641293001057913,-0.007332229393184301,0.006716407427164799,1.0365569513138257,1.032266133318725,0.009302607795989327,0.015,0.01856678821669138,0.004975124378109453,0.004975124378109453,0.5991714635160076,0.014925373134328358,0.009950248756218905,0.004975124378109453,0.004975124378109453,0.004975124378109453,0.004975124378109453,-1.3887634489835928e-05,1.043116961062937,0.9768254448093607
7435_liver_sham_Male_10-U1,sham,10,tierA_p95,full,Endothelial,downstream_arrest,24230,9.472463873139185,200,-0.005706417516805883,-5.328193197418576e-05,A_SENDER_FINAL_strict,6960,3229.158821582794,0.6951,-0.0015942398363590553,200,0.6504865868757739,-0.00022789237275279512,0.0012917600175535776,-0.0024808305527871687,0.0021807168981160144,0.9600638452966975,0.9530419807354018,-0.005314458199182204,0.0,-0.007665229762304708,0.009950248756218905,1.0,-0.8485438780536357,0.004975124378109453,1.0,0.004975124378109453,0.009950248756218905,0.009950248756218905,0.024875621890547265,-7.415026654971348e-05,0.9534886377453352,1.1384140812054344,200,0.8756176227816757,-1.896489572499353e-05,0.0010748217439259817,-0.002173497008285457,0.0019466475864544828,0.9966765670985096,0.9936433896337011,-0.005019372134772006,0.0,-0.00821132644161514,0.004975124378109453,1.0,-0.8809037060963295,0.004975124378109453,1.0,0.004975124378109453,0.004975124378109453,0.009950248756218905,0.004975124378109453,1.7084341007100132e-05,1.0107162928798201,0.990188596749023
7435_liver_sham_Male_10-U1,sham,10,tierA_p95,full,Endothelial,emt_ecm,24230,8.14292620081837,200,0.010774044715608135,7.046776199568308e-05,A_SENDER_FINAL_strict,6960,3229.158821582794,0.6951,0.0020042081203335465,200,0.6504865868757739,-4.71491193618917e-05,0.002012233138827018,-0.004014534632050354,0.0036837791085511614,1.0043761763206336,1.0045902259614266,0.01026688166752921,0.0,0.010993909419514595,0.009950248756218905,0.004975124378109453,1.6760455670926064,0.004975124378109453,0.004975124378109453,0.004975124378109453,0.009950248756218905,0.009950248756218905,0.01990049751243781,-0.00018182292187120459,1.090720579378226,1.9252629191339963,200,0.8756176227816757,-0.0001069146863009347,0.0016364743682408952,-0.003903428697057152,0.0028495697852152562,1.0099233564666805,1.011847854488258,0.009701702481205032,0.0,0.011146249360874312,0.009950248756218905,0.004975124378109453,1.6853023843218893,0.004975124378109453,0.004975124378109453,0.009950248756218905,0.009950248756218905,0.009950248756218905,0.009950248756218905,-0.00015773786275725604,1.0787033348268267,1.1674308108506464
7435_liver_sham_Male_10-U1,sham,10,tierA_p95,full,Endothelial,il6_jak_stat3,24230,6.999999999999999,200,0.02262010501140889,9.86893409966254e-05,A_SENDER_FINAL_strict,6960,3229.158821582794,0.6951,0.006633581023261676,200,0.6504865868757739,0.0006955378603301565,0.0035152949436351223,-0.005845284286350144,0.007575501243225746,0.9692513425565731,0.9652774278385513,0.021280655706453967,0.0,0.014146043517560694,0.004975124378109453,0.004975124378109453,3.395796632460143,0.004975124378109453,0.004975124378109453,0.014925373134328358,0.014925373134328358,0.004975124378109453,0.014925373134328358,0.0004985264836537187,0.924848059908282,0.871885399452706,200,0.8756176227816757,0.0003589131344146055,0.002964902538442144,-0.004973743508617453,0.005891081263899667,0.9841330031742301,0.983878883037204,0.022156844752891088,0.0,0.014708008051124797,0.004975124378109453,0.004975124378109453,3.4479349074276655,0.004975124378109453,0.004975124378109453,0.004975124378109453,0.004975124378109453,0.004975124378109453,0.004975124378109453,0.00018181675892479856,0.9725914617930753,0.979636608380967
7435_liver_sham_Male_10-U1,sham,10,tierA_p95,full,Endothelial,interferon_response,24230,6.999999999999999,200,0.011317625499893439,4.937771074306428e-05,A_SENDER_FINAL_strict,6960,3229.158821582794,0.6951,0.006307905435181042,200,0.6504865868757739,0.0001694611494635173,0.0025632519844764425,-0.004980565173713936,0.00498529575141251,0.9850267929907106,0.9819260132198566,0.012519938442956428,0.0,0.007368592841679302,0.03482587064676617,0.01990049751243781,1.7266885452486354,0.004975124378109453,0.004975124378109453,0.014925373134328358,0.014925373134328358,0.024875621890547265,0.07462686567164178,0.00012430434388998688,0.9802938796138723,0.9700558410732342,200,0.8756176227816757,0.00012039680797963549,0.002114161165016144,-0.004123818740781495,0.0041863728820419905,0.9893620081367096,0.9897042684862117,0.0121541593901231,0.0,0.00745592494687056,0.03482587064676617,0.014925373134328358,1.7342878982683203,0.004975124378109453,0.004975124378109453,0.01990049751243781,0.03482587064676617,0.03980099502487562,0.03980099502487562,7.346374873832232e-05,0.9883537016378537,0.9900270744497118
7435_liver_sham_Male_10-U1,sham,10,tierA_p95,full,Endothelial,oxidative_stress,24230,35.13265199376635,200,-0.02350949047826538,-0.0008064620736893429,A_SENDER_FINAL_strict,6960,3229.158821582794,0.6951,-0.006019387652976676,200,0.6504865868757739,-0.0005066383200650606,0.003743246389332682,-0.007421881343260898,0.006941216328155124,0.9784496256720897,0.9786675063374852,-0.02364538948728678,0.0,-0.12179166685004228,0.004975124378109453,1.0,-3.562807300026987,0.004975124378109453,1.0,0.004975124378109453,0.004975124378109453,0.004975124378109453,0.004975124378109453,3.88146678864706e-05,1.0064482751608923,1.0026346520322806,200,0.8756176227816757,-0.0009125042923271097,0.0032966168021054945,-0.007325915511439449,0.00421275857046306,0.9611857052720593,0.9601696630940028,-0.02204464426671292,0.0,-0.11935915162723175,0.004975124378109453,1.0,-3.49994456288192,0.004975124378109453,1.0,0.004975124378109453,0.004975124378109453,0.004975124378109453,0.004975124378109453,-0.00051106393851231,0.9150970218275306,0.9012313292461082
7435_liver_sham_Male_10-U1,sham,10,tierA_p95,full,Endothelial,secondary_senescence,24230,6.999999999999999,200,0.007365853149446064,3.213650833318889e-05,A_SENDER_FINAL_strict,6960,3229.158821582794,0.6951,0.004464440918690816,200,0.6504865868757739,0.00023302715546883582,0.0021802016899119116,-0.003798729828902295,0.004360127119099908,0.9683638608127342,1.0798328285489558,0.006143905309703023,0.005,0.004598656847289325,0.10945273631840796,0.05970149253731343,1.1047710234534913,0.004975124378109453,0.004975124378109453,0.30845771144278605,0.22388059701492538,0.19900497512437812,0.15422885572139303,0.00012030754050086555,0.9730520477945657,0.8725142588982345,200,0.8756176227816757,-8.257166021808607e-05,0.0018825879036566003,-0.003813218626119562,0.002990489500164804,1.0112100606057148,1.0147797335867816,0.006160992858268659,0.0,0.005106990606571653,0.06965174129353234,0.029850746268656716,1.1536526906778921,0.004975124378109453,0.004975124378109453,0.20398009950248755,0.14925373134328357,0.11940298507462686,0.0945273631840796,-5.381161035912037e-05,1.012053381675146,1.0187497449945275
7435_liver_sham_Male_10-U1,sham,10,tierA_p95,full,Endothelial,tnfa_nfkb_proximal,24230,6.999999999999999,200,0.014191481267867848,6.191606685227318e-05,A_SENDER_FINAL_strict,6960,3229.158821582794,0.6951,0.003139791487068494,200,0.6504865868757739,0.0002601124330984642,0.002240278147596215,-0.0038527223611439444,0.004363962657401875,0.9816712273941828,0.9827509306367724,0.014229858786331357,0.0,0.009163400707438962,0.004975124378109453,0.004975124378109453,2.1577664475050953,0.004975124378109453,0.004975124378109453,0.009950248756218905,0.009950248756218905,0.004975124378109453,0.01990049751243781,7.705636258867371e-05,0.9754581274246914,0.858333156965596,200,0.8756176227816757,0.0003002899338247921,0.0017468946281162287,-0.0032713784444669165,0.003653309391722428,0.9788401275274411,0.9784418450381895,0.014296045018603838,0.0,0.009104786546677523,0.004975124378109453,0.004975124378109453,2.151543536889484,0.004975124378109453,0.004975124378109453,0.004975124378109453,0.004975124378109453,0.004975124378109453,0.004975124378109453,0.00012962851738207556,0.958714291087175,0.9563360082282151
7435_liver_sham_Male_10-U1,sham,10,tierA_p95,full,Hepatocytes,downstream_arrest,83711,49.99999999999999,200,-0.0032209068227229665,-9.328834718555554e-05,A_SENDER_FINAL_strict,6960,3229.158821582794,0.6951,-0.0006892550048939468,200,0.6433524865310414,-0.0003722160656649377,0.0005437256903520045,-0.0013947759824303667,0.0006708444575560816,0.8844374934912693,0.8817028847972534,-0.003226101754858251,0.0,-0.023090049676168605,0.004975124378109453,1.0,-0.8201069827574227,0.004975124378109453,1.0,0.014925373134328358,0.009950248756218905,0.004975124378109453,0.004975124378109453,-0.0001629851943795909,0.7635342605823097,0.7848596525148216,200,0.8682207236802809,-3.9677451919688974e-05,0.0005881051146879513,-0.0011879796127264417,0.000949522483180343,0.9876812791851751,0.9885986843479319,-0.003151945710775686,0.0,-0.026461966063315055,0.004975124378109453,1.0,-0.9158412208432019,0.004975124378109453,1.0,0.009950248756218905,0.004975124378109453,0.004975124378109453,0.004975124378109453,1.0884750131366314e-05,1.0157920509159613,1.0185060525476886
7435_liver_sham_Male_10-U1,sham,10,tierA_p95,full,Hepatocytes,emt_ecm,83711,22.318425721029357,200,-0.0003007174477098393,-8.195920119920906e-06,A_SENDER_FINAL_strict,6960,3229.158821582794,0.6951,0.0009458745471580956,200,0.6433524865310414,0.00023359086178461255,0.0005301388612388204,-0.0009053946739017053,0.0012139761018176954,1.776778545985809,-2.1215838575334187,-0.0006862326178724506,0.625,-0.004859098069229853,0.25870646766169153,0.8805970149253731,-0.15382153168996573,0.1890547263681592,0.9104477611940298,0.835820895522388,0.7064676616915423,0.6069651741293532,0.7213930348258707,0.00012061293521902008,0.8724852724059393,0.8706005314355343,200,0.8682207236802809,6.953058171479979e-05,0.00046275392034593064,-0.000964340682540031,0.000933511140953012,1.2312156552415592,1.183190250421618,-0.0007400100380091723,0.5,-0.0030983581424941465,0.5074626865671642,0.7661691542288557,-0.10659036735770785,0.39800995024875624,0.835820895522388,0.7213930348258707,0.6865671641791045,0.6517412935323383,0.6368159203980099,7.558073427678188e-05,0.9200943354445195,0.9220169416219148
7435_liver_sham_Male_10-U1,sham,10,tierA_p95,full,Hepatocytes,il6_jak_stat3,83711,6.999999999999999,200,0.00920634956765746,2.7949976606626267e-05,A_SENDER_FINAL_strict,6960,3229.158821582794,0.6951,0.0019588860174393325,200,0.6433524865310414,3.157483684349812e-05,0.0008449133906338616,-0.0015067471432320945,0.0019003139054889694,0.9965703195809094,0.9947295720308125,0.008459669803884622,0.0,0.007964751408063108,0.004975124378109453,0.004975124378109453,2.6413175257175205,0.004975124378109453,0.004975124378109453,0.004975124378109453,0.004975124378109453,0.004975124378109453,0.009950248756218905,-8.669080718801321e-07,1.0004425515645945,0.9659007286641008,200,0.8682207236802809,5.06453495186172e-06,0.0006812582745346802,-0.0014650873278893636,0.0013794870317535457,0.9994498867423356,0.9993653301280099,0.008946347817226828,0.0,0.008033917697545028,0.004975124378109453,0.004975124378109453,2.64894955233974,0.004975124378109453,0.004975124378109453,0.004975124378109453,0.004975124378109453,0.004975124378109453,0.004975124378109453,-2.2524419213723373e-05,1.0114985859377197,1.0101092346991727
7435_liver_sham_Male_10-U1,sham,10,tierA_p95,full,Hepatocytes,interferon_response,83711,49.99999999999999,200,-0.002653085340799814,-7.684231802030274e-05,A_SENDER_FINAL_strict,6960,3229.158821582794,0.6951,-0.00033878807361121643,200,0.6433524865310414,9.03274222265432e-06,0.0006377956930755042,-0.0011212975688121524,0.001272883572358546,1.003404618043659,0.9960255585342154,-0.002997662510859046,0.0,-0.02222348744558738,0.004975124378109453,1.0,-0.7663947458678322,0.004975124378109453,1.0,0.004975124378109453,0.004975124378109453,0.004975124378109453,0.004975124378109453,4.361750795259085e-05,1.1287457007788446,1.7203366575239258,200,0.8682207236802809,-0.00016658389400117679,0.000621546412739518,-0.0011432032630017354,0.00085202256605549,0.9372112568565332,0.9346634164715877,-0.0024270542500244,0.005,-0.020456714253597894,0.009950248756218905,0.9950248756218906,-0.7158366327070079,0.009950248756218905,0.9950248756218906,0.01990049751243781,0.014925373134328358,0.009950248756218905,0.009950248756218905,-0.00012097157125547378,0.6429284833848746,6.422481619459239
7435_liver_sham_Male_10-U1,sham,10,tierA_p95,full,Hepatocytes,oxidative_stress,83711,49.99999999999999,200,-0.009520605078625354,-0.0002757488995724845,A_SENDER_FINAL_strict,6960,3229.158821582794,0.6951,0.00047937039959730616,200,0.6433524865310414,-0.00023504348311891184,0.0017761367716555901,-0.003466541208019028,0.003390323473500764,0.9753121276244714,0.9778921731795434,-0.009784526691909587,0.0,-0.07698802370582808,0.004975124378109453,1.0,-2.6732118551062034,0.004975124378109453,1.0,0.004975124378109453,0.004975124378109453,0.004975124378109453,0.004975124378109453,-3.635348534631542e-05,1.075835899289681,0.9759166921410621,200,0.8682207236802809,-8.842908637073072e-05,0.0016601769156096848,-0.0031183666747644826,0.003300899976249518,0.9907118207676461,0.991256741676741,-0.009787543217746561,0.0,-0.07848426308093184,0.009950248756218905,0.9950248756218906,-2.715420540007518,0.004975124378109453,1.0,0.01990049751243781,0.009950248756218905,0.009950248756218905,0.009950248756218905,1.6294493555369416e-05,0.9660085529497492,1.3526574108122282
7435_liver_sham_Male_10-U1,sham,10,tierA_p95,full,Hepatocytes,secondary_senescence,83711,17.345738419684505,200,-0.0012408087780887644,-2.655558230303872e-05,A_SENDER_FINAL_strict,6960,3229.158821582794,0.6951,0.0004937382869433926,200,0.6433524865310414,0.0002418679037468385,0.0005355982818444375,-0.000910885828317972,0.001236834468394242,1.194927621417533,1.22052599376519,-0.0015513889263002766,0.03,-0.00987719368388764,0.01990049751243781,0.9950248756218906,-0.4268464370631628,0.004975124378109453,1.0,0.24378109452736318,0.22388059701492538,0.1791044776119403,0.1691542288557214,0.0001138311597898929,0.7694504096601613,0.6209154432570092,200,0.8682207236802809,3.0061282669470126e-05,0.000499212524081779,-0.0009494102717727033,0.000918002075671953,1.0242271679571562,1.0261080739048842,-0.001333627626832315,0.0,-0.007915432633063456,0.08955223880597014,0.9502487562189055,-0.3658696221844578,0.004975124378109453,1.0,0.24378109452736318,0.1791044776119403,0.14925373134328357,0.11940298507462686,7.566701930566386e-05,0.846746705073048,0.8873131487009525
7435_liver_sham_Male_10-U1,sham,10,tierA_p95,full,Hepatocytes,tnfa_nfkb_proximal,83711,6.999999999999999,200,0.0028098238595901793,8.530472427441054e-06,A_SENDER_FINAL_strict,6960,3229.158821582794,0.6951,0.0002348367641326738,200,0.6433524865310414,-5.857608064736745e-05,0.0006635252945873444,-0.001374093014511542,0.0012657707032427755,1.0208468870557286,1.0283621866504802,0.002818782379254612,0.0,0.0026355951038252103,0.09950248756218906,0.05472636815920398,0.8257810415193013,0.004975124378109453,0.004975124378109453,0.13930348258706468,0.13930348258706468,0.09950248756218906,0.22388059701492538,-7.935983142042625e-05,1.3379361477472538,1.0490719238808912,200,0.8682207236802809,4.817488320376798e-05,0.0005739947013342942,-0.0010945267629344844,0.0011369564102032123,0.982854838733274,0.9832071327779953,0.0027760494952041932,0.0,0.0023149893589918488,0.1890547263681592,0.1044776119402985,0.7950486039412697,0.004975124378109453,0.004975124378109453,0.208955223880597,0.20398009950248755,0.1791044776119403,0.1691542288557214,2.3452133882795097e-05,0.9001343168331789,-0.7699208945820964
7435_liver_sham_Male_10-U1,sham,10,tierA_p95,full,Macrophages,downstream_arrest,12021,7.361938632551805,200,0.0054838120685296735,3.633023961697682e-05,A_SENDER_FINAL_strict,6960,3229.158821582794,0.6951,0.005361033851853458,200,0.6450103984693453,-0.00021938234721446403,0.001912925481632757,-0.003951452537651741,0.0034043589925723716,1.0400054459330306,1.2332251635409788,0.0036289962003423393,0.005,0.004230012838874874,0.03482587064676617,0.01990049751243781,0.6221891211483891,0.004975124378109453,0.004975124378109453,0.19900497512437812,0.0845771144278607,0.06965174129353234,0.09950248756218906,-7.924953586784925e-05,1.0147825098773533,1.0540860402898125,200,0.8669561600532402,-0.00011795641166672689,0.0017097661788193256,-0.0034336356709673043,0.003206334847085346,1.0215099296242574,1.0204509422923451,0.00327128002679693,0.0,0.004111290121586657,0.029850746268656716,0.014925373134328358,0.6111240742466229,0.004975124378109453,0.004975124378109453,0.0945273631840796,0.08955223880597014,0.05970149253731343,0.0845771144278607,-9.364269013085224e-05,1.017467282005406,1.0177984491144414
7435_liver_sham_Male_10-U1,sham,10,tierA_p95,full,Macrophages,emt_ecm,12021,6.999999999999999,200,0.02489398358613568,0.0001461220429802929,A_SENDER_FINAL_strict,6960,3229.158821582794,0.6951,0.006239094844694521,200,0.6450103984693453,0.00010486885594613707,0.0032278080872983374,-0.006503322789483885,0.005758845229536266,0.9957873814938746,0.9963583906590388,0.023159879182163477,0.0,0.015850513432880162,0.004975124378109453,0.004975124378109453,2.7043646741982577,0.004975124378109453,0.004975124378109453,0.004975124378109453,0.004975124378109453,0.004975124378109453,0.004975124378109453,5.895488723736488e-05,0.9905507307221819,0.913038092945118,200,0.8669561600532402,-0.00025998573661821777,0.002894643232507428,-0.005515661749951665,0.005135357227971485,1.010443717684582,1.0095932735801665,0.024228486343924806,0.0,0.01624592744501513,0.004975124378109453,0.004975124378109453,2.7441684300842386,0.004975124378109453,0.004975124378109453,0.004975124378109453,0.004975124378109453,0.004975124378109453,0.004975124378109453,5.284709400511095e-06,0.9991529685744391,0.9941711927350054
7435_liver_sham_Male_10-U1,sham,10,tierA_p95,full,Macrophages,il6_jak_stat3,12021,14.911122358641625,200,0.0018218140426631089,4.208069861103817e-05,A_SENDER_FINAL_strict,6960,3229.158821582794,0.6951,-0.0002863467066988492,200,0.6450103984693453,-0.0005288238984156132,0.0036294338920351333,-0.006564274072591006,0.006270014961745034,1.2902732584290457,6.041991207872506,0.0009625794901687159,0.595,0.006232613279339042,0.4527363184079602,0.22885572139303484,0.25644248610223824,0.373134328358209,0.18407960199004975,0.2736318407960199,0.2736318407960199,0.39800995024875624,0.6616915422885572,-0.00039284774824419196,-0.3719303873725004,1.1019526557334656,200,0.8669561600532402,-7.796894766727596e-05,0.0029597996598893193,-0.004969202973711224,0.0056904030700690045,1.0427974237992488,0.9996390160569032,0.001963200825461551,0.51,0.004860145108355629,0.5373134328358209,0.263681592039801,0.20725653431404079,0.472636815920398,0.21890547263681592,0.43283582089552236,0.5124378109452736,0.5024875621890548,0.572139303482587,0.00011866781159287375,1.4144200328368948,6.83726194202342
7435_liver_sham_Male_10-U1,sham,10,tierA_p95,full,Macrophages,interferon_response,12021,6.999999999999999,200,-0.0027472203147794133,-1.612556076144041e-05,A_SENDER_FINAL_strict,6960,3229.158821582794,0.6951,-0.004101218817404299,200,0.6450103984693453,-0.0006781865472968904,0.004977965582329731,-0.011246249654314908,0.008263826051164134,0.753137182464616,2.808107672318578,-0.0035567663041060366,0.58,-0.0009490178246459531,0.7910447761194029,0.6417910447761194,-0.2257209219209694,0.6119402985074627,0.7213930348258707,0.8557213930348259,0.8109452736318408,0.8059701492537313,0.7611940298507462,-0.00036768404020007294,0.9103476169962607,-0.18267085019687138,200,0.8669561600532402,-7.580358377343873e-05,0.0038030901789770687,-0.006906415321892088,0.00795788558165346,0.9724071697615103,3.4115732628976025,-0.0011340456105692696,0.475,-0.0016939014272689518,0.6865671641791045,0.6318407960199005,-0.29143779905122524,0.4626865671641791,0.7512437810945274,0.7313432835820896,0.7164179104477612,0.7164179104477612,0.681592039800995,7.631298438660719e-05,1.0186073915546174,1.0395878586448368
7435_liver_sham_Male_10-U1,sham,10,tierA_p95,full,Macrophages,oxidative_stress,12021,6.999999999999999,200,-0.04347882177610343,-0.00025521083205978356,A_SENDER_FINAL_strict,6960,3229.158821582794,0.6951,0.00019653456581920567,200,0.6450103984693453,-0.001114363453343889,0.008336660915520537,-0.01594215267562603,0.014875547206090616,0.974369971222257,0.9787257495311201,-0.044828283628348134,0.0,-0.02665275662944966,0.004975124378109453,1.0,-4.621744091171071,0.004975124378109453,1.0,0.009950248756218905,0.004975124378109453,0.004975124378109453,0.009950248756218905,-0.0004485547692408047,3.2823199948116772,4.065058116673589,200,0.8669561600532402,-0.0005859881642867235,0.007713039592727067,-0.013325975611196503,0.012300932685224503,0.9865224460933117,0.9871404296487802,-0.04354897572941172,0.0,-0.0271568919220187,0.004975124378109453,1.0,-4.679387112392207,0.004975124378109453,1.0,0.014925373134328358,0.009950248756218905,0.009950248756218905,0.004975124378109453,-0.0006886124363427465,4.503772649215348,0.6306761191139267
7435_liver_sham_Male_10-U1,sham,10,tierA_p95,full,Macrophages,secondary_senescence,12021,10.477345453252495,200,0.006018722723483135,8.250692155646078e-05,A_SENDER_FINAL_strict,6960,3229.158821582794,0.6951,0.002378248186557252,200,0.6450103984693453,0.00010795882443575603,0.002423816822221725,-0.004513315788536784,0.004979553025343166,0.9820628346917304,1.140258542976212,0.004880141658307409,0.01,0.00878660352013187,0.024875621890547265,0.014925373134328358,0.6448338821330658,0.004975124378109453,0.004975124378109453,0.04477611940298507,0.03980099502487562,0.05472636815920398,0.07462686567164178,1.792055377923784e-05,0.9924648092320508,0.8257090564906819,200,0.8669561600532402,-0.0002500904014046411,0.0018125977231870673,-0.0034496112823416275,0.0035515448024990674,1.041552072240987,1.0486083589936412,0.0057528311553503506,0.0,0.009518761868901358,0.009950248756218905,0.009950248756218905,0.6838952075787688,0.004975124378109453,0.004975124378109453,0.004975124378109453,0.004975124378109453,0.009950248756218905,0.014925373134328358,-9.511307880505929e-05,1.0399929155176797,1.0596914013012215
7435_liver_sham_Male_10-U1,sham,10,tierA_p95,full,Macrophages,tnfa_nfkb_proximal,12021,6.999999999999999,200,0.015820259710511094,9.286133982454134e-05,A_SENDER_FINAL_strict,6960,3229.158821582794,0.6951,0.0008086390133961901,200,0.6450103984693453,-0.00027108368075786244,0.0033152280183051516,-0.005846371122205199,0.006474986363687185,1.0171352231706887,1.0133490050800917,0.014762617466870449,0.0,0.01043757002617337,0.004975124378109453,0.004975124378109453,1.7554826423367247,0.004975124378109453,0.004975124378109453,0.014925373134328358,0.004975124378109453,0.004975124378109453,0.004975124378109453,-0.0003788023954189533,1.4684443727591465,3.551255985566075,200,0.8669561600532402,-0.0002567771358463628,0.0028441857038328756,-0.006040916146762889,0.0060821964060372435,1.0162309052155292,1.0150948103114212,0.016019816168140216,0.0,0.010422005631980952,0.004975124378109453,0.004975124378109453,1.753921872011136,0.004975124378109453,0.004975124378109453,0.004975124378109453,0.004975124378109453,0.004975124378109453,0.004975124378109453,-0.00015125901722789947,1.187053820953591,1.0455368270730652
7435_liver_sham_Male_10-U1,sham,10,tierA_p95,full,Mesenchymal,downstream_arrest,10962,6.999999999999999,200,-0.006731722528300281,-3.5978457797752317e-05,A_SENDER_FINAL_strict,6960,3229.158821582794,0.6951,-0.0005158326233305323,200,0.6418349753694581,-0.0005957525370358831,0.0022294047965473493,-0.005046884334998827,0.003780845500751964,0.9115007288949701,0.8840152462980723,-0.0057553315421932025,0.0,-0.0031185383316329677,0.12935323383084577,0.9203980099502488,-0.6392372346702323,0.004975124378109453,1.0,0.13432835820895522,0.12935323383084577,0.12437810945273632,0.16417910447761194,-0.0003738549705448621,0.2752397703522031,3.910843633650003,200,0.8693997445721584,-1.9496716440557258e-05,0.0021984791945498117,-0.0040219956118745445,0.0039975005821147195,0.997103755189167,0.9979295033513835,-0.005299760887672018,0.0,-0.0037287308569229046,0.0945273631840796,0.9552238805970149,-0.6992708035671484,0.004975124378109453,1.0,0.208955223880597,0.19900497512437812,0.19402985074626866,0.11940298507462686,-7.03408088734245e-05,0.8636363702255568,-0.1598289803102125
7435_liver_sham_Male_10-U1,sham,10,tierA_p95,full,Mesenchymal,emt_ecm,10962,49.99999999999999,200,0.007550164922354522,0.0002356093443949659,A_SENDER_FINAL_strict,6960,3229.158821582794,0.6951,0.0009399455905939065,200,0.6418349753694581,0.00038034967524704295,0.003642284594068339,-0.007128351694395257,0.006395557993735183,0.9496236599917303,1.4577589550951353,0.007015138048540474,0.04,0.0231734047421322,0.029850746268656716,0.014925373134328358,0.7469418654560632,0.014925373134328358,0.009950248756218905,0.014925373134328358,0.009950248756218905,0.01990049751243781,0.06467661691542288,0.0002031821959584825,0.7838362156365866,1.0612751414845445,200,0.8693997445721584,-0.00047550090984423854,0.0035608616155398945,-0.0063479636060608914,0.007024104683328415,1.0629788772476183,1.1050680195850509,0.006430521705109893,0.025,0.02625798607731604,0.03980099502487562,0.03980099502487562,0.8361032469627409,0.014925373134328358,0.014925373134328358,0.3880597014925373,0.2835820895522388,0.19402985074626866,0.05970149253731343,0.00016276169756401302,0.8268392349591515,-1.8805363415787673
7435_liver_sham_Male_10-U1,sham,10,tierA_p95,full,Mesenchymal,il6_jak_stat3,10962,6.999999999999999,200,0.004368788116623579,2.3349485695595186e-05,A_SENDER_FINAL_strict,6960,3229.158821582794,0.6951,-0.0017060510133406752,200,0.6418349753694581,0.00033293974438458563,0.003963284269581681,-0.007334467054902612,0.008184667645943939,0.9237912813583876,2.8377085865672766,0.003292757955012348,0.25,0.0020831901270447145,0.5174129353233831,0.26865671641791045,0.42044934324830313,0.18407960199004975,0.08955223880597014,0.31840796019900497,0.5074626865671642,0.4527363184079602,0.5472636815920398,0.00024081412017715575,1.1411529422591002,13.105713908053815,200,0.8693997445721584,-0.00010541614217550814,0.0031123454441159748,-0.005249960394683476,0.00556419514258834,1.024129378528199,1.0355015300492527,0.0038690082085960386,0.15,0.0025562137127736915,0.46766169154228854,0.22388059701492538,0.46611667948446855,0.10945273631840796,0.06467661691542288,0.39800995024875624,0.44776119402985076,0.5074626865671642,0.5472636815920398,-9.083641599194378e-05,0.9467563306831758,2.725727010744211
7435_liver_sham_Male_10-U1,sham,10,tierA_p95,full,Mesenchymal,interferon_response,10962,17.345738419684505,200,0.003734098779168827,9.848774724464788e-05,A_SENDER_FINAL_strict,6960,3229.158821582794,0.6951,0.0037688584536503316,200,0.6418349753694581,0.00033148257794077344,0.001765742991883878,-0.0030437161497886694,0.004102899493045642,0.9112282246549037,0.8734525361236574,0.0037359303577761964,0.045,0.009171542533992135,0.04477611940298507,0.03482587064676617,0.3544800535553056,0.014925373134328358,0.009950248756218905,0.014925373134328358,0.01990049751243781,0.03980099502487562,0.07462686567164178,0.00034136323123426065,0.9094252980226325,0.8787884657003334,200,0.8693997445721584,-0.00015381076108071206,0.0014946316008591404,-0.002855150000096691,0.00291428279939966,1.0411908656350406,1.035795766419202,0.003964508489139809,0.015,0.010764526852659693,0.03980099502487562,0.029850746268656716,0.40503727148199453,0.004975124378109453,0.004975124378109453,0.004975124378109453,0.01990049751243781,0.029850746268656716,0.04975124378109453,-0.00012057580402708022,1.0319926591857798,1.0275153035017501
7435_liver_sham_Male_10-U1,sham,10,tierA_p95,full,Mesenchymal,oxidative_stress,10962,45.204502969779604,200,-0.024146552493790024,-0.0007927483503462836,A_SENDER_FINAL_strict,6960,3229.158821582794,0.6951,-0.007369946651523934,200,0.6418349753694581,-0.0011252207863414521,0.005172304156854256,-0.01153421647983186,0.008578309446213933,0.9534003544965338,0.9526441702190885,-0.02275762434665886,0.0,-0.07826357293925447,0.004975124378109453,1.0,-2.398331875815305,0.004975124378109453,1.0,0.009950248756218905,0.004975124378109453,0.004975124378109453,0.004975124378109453,-0.00028464949915276756,0.9613769932657642,0.6927636477116077,200,0.8693997445721584,-0.000537456315510422,0.005343238191783192,-0.011222461459261276,0.009493580955817382,0.977741902673326,0.9820864951698215,-0.021381851642326567,0.0,-0.08054954163197815,0.004975124378109453,1.0,-2.4595644006657107,0.004975124378109453,1.0,0.01990049751243781,0.004975124378109453,0.004975124378109453,0.004975124378109453,-0.0006003240500090382,0.9185443153940734,0.9216064247263828
7435_liver_sham_Male_10-U1,sham,10,tierA_p95,full,Mesenchymal,secondary_senescence,10962,49.99999999999999,200,0.0015422242561354777,4.812642500328054e-05,A_SENDER_FINAL_strict,6960,3229.158821582794,0.6951,-0.0007091330315241147,200,0.6418349753694581,0.0002458208743840708,0.0023149050001012874,-0.004210312513755849,0.004162017572088348,0.8406062714899508,0.82274962442359,0.00043525293544169645,0.54,0.004131955945056788,0.5522388059701493,0.2935323383084577,0.13505758893014735,0.5174129353233831,0.2736318407960199,0.6119402985074627,0.4527363184079602,0.5124378109452736,0.572139303482587,2.3775407313993828e-05,1.0335274289266911,0.899029036880824,200,0.8693997445721584,-0.0003095790626178328,0.0019624009613450105,-0.004182121983048881,0.0031569569231223293,1.2007354386926705,6.9961103852013045,-0.00021330647509721967,0.495,0.006125829236956942,0.3781094527363184,0.21393034825870647,0.19291841947048038,0.3383084577114428,0.19402985074626866,0.6766169154228856,0.5522388059701493,0.4975124378109453,0.5422885572139303,-0.00017882326871614357,0.747828318853227,0.9817316523080105
7435_liver_sham_Male_10-U1,sham,10,tierA_p95,full,Mesenchymal,tnfa_nfkb_proximal,10962,6.999999999999999,200,0.006784652940590775,3.626135041502897e-05,A_SENDER_FINAL_strict,6960,3229.158821582794,0.6951,-0.0037204570808764973,200,0.6418349753694581,0.0003135058261318054,0.0030351548945638665,-0.006177641254791124,0.006207069460626391,0.9537919140629606,0.9087340890914553,0.005418071152523866,0.02,0.0034360390754126827,0.18407960199004975,0.10945273631840796,0.6741555438635064,0.004975124378109453,0.004975124378109453,0.34328358208955223,0.2736318407960199,0.22388059701492538,0.22885572139303484,0.00016028122638144817,1.0430810577564003,0.9958186535782915,200,0.8693997445721584,-8.497222221566258e-05,0.0024478900740012486,-0.004360855190653565,0.004937077933439398,1.0125241811128314,1.0238923702603555,0.0056807207643321655,0.005,0.0038657744995085597,0.15422885572139303,0.07960199004975124,0.7156684596804134,0.009950248756218905,0.009950248756218905,0.14925373134328357,0.17412935323383086,0.17412935323383086,0.18407960199004975,-0.00011912520947141712,0.9679810284376799,0.9833458033973321
7435_liver_sham_Male_10-U1,sham,10,tierA_p95,full,T/NK cells,downstream_arrest,2556,6.999999999999999,200,0.009481456671283738,9.926872711467632e-05,A_SENDER_FINAL_strict,6960,3229.158821582794,0.6951,-0.002974803975055928,200,0.6682785602503912,0.0003210234080532384,0.007099564233875978,-0.012235708496953473,0.014175306684016679,0.9661419738355695,3.3468372772406547,0.008339546955815503,0.17,0.004833927866553555,0.10945273631840796,0.07462686567164178,0.4608190009741304,0.10945273631840796,0.06467661691542288,0.16417910447761194,0.208955223880597,0.1890547263681592,0.16417910447761194,0.0006608997800924361,1.222165825255767,2.8478268587187134,200,0.8944366197183098,0.00012718134148269393,0.0056314858595365985,-0.009225079718213122,0.013563360239901118,0.9865863077908815,0.9743980211307938,0.010698670778605384,0.065,0.004908049054968071,0.06965174129353234,0.04975124378109453,0.47057029819959567,0.06965174129353234,0.04477611940298507,0.12437810945273632,0.19402985074626866,0.1691542288557214,0.07462686567164178,0.00013683281753440937,1.0459972551743806,-1.4266253778894256
7435_liver_sham_Male_10-U1,sham,10,tierA_p95,full,T/NK cells,emt_ecm,2556,6.999999999999999,200,0.049132465103649554,0.0005144059019556944,A_SENDER_FINAL_strict,6960,3229.158821582794,0.6951,-0.0034523201126333614,200,0.6682785602503912,-0.0006541873343592356,0.010129159824682857,-0.016145530802401657,0.01895141139094697,1.0133147671906786,1.0134786108422886,0.049825184224415606,0.0,0.026086241439376885,0.004975124378109453,0.004975124378109453,2.5045360605835105,0.004975124378109453,0.004975124378109453,0.004975124378109453,0.004975124378109453,0.004975124378109453,0.004975124378109453,-0.000185960995077059,0.9461344866611423,1.7717718792591979,200,0.8944366197183098,0.0010007874425931476,0.008997326016328166,-0.016198642004884963,0.020630508358326836,0.9796308318647987,0.9804508936102116,0.0506172903210597,0.0,0.02531389787032,0.004975124378109453,0.004975124378109453,2.421281939142138,0.004975124378109453,0.004975124378109453,0.004975124378109453,0.004975124378109453,0.004975124378109453,0.004975124378109453,0.0010841903961353169,1.3140468904282223,1.5593421333690116
7435_liver_sham_Male_10-U1,sham,10,tierA_p95,full,T/NK cells,il6_jak_stat3,2556,7.361938632551805,200,0.0468049172850244,0.0005420982636261542,A_SENDER_FINAL_strict,6960,3229.158821582794,0.6951,-0.0007876610275791283,200,0.6682785602503912,-0.00043841850361177505,0.013448190396466367,-0.024861196074680278,0.023604437795214067,1.0093669325584311,0.9839776406007408,0.03658519352033476,0.0,0.02736913876835225,0.004975124378109453,0.004975124378109453,2.376593570982157,0.004975124378109453,0.004975124378109453,0.009950248756218905,0.004975124378109453,0.004975124378109453,0.004975124378109453,-0.00014768041422250942,0.8125076536077906,0.5125491442557346,200,0.8944366197183098,-0.0009070806715818433,0.011538953421487672,-0.0196595143060087,0.0222584924206148,1.019380029368668,1.0208517332596019,0.043283672160549964,0.0,0.02775040168808139,0.004975124378109453,0.004975124378109453,2.400169795581186,0.004975124378109453,0.004975124378109453,0.004975124378109453,0.004975124378109453,0.004975124378109453,0.004975124378109453,-8.235131299681144e-05,0.8954482828102874,-3.7343157910125773
7435_liver_sham_Male_10-U1,sham,10,tierA_p95,full,T/NK cells,interferon_response,2556,10.477345453252495,200,0.030839895686794135,0.0006514773166250517,A_SENDER_FINAL_strict,6960,3229.158821582794,0.6951,-0.00643921404289563,200,0.6682785602503912,0.0009361883907679575,0.01072756224792239,-0.0211411665324191,0.023524521207551493,0.9696435941199101,1.5235296712267097,0.02024312677572824,0.005,0.031801206491373996,0.004975124378109453,0.004975124378109453,1.5043171131316013,0.009950248756218905,0.004975124378109453,0.004975124378109453,0.004975124378109453,0.004975124378109453,0.009950248756218905,0.0010214877864911404,1.1586354762687452,0.859912825560777,200,0.8944366197183098,-0.0008444742588960269,0.010387813631452384,-0.018627026262184234,0.01901723815958395,1.0273825264349916,1.0306183613443056,0.027662390028560493,0.01,0.03346367805229332,0.004975124378109453,0.004975124378109453,1.593894009737988,0.009950248756218905,0.009950248756218905,0.014925373134328358,0.009950248756218905,0.009950248756218905,0.009950248756218905,-1.4851334794005398e-05,0.9976936106339886,1.0254153474559105
7435_liver_sham_Male_10-U1,sham,10,tierA_p95,full,T/NK cells,oxidative_stress,2556,9.006764443646388,200,-0.07144858657647894,-0.001193090207154216,A_SENDER_FINAL_strict,6960,3229.158821582794,0.6951,-0.03172990205609103,200,0.6682785602503912,-0.000498096742209313,0.015065653535823986,-0.026553004904884634,0.02974913865211363,0.9930285990797573,0.9957043180153555,-0.07233263416378068,0.0,-0.05945944123153568,0.004975124378109453,1.0,-3.56919076909721,0.004975124378109453,1.0,0.009950248756218905,0.004975124378109453,0.004975124378109453,0.004975124378109453,0.0002380540892213699,1.0075025157279258,1.0216887233430751,200,0.8944366197183098,-0.00033368334258613485,0.013453210400380868,-0.02756984474567723,0.022811336465131535,0.9953297418664964,0.995921803219446,-0.07024631388272647,0.0,-0.05968624377332931,0.004975124378109453,1.0,-3.5774616462908932,0.004975124378109453,1.0,0.004975124378109453,0.004975124378109453,0.004975124378109453,0.004975124378109453,-0.0003533804154413845,0.9888628582963576,0.9904694424233285
7435_liver_sham_Male_10-U1,sham,10,tierA_p95,full,T/NK cells,secondary_senescence,2556,35.13265199376635,200,0.005319759976658956,0.00022728768123332442,A_SENDER_FINAL_strict,6960,3229.158821582794,0.6951,-0.0014272993390786232,200,0.6682785602503912,0.0001750743941424638,0.0041023060945830645,-0.008291080800511406,0.008232328131700741,0.9670897944812129,1.264782773959624,0.002921575422790005,0.19,0.011092559929886127,0.11940298507462686,0.06965174129353234,0.2588053209205076,0.12935323383084577,0.07960199004975124,0.009950248756218905,0.05472636815920398,0.09950248756218906,0.15920398009950248,0.00019530455345078042,1.136835033901758,1.125454010804262,200,0.8944366197183098,0.0005087541280559754,0.003079906985970937,-0.004644402326498305,0.006681962165589085,0.9043652100304916,0.878603963843221,0.005028619979345745,0.075,0.010405899127677962,0.07960199004975124,0.05472636815920398,0.24201943785048444,0.08955223880597014,0.05472636815920398,0.07462686567164178,0.10945273631840796,0.10945273631840796,0.07960199004975124,0.0005079942715548999,1.3559129172460977,0.6016180598126849
7435_liver_sham_Male_10-U1,sham,10,tierA_p95,full,T/NK cells,tnfa_nfkb_proximal,2556,10.477345453252495,200,0.020591904630973868,0.00043499364944124276,A_SENDER_FINAL_strict,6960,3229.158821582794,0.6951,-0.007388261209535832,200,0.6682785602503912,0.00030016576731114813,0.007405168699687992,-0.011762947081068608,0.01477539325991802,0.9854231178373056,1.3991971752288814,0.013974025470336278,0.005,0.021494415406850372,0.004975124378109453,0.004975124378109453,1.020783467602421,0.004975124378109453,0.004975124378109453,0.014925373134328358,0.004975124378109453,0.004975124378109453,0.009950248756218905,0.00026806221078465114,1.036282178334284,1.029091870039374,200,0.8944366197183098,-0.00017891806033904726,0.0060926064948689735,-0.010364033087618086,0.011062617977110594,1.0086887572347203,1.0080865524770357,0.019149494786475048,0.0,0.021995158908856803,0.004975124378109453,0.004975124378109453,1.044883957666225,0.004975124378109453,0.004975124378109453,0.004975124378109453,0.004975124378109453,0.004975124378109453,0.004975124378109453,0.0002345759397430631,1.031749816782371,1.0223341930700234
7435_liver_sham_Male_10-U1,sham,10,tierA_p95,full,vSMCs,downstream_arrest,3359,12.818224546846722,200,0.006415140173763102,0.00023932865033704837,A_SENDER_FINAL_strict,6960,3229.158821582794,0.6951,-0.000715295831145246,200,0.7106207204525156,-0.00011672048552083741,0.005058121575930939,-0.011403664032297447,0.008611982205517822,1.0181945339243257,1.008480902248355,0.007507989732239836,0.195,0.013893888432444067,0.01990049751243781,0.014925373134328358,0.3766828535576215,0.13432835820895522,0.04975124378109453,0.04477611940298507,0.05472636815920398,0.01990049751243781,0.06467661691542288,8.724027548971525e-05,1.1219639087649045,0.24245362299502177,200,0.9131408157189639,-9.279396381859949e-05,0.004506032731763979,-0.008576562540222193,0.008488396025859265,1.0144648380713661,1.0128110137543447,0.0068386604066889185,0.135,0.013894899607431847,0.01990049751243781,0.009950248756218905,0.3753030460355953,0.12935323383084577,0.07462686567164178,0.004975124378109453,0.004975124378109453,0.009950248756218905,0.03482587064676617,-0.00035932697826727565,0.4976526317901722,-7.390158809402064
7435_liver_sham_Male_10-U1,sham,10,tierA_p95,full,vSMCs,emt_ecm,3359,6.999999999999999,200,0.006661957077602032,0.00011060965545012176,A_SENDER_FINAL_strict,6960,3229.158821582794,0.6951,0.006114056206118696,200,0.7106207204525156,0.00024835537503432956,0.018509808717317115,-0.034994731507141975,0.03563587469509568,0.9627203579756889,5.508445816844311,0.0039003035533498385,0.755,0.006255383775378879,0.527363184079602,0.25870646766169153,0.3698630324379985,0.6915422885572139,0.35323383084577115,0.746268656716418,0.6169154228855721,0.5920398009950248,0.6019900497512438,0.0008498900934214907,0.8609940660063027,0.06847566600901374,200,0.9131408157189639,0.00016558864186788744,0.015575096429596038,-0.03274643339995008,0.026402237084935307,0.9751441445900924,-0.09048677620272912,0.002049279435962853,0.67,0.0061194637544943085,0.44776119402985076,0.23383084577114427,0.3746360689210204,0.6567164179104478,0.3482587064676617,0.5671641791044776,0.5223880597014925,0.5024875621890548,0.46766169154228854,0.001515093336924437,0.7521950590823497,1.9829438411261588
7435_liver_sham_Male_10-U1,sham,10,tierA_p95,full,vSMCs,il6_jak_stat3,3359,21.2211739115045,200,0.003849117522390252,0.00018825574342223102,A_SENDER_FINAL_strict,6960,3229.158821582794,0.6951,-0.004481809874028011,200,0.7106207204525156,0.0008681970153603549,0.009003776790462078,-0.017643765399655433,0.01753792919154437,0.7744425805889096,1.2357332992819616,-0.0014490155461952586,0.645,0.009102010149425445,0.5223880597014925,0.26865671641791045,0.17190532704038855,0.6965174129353234,0.35323383084577115,0.6716417910447762,0.6019900497512438,0.5373134328358209,0.5422885572139303,0.0004500849825729497,1.10042482729604,1.1252601462069116,200,0.9131408157189639,1.851554798024062e-05,0.007930603495372935,-0.015442740142659459,0.015251608909593806,0.995189664157424,5.74490709724368,0.002560650477472194,0.65,0.010748728358404737,0.4925373134328358,0.25870646766169153,0.2209052148890151,0.6268656716417911,0.31840796019900497,0.48258706467661694,0.5671641791044776,0.5621890547263682,0.5124378109452736,0.00027852331064477827,1.0621452757866447,1.0586805622938262
7435_liver_sham_Male_10-U1,sham,10,tierA_p95,full,vSMCs,interferon_response,3359,24.6860647223019,200,0.016929005310577637,0.000840451719707199,A_SENDER_FINAL_strict,6960,3229.158821582794,0.6951,0.0026635463502287225,200,0.7106207204525156,0.0013554516545625753,0.009706024294983033,-0.01832923151152428,0.022118538066470773,0.9199331780163329,0.893993377339026,0.010563002242277885,0.1,0.04545481192926947,0.029850746268656716,0.014925373134328358,0.898104068224808,0.0945273631840796,0.04975124378109453,0.024875621890547265,0.004975124378109453,0.004975124378109453,0.05970149253731343,0.000928181949219242,0.6515240107837666,-0.5418581784840975,200,0.9131408157189639,-0.0010251420493057428,0.009935450069473344,-0.020042827645258637,0.01902499345294526,1.0605553622613144,1.0611482922682227,0.015818194054369784,0.105,0.05060291686723302,0.004975124378109453,0.004975124378109453,1.0353894263041905,0.07462686567164178,0.04477611940298507,0.004975124378109453,0.004975124378109453,0.014925373134328358,0.029850746268656716,-0.0008367256642002327,1.314139704806857,1.4223629764508363
7435_liver_sham_Male_10-U1,sham,10,tierA_p95,full,vSMCs,oxidative_stress,3359,6.999999999999999,200,-0.013390513339866697,-0.00022232506898048655,A_SENDER_FINAL_strict,6960,3229.158821582794,0.6951,-0.0025880256083015154,200,0.7106207204525156,0.0005181057822637166,0.016912125876568554,-0.03296209000103012,0.03318257215246688,1.0386920029959714,-0.12781860388614164,-0.012487740130396665,0.435,-0.012934771218711418,0.15422885572139303,0.9303482587064676,-0.8020897280660195,0.3333333333333333,0.845771144278607,0.32338308457711445,0.31343283582089554,0.25870646766169153,0.22388059701492538,0.0006626481020585215,1.2560438737286714,2.8281050914360693,200,0.9131408157189639,-0.00033888195341612526,0.014827215582496297,-0.027408289802266457,0.030165802625967894,0.9746923852122089,0.962272686123186,-0.01006310420503778,0.345,-0.012500904749586126,0.15422885572139303,0.9303482587064676,-0.7526684984075233,0.35323383084577115,0.8258706467661692,0.03980099502487562,0.04975124378109453,0.04975124378109453,0.16417910447761194,-0.0006996099089137545,0.7296742711240409,-1.2276658572385304
7435_liver_sham_Male_10-U1,sham,10,tierA_p95,full,vSMCs,secondary_senescence,3359,13.48099749887925,200,0.004028808902512508,0.00015689821386333458,A_SENDER_FINAL_strict,6960,3229.158821582794,0.6951,-0.0014831986979094301,200,0.7106207204525156,5.13371708563372e-05,0.005163717137703267,-0.009721612348180315,0.009709144528500012,0.9872574817772266,1.338330374868694,0.003498549805588816,0.415,0.009030807072738588,0.1890547263681592,0.0945273631840796,0.22937497904146462,0.3781094527363184,0.1890547263681592,0.5671641791044776,0.4228855721393035,0.3880597014925373,0.263681592039801,-0.00010695584854294043,0.9278883883233616,-0.27133040221316196,200,0.9131408157189639,0.0008983642790785024,0.0042318929540407346,-0.006974544729241818,0.00928488590324505,0.7770149190947601,0.7334606210613955,0.003098597569626247,0.34,0.007689472169164446,0.20398009950248755,0.1044776119402985,0.18052816420436388,0.42786069651741293,0.208955223880597,0.43781094527363185,0.3383084577114428,0.27860696517412936,0.15920398009950248,0.0007696684510573634,1.51892470789127,1.5055327759748183
7435_liver_sham_Male_10-U1,sham,10,tierA_p95,full,vSMCs,tnfa_nfkb_proximal,3359,19.185852382096297,200,0.010439804028363524,0.0004972398028123932,A_SENDER_FINAL_strict,6960,3229.158821582794,0.6951,0.0003640108988592693,200,0.7106207204525156,0.0004223963894975588,0.006393606850730032,-0.011943895976846182,0.012327992072545748,0.9595398162312275,-23.602936159695872,0.008118674579633885,0.12,0.027721147692276682,0.01990049751243781,0.009950248756218905,0.5776892514225201,0.06467661691542288,0.03482587064676617,0.014925373134328358,0.004975124378109453,0.009950248756218905,0.03482587064676617,0.00014773562326124502,0.5941450552051705,9.465746638063184,200,0.9131408157189639,-0.0003160762571873944,0.005344544150279937,-0.010835338622903904,0.009436945193373375,1.0302760718811061,1.029481721252903,0.009963019469479827,0.07,0.02925552022873343,0.004975124378109453,0.004975124378109453,0.6202758891873912,0.03980099502487562,0.024875621890547265,0.004975124378109453,0.004975124378109453,0.004975124378109453,0.004975124378109453,4.4483135411779345e-05,0.8777972430188773,-3.840287967223785
