section,arm,week,call,celltype,module,n,lam,n_perm,beta_obs,sender_set,N1_null_mean,N1_null_sd,N1_null_lo,N1_null_hi,N1_sf,N1_p,N3_null_mean,N3_null_sd,N3_null_lo,N3_null_hi,N3_sf,N3_p,N4_null_mean,N4_null_sd,N4_null_lo,N4_null_hi,N4_sf,N4_p
7259_liver_sbr_Male_26-U1,sbr,26,tierApm_p95,Biliary/ductular,downstream_arrest,31147,6.999999999999999,1000,-0.0009581129387547185,A_sender_for_downstream_arrest,-0.0002815087964352547,0.00037486612175586143,-0.0010126555716973575,0.00046902636866630565,0.7061841197957955,0.038,-2.098935861549205e-05,0.0008708640915946188,-0.0016525055751067073,0.0017518802478343524,0.9780930224752289,0.278,0.0009117018453532834,0.0008918117418941279,-0.0006678836557655287,0.00271677167069253,1.9515598928642413,0.469
7259_liver_sbr_Male_26-U1,sbr,26,tierApm_p95,DC,downstream_arrest,2625,14.911122358641625,1000,0.0037698748563775564,A_sender_for_downstream_arrest,-0.0011371856580094399,0.002139797714045218,-0.005300564948796346,0.0030573758996422745,1.3016507712678167,0.119,7.123078737585419e-06,0.0027765437719183507,-0.004885436887691177,0.005647722945302286,0.9981105264739664,0.181,0.0004842170174220725,0.002484532425317351,-0.004062106763645382,0.005769113965441324,0.8715562091927495,0.134
7259_liver_sbr_Male_26-U1,sbr,26,tierApm_p95,Endothelial,downstream_arrest,12298,49.99999999999999,1000,-0.0029772286972969473,A_sender_for_downstream_arrest,-0.0013748723959146466,0.0007292264401819496,-0.002729396197235431,7.996471249778515e-05,0.5382039689584796,0.014,2.312384475710029e-05,0.0008706033645808888,-0.0018251205697755013,0.0013969522690413189,1.0077669024143474,0.0,-0.0013533304333250738,0.0007335529268822696,-0.002342813451553244,0.0002711429063569119,0.5454395443138867,0.0
7259_liver_sbr_Male_26-U1,sbr,26,tierApm_p95,Hepatocytes,downstream_arrest,28548,49.99999999999999,1000,-0.002208767184967724,A_sender_for_downstream_arrest,-0.0003720137739244531,0.0004834373603219453,-0.001342360904777976,0.0005191572995089245,0.8315740217184142,0.0,2.642059613560329e-05,0.0012557854024918345,-0.001708781678291984,0.0028098872257729065,1.0119616935254265,0.082,-0.0019280659606566329,0.0012901600045923949,-0.0033850847988456624,0.0005289424123190094,0.12708502110202835,0.508
7259_liver_sbr_Male_26-U1,sbr,26,tierApm_p95,Macrophages,downstream_arrest,12538,49.99999999999999,1000,-0.0038853626489892307,A_sender_for_downstream_arrest,-0.002641011991483696,0.0008676340297328067,-0.004312351276545379,-0.0009708726701643675,0.3202662839797593,0.077,8.120608243265358e-07,0.0006554934550208336,-0.0012004199942197693,0.0013633655413330932,1.000209005155423,0.0,-0.00031391101429329403,0.0006215430585448673,-0.0013382060719604435,0.0009873412635266453,0.9192067658407749,0.0
7259_liver_sbr_Male_26-U1,sbr,26,tierApm_p95,Mesenchymal,downstream_arrest,14357,49.99999999999999,1000,-0.002292300974797508,A_sender_for_downstream_arrest,-0.0011864007831961084,0.0006989579160054755,-0.0026007188564226257,0.0002452309756784954,0.48244109467304575,0.06,2.797536868788742e-05,0.0006754902345416479,-0.001120871383168973,0.001305053241694241,1.0122040556608665,0.0,0.0002842450784065012,0.0006449636099893859,-0.0008472207655308886,0.0016004664697208887,1.123999894224889,0.001
7259_liver_sbr_Male_26-U1,sbr,26,tierApm_p95,T/NK cells,downstream_arrest,5979,14.911122358641625,1000,0.0010770009246492886,A_sender_for_downstream_arrest,0.00040871676348486316,0.000980719689188117,-0.0015022975624405057,0.002482497535936727,0.6205047236909694,0.297,-5.223922027260669e-05,0.0015607002461989826,-0.00289770328529679,0.0029757451231903135,1.0485043411542267,0.504,1.60458535487683e-05,0.0014696423143875708,-0.0026247636798616583,0.0031028181475206314,0.985101355828461,0.48
7259_liver_sbr_Male_26-U1,sbr,26,tierApm_p95,Biliary/ductular,emt_ecm,31147,12.18803582947357,1000,0.005751018903817684,A_sender_for_emt_ecm,0.0019240514426933017,0.0006543426802967612,0.0005937941722164775,0.0032046125759703386,0.6654416417556785,0.0,3.4704983791973564e-06,0.0020081947984729887,-0.003421303798043758,0.004659792810866325,0.999396541997646,0.011,-0.0022808639460586448,0.0017409848661423103,-0.005297474000914409,0.0009382157597715558,1.3966017125321124,0.009
7259_liver_sbr_Male_26-U1,sbr,26,tierApm_p95,DC,emt_ecm,2627,19.185852382096297,1000,0.005257236643487009,A_sender_for_emt_ecm,0.0015165391705269228,0.0028002939434085307,-0.003730637546424995,0.006914260147842937,0.7115330213629044,0.095,0.0002125490423903877,0.004142855355049895,-0.007302193893240262,0.008561246038952716,0.959570196891611,0.219,-0.0028106041739051433,0.0035710788004952006,-0.009165902290161137,0.004772816657669605,1.53461625650561,0.294
7259_liver_sbr_Male_26-U1,sbr,26,tierApm_p95,Endothelial,emt_ecm,12292,25.962470509255517,1000,0.015641989632181982,A_sender_for_emt_ecm,0.008247821665893385,0.0011843320107948823,0.005958859644620947,0.010392252896770206,0.4727127520322456,0.0,-4.120337555662924e-06,0.0017980347634249444,-0.00356817161543183,0.0035911569521479263,1.0002634151826304,0.0,0.0006286336395251004,0.0012498033779484194,-0.0020124655155178226,0.002856046186652711,0.9598111458767533,0.0
7259_liver_sbr_Male_26-U1,sbr,26,tierApm_p95,Hepatocytes,emt_ecm,28534,6.999999999999999,1000,0.02193862756826204,A_sender_for_emt_ecm,0.0019236019669979986,0.0005319582749569347,0.0007981589598983879,0.002933441372721516,0.9123189469800372,0.0,5.885106428382693e-05,0.0028041749015841615,-0.004906123095077212,0.005240434169300075,0.9973174682827942,0.0,0.0009908701793503152,0.0019616702668234062,-0.0035550923637694023,0.00570013050091759,0.9548344500462839,0.0
7259_liver_sbr_Male_26-U1,sbr,26,tierApm_p95,Macrophages,emt_ecm,12535,17.345738419684505,1000,0.014226233422592558,A_sender_for_emt_ecm,0.007667832815097646,0.0013129708206078775,0.005077293093011016,0.010309345529367407,0.4610075212936948,0.0,3.092961966181777e-05,0.0028795577998333237,-0.0052947581241284585,0.005824475970982259,0.9978258743025614,0.0,-0.0019848949106604837,0.0023621861508257573,-0.0063726961837830155,0.0025292268154700442,1.1395235725225967,0.0
7259_liver_sbr_Male_26-U1,sbr,26,tierApm_p95,Mesenchymal,emt_ecm,14355,11.019082036984365,1000,0.026241008978106467,A_sender_for_emt_ecm,0.009855953761641511,0.0016829949060783412,0.00661905886563575,0.013014126800784962,0.6244064483242782,0.0,-9.42912845513783e-05,0.005134427475031704,-0.009389677820749535,0.010167391770313536,1.0035932796879132,0.0,-0.0028054289644503325,0.004004068109516205,-0.01088534310839481,0.004444675111543283,1.1069101026866373,0.0
7259_liver_sbr_Male_26-U1,sbr,26,tierApm_p95,T/NK cells,emt_ecm,5984,49.99999999999999,1000,0.008352240179850512,A_sender_for_emt_ecm,0.006769347039131587,0.0026970241030924557,0.001396827435618223,0.011999841758614991,0.1895171961814028,0.273,-0.00020063196478541475,0.003178879686557476,-0.006164145070756212,0.006220722297413631,1.0240213356494983,0.004,-0.0031311581300200904,0.001867303598356228,-0.006201389974921802,0.0010426454003734083,1.3748884206627463,0.0
7259_liver_sbr_Male_26-U1,sbr,26,tierApm_p95,Biliary/ductular,il6_jak_stat3,31148,6.999999999999999,1000,0.00263792890555556,A_sender_for_il6_jak_stat3,0.0009416185055431161,0.0007205717544004279,-0.00038878276229871564,0.002323726738327604,0.6430462915205796,0.008,2.581875203364657e-05,0.0015135855885573689,-0.003050187034257679,0.002989109955857199,0.990212491330122,0.08,5.7526090139952215e-05,0.0013632912223235064,-0.002628545791401851,0.0027647631202441904,0.9781927063997818,0.059
7259_liver_sbr_Male_26-U1,sbr,26,tierApm_p95,DC,il6_jak_stat3,2627,49.99999999999999,1000,0.0016145108812052587,A_sender_for_il6_jak_stat3,0.004224195235519115,0.003940746155008004,-0.003486955840012901,0.01197763522114056,-1.6163931656909516,0.825,9.54645387129124e-05,0.002366311664987222,-0.004720652133918804,0.00483330679427636,0.9408709226898201,0.49,0.000694426496589714,0.001985904670260031,-0.0029508932495416204,0.004481684439740174,0.5698842883788351,0.439
7259_liver_sbr_Male_26-U1,sbr,26,tierApm_p95,Endothelial,il6_jak_stat3,12292,7.361938632551805,1000,0.009233233708076292,A_sender_for_il6_jak_stat3,0.0020167980161900534,0.0015089468523375857,-0.001047017481338731,0.00485597957759386,0.7815718652907092,0.0,8.449183519350622e-05,0.003818568450901752,-0.006881775125923399,0.007398083299255727,0.9908491609911704,0.011,0.0031771423918157665,0.0029401385477185646,-0.002630519938386405,0.008785197372126385,0.6559014433874097,0.016
7259_liver_sbr_Male_26-U1,sbr,26,tierApm_p95,Hepatocytes,il6_jak_stat3,28532,6.999999999999999,1000,0.012393299327899692,A_sender_for_il6_jak_stat3,0.000874975295120844,0.0005049087511417727,-0.00012056448947435762,0.0019328418149373763,0.9293993252344751,0.0,3.0455912577925125e-05,0.001891096122949186,-0.0032453808513243343,0.003871732321770814,0.9975425500690229,0.0,0.0001710414874056157,0.0014016348529213114,-0.0027050035618702856,0.0028321311473726396,0.986198873852698,0.0
7259_liver_sbr_Male_26-U1,sbr,26,tierApm_p95,Macrophages,il6_jak_stat3,12536,6.999999999999999,1000,0.010691052201892157,A_sender_for_il6_jak_stat3,0.0019841381104626224,0.0014543190140664651,-0.0008079388210789471,0.0048568447186345745,0.8144113345446522,0.0,0.00018447565099428593,0.003511485956082476,-0.006380426565131352,0.007404038744331801,0.9827448554631848,0.002,0.0007537146942784657,0.00290878493293146,-0.00483307223826367,0.0072365200881930524,0.9295004195990111,0.0
7259_liver_sbr_Male_26-U1,sbr,26,tierApm_p95,Mesenchymal,il6_jak_stat3,14354,6.999999999999999,1000,0.011723711519423993,A_sender_for_il6_jak_stat3,0.0019886919250554115,0.0011652614547021103,-0.0004018578820185487,0.004365191359993461,0.8303701074731733,0.0,-3.61553626784893e-05,0.0024452625992373014,-0.004810925122755087,0.0049008010927972055,1.0030839519224426,0.0,-4.529190805080365e-05,0.002283746766714326,-0.004477810501090305,0.004191271569492827,1.0038632738425681,0.0
7259_liver_sbr_Male_26-U1,sbr,26,tierApm_p95,T/NK cells,il6_jak_stat3,5984,14.178039470333344,1000,0.02301605942083585,A_sender_for_il6_jak_stat3,0.008254168936975531,0.0030983290390287186,0.002015066046984422,0.013743564136408848,0.6413734955209908,0.0,-0.00033423523765561535,0.008543805480647104,-0.01394582247363054,0.014866121537236092,1.0145218271965808,0.0,-0.0006014915432925739,0.007140483715149447,-0.010729633928362663,0.01263961490919059,1.0261335588466571,0.004
7259_liver_sbr_Male_26-U1,sbr,26,tierApm_p95,Biliary/ductular,interferon_response,31148,27.304873519796445,1000,0.0006187214571672101,A_sender_for_interferon_response,0.0015985716519414472,0.0007140239170747996,0.0002060590677442911,0.002968508130749455,-1.58366932878074,0.912,-5.009294942880986e-05,0.0008373036465331563,-0.0017231702207885246,0.0014636875185948383,1.0809620368722272,0.475,-0.0004175091174923835,0.0007335487406775724,-0.0018460598054505736,0.0009320036452521482,1.6747933381911972,0.459
7259_liver_sbr_Male_26-U1,sbr,26,tierApm_p95,DC,interferon_response,2627,49.99999999999999,1000,0.00766508237155099,A_sender_for_interferon_response,0.005258911648087082,0.004076871665075774,-0.0024591547710908416,0.013368409290381817,0.31391322451986015,0.263,-4.561210246680865e-05,0.003391679118572488,-0.007441858468091675,0.006142758156032235,1.0059506343514453,0.028,0.0012919076297697057,0.0018429785782895043,-0.0027032530709198734,0.0045653906936099714,0.8314554799091749,0.002
7259_liver_sbr_Male_26-U1,sbr,26,tierApm_p95,Endothelial,interferon_response,12291,33.40540803599722,1000,0.005752342567537708,A_sender_for_interferon_response,0.0024691156646224448,0.001332969047206925,-0.00024084221036979128,0.005195272801921338,0.5707634523443638,0.007,-8.32999430508852e-05,0.002075939888139463,-0.00336313552968427,0.0042358533947622,1.0144810469948318,0.002,0.0032348601336477214,0.0012547139773200445,0.0002805783707034533,0.005103908762833855,0.43764473418132954,0.001
7259_liver_sbr_Male_26-U1,sbr,26,tierApm_p95,Hepatocytes,interferon_response,28533,6.999999999999999,1000,0.012281285622582374,A_sender_for_interferon_response,0.0013238467518522212,0.000470216997985882,0.00041859384787799333,0.002238429253422182,0.8922061751077607,0.0,-1.6206735821945875e-05,0.0020423330637353255,-0.003439339665381501,0.004097343215552447,1.0013196286056687,0.0,0.00012814041530059014,0.0014309784820642055,-0.0032705732481059678,0.0026993149296246723,0.9895662050994914,0.0
7259_liver_sbr_Male_26-U1,sbr,26,tierApm_p95,Macrophages,interferon_response,12536,6.999999999999999,1000,0.008191410804505925,A_sender_for_interferon_response,0.0019900419579424802,0.0014888719962992854,-0.0010613504636171446,0.004911239205800682,0.7570574830836466,0.0,-8.530659023975697e-05,0.003336108919303662,-0.006387978798845525,0.00615191675087086,1.0104141511487656,0.01,0.0004726323096383863,0.002692899065406022,-0.004238676542179413,0.005895389492754304,0.9423014763978872,0.0
7259_liver_sbr_Male_26-U1,sbr,26,tierApm_p95,Mesenchymal,interferon_response,14355,6.999999999999999,1000,0.010134163119069868,A_sender_for_interferon_response,0.00216531982284749,0.0010209621980025241,0.0001088270538920999,0.0041404411889366345,0.7863346191090096,0.0,-1.6006062071048255e-05,0.0022993396459665668,-0.004312668473859106,0.00430759858075431,1.0015794162658513,0.0,-0.000733552812582134,0.002085788902319392,-0.004750741413013179,0.003420132713449004,1.072384152885972,0.0
7259_liver_sbr_Male_26-U1,sbr,26,tierApm_p95,T/NK cells,interferon_response,5984,18.24260882600192,1000,0.023470097499541803,A_sender_for_interferon_response,0.010885466290931987,0.003862415544915015,0.002648135185036268,0.017590261829949314,0.5361985057307709,0.0,-0.0003518986535516021,0.011127295001449815,-0.017692027712452724,0.018945448141623727,1.0149934892072123,0.004,-0.00365263782650305,0.00927581677035332,-0.01721872756723702,0.011865040697438694,1.155629427043256,0.001
7259_liver_sbr_Male_26-U1,sbr,26,tierApm_p95,Biliary/ductular,oxidative_stress,31147,6.999999999999999,1000,-0.020588662577020723,A_sender_for_oxidative_stress,-0.0038429511200800573,0.0012647707524954396,-0.006415998569054864,-0.0013924820875669476,0.8133462479311684,0.0,5.708076708898957e-05,0.0031035104936311566,-0.005920902264636508,0.006068306815874041,1.0027724368630286,0.0,-0.0011160358031558806,0.002631260612778615,-0.006188451539734991,0.0042637362349578194,0.9457936716879559,0.0
7259_liver_sbr_Male_26-U1,sbr,26,tierApm_p95,DC,oxidative_stress,2627,6.999999999999999,1000,-0.0133824425311123,A_sender_for_oxidative_stress,-0.004011529917196219,0.0046292752417697305,-0.0129765822232197,0.0053454237966735485,0.7002393316563866,0.019,0.00024878896697735117,0.009697037170986838,-0.01821889999895398,0.02037660978334296,1.0185906994480978,0.164,-0.00512192890635912,0.009446970862686076,-0.025093780857214712,0.012816554143457537,0.6172650176190666,0.205
7259_liver_sbr_Male_26-U1,sbr,26,tierApm_p95,Endothelial,oxidative_stress,12289,7.742591489922676,1000,-0.03462812741086324,A_sender_for_oxidative_stress,-0.0053825133812038725,0.0022975813872936034,-0.009927755958442593,-0.0010389485802549932,0.8445623894893226,0.0,-0.0001388176914158086,0.005281483772197329,-0.010428797923810297,0.00930887169906765,0.9959911868820184,0.0,-0.0044875386087346635,0.003990308268875584,-0.01256860779213459,0.00323926263404402,0.8704077019386596,0.0
7259_liver_sbr_Male_26-U1,sbr,26,tierApm_p95,Hepatocytes,oxidative_stress,28531,6.999999999999999,1000,-0.02549196766276874,A_sender_for_oxidative_stress,-0.0015134581389031352,0.0010924229257312317,-0.0036167403029425975,0.0005895899289588862,0.9406299992639032,0.0,0.00011369413313540251,0.004854156342992225,-0.009562252474490418,0.010635146792047948,1.0044599983272948,0.0,-0.0072448525350820945,0.004227040183542341,-0.014725796987981305,0.0001578773591246157,0.7157986142567069,0.0
7259_liver_sbr_Male_26-U1,sbr,26,tierApm_p95,Macrophages,oxidative_stress,12534,6.999999999999999,1000,-0.03820592337934704,A_sender_for_oxidative_stress,-0.0057663282258588215,0.002115676622539468,-0.009734725440791733,-0.0015678036404549814,0.8490724025014424,0.0,0.0002522789524689633,0.004853008374909266,-0.008898102435668168,0.009821454351349563,1.0066031371618502,0.0,-0.002108276962907396,0.004206722581419262,-0.010017790599454386,0.0058931531092879675,0.9448180602265703,0.0
7259_liver_sbr_Male_26-U1,sbr,26,tierApm_p95,Mesenchymal,oxidative_stress,14353,17.345738419684505,1000,-0.02280324658518244,A_sender_for_oxidative_stress,-0.00837123921465098,0.001918436068083229,-0.011906041299846352,-0.004475203320342552,0.6328926592369257,0.0,-1.848216632168391e-05,0.002389663101718365,-0.004524790947768819,0.0047249749168487044,0.9991894940813519,0.0,-0.0014342855931644995,0.0024281159444039147,-0.006403867803130196,0.002753128157333722,0.9371016934888342,0.0
7259_liver_sbr_Male_26-U1,sbr,26,tierApm_p95,T/NK cells,oxidative_stress,5984,49.99999999999999,1000,-0.024394188730087554,A_sender_for_oxidative_stress,-0.006430572725301576,0.004374533497897374,-0.015062259619899848,0.001945988644674797,0.7363891541361173,0.0,-9.335502184294716e-05,0.00363216927630703,-0.007389190164982701,0.0066455117722558615,0.996173063065311,0.0,-0.0032127304136492577,0.0037336543389813954,-0.010681468365908135,0.004252325971935169,0.8682993540307119,0.0
7259_liver_sbr_Male_26-U1,sbr,26,tierApm_p95,Biliary/ductular,secondary_senescence,31148,49.99999999999999,1000,-0.00011861398430806492,A_sender_for_secondary_senescence,-9.464527785423746e-05,0.0007287736505474448,-0.0015731906030357265,0.001367362733795538,0.2020731922433007,0.879,-3.4253890041402476e-05,0.0012015978678626992,-0.0023195443752633185,0.002630922712992537,0.7112154166203701,0.92,0.00016755637662286575,0.0006569985752372962,-0.0012954249719421996,0.001223534745037167,2.4126190735460615,0.849
7259_liver_sbr_Male_26-U1,sbr,26,tierApm_p95,DC,secondary_senescence,2627,6.999999999999999,1000,-0.0030474919468456334,A_sender_for_secondary_senescence,-0.0006929227850292886,0.0020259380547273938,-0.0047086381098149725,0.0033519425557382194,0.772625228510772,0.151,-0.00011699185565079476,0.004241058649824932,-0.007981674295967337,0.008243026707738365,0.9616104463305015,0.485,-0.0005384425480426515,0.003882223429149359,-0.008041278140010216,0.007276844247861217,0.8233161703347643,0.433
7259_liver_sbr_Male_26-U1,sbr,26,tierApm_p95,Endothelial,secondary_senescence,12292,49.99999999999999,1000,0.005500795915711874,A_sender_for_secondary_senescence,0.002823048715100802,0.0012619517326428503,0.00042578826503133897,0.005356304742300243,0.4867926826666386,0.018,6.776847849503631e-05,0.0020758099294660793,-0.0032685028715080805,0.004566153571035562,0.9876802412717276,0.009,0.0032041567654466124,0.001277685533968414,0.00023498568197832464,0.005010907607876683,0.4175103358598329,0.001
7259_liver_sbr_Male_26-U1,sbr,26,tierApm_p95,Hepatocytes,secondary_senescence,28532,49.99999999999999,1000,0.003417448010429048,A_sender_for_secondary_senescence,0.0006510278992804044,0.0006245250574636754,-0.0005410168931402428,0.001844897684462676,0.8094988139413801,0.0,-4.903237403852444e-05,0.001702393277799272,-0.0028226921347711087,0.0036045494960085162,1.014347657634847,0.043,0.002643977827729903,0.0014325302340199172,-0.0001593838431695353,0.0045998389673111515,0.2263297584451149,0.415
7259_liver_sbr_Male_26-U1,sbr,26,tierApm_p95,Macrophages,secondary_senescence,12536,49.99999999999999,1000,0.0014260697973631658,A_sender_for_secondary_senescence,0.0021112740266805837,0.0011706898384796862,-0.00017416132092376875,0.004392769209108388,-0.4804843567856044,0.718,-3.281070679596129e-05,0.001160322195415085,-0.002260915082584642,0.0022127212728616417,1.0230077846516552,0.229,0.00032433615183619,0.0008829701551181824,-0.0016037440455576545,0.0015214797263217517,0.772566425264812,0.083
7259_liver_sbr_Male_26-U1,sbr,26,tierApm_p95,Mesenchymal,secondary_senescence,14354,6.999999999999999,1000,0.007357626029692692,A_sender_for_secondary_senescence,0.0009990947255227947,0.0008794068926913308,-0.000748119484898003,0.002685947540593419,0.8642096348073668,0.0,5.134573700416985e-05,0.0022693143069480396,-0.004205880876039504,0.004840426317725042,0.9930214260962765,0.002,0.0006856840408351428,0.0017045124397542656,-0.002384336917173809,0.004310086350226074,0.9068063478535097,0.0
7259_liver_sbr_Male_26-U1,sbr,26,tierApm_p95,T/NK cells,secondary_senescence,5984,6.999999999999999,1000,0.0007264260304296754,A_sender_for_secondary_senescence,-5.315932734701754e-05,0.0013072876532186986,-0.002529656022164815,0.0025018174570295144,1.0731792710065389,0.58,-9.019810408755588e-05,0.0030288735162195195,-0.005867784807723377,0.005794128581699239,1.1241669492958621,0.815,-0.0005737295806522,0.0024487558774747478,-0.0054875530214156575,0.0038545793549679837,1.7897976622793148,0.761
7259_liver_sbr_Male_26-U1,sbr,26,tierApm_p95,Biliary/ductular,tnfa_nfkb_proximal,31151,49.99999999999999,1000,0.0023987644052959004,A_sender_for_tnfa_nfkb_proximal,0.0024355660394388776,0.0009554916355921766,0.0005253902031277719,0.004273807737494144,-0.015341912720452234,0.513,7.97175586305252e-06,0.0007618811721671923,-0.0015250540340028306,0.0014840958975365197,0.9966767241312016,0.002,-0.00042650393776117444,0.0005974625991163142,-0.0013927045614373053,0.0009639785895287511,1.1778015118198166,0.0
7259_liver_sbr_Male_26-U1,sbr,26,tierApm_p95,DC,tnfa_nfkb_proximal,2627,49.99999999999999,1000,-0.0018960004824195395,A_sender_for_tnfa_nfkb_proximal,0.005311234555811021,0.0037000752921781095,-0.0019193882737772608,0.012595356808711449,3.8012833356630824,0.842,-3.774257649138797e-05,0.002639920976922199,-0.005403005302073501,0.005169957843172278,0.9800935828649033,0.463,-0.0027842303629052882,0.00165385763903138,-0.00593357195709281,0.0004059231932654299,-0.4684755561624402,0.745
7259_liver_sbr_Male_26-U1,sbr,26,tierApm_p95,Endothelial,tnfa_nfkb_proximal,12304,6.999999999999999,1000,0.01268563881168375,A_sender_for_tnfa_nfkb_proximal,0.0014547328289576894,0.0009025093320910119,-0.00032909891557894485,0.0032338898453403426,0.8853244325687526,0.0,2.022689972937329e-06,0.0022459903356711938,-0.003966596042399186,0.004472050295523693,0.9998405527697135,0.0,0.0019529429537357603,0.001829902194208495,-0.00163900145517063,0.005342943252069397,0.8460508782626653,0.0
7259_liver_sbr_Male_26-U1,sbr,26,tierApm_p95,Hepatocytes,tnfa_nfkb_proximal,28574,7.742591489922676,1000,0.006403352466412077,A_sender_for_tnfa_nfkb_proximal,0.0002976701053102856,0.00039006273864144325,-0.00046586862084740764,0.0010560445939608286,0.9535133967914973,0.0,-2.2138594685088136e-06,0.0011248599826880034,-0.0020761461348913672,0.002342634586382468,1.0003457344383464,0.0,-0.0004217450384483785,0.0009565158455905815,-0.0021412430782303117,0.0013042402572772053,1.0658631616267549,0.0
7259_liver_sbr_Male_26-U1,sbr,26,tierApm_p95,Macrophages,tnfa_nfkb_proximal,12544,6.999999999999999,1000,0.004235318061648237,A_sender_for_tnfa_nfkb_proximal,0.0011718598411310092,0.0009638520498395317,-0.0006522811952241735,0.0030310304961717652,0.7233124350819209,0.001,5.459008491809497e-07,0.001998956391515753,-0.003815552117423567,0.003973582028751384,0.9998711074726301,0.031,0.00048182685696845527,0.0017632196485548148,-0.0026592829071456375,0.00403607685108036,0.8862359685966665,0.022
7259_liver_sbr_Male_26-U1,sbr,26,tierApm_p95,Mesenchymal,tnfa_nfkb_proximal,14353,6.999999999999999,1000,0.0070008968996064305,A_sender_for_tnfa_nfkb_proximal,0.0014495458947377693,0.0008556891572712935,-0.0002877620583663399,0.003030476113298967,0.7929485442330598,0.0,-2.712656113568899e-05,0.0020240986487415663,-0.0039727265887474755,0.0039802685752898664,1.0038747265564236,0.001,-0.001326350117364542,0.0020010444962586015,-0.0051677595902420385,0.0025654363585346117,1.1894543136950217,0.004
7259_liver_sbr_Male_26-U1,sbr,26,tierApm_p95,T/NK cells,tnfa_nfkb_proximal,5988,27.304873519796445,1000,0.014120735468052599,A_sender_for_tnfa_nfkb_proximal,0.008015405126967114,0.002691584523909485,0.002403820606394051,0.012581464528851047,0.4323663137021769,0.002,0.00011137039529004306,0.005992017574504288,-0.010278137269775127,0.009518245027164836,0.9921129890477721,0.0,-0.001363852684061551,0.005814129988574577,-0.009526714868078759,0.008665347059002024,1.0965851026065316,0.001
7260_liver_sbr_Male_26-U1,sbr,26,tierApm_p95,Biliary/ductular,downstream_arrest,27611,33.40540803599722,1000,0.0023969245596034043,A_sender_for_downstream_arrest,0.0020015602780426005,0.0005594911705482528,0.000898407322278149,0.0031616225286399684,0.16494648526869818,0.226,1.050951020222586e-05,0.001475519280979836,-0.0026665068962157435,0.0024734471736356256,0.9956154188665978,0.083,-5.624889745970164e-05,0.0008197524092863553,-0.001519424010920601,0.0015182967911861263,1.0234671121518353,0.003
7260_liver_sbr_Male_26-U1,sbr,26,tierApm_p95,DC,downstream_arrest,5501,6.999999999999999,1000,0.0027547397912707273,A_sender_for_downstream_arrest,1.1469312632614615e-05,0.0017095139750518563,-0.0034300595460291902,0.003307887516517997,0.9958365168757648,0.112,-8.66178779159863e-06,0.003919757277205739,-0.007118751445927085,0.008013346204746663,1.0031443215867597,0.468,-0.0005775558716150597,0.003757607098852383,-0.007907159077528056,0.006954851689150028,1.209658957062017,0.471
7260_liver_sbr_Male_26-U1,sbr,26,tierApm_p95,Endothelial,downstream_arrest,22315,6.999999999999999,1000,-0.0013512516760299442,A_sender_for_downstream_arrest,-3.2514589887186644e-05,0.0005520221579075322,-0.0010993180040894158,0.0010345199999250605,0.9759374286345263,0.018,0.0001498816589126475,0.0018188215798046817,-0.003113382676434184,0.003880276964558115,1.1109206090704054,0.453,-0.0008828156028630762,0.0012107793129943986,-0.0030586974022431303,0.0015268407245612133,0.34666826430377523,0.393
7260_liver_sbr_Male_26-U1,sbr,26,tierApm_p95,Hepatocytes,downstream_arrest,52684,49.99999999999999,1000,-0.002468402335064684,A_sender_for_downstream_arrest,-0.00011671822729468129,0.0004427265254808178,-0.0010394589930666485,0.0007162221270345864,0.9527150717544501,0.0,-7.651349285305953e-05,0.0023344454935731772,-0.004425312812354156,0.003725123231924028,0.9690028275511843,0.343,-0.0013609717313739194,0.001025213171124314,-0.0036449079548136385,0.000298336123368717,0.4486426657272404,0.142
7260_liver_sbr_Male_26-U1,sbr,26,tierApm_p95,Macrophages,downstream_arrest,18038,6.999999999999999,1000,0.0013081558412290882,A_sender_for_downstream_arrest,0.00020071224057837523,0.0006664158197293902,-0.0010854288241629623,0.0015439930234470182,0.8465685553261036,0.06,2.0864440655120346e-05,0.0017178356907211192,-0.0031264157497757753,0.0033780482071176605,0.9840504930700635,0.451,-0.00020818832323021743,0.0014267390141327132,-0.0029472822341469972,0.002577698093794206,1.1591464232844098,0.357
7260_liver_sbr_Male_26-U1,sbr,26,tierApm_p95,Mesenchymal,downstream_arrest,28950,49.99999999999999,1000,-0.0019605733883964207,A_sender_for_downstream_arrest,0.0004610567858683729,0.0005791176340091449,-0.000703702572876779,0.0016553854180258072,1.2351642578630926,0.007,-3.175516594854631e-05,0.0009022724715958447,-0.0022527105564750577,0.0014218626513061777,0.9838031230371238,0.029,-0.0007300448829895107,0.0008012482988315058,-0.0022643465784239146,0.0007304121982207537,0.6276370538791082,0.071
7260_liver_sbr_Male_26-U1,sbr,26,tierApm_p95,Proliferating,downstream_arrest,3546,6.999999999999999,1000,0.010635640109817178,A_sender_for_downstream_arrest,0.0014291177798344097,0.008528435877565773,-0.014665475855053392,0.01793288414678082,0.8656293589216817,0.219,0.00017100404219048954,0.006038759060689083,-0.01159771883805589,0.011760420533371028,0.9839216031734052,0.081,-0.0005790417960498689,0.005040604133598187,-0.010860756674978144,0.008890416184628802,1.054443530438322,0.042
7260_liver_sbr_Male_26-U1,sbr,26,tierApm_p95,T/NK cells,downstream_arrest,5344,6.999999999999999,1000,0.002069655778160665,A_sender_for_downstream_arrest,0.0001647444177291769,0.0014963563999465137,-0.0025808969656257318,0.0030453117985805344,0.9204000880399601,0.167,8.778967106064364e-05,0.003537232615109171,-0.006874817751187551,0.007153053277608516,0.9575824772471759,0.541,-0.0007552768282009523,0.0031440732064132552,-0.006721933357321159,0.005450255503584587,1.3649287172150812,0.504
7260_liver_sbr_Male_26-U1,sbr,26,tierApm_p95,vSMCs,downstream_arrest,4981,6.999999999999999,1000,0.004807581946581256,A_sender_for_downstream_arrest,0.00012659450767931759,0.001345863216609515,-0.0025404401904182998,0.002829602498752584,0.9736677379427009,0.0,1.1007103934532968e-05,0.003345296621662379,-0.006040024116545589,0.006899308262347023,0.9977104698251975,0.14,0.00019960521368662937,0.002852902369394704,-0.005397528827709372,0.005510600180154016,0.9584811624836532,0.086
7260_liver_sbr_Male_26-U1,sbr,26,tierApm_p95,Biliary/ductular,emt_ecm,27621,49.99999999999999,1000,0.005798528074391353,A_sender_for_emt_ecm,0.004449653151366981,0.0010655403108556251,0.0024703235563004046,0.006546366740232527,0.232623677202073,0.101,2.807672302328756e-07,0.0023041247497095486,-0.0035684357275355453,0.00587108965653975,0.999951579568706,0.027,0.0024731372239306876,0.0015772655391330377,-0.0005689216893651288,0.005561221962611896,0.5734887902236668,0.015
7260_liver_sbr_Male_26-U1,sbr,26,tierApm_p95,DC,emt_ecm,5492,49.99999999999999,1000,0.024204734358559337,A_sender_for_emt_ecm,0.0193493682348057,0.003946360156231485,0.012116075240647147,0.02707154532968153,0.20059572031769352,0.113,1.717699624687996e-05,0.00820187409724967,-0.01419855004254587,0.017892924654813215,0.9992903455996489,0.003,0.005867121407690953,0.005100875797306123,-0.003050008175736885,0.015485165578859395,0.7576043876054269,0.001
7260_liver_sbr_Male_26-U1,sbr,26,tierApm_p95,Endothelial,emt_ecm,22273,45.204502969779604,1000,0.020643778563853285,A_sender_for_emt_ecm,0.01067852674779887,0.0014248632340790792,0.007989161375409958,0.013493180641565242,0.4827242156871082,0.0,2.9945488897423287e-05,0.004243966570377049,-0.0076072367587124885,0.008444977720756504,0.9985494182276371,0.0,0.00400880344484359,0.0019501793525635018,0.0008317728663525256,0.007468673649966949,0.8058105771458477,0.0
7260_liver_sbr_Male_26-U1,sbr,26,tierApm_p95,Hepatocytes,emt_ecm,52694,49.99999999999999,1000,0.006007544300400283,A_sender_for_emt_ecm,0.002490305746950761,0.0005257806228336412,0.0015098485569233616,0.0035142695553714563,0.5854702649825101,0.0,6.534145715999913e-05,0.003023106897245863,-0.004435614504837848,0.0070604980290493455,0.989123433154601,0.048,0.004536370695512829,0.0011113048817922003,0.002670518383507629,0.006529134508822015,0.2448876831069609,0.14
7260_liver_sbr_Male_26-U1,sbr,26,tierApm_p95,Macrophages,emt_ecm,18040,47.54182525407475,1000,0.03787460591859134,A_sender_for_emt_ecm,0.025575661239696377,0.0019658953933025494,0.02170037698606936,0.029376810747655607,0.324727990710468,0.0,2.0353366273401562e-05,0.005872521558638558,-0.012427662809312637,0.010374097127949641,0.9994626118007103,0.0,0.004625862521700574,0.0035760034417477164,-0.002285169192588633,0.009579797353888805,0.877863745126655,0.0
7260_liver_sbr_Male_26-U1,sbr,26,tierApm_p95,Mesenchymal,emt_ecm,28914,25.962470509255517,1000,0.021250735769573564,A_sender_for_emt_ecm,0.012023483950473013,0.0014517874175092652,0.00912619095141396,0.014856336230196658,0.4342085807829756,0.0,-0.00025823669499532774,0.0059091973068817,-0.010652636337316657,0.01243409271555014,1.0121518943059404,0.0,0.006864032463682024,0.004157338701971473,-0.0015376495459223764,0.012817254012345321,0.6769978913619628,0.0
7260_liver_sbr_Male_26-U1,sbr,26,tierApm_p95,Proliferating,emt_ecm,3548,6.999999999999999,1000,0.04687570464833061,A_sender_for_emt_ecm,0.043609350781414556,0.007933255181873421,0.02905204674488922,0.059615309356864044,0.0696811683455382,0.337,-0.00021769431943879366,0.0054132171095614525,-0.010677765547194394,0.01064948867215036,1.004644075669304,0.0,0.0027031802549501317,0.004926280264495393,-0.006750550066347563,0.012251911671785536,0.9423330214397876,0.0
7260_liver_sbr_Male_26-U1,sbr,26,tierApm_p95,T/NK cells,emt_ecm,5347,49.99999999999999,1000,0.03920809592956662,A_sender_for_emt_ecm,0.030906914788814514,0.003574654400810645,0.023708782738547693,0.03773406167262052,0.21172109851149978,0.012,3.96179397730195e-05,0.007296413930809958,-0.012545919601819285,0.016767367441084403,0.9989895469587661,0.0,0.006649766082857045,0.005568166206188113,-0.0024423407095695727,0.01645331968466624,0.8303981378028998,0.001
7260_liver_sbr_Male_26-U1,sbr,26,tierApm_p95,vSMCs,emt_ecm,4963,24.6860647223019,1000,0.007384305182670147,A_sender_for_emt_ecm,0.014292936582213802,0.005122751956776604,0.004171513864621045,0.02420199086422764,-0.9355831359404231,0.91,-0.00012842110227469678,0.011745119731077489,-0.023263226322900264,0.02125866739083516,1.0173910881386758,0.541,0.004857013901924563,0.007217892063745459,-0.010266657227953422,0.019373100594642756,0.34225173773651124,0.412
7260_liver_sbr_Male_26-U1,sbr,26,tierApm_p95,Biliary/ductular,il6_jak_stat3,27616,14.911122358641625,1000,0.004112635111673758,A_sender_for_il6_jak_stat3,0.0024264207467871177,0.0008711295186205742,0.0007608051649928621,0.004098717920089991,0.41000825969225985,0.024,0.00014051967652030617,0.001935656015691023,-0.003451463542397289,0.0037488155583394927,0.9658322042426182,0.026,0.00044730107846531356,0.0013709081900698096,-0.0022298032732642075,0.0030532730006187845,0.8912373535897593,0.001
7260_liver_sbr_Male_26-U1,sbr,26,tierApm_p95,DC,il6_jak_stat3,5491,24.6860647223019,1000,0.009074628301893418,A_sender_for_il6_jak_stat3,0.009043008718206763,0.0027881326882143254,0.003583989434374089,0.01446792882930241,0.0034843943613709493,0.498,8.589746846260669e-05,0.004974006711637691,-0.009837813867598515,0.009186395305796189,0.9905343265195022,0.066,-0.004406304077401367,0.0037597759254221694,-0.01224627819068884,0.0026192805242040754,1.485563036943562,0.096
7260_liver_sbr_Male_26-U1,sbr,26,tierApm_p95,Endothelial,il6_jak_stat3,22272,6.999999999999999,1000,0.012620765449520581,A_sender_for_il6_jak_stat3,0.0012969562257697626,0.0012410656554002653,-0.0011216109617977683,0.003679057400999654,0.8972363260408243,0.0,-0.00033127377468924037,0.0038316274500845887,-0.008157567779335398,0.007000628137594598,1.0262483108504186,0.001,0.001591326159625938,0.002834597933649879,-0.004061394432084634,0.006778430182996074,0.8739120724499014,0.0
7260_liver_sbr_Male_26-U1,sbr,26,tierApm_p95,Hepatocytes,il6_jak_stat3,52698,49.99999999999999,1000,0.004228557788435043,A_sender_for_il6_jak_stat3,0.0008278038768550328,0.0005584098452638752,-0.00023910366474640365,0.0019611260519502285,0.8042349381817491,0.0,0.00031025002559464466,0.002732153261555802,-0.004256942291468303,0.005550301765666541,0.9266298248440241,0.12,0.004019746399074771,0.0009503880903142239,0.0021747928586301115,0.005685403651357631,0.04938123109760114,0.449
7260_liver_sbr_Male_26-U1,sbr,26,tierApm_p95,Macrophages,il6_jak_stat3,18044,9.006764443646388,1000,0.01904104873771895,A_sender_for_il6_jak_stat3,0.0041533713107675205,0.0015232258084338268,0.0011384964992008117,0.0072369336153263394,0.7818727650993303,0.0,2.533766764158469e-05,0.004173616412305197,-0.008126724678886645,0.008305457675946612,0.9986693134401052,0.0,0.0006985233630562403,0.0030432039102121196,-0.004772910988732594,0.006940904193069772,0.9633148692239564,0.0
7260_liver_sbr_Male_26-U1,sbr,26,tierApm_p95,Mesenchymal,il6_jak_stat3,28915,6.999999999999999,1000,0.004125026086080447,A_sender_for_il6_jak_stat3,0.0006040503828744727,0.0010263180226015571,-0.0014644257041313924,0.0025983883388010485,0.8535644695889828,0.0,7.148162624814075e-05,0.003303193894845008,-0.005825228075223794,0.0065887762835773475,0.9826712304949174,0.227,0.0019453876207328963,0.0022687908915157043,-0.0023083756778657654,0.006643179806049865,0.5283938622115766,0.169
7260_liver_sbr_Male_26-U1,sbr,26,tierApm_p95,Proliferating,il6_jak_stat3,3548,6.999999999999999,1000,0.006179437616571413,A_sender_for_il6_jak_stat3,0.01567121520207334,0.0062777580742700645,0.0035424527640858226,0.02799656836509295,-1.536026119925186,0.929,9.962826836234736e-05,0.00419081273060786,-0.007654833258877397,0.008817032181264766,0.9838774538163192,0.151,0.0007889618296395666,0.0036456781437067963,-0.006297854745446898,0.007467062453705921,0.8723246549938775,0.096
7260_liver_sbr_Male_26-U1,sbr,26,tierApm_p95,T/NK cells,il6_jak_stat3,5349,23.47241150476913,1000,0.012239722775175366,A_sender_for_il6_jak_stat3,0.00949921828532932,0.0024277162125509086,0.004858223445742814,0.014352076755466254,0.2239024968281426,0.125,2.0308732609022522e-05,0.005016114851844241,-0.009220329705369916,0.009808025866029359,0.9983407522390775,0.005,0.00026574574704814325,0.0036142549693472825,-0.006519835435406228,0.0074134166438574265,0.978288254404983,0.0
7260_liver_sbr_Male_26-U1,sbr,26,tierApm_p95,vSMCs,il6_jak_stat3,4963,16.49296129703063,1000,-0.004323796737428436,A_sender_for_il6_jak_stat3,-0.0007163440196049013,0.0026664079939144572,-0.005954319402184017,0.0043390913120559,0.8343252324042076,0.117,0.00021401508662727874,0.0051678284247879845,-0.009470801983697524,0.010732334432087999,1.049497027641166,0.419,-0.0007586222784113033,0.00390322797127525,-0.008055478589565599,0.006231789896973719,0.8245471920906043,0.282
7260_liver_sbr_Male_26-U1,sbr,26,tierApm_p95,Biliary/ductular,interferon_response,27631,6.999999999999999,1000,0.0004979470103345821,A_sender_for_interferon_response,0.0008148045257800828,0.0007729363263783639,-0.0006527553249283727,0.002343848908956276,-0.6363277796016824,0.71,-6.93992106278136e-05,0.0020714540085422467,-0.004219234259479955,0.004177113900413826,1.13937067436389,0.796,2.4538915146590345e-05,0.0017955110694519753,-0.003420333929669142,0.0033412475276653362,0.9507198263323198,0.793
7260_liver_sbr_Male_26-U1,sbr,26,tierApm_p95,DC,interferon_response,5495,36.94920399670096,1000,0.004405700599822109,A_sender_for_interferon_response,0.006882433234816764,0.002833515885304779,0.0017070049542921445,0.012490651185723865,-0.5621654442643378,0.812,-0.00010714709619025756,0.004390173951391972,-0.008871246810667408,0.007551914532144322,1.0243201038660192,0.335,-0.0044387499062528155,0.003552119883747244,-0.010614855660891303,0.0033240606844228706,2.0075014871487276,0.544
7260_liver_sbr_Male_26-U1,sbr,26,tierApm_p95,Endothelial,interferon_response,22280,16.49296129703063,1000,0.005254126572857505,A_sender_for_interferon_response,0.000983902731969454,0.0009353354179601151,-0.0008339738429665904,0.0027378223133688595,0.8127371470165499,0.0,8.465515985440832e-05,0.0021282234304407415,-0.0037248538486912104,0.004057530576516373,0.983887872002983,0.007,0.001104333822813963,0.0014946922079296765,-0.0016961953309766742,0.0041537039982373035,0.7898159080295318,0.003
7260_liver_sbr_Male_26-U1,sbr,26,tierApm_p95,Hepatocytes,interferon_response,52696,45.204502969779604,1000,-0.0011550872378779014,A_sender_for_interferon_response,-0.0009573366409895898,0.0004780786670524863,-0.00184569356314502,-4.3872583611646304e-05,0.17119970717676203,0.335,0.00020601964720772024,0.0029300432337610997,-0.005321233578640746,0.005208061862854801,1.1783585173932096,0.774,0.0016313941005910077,0.0009623305694341198,-0.00011051994201267306,0.0035194332082960906,2.4123557486343334,0.672
7260_liver_sbr_Male_26-U1,sbr,26,tierApm_p95,Macrophages,interferon_response,18042,6.999999999999999,1000,0.004003599935950788,A_sender_for_interferon_response,0.0005824229881910885,0.0013434482277792528,-0.0020171071245299148,0.0031780674042555025,0.8545251779626746,0.006,0.00011043821940439013,0.003791778753196844,-0.007488073187396742,0.0073253086361342685,0.9724152709633405,0.299,-0.000164019278444425,0.003091008995580735,-0.006344708425493808,0.005598491388849551,1.0409679491128958,0.205
7260_liver_sbr_Male_26-U1,sbr,26,tierApm_p95,Mesenchymal,interferon_response,28921,49.99999999999999,1000,-0.001826295814001067,A_sender_for_interferon_response,-0.0009059658910344363,0.0010142879162080946,-0.0028617919858001752,0.0011669077071997922,0.5039325589595274,0.186,0.00028917454202990176,0.002754925613676096,-0.004272885312619117,0.0051511545616628315,1.158339377341273,0.62,0.001308174175837539,0.0016709100339273133,-0.001310300079076657,0.0045881553268845715,1.7162991700515253,0.408
7260_liver_sbr_Male_26-U1,sbr,26,tierApm_p95,Proliferating,interferon_response,3554,6.999999999999999,1000,0.0058124000465560035,A_sender_for_interferon_response,0.009828249282897857,0.00557332055318097,-0.0003165480615321514,0.020836297711175372,-0.6909106744504531,0.758,-0.00020552090685532607,0.00385424781709793,-0.00741232575123233,0.0075723080393270015,1.0353590436324325,0.13,0.001516452486015794,0.003381306018241349,-0.004808715396142293,0.008436888201341617,0.7391004621379543,0.118
7260_liver_sbr_Male_26-U1,sbr,26,tierApm_p95,T/NK cells,interferon_response,5354,12.818224546846722,1000,0.013133250784175168,A_sender_for_interferon_response,0.006148023699596546,0.002401586440097643,0.0011899661653326414,0.011012862743309433,0.531873425656002,0.002,-0.0001008109375472608,0.005031435677853429,-0.009852083904386005,0.009706579254509733,1.0076760079590297,0.007,-0.001582668611102613,0.004230576801492132,-0.009524557066059416,0.007005627743936218,1.1205085197192488,0.0
7260_liver_sbr_Male_26-U1,sbr,26,tierApm_p95,vSMCs,interferon_response,4967,49.99999999999999,1000,0.004661883521963953,A_sender_for_interferon_response,0.005433078501195132,0.003018089392495218,-0.0007823626191986228,0.011249812991542407,-0.16542562155355842,0.605,-6.0115828690585326e-05,0.004498677607802373,-0.009406459913343204,0.006814196640071768,1.0128951803294433,0.312,-0.00035916042333837116,0.0036073021826934747,-0.007358145473343463,0.006983112609813715,1.0770419127046453,0.195
7260_liver_sbr_Male_26-U1,sbr,26,tierApm_p95,Biliary/ductular,oxidative_stress,27650,13.48099749887925,1000,-0.014601154002505914,A_sender_for_oxidative_stress,-0.005027552138229147,0.0013881485980559234,-0.007831211446780378,-0.0023878916397995086,0.6556743297573399,0.0,2.980127238731191e-05,0.0031469615864707537,-0.005678245934452137,0.006508448959076356,1.0020410217152833,0.0,-0.002062345201229583,0.0022707863209306513,-0.0061967516238039064,0.0020650685689665416,0.8587546435798407,0.0
7260_liver_sbr_Male_26-U1,sbr,26,tierApm_p95,DC,oxidative_stress,5501,18.24260882600192,1000,-0.01900491474505427,A_sender_for_oxidative_stress,-0.009950136882520628,0.003516405527340721,-0.01664120587163362,-0.0030799999597426156,0.4764440137722799,0.004,0.0005590893570284879,0.007940032891618324,-0.016193312138162257,0.014411200951877791,1.029418146017939,0.016,-0.004400306965466517,0.006035025896598841,-0.016886209813967604,0.007076736105168972,0.7684647879511468,0.01
7260_liver_sbr_Male_26-U1,sbr,26,tierApm_p95,Endothelial,oxidative_stress,22280,6.999999999999999,1000,-0.032562697800557615,A_sender_for_oxidative_stress,-0.003026029924066743,0.001889866152806811,-0.006485553135438414,0.00048689188945944136,0.9070706627994771,0.0,0.0007643330578912416,0.00824807764501856,-0.015472828817949728,0.016051998069535008,1.0234726576579336,0.0,-0.006313600927535676,0.004713846552864055,-0.016276885780438257,0.0023709754713060697,0.8061094026605019,0.0
7260_liver_sbr_Male_26-U1,sbr,26,tierApm_p95,Hepatocytes,oxidative_stress,52641,6.999999999999999,1000,-0.014925918609093718,A_sender_for_oxidative_stress,-0.00021657364376511168,0.0009856874201483162,-0.002225635083282965,0.0017264697902172961,0.9854900961584259,0.0,0.00045640505109029563,0.008755769989828445,-0.015510380100450746,0.01755092317151192,1.0305780208939521,0.09,-0.00754829474108153,0.004439351813948143,-0.017428904308878623,7.413982169982895e-05,0.4942827346999816,0.081
7260_liver_sbr_Male_26-U1,sbr,26,tierApm_p95,Macrophages,oxidative_stress,18051,14.178039470333344,1000,-0.030666913341632854,A_sender_for_oxidative_stress,-0.011322779703464377,0.0022283315080150337,-0.015595467396807894,-0.006848057448316819,0.6307818926108623,0.0,0.0005001254977825274,0.006259274460978166,-0.01127952195935476,0.01259039191865835,1.0163083089651401,0.0,-0.005174086788175334,0.004290813010427676,-0.013238045969808222,0.002667823688797052,0.8312811357786345,0.0
7260_liver_sbr_Male_26-U1,sbr,26,tierApm_p95,Mesenchymal,oxidative_stress,28927,7.742591489922676,1000,-0.03740773285897953,A_sender_for_oxidative_stress,-0.005770677092764864,0.0016068170525731244,-0.008916647087190555,-0.0026512733212016608,0.845735716876527,0.0,0.0006983390672787286,0.006804124495404698,-0.013047504434486388,0.012893663846132785,1.018668307697538,0.0,-0.006381676116850767,0.004538194663239646,-0.01570517437656328,0.002135113911788392,0.8294022217035032,0.0
7260_liver_sbr_Male_26-U1,sbr,26,tierApm_p95,Proliferating,oxidative_stress,3553,6.999999999999999,1000,-0.08803239655872688,A_sender_for_oxidative_stress,-0.05273096403316261,0.015329578581222643,-0.08279051272706267,-0.021740281446324,0.40100501526179055,0.008,0.0005904084672951374,0.012088688639992946,-0.022783766246373995,0.023143161771085764,1.0067067180989588,0.0,-0.008432233362198099,0.009874453195035687,-0.025718736004344128,0.01159796489041758,0.9042144290985772,0.0
7260_liver_sbr_Male_26-U1,sbr,26,tierApm_p95,T/NK cells,oxidative_stress,5351,13.48099749887925,1000,-0.027705633127400587,A_sender_for_oxidative_stress,-0.011517634221203492,0.0037722636421879314,-0.01906676716813617,-0.003989588831150263,0.5842854711804918,0.0,0.0001825529825465729,0.008543285669595786,-0.01690984059314324,0.01638040714699934,1.006589020424371,0.002,-0.0029583270252342953,0.006319884772391036,-0.016170690789976457,0.008747940017847353,0.8932229048283853,0.001
7260_liver_sbr_Male_26-U1,sbr,26,tierApm_p95,vSMCs,oxidative_stress,4957,10.477345453252495,1000,-0.004837376313956542,A_sender_for_oxidative_stress,-0.0015914098383408423,0.0035913462173960686,-0.008654483194958224,0.005261935737649425,0.6710179785373755,0.212,7.826506048287904e-05,0.006722208961626398,-0.012258726573084838,0.012856295007567606,1.0161792375459964,0.471,0.0004040992367631804,0.00620046689313428,-0.010910056809927654,0.01290250085214,1.0835368618309256,0.447
7260_liver_sbr_Male_26-U1,sbr,26,tierApm_p95,Biliary/ductular,secondary_senescence,27616,14.911122358641625,1000,0.0018468518140553106,A_sender_for_secondary_senescence,0.0011125464703232765,0.0006541921742175698,-0.0001516658670962962,0.0023657240642016935,0.39759840943581126,0.129,-2.760848607957198e-06,0.0017665977644137645,-0.0033688783859917395,0.0034482785343414347,1.0014948944939415,0.282,0.0013255558956176002,0.00102521209911191,-0.0006256137011944358,0.003414393701149421,0.2822619088713191,0.303
7260_liver_sbr_Male_26-U1,sbr,26,tierApm_p95,DC,secondary_senescence,5491,49.99999999999999,1000,0.004908227343085057,A_sender_for_secondary_senescence,0.005188747597721167,0.002095061036510023,0.00109724607317851,0.009430584041341979,-0.057153068720690044,0.564,0.00018265456212016978,0.00297370223454015,-0.0052484623185733645,0.006175609558607222,0.9627860428312266,0.093,0.0015323986333673006,0.0020863204855398904,-0.0022991898344778693,0.0053577581450734366,0.6877898014389623,0.042
7260_liver_sbr_Male_26-U1,sbr,26,tierApm_p95,Endothelial,secondary_senescence,22272,49.99999999999999,1000,0.006842460425861542,A_sender_for_secondary_senescence,0.0032746574385157123,0.0009927859215887423,0.0013223270427117132,0.005289835587462951,0.5214210627892091,0.0,0.00012022449750452829,0.0029771678761836714,-0.00467949419492341,0.0054798652624379615,0.9824296393370239,0.013,0.003097914830751473,0.0012268966590858838,0.0006155219677937836,0.0049709046478310336,0.5472513338852945,0.0
7260_liver_sbr_Male_26-U1,sbr,26,tierApm_p95,Hepatocytes,secondary_senescence,52698,49.99999999999999,1000,0.003114426692674856,A_sender_for_secondary_senescence,0.00089794228518991,0.00046972710580739515,-7.630116770327687e-05,0.0018277120425080685,0.7116829600446613,0.0,9.308613513194503e-05,0.002318803128058427,-0.0034531092264775466,0.005685698480205571,0.970111309618915,0.152,0.0034409709015354017,0.0011159468617332657,0.00128797108252387,0.005547941368543527,-0.1048488987166014,0.598
7260_liver_sbr_Male_26-U1,sbr,26,tierApm_p95,Macrophages,secondary_senescence,18044,49.99999999999999,1000,0.015211898855598007,A_sender_for_secondary_senescence,0.009277215176190772,0.0011991679734598777,0.006939801777190434,0.01154606906416016,0.39013431102477125,0.0,0.0001256087275170049,0.002469056696190798,-0.004012816598667868,0.004948417296100447,0.9917427318765809,0.0,0.0021758838681782285,0.0015028860111599275,-0.00028278560781540285,0.005482096148494797,0.8569617186629203,0.0
7260_liver_sbr_Male_26-U1,sbr,26,tierApm_p95,Mesenchymal,secondary_senescence,28915,38.85968176362148,1000,0.0032227964451284168,A_sender_for_secondary_senescence,0.0018730542136196693,0.0008128855327670886,0.00027460569058209214,0.0033405439472916666,0.4188108850464383,0.042,2.7118407446168015e-05,0.0026209821886109077,-0.0038407158219593914,0.006362280460750372,0.9915854420507506,0.184,0.003602442436699116,0.0018337389110751237,0.0006030338027311236,0.007051989305296796,-0.11780017696884726,0.565
7260_liver_sbr_Male_26-U1,sbr,26,tierApm_p95,Proliferating,secondary_senescence,3548,6.999999999999999,1000,0.013426643201215208,A_sender_for_secondary_senescence,0.02259048312262295,0.005837540410422353,0.011356849888684623,0.03456898543351381,-0.6825116139660544,0.939,9.523686184709223e-08,0.0042224215475986015,-0.008452539196347988,0.00871242349837282,0.999992906874755,0.003,0.0025517563283496865,0.003390847134532531,-0.003974821140580543,0.00911981540742227,0.8099483027806433,0.0
7260_liver_sbr_Male_26-U1,sbr,26,tierApm_p95,T/NK cells,secondary_senescence,5349,49.99999999999999,1000,0.011005413414825702,A_sender_for_secondary_senescence,0.006978041590632079,0.0018939685681912898,0.0031861031966813106,0.01073422313195594,0.3659446194695637,0.018,0.00016690594804953307,0.003029073091000249,-0.005104267860429022,0.00664594431789881,0.9848341955219339,0.0,0.004035483242118057,0.002181829017480079,5.324952558044043e-05,0.008138585880325221,0.6333183416188851,0.002
7260_liver_sbr_Male_26-U1,sbr,26,tierApm_p95,vSMCs,secondary_senescence,4963,49.99999999999999,1000,0.0062102940040814954,A_sender_for_secondary_senescence,0.0056126732705916475,0.0029180538049363,0.00017893471228150193,0.01118927805766391,0.09623066687295044,0.407,3.877704151898213e-05,0.002987445259361559,-0.005709568126628199,0.0060756079445947195,0.9937560055138296,0.039,-0.0017119694568650545,0.0029050176393762093,-0.006832391585084115,0.004571708300136103,1.2756664105982622,0.065
7260_liver_sbr_Male_26-U1,sbr,26,tierApm_p95,Biliary/ductular,tnfa_nfkb_proximal,27605,49.99999999999999,1000,-0.0006776112665778755,A_sender_for_tnfa_nfkb_proximal,0.0033490325974876865,0.0014335346254252714,0.000599416558573314,0.006212029712111024,5.942409848645564,0.974,1.3609027118997606e-05,0.0018337661790503838,-0.0033343326490351695,0.0033354700578960518,1.0200838265097436,0.754,-8.08569601450815e-06,0.0012561534008150603,-0.002565931709843689,0.002637244381524447,0.9880673530483883,0.544
7260_liver_sbr_Male_26-U1,sbr,26,tierApm_p95,DC,tnfa_nfkb_proximal,5489,49.99999999999999,1000,0.007810451396696532,A_sender_for_tnfa_nfkb_proximal,0.014464889826713333,0.0043396683536676426,0.006029366569815041,0.02333280102232043,-0.851991529302817,0.937,-0.0001471658094079097,0.004385895945754063,-0.008381730441264092,0.00826781022491962,1.0188421644196075,0.08,-0.00507687140838999,0.0036259978208711546,-0.011698740565971569,0.0028802344215069675,1.6500099866874887,0.217
7260_liver_sbr_Male_26-U1,sbr,26,tierApm_p95,Endothelial,tnfa_nfkb_proximal,22272,49.99999999999999,1000,0.00483223200140452,A_sender_for_tnfa_nfkb_proximal,0.0022202509242140564,0.0010426109085767065,0.0002599220331537751,0.004286701702051785,0.5405330448602786,0.005,4.1393137944669733e-05,0.0020452597702487123,-0.003587356562042238,0.0037097698854075076,0.9914339506189607,0.001,0.0021518432945818607,0.001118211735079119,-5.144415519078853e-05,0.0041990534528653116,0.554689573274542,0.005
7260_liver_sbr_Male_26-U1,sbr,26,tierApm_p95,Hepatocytes,tnfa_nfkb_proximal,52536,49.99999999999999,1000,0.003165317980853413,A_sender_for_tnfa_nfkb_proximal,0.0013543388271074343,0.0005121458494652983,0.00037418730839927525,0.0023251108725655502,0.5721318252069304,0.0,5.198765749506796e-05,0.0011993995409851292,-0.001871371442042747,0.0025541745819243475,0.983575849943186,0.009,0.0019698589244666934,0.0008569538955963195,0.00040552346090643414,0.0037411743168147414,0.3776742379811104,0.096
7260_liver_sbr_Male_26-U1,sbr,26,tierApm_p95,Macrophages,tnfa_nfkb_proximal,18031,49.99999999999999,1000,0.010584017138392231,A_sender_for_tnfa_nfkb_proximal,0.00816246785890769,0.0017821343671740677,0.0047046547549204265,0.011336849106314169,0.22879302327475143,0.076,9.265441941217478e-07,0.003258001356695063,-0.00605513504677184,0.005539488206320258,0.9999124581732997,0.0,0.0010965064362975588,0.0017600217657940838,-0.0019478308657412834,0.0043078449154676495,0.8963997863986712,0.002
7260_liver_sbr_Male_26-U1,sbr,26,tierApm_p95,Mesenchymal,tnfa_nfkb_proximal,28886,13.48099749887925,1000,0.003821327615066843,A_sender_for_tnfa_nfkb_proximal,0.0021898333164313524,0.0009210765433118091,0.0004436106600989427,0.004017217822592835,0.42694436671767866,0.045,-1.6757396383692365e-05,0.002356296688624319,-0.004497820988290485,0.004598839972941164,1.0043852289234823,0.097,0.001950129599849439,0.0017229895199099856,-0.0013613023250840987,0.0051450912427320385,0.4896722301012845,0.153
7260_liver_sbr_Male_26-U1,sbr,26,tierApm_p95,Proliferating,tnfa_nfkb_proximal,3545,9.006764443646388,1000,-0.004998733431635613,A_sender_for_tnfa_nfkb_proximal,0.006143037861077184,0.005568624920732795,-0.004879470262668286,0.017276612361864768,2.228918874169121,0.602,0.00027565647204767904,0.004352288807859564,-0.008634945160178412,0.008618072768130532,1.0551452634587644,0.253,0.0010584542553418357,0.004245961080855269,-0.006931687359943083,0.010030165055307454,1.2117444888425475,0.242
7260_liver_sbr_Male_26-U1,sbr,26,tierApm_p95,T/NK cells,tnfa_nfkb_proximal,5338,28.716686174618605,1000,0.008832352728276874,A_sender_for_tnfa_nfkb_proximal,0.009277082154256445,0.002049490051183654,0.005433944006922678,0.013322933112614989,-0.050352317175441204,0.593,-0.00015221679254020292,0.0033467650257760174,-0.006383376192576539,0.005916032481295155,1.0172340029008216,0.003,0.00028409979981778763,0.0025035420529279945,-0.004204538883045807,0.00555434360086695,0.9678341877234772,0.001
7260_liver_sbr_Male_26-U1,sbr,26,tierApm_p95,vSMCs,tnfa_nfkb_proximal,4959,49.99999999999999,1000,-0.0020300474185470123,A_sender_for_tnfa_nfkb_proximal,0.001715921235163395,0.0029404440324128896,-0.003923337145903629,0.007177858733020155,1.845261652258128,0.565,2.3976236178326146e-05,0.003828703655665908,-0.006677089894748353,0.007262083438943748,1.011810677898099,0.671,0.002115863041258397,0.003242543187938497,-0.0038080827435122756,0.008726645328651366,2.0422727183253713,0.61
7001_liver_sham_Male_52-U1,sham,52,tierApm_p95,Biliary/ductular,downstream_arrest,21821,6.999999999999999,1000,-0.0005407484977029164,A_sender_for_downstream_arrest,5.7647110340420014e-05,0.0006956043455300782,-0.00133279390522149,0.0015037477814169276,1.1066061405353935,0.428,1.6234751428357797e-05,0.0020665647248118498,-0.0038931231112796297,0.003989120163822937,1.030022739771488,0.824,0.0010497993527368425,0.0018291599653808262,-0.0024003196349295193,0.004567811305438132,2.9413819126569174,0.828
7001_liver_sham_Male_52-U1,sham,52,tierApm_p95,DC,downstream_arrest,3083,21.2211739115045,1000,0.009269847165808982,A_sender_for_downstream_arrest,0.0018326797807935574,0.002721521368400242,-0.003368514160113536,0.007022785656993413,0.8022966562433482,0.003,5.325773456036138e-05,0.004286802119752584,-0.008566956110711963,0.008235846128777296,0.9942547343437551,0.03,0.0012698537949372274,0.0039521936302972455,-0.007046743034203446,0.008779295825591834,0.8630124345932076,0.024
7001_liver_sham_Male_52-U1,sham,52,tierApm_p95,Endothelial,downstream_arrest,18877,6.999999999999999,1000,0.004715571501269406,A_sender_for_downstream_arrest,0.0005425431061885307,0.0006724077888493752,-0.0007163659001474313,0.0018768019848117428,0.8849464786945801,0.0,-0.00010112922655076095,0.0023791482104311354,-0.0047524228464486794,0.004306051473168513,1.0214458049302269,0.041,-7.565830047726818e-05,0.0018314409305657615,-0.0036921878924084488,0.0033649838373125255,1.0160443544238278,0.008
7001_liver_sham_Male_52-U1,sham,52,tierApm_p95,Hepatocytes,downstream_arrest,57595,49.99999999999999,1000,-0.0007134363456592187,A_sender_for_downstream_arrest,0.001507582325702343,0.00036912443837645544,0.0008008298344890484,0.002208524252279906,3.1131280104734915,0.986,-4.2934815660020455e-05,0.0009762547517548249,-0.002231853031929564,0.0017985705770769706,0.9398196967098046,0.412,-0.00018114481867347265,0.0006737071888598834,-0.0013134203868138575,0.0010244288053709836,0.7460953317340542,0.361
7001_liver_sham_Male_52-U1,sham,52,tierApm_p95,Macrophages,downstream_arrest,17773,11.019082036984365,1000,0.005920352961771814,A_sender_for_downstream_arrest,0.0008160610691160748,0.0008354772422348615,-0.0007569798560568761,0.002488110745728689,0.862160064714816,0.0,2.3016089385265395e-05,0.0017415672807681965,-0.003392239351366986,0.0033891871335418305,0.9961123788507404,0.001,0.0005359316504849538,0.001677933092959679,-0.0025184569704703756,0.003954305062276914,0.90947640217644,0.0
7001_liver_sham_Male_52-U1,sham,52,tierApm_p95,Mesenchymal,downstream_arrest,19147,15.682109678112967,1000,0.002071906436016546,A_sender_for_downstream_arrest,0.002929784890395429,0.0009374037009363304,0.001048145788705005,0.004674394342618229,-0.4140527001925064,0.818,-1.3253871395640944e-05,0.00160137230577832,-0.00349704572829314,0.0028796551592645847,1.0063969449417431,0.197,-0.00018276560124815032,0.0013740743172639318,-0.0030011320828082417,0.0024852646198011696,1.0882113198120742,0.141
7001_liver_sham_Male_52-U1,sham,52,tierApm_p95,T/NK cells,downstream_arrest,4838,9.472463873139185,1000,0.009220569285190073,A_sender_for_downstream_arrest,0.001019252937048569,0.0017598913963294024,-0.0021629537041316944,0.004429943080767693,0.8894587844282373,0.0,-7.565464730505086e-05,0.003967251938429286,-0.008174232129257612,0.007781476672862012,1.0082049865865188,0.024,0.0018107202901695345,0.0038518135710329782,-0.00542509406867583,0.009678875493022066,0.8036216382997216,0.034
7001_liver_sham_Male_52-U1,sham,52,tierApm_p95,vSMCs,downstream_arrest,2848,6.999999999999999,1000,-0.005648140279964118,A_sender_for_downstream_arrest,-6.24612154156466e-05,0.0019061542120649157,-0.00393585047012041,0.003440649103634899,0.9889412776029628,0.007,1.5578959377771178e-05,0.00545160000810628,-0.010726780030892957,0.010627152054380947,1.0027582458305853,0.296,0.00031178950778075064,0.005162162256515259,-0.009952178218102192,0.011217114245753518,1.0552021536870773,0.25
7001_liver_sham_Male_52-U1,sham,52,tierApm_p95,Biliary/ductular,emt_ecm,21701,35.13265199376635,1000,0.0013580059260240905,A_sender_for_emt_ecm,0.0003666360448837562,0.0014653005696310074,-0.0025208578001283226,0.003141754378789262,0.730018818137873,0.359,7.834998845636781e-05,0.004380713181145107,-0.007317178916875276,0.009009845298060058,0.9423051203570536,0.778,0.0033067746738680006,0.0026031979064313625,-0.0017129895882841539,0.008213118977921091,-1.4350222708890739,0.815
7001_liver_sham_Male_52-U1,sham,52,tierApm_p95,DC,emt_ecm,3080,49.99999999999999,1000,0.018222574591363665,A_sender_for_emt_ecm,0.011556718863443676,0.005548178984792919,0.0008637132731747401,0.022182485843957184,0.36580208216456844,0.118,0.00024016670168028236,0.007493269523204881,-0.012934316308237924,0.016606315059414258,0.9868203748885129,0.019,0.00750502403417298,0.0058812924118565,-0.0035543091389736445,0.01950260321284282,0.5881468890938232,0.044
7001_liver_sham_Male_52-U1,sham,52,tierApm_p95,Endothelial,emt_ecm,18779,16.49296129703063,1000,0.020879148957937063,A_sender_for_emt_ecm,0.0039518928625222605,0.0013192920964163358,0.0014633785087869956,0.006537171590731512,0.8107253858630107,0.0,8.940569862927709e-05,0.005606294340205205,-0.0106839616990479,0.009667996355416392,0.9957179433505938,0.0,0.0022467983369131484,0.002304854748467645,-0.002382145732437219,0.006393278686005193,0.8923903296327103,0.0
7001_liver_sham_Male_52-U1,sham,52,tierApm_p95,Hepatocytes,emt_ecm,57353,49.99999999999999,1000,0.006292684243812793,A_sender_for_emt_ecm,0.003429180509612315,0.0005373550443991413,0.0023728376739111747,0.004443928038739618,0.4550528237637196,0.0,6.480058742510669e-05,0.002211948030396737,-0.0035050867513881155,0.0059014173356246894,0.9897022343860934,0.015,0.002021357709360749,0.001098117987264629,0.00020301486814919203,0.004141278951494517,0.6787765552755607,0.0
7001_liver_sham_Male_52-U1,sham,52,tierApm_p95,Macrophages,emt_ecm,17716,22.318425721029357,1000,0.029194531084457628,A_sender_for_emt_ecm,0.014875320544863449,0.0017904876651124973,0.011479137638475226,0.0182249020154925,0.49047578459711366,0.0,0.00028377630839670543,0.005072847109308568,-0.009147684803185474,0.010251706960979951,0.9902798127643919,0.0,0.002399102132890591,0.003037915233468761,-0.003566991264424512,0.008309609824765777,0.9178235770956497,0.0
7001_liver_sham_Male_52-U1,sham,52,tierApm_p95,Mesenchymal,emt_ecm,19062,14.911122358641625,1000,0.026378232770509467,A_sender_for_emt_ecm,0.0225001493112669,0.0033543321344546343,0.016313991523651566,0.02973822189465678,0.14701831972527796,0.122,-6.215832622303864e-05,0.009539028854822464,-0.01632232331000905,0.02266742236408381,1.002356424964622,0.006,0.009295480591938143,0.005927294872572674,-0.0008825077161749581,0.02000942078631857,0.6476079094149789,0.0
7001_liver_sham_Male_52-U1,sham,52,tierApm_p95,T/NK cells,emt_ecm,4794,24.6860647223019,1000,0.023121260160048077,A_sender_for_emt_ecm,0.015947425338989085,0.00336148775607333,0.009470769186793243,0.022424886884877752,0.3102700618997782,0.016,-2.1920720933630912e-05,0.006315983624757513,-0.011461906665282502,0.01326240559096421,1.0009480763929774,0.001,0.004500659536752928,0.00499195145684606,-0.005039514622205378,0.01360337987526196,0.8053454048093039,0.0
7001_liver_sham_Male_52-U1,sham,52,tierApm_p95,vSMCs,emt_ecm,2846,6.999999999999999,1000,0.10510407844406117,A_sender_for_emt_ecm,0.007134027483067175,0.005742245952802133,-0.0037040482800315922,0.01817183297110488,0.9321241612249703,0.0,-0.0006384178442432125,0.01808889947282602,-0.03281087260493232,0.036392607111795476,1.0060741491071918,0.0,0.007675583378016965,0.015930868989774975,-0.021195399110617227,0.04211571306707124,0.9269715933801552,0.0
7001_liver_sham_Male_52-U1,sham,52,tierApm_p95,Biliary/ductular,il6_jak_stat3,21709,6.999999999999999,1000,0.01091626689170022,A_sender_for_il6_jak_stat3,0.002156787031118741,0.0010339068655130406,0.00017818619176053165,0.004285060708623709,0.8024244870049325,0.0,-6.695736342256025e-05,0.0033332022516599064,-0.006763855026402289,0.0063823778246080085,1.0061337235601548,0.002,4.990291521472374e-05,0.0028909227634599075,-0.0052885944525724315,0.00581595621098778,0.9954285731825899,0.0
7001_liver_sham_Male_52-U1,sham,52,tierApm_p95,DC,il6_jak_stat3,3081,49.99999999999999,1000,0.012471863169500781,A_sender_for_il6_jak_stat3,0.007924028620456346,0.004331146233892682,-0.00017741229191337545,0.016070200685410964,0.364647566064219,0.151,0.00019406314316670304,0.004831248513477937,-0.009297951259256969,0.009176333985455915,0.9844399236481944,0.004,0.0031382280604339797,0.004191920925761873,-0.006253903658957865,0.010502808035186665,0.7483753615812323,0.007
7001_liver_sham_Male_52-U1,sham,52,tierApm_p95,Endothelial,il6_jak_stat3,18784,6.999999999999999,1000,0.03565422159829075,A_sender_for_il6_jak_stat3,0.0012075303376728511,0.0015506663657554516,-0.0017867107584879354,0.004094538971677684,0.9661321918263183,0.0,6.881885108100524e-05,0.006181776544634609,-0.011939505023259127,0.01214058416758692,0.9980698260122919,0.0,0.0030916160665394143,0.004208441847667172,-0.005772419960731751,0.010837141791246369,0.9132889198543709,0.0
7001_liver_sham_Male_52-U1,sham,52,tierApm_p95,Hepatocytes,il6_jak_stat3,57372,6.999999999999999,1000,0.014838118597582604,A_sender_for_il6_jak_stat3,0.0004988604354473787,0.00045122899693567136,-0.000412649697609874,0.0013483870647834231,0.966379805352907,0.0,1.1476167578793227e-05,0.0014550418035320302,-0.0029244312070834774,0.0027528027330055516,0.9992265752896285,0.0,0.0002368842112631216,0.0012903555710046144,-0.0023726223717444087,0.0029114476422458318,0.9840354280965435,0.0
7001_liver_sham_Male_52-U1,sham,52,tierApm_p95,Macrophages,il6_jak_stat3,17708,8.14292620081837,1000,0.03728377678929044,A_sender_for_il6_jak_stat3,0.006494592589399982,0.0021779514176007066,0.002236113098133588,0.010678096830353876,0.8258064727158887,0.0,0.0003992039940108737,0.006052072016127819,-0.011128327649564838,0.01185827280128165,0.9892928230885251,0.0,-0.00025668155844179257,0.005156180994536001,-0.009653664992892259,0.009685552029827578,1.0068845374730258,0.0
7001_liver_sham_Male_52-U1,sham,52,tierApm_p95,Mesenchymal,il6_jak_stat3,19053,49.99999999999999,1000,0.004712217131220233,A_sender_for_il6_jak_stat3,0.0013074569721255886,0.0016089680924310328,-0.0018330197189901185,0.004419043934505224,0.7225388950217959,0.013,7.121492917252762e-05,0.003231711219218688,-0.0053570400519670925,0.006829345615367346,0.9848871715395494,0.153,0.002512916485832384,0.0018526361209277344,-0.0013193651335588917,0.005568067416410268,0.4667231123151446,0.117
7001_liver_sham_Male_52-U1,sham,52,tierApm_p95,T/NK cells,il6_jak_stat3,4798,12.818224546846722,1000,0.0268000405562206,A_sender_for_il6_jak_stat3,0.00833428619929871,0.0031409153590366344,0.0021666422854824162,0.014454309777500358,0.6890196422719881,0.0,0.0001948911362833511,0.007643881020386778,-0.015656786616356385,0.013833864991494879,0.9927279536807225,0.0,-0.0007369172821283911,0.005855792297160008,-0.012145368890407775,0.010272366972790513,1.0274968719014623,0.0
7001_liver_sham_Male_52-U1,sham,52,tierApm_p95,vSMCs,il6_jak_stat3,2845,49.99999999999999,1000,0.010020522868676137,A_sender_for_il6_jak_stat3,0.002532247651301266,0.004382552278944089,-0.006102113768959305,0.01100328520285752,0.7472938603616186,0.046,-0.00011965186357693928,0.004190978754657779,-0.00825994879047652,0.007883914475887308,1.0119406806555942,0.02,0.0040622070759797225,0.004163025885389026,-0.004490871653904138,0.011990545406172684,0.5946112663763221,0.059
7001_liver_sham_Male_52-U1,sham,52,tierApm_p95,Biliary/ductular,interferon_response,21704,10.477345453252495,1000,0.0006853286336423969,A_sender_for_interferon_response,0.0008570688877387035,0.000889500019101658,-0.0009135865818409994,0.002519069813112049,-0.2505954744420037,0.619,-3.3487477114869124e-05,0.0023982625917540494,-0.004892216736775411,0.004395644334449927,1.048863385346807,0.773,-0.0008177672655258166,0.0018621678717300485,-0.004464695821256413,0.0030988139131985317,2.1932483561638634,0.757
7001_liver_sham_Male_52-U1,sham,52,tierApm_p95,DC,interferon_response,3085,36.94920399670096,1000,0.015128733533321873,A_sender_for_interferon_response,0.007679665104490409,0.003928260354401224,0.00025368706820241604,0.01567731343672822,0.49237885064367604,0.032,0.00021427726337103765,0.007637681443760999,-0.015989801536433482,0.012568339240293278,0.9858364044221495,0.038,-0.0030488512420978665,0.004011919290935306,-0.01110731968180348,0.004927787291003524,1.2015271956097715,0.0
7001_liver_sham_Male_52-U1,sham,52,tierApm_p95,Endothelial,interferon_response,18764,11.019082036984365,1000,0.009556563509501117,A_sender_for_interferon_response,0.0011440514513081802,0.0012258111844946039,-0.001219664885406182,0.0035716921260605917,0.8802863131531783,0.0,5.123410985108226e-06,0.003417623902629513,-0.006660206474299246,0.006348186389926535,0.9994638856342016,0.002,0.0005402544905574318,0.0024981489224863863,-0.004625257807483234,0.005227539713322901,0.9434677025878275,0.0
7001_liver_sham_Male_52-U1,sham,52,tierApm_p95,Hepatocytes,interferon_response,57313,11.019082036984365,1000,0.005859626732450604,A_sender_for_interferon_response,0.001464659283374629,0.00044006268439338774,0.0006231245046759461,0.0023229130694804203,0.7500422210747064,0.0,6.225361275358671e-05,0.0013847101225501356,-0.002736335983172681,0.0025394058277366295,0.9893758398621492,0.0,-9.936145913542095e-05,0.000977205793744408,-0.0019117415710708317,0.0017493700107755372,1.0169569605151054,0.0
7001_liver_sham_Male_52-U1,sham,52,tierApm_p95,Macrophages,interferon_response,17718,7.742591489922676,1000,0.02664312822709844,A_sender_for_interferon_response,0.0035096151115554188,0.0018062284958306962,0.00016731789080337228,0.007149164308464414,0.8682731591560698,0.0,-0.00013994427637462886,0.006030667706965982,-0.011595826174612191,0.011213636892901814,1.0052525467423263,0.0,-0.0012616781191683315,0.004710350957162013,-0.00986766169613103,0.00824876024540213,1.0473547290848937,0.0
7001_liver_sham_Male_52-U1,sham,52,tierApm_p95,Mesenchymal,interferon_response,19043,35.13265199376635,1000,0.004660670144720273,A_sender_for_interferon_response,0.004017333127732032,0.0013026062224570278,0.0014705609747373012,0.006535098432198496,0.13803530329582095,0.303,-1.9878970736783788e-05,0.0022066021726001896,-0.004683755729903475,0.0034583070795339657,1.0042652601706437,0.032,0.0003305127531088449,0.001093684673425153,-0.0018100592152459848,0.002579869517431746,0.9290847146770816,0.001
7001_liver_sham_Male_52-U1,sham,52,tierApm_p95,T/NK cells,interferon_response,4813,6.999999999999999,1000,0.041175520298739714,A_sender_for_interferon_response,0.004104308727615253,0.0034526108482227777,-0.0026308890328370768,0.011074824279312548,0.9003216304775904,0.0,0.0004556898804583957,0.01098428690522759,-0.020881737555648736,0.021671711250084685,0.9889329903507657,0.0,-0.002222986198606204,0.009164454783614478,-0.021946105158811093,0.014245869095336648,1.0539880536415285,0.0
7001_liver_sham_Male_52-U1,sham,52,tierApm_p95,vSMCs,interferon_response,2848,49.99999999999999,1000,0.004079377629635357,A_sender_for_interferon_response,0.004181306321045519,0.0032286007109952304,-0.002236775599795688,0.010722700581824394,-0.024986333863696045,0.524,7.152851955115833e-05,0.003424364649155742,-0.007115411032687803,0.006250272145833432,0.9824658254162284,0.241,0.000485403340177201,0.002630965556054958,-0.00489143613722026,0.005308404307511569,0.8810104422177287,0.12
7001_liver_sham_Male_52-U1,sham,52,tierApm_p95,Biliary/ductular,oxidative_stress,21731,6.999999999999999,1000,-0.033062767602972,A_sender_for_oxidative_stress,-0.0060044807965580985,0.0018465123656672244,-0.009545796863902462,-0.0022053821784312655,0.8183914647236502,0.0,6.881013027855862e-06,0.006264935682978317,-0.01238454078751293,0.012177416402957109,1.000208119692534,0.0,-0.0035806752010308735,0.005146050801640538,-0.01369193973948691,0.006980888503951333,0.8917006814423785,0.0
7001_liver_sham_Male_52-U1,sham,52,tierApm_p95,DC,oxidative_stress,3085,7.742591489922676,1000,-0.0599725520776268,A_sender_for_oxidative_stress,-0.007974342287856644,0.006212956493058734,-0.020450557839119553,0.004372371447397456,0.8670334676180718,0.0,0.0009033452257401793,0.016500081523337064,-0.031940833316716516,0.030629304806855287,1.0150626444005737,0.0,-0.005748079487274947,0.014527365071662692,-0.03279500153056626,0.02364990830460232,0.9041548293653605,0.0
7001_liver_sham_Male_52-U1,sham,52,tierApm_p95,Endothelial,oxidative_stress,18694,6.999999999999999,1000,-0.03955779675563276,A_sender_for_oxidative_stress,-0.0014720934213446437,0.002356244221664121,-0.006420049690423401,0.0030651938411931506,0.962786263592018,0.0,0.00046181017002553694,0.009688407017515215,-0.018447030276714252,0.01894615747502789,1.0116743147470613,0.0,-0.0063240542890380304,0.0061887643867058586,-0.01806472218065085,0.005198463962826101,0.84013128112001,0.0
7001_liver_sham_Male_52-U1,sham,52,tierApm_p95,Hepatocytes,oxidative_stress,57209,49.99999999999999,1000,-0.007112087362950753,A_sender_for_oxidative_stress,0.003939417713678157,0.001250896172534758,0.0013387560839059462,0.006350760849045844,1.5539045729668486,0.006,2.622496654493077e-05,0.0066988969534031795,-0.01651789995334573,0.008112162636382916,1.0036873796969292,0.231,-0.0073178402815381564,0.002904518649179859,-0.011346818407592359,-0.0007849429226124534,-0.028930032504836643,0.573
7001_liver_sham_Male_52-U1,sham,52,tierApm_p95,Macrophages,oxidative_stress,17721,6.999999999999999,1000,-0.059124436001577206,A_sender_for_oxidative_stress,-0.005993485836216629,0.0024777745587907297,-0.01092347116416947,-0.0011157842359399838,0.898629293714417,0.0,0.00012256281944392566,0.007806834104611258,-0.015354910992504463,0.015453379349519807,1.0020729638662542,0.0,-0.0038930158700762195,0.006428127613186645,-0.015216933523682832,0.008236604372715962,0.9341555516914805,0.0
7001_liver_sham_Male_52-U1,sham,52,tierApm_p95,Mesenchymal,oxidative_stress,19021,6.999999999999999,1000,-0.06697884891274554,A_sender_for_oxidative_stress,-0.04217854775501779,0.006220964811055143,-0.054742038080665335,-0.030454053801140683,0.37027063857182013,0.0,0.0005980815225576924,0.008370831705281342,-0.017339745123280192,0.01669989200557448,1.008929408794959,0.0,-0.005122276862375402,0.006322603225730398,-0.01679084799008496,0.00729105656764186,0.9235239639748322,0.0
7001_liver_sham_Male_52-U1,sham,52,tierApm_p95,T/NK cells,oxidative_stress,4808,6.999999999999999,1000,-0.032999329429482575,A_sender_for_oxidative_stress,-0.004317703005418999,0.004722514372898566,-0.01363833047125114,0.00477122066982943,0.869157856233241,0.0,0.0002398089884290835,0.013912343222320838,-0.02783326869907665,0.027146939867125193,1.0072670867128237,0.024,-0.006378768159966429,0.01221724525548722,-0.0326987681930973,0.016209955900665065,0.8067000672362921,0.019
7001_liver_sham_Male_52-U1,sham,52,tierApm_p95,vSMCs,oxidative_stress,2865,6.999999999999999,1000,-0.0853796341292898,A_sender_for_oxidative_stress,-0.007412322237723185,0.00619428218365027,-0.018798217500821824,0.005011412337696073,0.9131839540738865,0.0,0.0006705823281306915,0.01847338801130029,-0.033536908790688824,0.040153888966277196,1.0078541251080466,0.0,-0.008640893306873943,0.015905303867139193,-0.039260857089456085,0.02069342980485199,0.898794444424661,0.0
7001_liver_sham_Male_52-U1,sham,52,tierApm_p95,Biliary/ductular,secondary_senescence,21709,33.40540803599722,1000,0.003988060320652803,A_sender_for_secondary_senescence,0.0018427106087385177,0.0009308589462617801,1.5023251327123506e-05,0.0036414435868947492,0.5379431451435805,0.012,2.280883419275141e-05,0.0022442628576967885,-0.0038716292842018566,0.005089673809596377,0.9942807198590673,0.073,0.0019312130473451647,0.0012050360524988465,-0.0005287456269908667,0.004291321413142057,0.5157512945970071,0.045
7001_liver_sham_Male_52-U1,sham,52,tierApm_p95,DC,secondary_senescence,3081,49.99999999999999,1000,0.00364120661090479,A_sender_for_secondary_senescence,0.00471281872182294,0.002630873597815296,-0.0005193419628833281,0.010331460576443744,-0.29430137463467604,0.651,-1.4978423658469024e-05,0.0032086488436165296,-0.005348241545450203,0.006883923500784723,1.0041135879556,0.254,0.0021938224065314563,0.0021854981006335043,-0.0018324042818225912,0.006572719298668433,0.39750125687420923,0.248
7001_liver_sham_Male_52-U1,sham,52,tierApm_p95,Endothelial,secondary_senescence,18784,9.006764443646388,1000,0.012635850733229405,A_sender_for_secondary_senescence,0.0006438526052420232,0.0010637581705977763,-0.0016270073822156714,0.0025872622318220467,0.9490455673436504,0.0,-9.124754613092687e-05,0.003571136365929048,-0.006258737435970088,0.007787279556458128,1.007221321940039,0.0,0.0026016932350644453,0.0023761010273203116,-0.00200856228022018,0.007395265043236064,0.7941022500192578,0.0
7001_liver_sham_Male_52-U1,sham,52,tierApm_p95,Hepatocytes,secondary_senescence,57372,49.99999999999999,1000,0.006093920753772868,A_sender_for_secondary_senescence,0.0033254165578631483,0.0004713737119787983,0.0024593865472783503,0.004312738295010067,0.45430590711172003,0.0,6.509152111594651e-05,0.0015971530195085827,-0.0024516179044816815,0.004357996058630996,0.9893186137880696,0.002,0.001226482953650237,0.0008521873482202708,-0.00023979130978733526,0.002925942842612612,0.7987366421050197,0.0
7001_liver_sham_Male_52-U1,sham,52,tierApm_p95,Macrophages,secondary_senescence,17708,20.177866835741543,1000,0.0152634862611767,A_sender_for_secondary_senescence,0.007199264652800763,0.0012196017261821158,0.00487052715389014,0.009537414044575344,0.5283341872484016,0.0,3.0749777149920954e-05,0.0025061596925649607,-0.004637231603802255,0.004902967023044904,0.9979854027694751,0.0,0.0007403417821296234,0.00221152647367674,-0.0029678820308045696,0.00558222919934587,0.9514958922580673,0.0
7001_liver_sham_Male_52-U1,sham,52,tierApm_p95,Mesenchymal,secondary_senescence,19053,49.99999999999999,1000,0.004553139592908863,A_sender_for_secondary_senescence,0.0006939518209548456,0.0013075963121730364,-0.0018689979127540417,0.003115325205556017,0.8475882834702415,0.003,0.0001026351088196061,0.003676845204590831,-0.00533441932287614,0.009282578002051714,0.9774583873994437,0.171,0.004063070026328477,0.0022469679865618963,0.0005194125791349513,0.00823146095947771,0.10763332785659124,0.401
7001_liver_sham_Male_52-U1,sham,52,tierApm_p95,T/NK cells,secondary_senescence,4798,20.177866835741543,1000,0.007387423648935544,A_sender_for_secondary_senescence,0.005132044991560385,0.0017308459733394149,0.0015430640173507335,0.008409576859369,0.3052997586919409,0.094,-4.267357945774436e-05,0.0031840203766389627,-0.006006326217361468,0.006479781804238819,1.0057765171574928,0.019,0.0011163904476022089,0.002667015829024107,-0.003721854967290025,0.006823341461502145,0.8488795958299928,0.016
7001_liver_sham_Male_52-U1,sham,52,tierApm_p95,vSMCs,secondary_senescence,2845,8.563960425689007,1000,0.009554525847548212,A_sender_for_secondary_senescence,0.0007781910585042855,0.0027126297596092408,-0.004401906429013273,0.005935094359884202,0.9185526240735454,0.001,9.879350820063598e-05,0.007396911898175096,-0.014540819181601956,0.015548696588040459,0.9896600302540406,0.185,0.0015457592377263317,0.006133528480721832,-0.009555185851449566,0.013457238833232972,0.8382170646256623,0.121
7001_liver_sham_Male_52-U1,sham,52,tierApm_p95,Biliary/ductular,tnfa_nfkb_proximal,21687,13.48099749887925,1000,0.008629583818591394,A_sender_for_tnfa_nfkb_proximal,0.002837122410651981,0.0011223188938264195,0.0006930033159952249,0.004986206190126774,0.671232996828915,0.0,-9.250599915324758e-06,0.0022533817401235888,-0.0044503987621391065,0.0045287690214815945,1.0010719636207015,0.0,-0.00015026458744751397,0.002199563038918348,-0.00410804444053738,0.004452586096355478,1.017412727033694,0.001
7001_liver_sham_Male_52-U1,sham,52,tierApm_p95,DC,tnfa_nfkb_proximal,3072,49.99999999999999,1000,0.014025111950371694,A_sender_for_tnfa_nfkb_proximal,0.008993559535056324,0.004770378642865057,-0.0001836450274241728,0.018417093520801647,0.3587531018019449,0.145,6.710714411187341e-06,0.005213793349316864,-0.01097985840940597,0.00903955413831653,0.9995215215083535,0.005,-0.0013827324487189015,0.004016232703881082,-0.008923105389584225,0.007236004025567269,1.0985897619649487,0.001
7001_liver_sham_Male_52-U1,sham,52,tierApm_p95,Endothelial,tnfa_nfkb_proximal,18785,6.999999999999999,1000,0.028775674046968614,A_sender_for_tnfa_nfkb_proximal,0.0008865445687500574,0.0010803902793031937,-0.0011878380049705562,0.0029155363936932267,0.9691911797686126,0.0,-9.448465146555378e-05,0.0035133557612348635,-0.006817809118558179,0.00679989022915005,1.0032834904687666,0.0,0.0015469993246132359,0.002969534153043794,-0.003418135258406046,0.006858708881584598,0.9462393366672082,0.0
7001_liver_sham_Male_52-U1,sham,52,tierApm_p95,Hepatocytes,tnfa_nfkb_proximal,57348,9.962242533302096,1000,0.0053164867223268915,A_sender_for_tnfa_nfkb_proximal,0.0002808292423339872,0.0004420235218128084,-0.0005408891797773523,0.0011430656276981291,0.947177665063165,0.0,2.8742801552825843e-05,0.0010002269532603679,-0.001924820403528454,0.0019820694852063694,0.9945936474491475,0.0,0.00048364699630248567,0.000973473193427463,-0.0012807957554440376,0.0025609452965647925,0.9090288339719946,0.001
7001_liver_sham_Male_52-U1,sham,52,tierApm_p95,Macrophages,tnfa_nfkb_proximal,17695,8.563960425689007,1000,0.033748755486784465,A_sender_for_tnfa_nfkb_proximal,0.005690561424752767,0.001697660110260186,0.002608082943514904,0.00906603476157956,0.8313845549954839,0.0,6.834325316500397e-06,0.004152863169886284,-0.008235870490205887,0.00801684782053143,0.9997974940048033,0.0,0.0005829326248275694,0.004184415967609141,-0.007767497205303098,0.007947799811799121,0.9827272853052066,0.0
7001_liver_sham_Male_52-U1,sham,52,tierApm_p95,Mesenchymal,tnfa_nfkb_proximal,19018,49.99999999999999,1000,0.005416527131938828,A_sender_for_tnfa_nfkb_proximal,0.0014807871161111555,0.0015337651568435027,-0.0015376847629966434,0.004382852315011941,0.726616874605941,0.003,8.066205462783011e-05,0.0021863712939185955,-0.003492395768007248,0.00490744906072521,0.9851081601433873,0.018,0.0026426233934264344,0.001514661836028055,-0.00010806710791869096,0.0054986019564800225,0.5121184978758675,0.032
7001_liver_sham_Male_52-U1,sham,52,tierApm_p95,T/NK cells,tnfa_nfkb_proximal,4815,8.14292620081837,1000,0.025559553579553765,A_sender_for_tnfa_nfkb_proximal,0.005717104688656951,0.0024346020773017354,0.0010535181298280297,0.010420683447891342,0.7763222009780985,0.0,-5.299615294406038e-05,0.006205230672403511,-0.012320979825700998,0.01189229527634447,1.0020734381286869,0.0,-0.0002838573199970825,0.005566858364693373,-0.011252050279609413,0.01136335013224836,1.011105722919361,0.001
7001_liver_sham_Male_52-U1,sham,52,tierApm_p95,vSMCs,tnfa_nfkb_proximal,2857,9.472463873139185,1000,0.015238617310330708,A_sender_for_tnfa_nfkb_proximal,0.0025141054544930174,0.0026118599115097217,-0.002505662750524589,0.007751158924681103,0.8350174820133693,0.0,3.982628813664005e-05,0.005928883186394041,-0.01140730339613775,0.011233170450901981,0.9973864893824954,0.01,0.0010325402849110155,0.005662113452158481,-0.010071850792257649,0.01197067988608084,0.9322418652635219,0.006
7248_liver_sham_Male_26-U1,sham,26,tierApm_p95,Biliary/ductular,downstream_arrest,7910,6.999999999999999,1000,0.0043640049052222595,A_sender_for_downstream_arrest,0.00043059994150583265,0.0012690670529896847,-0.0021710991033460597,0.0029278333954958534,0.9013291802237554,0.001,-0.00021521976539980617,0.0032682213432715804,-0.006814786672456562,0.006306986800208906,1.049317031046931,0.183,-0.00023166649455872557,0.003037372275239455,-0.005446097079451671,0.005934959267857506,1.0530857548490604,0.155
7248_liver_sham_Male_26-U1,sham,26,tierApm_p95,Endothelial,downstream_arrest,32676,49.99999999999999,1000,-0.0021777491538617173,A_sender_for_downstream_arrest,-0.0012582437133894077,0.0006023531017155062,-0.0024510624801528194,-8.211517688150027e-05,0.4222274355344309,0.065,-1.1747467210512133e-05,0.001804162607067859,-0.0033162447344371533,0.0032832910162630302,0.9946056839513951,0.235,-0.0007095973142994452,0.0010074958031382653,-0.002994061563478429,0.0007761881039465751,0.6741602158168015,0.09
7248_liver_sham_Male_26-U1,sham,26,tierApm_p95,Hepatocytes,downstream_arrest,101147,6.999999999999999,1000,-0.005540917647186606,A_sender_for_downstream_arrest,-0.00022325094726443308,0.00022351997194747307,-0.0006528984280921074,0.00022444839336387476,0.959708668946237,0.0,4.871366843175445e-05,0.0010282195598530182,-0.0018660400993385814,0.0018966457920350389,1.0087916246971274,0.0,-0.00010908805175932157,0.0010507790477132537,-0.001914826641438427,0.0019238841496496432,0.9803122770079951,0.0
7248_liver_sham_Male_26-U1,sham,26,tierApm_p95,Macrophages,downstream_arrest,13464,6.999999999999999,1000,-0.008528788018869011,A_sender_for_downstream_arrest,-0.00035242803070471677,0.0008513506633902198,-0.002003761872514095,0.0013507537733524722,0.9586778297309058,0.0,-6.411431383095842e-06,0.002677742977542298,-0.0049691876489006285,0.00532512061852633,0.999248259967429,0.002,-0.0003581768932619893,0.0023585175931539353,-0.004641365137070556,0.004023130643463603,0.95800377586246,0.0
7248_liver_sham_Male_26-U1,sham,26,tierApm_p95,Mesenchymal,downstream_arrest,26832,49.99999999999999,1000,-0.0023279195993134204,A_sender_for_downstream_arrest,-0.0006547747461377987,0.000697218592132133,-0.001982431296706088,0.0007281331441536679,0.7187296561569768,0.01,1.1218029254779216e-05,0.00148792737990455,-0.0030591261079841513,0.002394617246196,1.0048189075164313,0.101,-0.0005231769394045108,0.0008593454923523097,-0.002181805889509242,0.0012370111352088733,0.7752598760031004,0.023
7248_liver_sham_Male_26-U1,sham,26,tierApm_p95,T/NK cells,downstream_arrest,4855,14.178039470333344,1000,0.007595240207823953,A_sender_for_downstream_arrest,0.0009513283184061494,0.0019201516368996057,-0.0028389958743956067,0.004819910766843266,0.8747467766159425,0.0,-0.00011501092879898481,0.0037009074461824484,-0.007155441893790798,0.006755690281928855,1.0151425005203274,0.035,-0.0009679419581941219,0.0033781499466457366,-0.007002863571384691,0.005940981749108724,1.127440598547105,0.026
7248_liver_sham_Male_26-U1,sham,26,tierApm_p95,vSMCs,downstream_arrest,6368,49.99999999999999,1000,0.0020647585549473995,A_sender_for_downstream_arrest,9.399225701219891e-05,0.0015615572234953092,-0.0032057915613586674,0.0030193195341689087,0.9544778459510519,0.181,-0.0001495970943892968,0.0023869549146880186,-0.0049053795948236,0.004352063396500885,1.0724525848462256,0.4,-0.0005768696045318551,0.001729937743909975,-0.0033973410028117056,0.0031024069792190702,1.2793884074966582,0.286
7248_liver_sham_Male_26-U1,sham,26,tierApm_p95,Biliary/ductular,emt_ecm,7975,7.361938632551805,1000,0.007159361802981109,A_sender_for_emt_ecm,0.0019149502411243686,0.002501996315498032,-0.0029231768536529747,0.006931401284859603,0.7325250079794827,0.02,0.0002681726352629906,0.007050422777393787,-0.01283047124387249,0.014557864808663981,0.9625423825973811,0.316,-0.004330334995777084,0.006800358656351396,-0.017526694125823264,0.009168028151253805,1.6048493029048987,0.398
7248_liver_sham_Male_26-U1,sham,26,tierApm_p95,Endothelial,emt_ecm,32880,6.999999999999999,1000,0.01542731396930167,A_sender_for_emt_ecm,0.000893925726537089,0.0009173112437586004,-0.0009641790114634973,0.002621034410413478,0.9420556469962377,0.0,-6.491774705393724e-05,0.0031259031549499246,-0.005878152655781937,0.005945105984116531,1.0042079747118076,0.0,-0.0010291886149654877,0.0022961727968381154,-0.005667123902069632,0.003396770512308638,1.066712106657934,0.0
7248_liver_sham_Male_26-U1,sham,26,tierApm_p95,Hepatocytes,emt_ecm,101571,49.99999999999999,1000,-0.0013939374107868855,A_sender_for_emt_ecm,-0.0015346237119980685,0.00037646322073892183,-0.0022826004658032576,-0.0007518467540868617,-0.10092727271862577,0.645,-8.570793755368916e-05,0.0018461965737199238,-0.0031328735721790134,0.0037439123576979813,0.9385137834091801,0.492,-0.0003712871728253193,0.0010228326374809467,-0.0022911982450698983,0.0018305782130525246,0.7336414318518608,0.201
7248_liver_sham_Male_26-U1,sham,26,tierApm_p95,Macrophages,emt_ecm,13539,6.999999999999999,1000,0.012289712380278674,A_sender_for_emt_ecm,0.0007223873990642398,0.0012458730311610284,-0.001795359762061138,0.0031447937735611595,0.9412201541654094,0.0,-0.0001331240556645676,0.0034704224987045684,-0.006537752245908329,0.0067409883994668735,1.0108321538816638,0.001,-0.001401799380145402,0.003039616505055033,-0.006931341333406407,0.004532068913343391,1.1140628305016211,0.0
7248_liver_sham_Male_26-U1,sham,26,tierApm_p95,Mesenchymal,emt_ecm,26913,49.99999999999999,1000,0.012020207663639135,A_sender_for_emt_ecm,0.03366314086234954,0.003817642913953606,0.026108545143925133,0.041166030215138996,-1.8005456980730712,1.0,0.0003892180839492839,0.00848792621498024,-0.017263763368409415,0.01598814564491574,0.9676196872100089,0.158,0.0006784313301629663,0.007206931094688854,-0.014118511487998853,0.01238938231180374,0.9435591007121111,0.095
7248_liver_sham_Male_26-U1,sham,26,tierApm_p95,T/NK cells,emt_ecm,4875,49.99999999999999,1000,0.026590005565367687,A_sender_for_emt_ecm,0.03212381973312493,0.0053427797711657135,0.0219106012261411,0.042578375121984195,-0.20811632228331647,0.859,-1.6515421181876878e-05,0.009910316663682936,-0.019917172955751062,0.017850670027743987,1.0006211138670609,0.003,-0.0011839516785512795,0.008183940770441175,-0.019267313364715537,0.01204271892159834,1.044526191453428,0.01
7248_liver_sham_Male_26-U1,sham,26,tierApm_p95,vSMCs,emt_ecm,6383,49.99999999999999,1000,-0.017132358865088435,A_sender_for_emt_ecm,0.002632678949065473,0.007325023706913135,-0.012031886554164276,0.016490892660815302,1.1536670443222055,0.025,0.0005811470222536657,0.013644057750983754,-0.02697636263536572,0.026061925405378536,1.0339210161793833,0.226,0.009454793467461527,0.013543876434419766,-0.02310795421666633,0.03455272102260845,1.5518675823869232,0.311
7248_liver_sham_Male_26-U1,sham,26,tierApm_p95,Biliary/ductular,il6_jak_stat3,7975,49.99999999999999,1000,0.009898812808960239,A_sender_for_il6_jak_stat3,0.0067826266676625085,0.0022490358024169,0.0022415041361564902,0.011056723934163355,0.3148040276584492,0.07,-0.00011858596340703196,0.002689134661723267,-0.005164169060757776,0.004986092415630792,1.0119798167412248,0.0,-0.000996283850329431,0.002117431057406379,-0.004846818701617058,0.0036647976116046892,1.1006468017485502,0.0
7248_liver_sham_Male_26-U1,sham,26,tierApm_p95,Endothelial,il6_jak_stat3,32870,49.99999999999999,1000,0.007924556677635334,A_sender_for_il6_jak_stat3,0.002957699595995074,0.0012480399851846264,0.0004898962514930848,0.0054270296294115505,0.6267678160038546,0.0,-6.340842252796915e-06,0.0024040136017476647,-0.005361701429568659,0.004235932795387957,1.000800151038189,0.0,-0.0014839979457598397,0.0017860738981618567,-0.004541145445402,0.002101960818870902,1.1872657368894812,0.0
7248_liver_sham_Male_26-U1,sham,26,tierApm_p95,Hepatocytes,il6_jak_stat3,101566,6.999999999999999,1000,0.006329294074599027,A_sender_for_il6_jak_stat3,0.0004327224614876352,0.0002918565345673223,-0.00012315510873037034,0.0009653783934581922,0.9316317971028942,0.0,0.0001136724827990808,0.001015399647140644,-0.0015736527869659278,0.0023047583703793765,0.9820402589199836,0.0,-0.00015902414774288188,0.0008441765975785236,-0.0017784955140093042,0.0014418438673938843,1.025125100187884,0.0
7248_liver_sham_Male_26-U1,sham,26,tierApm_p95,Macrophages,il6_jak_stat3,13528,6.999999999999999,1000,0.02068537806414601,A_sender_for_il6_jak_stat3,0.0014226093327236256,0.0020848841718402724,-0.0027367232289414686,0.005400744660297926,0.9312263315511049,0.0,-0.00021377517954785838,0.004988157719091393,-0.010415962426420336,0.009663176886836515,1.0103346034520102,0.0,-0.0006686539474321482,0.004742125841074989,-0.009114898419468,0.009229819663535054,1.0323249565639376,0.0
7248_liver_sham_Male_26-U1,sham,26,tierApm_p95,Mesenchymal,il6_jak_stat3,26917,6.999999999999999,1000,0.010257740315731276,A_sender_for_il6_jak_stat3,0.0029689442073149597,0.001399783813540244,0.00014644196079544784,0.0056371045480444896,0.7105654738829968,0.0,9.948766654219189e-06,0.0026868585257666926,-0.005446918501572263,0.005322903952673972,0.9990301210258793,0.0,0.00010162992933448819,0.0027220788528863177,-0.0054591370274504935,0.005260973763190045,0.9900923667195368,0.001
7248_liver_sham_Male_26-U1,sham,26,tierApm_p95,T/NK cells,il6_jak_stat3,4868,9.006764443646388,1000,0.04779039301181856,A_sender_for_il6_jak_stat3,0.00895058615620889,0.00417657244310509,0.0006226621355982656,0.016779248059726637,0.8127116018067604,0.0,0.0005351718242257078,0.009558681208750908,-0.018008074057891062,0.01872248160121531,0.9888016860607662,0.0,-0.00010839895901783647,0.008786859530322537,-0.016135288104007987,0.016196716431085452,1.002268216521907,0.0
7248_liver_sham_Male_26-U1,sham,26,tierApm_p95,vSMCs,il6_jak_stat3,6383,25.962470509255517,1000,-0.02415405144231663,A_sender_for_il6_jak_stat3,-0.019179768909192898,0.0036732138120915176,-0.0258363175013665,-0.011368957572124486,0.2059398832118512,0.085,-0.00013481666659375942,0.006601558812576576,-0.012148071327710707,0.013423178150173375,0.9944184657006415,0.0,-0.003313110877529905,0.006084092589328223,-0.01427563462634159,0.008326256553823158,0.8628341549473764,0.003
7248_liver_sham_Male_26-U1,sham,26,tierApm_p95,Biliary/ductular,interferon_response,7975,14.178039470333344,1000,-0.003252156507030383,A_sender_for_interferon_response,-0.0010598054965012685,0.0014475300214838555,-0.00371596283134003,0.001890490907984036,0.6741222342128298,0.06,8.54546440951437e-05,0.00254769237857689,-0.00510285113564958,0.005063051428190238,1.0262763012513116,0.214,-6.255496842273588e-05,0.002752028257455934,-0.004897190350997478,0.006017691345808982,0.9807650805588516,0.226
7248_liver_sham_Male_26-U1,sham,26,tierApm_p95,Endothelial,interferon_response,32861,49.99999999999999,1000,0.005001075953240388,A_sender_for_interferon_response,0.0022802305638789555,0.0009816894855481223,0.00040738111777893765,0.004195363920265321,0.5440520029691797,0.002,1.0086548206313367e-05,0.0020369762569197665,-0.004271258349300832,0.0038948068950351447,0.9979831243715109,0.017,0.00031030728578468103,0.0013285382325161433,-0.001928765624967306,0.003354432915452735,0.9379518950149875,0.001
7248_liver_sham_Male_26-U1,sham,26,tierApm_p95,Hepatocytes,interferon_response,101547,49.99999999999999,1000,-0.0012341316655938646,A_sender_for_interferon_response,0.001111904436895191,0.00048612893528732665,0.0001246600582554738,0.002011128885468209,1.900960949219419,0.41,-1.4594738723589162e-05,0.0016110572720990056,-0.0028362643508536844,0.00330093383996714,0.9881740829358218,0.465,0.000875565164255617,0.0009510215186150252,-0.0009240409599124333,0.0026108987546377502,1.7094584708142098,0.368
7248_liver_sham_Male_26-U1,sham,26,tierApm_p95,Macrophages,interferon_response,13525,6.999999999999999,1000,0.010452972738789444,A_sender_for_interferon_response,0.0008903103083870527,0.0018785067612151578,-0.0027808928162209806,0.004460026653557072,0.9148270706683046,0.0,-7.15569981399097e-05,0.0048138069848545455,-0.009371619745171166,0.009233304040585468,1.0068456122414222,0.026,-0.00013708561106014216,0.004426750673360057,-0.00807518371392245,0.008325695578830436,1.0131145095740504,0.019
7248_liver_sham_Male_26-U1,sham,26,tierApm_p95,Mesenchymal,interferon_response,26896,49.99999999999999,1000,0.004508448006156748,A_sender_for_interferon_response,0.007017711208323801,0.0011742210404218315,0.004725693048542589,0.009443990884419752,-0.5565691782938158,0.986,6.278449529530587e-05,0.0017123731166324237,-0.003444469957877288,0.0032592980497554006,0.9860740336342867,0.01,0.00046473954707932757,0.0014780329227628746,-0.00280678531006125,0.0028023382733445307,0.8969180643883043,0.001
7248_liver_sham_Male_26-U1,sham,26,tierApm_p95,T/NK cells,interferon_response,4872,12.18803582947357,1000,0.04119348819550055,A_sender_for_interferon_response,0.010843795019275536,0.0052285910043730925,0.0002372160681185362,0.020283957351472523,0.7367594856786133,0.0,-0.0003562955054329826,0.009440584689306501,-0.01890430683227991,0.018405214631252546,1.008649316215758,0.0,0.0002755032044133552,0.009027344081991533,-0.016817240220055193,0.01893198212922684,0.9933119719528037,0.0
7248_liver_sham_Male_26-U1,sham,26,tierApm_p95,vSMCs,interferon_response,6380,6.999999999999999,1000,-0.015285508406630802,A_sender_for_interferon_response,-0.004380470372049528,0.0023963506061555327,-0.008897418907460099,0.0002645622314205235,0.7134233120993676,0.0,6.76781024118612e-05,0.0066015527880393405,-0.013063312685069009,0.013888430934456382,1.0044275990442362,0.024,-0.0024367088144408976,0.006357048619353025,-0.014426068292714483,0.010787226693088705,0.8405869958905743,0.015
7248_liver_sham_Male_26-U1,sham,26,tierApm_p95,Biliary/ductular,oxidative_stress,7960,19.185852382096297,1000,-0.050426686961989625,A_sender_for_oxidative_stress,-0.030563263538224732,0.004681355356782141,-0.039673245356812964,-0.021262613833774483,0.39390696911612383,0.0,0.0003662492110260705,0.0089983713624781,-0.016875002001618483,0.018572252339654375,1.0072630036413486,0.0,-0.003324715745382167,0.008694426276517037,-0.021162657706288116,0.012166655263616367,0.9340683287821734,0.0
7248_liver_sham_Male_26-U1,sham,26,tierApm_p95,Endothelial,oxidative_stress,32850,27.304873519796445,1000,-0.016475789138151176,A_sender_for_oxidative_stress,-0.002021401127855988,0.002097080517847069,-0.00629215567873599,0.002149086533668031,0.8773108158336858,0.0,-0.00012895236976657738,0.005155020595397601,-0.009833972921643029,0.010285388482416847,0.9921732204336133,0.0,0.003211275791214131,0.004796883574295193,-0.007277616174243375,0.011469298368107414,1.194908769727948,0.0
7248_liver_sham_Male_26-U1,sham,26,tierApm_p95,Hepatocytes,oxidative_stress,101504,6.999999999999999,1000,-0.012716360049811332,A_sender_for_oxidative_stress,0.00027483765712232915,0.000730326096973748,-0.0012732192117754415,0.001689288308869504,1.021612918794825,0.0,-0.00029439383682581236,0.00497907004019032,-0.009868071361926387,0.00913556467058545,0.9768492056160222,0.003,0.00035979345543395586,0.0033771211399223184,-0.006185528862174321,0.00633303122138549,1.0282937455391798,0.0
7248_liver_sham_Male_26-U1,sham,26,tierApm_p95,Macrophages,oxidative_stress,13524,6.999999999999999,1000,-0.05276442307748183,A_sender_for_oxidative_stress,-0.002384500770589747,0.0030700486195239076,-0.008193586453019258,0.003719040382336784,0.9548085503164085,0.0,0.0001857259972949161,0.007114642784392921,-0.013902326275729545,0.014275572332085151,1.0035199095614518,0.0,0.0019938217283443187,0.007272327668656579,-0.013500628018540475,0.014913531937475511,1.0377872364001117,0.0
7248_liver_sham_Male_26-U1,sham,26,tierApm_p95,Mesenchymal,oxidative_stress,26914,14.911122358641625,1000,-0.031721484501900724,A_sender_for_oxidative_stress,-0.029272667839368174,0.0031817328892774933,-0.03538844857993264,-0.023005937753760843,0.07719741686067114,0.221,-0.0003345563376836352,0.007079727163436347,-0.013519480047660126,0.01361897829539937,0.9894533202674172,0.0,0.0008821005316918756,0.006726490791560657,-0.013439772527209747,0.012754030717075147,1.027807668699711,0.001
7248_liver_sham_Male_26-U1,sham,26,tierApm_p95,T/NK cells,oxidative_stress,4870,6.999999999999999,1000,-0.07228863764214814,A_sender_for_oxidative_stress,-0.012741332796860806,0.005633379544311482,-0.02339971658219128,-0.0014768495581097016,0.8237436309156292,0.0,-0.0007945541729045669,0.014738683105891612,-0.029731999284127033,0.02835215425091997,0.9890085883643587,0.0,-0.00082048566253274,0.015178486032556593,-0.02801552437672849,0.028055147904221096,0.9886498668491387,0.001
7248_liver_sham_Male_26-U1,sham,26,tierApm_p95,vSMCs,oxidative_stress,6398,6.999999999999999,1000,-0.037921007663903106,A_sender_for_oxidative_stress,-0.006899807660711254,0.004062779150738075,-0.01477826323975256,0.00041526518387423203,0.8180478820113433,0.0,0.0005957815837982119,0.011098645874188393,-0.019686224691604765,0.02337089420399984,1.015711122158954,0.002,-0.0005856735763412489,0.010933277940955754,-0.021647439484382473,0.022046295667123596,0.9845554321358726,0.003
7248_liver_sham_Male_26-U1,sham,26,tierApm_p95,Biliary/ductular,secondary_senescence,7975,36.94920399670096,1000,0.006111940417927174,A_sender_for_secondary_senescence,0.004650383551936152,0.0017665392360516087,0.0012533522631240604,0.008130067779768648,0.23913139953132917,0.212,0.00012831881954406845,0.002743835115342443,-0.00508217801991481,0.005381889329540789,0.9790052240745523,0.025,-0.0004175031782364803,0.002105854165305322,-0.004693346557200672,0.003607885539705208,1.0683094319787354,0.004
7248_liver_sham_Male_26-U1,sham,26,tierApm_p95,Endothelial,secondary_senescence,32870,49.99999999999999,1000,0.004284217302510215,A_sender_for_secondary_senescence,0.0005124939729606732,0.000871782380861026,-0.001255677978753853,0.002209148415600894,0.8803762888823609,0.0,6.962775112492294e-05,0.00201127614124836,-0.003886569249203753,0.004332920649490694,0.9837478479244911,0.043,-0.0005000463530816868,0.0016079069421920502,-0.003162881832575009,0.003435974191965386,1.116718251613591,0.005
7248_liver_sham_Male_26-U1,sham,26,tierApm_p95,Hepatocytes,secondary_senescence,101566,8.14292620081837,1000,0.000546741540399333,A_sender_for_secondary_senescence,-0.00012038465736511561,0.00026528326786538976,-0.0006232608920969034,0.00039703205202384304,1.2201856791001984,0.06,2.535310187130347e-05,0.0009423378067098266,-0.0016929290763820321,0.0019399132942864656,0.9536287258275896,0.541,0.00013517979287433623,0.0007962835475624629,-0.0013714945887200582,0.0015812293191010509,0.7527537549541186,0.527
7248_liver_sham_Male_26-U1,sham,26,tierApm_p95,Macrophages,secondary_senescence,13528,12.818224546846722,1000,0.0038192173894315666,A_sender_for_secondary_senescence,0.00011539569365070799,0.0010188554473754602,-0.0017368703575254014,0.0021188069433132925,0.9697855131341757,0.0,6.531597488604821e-05,0.0018861751940266566,-0.0033105364860533362,0.0040700065861984346,0.982898073551197,0.049,-0.0005501416321902155,0.0016070190907201424,-0.003543389142961755,0.0025868950626689435,1.1440456449828051,0.023
7248_liver_sham_Male_26-U1,sham,26,tierApm_p95,Mesenchymal,secondary_senescence,26917,10.477345453252495,1000,0.003292929921027454,A_sender_for_secondary_senescence,-0.0004996609491075098,0.0011569214681526974,-0.0027747084732936233,0.001657182981763071,1.151737498547071,0.008,-3.534790119448281e-05,0.002235001443110945,-0.004604924459949631,0.004272227937490048,1.010734483284556,0.152,-0.0008193556801692788,0.0020822380336822537,-0.004908358492049351,0.0034557305154572565,1.2488226897685162,0.139
7248_liver_sham_Male_26-U1,sham,26,tierApm_p95,T/NK cells,secondary_senescence,4868,49.99999999999999,1000,0.009286521723633168,A_sender_for_secondary_senescence,0.0050219488978690005,0.0024898615376489418,0.00024082366221644906,0.009776031091583254,0.45922175736813303,0.049,0.00029792539253621484,0.003060594076829897,-0.006229733206944051,0.005793540199695135,0.9679185165983053,0.002,-8.7342468002901e-05,0.002714504160076686,-0.005704995333310948,0.005451610559147769,1.0094052941028098,0.002
7248_liver_sham_Male_26-U1,sham,26,tierApm_p95,vSMCs,secondary_senescence,6383,6.999999999999999,1000,-0.012405711349669014,A_sender_for_secondary_senescence,-0.003328854865647625,0.0021393914874713042,-0.0076347133814832924,0.0008488058810496658,0.7316675544174708,0.0,-2.073549580271815e-05,0.0059071483174462465,-0.011403389948429092,0.011474295565133102,0.998328552453119,0.038,-0.0021080187238144035,0.005760957323651977,-0.013446934008841014,0.00936691981361291,0.8300767554235698,0.042
7248_liver_sham_Male_26-U1,sham,26,tierApm_p95,Biliary/ductular,tnfa_nfkb_proximal,7932,49.99999999999999,1000,0.008531730700379521,A_sender_for_tnfa_nfkb_proximal,0.009209588808393778,0.0021825528093015667,0.0047051396367783615,0.013561866752581286,-0.0794514186886025,0.634,-4.935188441882907e-05,0.0029580246620463375,-0.005916468203470232,0.0056642497871086765,1.005784510335826,0.005,0.0015769209641769554,0.0022518781342896394,-0.0030677356456079606,0.006241511250765555,0.8151698618304012,0.005
7248_liver_sham_Male_26-U1,sham,26,tierApm_p95,Endothelial,tnfa_nfkb_proximal,32748,49.99999999999999,1000,0.00652095478701464,A_sender_for_tnfa_nfkb_proximal,0.0017606391303422635,0.0008679092544836047,4.027034997630233e-06,0.0033596174055214234,0.7300028618741118,0.0,-0.00012278683698400603,0.0022370796826031887,-0.005411656645487894,0.004078486542526028,1.0188295795622622,0.008,-0.0006721598876462352,0.0016036452376539823,-0.0030962831205742906,0.0030760604564561474,1.1030769127528266,0.0
7248_liver_sham_Male_26-U1,sham,26,tierApm_p95,Hepatocytes,tnfa_nfkb_proximal,101306,6.999999999999999,1000,0.0026226188195971364,A_sender_for_tnfa_nfkb_proximal,6.111437481271423e-05,0.00023607576568487974,-0.00037305113226752696,0.0005409498814586963,0.9766971950494497,0.0,1.530056335739844e-06,0.0007695734474970037,-0.0014054395668439098,0.001600748503663545,0.9994165921771373,0.0,9.407369507672375e-05,0.0006910412802933649,-0.0012541552620276043,0.0014481682323105242,0.9641298634884445,0.0
7248_liver_sham_Male_26-U1,sham,26,tierApm_p95,Macrophages,tnfa_nfkb_proximal,13506,6.999999999999999,1000,0.012154244963801034,A_sender_for_tnfa_nfkb_proximal,0.0010505454010270225,0.0012311555706844444,-0.0013559304092744813,0.0033355055485115915,0.9135655563833163,0.0,-0.0002818059357892916,0.0030101638894283935,-0.005978896640397179,0.00566717107080414,1.0231858035302557,0.0,0.0001063268683774085,0.0028834007797865417,-0.005612139108802101,0.005683276963283226,0.9912518738355133,0.0
7248_liver_sham_Male_26-U1,sham,26,tierApm_p95,Mesenchymal,tnfa_nfkb_proximal,26851,6.999999999999999,1000,0.01128310802311135,A_sender_for_tnfa_nfkb_proximal,0.004314713448531495,0.0011104718197177705,0.0021840379745561296,0.00645741524422351,0.6175953079866286,0.0,-8.291760867300727e-05,0.00236193460022682,-0.004639259311766734,0.004645552033650216,1.0073488269812862,0.0,-3.3101628407287083e-05,0.0024458157325393435,-0.004944500270022413,0.004945178970044029,1.0029337331823363,0.0
7248_liver_sham_Male_26-U1,sham,26,tierApm_p95,T/NK cells,tnfa_nfkb_proximal,4859,11.58882939190469,1000,0.023429409490861714,A_sender_for_tnfa_nfkb_proximal,0.008689378250071635,0.003386579029890339,0.0020798625691217957,0.015392566670970362,0.6291251705058638,0.0,-0.00017983794033391338,0.006348305320330799,-0.012042596243470125,0.012808333557894461,1.007675735080052,0.0,0.00038693586560518674,0.006204960225778705,-0.01088229281040974,0.012849903278783785,0.9834850355167464,0.0
7248_liver_sham_Male_26-U1,sham,26,tierApm_p95,vSMCs,tnfa_nfkb_proximal,6365,11.019082036984365,1000,-0.007682847367854862,A_sender_for_tnfa_nfkb_proximal,-0.0029045868962658556,0.0018468380375991089,-0.00651726538262722,0.0007111466616782552,0.6219387478113014,0.004,0.00013386290335100828,0.003574302233342784,-0.007078451200257562,0.007210637418686833,1.0174236057208546,0.037,-0.0008269817348479147,0.0035329806284264157,-0.007695327776395602,0.0062690325726891165,0.8923599942505669,0.035
7352_liver_sham_Male_2-U1,sham,2,tierApm_p95,Biliary/ductular,downstream_arrest,3901,9.006764443646388,1000,0.00455885919446141,A_sender_for_downstream_arrest,0.0009392888210914338,0.0013690530974661567,-0.0016960803267840182,0.0037562550645489244,0.7939640640288732,0.005,8.827020674522319e-05,0.003103865134834286,-0.005864814423427934,0.0061423854278005695,0.9806376545139927,0.141,0.0007393581486115923,0.0026685984853877156,-0.004283671039752109,0.005967154019137231,0.8378194813496667,0.091
7352_liver_sham_Male_2-U1,sham,2,tierApm_p95,Endothelial,downstream_arrest,15180,6.999999999999999,1000,0.001882778013897428,A_sender_for_downstream_arrest,0.00015275731549122576,0.0006892996210669016,-0.0012085345246977122,0.0014717077324303675,0.9188659978161675,0.004,0.00016953595774925535,0.0018996316385988816,-0.0036323860459673077,0.003764191427703458,0.9099543565423792,0.338,-5.9966853811075885e-05,0.0015352202401335857,-0.0030324853710885203,0.002726103087241178,1.0318501986789945,0.23
7352_liver_sham_Male_2-U1,sham,2,tierApm_p95,Hepatocytes,downstream_arrest,70479,6.999999999999999,1000,-0.0019517732368651431,A_sender_for_downstream_arrest,0.0001672816241772541,0.00024601633134716417,-0.0003391873885045642,0.0006666537040817736,1.0857075099799682,0.0,5.543948734871008e-05,0.000997359078641359,-0.0019029211000922068,0.002081451466952158,1.028404676476533,0.057,-5.435897746982086e-05,0.0006849670846187028,-0.0015781734705872397,0.0011358350764678535,0.9721489277324399,0.006
7352_liver_sham_Male_2-U1,sham,2,tierApm_p95,Macrophages,downstream_arrest,8526,6.999999999999999,1000,-0.003612548563038342,A_sender_for_downstream_arrest,-0.00022891216837230276,0.0009295100269545021,-0.0019639368625282345,0.0017374889543820735,0.9366341616236225,0.0,5.753523809344363e-05,0.002388167451419604,-0.004821149285066443,0.0044666405692561865,1.0159264954060723,0.122,0.0006699282317507159,0.0020002811890927606,-0.0031342444551125726,0.004469024543238721,1.1854447684399492,0.096
7352_liver_sham_Male_2-U1,sham,2,tierApm_p95,Mesenchymal,downstream_arrest,8053,20.177866835741543,1000,-0.0019166221148874418,A_sender_for_downstream_arrest,0.000372158619156188,0.0008548791307226445,-0.0013274368473974237,0.0019635468342123017,1.1941742278070522,0.035,3.437170433677328e-05,0.0014821296573882502,-0.0025966375412427444,0.0030556031032999203,1.0179334799853292,0.208,0.0006497056006900395,0.001253759172414752,-0.0018546149784856702,0.0030907556272141592,1.3389847146411513,0.174
7352_liver_sham_Male_2-U1,sham,2,tierApm_p95,T/NK cells,downstream_arrest,2909,49.99999999999999,1000,-0.0016591299836712457,A_sender_for_downstream_arrest,0.0017077667022359737,0.0022986940360510883,-0.0027235062581232278,0.0064026360717550435,2.0293145920111137,0.593,-1.5929357170560126e-05,0.00194655982063075,-0.0038476406520936016,0.003623064794942855,0.9903989697447861,0.397,-0.0007147521923980989,0.0016577377097177378,-0.004123315174507578,0.0024595431310051215,0.5692006054784637,0.328
7352_liver_sham_Male_2-U1,sham,2,tierApm_p95,vSMCs,downstream_arrest,3909,8.14292620081837,1000,-0.0010762461161507896,A_sender_for_downstream_arrest,0.00044492603042314263,0.0014375433177885582,-0.0023932533189284736,0.003241689493444031,1.4134054690152353,0.472,-0.00010337341839489013,0.0034740232571628445,-0.007054083635271126,0.006579944147974835,0.9039500195693093,0.748,0.0006371378135217871,0.002840217872185288,-0.00488937812535772,0.006201508732660882,1.5920001047720573,0.734
7352_liver_sham_Male_2-U1,sham,2,tierApm_p95,Biliary/ductular,emt_ecm,3905,24.6860647223019,1000,0.008553067967771943,A_sender_for_emt_ecm,0.003802711820380049,0.002979582550971223,-0.002102563837470111,0.009661416172349809,0.555397918652265,0.056,0.00013155565365142901,0.004535129133167728,-0.008223577299971979,0.010018245089651991,0.984618892992885,0.059,0.005751516594214619,0.0038427586644500158,-0.0019999893150862056,0.0127688721163204,0.3275492939040823,0.233
7352_liver_sham_Male_2-U1,sham,2,tierApm_p95,Endothelial,emt_ecm,15176,22.318425721029357,1000,0.0021565110455012944,A_sender_for_emt_ecm,0.000318145072439738,0.0009125956733058705,-0.0013374898361311624,0.00208948922731594,0.852472319535102,0.02,3.212562750892772e-05,0.002612114505983689,-0.005213770804230942,0.00448509214891585,0.9851029617604116,0.481,0.0026328889815109766,0.0014103209681981773,-4.3804224605587624e-05,0.005308882065103609,-0.22090215443294664,0.611
7352_liver_sham_Male_2-U1,sham,2,tierApm_p95,Hepatocytes,emt_ecm,70470,49.99999999999999,1000,0.0030108242828631154,A_sender_for_emt_ecm,-0.00042672886417927645,0.00036253931234214845,-0.0011530168642040696,0.00026813075244727197,1.1417315738444498,0.0,0.00012102090129239857,0.0022767434699696295,-0.0031141701586740586,0.006080872549841535,0.9598047279008541,0.152,0.001651874638497606,0.0011327225568538602,-0.00125597505181029,0.0032247281666134046,0.4513546845295232,0.076
7352_liver_sham_Male_2-U1,sham,2,tierApm_p95,Macrophages,emt_ecm,8524,8.14292620081837,1000,-0.00399201003917407,A_sender_for_emt_ecm,0.00016626998767873963,0.0014279387423202243,-0.0025339385433396427,0.0029859101098143916,1.0416506937725887,0.003,-7.690500608097303e-05,0.0037556449367872986,-0.007266303554940777,0.007708877527270646,0.9807352673649878,0.285,0.002034062057957958,0.002875609389269976,-0.003752208583384806,0.00754995702016683,1.5095333022706519,0.26
7352_liver_sham_Male_2-U1,sham,2,tierApm_p95,Mesenchymal,emt_ecm,8044,6.999999999999999,1000,0.0069527966765928675,A_sender_for_emt_ecm,0.0001516045485322675,0.0020099173261069175,-0.0038689115742673048,0.004014441466443097,0.9781951701474809,0.001,-0.00011912569193633436,0.00660544604346584,-0.012319388390504794,0.012983957193708076,1.0171334928198577,0.303,0.0026872664859398272,0.004809856221165795,-0.006421412703440667,0.012039495025798338,0.6134984796856322,0.206
7352_liver_sham_Male_2-U1,sham,2,tierApm_p95,T/NK cells,emt_ecm,2904,6.999999999999999,1000,0.03220133631328364,A_sender_for_emt_ecm,0.0042398993977024145,0.00275959531825208,-0.0009646996682899969,0.00985140008952084,0.8683315699555805,0.0,-0.00022952786001171466,0.0070032766669878834,-0.013072114179916262,0.014983004386280287,1.0071278985995693,0.0,-0.0016705196785015781,0.006112952846460316,-0.013227964083162572,0.011346598930253792,1.0518773401901478,0.0
7352_liver_sham_Male_2-U1,sham,2,tierApm_p95,vSMCs,emt_ecm,3908,14.911122358641625,1000,0.04369371792243913,A_sender_for_emt_ecm,0.022629659647294346,0.005729435359533071,0.010970740445331112,0.03406380620046628,0.48208436536656524,0.0,-0.0014974654818916933,0.01933631198380291,-0.03753457468771121,0.033734877637442796,1.0342718714060875,0.017,-0.010626573146031689,0.017170175988656704,-0.04429683466799139,0.022580966072015516,1.2432059721925004,0.031
7352_liver_sham_Male_2-U1,sham,2,tierApm_p95,Biliary/ductular,il6_jak_stat3,3899,27.304873519796445,1000,0.00393780883200771,A_sender_for_il6_jak_stat3,0.0023482624557117438,0.002129171534045257,-0.0017712718096491507,0.006472032734917032,0.4036626571040344,0.223,-1.0431749236164127e-05,0.003135691967152864,-0.0057435179031837084,0.006774059287444388,1.0026491253591012,0.21,-0.0010701040766237,0.002578506292588749,-0.006502940695715041,0.0038530360672814337,1.2717511495036449,0.161
7352_liver_sham_Male_2-U1,sham,2,tierApm_p95,Endothelial,il6_jak_stat3,15174,21.2211739115045,1000,0.0035650646753499185,A_sender_for_il6_jak_stat3,-0.00022046330522160174,0.0016826749443529852,-0.003693433439714294,0.0029592527172236003,1.0618399174483315,0.039,-0.00012090299304751981,0.006717810006185364,-0.01176818422719701,0.012312648121089365,1.0339132677966503,0.621,-0.001327334007088318,0.0031545639682252747,-0.00749933298867538,0.005128436576069743,1.3723169501709076,0.306
7352_liver_sham_Male_2-U1,sham,2,tierApm_p95,Hepatocytes,il6_jak_stat3,70448,6.999999999999999,1000,0.010098504969837425,A_sender_for_il6_jak_stat3,0.00033901788274294607,0.0003536508767473438,-0.00032328663127072986,0.0010533930178177578,0.966428903708466,0.0,5.024371733599869e-05,0.0012527694921688726,-0.0022275848668322274,0.002740664011122024,0.9950246380542399,0.0,-0.0007588053333739747,0.0011522662578978386,-0.0026293741028021013,0.0013398221430369088,1.0751403634142283,0.0
7352_liver_sham_Male_2-U1,sham,2,tierApm_p95,Macrophages,il6_jak_stat3,8517,49.99999999999999,1000,-0.0031225895186032635,A_sender_for_il6_jak_stat3,-0.0018706118468952853,0.002910745765524204,-0.0075967219818954875,0.0036613995386998305,0.4009421232759369,0.376,-0.00045672547666284104,0.007144415563428651,-0.011635749929119981,0.012374503740431518,0.8537350253877959,0.75,0.0010293880271764252,0.002651599127055382,-0.003781084089166127,0.007437059450498783,1.3296584520775792,0.243
7352_liver_sham_Male_2-U1,sham,2,tierApm_p95,Mesenchymal,il6_jak_stat3,8039,6.999999999999999,1000,0.005026949479458341,A_sender_for_il6_jak_stat3,0.0007823860970409541,0.002111692198300973,-0.003172253401990356,0.004967424488619042,0.8443616550677456,0.028,-0.00010598324012316734,0.007270482049911984,-0.013637865499929843,0.014989456013245066,1.021083012780663,0.483,0.0007928341121254594,0.005365250074008406,-0.010251878692602261,0.011554454545001865,0.8422832544139895,0.339
7352_liver_sham_Male_2-U1,sham,2,tierApm_p95,T/NK cells,il6_jak_stat3,2900,8.563960425689007,1000,0.02271850645223764,A_sender_for_il6_jak_stat3,0.002679465719534305,0.004196139285803899,-0.005693422038306578,0.011339730558606464,0.8820580162182979,0.0,-0.00025207798037435913,0.01071879071236537,-0.020897573670699197,0.020281928150472434,1.0110957109308358,0.031,-0.0009132769148971163,0.009113540306617504,-0.018227265120494336,0.017101317016562333,1.0401996899231536,0.007
7352_liver_sham_Male_2-U1,sham,2,tierApm_p95,vSMCs,il6_jak_stat3,3904,30.20149733539872,1000,-0.014750871213829345,A_sender_for_il6_jak_stat3,-0.006963297667286563,0.00316297148609941,-0.012885033426663202,-0.0005212032418249184,0.5279399049489171,0.009,-0.0003696357964230349,0.0045853559280797,-0.009305270517281921,0.00886674591618475,0.9749414260985146,0.002,0.002537367902405551,0.004142813730786763,-0.005426274603429004,0.009751302175790896,1.1720147824236102,0.0
7352_liver_sham_Male_2-U1,sham,2,tierApm_p95,Biliary/ductular,interferon_response,3899,35.13265199376635,1000,0.002802414432729856,A_sender_for_interferon_response,0.0005773557954393798,0.002610894349742337,-0.0047696456443234135,0.005415356858680783,0.7939791528703437,0.293,5.549010109785685e-05,0.003562006416783876,-0.0077626349557122385,0.006564892249095141,0.9801991809456236,0.438,0.0012159376034363754,0.002745943324310777,-0.004030185767207966,0.0066583717813489315,0.5661107118079177,0.327
7352_liver_sham_Male_2-U1,sham,2,tierApm_p95,Endothelial,interferon_response,15181,6.999999999999999,1000,0.004407776040475261,A_sender_for_interferon_response,0.00026963702573254476,0.001303551843451993,-0.0022866517758950954,0.002837803166118047,0.9388269677822669,0.001,-4.472318864091813e-05,0.0038068329036574406,-0.007326378926497149,0.007412336701108686,1.0101464294533657,0.258,-0.0007085566061731024,0.003032507119601164,-0.006927455051975534,0.005269790946069285,1.1607514990931125,0.157
7352_liver_sham_Male_2-U1,sham,2,tierApm_p95,Hepatocytes,interferon_response,70444,21.2211739115045,1000,0.0030774578835362654,A_sender_for_interferon_response,0.0021426757984936273,0.00047915105966777634,0.0011629418279706103,0.003028998228786232,0.3037513819583106,0.019,4.977899825689997e-05,0.0013441556537468903,-0.002820827850724425,0.0024178067813791335,0.9838246370411089,0.021,-0.0005957674512026201,0.000794856409616301,-0.0019182776504536323,0.0008487418953368556,1.1935907732124775,0.0
7352_liver_sham_Male_2-U1,sham,2,tierApm_p95,Macrophages,interferon_response,8517,49.99999999999999,1000,-0.0011694182680510707,A_sender_for_interferon_response,0.0010376840129571088,0.0025511388398578587,-0.003978328448805378,0.00602667018065035,1.8873506095355361,0.672,-0.00010238850739046035,0.004553912362428855,-0.007381381771820751,0.008400592776446288,0.9124449222423223,0.835,-0.0007667606294295159,0.002103890767185674,-0.005061521878994617,0.003357251963534103,0.3443230276303243,0.574
7352_liver_sham_Male_2-U1,sham,2,tierApm_p95,Mesenchymal,interferon_response,8047,6.999999999999999,1000,0.0032717680796873283,A_sender_for_interferon_response,0.0006586850012371596,0.001704266685468022,-0.002606887469629836,0.004041918793080416,0.7986761331505784,0.078,-0.0003076617250098522,0.005053651546296024,-0.010898637969088236,0.009689589963617691,1.094035309813052,0.499,0.001056939421017478,0.003843767559141804,-0.006191626969951376,0.00864868543817667,0.676951606814843,0.418
7352_liver_sham_Male_2-U1,sham,2,tierApm_p95,T/NK cells,interferon_response,2901,49.99999999999999,1000,0.012073831074777887,A_sender_for_interferon_response,0.008983208618474122,0.005080512391626788,-0.0015590661240635405,0.019108587034008754,0.25597695024572975,0.263,-2.7812829193974985e-06,0.006413993856494833,-0.011622205915503961,0.011747369848449015,1.0002303562889172,0.044,-0.0008826390414506129,0.004375319157490978,-0.008751431418973084,0.007291140981271551,1.0731034777598005,0.003
7352_liver_sham_Male_2-U1,sham,2,tierApm_p95,vSMCs,interferon_response,3909,8.563960425689007,1000,0.006304504656023665,A_sender_for_interferon_response,0.0005478026116600845,0.0027741790969465063,-0.00494028701074544,0.005946904112080228,0.9131093334768681,0.02,0.0002573339324978673,0.007480074886810792,-0.014313252448868325,0.014952320114528298,0.9591825295502008,0.384,0.0009359786105004396,0.006067338007040158,-0.010828266117880294,0.012740809019413121,0.8515381205078253,0.304
7352_liver_sham_Male_2-U1,sham,2,tierApm_p95,Biliary/ductular,oxidative_stress,3906,6.999999999999999,1000,-0.0408250744055191,A_sender_for_oxidative_stress,-0.010722322251081069,0.004881189581472314,-0.020405328646999094,-0.00094961236431208,0.7373593947539375,0.0,-0.0002410021073729625,0.014697322650604932,-0.02868898156682418,0.029842073829508636,0.9940967135790356,0.004,0.0021456424571648885,0.01200747149270202,-0.019775978801914916,0.026345730636533303,1.0525569760351696,0.002
7352_liver_sham_Male_2-U1,sham,2,tierApm_p95,Endothelial,oxidative_stress,15155,49.99999999999999,1000,-0.009637817258389239,A_sender_for_oxidative_stress,0.009067277822637942,0.0028036489563013052,0.0036025792047839973,0.014618387354009634,1.9408020072953065,0.424,-0.0004892038574249741,0.012134997500441887,-0.020581481322795473,0.023028950194207833,0.9492412188040662,0.477,0.0031937015002489436,0.006165082121639043,-0.010564909045293776,0.013427512526829383,1.3313718671589239,0.186
7352_liver_sham_Male_2-U1,sham,2,tierApm_p95,Hepatocytes,oxidative_stress,70354,6.999999999999999,1000,-0.02015372239112794,A_sender_for_oxidative_stress,0.0008031228600214785,0.0008426196704215918,-0.0007630310501062077,0.002408858719382342,1.039849852272205,0.0,-0.0002703242697040196,0.005156361633627216,-0.009015251555600276,0.010881344185427877,0.9865868813483796,0.0,0.0019845338049683165,0.003441459615308356,-0.006771280005985971,0.007155081077316411,1.0984698392909267,0.0
7352_liver_sham_Male_2-U1,sham,2,tierApm_p95,Macrophages,oxidative_stress,8509,6.999999999999999,1000,-0.016157583903820934,A_sender_for_oxidative_stress,-0.0022909301910632677,0.0035134545402076486,-0.008972381555439161,0.004123011484606407,0.85821331922519,0.0,0.00012565358284971325,0.010227166842860833,-0.020810493584262676,0.01999100673259032,1.0077767557078876,0.113,0.004912630679770206,0.007543492869143718,-0.009323051683976137,0.020119930931048798,1.3040448812776069,0.075
7352_liver_sham_Male_2-U1,sham,2,tierApm_p95,Mesenchymal,oxidative_stress,8038,6.999999999999999,1000,-0.008994602977152735,A_sender_for_oxidative_stress,-0.0005042196798339246,0.0030935228457002074,-0.0065040076005767515,0.0058530951005974115,0.9439419748581791,0.003,-8.742035998544713e-05,0.011281136361393917,-0.021051798966412818,0.023668908586565833,0.9902807983623619,0.424,0.004146301873917925,0.008066921552513536,-0.010240015612238279,0.020904651034470183,1.4609766417094763,0.298
7352_liver_sham_Male_2-U1,sham,2,tierApm_p95,T/NK cells,oxidative_stress,2901,49.99999999999999,1000,-0.019688664957353497,A_sender_for_oxidative_stress,0.005440020403183438,0.006648765730917893,-0.007732107121301951,0.018847053642980584,1.276302147198236,0.014,-0.0003684008918356689,0.014282510548795264,-0.02490846916946646,0.026695080508499426,0.9812886809423776,0.211,0.018538873820551867,0.00928547738201027,-0.0012604088967319669,0.03156437338959287,1.9416013661011486,0.55
7352_liver_sham_Male_2-U1,sham,2,tierApm_p95,vSMCs,oxidative_stress,3912,6.999999999999999,1000,-0.01607098856550108,A_sender_for_oxidative_stress,-0.0029499607756019513,0.00452485742606594,-0.011754721918064613,0.00553182021622955,0.8164418595919787,0.002,-0.0004938819711975526,0.014323226877126496,-0.028061313694905138,0.027249517577127447,0.969268724871241,0.27,0.0020971106607415926,0.010704887532026622,-0.017425761564195324,0.023690343228885958,1.1304904581441475,0.127
7352_liver_sham_Male_2-U1,sham,2,tierApm_p95,Biliary/ductular,secondary_senescence,3899,49.99999999999999,1000,0.00429543864762882,A_sender_for_secondary_senescence,0.001891588223593652,0.0023762394652456246,-0.002786153372014103,0.0067188982399473685,0.5596286249745758,0.155,0.0003357601116084509,0.003685453318437448,-0.006512223195561548,0.007926793164832677,0.9218333355095648,0.248,0.0018421173369487214,0.0027602888122880195,-0.0033308100833312993,0.00832050648780408,0.5711456994117208,0.2
7352_liver_sham_Male_2-U1,sham,2,tierApm_p95,Endothelial,secondary_senescence,15174,12.18803582947357,1000,-0.003966560519935456,A_sender_for_secondary_senescence,-0.0008665811868228075,0.0010430603192357684,-0.002922216023700814,0.00113327972365051,0.7815283083498978,0.001,0.00018934498211219082,0.0038833820220756598,-0.006701184358107648,0.0081570852822419,1.0477353064854464,0.32,0.0018500804161002296,0.0020870623149641374,-0.0022098610140248083,0.0056778989876390615,1.466419308819807,0.171
7352_liver_sham_Male_2-U1,sham,2,tierApm_p95,Hepatocytes,secondary_senescence,70448,49.99999999999999,1000,0.002711486713047791,A_sender_for_secondary_senescence,-0.0007964049545208762,0.00041289525027117367,-0.0015852029745555354,1.5775016960086964e-05,1.2937152340406246,0.0,0.0003024521327627239,0.0026855488382304185,-0.0033897736499244467,0.007099909800154004,0.8884552406960686,0.281,0.002230723563831028,0.0012693591686719714,-0.0009690943490913227,0.004358687613177563,0.17730610550415388,0.385
7352_liver_sham_Male_2-U1,sham,2,tierApm_p95,Macrophages,secondary_senescence,8517,49.99999999999999,1000,-0.0014573586156056936,A_sender_for_secondary_senescence,0.0006305368235592781,0.0014928961001481442,-0.0024887415877199877,0.003256697524956566,1.4326572861390197,0.384,0.0002626135886589589,0.0024177235455662247,-0.0032931797298797806,0.005925073505324809,1.1801983299421563,0.5,0.0035241922183659015,0.0015998269921773372,0.00029004385927120646,0.006411894223994187,3.4182052245947787,0.892
7352_liver_sham_Male_2-U1,sham,2,tierApm_p95,Mesenchymal,secondary_senescence,8039,49.99999999999999,1000,0.0011449283083609489,A_sender_for_secondary_senescence,-0.0005791298056292908,0.001600599444004941,-0.0037248465814334894,0.002649443957116509,1.5058218941746306,0.491,0.00039925712285716084,0.0033243627513611547,-0.004856509930421832,0.008151922565245577,0.6512819886262333,0.759,0.0029230068827607687,0.0017788638528606724,-0.000999152349045915,0.005759049747831568,-1.55300428980158,0.83
7352_liver_sham_Male_2-U1,sham,2,tierApm_p95,T/NK cells,secondary_senescence,2900,49.99999999999999,1000,0.001385745869706755,A_sender_for_secondary_senescence,0.0030801257691096032,0.0025574686720794353,-0.0015542058153043964,0.008103838560140436,-1.222720512067198,0.766,0.00026884595841844365,0.002840737069629208,-0.004121023274873892,0.006492165124554087,0.805991874631865,0.641,0.004861692588095557,0.002473871390120529,-0.00028951599297491405,0.008982296642365422,-2.5083579856704645,0.914
7352_liver_sham_Male_2-U1,sham,2,tierApm_p95,vSMCs,secondary_senescence,3904,49.99999999999999,1000,-0.006965649958611336,A_sender_for_secondary_senescence,-0.005351843681241491,0.0030182233258166952,-0.011303853630238992,0.00037028006530620853,0.2316806453035678,0.311,0.00016968945678746478,0.005263383636001623,-0.009861370103815654,0.009322035748857989,1.024360893498199,0.205,0.006057620633511753,0.005089834424072484,-0.004307829550883764,0.015013986124550462,1.8696418380919322,0.456
7352_liver_sham_Male_2-U1,sham,2,tierApm_p95,Biliary/ductular,tnfa_nfkb_proximal,3902,15.682109678112967,1000,0.003515980043143896,A_sender_for_tnfa_nfkb_proximal,0.003359520890068065,0.0017666501426615352,-5.9572995940571934e-05,0.0069291589605740035,0.04449944287395025,0.477,-9.131529561788587e-06,0.002983000696171745,-0.0057541891785986106,0.006053927102506216,1.002597150566766,0.237,0.0008048779310786197,0.0027494629129934402,-0.004301376708608423,0.006141816228771308,0.7710800626846223,0.229
7352_liver_sham_Male_2-U1,sham,2,tierApm_p95,Endothelial,tnfa_nfkb_proximal,15123,49.99999999999999,1000,0.003317252179527068,A_sender_for_tnfa_nfkb_proximal,-0.0016286855637060655,0.0012008387709609388,-0.003915019152529783,0.0006392204163912573,1.4909742990773354,0.082,-0.00015519924376179633,0.0034872014200889043,-0.005444304290015173,0.006177100569368832,1.0467854824904879,0.451,0.00037926144886393255,0.001475191942229509,-0.0022710542239199705,0.00439005048801326,0.8856699978359791,0.047
7352_liver_sham_Male_2-U1,sham,2,tierApm_p95,Hepatocytes,tnfa_nfkb_proximal,70314,13.48099749887925,1000,0.003235453699899226,A_sender_for_tnfa_nfkb_proximal,0.00015020833615723042,0.00027906675470393684,-0.0003749632925681518,0.0007224391933088238,0.9535742587934704,0.0,-4.497995483010126e-05,0.0015615572004126477,-0.002775587165369023,0.003001961531673867,1.0139022093969394,0.019,-0.000687798274383324,0.0008165234372322917,-0.0020837619801495804,0.0009290830324336274,1.2125817082175356,0.0
7352_liver_sham_Male_2-U1,sham,2,tierApm_p95,Macrophages,tnfa_nfkb_proximal,8508,6.999999999999999,1000,0.003642791402196074,A_sender_for_tnfa_nfkb_proximal,0.0011788266358950734,0.0014978581600249927,-0.0017874683790346472,0.004071684743932546,0.6763946913939646,0.044,-4.180918515917398e-06,0.004503353754158588,-0.008490917584854693,0.00927482703027091,1.0011477238343642,0.419,-0.0003105391862651236,0.003698455780400999,-0.007584579420049899,0.006645916800936519,1.0852475895484748,0.342
7352_liver_sham_Male_2-U1,sham,2,tierApm_p95,Mesenchymal,tnfa_nfkb_proximal,8020,49.99999999999999,1000,0.0005863987293802122,A_sender_for_tnfa_nfkb_proximal,0.0001324924682345419,0.0014092827194926748,-0.0025829845749078886,0.0029046470217231634,0.7740573749629738,0.68,-3.2532054865440166e-05,0.0025008439774771153,-0.0037220328104221553,0.00516514791297047,1.055477703541112,0.869,0.0018143870842304347,0.0013768801680916814,-0.001164575157010407,0.004465170969607958,-2.094118375986475,0.879
7352_liver_sham_Male_2-U1,sham,2,tierApm_p95,T/NK cells,tnfa_nfkb_proximal,2899,49.99999999999999,1000,0.007300184003008307,A_sender_for_tnfa_nfkb_proximal,0.005065249593079359,0.003192362618129945,-0.0016045726744983444,0.011004182771944891,0.306147681895136,0.248,-0.00011979837660103682,0.004549833664967647,-0.008341313938230083,0.008995487496666522,1.016410322883871,0.095,-0.0023264577713996777,0.0027300575892819285,-0.0070333362935835805,0.0038161949501214444,1.3186848126623898,0.019
7352_liver_sham_Male_2-U1,sham,2,tierApm_p95,vSMCs,tnfa_nfkb_proximal,3909,6.999999999999999,1000,-0.005683580181606188,A_sender_for_tnfa_nfkb_proximal,-0.000515553547741243,0.0019638337692882146,-0.004427088740490884,0.003321917922099188,0.9092907056348509,0.002,-6.942145294310376e-05,0.005412550498167126,-0.010618003775621321,0.010554905659401457,0.9877856121098153,0.28,0.0012938014811660272,0.004612906282950358,-0.008316306019649538,0.00992019305732519,1.2276384672733511,0.244
7435_liver_sham_Male_10-U1,sham,10,tierApm_p95,Biliary/ductular,downstream_arrest,4203,49.99999999999999,1000,0.0017182393049574984,A_sender_for_downstream_arrest,0.0020950262094847323,0.0017902854106134187,-0.001368485475146321,0.005531670868305614,-0.21928662872518448,0.604,-0.00011159608594545272,0.0023435081254221933,-0.004700481894251619,0.003908598027264477,1.0649479299091071,0.514,-0.0009606296187223709,0.0018018908631771053,-0.0045969716497284135,0.0025101949911781277,1.5590778979102289,0.418
7435_liver_sham_Male_10-U1,sham,10,tierApm_p95,Endothelial,downstream_arrest,24137,19.185852382096297,1000,-0.002479552081204372,A_sender_for_downstream_arrest,0.00011564290040478506,0.0006210352103654005,-0.0010794333698498496,0.0013053870624774278,1.04663862529099,0.0,-1.004380593283321e-05,0.0016983944314546383,-0.0029499230875261705,0.003276961054522858,0.9959493466545963,0.142,-0.0010594656504547741,0.0007513158611747895,-0.0023978222568080323,0.0006068456513188645,0.572718936421707,0.012
7435_liver_sham_Male_10-U1,sham,10,tierApm_p95,Hepatocytes,downstream_arrest,83467,49.99999999999999,1000,-0.00268950036457087,A_sender_for_downstream_arrest,0.00036621006610202436,0.00031593089370125343,-0.00025284068689524527,0.000965592921816424,1.1361628616698314,0.0,-8.541138637400397e-05,0.0019949124627248703,-0.003940824595412117,0.0037086778277118345,0.9682426567034015,0.195,-0.0017293021821948172,0.0005155401391801795,-0.0025815010993983567,-0.0006862295432546723,0.3570173088744904,0.014
7435_liver_sham_Male_10-U1,sham,10,tierApm_p95,Macrophages,downstream_arrest,11994,6.999999999999999,1000,0.004686259320766532,A_sender_for_downstream_arrest,0.00014501209314199742,0.0008876227611033912,-0.0015186407809353695,0.001841898245044686,0.9690558965656476,0.0,9.920420346468104e-05,0.0029781743114241973,-0.0054440465111135995,0.005939496136822855,0.9788308335765648,0.128,-0.0014219429488834512,0.001855367587522328,-0.005329290796076894,0.0022609857010670565,1.3034281399201066,0.052
7435_liver_sham_Male_10-U1,sham,10,tierApm_p95,Mesenchymal,downstream_arrest,10932,6.999999999999999,1000,-0.008041057707535743,A_sender_for_downstream_arrest,-0.000264174548655153,0.0008635760128461768,-0.0018936171318041557,0.0015015235171087853,0.9671467910984421,0.0,4.2710002395553146e-05,0.002929450375812501,-0.0057768505915968375,0.005421576490592232,1.0053114905960105,0.005,-0.0009677102036198031,0.002039631943787849,-0.004676371613624551,0.0033677684244686566,0.8796538665910946,0.0
7435_liver_sham_Male_10-U1,sham,10,tierApm_p95,T/NK cells,downstream_arrest,2550,6.999999999999999,1000,0.01516039569057363,A_sender_for_downstream_arrest,0.0017179406558497363,0.0025439564049834053,-0.0031935122671561027,0.0065862244812493346,0.8866823339632283,0.0,-2.340779322408365e-05,0.006856486497212377,-0.012681099025346518,0.013722805180035241,1.0015440093848367,0.025,0.0006212946798652544,0.005665083585014147,-0.01033034101596445,0.01216007197843129,0.9590185709828432,0.006
7435_liver_sham_Male_10-U1,sham,10,tierApm_p95,vSMCs,downstream_arrest,3350,23.47241150476913,1000,0.0049780618320431945,A_sender_for_downstream_arrest,0.0037917518692723207,0.002408817181155671,-0.0007462686324665319,0.008588539015447833,0.23830759898053838,0.302,-3.892638297777294e-05,0.004386696775230012,-0.00839453150193795,0.00891283566878766,1.0078195860740837,0.263,2.4537759057949615e-05,0.0035550226275666954,-0.006650083639358614,0.006645535681527578,0.9950708207559811,0.166
7435_liver_sham_Male_10-U1,sham,10,tierApm_p95,Biliary/ductular,emt_ecm,4207,11.019082036984365,1000,0.012312066226853031,A_sender_for_emt_ecm,0.006531974090839896,0.0023920341216519506,0.0019045287309893987,0.011362898064080416,0.4694656469120154,0.005,-0.0002197940710155846,0.005501014412745873,-0.010642111683362425,0.010285378596193618,1.0178519240366175,0.019,0.00145615061603353,0.00476198943221128,-0.0074556928729355735,0.009970965183232264,0.8817297934234941,0.014
7435_liver_sham_Male_10-U1,sham,10,tierApm_p95,Endothelial,emt_ecm,24137,6.999999999999999,1000,0.015827720280791525,A_sender_for_emt_ecm,0.0009211989623051411,0.0010206882400285724,-0.0011018559747975642,0.003068198715453792,0.9417983799332678,0.0,-0.00010343545838654411,0.002652281421728445,-0.005569430423259622,0.004824723953953862,1.0065350825356745,0.0,0.0013878857153219837,0.001798977868409182,-0.002130421188660267,0.00480371865719386,0.9123129742818163,0.0
7435_liver_sham_Male_10-U1,sham,10,tierApm_p95,Hepatocytes,emt_ecm,83415,49.99999999999999,1000,0.002955519728811096,A_sender_for_emt_ecm,-0.00020935515830108547,0.0003759423731888638,-0.0009809706369353819,0.0004974910882888052,1.0708353107104116,0.0,8.04930042711285e-05,0.0022043550882939324,-0.004254713877776614,0.004412455121046734,0.9727651947349686,0.188,0.002957278741209513,0.0007804797895848193,0.001447180310365632,0.00420082026145696,-0.000595161785343442,0.582
7435_liver_sham_Male_10-U1,sham,10,tierApm_p95,Macrophages,emt_ecm,12009,6.999999999999999,1000,0.02918308955229538,A_sender_for_emt_ecm,0.0021234713779358515,0.0011576729802092183,0.00012704063245721453,0.0044455872887150345,0.9272362381600946,0.0,-3.108195603736313e-05,0.0035053824223537267,-0.006406534272430264,0.006962246901539895,1.0010650673562738,0.0,0.0009904441994048733,0.0029867642688946993,-0.004353355012786318,0.006920782527541328,0.9660610231952986,0.0
7435_liver_sham_Male_10-U1,sham,10,tierApm_p95,Mesenchymal,emt_ecm,10944,6.999999999999999,1000,0.025852031914365536,A_sender_for_emt_ecm,0.0015015722917680612,0.001954937226832483,-0.002093215075074183,0.005178414373601098,0.9419166626150705,0.0,-0.0003281759938197379,0.007599411637812262,-0.017828370060891253,0.01239123788885695,1.0126943984483239,0.0,0.0031612599255147417,0.004827081383414258,-0.005958001440586511,0.012780485666170079,0.8777171583268052,0.0
7435_liver_sham_Male_10-U1,sham,10,tierApm_p95,T/NK cells,emt_ecm,2555,30.20149733539872,1000,0.026643644015565737,A_sender_for_emt_ecm,0.017013620188373334,0.0035144886926745454,0.010095743636707847,0.023526453341912966,0.36143794075488905,0.003,0.00013557383411105922,0.006161022567517841,-0.012673774985538361,0.011321716079366705,0.9949115881434292,0.0,0.005379113317066508,0.00511127822132481,-0.0047817879859937025,0.014581493299289386,0.7981089480881847,0.0
7435_liver_sham_Male_10-U1,sham,10,tierApm_p95,vSMCs,emt_ecm,3365,49.99999999999999,1000,0.0038530023782535013,A_sender_for_emt_ecm,0.007581661950297957,0.007150705151524127,-0.006977466305387714,0.021577065331109795,-0.9677283339063475,0.754,0.00021763874726495074,0.010147643544335578,-0.020122683750837214,0.01835263234227505,0.9435145048201079,0.722,0.0007847063705643077,0.00707953189128252,-0.015464809432247302,0.013585369735616729,0.7963389861908153,0.568
7435_liver_sham_Male_10-U1,sham,10,tierApm_p95,Biliary/ductular,il6_jak_stat3,4203,47.54182525407475,1000,0.013257556999888167,A_sender_for_il6_jak_stat3,0.005355239461656238,0.0023023993089362296,0.0007285017666274343,0.009860331440217463,0.5960613662304894,0.0,-0.00011114405259275523,0.0022409121934556736,-0.00421202803925722,0.004329107168943554,1.0083834489713068,0.0,-0.0017723490712589975,0.0021840763106126,-0.005721146983828318,0.002615424424571945,1.1336859476654673,0.0
7435_liver_sham_Male_10-U1,sham,10,tierApm_p95,Endothelial,il6_jak_stat3,24102,6.999999999999999,1000,0.016817643867408402,A_sender_for_il6_jak_stat3,0.0023403035793289613,0.0016478942665106994,-0.0009521236044285618,0.005427901455918379,0.8608423630693993,0.0,0.0001238531650606329,0.004317403807104694,-0.008075125665511398,0.009083994443215457,0.9926355221910335,0.0,0.001803838177431993,0.0029070513719269887,-0.003925750170958355,0.007788176682000346,0.8927413262134939,0.0
7435_liver_sham_Male_10-U1,sham,10,tierApm_p95,Hepatocytes,il6_jak_stat3,83340,6.999999999999999,1000,0.007605157416992233,A_sender_for_il6_jak_stat3,0.00028315033392279905,0.000297021918154766,-0.0002898848401668032,0.0008722505550407512,0.9627686425937542,0.0,7.242195916091587e-05,0.0011921230033846014,-0.0019963424453518504,0.0027553340207505787,0.9904772570520233,0.0,-0.00022352420795625571,0.000741791439327606,-0.001630091158099565,0.0012818678808952581,1.029391134949664,0.0
7435_liver_sham_Male_10-U1,sham,10,tierApm_p95,Macrophages,il6_jak_stat3,11995,12.818224546846722,1000,0.007648186740284439,A_sender_for_il6_jak_stat3,0.002435311908001213,0.0019530264988557307,-0.0013414167403714352,0.0061863310282702965,0.68158310058331,0.001,6.117005761129587e-05,0.005102774494978395,-0.010760883402147255,0.00894056144757504,0.9920020182968203,0.138,0.0032412719959490754,0.0034681971281133777,-0.0040770487662245445,0.010030641566275056,0.5762038629526806,0.102
7435_liver_sham_Male_10-U1,sham,10,tierApm_p95,Mesenchymal,il6_jak_stat3,10932,33.40540803599722,1000,-0.0006879095807453236,A_sender_for_il6_jak_stat3,0.0006809623995348324,0.0014800718902561929,-0.0021900219715398146,0.0034735465218478515,1.9899010256508358,0.695,-4.467811573223755e-05,0.00292976322852821,-0.006044981021261012,0.0047836954319351544,0.9350523426584196,0.848,0.0029663762116634894,0.002153196210752787,-0.0009178935599084684,0.006754921066311925,5.312160049362207,0.871
7435_liver_sham_Male_10-U1,sham,10,tierApm_p95,T/NK cells,il6_jak_stat3,2549,6.999999999999999,1000,0.045082780419396826,A_sender_for_il6_jak_stat3,0.00945060962643938,0.004962014910637095,-0.00011724775348579288,0.01969757237188888,0.7903720769100288,0.0,0.0004009071696608604,0.016434143646483573,-0.027203193828355985,0.03594236878429809,0.9911073104646321,0.012,0.001271273035113768,0.012563412612336657,-0.02221289493649767,0.02683561671500814,0.9718013613338097,0.0
7435_liver_sham_Male_10-U1,sham,10,tierApm_p95,vSMCs,il6_jak_stat3,3350,6.999999999999999,1000,0.00956379665629209,A_sender_for_il6_jak_stat3,0.003105778225246948,0.004341733308931508,-0.005394094522772699,0.011561240417161722,0.6752567691614779,0.077,0.0013608218394714823,0.01664463971045729,-0.026694533880401286,0.038465567067722285,0.8577111278734489,0.558,-0.004737866218382561,0.011963447429209727,-0.026603273256435415,0.02019352890137212,1.4953959592256163,0.482
7435_liver_sham_Male_10-U1,sham,10,tierApm_p95,Biliary/ductular,interferon_response,4204,49.99999999999999,1000,0.0013267896827251892,A_sender_for_interferon_response,0.0013109580064966612,0.0022275510753855757,-0.003065605053662782,0.005556954231254451,0.011932317860665162,0.619,-0.00010485047714895238,0.00199116429630241,-0.004139280595928424,0.0034222398529972094,1.0790256952658785,0.504,-0.0022196924013323533,0.00199886993011736,-0.005747890602232309,0.0017558124636096225,2.6729798476976145,0.733
7435_liver_sham_Male_10-U1,sham,10,tierApm_p95,Endothelial,interferon_response,24147,6.999999999999999,1000,0.008193655146427604,A_sender_for_interferon_response,0.001191426150779456,0.0012195125630978896,-0.0012669656428410123,0.0035926853353116573,0.8545916163802779,0.0,-4.424457379055586e-05,0.0026325675884575936,-0.005084230469735921,0.005083592698298986,1.0053998579388401,0.002,8.70462336003796e-05,0.0020966889182698744,-0.004093220788303044,0.0040646953210885075,0.9893763855025884,0.0
7435_liver_sham_Male_10-U1,sham,10,tierApm_p95,Hepatocytes,interferon_response,83451,49.99999999999999,1000,-0.0011494662676641719,A_sender_for_interferon_response,0.000797407144776819,0.00045878233595678965,-5.9667867417626235e-05,0.0016793025053201164,1.6937194828667992,0.224,-4.64752248654066e-05,0.0011662395603884194,-0.001899602195079285,0.002347957797673333,0.959567995883995,0.379,-0.0012794565443511904,0.0006302518317189682,-0.0026289662648497666,-0.00021472192088544504,-0.11308750882370086,0.506
7435_liver_sham_Male_10-U1,sham,10,tierApm_p95,Macrophages,interferon_response,12009,6.999999999999999,1000,0.005960931326569445,A_sender_for_interferon_response,0.0013927579722299703,0.001791447835226547,-0.0021286073329858574,0.004890125983916021,0.766352286928373,0.003,2.9914213091262464e-06,0.00574014901614635,-0.011658932898586835,0.010996536119107204,0.9994981620915858,0.295,0.0014533435029975537,0.00398373189250249,-0.006588452315026415,0.00872770013134492,0.7561885176365616,0.175
7435_liver_sham_Male_10-U1,sham,10,tierApm_p95,Mesenchymal,interferon_response,10950,6.999999999999999,1000,0.009041325581922345,A_sender_for_interferon_response,0.0005288889941734142,0.0011671112655265684,-0.0017557691455359198,0.002856854675455659,0.9415031579848314,0.0,0.0003222192964406356,0.003198982771839701,-0.00587256426651914,0.006760403726318652,0.964361498375316,0.006,-0.0001285332401251345,0.0027105629558253435,-0.005324084854561877,0.005165334643536394,1.0142161941808765,0.001
7435_liver_sham_Male_10-U1,sham,10,tierApm_p95,T/NK cells,interferon_response,2555,6.999999999999999,1000,0.02676593742525625,A_sender_for_interferon_response,0.008786749014422625,0.005356910951892048,-0.0015907051576269276,0.018975557323363527,0.67171898839861,0.0,-0.0006550330540053025,0.016815496743431708,-0.028672478098817008,0.03728247311998156,1.0244726363810153,0.103,-0.002050292991667852,0.012555512295262397,-0.023785300033790972,0.02475089199120542,1.076600828847982,0.027
7435_liver_sham_Male_10-U1,sham,10,tierApm_p95,vSMCs,interferon_response,3364,20.177866835741543,1000,0.02317418685711674,A_sender_for_interferon_response,0.01000012114483103,0.004660933913142403,0.0007179231417689703,0.01917744932672848,0.5684801712142916,0.002,2.1507166193033777e-05,0.0130523342746307,-0.02199293243223419,0.026264589948684393,0.9990719343757068,0.063,-0.0023637923667354102,0.008875666334219642,-0.018723087497118897,0.015285655410608208,1.1020010920473566,0.009
7435_liver_sham_Male_10-U1,sham,10,tierApm_p95,Biliary/ductular,oxidative_stress,4204,9.962242533302096,1000,-0.0505959162073056,A_sender_for_oxidative_stress,-0.01538692939446785,0.004572913044870522,-0.02447484689069586,-0.0069319154502553455,0.6958859420309081,0.0,0.00013075192721204696,0.010643942100835191,-0.020053020509593605,0.021415621091271177,1.0025842387491575,0.0,-0.00577738940192776,0.009641190886758647,-0.02299800839636943,0.013194463061853196,0.8858131281138149,0.0
7435_liver_sham_Male_10-U1,sham,10,tierApm_p95,Endothelial,oxidative_stress,24128,49.99999999999999,1000,-0.02023867269088604,A_sender_for_oxidative_stress,0.0005069779839769278,0.0027256056317630597,-0.004890166854394078,0.005736558664215863,1.0250499621057279,0.0,-0.0003515430523293254,0.0063709017932864825,-0.01249352707047543,0.011927830667408558,0.98263013302806,0.0,-0.009622860987030194,0.0037988038918497728,-0.01606509815996124,-0.0013067196879419623,0.5245310236494115,0.001
7435_liver_sham_Male_10-U1,sham,10,tierApm_p95,Hepatocytes,oxidative_stress,83466,33.40540803599722,1000,-0.010206117172660885,A_sender_for_oxidative_stress,0.002067781088918336,0.000940260581604944,0.00029814347710024577,0.003817720859663895,1.2026021310491417,0.0,-0.00024280709787497204,0.004486635722807189,-0.00853615660732449,0.00795466746834796,0.9762096501767216,0.008,-0.0013514802640045794,0.0016663784382160616,-0.004591445337503744,0.001282546675743247,0.8675813493867396,0.0
7435_liver_sham_Male_10-U1,sham,10,tierApm_p95,Macrophages,oxidative_stress,12021,6.999999999999999,1000,-0.05769187718880184,A_sender_for_oxidative_stress,-0.003437376058141135,0.0030718785861408443,-0.009565078557096379,0.002412659674399191,0.9404183703904795,0.0,0.0005354001235103249,0.009751216119600904,-0.01762938894018594,0.020151655219214387,1.009280338057959,0.0,-0.006086809928813753,0.007720256313209312,-0.02204312336082569,0.008426470299671442,0.8944945072788302,0.0
7435_liver_sham_Male_10-U1,sham,10,tierApm_p95,Mesenchymal,oxidative_stress,10931,6.999999999999999,1000,-0.042328008735445996,A_sender_for_oxidative_stress,-0.0017065390686655496,0.0031797438964797906,-0.008037091494475285,0.0042932177765078764,0.9596829825061798,0.0,0.0004342609711008805,0.010565552635412973,-0.0192856589105726,0.022472519773303178,1.0102594235843942,0.0,-0.005440788849885905,0.007726754390986557,-0.021151889842997148,0.00946658825669625,0.8714612614098777,0.0
7435_liver_sham_Male_10-U1,sham,10,tierApm_p95,T/NK cells,oxidative_stress,2560,11.019082036984365,1000,-0.054486173976909184,A_sender_for_oxidative_stress,-0.00965658270488017,0.0062839275653479385,-0.02172607323115785,0.0020240408987474397,0.822770035037282,0.0,0.00032890281802641316,0.013310689701261248,-0.02448576442939918,0.027701803456125055,1.0060364454690065,0.0,-0.006831692324128331,0.010178188546428827,-0.02734107851763393,0.011903304295001211,0.8746160387950245,0.0
7435_liver_sham_Male_10-U1,sham,10,tierApm_p95,vSMCs,oxidative_stress,3341,6.999999999999999,1000,-0.007587566854076798,A_sender_for_oxidative_stress,-0.0036393021037837733,0.005595760757157624,-0.014809710820468868,0.007360716051006319,0.5203597973138941,0.259,-0.00021788466770770543,0.016653612434365975,-0.03252252203760722,0.03299158869278624,0.9712839870938815,0.645,-0.0037277078648535367,0.01374699675333514,-0.030638355428940608,0.02382469547248931,0.5087083993400809,0.594
7435_liver_sham_Male_10-U1,sham,10,tierApm_p95,Biliary/ductular,secondary_senescence,4203,47.54182525407475,1000,0.007379903788260892,A_sender_for_secondary_senescence,0.005994281201542677,0.002133095601415291,0.0019503468892994524,0.01025289944373354,0.18775618578148737,0.257,0.0001576912897854718,0.0032800212273275684,-0.0069595037147460485,0.006025250452295982,0.9786323379938491,0.018,0.004321504768554701,0.002346212786113447,-0.0009277462211150449,0.008375421385770807,0.41442261409574777,0.072
7435_liver_sham_Male_10-U1,sham,10,tierApm_p95,Endothelial,secondary_senescence,24102,49.99999999999999,1000,0.00074234775320827,A_sender_for_secondary_senescence,0.00033655980976301825,0.0010399463346183854,-0.0016205577031882443,0.002419558275234897,0.5466278326990579,0.499,0.00022665036588131454,0.002466873103023334,-0.003930529562854391,0.0050606753315618055,0.6946843781748115,0.805,0.004863577026996449,0.0017034344544429156,0.0014601473036660153,0.007527474872737933,-5.551615473983854,0.991
7435_liver_sham_Male_10-U1,sham,10,tierApm_p95,Hepatocytes,secondary_senescence,83340,49.99999999999999,1000,0.0019222881153223323,A_sender_for_secondary_senescence,-0.00015755564517671406,0.000403063174204683,-0.0009512803178561289,0.0006042458933777239,1.0819625548953127,0.0,0.00021056664441076257,0.002300992321699765,-0.004476858925484449,0.004815201149294617,0.8904604139554521,0.437,0.0031820229965828003,0.0007245923545439335,0.0019141134346503188,0.004580158932585638,-0.6553309419224255,0.972
7435_liver_sham_Male_10-U1,sham,10,tierApm_p95,Macrophages,secondary_senescence,11995,40.868941774896264,1000,0.003548484296757149,A_sender_for_secondary_senescence,0.0012092515936012141,0.0011178744278694695,-0.0009264931200433202,0.0033710285203177735,0.6592202494156978,0.013,0.00011134441557564446,0.0019139695149675761,-0.003899745214787185,0.0032709198510695353,0.9686219787762909,0.053,0.0014325764631575946,0.0012487754491160715,-0.0013561774699623076,0.003496764095764717,0.596284964691324,0.02
7435_liver_sham_Male_10-U1,sham,10,tierApm_p95,Mesenchymal,secondary_senescence,10932,49.99999999999999,1000,0.004426340299037651,A_sender_for_secondary_senescence,0.00037954410891793874,0.001389685760291308,-0.002311154322544406,0.0031533854508973163,0.9142532920479574,0.004,0.00016808589035131703,0.0033923710432361733,-0.00674600758291639,0.007304788674639951,0.9620259900966355,0.185,0.004717412488164248,0.0016820245377644645,0.0011037597118999875,0.007490810787626467,-0.06575910785482993,0.608
7435_liver_sham_Male_10-U1,sham,10,tierApm_p95,T/NK cells,secondary_senescence,2549,30.20149733539872,1000,0.0040201129394699395,A_sender_for_secondary_senescence,0.005628058845009207,0.002364094276760703,0.0012419941002467234,0.010226681318552023,-0.3999753066020275,0.744,2.686730406056067e-05,0.0031540335326760093,-0.005727059782905966,0.006385920012124773,0.9933167787907713,0.198,0.0012688413305041526,0.002556815181514142,-0.0035051753912345566,0.006374296270102035,0.6843766954787465,0.171
7435_liver_sham_Male_10-U1,sham,10,tierApm_p95,vSMCs,secondary_senescence,3350,49.99999999999999,1000,0.010442729263769074,A_sender_for_secondary_senescence,0.00456355409630085,0.0031038815838980312,-0.0014616684427425383,0.010705242273377246,0.5629922043335887,0.03,-7.458729228426882e-05,0.0030070074799380445,-0.005708435671404452,0.0059832525433797185,1.0071425094341044,0.001,0.000983563022051616,0.002744404070141203,-0.003925197658533564,0.006204815578234261,0.9058136051210218,0.0
7435_liver_sham_Male_10-U1,sham,10,tierApm_p95,Biliary/ductular,tnfa_nfkb_proximal,4188,9.006764443646388,1000,0.010778841788164193,A_sender_for_tnfa_nfkb_proximal,0.003686899389375685,0.001823221952720224,9.573694397906365e-05,0.007195031020586511,0.657950319539515,0.0,-5.526548266698819e-05,0.004219021119326877,-0.008105820487591892,0.008602299029955384,1.005127219023446,0.008,-0.0016712872199037135,0.003793638082684378,-0.009097583032108754,0.005668194189929801,1.1550525791870223,0.013
7435_liver_sham_Male_10-U1,sham,10,tierApm_p95,Endothelial,tnfa_nfkb_proximal,24135,49.99999999999999,1000,0.004240564538225327,A_sender_for_tnfa_nfkb_proximal,0.001047971530610655,0.0009329744206024208,-0.0007885400399783063,0.0028496759930180283,0.7528698075069904,0.0,8.165607580928984e-05,0.002747457240640964,-0.004596548758705596,0.005401513969917176,0.9807440554027124,0.126,0.0016299731048386506,0.00147467834186745,-0.001214650657492824,0.004343082881145112,0.6156235590460337,0.034
7435_liver_sham_Male_10-U1,sham,10,tierApm_p95,Hepatocytes,tnfa_nfkb_proximal,83513,6.999999999999999,1000,0.0033719217076994875,A_sender_for_tnfa_nfkb_proximal,0.0001189058912030932,0.00022915031698937026,-0.00030682028323340837,0.0006065048394103541,0.9647364614274458,0.0,4.055498021970898e-05,0.0010553667542704526,-0.0017566344350425178,0.002078655446034228,0.9879727396614502,0.001,-6.204034515482536e-05,0.000602408625757991,-0.0011877391091919256,0.0011110032630067112,1.0183991060685549,0.0
7435_liver_sham_Male_10-U1,sham,10,tierApm_p95,Macrophages,tnfa_nfkb_proximal,12014,22.318425721029357,1000,0.006838694499133593,A_sender_for_tnfa_nfkb_proximal,0.0025271923158328917,0.0011128374537342234,0.00032657051882810053,0.004686740624217437,0.630456907213348,0.0,6.720904111644693e-05,0.0020912261908840337,-0.003819366914696588,0.004194892164293867,0.990172241043234,0.002,2.841041505713326e-05,0.0014048063617855338,-0.002708719258253234,0.002761363450517915,0.9958456376343858,0.0
7435_liver_sham_Male_10-U1,sham,10,tierApm_p95,Mesenchymal,tnfa_nfkb_proximal,10951,49.99999999999999,1000,0.003224252288732764,A_sender_for_tnfa_nfkb_proximal,0.0002044637590027354,0.0011403159184929191,-0.001946791513305311,0.002460030973336349,0.936585682293771,0.004,9.104721855135861e-06,0.0018947276734808166,-0.003531859770858912,0.0035630930367515604,0.9971761757332227,0.094,0.0015623955953981267,0.0013779041033431252,-0.00121646796908478,0.003939308906281803,0.5154239012691532,0.109
7435_liver_sham_Male_10-U1,sham,10,tierApm_p95,T/NK cells,tnfa_nfkb_proximal,2556,49.99999999999999,1000,0.011101025555424597,A_sender_for_tnfa_nfkb_proximal,0.011448500450586548,0.0035082334126068687,0.00410222841388654,0.01797599797034127,-0.031301152621178684,0.545,2.2813679300874218e-05,0.005769767729821969,-0.010683863953055426,0.009880510039915111,0.9979449034517602,0.03,-0.0008568902424731312,0.003816098894677822,-0.008302308499947174,0.006428616117961818,1.077190187356555,0.0
7435_liver_sham_Male_10-U1,sham,10,tierApm_p95,vSMCs,tnfa_nfkb_proximal,3354,49.99999999999999,1000,0.014317318738329388,A_sender_for_tnfa_nfkb_proximal,0.007053015171537917,0.00411907831584646,-0.0011488128429449126,0.015006597950921144,0.5073787696954706,0.036,-0.0001739901245736818,0.006619851031847351,-0.013582101101842128,0.011829350400331907,1.0121524237710715,0.024,-0.006597572797752146,0.005059339925690572,-0.015792348181645023,0.0032546434652566047,1.4608106390821318,0.055
